time, mass::absTolerance[REAL], mass::diameter[REAL], mass::dragCoefficient[REAL], mass::gravity[REAL], mass::initialPositionX[REAL], mass::initialPositionY[REAL], mass::initialVelocityX[REAL], mass::initialVelocityY[REAL], mass::mass[REAL], mass::maxVarTimeStep[REAL], mass::mediumDensity[REAL], mass::minVarTimeStep[REAL], mass::plotDt[REAL], mass::relTolerance[REAL], mass::timeSlowStart[REAL], mass::timeStep[REAL], mass::timeStepSlowStart[REAL], mass::varTimeStepMaxGain[REAL], mass::varTimeStepMinGain[REAL], mass::varTimeStepSafetyFactor[REAL], mass::in_f_u[REAL], mass::in_f_w[REAL], mass::in_l_u[REAL], mass::in_l_w[REAL], mass::out_f_u[REAL], mass::out_f_w[REAL], mass::out_l_u[REAL], mass::out_l_w[REAL], mass::plotLength[INT], spring::absTolerance[REAL], spring::maxVarTimeStep[REAL], spring::minVarTimeStep[REAL], spring::plotDt[REAL], spring::relTolerance[REAL], spring::springStiffness[REAL], spring::timeSlowStart[REAL], spring::timeStep[REAL], spring::timeStepSlowStart[REAL], spring::varTimeStepMaxGain[REAL], spring::varTimeStepMinGain[REAL], spring::varTimeStepSafetyFactor[REAL], spring::zeroForceLength[REAL], spring::dis_xx[REAL], spring::dis_yx[REAL], spring::for_xx[REAL], spring::for_yx[REAL], spring::plotLength[INT], damper::absTolerance[REAL], damper::dampingCoefficient[REAL], damper::maxVarTimeStep[REAL], damper::minVarTimeStep[REAL], damper::plotDt[REAL], damper::relTolerance[REAL], damper::timeSlowStart[REAL], damper::timeStep[REAL], damper::timeStepSlowStart[REAL], damper::varTimeStepMaxGain[REAL], damper::varTimeStepMinGain[REAL], damper::varTimeStepSafetyFactor[REAL], damper::lv_0[REAL], damper::lv_1[REAL], damper::df_0[REAL], damper::df_1[REAL], damper::plotLength[INT]
0, 0.000100, 0.200000, 0.470000, -9.810000, 6.000000, 0.000000, 0.000000, 0.000000, 10.000000, -1.000000, 1.000000, -1.000000, 0.100000, 0.000100, 1.000000, 0.001000, 0.000010, 0.000000, 0.000000, 0.950000, 0.000000, 0.000000, 0.000000, 0.000000, 0.000000, 0.000000, 0.000000, 0.000000, 1000, 0.000100, -1.000000, -1.000000, 0.100000, 0.000100, 5.000000, 1.000000, 0.001000, 0.000010, 0.000000, 0.000000, 0.950000, 5.000000, 0.000000, 0.000000, 0.000000, 0.000000, 1000, 0.000100, 2.000000, -1.000000, -1.000000, 0.100000, 0.000100, 1.000000, 0.001000, 0.000010, 0.000000, 0.000000, 0.950000, 0.000000, 0.000000, 0.000000, 0.000000, 1000
0.01, 0.000100, 0.200000, 0.470000, -9.810000, 6.000000, 0.000000, 0.000000, 0.000000, 10.000000, -1.000000, 1.000000, -1.000000, 0.100000, 0.000100, 1.000000, 0.001000, 0.000010, 0.000000, 0.000000, 0.950000, 0.000000, 0.000000, 0.000000, 0.000000, 0.000000, -0.098100, 0.000000, -0.000441, 1000, 0.000100, -1.000000, -1.000000, 0.100000, 0.000100, 5.000000, 1.000000, 0.001000, 0.000010, 0.000000, 0.000000, 0.950000, 5.000000, 0.000000, 0.000000, 0.000000, 0.000000, 1000, 0.000100, 2.000000, -1.000000, -1.000000, 0.100000, 0.000100, 1.000000, 0.001000, 0.000010, 0.000000, 0.000000, 0.950000, 0.000000, 0.000000, 0.000000, 0.000000, 1000
0.02, 0.000100, 0.200000, 0.470000, -9.810000, 6.000000, 0.000000, 0.000000, 0.000000, 10.000000, -1.000000, 1.000000, -1.000000, 0.100000, 0.000100, 1.000000, 0.001000, 0.000010, 0.000000, 0.000000, 0.950000, 0.000000, 0.000000, 0.000000, 0.000000, 0.000000, -0.196200, 0.000000, -0.001864, 1000, 0.000100, -1.000000, -1.000000, 0.100000, 0.000100, 5.000000, 1.000000, 0.001000, 0.000010, 0.000000, 0.000000, 0.950000, 5.000000, 0.000000, -0.000441, 0.000000, -24.997793, 1000, 0.000100, 2.000000, -1.000000, -1.000000, 0.100000, 0.000100, 1.000000, 0.001000, 0.000010, 0.000000, 0.000000, 0.950000, 0.000000, -0.098100, 0.000000, 0.196200, 1000
0.03, 0.000100, 0.200000, 0.470000, -9.810000, 6.000000, 0.000000, 0.000000, 0.000000, 10.000000, -1.000000, 1.000000, -1.000000, 0.100000, 0.000100, 1.000000, 0.001000, 0.000010, 0.000000, 0.000000, 0.950000, 0.000000, 0.196200, 0.000000, -24.997793, 0.000000, -0.319101, 0.000000, -0.004379, 1000, 0.000100, -1.000000, -1.000000, 0.100000, 0.000100, 5.000000, 1.000000, 0.001000, 0.000010, 0.000000, 0.000000, 0.950000, 5.000000, 0.000000, -0.001864, 0.000000, -24.990681, 1000, 0.000100, 2.000000, -1.000000, -1.000000, 0.100000, 0.000100, 1.000000, 0.001000, 0.000010, 0.000000, 0.000000, 0.950000, 0.000000, -0.196200, 0.000000, 0.392400, 1000
0.04, 0.000100, 0.200000, 0.470000, -9.810000, 6.000000, 0.000000, 0.000000, 0.000000, 10.000000, -1.000000, 1.000000, -1.000000, 0.100000, 0.000100, 1.000000, 0.001000, 0.000010, 0.000000, 0.000000, 0.950000, 0.000000, 0.392400, 0.000000, -24.990681, 0.000000, -0.441798, 0.000000, -0.008122, 1000, 0.000100, -1.000000, -1.000000, 0.100000, 0.000100, 5.000000, 1.000000, 0.001000, 0.000010, 0.000000, 0.000000, 0.950000, 5.000000, 0.000000, -0.004379, 0.000000, -24.978105, 1000, 0.000100, 2.000000, -1.000000, -1.000000, 0.100000, 0.000100, 1.000000, 0.001000, 0.000010, 0.000000, 0.000000, 0.950000, 0.000000, -0.319101, 0.000000, 0.638202, 1000
0.05, 0.000100, 0.200000, 0.470000, -9.810000, 6.000000, 0.000000, 0.000000, 0.000000, 10.000000, -1.000000, 1.000000, -1.000000, 0.100000, 0.000100, 1.000000, 0.001000, 0.000010, 0.000000, 0.000000, 0.950000, 0.000000, 0.638202, 0.000000, -24.978105, 0.000000, -0.564236, 0.000000, -0.013091, 1000, 0.000100, -1.000000, -1.000000, 0.100000, 0.000100, 5.000000, 1.000000, 0.001000, 0.000010, 0.000000, 0.000000, 0.950000, 5.000000, 0.000000, -0.008122, 0.000000, -24.959389, 1000, 0.000100, 2.000000, -1.000000, -1.000000, 0.100000, 0.000100, 1.000000, 0.001000, 0.000010, 0.000000, 0.000000, 0.950000, 0.000000, -0.441798, 0.000000, 0.883596, 1000
0.06, 0.000100, 0.200000, 0.470000, -9.810000, 6.000000, 0.000000, 0.000000, 0.000000, 10.000000, -1.000000, 1.000000, -1.000000, 0.100000, 0.000100, 1.000000, 0.001000, 0.000010, 0.000000, 0.000000, 0.950000, 0.000000, 0.883596, 0.000000, -24.959389, 0.000000, -0.686409, 0.000000, -0.019283, 1000, 0.000100, -1.000000, -1.000000, 0.100000, 0.000100, 5.000000, 1.000000, 0.001000, 0.000010, 0.000000, 0.000000, 0.950000, 5.000000, 0.000000, -0.013091, 0.000000, -24.934545, 1000, 0.000100, 2.000000, -1.000000, -1.000000, 0.100000, 0.000100, 1.000000, 0.001000, 0.000010, 0.000000, 0.000000, 0.950000, 0.000000, -0.564236, 0.000000, 1.128472, 1000
0.07, 0.000100, 0.200000, 0.470000, -9.810000, 6.000000, 0.000000, 0.000000, 0.000000, 10.000000, -1.000000, 1.000000, -1.000000, 0.100000, 0.000100, 1.000000, 0.001000, 0.000010, 0.000000, 0.000000, 0.950000, 0.000000, 1.128472, 0.000000, -24.934545, 0.000000, -0.808311, 0.000000, -0.026696, 1000, 0.000100, -1.000000, -1.000000, 0.100000, 0.000100, 5.000000, 1.000000, 0.001000, 0.000010, 0.000000, 0.000000, 0.950000, 5.000000, 0.000000, -0.019283, 0.000000, -24.903584, 1000, 0.000100, 2.000000, -1.000000, -1.000000, 0.100000, 0.000100, 1.000000, 0.001000, 0.000010, 0.000000, 0.000000, 0.950000, 0.000000, -0.686409, 0.000000, 1.372818, 1000
0.08, 0.000100, 0.200000, 0.470000, -9.810000, 6.000000, 0.000000, 0.000000, 0.000000, 10.000000, -1.000000, 1.000000, -1.000000, 0.100000, 0.000100, 1.000000, 0.001000, 0.000010, 0.000000, 0.000000, 0.950000, 0.000000, 1.372818, 0.000000, -24.903584, 0.000000, -0.929936, 0.000000, -0.035326, 1000, 0.000100, -1.000000, -1.000000, 0.100000, 0.000100, 5.000000, 1.000000, 0.001000, 0.000010, 0.000000, 0.000000, 0.950000, 5.000000, 0.000000, -0.026696, 0.000000, -24.866521, 1000, 0.000100, 2.000000, -1.000000, -1.000000, 0.100000, 0.000100, 1.000000, 0.001000, 0.000010, 0.000000, 0.000000, 0.950000, 0.000000, -0.808311, 0.000000, 1.616622, 1000
0.09, 0.000100, 0.200000, 0.470000, -9.810000, 6.000000, 0.000000, 0.000000, 0.000000, 10.000000, -1.000000, 1.000000, -1.000000, 0.100000, 0.000100, 1.000000, 0.001000, 0.000010, 0.000000, 0.000000, 0.950000, 0.000000, 1.616622, 0.000000, -24.866521, 0.000000, -1.051279, 0.000000, -0.045172, 1000, 0.000100, -1.000000, -1.000000, 0.100000, 0.000100, 5.000000, 1.000000, 0.001000, 0.000010, 0.000000, 0.000000, 0.950000, 5.000000, 0.000000, -0.035326, 0.000000, -24.823369, 1000, 0.000100, 2.000000, -1.000000, -1.000000, 0.100000, 0.000100, 1.000000, 0.001000, 0.000010, 0.000000, 0.000000, 0.950000, 0.000000, -0.929936, 0.000000, 1.859873, 1000
0.1, 0.000100, 0.200000, 0.470000, -9.810000, 6.000000, 0.000000, 0.000000, 0.000000, 10.000000, -1.000000, 1.000000, -1.000000, 0.100000, 0.000100, 1.000000, 0.001000, 0.000010, 0.000000, 0.000000, 0.950000, 0.000000, 1.859873, 0.000000, -24.823369, 0.000000, -1.172334, 0.000000, -0.056229, 1000, 0.000100, -1.000000, -1.000000, 0.100000, 0.000100, 5.000000, 1.000000, 0.001000, 0.000010, 0.000000, 0.000000, 0.950000, 5.000000, 0.000000, -0.045172, 0.000000, -24.774142, 1000, 0.000100, 2.000000, -1.000000, -1.000000, 0.100000, 0.000100, 1.000000, 0.001000, 0.000010, 0.000000, 0.000000, 0.950000, 0.000000, -1.051279, 0.000000, 2.102558, 1000
0.11, 0.000100, 0.200000, 0.470000, -9.810000, 6.000000, 0.000000, 0.000000, 0.000000, 10.000000, -1.000000, 1.000000, -1.000000, 0.100000, 0.000100, 1.000000, 0.001000, 0.000010, 0.000000, 0.000000, 0.950000, 0.000000, 2.102558, 0.000000, -24.774142, 0.000000, -1.293094, 0.000000, -0.068496, 1000, 0.000100, -1.000000, -1.000000, 0.100000, 0.000100, 5.000000, 1.000000, 0.001000, 0.000010, 0.000000, 0.000000, 0.950000, 5.000000, 0.000000, -0.056229, 0.000000, -24.718854, 1000, 0.000100, 2.000000, -1.000000, -1.000000, 0.100000, 0.000100, 1.000000, 0.001000, 0.000010, 0.000000, 0.000000, 0.950000, 0.000000, -1.172334, 0.000000, 2.344667, 1000
0.12, 0.000100, 0.200000, 0.470000, -9.810000, 6.000000, 0.000000, 0.000000, 0.000000, 10.000000, -1.000000, 1.000000, -1.000000, 0.100000, 0.000100, 1.000000, 0.001000, 0.000010, 0.000000, 0.000000, 0.950000, 0.000000, 2.344667, 0.000000, -24.718854, 0.000000, -1.413555, 0.000000, -0.081969, 1000, 0.000100, -1.000000, -1.000000, 0.100000, 0.000100, 5.000000, 1.000000, 0.001000, 0.000010, 0.000000, 0.000000, 0.950000, 5.000000, 0.000000, -0.068496, 0.000000, -24.657520, 1000, 0.000100, 2.000000, -1.000000, -1.000000, 0.100000, 0.000100, 1.000000, 0.001000, 0.000010, 0.000000, 0.000000, 0.950000, 0.000000, -1.293094, 0.000000, 2.586188, 1000
0.13, 0.000100, 0.200000, 0.470000, -9.810000, 6.000000, 0.000000, 0.000000, 0.000000, 10.000000, -1.000000, 1.000000, -1.000000, 0.100000, 0.000100, 1.000000, 0.001000, 0.000010, 0.000000, 0.000000, 0.950000, 0.000000, 2.586188, 0.000000, -24.657520, 0.000000, -1.533710, 0.000000, -0.096645, 1000, 0.000100, -1.000000, -1.000000, 0.100000, 0.000100, 5.000000, 1.000000, 0.001000, 0.000010, 0.000000, 0.000000, 0.950000, 5.000000, 0.000000, -0.081969, 0.000000, -24.590155, 1000, 0.000100, 2.000000, -1.000000, -1.000000, 0.100000, 0.000100, 1.000000, 0.001000, 0.000010, 0.000000, 0.000000, 0.950000, 0.000000, -1.413555, 0.000000, 2.827110, 1000
0.14, 0.000100, 0.200000, 0.470000, -9.810000, 6.000000, 0.000000, 0.000000, 0.000000, 10.000000, -1.000000, 1.000000, -1.000000, 0.100000, 0.000100, 1.000000, 0.001000, 0.000010, 0.000000, 0.000000, 0.950000, 0.000000, 2.827110, 0.000000, -24.590155, 0.000000, -1.653555, 0.000000, -0.112522, 1000, 0.000100, -1.000000, -1.000000, 0.100000, 0.000100, 5.000000, 1.000000, 0.001000, 0.000010, 0.000000, 0.000000, 0.950000, 5.000000, 0.000000, -0.096645, 0.000000, -24.516774, 1000, 0.000100, 2.000000, -1.000000, -1.000000, 0.100000, 0.000100, 1.000000, 0.001000, 0.000010, 0.000000, 0.000000, 0.950000, 0.000000, -1.533710, 0.000000, 3.067421, 1000
0.15, 0.000100, 0.200000, 0.470000, -9.810000, 6.000000, 0.000000, 0.000000, 0.000000, 10.000000, -1.000000, 1.000000, -1.000000, 0.100000, 0.000100, 1.000000, 0.001000, 0.000010, 0.000000, 0.000000, 0.950000, 0.000000, 3.067421, 0.000000, -24.516774, 0.000000, -1.773083, 0.000000, -0.129595, 1000, 0.000100, -1.000000, -1.000000, 0.100000, 0.000100, 5.000000, 1.000000, 0.001000, 0.000010, 0.000000, 0.000000, 0.950000, 5.000000, 0.000000, -0.112522, 0.000000, -24.437392, 1000, 0.000100, 2.000000, -1.000000, -1.000000, 0.100000, 0.000100, 1.000000, 0.001000, 0.000010, 0.000000, 0.000000, 0.950000, 0.000000, -1.653555, 0.000000, 3.307110, 1000
0.16, 0.000100, 0.200000, 0.470000, -9.810000, 6.000000, 0.000000, 0.000000, 0.000000, 10.000000, -1.000000, 1.000000, -1.000000, 0.100000, 0.000100, 1.000000, 0.001000, 0.000010, 0.000000, 0.000000, 0.950000, 0.000000, 3.307110, 0.000000, -24.437392, 0.000000, -1.892288, 0.000000, -0.147862, 1000, 0.000100, -1.000000, -1.000000, 0.100000, 0.000100, 5.000000, 1.000000, 0.001000, 0.000010, 0.000000, 0.000000, 0.950000, 5.000000, 0.000000, -0.129595, 0.000000, -24.352025, 1000, 0.000100, 2.000000, -1.000000, -1.000000, 0.100000, 0.000100, 1.000000, 0.001000, 0.000010, 0.000000, 0.000000, 0.950000, 0.000000, -1.773083, 0.000000, 3.546165, 1000
0.17, 0.000100, 0.200000, 0.470000, -9.810000, 6.000000, 0.000000, 0.000000, 0.000000, 10.000000, -1.000000, 1.000000, -1.000000, 0.100000, 0.000100, 1.000000, 0.001000, 0.000010, 0.000000, 0.000000, 0.950000, 0.000000, 3.546165, 0.000000, -24.352025, 0.000000, -2.011166, 0.000000, -0.167320, 1000, 0.000100, -1.000000, -1.000000, 0.100000, 0.000100, 5.000000, 1.000000, 0.001000, 0.000010, 0.000000, 0.000000, 0.950000, 5.000000, 0.000000, -0.147862, 0.000000, -24.260688, 1000, 0.000100, 2.000000, -1.000000, -1.000000, 0.100000, 0.000100, 1.000000, 0.001000, 0.000010, 0.000000, 0.000000, 0.950000, 0.000000, -1.892288, 0.000000, 3.784576, 1000
0.18, 0.000100, 0.200000, 0.470000, -9.810000, 6.000000, 0.000000, 0.000000, 0.000000, 10.000000, -1.000000, 1.000000, -1.000000, 0.100000, 0.000100, 1.000000, 0.001000, 0.000010, 0.000000, 0.000000, 0.950000, 0.000000, 3.784576, 0.000000, -24.260688, 0.000000, -2.129711, 0.000000, -0.187965, 1000, 0.000100, -1.000000, -1.000000, 0.100000, 0.000100, 5.000000, 1.000000, 0.001000, 0.000010, 0.000000, 0.000000, 0.950000, 5.000000, 0.000000, -0.167320, 0.000000, -24.163399, 1000, 0.000100, 2.000000, -1.000000, -1.000000, 0.100000, 0.000100, 1.000000, 0.001000, 0.000010, 0.000000, 0.000000, 0.950000, 0.000000, -2.011166, 0.000000, 4.022332, 1000
0.19, 0.000100, 0.200000, 0.470000, -9.810000, 6.000000, 0.000000, 0.000000, 0.000000, 10.000000, -1.000000, 1.000000, -1.000000, 0.100000, 0.000100, 1.000000, 0.001000, 0.000010, 0.000000, 0.000000, 0.950000, 0.000000, 4.022332, 0.000000, -24.163399, 0.000000, -2.247917, 0.000000, -0.209794, 1000, 0.000100, -1.000000, -1.000000, 0.100000, 0.000100, 5.000000, 1.000000, 0.001000, 0.000010, 0.000000, 0.000000, 0.950000, 5.000000, 0.000000, -0.187965, 0.000000, -24.060174, 1000, 0.000100, 2.000000, -1.000000, -1.000000, 0.100000, 0.000100, 1.000000, 0.001000, 0.000010, 0.000000, 0.000000, 0.950000, 0.000000, -2.129711, 0.000000, 4.259421, 1000
0.2, 0.000100, 0.200000, 0.470000, -9.810000, 6.000000, 0.000000, 0.000000, 0.000000, 10.000000, -1.000000, 1.000000, -1.000000, 0.100000, 0.000100, 1.000000, 0.001000, 0.000010, 0.000000, 0.000000, 0.950000, 0.000000, 4.259421, 0.000000, -24.060174, 0.000000, -2.365778, 0.000000, -0.232804, 1000, 0.000100, -1.000000, -1.000000, 0.100000, 0.000100, 5.000000, 1.000000, 0.001000, 0.000010, 0.000000, 0.000000, 0.950000, 5.000000, 0.000000, -0.209794, 0.000000, -23.951028, 1000, 0.000100, 2.000000, -1.000000, -1.000000, 0.100000, 0.000100, 1.000000, 0.001000, 0.000010, 0.000000, 0.000000, 0.950000, 0.000000, -2.247917, 0.000000, 4.495833, 1000
0.21, 0.000100, 0.200000, 0.470000, -9.810000, 6.000000, 0.000000, 0.000000, 0.000000, 10.000000, -1.000000, 1.000000, -1.000000, 0.100000, 0.000100, 1.000000, 0.001000, 0.000010, 0.000000, 0.000000, 0.950000, 0.000000, 4.495833, 0.000000, -23.951028, 0.000000, -2.483290, 0.000000, -0.256990, 1000, 0.000100, -1.000000, -1.000000, 0.100000, 0.000100, 5.000000, 1.000000, 0.001000, 0.000010, 0.000000, 0.000000, 0.950000, 5.000000, 0.000000, -0.232804, 0.000000, -23.835981, 1000, 0.000100, 2.000000, -1.000000, -1.000000, 0.100000, 0.000100, 1.000000, 0.001000, 0.000010, 0.000000, 0.000000, 0.950000, 0.000000, -2.365778, 0.000000, 4.731557, 1000
0.22, 0.000100, 0.200000, 0.470000, -9.810000, 6.000000, 0.000000, 0.000000, 0.000000, 10.000000, -1.000000, 1.000000, -1.000000, 0.100000, 0.000100, 1.000000, 0.001000, 0.000010, 0.000000, 0.000000, 0.950000, 0.000000, 4.731557, 0.000000, -23.835981, 0.000000, -2.600447, 0.000000, -0.282351, 1000, 0.000100, -1.000000, -1.000000, 0.100000, 0.000100, 5.000000, 1.000000, 0.001000, 0.000010, 0.000000, 0.000000, 0.950000, 5.000000, 0.000000, -0.256990, 0.000000, -23.715048, 1000, 0.000100, 2.000000, -1.000000, -1.000000, 0.100000, 0.000100, 1.000000, 0.001000, 0.000010, 0.000000, 0.000000, 0.950000, 0.000000, -2.483290, 0.000000, 4.966581, 1000
0.23, 0.000100, 0.200000, 0.470000, -9.810000, 6.000000, 0.000000, 0.000000, 0.000000, 10.000000, -1.000000, 1.000000, -1.000000, 0.100000, 0.000100, 1.000000, 0.001000, 0.000010, 0.000000, 0.000000, 0.950000, 0.000000, 4.966581, 0.000000, -23.715048, 0.000000, -2.717244, 0.000000, -0.308881, 1000, 0.000100, -1.000000, -1.000000, 0.100000, 0.000100, 5.000000, 1.000000, 0.001000, 0.000010, 0.000000, 0.000000, 0.950000, 5.000000, 0.000000, -0.282351, 0.000000, -23.588247, 1000, 0.000100, 2.000000, -1.000000, -1.000000, 0.100000, 0.000100, 1.000000, 0.001000, 0.000010, 0.000000, 0.000000, 0.950000, 0.000000, -2.600447, 0.000000, 5.200894, 1000
0.24, 0.000100, 0.200000, 0.470000, -9.810000, 6.000000, 0.000000, 0.000000, 0.000000, 10.000000, -1.000000, 1.000000, -1.000000, 0.100000, 0.000100, 1.000000, 0.001000, 0.000010, 0.000000, 0.000000, 0.950000, 0.000000, 5.200894, 0.000000, -23.588247, 0.000000, -2.833674, 0.000000, -0.336577, 1000, 0.000100, -1.000000, -1.000000, 0.100000, 0.000100, 5.000000, 1.000000, 0.001000, 0.000010, 0.000000, 0.000000, 0.950000, 5.000000, 0.000000, -0.308881, 0.000000, -23.455597, 1000, 0.000100, 2.000000, -1.000000, -1.000000, 0.100000, 0.000100, 1.000000, 0.001000, 0.000010, 0.000000, 0.000000, 0.950000, 0.000000, -2.717244, 0.000000, 5.434487, 1000
0.25, 0.000100, 0.200000, 0.470000, -9.810000, 6.000000, 0.000000, 0.000000, 0.000000, 10.000000, -1.000000, 1.000000, -1.000000, 0.100000, 0.000100, 1.000000, 0.001000, 0.000010, 0.000000, 0.000000, 0.950000, 0.000000, 5.434487, 0.000000, -23.455597, 0.000000, -2.949734, 0.000000, -0.365436, 1000, 0.000100, -1.000000, -1.000000, 0.100000, 0.000100, 5.000000, 1.000000, 0.001000, 0.000010, 0.000000, 0.000000, 0.950000, 5.000000, 0.000000, -0.336577, 0.000000, -23.317115, 1000, 0.000100, 2.000000, -1.000000, -1.000000, 0.100000, 0.000100, 1.000000, 0.001000, 0.000010, 0.000000, 0.000000, 0.950000, 0.000000, -2.833674, 0.000000, 5.667349, 1000
0.26, 0.000100, 0.200000, 0.470000, -9.810000, 6.000000, 0.000000, 0.000000, 0.000000, 10.000000, -1.000000, 1.000000, -1.000000, 0.100000, 0.000100, 1.000000, 0.001000, 0.000010, 0.000000, 0.000000, 0.950000, 0.000000, 5.667349, 0.000000, -23.317115, 0.000000, -3.065417, 0.000000, -0.395454, 1000, 0.000100, -1.000000, -1.000000, 0.100000, 0.000100, 5.000000, 1.000000, 0.001000, 0.000010, 0.000000, 0.000000, 0.950000, 5.000000, 0.000000, -0.365436, 0.000000, -23.172820, 1000, 0.000100, 2.000000, -1.000000, -1.000000, 0.100000, 0.000100, 1.000000, 0.001000, 0.000010, 0.000000, 0.000000, 0.950000, 0.000000, -2.949734, 0.000000, 5.899468, 1000
0.27, 0.000100, 0.200000, 0.470000, -9.810000, 6.000000, 0.000000, 0.000000, 0.000000, 10.000000, -1.000000, 1.000000, -1.000000, 0.100000, 0.000100, 1.000000, 0.001000, 0.000010, 0.000000, 0.000000, 0.950000, 0.000000, 5.899468, 0.000000, -23.172820, 0.000000, -3.180719, 0.000000, -0.426627, 1000, 0.000100, -1.000000, -1.000000, 0.100000, 0.000100, 5.000000, 1.000000, 0.001000, 0.000010, 0.000000, 0.000000, 0.950000, 5.000000, 0.000000, -0.395454, 0.000000, -23.022730, 1000, 0.000100, 2.000000, -1.000000, -1.000000, 0.100000, 0.000100, 1.000000, 0.001000, 0.000010, 0.000000, 0.000000, 0.950000, 0.000000, -3.065417, 0.000000, 6.130835, 1000
0.28, 0.000100, 0.200000, 0.470000, -9.810000, 6.000000, 0.000000, 0.000000, 0.000000, 10.000000, -1.000000, 1.000000, -1.000000, 0.100000, 0.000100, 1.000000, 0.001000, 0.000010, 0.000000, 0.000000, 0.950000, 0.000000, 6.130835, 0.000000, -23.022730, 0.000000, -3.295634, 0.000000, -0.458951, 1000, 0.000100, -1.000000, -1.000000, 0.100000, 0.000100, 5.000000, 1.000000, 0.001000, 0.000010, 0.000000, 0.000000, 0.950000, 5.000000, 0.000000, -0.426627, 0.000000, -22.866865, 1000, 0.000100, 2.000000, -1.000000, -1.000000, 0.100000, 0.000100, 1.000000, 0.001000, 0.000010, 0.000000, 0.000000, 0.950000, 0.000000, -3.180719, 0.000000, 6.361438, 1000
0.29, 0.000100, 0.200000, 0.470000, -9.810000, 6.000000, 0.000000, 0.000000, 0.000000, 10.000000, -1.000000, 1.000000, -1.000000, 0.100000, 0.000100, 1.000000, 0.001000, 0.000010, 0.000000, 0.000000, 0.950000, 0.000000, 6.361438, 0.000000, -22.866865, 0.000000, -3.410156, 0.000000, -0.492423, 1000, 0.000100, -1.000000, -1.000000, 0.100000, 0.000100, 5.000000, 1.000000, 0.001000, 0.000010, 0.000000, 0.000000, 0.950000, 5.000000, 0.000000, -0.458951, 0.000000, -22.705244, 1000, 0.000100, 2.000000, -1.000000, -1.000000, 0.100000, 0.000100, 1.000000, 0.001000, 0.000010, 0.000000, 0.000000, 0.950000, 0.000000, -3.295634, 0.000000, 6.591267, 1000
0.3, 0.000100, 0.200000, 0.470000, -9.810000, 6.000000, 0.000000, 0.000000, 0.000000, 10.000000, -1.000000, 1.000000, -1.000000, 0.100000, 0.000100, 1.000000, 0.001000, 0.000010, 0.000000, 0.000000, 0.950000, 0.000000, 6.591267, 0.000000, -22.705244, 0.000000, -3.524282, 0.000000, -0.527038, 1000, 0.000100, -1.000000, -1.000000, 0.100000, 0.000100, 5.000000, 1.000000, 0.001000, 0.000010, 0.000000, 0.000000, 0.950000, 5.000000, 0.000000, -0.492423, 0.000000, -22.537885, 1000, 0.000100, 2.000000, -1.000000, -1.000000, 0.100000, 0.000100, 1.000000, 0.001000, 0.000010, 0.000000, 0.000000, 0.950000, 0.000000, -3.410156, 0.000000, 6.820313, 1000
0.31, 0.000100, 0.200000, 0.470000, -9.810000, 6.000000, 0.000000, 0.000000, 0.000000, 10.000000, -1.000000, 1.000000, -1.000000, 0.100000, 0.000100, 1.000000, 0.001000, 0.000010, 0.000000, 0.000000, 0.950000, 0.000000, 6.820313, 0.000000, -22.537885, 0.000000, -3.638005, 0.000000, -0.562793, 1000, 0.000100, -1.000000, -1.000000, 0.100000, 0.000100, 5.000000, 1.000000, 0.001000, 0.000010, 0.000000, 0.000000, 0.950000, 5.000000, 0.000000, -0.527038, 0.000000, -22.364809, 1000, 0.000100, 2.000000, -1.000000, -1.000000, 0.100000, 0.000100, 1.000000, 0.001000, 0.000010, 0.000000, 0.000000, 0.950000, 0.000000, -3.524282, 0.000000, 7.048564, 1000
0.32, 0.000100, 0.200000, 0.470000, -9.810000, 6.000000, 0.000000, 0.000000, 0.000000, 10.000000, -1.000000, 1.000000, -1.000000, 0.100000, 0.000100, 1.000000, 0.001000, 0.000010, 0.000000, 0.000000, 0.950000, 0.000000, 7.048564, 0.000000, -22.364809, 0.000000, -3.751321, 0.000000, -0.599683, 1000, 0.000100, -1.000000, -1.000000, 0.100000, 0.000100, 5.000000, 1.000000, 0.001000, 0.000010, 0.000000, 0.000000, 0.950000, 5.000000, 0.000000, -0.562793, 0.000000, -22.186037, 1000, 0.000100, 2.000000, -1.000000, -1.000000, 0.100000, 0.000100, 1.000000, 0.001000, 0.000010, 0.000000, 0.000000, 0.950000, 0.000000, -3.638005, 0.000000, 7.276010, 1000
0.33, 0.000100, 0.200000, 0.470000, -9.810000, 6.000000, 0.000000, 0.000000, 0.000000, 10.000000, -1.000000, 1.000000, -1.000000, 0.100000, 0.000100, 1.000000, 0.001000, 0.000010, 0.000000, 0.000000, 0.950000, 0.000000, 7.276010, 0.000000, -22.186037, 0.000000, -3.864224, 0.000000, -0.637704, 1000, 0.000100, -1.000000, -1.000000, 0.100000, 0.000100, 5.000000, 1.000000, 0.001000, 0.000010, 0.000000, 0.000000, 0.950000, 5.000000, 0.000000, -0.599683, 0.000000, -22.001587, 1000, 0.000100, 2.000000, -1.000000, -1.000000, 0.100000, 0.000100, 1.000000, 0.001000, 0.000010, 0.000000, 0.000000, 0.950000, 0.000000, -3.751321, 0.000000, 7.502642, 1000
0.34, 0.000100, 0.200000, 0.470000, -9.810000, 6.000000, 0.000000, 0.000000, 0.000000, 10.000000, -1.000000, 1.000000, -1.000000, 0.100000, 0.000100, 1.000000, 0.001000, 0.000010, 0.000000, 0.000000, 0.950000, 0.000000, 7.502642, 0.000000, -22.001587, 0.000000, -3.976710, 0.000000, -0.676852, 1000, 0.000100, -1.000000, -1.000000, 0.100000, 0.000100, 5.000000, 1.000000, 0.001000, 0.000010, 0.000000, 0.000000, 0.950000, 5.000000, 0.000000, -0.637704, 0.000000, -21.811480, 1000, 0.000100, 2.000000, -1.000000, -1.000000, 0.100000, 0.000100, 1.000000, 0.001000, 0.000010, 0.000000, 0.000000, 0.950000, 0.000000, -3.864224, 0.000000, 7.728448, 1000
0.35, 0.000100, 0.200000, 0.470000, -9.810000, 6.000000, 0.000000, 0.000000, 0.000000, 10.000000, -1.000000, 1.000000, -1.000000, 0.100000, 0.000100, 1.000000, 0.001000, 0.000010, 0.000000, 0.000000, 0.950000, 0.000000, 7.728448, 0.000000, -21.811480, 0.000000, -4.088773, 0.000000, -0.717124, 1000, 0.000100, -1.000000, -1.000000, 0.100000, 0.000100, 5.000000, 1.000000, 0.001000, 0.000010, 0.000000, 0.000000, 0.950000, 5.000000, 0.000000, -0.676852, 0.000000, -21.615738, 1000, 0.000100, 2.000000, -1.000000, -1.000000, 0.100000, 0.000100, 1.000000, 0.001000, 0.000010, 0.000000, 0.000000, 0.950000, 0.000000, -3.976710, 0.000000, 7.953420, 1000
0.36, 0.000100, 0.200000, 0.470000, -9.810000, 6.000000, 0.000000, 0.000000, 0.000000, 10.000000, -1.000000, 1.000000, -1.000000, 0.100000, 0.000100, 1.000000, 0.001000, 0.000010, 0.000000, 0.000000, 0.950000, 0.000000, 7.953420, 0.000000, -21.615738, 0.000000, -4.200409, 0.000000, -0.758514, 1000, 0.000100, -1.000000, -1.000000, 0.100000, 0.000100, 5.000000, 1.000000, 0.001000, 0.000010, 0.000000, 0.000000, 0.950000, 5.000000, 0.000000, -0.717124, 0.000000, -21.414381, 1000, 0.000100, 2.000000, -1.000000, -1.000000, 0.100000, 0.000100, 1.000000, 0.001000, 0.000010, 0.000000, 0.000000, 0.950000, 0.000000, -4.088773, 0.000000, 8.177546, 1000
0.37, 0.000100, 0.200000, 0.470000, -9.810000, 6.000000, 0.000000, 0.000000, 0.000000, 10.000000, -1.000000, 1.000000, -1.000000, 0.100000, 0.000100, 1.000000, 0.001000, 0.000010, 0.000000, 0.000000, 0.950000, 0.000000, 8.177546, 0.000000, -21.414381, 0.000000, -4.311612, 0.000000, -0.801018, 1000, 0.000100, -1.000000, -1.000000, 0.100000, 0.000100, 5.000000, 1.000000, 0.001000, 0.000010, 0.000000, 0.000000, 0.950000, 5.000000, 0.000000, -0.758514, 0.000000, -21.207431, 1000, 0.000100, 2.000000, -1.000000, -1.000000, 0.100000, 0.000100, 1.000000, 0.001000, 0.000010, 0.000000, 0.000000, 0.950000, 0.000000, -4.200409, 0.000000, 8.400818, 1000
0.38, 0.000100, 0.200000, 0.470000, -9.810000, 6.000000, 0.000000, 0.000000, 0.000000, 10.000000, -1.000000, 1.000000, -1.000000, 0.100000, 0.000100, 1.000000, 0.001000, 0.000010, 0.000000, 0.000000, 0.950000, 0.000000, 8.400818, 0.000000, -21.207431, 0.000000, -4.422379, 0.000000, -0.844633, 1000, 0.000100, -1.000000, -1.000000, 0.100000, 0.000100, 5.000000, 1.000000, 0.001000, 0.000010, 0.000000, 0.000000, 0.950000, 5.000000, 0.000000, -0.801018, 0.000000, -20.994908, 1000, 0.000100, 2.000000, -1.000000, -1.000000, 0.100000, 0.000100, 1.000000, 0.001000, 0.000010, 0.000000, 0.000000, 0.950000, 0.000000, -4.311612, 0.000000, 8.623225, 1000
0.39, 0.000100, 0.200000, 0.470000, -9.810000, 6.000000, 0.000000, 0.000000, 0.000000, 10.000000, -1.000000, 1.000000, -1.000000, 0.100000, 0.000100, 1.000000, 0.001000, 0.000010, 0.000000, 0.000000, 0.950000, 0.000000, 8.623225, 0.000000, -20.994908, 0.000000, -4.532703, 0.000000, -0.889353, 1000, 0.000100, -1.000000, -1.000000, 0.100000, 0.000100, 5.000000, 1.000000, 0.001000, 0.000010, 0.000000, 0.000000, 0.950000, 5.000000, 0.000000, -0.844633, 0.000000, -20.776835, 1000, 0.000100, 2.000000, -1.000000, -1.000000, 0.100000, 0.000100, 1.000000, 0.001000, 0.000010, 0.000000, 0.000000, 0.950000, 0.000000, -4.422379, 0.000000, 8.844757, 1000
0.4, 0.000100, 0.200000, 0.470000, -9.810000, 6.000000, 0.000000, 0.000000, 0.000000, 10.000000, -1.000000, 1.000000, -1.000000, 0.100000, 0.000100, 1.000000, 0.001000, 0.000010, 0.000000, 0.000000, 0.950000, 0.000000, 8.844757, 0.000000, -20.776835, 0.000000, -4.642580, 0.000000, -0.935175, 1000, 0.000100, -1.000000, -1.000000, 0.100000, 0.000100, 5.000000, 1.000000, 0.001000, 0.000010, 0.000000, 0.000000, 0.950000, 5.000000, 0.000000, -0.889353, 0.000000, -20.553234, 1000, 0.000100, 2.000000, -1.000000, -1.000000, 0.100000, 0.000100, 1.000000, 0.001000, 0.000010, 0.000000, 0.000000, 0.950000, 0.000000, -4.532703, 0.000000, 9.065405, 1000
0.41, 0.000100, 0.200000, 0.470000, -9.810000, 6.000000, 0.000000, 0.000000, 0.000000, 10.000000, -1.000000, 1.000000, -1.000000, 0.100000, 0.000100, 1.000000, 0.001000, 0.000010, 0.000000, 0.000000, 0.950000, 0.000000, 9.065405, 0.000000, -20.553234, 0.000000, -4.752005, 0.000000, -0.982093, 1000, 0.000100, -1.000000, -1.000000, 0.100000, 0.000100, 5.000000, 1.000000, 0.001000, 0.000010, 0.000000, 0.000000, 0.950000, 5.000000, 0.000000, -0.935175, 0.000000, -20.324127, 1000, 0.000100, 2.000000, -1.000000, -1.000000, 0.100000, 0.000100, 1.000000, 0.001000, 0.000010, 0.000000, 0.000000, 0.950000, 0.000000, -4.642580, 0.000000, 9.285159, 1000
0.42, 0.000100, 0.200000, 0.470000, -9.810000, 6.000000, 0.000000, 0.000000, 0.000000, 10.000000, -1.000000, 1.000000, -1.000000, 0.100000, 0.000100, 1.000000, 0.001000, 0.000010, 0.000000, 0.000000, 0.950000, 0.000000, 9.285159, 0.000000, -20.324127, 0.000000, -4.860974, 0.000000, -1.030103, 1000, 0.000100, -1.000000, -1.000000, 0.100000, 0.000100, 5.000000, 1.000000, 0.001000, 0.000010, 0.000000, 0.000000, 0.950000, 5.000000, 0.000000, -0.982093, 0.000000, -20.089535, 1000, 0.000100, 2.000000, -1.000000, -1.000000, 0.100000, 0.000100, 1.000000, 0.001000, 0.000010, 0.000000, 0.000000, 0.950000, 0.000000, -4.752005, 0.000000, 9.504010, 1000
0.43, 0.000100, 0.200000, 0.470000, -9.810000, 6.000000, 0.000000, 0.000000, 0.000000, 10.000000, -1.000000, 1.000000, -1.000000, 0.100000, 0.000100, 1.000000, 0.001000, 0.000010, 0.000000, 0.000000, 0.950000, 0.000000, 9.504010, 0.000000, -20.089535, 0.000000, -4.969481, 0.000000, -1.079201, 1000, 0.000100, -1.000000, -1.000000, 0.100000, 0.000100, 5.000000, 1.000000, 0.001000, 0.000010, 0.000000, 0.000000, 0.950000, 5.000000, 0.000000, -1.030103, 0.000000, -19.849483, 1000, 0.000100, 2.000000, -1.000000, -1.000000, 0.100000, 0.000100, 1.000000, 0.001000, 0.000010, 0.000000, 0.000000, 0.950000, 0.000000, -4.860974, 0.000000, 9.721948, 1000
0.44, 0.000100, 0.200000, 0.470000, -9.810000, 6.000000, 0.000000, 0.000000, 0.000000, 10.000000, -1.000000, 1.000000, -1.000000, 0.100000, 0.000100, 1.000000, 0.001000, 0.000010, 0.000000, 0.000000, 0.950000, 0.000000, 9.721948, 0.000000, -19.849483, 0.000000, -5.077523, 0.000000, -1.129382, 1000, 0.000100, -1.000000, -1.000000, 0.100000, 0.000100, 5.000000, 1.000000, 0.001000, 0.000010, 0.000000, 0.000000, 0.950000, 5.000000, 0.000000, -1.079201, 0.000000, -19.603993, 1000, 0.000100, 2.000000, -1.000000, -1.000000, 0.100000, 0.000100, 1.000000, 0.001000, 0.000010, 0.000000, 0.000000, 0.950000, 0.000000, -4.969481, 0.000000, 9.938963, 1000
0.45, 0.000100, 0.200000, 0.470000, -9.810000, 6.000000, 0.000000, 0.000000, 0.000000, 10.000000, -1.000000, 1.000000, -1.000000, 0.100000, 0.000100, 1.000000, 0.001000, 0.000010, 0.000000, 0.000000, 0.950000, 0.000000, 9.938963, 0.000000, -19.603993, 0.000000, -5.185094, 0.000000, -1.180642, 1000, 0.000100, -1.000000, -1.000000, 0.100000, 0.000100, 5.000000, 1.000000, 0.001000, 0.000010, 0.000000, 0.000000, 0.950000, 5.000000, 0.000000, -1.129382, 0.000000, -19.353088, 1000, 0.000100, 2.000000, -1.000000, -1.000000, 0.100000, 0.000100, 1.000000, 0.001000, 0.000010, 0.000000, 0.000000, 0.950000, 0.000000, -5.077523, 0.000000, 10.155046, 1000
0.46, 0.000100, 0.200000, 0.470000, -9.810000, 6.000000, 0.000000, 0.000000, 0.000000, 10.000000, -1.000000, 1.000000, -1.000000, 0.100000, 0.000100, 1.000000, 0.001000, 0.000010, 0.000000, 0.000000, 0.950000, 0.000000, 10.155046, 0.000000, -19.353088, 0.000000, -5.292190, 0.000000, -1.232975, 1000, 0.000100, -1.000000, -1.000000, 0.100000, 0.000100, 5.000000, 1.000000, 0.001000, 0.000010, 0.000000, 0.000000, 0.950000, 5.000000, 0.000000, -1.180642, 0.000000, -19.096792, 1000, 0.000100, 2.000000, -1.000000, -1.000000, 0.100000, 0.000100, 1.000000, 0.001000, 0.000010, 0.000000, 0.000000, 0.950000, 0.000000, -5.185094, 0.000000, 10.370188, 1000
0.47, 0.000100, 0.200000, 0.470000, -9.810000, 6.000000, 0.000000, 0.000000, 0.000000, 10.000000, -1.000000, 1.000000, -1.000000, 0.100000, 0.000100, 1.000000, 0.001000, 0.000010, 0.000000, 0.000000, 0.950000, 0.000000, 10.370188, 0.000000, -19.096792, 0.000000, -5.398806, 0.000000, -1.286376, 1000, 0.000100, -1.000000, -1.000000, 0.100000, 0.000100, 5.000000, 1.000000, 0.001000, 0.000010, 0.000000, 0.000000, 0.950000, 5.000000, 0.000000, -1.232975, 0.000000, -18.835127, 1000, 0.000100, 2.000000, -1.000000, -1.000000, 0.100000, 0.000100, 1.000000, 0.001000, 0.000010, 0.000000, 0.000000, 0.950000, 0.000000, -5.292190, 0.000000, 10.584380, 1000
0.48, 0.000100, 0.200000, 0.470000, -9.810000, 6.000000, 0.000000, 0.000000, 0.000000, 10.000000, -1.000000, 1.000000, -1.000000, 0.100000, 0.000100, 1.000000, 0.001000, 0.000010, 0.000000, 0.000000, 0.950000, 0.000000, 10.584380, 0.000000, -18.835127, 0.000000, -5.504938, 0.000000, -1.340842, 1000, 0.000100, -1.000000, -1.000000, 0.100000, 0.000100, 5.000000, 1.000000, 0.001000, 0.000010, 0.000000, 0.000000, 0.950000, 5.000000, 0.000000, -1.286376, 0.000000, -18.568119, 1000, 0.000100, 2.000000, -1.000000, -1.000000, 0.100000, 0.000100, 1.000000, 0.001000, 0.000010, 0.000000, 0.000000, 0.950000, 0.000000, -5.398806, 0.000000, 10.797612, 1000
0.49, 0.000100, 0.200000, 0.470000, -9.810000, 6.000000, 0.000000, 0.000000, 0.000000, 10.000000, -1.000000, 1.000000, -1.000000, 0.100000, 0.000100, 1.000000, 0.001000, 0.000010, 0.000000, 0.000000, 0.950000, 0.000000, 10.797612, 0.000000, -18.568119, 0.000000, -5.610581, 0.000000, -1.396367, 1000, 0.000100, -1.000000, -1.000000, 0.100000, 0.000100, 5.000000, 1.000000, 0.001000, 0.000010, 0.000000, 0.000000, 0.950000, 5.000000, 0.000000, -1.340842, 0.000000, -18.295791, 1000, 0.000100, 2.000000, -1.000000, -1.000000, 0.100000, 0.000100, 1.000000, 0.001000, 0.000010, 0.000000, 0.000000, 0.950000, 0.000000, -5.504938, 0.000000, 11.009875, 1000
0.5, 0.000100, 0.200000, 0.470000, -9.810000, 6.000000, 0.000000, 0.000000, 0.000000, 10.000000, -1.000000, 1.000000, -1.000000, 0.100000, 0.000100, 1.000000, 0.001000, 0.000010, 0.000000, 0.000000, 0.950000, 0.000000, 11.009875, 0.000000, -18.295791, 0.000000, -5.715730, 0.000000, -1.452946, 1000, 0.000100, -1.000000, -1.000000, 0.100000, 0.000100, 5.000000, 1.000000, 0.001000, 0.000010, 0.000000, 0.000000, 0.950000, 5.000000, 0.000000, -1.396367, 0.000000, -18.018167, 1000, 0.000100, 2.000000, -1.000000, -1.000000, 0.100000, 0.000100, 1.000000, 0.001000, 0.000010, 0.000000, 0.000000, 0.950000, 0.000000, -5.610581, 0.000000, 11.221161, 1000
0.51, 0.000100, 0.200000, 0.470000, -9.810000, 6.000000, 0.000000, 0.000000, 0.000000, 10.000000, -1.000000, 1.000000, -1.000000, 0.100000, 0.000100, 1.000000, 0.001000, 0.000010, 0.000000, 0.000000, 0.950000, 0.000000, 11.221161, 0.000000, -18.018167, 0.000000, -5.820382, 0.000000, -1.510574, 1000, 0.000100, -1.000000, -1.000000, 0.100000, 0.000100, 5.000000, 1.000000, 0.001000, 0.000010, 0.000000, 0.000000, 0.950000, 5.000000, 0.000000, -1.452946, 0.000000, -17.735272, 1000, 0.000100, 2.000000, -1.000000, -1.000000, 0.100000, 0.000100, 1.000000, 0.001000, 0.000010, 0.000000, 0.000000, 0.950000, 0.000000, -5.715730, 0.000000, 11.431460, 1000
0.52, 0.000100, 0.200000, 0.470000, -9.810000, 6.000000, 0.000000, 0.000000, 0.000000, 10.000000, -1.000000, 1.000000, -1.000000, 0.100000, 0.000100, 1.000000, 0.001000, 0.000010, 0.000000, 0.000000, 0.950000, 0.000000, 11.431460, 0.000000, -17.735272, 0.000000, -5.924532, 0.000000, -1.569246, 1000, 0.000100, -1.000000, -1.000000, 0.100000, 0.000100, 5.000000, 1.000000, 0.001000, 0.000010, 0.000000, 0.000000, 0.950000, 5.000000, 0.000000, -1.510574, 0.000000, -17.447131, 1000, 0.000100, 2.000000, -1.000000, -1.000000, 0.100000, 0.000100, 1.000000, 0.001000, 0.000010, 0.000000, 0.000000, 0.950000, 0.000000, -5.820382, 0.000000, 11.640764, 1000
0.53, 0.000100, 0.200000, 0.470000, -9.810000, 6.000000, 0.000000, 0.000000, 0.000000, 10.000000, -1.000000, 1.000000, -1.000000, 0.100000, 0.000100, 1.000000, 0.001000, 0.000010, 0.000000, 0.000000, 0.950000, 0.000000, 11.640764, 0.000000, -17.447131, 0.000000, -6.028175, 0.000000, -1.628958, 1000, 0.000100, -1.000000, -1.000000, 0.100000, 0.000100, 5.000000, 1.000000, 0.001000, 0.000010, 0.000000, 0.000000, 0.950000, 5.000000, 0.000000, -1.569246, 0.000000, -17.153768, 1000, 0.000100, 2.000000, -1.000000, -1.000000, 0.100000, 0.000100, 1.000000, 0.001000, 0.000010, 0.000000, 0.000000, 0.950000, 0.000000, -5.924532, 0.000000, 11.849063, 1000
0.54, 0.000100, 0.200000, 0.470000, -9.810000, 6.000000, 0.000000, 0.000000, 0.000000, 10.000000, -1.000000, 1.000000, -1.000000, 0.100000, 0.000100, 1.000000, 0.001000, 0.000010, 0.000000, 0.000000, 0.950000, 0.000000, 11.849063, 0.000000, -17.153768, 0.000000, -6.131307, 0.000000, -1.689704, 1000, 0.000100, -1.000000, -1.000000, 0.100000, 0.000100, 5.000000, 1.000000, 0.001000, 0.000010, 0.000000, 0.000000, 0.950000, 5.000000, 0.000000, -1.628958, 0.000000, -16.855210, 1000, 0.000100, 2.000000, -1.000000, -1.000000, 0.100000, 0.000100, 1.000000, 0.001000, 0.000010, 0.000000, 0.000000, 0.950000, 0.000000, -6.028175, 0.000000, 12.056349, 1000
0.55, 0.000100, 0.200000, 0.470000, -9.810000, 6.000000, 0.000000, 0.000000, 0.000000, 10.000000, -1.000000, 1.000000, -1.000000, 0.100000, 0.000100, 1.000000, 0.001000, 0.000010, 0.000000, 0.000000, 0.950000, 0.000000, 12.056349, 0.000000, -16.855210, 0.000000, -6.233924, 0.000000, -1.751479, 1000, 0.000100, -1.000000, -1.000000, 0.100000, 0.000100, 5.000000, 1.000000, 0.001000, 0.000010, 0.000000, 0.000000, 0.950000, 5.000000, 0.000000, -1.689704, 0.000000, -16.551480, 1000, 0.000100, 2.000000, -1.000000, -1.000000, 0.100000, 0.000100, 1.000000, 0.001000, 0.000010, 0.000000, 0.000000, 0.950000, 0.000000, -6.131307, 0.000000, 12.262614, 1000
0.56, 0.000100, 0.200000, 0.470000, -9.810000, 6.000000, 0.000000, 0.000000, 0.000000, 10.000000, -1.000000, 1.000000, -1.000000, 0.100000, 0.000100, 1.000000, 0.001000, 0.000010, 0.000000, 0.000000, 0.950000, 0.000000, 12.262614, 0.000000, -16.551480, 0.000000, -6.336022, 0.000000, -1.814277, 1000, 0.000100, -1.000000, -1.000000, 0.100000, 0.000100, 5.000000, 1.000000, 0.001000, 0.000010, 0.000000, 0.000000, 0.950000, 5.000000, 0.000000, -1.751479, 0.000000, -16.242606, 1000, 0.000100, 2.000000, -1.000000, -1.000000, 0.100000, 0.000100, 1.000000, 0.001000, 0.000010, 0.000000, 0.000000, 0.950000, 0.000000, -6.233924, 0.000000, 12.467848, 1000
0.57, 0.000100, 0.200000, 0.470000, -9.810000, 6.000000, 0.000000, 0.000000, 0.000000, 10.000000, -1.000000, 1.000000, -1.000000, 0.100000, 0.000100, 1.000000, 0.001000, 0.000010, 0.000000, 0.000000, 0.950000, 0.000000, 12.467848, 0.000000, -16.242606, 0.000000, -6.437596, 0.000000, -1.878095, 1000, 0.000100, -1.000000, -1.000000, 0.100000, 0.000100, 5.000000, 1.000000, 0.001000, 0.000010, 0.000000, 0.000000, 0.950000, 5.000000, 0.000000, -1.814277, 0.000000, -15.928613, 1000, 0.000100, 2.000000, -1.000000, -1.000000, 0.100000, 0.000100, 1.000000, 0.001000, 0.000010, 0.000000, 0.000000, 0.950000, 0.000000, -6.336022, 0.000000, 12.672044, 1000
0.58, 0.000100, 0.200000, 0.470000, -9.810000, 6.000000, 0.000000, 0.000000, 0.000000, 10.000000, -1.000000, 1.000000, -1.000000, 0.100000, 0.000100, 1.000000, 0.001000, 0.000010, 0.000000, 0.000000, 0.950000, 0.000000, 12.672044, 0.000000, -15.928613, 0.000000, -6.538642, 0.000000, -1.942925, 1000, 0.000100, -1.000000, -1.000000, 0.100000, 0.000100, 5.000000, 1.000000, 0.001000, 0.000010, 0.000000, 0.000000, 0.950000, 5.000000, 0.000000, -1.878095, 0.000000, -15.609526, 1000, 0.000100, 2.000000, -1.000000, -1.000000, 0.100000, 0.000100, 1.000000, 0.001000, 0.000010, 0.000000, 0.000000, 0.950000, 0.000000, -6.437596, 0.000000, 12.875192, 1000
0.59, 0.000100, 0.200000, 0.470000, -9.810000, 6.000000, 0.000000, 0.000000, 0.000000, 10.000000, -1.000000, 1.000000, -1.000000, 0.100000, 0.000100, 1.000000, 0.001000, 0.000010, 0.000000, 0.000000, 0.950000, 0.000000, 12.875192, 0.000000, -15.609526, 0.000000, -6.639156, 0.000000, -2.008764, 1000, 0.000100, -1.000000, -1.000000, 0.100000, 0.000100, 5.000000, 1.000000, 0.001000, 0.000010, 0.000000, 0.000000, 0.950000, 5.000000, 0.000000, -1.942925, 0.000000, -15.285373, 1000, 0.000100, 2.000000, -1.000000, -1.000000, 0.100000, 0.000100, 1.000000, 0.001000, 0.000010, 0.000000, 0.000000, 0.950000, 0.000000, -6.538642, 0.000000, 13.077284, 1000
0.6, 0.000100, 0.200000, 0.470000, -9.810000, 6.000000, 0.000000, 0.000000, 0.000000, 10.000000, -1.000000, 1.000000, -1.000000, 0.100000, 0.000100, 1.000000, 0.001000, 0.000010, 0.000000, 0.000000, 0.950000, 0.000000, 13.077284, 0.000000, -15.285373, 0.000000, -6.739135, 0.000000, -2.075606, 1000, 0.000100, -1.000000, -1.000000, 0.100000, 0.000100, 5.000000, 1.000000, 0.001000, 0.000010, 0.000000, 0.000000, 0.950000, 5.000000, 0.000000, -2.008764, 0.000000, -14.956179, 1000, 0.000100, 2.000000, -1.000000, -1.000000, 0.100000, 0.000100, 1.000000, 0.001000, 0.000010, 0.000000, 0.000000, 0.950000, 0.000000, -6.639156, 0.000000, 13.278313, 1000
0.61, 0.000100, 0.200000, 0.470000, -9.810000, 6.000000, 0.000000, 0.000000, 0.000000, 10.000000, -1.000000, 1.000000, -1.000000, 0.100000, 0.000100, 1.000000, 0.001000, 0.000010, 0.000000, 0.000000, 0.950000, 0.000000, 13.278313, 0.000000, -14.956179, 0.000000, -6.838573, 0.000000, -2.143445, 1000, 0.000100, -1.000000, -1.000000, 0.100000, 0.000100, 5.000000, 1.000000, 0.001000, 0.000010, 0.000000, 0.000000, 0.950000, 5.000000, 0.000000, -2.075606, 0.000000, -14.621972, 1000, 0.000100, 2.000000, -1.000000, -1.000000, 0.100000, 0.000100, 1.000000, 0.001000, 0.000010, 0.000000, 0.000000, 0.950000, 0.000000, -6.739135, 0.000000, 13.478269, 1000
0.62, 0.000100, 0.200000, 0.470000, -9.810000, 6.000000, 0.000000, 0.000000, 0.000000, 10.000000, -1.000000, 1.000000, -1.000000, 0.100000, 0.000100, 1.000000, 0.001000, 0.000010, 0.000000, 0.000000, 0.950000, 0.000000, 13.478269, 0.000000, -14.621972, 0.000000, -6.937467, 0.000000, -2.212275, 1000, 0.000100, -1.000000, -1.000000, 0.100000, 0.000100, 5.000000, 1.000000, 0.001000, 0.000010, 0.000000, 0.000000, 0.950000, 5.000000, 0.000000, -2.143445, 0.000000, -14.282777, 1000, 0.000100, 2.000000, -1.000000, -1.000000, 0.100000, 0.000100, 1.000000, 0.001000, 0.000010, 0.000000, 0.000000, 0.950000, 0.000000, -6.838573, 0.000000, 13.677146, 1000
0.63, 0.000100, 0.200000, 0.470000, -9.810000, 6.000000, 0.000000, 0.000000, 0.000000, 10.000000, -1.000000, 1.000000, -1.000000, 0.100000, 0.000100, 1.000000, 0.001000, 0.000010, 0.000000, 0.000000, 0.950000, 0.000000, 13.677146, 0.000000, -14.282777, 0.000000, -7.035812, 0.000000, -2.282093, 1000, 0.000100, -1.000000, -1.000000, 0.100000, 0.000100, 5.000000, 1.000000, 0.001000, 0.000010, 0.000000, 0.000000, 0.950000, 5.000000, 0.000000, -2.212275, 0.000000, -13.938624, 1000, 0.000100, 2.000000, -1.000000, -1.000000, 0.100000, 0.000100, 1.000000, 0.001000, 0.000010, 0.000000, 0.000000, 0.950000, 0.000000, -6.937467, 0.000000, 13.874933, 1000
0.64, 0.000100, 0.200000, 0.470000, -9.810000, 6.000000, 0.000000, 0.000000, 0.000000, 10.000000, -1.000000, 1.000000, -1.000000, 0.100000, 0.000100, 1.000000, 0.001000, 0.000010, 0.000000, 0.000000, 0.950000, 0.000000, 13.874933, 0.000000, -13.938624, 0.000000, -7.133606, 0.000000, -2.352891, 1000, 0.000100, -1.000000, -1.000000, 0.100000, 0.000100, 5.000000, 1.000000, 0.001000, 0.000010, 0.000000, 0.000000, 0.950000, 5.000000, 0.000000, -2.282093, 0.000000, -13.589537, 1000, 0.000100, 2.000000, -1.000000, -1.000000, 0.100000, 0.000100, 1.000000, 0.001000, 0.000010, 0.000000, 0.000000, 0.950000, 0.000000, -7.035812, 0.000000, 14.071625, 1000
0.65, 0.000100, 0.200000, 0.470000, -9.810000, 6.000000, 0.000000, 0.000000, 0.000000, 10.000000, -1.000000, 1.000000, -1.000000, 0.100000, 0.000100, 1.000000, 0.001000, 0.000010, 0.000000, 0.000000, 0.950000, 0.000000, 14.071625, 0.000000, -13.589537, 0.000000, -7.230844, 0.000000, -2.424664, 1000, 0.000100, -1.000000, -1.000000, 0.100000, 0.000100, 5.000000, 1.000000, 0.001000, 0.000010, 0.000000, 0.000000, 0.950000, 5.000000, 0.000000, -2.352891, 0.000000, -13.235546, 1000, 0.000100, 2.000000, -1.000000, -1.000000, 0.100000, 0.000100, 1.000000, 0.001000, 0.000010, 0.000000, 0.000000, 0.950000, 0.000000, -7.133606, 0.000000, 14.267212, 1000
0.66, 0.000100, 0.200000, 0.470000, -9.810000, 6.000000, 0.000000, 0.000000, 0.000000, 10.000000, -1.000000, 1.000000, -1.000000, 0.100000, 0.000100, 1.000000, 0.001000, 0.000010, 0.000000, 0.000000, 0.950000, 0.000000, 14.267212, 0.000000, -13.235546, 0.000000, -7.327521, 0.000000, -2.497408, 1000, 0.000100, -1.000000, -1.000000, 0.100000, 0.000100, 5.000000, 1.000000, 0.001000, 0.000010, 0.000000, 0.000000, 0.950000, 5.000000, 0.000000, -2.424664, 0.000000, -12.876678, 1000, 0.000100, 2.000000, -1.000000, -1.000000, 0.100000, 0.000100, 1.000000, 0.001000, 0.000010, 0.000000, 0.000000, 0.950000, 0.000000, -7.230844, 0.000000, 14.461687, 1000
0.67, 0.000100, 0.200000, 0.470000, -9.810000, 6.000000, 0.000000, 0.000000, 0.000000, 10.000000, -1.000000, 1.000000, -1.000000, 0.100000, 0.000100, 1.000000, 0.001000, 0.000010, 0.000000, 0.000000, 0.950000, 0.000000, 14.461687, 0.000000, -12.876678, 0.000000, -7.423635, 0.000000, -2.571116, 1000, 0.000100, -1.000000, -1.000000, 0.100000, 0.000100, 5.000000, 1.000000, 0.001000, 0.000010, 0.000000, 0.000000, 0.950000, 5.000000, 0.000000, -2.497408, 0.000000, -12.512961, 1000, 0.000100, 2.000000, -1.000000, -1.000000, 0.100000, 0.000100, 1.000000, 0.001000, 0.000010, 0.000000, 0.000000, 0.950000, 0.000000, -7.327521, 0.000000, 14.655043, 1000
0.68, 0.000100, 0.200000, 0.470000, -9.810000, 6.000000, 0.000000, 0.000000, 0.000000, 10.000000, -1.000000, 1.000000, -1.000000, 0.100000, 0.000100, 1.000000, 0.001000, 0.000010, 0.000000, 0.000000, 0.950000, 0.000000, 14.655043, 0.000000, -12.512961, 0.000000, -7.519182, 0.000000, -2.645782, 1000, 0.000100, -1.000000, -1.000000, 0.100000, 0.000100, 5.000000, 1.000000, 0.001000, 0.000010, 0.000000, 0.000000, 0.950000, 5.000000, 0.000000, -2.571116, 0.000000, -12.144422, 1000, 0.000100, 2.000000, -1.000000, -1.000000, 0.100000, 0.000100, 1.000000, 0.001000, 0.000010, 0.000000, 0.000000, 0.950000, 0.000000, -7.423635, 0.000000, 14.847270, 1000
0.69, 0.000100, 0.200000, 0.470000, -9.810000, 6.000000, 0.000000, 0.000000, 0.000000, 10.000000, -1.000000, 1.000000, -1.000000, 0.100000, 0.000100, 1.000000, 0.001000, 0.000010, 0.000000, 0.000000, 0.950000, 0.000000, 14.847270, 0.000000, -12.144422, 0.000000, -7.614157, 0.000000, -2.721401, 1000, 0.000100, -1.000000, -1.000000, 0.100000, 0.000100, 5.000000, 1.000000, 0.001000, 0.000010, 0.000000, 0.000000, 0.950000, 5.000000, 0.000000, -2.645782, 0.000000, -11.771090, 1000, 0.000100, 2.000000, -1.000000, -1.000000, 0.100000, 0.000100, 1.000000, 0.001000, 0.000010, 0.000000, 0.000000, 0.950000, 0.000000, -7.519182, 0.000000, 15.038363, 1000
0.7, 0.000100, 0.200000, 0.470000, -9.810000, 6.000000, 0.000000, 0.000000, 0.000000, 10.000000, -1.000000, 1.000000, -1.000000, 0.100000, 0.000100, 1.000000, 0.001000, 0.000010, 0.000000, 0.000000, 0.950000, 0.000000, 15.038363, 0.000000, -11.771090, 0.000000, -7.708556, 0.000000, -2.797967, 1000, 0.000100, -1.000000, -1.000000, 0.100000, 0.000100, 5.000000, 1.000000, 0.001000, 0.000010, 0.000000, 0.000000, 0.950000, 5.000000, 0.000000, -2.721401, 0.000000, -11.392994, 1000, 0.000100, 2.000000, -1.000000, -1.000000, 0.100000, 0.000100, 1.000000, 0.001000, 0.000010, 0.000000, 0.000000, 0.950000, 0.000000, -7.614157, 0.000000, 15.228313, 1000
0.71, 0.000100, 0.200000, 0.470000, -9.810000, 6.000000, 0.000000, 0.000000, 0.000000, 10.000000, -1.000000, 1.000000, -1.000000, 0.100000, 0.000100, 1.000000, 0.001000, 0.000010, 0.000000, 0.000000, 0.950000, 0.000000, 15.228313, 0.000000, -11.392994, 0.000000, -7.802378, 0.000000, -2.875475, 1000, 0.000100, -1.000000, -1.000000, 0.100000, 0.000100, 5.000000, 1.000000, 0.001000, 0.000010, 0.000000, 0.000000, 0.950000, 5.000000, 0.000000, -2.797967, 0.000000, -11.010163, 1000, 0.000100, 2.000000, -1.000000, -1.000000, 0.100000, 0.000100, 1.000000, 0.001000, 0.000010, 0.000000, 0.000000, 0.950000, 0.000000, -7.708556, 0.000000, 15.417113, 1000
0.72, 0.000100, 0.200000, 0.470000, -9.810000, 6.000000, 0.000000, 0.000000, 0.000000, 10.000000, -1.000000, 1.000000, -1.000000, 0.100000, 0.000100, 1.000000, 0.001000, 0.000010, 0.000000, 0.000000, 0.950000, 0.000000, 15.417113, 0.000000, -11.010163, 0.000000, -7.895616, 0.000000, -2.953919, 1000, 0.000100, -1.000000, -1.000000, 0.100000, 0.000100, 5.000000, 1.000000, 0.001000, 0.000010, 0.000000, 0.000000, 0.950000, 5.000000, 0.000000, -2.875475, 0.000000, -10.622624, 1000, 0.000100, 2.000000, -1.000000, -1.000000, 0.100000, 0.000100, 1.000000, 0.001000, 0.000010, 0.000000, 0.000000, 0.950000, 0.000000, -7.802378, 0.000000, 15.604755, 1000
0.73, 0.000100, 0.200000, 0.470000, -9.810000, 6.000000, 0.000000, 0.000000, 0.000000, 10.000000, -1.000000, 1.000000, -1.000000, 0.100000, 0.000100, 1.000000, 0.001000, 0.000010, 0.000000, 0.000000, 0.950000, 0.000000, 15.604755, 0.000000, -10.622624, 0.000000, -7.988269, 0.000000, -3.033292, 1000, 0.000100, -1.000000, -1.000000, 0.100000, 0.000100, 5.000000, 1.000000, 0.001000, 0.000010, 0.000000, 0.000000, 0.950000, 5.000000, 0.000000, -2.953919, 0.000000, -10.230407, 1000, 0.000100, 2.000000, -1.000000, -1.000000, 0.100000, 0.000100, 1.000000, 0.001000, 0.000010, 0.000000, 0.000000, 0.950000, 0.000000, -7.895616, 0.000000, 15.791233, 1000
0.74, 0.000100, 0.200000, 0.470000, -9.810000, 6.000000, 0.000000, 0.000000, 0.000000, 10.000000, -1.000000, 1.000000, -1.000000, 0.100000, 0.000100, 1.000000, 0.001000, 0.000010, 0.000000, 0.000000, 0.950000, 0.000000, 15.791233, 0.000000, -10.230407, 0.000000, -8.080332, 0.000000, -3.113589, 1000, 0.000100, -1.000000, -1.000000, 0.100000, 0.000100, 5.000000, 1.000000, 0.001000, 0.000010, 0.000000, 0.000000, 0.950000, 5.000000, 0.000000, -3.033292, 0.000000, -9.833541, 1000, 0.000100, 2.000000, -1.000000, -1.000000, 0.100000, 0.000100, 1.000000, 0.001000, 0.000010, 0.000000, 0.000000, 0.950000, 0.000000, -7.988269, 0.000000, 15.976538, 1000
0.75, 0.000100, 0.200000, 0.470000, -9.810000, 6.000000, 0.000000, 0.000000, 0.000000, 10.000000, -1.000000, 1.000000, -1.000000, 0.100000, 0.000100, 1.000000, 0.001000, 0.000010, 0.000000, 0.000000, 0.950000, 0.000000, 15.976538, 0.000000, -9.833541, 0.000000, -8.171802, 0.000000, -3.194804, 1000, 0.000100, -1.000000, -1.000000, 0.100000, 0.000100, 5.000000, 1.000000, 0.001000, 0.000010, 0.000000, 0.000000, 0.950000, 5.000000, 0.000000, -3.113589, 0.000000, -9.432056, 1000, 0.000100, 2.000000, -1.000000, -1.000000, 0.100000, 0.000100, 1.000000, 0.001000, 0.000010, 0.000000, 0.000000, 0.950000, 0.000000, -8.080332, 0.000000, 16.160665, 1000
0.76, 0.000100, 0.200000, 0.470000, -9.810000, 6.000000, 0.000000, 0.000000, 0.000000, 10.000000, -1.000000, 1.000000, -1.000000, 0.100000, 0.000100, 1.000000, 0.001000, 0.000010, 0.000000, 0.000000, 0.950000, 0.000000, 16.160665, 0.000000, -9.432056, 0.000000, -8.262676, 0.000000, -3.276931, 1000, 0.000100, -1.000000, -1.000000, 0.100000, 0.000100, 5.000000, 1.000000, 0.001000, 0.000010, 0.000000, 0.000000, 0.950000, 5.000000, 0.000000, -3.194804, 0.000000, -9.025982, 1000, 0.000100, 2.000000, -1.000000, -1.000000, 0.100000, 0.000100, 1.000000, 0.001000, 0.000010, 0.000000, 0.000000, 0.950000, 0.000000, -8.171802, 0.000000, 16.343605, 1000
0.77, 0.000100, 0.200000, 0.470000, -9.810000, 6.000000, 0.000000, 0.000000, 0.000000, 10.000000, -1.000000, 1.000000, -1.000000, 0.100000, 0.000100, 1.000000, 0.001000, 0.000010, 0.000000, 0.000000, 0.950000, 0.000000, 16.343605, 0.000000, -9.025982, 0.000000, -8.352949, 0.000000, -3.359964, 1000, 0.000100, -1.000000, -1.000000, 0.100000, 0.000100, 5.000000, 1.000000, 0.001000, 0.000010, 0.000000, 0.000000, 0.950000, 5.000000, 0.000000, -3.276931, 0.000000, -8.615347, 1000, 0.000100, 2.000000, -1.000000, -1.000000, 0.100000, 0.000100, 1.000000, 0.001000, 0.000010, 0.000000, 0.000000, 0.950000, 0.000000, -8.262676, 0.000000, 16.525352, 1000
0.78, 0.000100, 0.200000, 0.470000, -9.810000, 6.000000, 0.000000, 0.000000, 0.000000, 10.000000, -1.000000, 1.000000, -1.000000, 0.100000, 0.000100, 1.000000, 0.001000, 0.000010, 0.000000, 0.000000, 0.950000, 0.000000, 16.525352, 0.000000, -8.615347, 0.000000, -8.442619, 0.000000, -3.443897, 1000, 0.000100, -1.000000, -1.000000, 0.100000, 0.000100, 5.000000, 1.000000, 0.001000, 0.000010, 0.000000, 0.000000, 0.950000, 5.000000, 0.000000, -3.359964, 0.000000, -8.200182, 1000, 0.000100, 2.000000, -1.000000, -1.000000, 0.100000, 0.000100, 1.000000, 0.001000, 0.000010, 0.000000, 0.000000, 0.950000, 0.000000, -8.352949, 0.000000, 16.705898, 1000
0.79, 0.000100, 0.200000, 0.470000, -9.810000, 6.000000, 0.000000, 0.000000, 0.000000, 10.000000, -1.000000, 1.000000, -1.000000, 0.100000, 0.000100, 1.000000, 0.001000, 0.000010, 0.000000, 0.000000, 0.950000, 0.000000, 16.705898, 0.000000, -8.200182, 0.000000, -8.531682, 0.000000, -3.528724, 1000, 0.000100, -1.000000, -1.000000, 0.100000, 0.000100, 5.000000, 1.000000, 0.001000, 0.000010, 0.000000, 0.000000, 0.950000, 5.000000, 0.000000, -3.443897, 0.000000, -7.780517, 1000, 0.000100, 2.000000, -1.000000, -1.000000, 0.100000, 0.000100, 1.000000, 0.001000, 0.000010, 0.000000, 0.000000, 0.950000, 0.000000, -8.442619, 0.000000, 16.885238, 1000
0.8, 0.000100, 0.200000, 0.470000, -9.810000, 6.000000, 0.000000, 0.000000, 0.000000, 10.000000, -1.000000, 1.000000, -1.000000, 0.100000, 0.000100, 1.000000, 0.001000, 0.000010, 0.000000, 0.000000, 0.950000, 0.000000, 16.885238, 0.000000, -7.780517, 0.000000, -8.620135, 0.000000, -3.614438, 1000, 0.000100, -1.000000, -1.000000, 0.100000, 0.000100, 5.000000, 1.000000, 0.001000, 0.000010, 0.000000, 0.000000, 0.950000, 5.000000, 0.000000, -3.528724, 0.000000, -7.356382, 1000, 0.000100, 2.000000, -1.000000, -1.000000, 0.100000, 0.000100, 1.000000, 0.001000, 0.000010, 0.000000, 0.000000, 0.950000, 0.000000, -8.531682, 0.000000, 17.063364, 1000
0.81, 0.000100, 0.200000, 0.470000, -9.810000, 6.000000, 0.000000, 0.000000, 0.000000, 10.000000, -1.000000, 1.000000, -1.000000, 0.100000, 0.000100, 1.000000, 0.001000, 0.000010, 0.000000, 0.000000, 0.950000, 0.000000, 17.063364, 0.000000, -7.356382, 0.000000, -8.707974, 0.000000, -3.701035, 1000, 0.000100, -1.000000, -1.000000, 0.100000, 0.000100, 5.000000, 1.000000, 0.001000, 0.000010, 0.000000, 0.000000, 0.950000, 5.000000, 0.000000, -3.614438, 0.000000, -6.927808, 1000, 0.000100, 2.000000, -1.000000, -1.000000, 0.100000, 0.000100, 1.000000, 0.001000, 0.000010, 0.000000, 0.000000, 0.950000, 0.000000, -8.620135, 0.000000, 17.240270, 1000
0.82, 0.000100, 0.200000, 0.470000, -9.810000, 6.000000, 0.000000, 0.000000, 0.000000, 10.000000, -1.000000, 1.000000, -1.000000, 0.100000, 0.000100, 1.000000, 0.001000, 0.000010, 0.000000, 0.000000, 0.950000, 0.000000, 17.240270, 0.000000, -6.927808, 0.000000, -8.795197, 0.000000, -3.788507, 1000, 0.000100, -1.000000, -1.000000, 0.100000, 0.000100, 5.000000, 1.000000, 0.001000, 0.000010, 0.000000, 0.000000, 0.950000, 5.000000, 0.000000, -3.701035, 0.000000, -6.494824, 1000, 0.000100, 2.000000, -1.000000, -1.000000, 0.100000, 0.000100, 1.000000, 0.001000, 0.000010, 0.000000, 0.000000, 0.950000, 0.000000, -8.707974, 0.000000, 17.415949, 1000
0.83, 0.000100, 0.200000, 0.470000, -9.810000, 6.000000, 0.000000, 0.000000, 0.000000, 10.000000, -1.000000, 1.000000, -1.000000, 0.100000, 0.000100, 1.000000, 0.001000, 0.000010, 0.000000, 0.000000, 0.950000, 0.000000, 17.415949, 0.000000, -6.494824, 0.000000, -8.881800, 0.000000, -3.876849, 1000, 0.000100, -1.000000, -1.000000, 0.100000, 0.000100, 5.000000, 1.000000, 0.001000, 0.000010, 0.000000, 0.000000, 0.950000, 5.000000, 0.000000, -3.788507, 0.000000, -6.057463, 1000, 0.000100, 2.000000, -1.000000, -1.000000, 0.100000, 0.000100, 1.000000, 0.001000, 0.000010, 0.000000, 0.000000, 0.950000, 0.000000, -8.795197, 0.000000, 17.590394, 1000
0.84, 0.000100, 0.200000, 0.470000, -9.810000, 6.000000, 0.000000, 0.000000, 0.000000, 10.000000, -1.000000, 1.000000, -1.000000, 0.100000, 0.000100, 1.000000, 0.001000, 0.000010, 0.000000, 0.000000, 0.950000, 0.000000, 17.590394, 0.000000, -6.057463, 0.000000, -8.967779, 0.000000, -3.966054, 1000, 0.000100, -1.000000, -1.000000, 0.100000, 0.000100, 5.000000, 1.000000, 0.001000, 0.000010, 0.000000, 0.000000, 0.950000, 5.000000, 0.000000, -3.876849, 0.000000, -5.615755, 1000, 0.000100, 2.000000, -1.000000, -1.000000, 0.100000, 0.000100, 1.000000, 0.001000, 0.000010, 0.000000, 0.000000, 0.950000, 0.000000, -8.881800, 0.000000, 17.763599, 1000
0.85, 0.000100, 0.200000, 0.470000, -9.810000, 6.000000, 0.000000, 0.000000, 0.000000, 10.000000, -1.000000, 1.000000, -1.000000, 0.100000, 0.000100, 1.000000, 0.001000, 0.000010, 0.000000, 0.000000, 0.950000, 0.000000, 17.763599, 0.000000, -5.615755, 0.000000, -9.053133, 0.000000, -4.056116, 1000, 0.000100, -1.000000, -1.000000, 0.100000, 0.000100, 5.000000, 1.000000, 0.001000, 0.000010, 0.000000, 0.000000, 0.950000, 5.000000, 0.000000, -3.966054, 0.000000, -5.169730, 1000, 0.000100, 2.000000, -1.000000, -1.000000, 0.100000, 0.000100, 1.000000, 0.001000, 0.000010, 0.000000, 0.000000, 0.950000, 0.000000, -8.967779, 0.000000, 17.935559, 1000
0.86, 0.000100, 0.200000, 0.470000, -9.810000, 6.000000, 0.000000, 0.000000, 0.000000, 10.000000, -1.000000, 1.000000, -1.000000, 0.100000, 0.000100, 1.000000, 0.001000, 0.000010, 0.000000, 0.000000, 0.950000, 0.000000, 17.935559, 0.000000, -5.169730, 0.000000, -9.137857, 0.000000, -4.147028, 1000, 0.000100, -1.000000, -1.000000, 0.100000, 0.000100, 5.000000, 1.000000, 0.001000, 0.000010, 0.000000, 0.000000, 0.950000, 5.000000, 0.000000, -4.056116, 0.000000, -4.719421, 1000, 0.000100, 2.000000, -1.000000, -1.000000, 0.100000, 0.000100, 1.000000, 0.001000, 0.000010, 0.000000, 0.000000, 0.950000, 0.000000, -9.053133, 0.000000, 18.106265, 1000
0.87, 0.000100, 0.200000, 0.470000, -9.810000, 6.000000, 0.000000, 0.000000, 0.000000, 10.000000, -1.000000, 1.000000, -1.000000, 0.100000, 0.000100, 1.000000, 0.001000, 0.000010, 0.000000, 0.000000, 0.950000, 0.000000, 18.106265, 0.000000, -4.719421, 0.000000, -9.221948, 0.000000, -4.238785, 1000, 0.000100, -1.000000, -1.000000, 0.100000, 0.000100, 5.000000, 1.000000, 0.001000, 0.000010, 0.000000, 0.000000, 0.950000, 5.000000, 0.000000, -4.147028, 0.000000, -4.264858, 1000, 0.000100, 2.000000, -1.000000, -1.000000, 0.100000, 0.000100, 1.000000, 0.001000, 0.000010, 0.000000, 0.000000, 0.950000, 0.000000, -9.137857, 0.000000, 18.275713, 1000
0.88, 0.000100, 0.200000, 0.470000, -9.810000, 6.000000, 0.000000, 0.000000, 0.000000, 10.000000, -1.000000, 1.000000, -1.000000, 0.100000, 0.000100, 1.000000, 0.001000, 0.000010, 0.000000, 0.000000, 0.950000, 0.000000, 18.275713, 0.000000, -4.264858, 0.000000, -9.305404, 0.000000, -4.331380, 1000, 0.000100, -1.000000, -1.000000, 0.100000, 0.000100, 5.000000, 1.000000, 0.001000, 0.000010, 0.000000, 0.000000, 0.950000, 5.000000, 0.000000, -4.238785, 0.000000, -3.806073, 1000, 0.000100, 2.000000, -1.000000, -1.000000, 0.100000, 0.000100, 1.000000, 0.001000, 0.000010, 0.000000, 0.000000, 0.950000, 0.000000, -9.221948, 0.000000, 18.443896, 1000
0.89, 0.000100, 0.200000, 0.470000, -9.810000, 6.000000, 0.000000, 0.000000, 0.000000, 10.000000, -1.000000, 1.000000, -1.000000, 0.100000, 0.000100, 1.000000, 0.001000, 0.000010, 0.000000, 0.000000, 0.950000, 0.000000, 18.443896, 0.000000, -3.806073, 0.000000, -9.388222, 0.000000, -4.424807, 1000, 0.000100, -1.000000, -1.000000, 0.100000, 0.000100, 5.000000, 1.000000, 0.001000, 0.000010, 0.000000, 0.000000, 0.950000, 5.000000, 0.000000, -4.331380, 0.000000, -3.343098, 1000, 0.000100, 2.000000, -1.000000, -1.000000, 0.100000, 0.000100, 1.000000, 0.001000, 0.000010, 0.000000, 0.000000, 0.950000, 0.000000, -9.305404, 0.000000, 18.610809, 1000
0.9, 0.000100, 0.200000, 0.470000, -9.810000, 6.000000, 0.000000, 0.000000, 0.000000, 10.000000, -1.000000, 1.000000, -1.000000, 0.100000, 0.000100, 1.000000, 0.001000, 0.000010, 0.000000, 0.000000, 0.950000, 0.000000, 18.610809, 0.000000, -3.343098, 0.000000, -9.470398, 0.000000, -4.519059, 1000, 0.000100, -1.000000, -1.000000, 0.100000, 0.000100, 5.000000, 1.000000, 0.001000, 0.000010, 0.000000, 0.000000, 0.950000, 5.000000, 0.000000, -4.424807, 0.000000, -2.875964, 1000, 0.000100, 2.000000, -1.000000, -1.000000, 0.100000, 0.000100, 1.000000, 0.001000, 0.000010, 0.000000, 0.000000, 0.950000, 0.000000, -9.388222, 0.000000, 18.776444, 1000
0.91, 0.000100, 0.200000, 0.470000, -9.810000, 6.000000, 0.000000, 0.000000, 0.000000, 10.000000, -1.000000, 1.000000, -1.000000, 0.100000, 0.000100, 1.000000, 0.001000, 0.000010, 0.000000, 0.000000, 0.950000, 0.000000, 18.776444, 0.000000, -2.875964, 0.000000, -9.551931, 0.000000, -4.614130, 1000, 0.000100, -1.000000, -1.000000, 0.100000, 0.000100, 5.000000, 1.000000, 0.001000, 0.000010, 0.000000, 0.000000, 0.950000, 5.000000, 0.000000, -4.519059, 0.000000, -2.404704, 1000, 0.000100, 2.000000, -1.000000, -1.000000, 0.100000, 0.000100, 1.000000, 0.001000, 0.000010, 0.000000, 0.000000, 0.950000, 0.000000, -9.470398, 0.000000, 18.940797, 1000
0.92, 0.000100, 0.200000, 0.470000, -9.810000, 6.000000, 0.000000, 0.000000, 0.000000, 10.000000, -1.000000, 1.000000, -1.000000, 0.100000, 0.000100, 1.000000, 0.001000, 0.000010, 0.000000, 0.000000, 0.950000, 0.000000, 18.940797, 0.000000, -2.404704, 0.000000, -9.632816, 0.000000, -4.710013, 1000, 0.000100, -1.000000, -1.000000, 0.100000, 0.000100, 5.000000, 1.000000, 0.001000, 0.000010, 0.000000, 0.000000, 0.950000, 5.000000, 0.000000, -4.614130, 0.000000, -1.929349, 1000, 0.000100, 2.000000, -1.000000, -1.000000, 0.100000, 0.000100, 1.000000, 0.001000, 0.000010, 0.000000, 0.000000, 0.950000, 0.000000, -9.551931, 0.000000, 19.103861, 1000
0.93, 0.000100, 0.200000, 0.470000, -9.810000, 6.000000, 0.000000, 0.000000, 0.000000, 10.000000, -1.000000, 1.000000, -1.000000, 0.100000, 0.000100, 1.000000, 0.001000, 0.000010, 0.000000, 0.000000, 0.950000, 0.000000, 19.103861, 0.000000, -1.929349, 0.000000, -9.713051, 0.000000, -4.806703, 1000, 0.000100, -1.000000, -1.000000, 0.100000, 0.000100, 5.000000, 1.000000, 0.001000, 0.000010, 0.000000, 0.000000, 0.950000, 5.000000, 0.000000, -4.710013, 0.000000, -1.449933, 1000, 0.000100, 2.000000, -1.000000, -1.000000, 0.100000, 0.000100, 1.000000, 0.001000, 0.000010, 0.000000, 0.000000, 0.950000, 0.000000, -9.632816, 0.000000, 19.265632, 1000
0.94, 0.000100, 0.200000, 0.470000, -9.810000, 6.000000, 0.000000, 0.000000, 0.000000, 10.000000, -1.000000, 1.000000, -1.000000, 0.100000, 0.000100, 1.000000, 0.001000, 0.000010, 0.000000, 0.000000, 0.950000, 0.000000, 19.265632, 0.000000, -1.449933, 0.000000, -9.792634, 0.000000, -4.904191, 1000, 0.000100, -1.000000, -1.000000, 0.100000, 0.000100, 5.000000, 1.000000, 0.001000, 0.000010, 0.000000, 0.000000, 0.950000, 5.000000, 0.000000, -4.806703, 0.000000, -0.966487, 1000, 0.000100, 2.000000, -1.000000, -1.000000, 0.100000, 0.000100, 1.000000, 0.001000, 0.000010, 0.000000, 0.000000, 0.950000, 0.000000, -9.713051, 0.000000, 19.426102, 1000
0.95, 0.000100, 0.200000, 0.470000, -9.810000, 6.000000, 0.000000, 0.000000, 0.000000, 10.000000, -1.000000, 1.000000, -1.000000, 0.100000, 0.000100, 1.000000, 0.001000, 0.000010, 0.000000, 0.000000, 0.950000, 0.000000, 19.426102, 0.000000, -0.966487, 0.000000, -9.871561, 0.000000, -5.002473, 1000, 0.000100, -1.000000, -1.000000, 0.100000, 0.000100, 5.000000, 1.000000, 0.001000, 0.000010, 0.000000, 0.000000, 0.950000, 5.000000, 0.000000, -4.904191, 0.000000, -0.479043, 1000, 0.000100, 2.000000, -1.000000, -1.000000, 0.100000, 0.000100, 1.000000, 0.001000, 0.000010, 0.000000, 0.000000, 0.950000, 0.000000, -9.792634, 0.000000, 19.585268, 1000
0.96, 0.000100, 0.200000, 0.470000, -9.810000, 6.000000, 0.000000, 0.000000, 0.000000, 10.000000, -1.000000, 1.000000, -1.000000, 0.100000, 0.000100, 1.000000, 0.001000, 0.000010, 0.000000, 0.000000, 0.950000, 0.000000, 19.585268, 0.000000, -0.479043, 0.000000, -9.949830, 0.000000, -5.101541, 1000, 0.000100, -1.000000, -1.000000, 0.100000, 0.000100, 5.000000, 1.000000, 0.001000, 0.000010, 0.000000, 0.000000, 0.950000, 5.000000, 0.000000, -5.002473, -0.000000, 0.012364, 1000, 0.000100, 2.000000, -1.000000, -1.000000, 0.100000, 0.000100, 1.000000, 0.001000, 0.000010, 0.000000, 0.000000, 0.950000, 0.000000, -9.871561, 0.000000, 19.743122, 1000
0.97, 0.000100, 0.200000, 0.470000, -9.810000, 6.000000, 0.000000, 0.000000, 0.000000, 10.000000, -1.000000, 1.000000, -1.000000, 0.100000, 0.000100, 1.000000, 0.001000, 0.000010, 0.000000, 0.000000, 0.950000, 0.000000, 19.743122, -0.000000, 0.012364, 0.000000, -10.027439, 0.000000, -5.201388, 1000, 0.000100, -1.000000, -1.000000, 0.100000, 0.000100, 5.000000, 1.000000, 0.001000, 0.000010, 0.000000, 0.000000, 0.950000, 5.000000, 0.000000, -5.101541, -0.000000, 0.507703, 1000, 0.000100, 2.000000, -1.000000, -1.000000, 0.100000, 0.000100, 1.000000, 0.001000, 0.000010, 0.000000, 0.000000, 0.950000, 0.000000, -9.949830, 0.000000, 19.899661, 1000
0.98, 0.000100, 0.200000, 0.470000, -9.810000, 6.000000, 0.000000, 0.000000, 0.000000, 10.000000, -1.000000, 1.000000, -1.000000, 0.100000, 0.000100, 1.000000, 0.001000, 0.000010, 0.000000, 0.000000, 0.950000, 0.000000, 19.899661, -0.000000, 0.507703, 0.000000, -10.104384, 0.000000, -5.302009, 1000, 0.000100, -1.000000, -1.000000, 0.100000, 0.000100, 5.000000, 1.000000, 0.001000, 0.000010, 0.000000, 0.000000, 0.950000, 5.000000, 0.000000, -5.201388, -0.000000, 1.006941, 1000, 0.000100, 2.000000, -1.000000, -1.000000, 0.100000, 0.000100, 1.000000, 0.001000, 0.000010, 0.000000, 0.000000, 0.950000, 0.000000, -10.027439, 0.000000, 20.054878, 1000
0.99, 0.000100, 0.200000, 0.470000, -9.810000, 6.000000, 0.000000, 0.000000, 0.000000, 10.000000, -1.000000, 1.000000, -1.000000, 0.100000, 0.000100, 1.000000, 0.001000, 0.000010, 0.000000, 0.000000, 0.950000, 0.000000, 20.054878, -0.000000, 1.006941, 0.000000, -10.180663, 0.000000, -5.403396, 1000, 0.000100, -1.000000, -1.000000, 0.100000, 0.000100, 5.000000, 1.000000, 0.001000, 0.000010, 0.000000, 0.000000, 0.950000, 5.000000, 0.000000, -5.302009, -0.000000, 1.510044, 1000, 0.000100, 2.000000, -1.000000, -1.000000, 0.100000, 0.000100, 1.000000, 0.001000, 0.000010, 0.000000, 0.000000, 0.950000, 0.000000, -10.104384, 0.000000, 20.208768, 1000
1, 0.000100, 0.200000, 0.470000, -9.810000, 6.000000, 0.000000, 0.000000, 0.000000, 10.000000, -1.000000, 1.000000, -1.000000, 0.100000, 0.000100, 1.000000, 0.001000, 0.000010, 0.000000, 0.000000, 0.950000, 0.000000, 20.208768, -0.000000, 1.510044, 0.000000, -10.256274, 0.000000, -5.505543, 1000, 0.000100, -1.000000, -1.000000, 0.100000, 0.000100, 5.000000, 1.000000, 0.001000, 0.000010, 0.000000, 0.000000, 0.950000, 5.000000, 0.000000, -5.403396, -0.000000, 2.016980, 1000, 0.000100, 2.000000, -1.000000, -1.000000, 0.100000, 0.000100, 1.000000, 0.001000, 0.000010, 0.000000, 0.000000, 0.950000, 0.000000, -10.180663, 0.000000, 20.361326, 1000
1.01, 0.000100, 0.200000, 0.470000, -9.810000, 6.000000, 0.000000, 0.000000, 0.000000, 10.000000, -1.000000, 1.000000, -1.000000, 0.100000, 0.000100, 1.000000, 0.001000, 0.000010, 0.000000, 0.000000, 0.950000, 0.000000, 20.361326, -0.000000, 2.016980, 0.000000, -10.331214, 0.000000, -5.608443, 1000, 0.000100, -1.000000, -1.000000, 0.100000, 0.000100, 5.000000, 1.000000, 0.001000, 0.000010, 0.000000, 0.000000, 0.950000, 5.000000, 0.000000, -5.505543, -0.000000, 2.527714, 1000, 0.000100, 2.000000, -1.000000, -1.000000, 0.100000, 0.000100, 1.000000, 0.001000, 0.000010, 0.000000, 0.000000, 0.950000, 0.000000, -10.256274, 0.000000, 20.512548, 1000
1.02, 0.000100, 0.200000, 0.470000, -9.810000, 6.000000, 0.000000, 0.000000, 0.000000, 10.000000, -1.000000, 1.000000, -1.000000, 0.100000, 0.000100, 1.000000, 0.001000, 0.000010, 0.000000, 0.000000, 0.950000, 0.000000, 20.512548, -0.000000, 2.527714, 0.000000, -10.405481, 0.000000, -5.712089, 1000, 0.000100, -1.000000, -1.000000, 0.100000, 0.000100, 5.000000, 1.000000, 0.001000, 0.000010, 0.000000, 0.000000, 0.950000, 5.000000, 0.000000, -5.608443, -0.000000, 3.042214, 1000, 0.000100, 2.000000, -1.000000, -1.000000, 0.100000, 0.000100, 1.000000, 0.001000, 0.000010, 0.000000, 0.000000, 0.950000, 0.000000, -10.331214, 0.000000, 20.662428, 1000
1.03, 0.000100, 0.200000, 0.470000, -9.810000, 6.000000, 0.000000, 0.000000, 0.000000, 10.000000, -1.000000, 1.000000, -1.000000, 0.100000, 0.000100, 1.000000, 0.001000, 0.000010, 0.000000, 0.000000, 0.950000, 0.000000, 20.662428, -0.000000, 3.042214, 0.000000, -10.479072, 0.000000, -5.816475, 1000, 0.000100, -1.000000, -1.000000, 0.100000, 0.000100, 5.000000, 1.000000, 0.001000, 0.000010, 0.000000, 0.000000, 0.950000, 5.000000, 0.000000, -5.712089, -0.000000, 3.560446, 1000, 0.000100, 2.000000, -1.000000, -1.000000, 0.100000, 0.000100, 1.000000, 0.001000, 0.000010, 0.000000, 0.000000, 0.950000, 0.000000, -10.405481, 0.000000, 20.810961, 1000
1.04, 0.000100, 0.200000, 0.470000, -9.810000, 6.000000, 0.000000, 0.000000, 0.000000, 10.000000, -1.000000, 1.000000, -1.000000, 0.100000, 0.000100, 1.000000, 0.001000, 0.000010, 0.000000, 0.000000, 0.950000, 0.000000, 20.810961, -0.000000, 3.560446, 0.000000, -10.551984, 0.000000, -5.921594, 1000, 0.000100, -1.000000, -1.000000, 0.100000, 0.000100, 5.000000, 1.000000, 0.001000, 0.000010, 0.000000, 0.000000, 0.950000, 5.000000, 0.000000, -5.816475, -0.000000, 4.082376, 1000, 0.000100, 2.000000, -1.000000, -1.000000, 0.100000, 0.000100, 1.000000, 0.001000, 0.000010, 0.000000, 0.000000, 0.950000, 0.000000, -10.479072, 0.000000, 20.958143, 1000
1.05, 0.000100, 0.200000, 0.470000, -9.810000, 6.000000, 0.000000, 0.000000, 0.000000, 10.000000, -1.000000, 1.000000, -1.000000, 0.100000, 0.000100, 1.000000, 0.001000, 0.000010, 0.000000, 0.000000, 0.950000, 0.000000, 20.958143, -0.000000, 4.082376, 0.000000, -10.624217, 0.000000, -6.027439, 1000, 0.000100, -1.000000, -1.000000, 0.100000, 0.000100, 5.000000, 1.000000, 0.001000, 0.000010, 0.000000, 0.000000, 0.950000, 5.000000, 0.000000, -5.921594, -0.000000, 4.607970, 1000, 0.000100, 2.000000, -1.000000, -1.000000, 0.100000, 0.000100, 1.000000, 0.001000, 0.000010, 0.000000, 0.000000, 0.950000, 0.000000, -10.551984, 0.000000, 21.103969, 1000
1.06, 0.000100, 0.200000, 0.470000, -9.810000, 6.000000, 0.000000, 0.000000, 0.000000, 10.000000, -1.000000, 1.000000, -1.000000, 0.100000, 0.000100, 1.000000, 0.001000, 0.000010, 0.000000, 0.000000, 0.950000, 0.000000, 21.103969, -0.000000, 4.607970, 0.000000, -10.695766, 0.000000, -6.134003, 1000, 0.000100, -1.000000, -1.000000, 0.100000, 0.000100, 5.000000, 1.000000, 0.001000, 0.000010, 0.000000, 0.000000, 0.950000, 5.000000, 0.000000, -6.027439, -0.000000, 5.137194, 1000, 0.000100, 2.000000, -1.000000, -1.000000, 0.100000, 0.000100, 1.000000, 0.001000, 0.000010, 0.000000, 0.000000, 0.950000, 0.000000, -10.624217, 0.000000, 21.248434, 1000
1.07, 0.000100, 0.200000, 0.470000, -9.810000, 6.000000, 0.000000, 0.000000, 0.000000, 10.000000, -1.000000, 1.000000, -1.000000, 0.100000, 0.000100, 1.000000, 0.001000, 0.000010, 0.000000, 0.000000, 0.950000, 0.000000, 21.248434, -0.000000, 5.137194, 0.000000, -10.766631, 0.000000, -6.241280, 1000, 0.000100, -1.000000, -1.000000, 0.100000, 0.000100, 5.000000, 1.000000, 0.001000, 0.000010, 0.000000, 0.000000, 0.950000, 5.000000, 0.000000, -6.134003, -0.000000, 5.670015, 1000, 0.000100, 2.000000, -1.000000, -1.000000, 0.100000, 0.000100, 1.000000, 0.001000, 0.000010, 0.000000, 0.000000, 0.950000, 0.000000, -10.695766, 0.000000, 21.391533, 1000
1.08, 0.000100, 0.200000, 0.470000, -9.810000, 6.000000, 0.000000, 0.000000, 0.000000, 10.000000, -1.000000, 1.000000, -1.000000, 0.100000, 0.000100, 1.000000, 0.001000, 0.000010, 0.000000, 0.000000, 0.950000, 0.000000, 21.391533, -0.000000, 5.670015, 0.000000, -10.836809, 0.000000, -6.349262, 1000, 0.000100, -1.000000, -1.000000, 0.100000, 0.000100, 5.000000, 1.000000, 0.001000, 0.000010, 0.000000, 0.000000, 0.950000, 5.000000, 0.000000, -6.241280, -0.000000, 6.206398, 1000, 0.000100, 2.000000, -1.000000, -1.000000, 0.100000, 0.000100, 1.000000, 0.001000, 0.000010, 0.000000, 0.000000, 0.950000, 0.000000, -10.766631, 0.000000, 21.533262, 1000
1.09, 0.000100, 0.200000, 0.470000, -9.810000, 6.000000, 0.000000, 0.000000, 0.000000, 10.000000, -1.000000, 1.000000, -1.000000, 0.100000, 0.000100, 1.000000, 0.001000, 0.000010, 0.000000, 0.000000, 0.950000, 0.000000, 21.533262, -0.000000, 6.206398, 0.000000, -10.906297, 0.000000, -6.457943, 1000, 0.000100, -1.000000, -1.000000, 0.100000, 0.000100, 5.000000, 1.000000, 0.001000, 0.000010, 0.000000, 0.000000, 0.950000, 5.000000, 0.000000, -6.349262, -0.000000, 6.746309, 1000, 0.000100, 2.000000, -1.000000, -1.000000, 0.100000, 0.000100, 1.000000, 0.001000, 0.000010, 0.000000, 0.000000, 0.950000, 0.000000, -10.836809, 0.000000, 21.673618, 1000
1.1, 0.000100, 0.200000, 0.470000, -9.810000, 6.000000, 0.000000, 0.000000, 0.000000, 10.000000, -1.000000, 1.000000, -1.000000, 0.100000, 0.000100, 1.000000, 0.001000, 0.000010, 0.000000, 0.000000, 0.950000, 0.000000, 21.673618, -0.000000, 6.746309, 0.000000, -10.975094, 0.000000, -6.567315, 1000, 0.000100, -1.000000, -1.000000, 0.100000, 0.000100, 5.000000, 1.000000, 0.001000, 0.000010, 0.000000, 0.000000, 0.950000, 5.000000, 0.000000, -6.457943, -0.000000, 7.289713, 1000, 0.000100, 2.000000, -1.000000, -1.000000, 0.100000, 0.000100, 1.000000, 0.001000, 0.000010, 0.000000, 0.000000, 0.950000, 0.000000, -10.906297, 0.000000, 21.812594, 1000
1.11, 0.000100, 0.200000, 0.470000, -9.810000, 6.000000, 0.000000, 0.000000, 0.000000, 10.000000, -1.000000, 1.000000, -1.000000, 0.100000, 0.000100, 1.000000, 0.001000, 0.000010, 0.000000, 0.000000, 0.950000, 0.000000, 21.812594, -0.000000, 7.289713, 0.000000, -11.043197, 0.000000, -6.677373, 1000, 0.000100, -1.000000, -1.000000, 0.100000, 0.000100, 5.000000, 1.000000, 0.001000, 0.000010, 0.000000, 0.000000, 0.950000, 5.000000, 0.000000, -6.567315, -0.000000, 7.836575, 1000, 0.000100, 2.000000, -1.000000, -1.000000, 0.100000, 0.000100, 1.000000, 0.001000, 0.000010, 0.000000, 0.000000, 0.950000, 0.000000, -10.975094, 0.000000, 21.950188, 1000
1.12, 0.000100, 0.200000, 0.470000, -9.810000, 6.000000, 0.000000, 0.000000, 0.000000, 10.000000, -1.000000, 1.000000, -1.000000, 0.100000, 0.000100, 1.000000, 0.001000, 0.000010, 0.000000, 0.000000, 0.950000, 0.000000, 21.950188, -0.000000, 7.836575, 0.000000, -11.110605, 0.000000, -6.788108, 1000, 0.000100, -1.000000, -1.000000, 0.100000, 0.000100, 5.000000, 1.000000, 0.001000, 0.000010, 0.000000, 0.000000, 0.950000, 5.000000, 0.000000, -6.677373, -0.000000, 8.386863, 1000, 0.000100, 2.000000, -1.000000, -1.000000, 0.100000, 0.000100, 1.000000, 0.001000, 0.000010, 0.000000, 0.000000, 0.950000, 0.000000, -11.043197, 0.000000, 22.086395, 1000
1.13, 0.000100, 0.200000, 0.470000, -9.810000, 6.000000, 0.000000, 0.000000, 0.000000, 10.000000, -1.000000, 1.000000, -1.000000, 0.100000, 0.000100, 1.000000, 0.001000, 0.000010, 0.000000, 0.000000, 0.950000, 0.000000, 22.086395, -0.000000, 8.386863, 0.000000, -11.177316, 0.000000, -6.899514, 1000, 0.000100, -1.000000, -1.000000, 0.100000, 0.000100, 5.000000, 1.000000, 0.001000, 0.000010, 0.000000, 0.000000, 0.950000, 5.000000, 0.000000, -6.788108, -0.000000, 8.940539, 1000, 0.000100, 2.000000, -1.000000, -1.000000, 0.100000, 0.000100, 1.000000, 0.001000, 0.000010, 0.000000, 0.000000, 0.950000, 0.000000, -11.110605, 0.000000, 22.221211, 1000
1.14, 0.000100, 0.200000, 0.470000, -9.810000, 6.000000, 0.000000, 0.000000, 0.000000, 10.000000, -1.000000, 1.000000, -1.000000, 0.100000, 0.000100, 1.000000, 0.001000, 0.000010, 0.000000, 0.000000, 0.950000, 0.000000, 22.221211, -0.000000, 8.940539, 0.000000, -11.243327, 0.000000, -7.011584, 1000, 0.000100, -1.000000, -1.000000, 0.100000, 0.000100, 5.000000, 1.000000, 0.001000, 0.000010, 0.000000, 0.000000, 0.950000, 5.000000, 0.000000, -6.899514, -0.000000, 9.497570, 1000, 0.000100, 2.000000, -1.000000, -1.000000, 0.100000, 0.000100, 1.000000, 0.001000, 0.000010, 0.000000, 0.000000, 0.950000, 0.000000, -11.177316, 0.000000, 22.354632, 1000
1.15, 0.000100, 0.200000, 0.470000, -9.810000, 6.000000, 0.000000, 0.000000, 0.000000, 10.000000, -1.000000, 1.000000, -1.000000, 0.100000, 0.000100, 1.000000, 0.001000, 0.000010, 0.000000, 0.000000, 0.950000, 0.000000, 22.354632, -0.000000, 9.497570, 0.000000, -11.308636, 0.000000, -7.124311, 1000, 0.000100, -1.000000, -1.000000, 0.100000, 0.000100, 5.000000, 1.000000, 0.001000, 0.000010, 0.000000, 0.000000, 0.950000, 5.000000, 0.000000, -7.011584, -0.000000, 10.057922, 1000, 0.000100, 2.000000, -1.000000, -1.000000, 0.100000, 0.000100, 1.000000, 0.001000, 0.000010, 0.000000, 0.000000, 0.950000, 0.000000, -11.243327, 0.000000, 22.486654, 1000
1.16, 0.000100, 0.200000, 0.470000, -9.810000, 6.000000, 0.000000, 0.000000, 0.000000, 10.000000, -1.000000, 1.000000, -1.000000, 0.100000, 0.000100, 1.000000, 0.001000, 0.000010, 0.000000, 0.000000, 0.950000, 0.000000, 22.486654, -0.000000, 10.057922, 0.000000, -11.373243, 0.000000, -7.237689, 1000, 0.000100, -1.000000, -1.000000, 0.100000, 0.000100, 5.000000, 1.000000, 0.001000, 0.000010, 0.000000, 0.000000, 0.950000, 5.000000, 0.000000, -7.124311, -0.000000, 10.621557, 1000, 0.000100, 2.000000, -1.000000, -1.000000, 0.100000, 0.000100, 1.000000, 0.001000, 0.000010, 0.000000, 0.000000, 0.950000, 0.000000, -11.308636, 0.000000, 22.617273, 1000
1.17, 0.000100, 0.200000, 0.470000, -9.810000, 6.000000, 0.000000, 0.000000, 0.000000, 10.000000, -1.000000, 1.000000, -1.000000, 0.100000, 0.000100, 1.000000, 0.001000, 0.000010, 0.000000, 0.000000, 0.950000, 0.000000, 22.617273, -0.000000, 10.621557, 0.000000, -11.437144, 0.000000, -7.351709, 1000, 0.000100, -1.000000, -1.000000, 0.100000, 0.000100, 5.000000, 1.000000, 0.001000, 0.000010, 0.000000, 0.000000, 0.950000, 5.000000, 0.000000, -7.237689, -0.000000, 11.188443, 1000, 0.000100, 2.000000, -1.000000, -1.000000, 0.100000, 0.000100, 1.000000, 0.001000, 0.000010, 0.000000, 0.000000, 0.950000, 0.000000, -11.373243, 0.000000, 22.746486, 1000
1.18, 0.000100, 0.200000, 0.470000, -9.810000, 6.000000, 0.000000, 0.000000, 0.000000, 10.000000, -1.000000, 1.000000, -1.000000, 0.100000, 0.000100, 1.000000, 0.001000, 0.000010, 0.000000, 0.000000, 0.950000, 0.000000, 22.746486, -0.000000, 11.188443, 0.000000, -11.500339, 0.000000, -7.466364, 1000, 0.000100, -1.000000, -1.000000, 0.100000, 0.000100, 5.000000, 1.000000, 0.001000, 0.000010, 0.000000, 0.000000, 0.950000, 5.000000, 0.000000, -7.351709, -0.000000, 11.758543, 1000, 0.000100, 2.000000, -1.000000, -1.000000, 0.100000, 0.000100, 1.000000, 0.001000, 0.000010, 0.000000, 0.000000, 0.950000, 0.000000, -11.437144, 0.000000, 22.874289, 1000
1.19, 0.000100, 0.200000, 0.470000, -9.810000, 6.000000, 0.000000, 0.000000, 0.000000, 10.000000, -1.000000, 1.000000, -1.000000, 0.100000, 0.000100, 1.000000, 0.001000, 0.000010, 0.000000, 0.000000, 0.950000, 0.000000, 22.874289, -0.000000, 11.758543, 0.000000, -11.562825, 0.000000, -7.581649, 1000, 0.000100, -1.000000, -1.000000, 0.100000, 0.000100, 5.000000, 1.000000, 0.001000, 0.000010, 0.000000, 0.000000, 0.950000, 5.000000, 0.000000, -7.466364, -0.000000, 12.331822, 1000, 0.000100, 2.000000, -1.000000, -1.000000, 0.100000, 0.000100, 1.000000, 0.001000, 0.000010, 0.000000, 0.000000, 0.950000, 0.000000, -11.500339, 0.000000, 23.000678, 1000
1.2, 0.000100, 0.200000, 0.470000, -9.810000, 6.000000, 0.000000, 0.000000, 0.000000, 10.000000, -1.000000, 1.000000, -1.000000, 0.100000, 0.000100, 1.000000, 0.001000, 0.000010, 0.000000, 0.000000, 0.950000, 0.000000, 23.000678, -0.000000, 12.331822, 0.000000, -11.624600, 0.000000, -7.697555, 1000, 0.000100, -1.000000, -1.000000, 0.100000, 0.000100, 5.000000, 1.000000, 0.001000, 0.000010, 0.000000, 0.000000, 0.950000, 5.000000, 0.000000, -7.581649, -0.000000, 12.908245, 1000, 0.000100, 2.000000, -1.000000, -1.000000, 0.100000, 0.000100, 1.000000, 0.001000, 0.000010, 0.000000, 0.000000, 0.950000, 0.000000, -11.562825, 0.000000, 23.125650, 1000
1.21, 0.000100, 0.200000, 0.470000, -9.810000, 6.000000, 0.000000, 0.000000, 0.000000, 10.000000, -1.000000, 1.000000, -1.000000, 0.100000, 0.000100, 1.000000, 0.001000, 0.000010, 0.000000, 0.000000, 0.950000, 0.000000, 23.125650, -0.000000, 12.908245, 0.000000, -11.685664, 0.000000, -7.814076, 1000, 0.000100, -1.000000, -1.000000, 0.100000, 0.000100, 5.000000, 1.000000, 0.001000, 0.000010, 0.000000, 0.000000, 0.950000, 5.000000, 0.000000, -7.697555, -0.000000, 13.487776, 1000, 0.000100, 2.000000, -1.000000, -1.000000, 0.100000, 0.000100, 1.000000, 0.001000, 0.000010, 0.000000, 0.000000, 0.950000, 0.000000, -11.624600, 0.000000, 23.249201, 1000
1.22, 0.000100, 0.200000, 0.470000, -9.810000, 6.000000, 0.000000, 0.000000, 0.000000, 10.000000, -1.000000, 1.000000, -1.000000, 0.100000, 0.000100, 1.000000, 0.001000, 0.000010, 0.000000, 0.000000, 0.950000, 0.000000, 23.249201, -0.000000, 13.487776, 0.000000, -11.746014, 0.000000, -7.931204, 1000, 0.000100, -1.000000, -1.000000, 0.100000, 0.000100, 5.000000, 1.000000, 0.001000, 0.000010, 0.000000, 0.000000, 0.950000, 5.000000, 0.000000, -7.814076, -0.000000, 14.070380, 1000, 0.000100, 2.000000, -1.000000, -1.000000, 0.100000, 0.000100, 1.000000, 0.001000, 0.000010, 0.000000, 0.000000, 0.950000, 0.000000, -11.685664, 0.000000, 23.371328, 1000
1.23, 0.000100, 0.200000, 0.470000, -9.810000, 6.000000, 0.000000, 0.000000, 0.000000, 10.000000, -1.000000, 1.000000, -1.000000, 0.100000, 0.000100, 1.000000, 0.001000, 0.000010, 0.000000, 0.000000, 0.950000, 0.000000, 23.371328, -0.000000, 14.070380, 0.000000, -11.805649, 0.000000, -8.048933, 1000, 0.000100, -1.000000, -1.000000, 0.100000, 0.000100, 5.000000, 1.000000, 0.001000, 0.000010, 0.000000, 0.000000, 0.950000, 5.000000, 0.000000, -7.931204, -0.000000, 14.656021, 1000, 0.000100, 2.000000, -1.000000, -1.000000, 0.100000, 0.000100, 1.000000, 0.001000, 0.000010, 0.000000, 0.000000, 0.950000, 0.000000, -11.746014, 0.000000, 23.492029, 1000
1.24, 0.000100, 0.200000, 0.470000, -9.810000, 6.000000, 0.000000, 0.000000, 0.000000, 10.000000, -1.000000, 1.000000, -1.000000, 0.100000, 0.000100, 1.000000, 0.001000, 0.000010, 0.000000, 0.000000, 0.950000, 0.000000, 23.492029, -0.000000, 14.656021, 0.000000, -11.864568, 0.000000, -8.167254, 1000, 0.000100, -1.000000, -1.000000, 0.100000, 0.000100, 5.000000, 1.000000, 0.001000, 0.000010, 0.000000, 0.000000, 0.950000, 5.000000, 0.000000, -8.048933, -0.000000, 15.244664, 1000, 0.000100, 2.000000, -1.000000, -1.000000, 0.100000, 0.000100, 1.000000, 0.001000, 0.000010, 0.000000, 0.000000, 0.950000, 0.000000, -11.805649, 0.000000, 23.611299, 1000
1.25, 0.000100, 0.200000, 0.470000, -9.810000, 6.000000, 0.000000, 0.000000, 0.000000, 10.000000, -1.000000, 1.000000, -1.000000, 0.100000, 0.000100, 1.000000, 0.001000, 0.000010, 0.000000, 0.000000, 0.950000, 0.000000, 23.611299, -0.000000, 15.244664, 0.000000, -11.922768, 0.000000, -8.286162, 1000, 0.000100, -1.000000, -1.000000, 0.100000, 0.000100, 5.000000, 1.000000, 0.001000, 0.000010, 0.000000, 0.000000, 0.950000, 5.000000, 0.000000, -8.167254, -0.000000, 15.836272, 1000, 0.000100, 2.000000, -1.000000, -1.000000, 0.100000, 0.000100, 1.000000, 0.001000, 0.000010, 0.000000, 0.000000, 0.950000, 0.000000, -11.864568, 0.000000, 23.729136, 1000
1.26, 0.000100, 0.200000, 0.470000, -9.810000, 6.000000, 0.000000, 0.000000, 0.000000, 10.000000, -1.000000, 1.000000, -1.000000, 0.100000, 0.000100, 1.000000, 0.001000, 0.000010, 0.000000, 0.000000, 0.950000, 0.000000, 23.729136, -0.000000, 15.836272, 0.000000, -11.980249, 0.000000, -8.405648, 1000, 0.000100, -1.000000, -1.000000, 0.100000, 0.000100, 5.000000, 1.000000, 0.001000, 0.000010, 0.000000, 0.000000, 0.950000, 5.000000, 0.000000, -8.286162, -0.000000, 16.430810, 1000, 0.000100, 2.000000, -1.000000, -1.000000, 0.100000, 0.000100, 1.000000, 0.001000, 0.000010, 0.000000, 0.000000, 0.950000, 0.000000, -11.922768, 0.000000, 23.845536, 1000
1.27, 0.000100, 0.200000, 0.470000, -9.810000, 6.000000, 0.000000, 0.000000, 0.000000, 10.000000, -1.000000, 1.000000, -1.000000, 0.100000, 0.000100, 1.000000, 0.001000, 0.000010, 0.000000, 0.000000, 0.950000, 0.000000, 23.845536, -0.000000, 16.430810, 0.000000, -12.037008, 0.000000, -8.525706, 1000, 0.000100, -1.000000, -1.000000, 0.100000, 0.000100, 5.000000, 1.000000, 0.001000, 0.000010, 0.000000, 0.000000, 0.950000, 5.000000, 0.000000, -8.405648, -0.000000, 17.028242, 1000, 0.000100, 2.000000, -1.000000, -1.000000, 0.100000, 0.000100, 1.000000, 0.001000, 0.000010, 0.000000, 0.000000, 0.950000, 0.000000, -11.980249, 0.000000, 23.960497, 1000
1.28, 0.000100, 0.200000, 0.470000, -9.810000, 6.000000, 0.000000, 0.000000, 0.000000, 10.000000, -1.000000, 1.000000, -1.000000, 0.100000, 0.000100, 1.000000, 0.001000, 0.000010, 0.000000, 0.000000, 0.950000, 0.000000, 23.960497, -0.000000, 17.028242, 0.000000, -12.093045, 0.000000, -8.646329, 1000, 0.000100, -1.000000, -1.000000, 0.100000, 0.000100, 5.000000, 1.000000, 0.001000, 0.000010, 0.000000, 0.000000, 0.950000, 5.000000, 0.000000, -8.525706, -0.000000, 17.628531, 1000, 0.000100, 2.000000, -1.000000, -1.000000, 0.100000, 0.000100, 1.000000, 0.001000, 0.000010, 0.000000, 0.000000, 0.950000, 0.000000, -12.037008, 0.000000, 24.074016, 1000
1.29, 0.000100, 0.200000, 0.470000, -9.810000, 6.000000, 0.000000, 0.000000, 0.000000, 10.000000, -1.000000, 1.000000, -1.000000, 0.100000, 0.000100, 1.000000, 0.001000, 0.000010, 0.000000, 0.000000, 0.950000, 0.000000, 24.074016, -0.000000, 17.628531, 0.000000, -12.148358, 0.000000, -8.767508, 1000, 0.000100, -1.000000, -1.000000, 0.100000, 0.000100, 5.000000, 1.000000, 0.001000, 0.000010, 0.000000, 0.000000, 0.950000, 5.000000, 0.000000, -8.646329, -0.000000, 18.231643, 1000, 0.000100, 2.000000, -1.000000, -1.000000, 0.100000, 0.000100, 1.000000, 0.001000, 0.000010, 0.000000, 0.000000, 0.950000, 0.000000, -12.093045, 0.000000, 24.186090, 1000
1.3, 0.000100, 0.200000, 0.470000, -9.810000, 6.000000, 0.000000, 0.000000, 0.000000, 10.000000, -1.000000, 1.000000, -1.000000, 0.100000, 0.000100, 1.000000, 0.001000, 0.000010, 0.000000, 0.000000, 0.950000, 0.000000, 24.186090, -0.000000, 18.231643, 0.000000, -12.202947, 0.000000, -8.889237, 1000, 0.000100, -1.000000, -1.000000, 0.100000, 0.000100, 5.000000, 1.000000, 0.001000, 0.000010, 0.000000, 0.000000, 0.950000, 5.000000, 0.000000, -8.767508, -0.000000, 18.837539, 1000, 0.000100, 2.000000, -1.000000, -1.000000, 0.100000, 0.000100, 1.000000, 0.001000, 0.000010, 0.000000, 0.000000, 0.950000, 0.000000, -12.148358, 0.000000, 24.296717, 1000
1.31, 0.000100, 0.200000, 0.470000, -9.810000, 6.000000, 0.000000, 0.000000, 0.000000, 10.000000, -1.000000, 1.000000, -1.000000, 0.100000, 0.000100, 1.000000, 0.001000, 0.000010, 0.000000, 0.000000, 0.950000, 0.000000, 24.296717, -0.000000, 18.837539, 0.000000, -12.256809, 0.000000, -9.011509, 1000, 0.000100, -1.000000, -1.000000, 0.100000, 0.000100, 5.000000, 1.000000, 0.001000, 0.000010, 0.000000, 0.000000, 0.950000, 5.000000, 0.000000, -8.889237, -0.000000, 19.446186, 1000, 0.000100, 2.000000, -1.000000, -1.000000, 0.100000, 0.000100, 1.000000, 0.001000, 0.000010, 0.000000, 0.000000, 0.950000, 0.000000, -12.202947, 0.000000, 24.405894, 1000
1.32, 0.000100, 0.200000, 0.470000, -9.810000, 6.000000, 0.000000, 0.000000, 0.000000, 10.000000, -1.000000, 1.000000, -1.000000, 0.100000, 0.000100, 1.000000, 0.001000, 0.000010, 0.000000, 0.000000, 0.950000, 0.000000, 24.405894, -0.000000, 19.446186, 0.000000, -12.309943, 0.000000, -9.134316, 1000, 0.000100, -1.000000, -1.000000, 0.100000, 0.000100, 5.000000, 1.000000, 0.001000, 0.000010, 0.000000, 0.000000, 0.950000, 5.000000, 0.000000, -9.011509, -0.000000, 20.057545, 1000, 0.000100, 2.000000, -1.000000, -1.000000, 0.100000, 0.000100, 1.000000, 0.001000, 0.000010, 0.000000, 0.000000, 0.950000, 0.000000, -12.256809, 0.000000, 24.513617, 1000
1.33, 0.000100, 0.200000, 0.470000, -9.810000, 6.000000, 0.000000, 0.000000, 0.000000, 10.000000, -1.000000, 1.000000, -1.000000, 0.100000, 0.000100, 1.000000, 0.001000, 0.000010, 0.000000, 0.000000, 0.950000, 0.000000, 24.513617, -0.000000, 20.057545, 0.000000, -12.362349, 0.000000, -9.257651, 1000, 0.000100, -1.000000, -1.000000, 0.100000, 0.000100, 5.000000, 1.000000, 0.001000, 0.000010, 0.000000, 0.000000, 0.950000, 5.000000, 0.000000, -9.134316, -0.000000, 20.671581, 1000, 0.000100, 2.000000, -1.000000, -1.000000, 0.100000, 0.000100, 1.000000, 0.001000, 0.000010, 0.000000, 0.000000, 0.950000, 0.000000, -12.309943, 0.000000, 24.619886, 1000
1.34, 0.000100, 0.200000, 0.470000, -9.810000, 6.000000, 0.000000, 0.000000, 0.000000, 10.000000, -1.000000, 1.000000, -1.000000, 0.100000, 0.000100, 1.000000, 0.001000, 0.000010, 0.000000, 0.000000, 0.950000, 0.000000, 24.619886, -0.000000, 20.671581, 0.000000, -12.414025, 0.000000, -9.381507, 1000, 0.000100, -1.000000, -1.000000, 0.100000, 0.000100, 5.000000, 1.000000, 0.001000, 0.000010, 0.000000, 0.000000, 0.950000, 5.000000, 0.000000, -9.257651, -0.000000, 21.288257, 1000, 0.000100, 2.000000, -1.000000, -1.000000, 0.100000, 0.000100, 1.000000, 0.001000, 0.000010, 0.000000, 0.000000, 0.950000, 0.000000, -12.362349, 0.000000, 24.724698, 1000
1.35, 0.000100, 0.200000, 0.470000, -9.810000, 6.000000, 0.000000, 0.000000, 0.000000, 10.000000, -1.000000, 1.000000, -1.000000, 0.100000, 0.000100, 1.000000, 0.001000, 0.000010, 0.000000, 0.000000, 0.950000, 0.000000, 24.724698, -0.000000, 21.288257, 0.000000, -12.464970, 0.000000, -9.505877, 1000, 0.000100, -1.000000, -1.000000, 0.100000, 0.000100, 5.000000, 1.000000, 0.001000, 0.000010, 0.000000, 0.000000, 0.950000, 5.000000, 0.000000, -9.381507, -0.000000, 21.907537, 1000, 0.000100, 2.000000, -1.000000, -1.000000, 0.100000, 0.000100, 1.000000, 0.001000, 0.000010, 0.000000, 0.000000, 0.950000, 0.000000, -12.414025, 0.000000, 24.828050, 1000
1.36, 0.000100, 0.200000, 0.470000, -9.810000, 6.000000, 0.000000, 0.000000, 0.000000, 10.000000, -1.000000, 1.000000, -1.000000, 0.100000, 0.000100, 1.000000, 0.001000, 0.000010, 0.000000, 0.000000, 0.950000, 0.000000, 24.828050, -0.000000, 21.907537, 0.000000, -12.515183, 0.000000, -9.630753, 1000, 0.000100, -1.000000, -1.000000, 0.100000, 0.000100, 5.000000, 1.000000, 0.001000, 0.000010, 0.000000, 0.000000, 0.950000, 5.000000, 0.000000, -9.505877, -0.000000, 22.529385, 1000, 0.000100, 2.000000, -1.000000, -1.000000, 0.100000, 0.000100, 1.000000, 0.001000, 0.000010, 0.000000, 0.000000, 0.950000, 0.000000, -12.464970, 0.000000, 24.929940, 1000
1.37, 0.000100, 0.200000, 0.470000, -9.810000, 6.000000, 0.000000, 0.000000, 0.000000, 10.000000, -1.000000, 1.000000, -1.000000, 0.100000, 0.000100, 1.000000, 0.001000, 0.000010, 0.000000, 0.000000, 0.950000, 0.000000, 24.929940, -0.000000, 22.529385, 0.000000, -12.564663, 0.000000, -9.756127, 1000, 0.000100, -1.000000, -1.000000, 0.100000, 0.000100, 5.000000, 1.000000, 0.001000, 0.000010, 0.000000, 0.000000, 0.950000, 5.000000, 0.000000, -9.630753, -0.000000, 23.153763, 1000, 0.000100, 2.000000, -1.000000, -1.000000, 0.100000, 0.000100, 1.000000, 0.001000, 0.000010, 0.000000, 0.000000, 0.950000, 0.000000, -12.515183, 0.000000, 25.030367, 1000
1.38, 0.000100, 0.200000, 0.470000, -9.810000, 6.000000, 0.000000, 0.000000, 0.000000, 10.000000, -1.000000, 1.000000, -1.000000, 0.100000, 0.000100, 1.000000, 0.001000, 0.000010, 0.000000, 0.000000, 0.950000, 0.000000, 25.030367, -0.000000, 23.153763, 0.000000, -12.613410, 0.000000, -9.881993, 1000, 0.000100, -1.000000, -1.000000, 0.100000, 0.000100, 5.000000, 1.000000, 0.001000, 0.000010, 0.000000, 0.000000, 0.950000, 5.000000, 0.000000, -9.756127, -0.000000, 23.780636, 1000, 0.000100, 2.000000, -1.000000, -1.000000, 0.100000, 0.000100, 1.000000, 0.001000, 0.000010, 0.000000, 0.000000, 0.950000, 0.000000, -12.564663, 0.000000, 25.129327, 1000
1.39, 0.000100, 0.200000, 0.470000, -9.810000, 6.000000, 0.000000, 0.000000, 0.000000, 10.000000, -1.000000, 1.000000, -1.000000, 0.100000, 0.000100, 1.000000, 0.001000, 0.000010, 0.000000, 0.000000, 0.950000, 0.000000, 25.129327, -0.000000, 23.780636, 0.000000, -12.661421, 0.000000, -10.008343, 1000, 0.000100, -1.000000, -1.000000, 0.100000, 0.000100, 5.000000, 1.000000, 0.001000, 0.000010, 0.000000, 0.000000, 0.950000, 5.000000, 0.000000, -9.881993, -0.000000, 24.409966, 1000, 0.000100, 2.000000, -1.000000, -1.000000, 0.100000, 0.000100, 1.000000, 0.001000, 0.000010, 0.000000, 0.000000, 0.950000, 0.000000, -12.613410, 0.000000, 25.226820, 1000
1.4, 0.000100, 0.200000, 0.470000, -9.810000, 6.000000, 0.000000, 0.000000, 0.000000, 10.000000, -1.000000, 1.000000, -1.000000, 0.100000, 0.000100, 1.000000, 0.001000, 0.000010, 0.000000, 0.000000, 0.950000, 0.000000, 25.226820, -0.000000, 24.409966, 0.000000, -12.708697, 0.000000, -10.135170, 1000, 0.000100, -1.000000, -1.000000, 0.100000, 0.000100, 5.000000, 1.000000, 0.001000, 0.000010, 0.000000, 0.000000, 0.950000, 5.000000, 0.000000, -10.008343, -0.000000, 25.041717, 1000, 0.000100, 2.000000, -1.000000, -1.000000, 0.100000, 0.000100, 1.000000, 0.001000, 0.000010, 0.000000, 0.000000, 0.950000, 0.000000, -12.661421, 0.000000, 25.322842, 1000
1.41, 0.000100, 0.200000, 0.470000, -9.810000, 6.000000, 0.000000, 0.000000, 0.000000, 10.000000, -1.000000, 1.000000, -1.000000, 0.100000, 0.000100, 1.000000, 0.001000, 0.000010, 0.000000, 0.000000, 0.950000, 0.000000, 25.322842, -0.000000, 25.041717, 0.000000, -12.755236, 0.000000, -10.262467, 1000, 0.000100, -1.000000, -1.000000, 0.100000, 0.000100, 5.000000, 1.000000, 0.001000, 0.000010, 0.000000, 0.000000, 0.950000, 5.000000, 0.000000, -10.135170, -0.000000, 25.675851, 1000, 0.000100, 2.000000, -1.000000, -1.000000, 0.100000, 0.000100, 1.000000, 0.001000, 0.000010, 0.000000, 0.000000, 0.950000, 0.000000, -12.708697, 0.000000, 25.417394, 1000
1.42, 0.000100, 0.200000, 0.470000, -9.810000, 6.000000, 0.000000, 0.000000, 0.000000, 10.000000, -1.000000, 1.000000, -1.000000, 0.100000, 0.000100, 1.000000, 0.001000, 0.000010, 0.000000, 0.000000, 0.950000, 0.000000, 25.417394, -0.000000, 25.675851, 0.000000, -12.801038, 0.000000, -10.390225, 1000, 0.000100, -1.000000, -1.000000, 0.100000, 0.000100, 5.000000, 1.000000, 0.001000, 0.000010, 0.000000, 0.000000, 0.950000, 5.000000, 0.000000, -10.262467, -0.000000, 26.312333, 1000, 0.000100, 2.000000, -1.000000, -1.000000, 0.100000, 0.000100, 1.000000, 0.001000, 0.000010, 0.000000, 0.000000, 0.950000, 0.000000, -12.755236, 0.000000, 25.510472, 1000
1.43, 0.000100, 0.200000, 0.470000, -9.810000, 6.000000, 0.000000, 0.000000, 0.000000, 10.000000, -1.000000, 1.000000, -1.000000, 0.100000, 0.000100, 1.000000, 0.001000, 0.000010, 0.000000, 0.000000, 0.950000, 0.000000, 25.510472, -0.000000, 26.312333, 0.000000, -12.846101, 0.000000, -10.518438, 1000, 0.000100, -1.000000, -1.000000, 0.100000, 0.000100, 5.000000, 1.000000, 0.001000, 0.000010, 0.000000, 0.000000, 0.950000, 5.000000, 0.000000, -10.390225, -0.000000, 26.951126, 1000, 0.000100, 2.000000, -1.000000, -1.000000, 0.100000, 0.000100, 1.000000, 0.001000, 0.000010, 0.000000, 0.000000, 0.950000, 0.000000, -12.801038, 0.000000, 25.602075, 1000
1.44, 0.000100, 0.200000, 0.470000, -9.810000, 6.000000, 0.000000, 0.000000, 0.000000, 10.000000, -1.000000, 1.000000, -1.000000, 0.100000, 0.000100, 1.000000, 0.001000, 0.000010, 0.000000, 0.000000, 0.950000, 0.000000, 25.602075, -0.000000, 26.951126, 0.000000, -12.890426, 0.000000, -10.647099, 1000, 0.000100, -1.000000, -1.000000, 0.100000, 0.000100, 5.000000, 1.000000, 0.001000, 0.000010, 0.000000, 0.000000, 0.950000, 5.000000, 0.000000, -10.518438, -0.000000, 27.592192, 1000, 0.000100, 2.000000, -1.000000, -1.000000, 0.100000, 0.000100, 1.000000, 0.001000, 0.000010, 0.000000, 0.000000, 0.950000, 0.000000, -12.846101, 0.000000, 25.692203, 1000
1.45, 0.000100, 0.200000, 0.470000, -9.810000, 6.000000, 0.000000, 0.000000, 0.000000, 10.000000, -1.000000, 1.000000, -1.000000, 0.100000, 0.000100, 1.000000, 0.001000, 0.000010, 0.000000, 0.000000, 0.950000, 0.000000, 25.692203, -0.000000, 27.592192, 0.000000, -12.934011, 0.000000, -10.776199, 1000, 0.000100, -1.000000, -1.000000, 0.100000, 0.000100, 5.000000, 1.000000, 0.001000, 0.000010, 0.000000, 0.000000, 0.950000, 5.000000, 0.000000, -10.647099, -0.000000, 28.235494, 1000, 0.000100, 2.000000, -1.000000, -1.000000, 0.100000, 0.000100, 1.000000, 0.001000, 0.000010, 0.000000, 0.000000, 0.950000, 0.000000, -12.890426, 0.000000, 25.780852, 1000
1.46, 0.000100, 0.200000, 0.470000, -9.810000, 6.000000, 0.000000, 0.000000, 0.000000, 10.000000, -1.000000, 1.000000, -1.000000, 0.100000, 0.000100, 1.000000, 0.001000, 0.000010, 0.000000, 0.000000, 0.950000, 0.000000, 25.780852, -0.000000, 28.235494, 0.000000, -12.976856, 0.000000, -10.905732, 1000, 0.000100, -1.000000, -1.000000, 0.100000, 0.000100, 5.000000, 1.000000, 0.001000, 0.000010, 0.000000, 0.000000, 0.950000, 5.000000, 0.000000, -10.776199, -0.000000, 28.880996, 1000, 0.000100, 2.000000, -1.000000, -1.000000, 0.100000, 0.000100, 1.000000, 0.001000, 0.000010, 0.000000, 0.000000, 0.950000, 0.000000, -12.934011, 0.000000, 25.868022, 1000
1.47, 0.000100, 0.200000, 0.470000, -9.810000, 6.000000, 0.000000, 0.000000, 0.000000, 10.000000, -1.000000, 1.000000, -1.000000, 0.100000, 0.000100, 1.000000, 0.001000, 0.000010, 0.000000, 0.000000, 0.950000, 0.000000, 25.868022, -0.000000, 28.880996, 0.000000, -13.018960, 0.000000, -11.035690, 1000, 0.000100, -1.000000, -1.000000, 0.100000, 0.000100, 5.000000, 1.000000, 0.001000, 0.000010, 0.000000, 0.000000, 0.950000, 5.000000, 0.000000, -10.905732, -0.000000, 29.528661, 1000, 0.000100, 2.000000, -1.000000, -1.000000, 0.100000, 0.000100, 1.000000, 0.001000, 0.000010, 0.000000, 0.000000, 0.950000, 0.000000, -12.976856, 0.000000, 25.953712, 1000
1.48, 0.000100, 0.200000, 0.470000, -9.810000, 6.000000, 0.000000, 0.000000, 0.000000, 10.000000, -1.000000, 1.000000, -1.000000, 0.100000, 0.000100, 1.000000, 0.001000, 0.000010, 0.000000, 0.000000, 0.950000, 0.000000, 25.953712, -0.000000, 29.528661, 0.000000, -13.060323, 0.000000, -11.166066, 1000, 0.000100, -1.000000, -1.000000, 0.100000, 0.000100, 5.000000, 1.000000, 0.001000, 0.000010, 0.000000, 0.000000, 0.950000, 5.000000, 0.000000, -11.035690, -0.000000, 30.178451, 1000, 0.000100, 2.000000, -1.000000, -1.000000, 0.100000, 0.000100, 1.000000, 0.001000, 0.000010, 0.000000, 0.000000, 0.950000, 0.000000, -13.018960, 0.000000, 26.037920, 1000
1.49, 0.000100, 0.200000, 0.470000, -9.810000, 6.000000, 0.000000, 0.000000, 0.000000, 10.000000, -1.000000, 1.000000, -1.000000, 0.100000, 0.000100, 1.000000, 0.001000, 0.000010, 0.000000, 0.000000, 0.950000, 0.000000, 26.037920, -0.000000, 30.178451, 0.000000, -13.100944, 0.000000, -11.296852, 1000, 0.000100, -1.000000, -1.000000, 0.100000, 0.000100, 5.000000, 1.000000, 0.001000, 0.000010, 0.000000, 0.000000, 0.950000, 5.000000, 0.000000, -11.166066, -0.000000, 30.830329, 1000, 0.000100, 2.000000, -1.000000, -1.000000, 0.100000, 0.000100, 1.000000, 0.001000, 0.000010, 0.000000, 0.000000, 0.950000, 0.000000, -13.060323, 0.000000, 26.120646, 1000
1.5, 0.000100, 0.200000, 0.470000, -9.810000, 6.000000, 0.000000, 0.000000, 0.000000, 10.000000, -1.000000, 1.000000, -1.000000, 0.100000, 0.000100, 1.000000, 0.001000, 0.000010, 0.000000, 0.000000, 0.950000, 0.000000, 26.120646, -0.000000, 30.830329, 0.000000, -13.140822, 0.000000, -11.428041, 1000, 0.000100, -1.000000, -1.000000, 0.100000, 0.000100, 5.000000, 1.000000, 0.001000, 0.000010, 0.000000, 0.000000, 0.950000, 5.000000, 0.000000, -11.296852, -0.000000, 31.484260, 1000, 0.000100, 2.000000, -1.000000, -1.000000, 0.100000, 0.000100, 1.000000, 0.001000, 0.000010, 0.000000, 0.000000, 0.950000, 0.000000, -13.100944, 0.000000, 26.201887, 1000
1.51, 0.000100, 0.200000, 0.470000, -9.810000, 6.000000, 0.000000, 0.000000, 0.000000, 10.000000, -1.000000, 1.000000, -1.000000, 0.100000, 0.000100, 1.000000, 0.001000, 0.000010, 0.000000, 0.000000, 0.950000, 0.000000, 26.201887, -0.000000, 31.484260, 0.000000, -13.179958, 0.000000, -11.559625, 1000, 0.000100, -1.000000, -1.000000, 0.100000, 0.000100, 5.000000, 1.000000, 0.001000, 0.000010, 0.000000, 0.000000, 0.950000, 5.000000, 0.000000, -11.428041, -0.000000, 32.140204, 1000, 0.000100, 2.000000, -1.000000, -1.000000, 0.100000, 0.000100, 1.000000, 0.001000, 0.000010, 0.000000, 0.000000, 0.950000, 0.000000, -13.140822, 0.000000, 26.281644, 1000
1.52, 0.000100, 0.200000, 0.470000, -9.810000, 6.000000, 0.000000, 0.000000, 0.000000, 10.000000, -1.000000, 1.000000, -1.000000, 0.100000, 0.000100, 1.000000, 0.001000, 0.000010, 0.000000, 0.000000, 0.950000, 0.000000, 26.281644, -0.000000, 32.140204, 0.000000, -13.218350, 0.000000, -11.691598, 1000, 0.000100, -1.000000, -1.000000, 0.100000, 0.000100, 5.000000, 1.000000, 0.001000, 0.000010, 0.000000, 0.000000, 0.950000, 5.000000, 0.000000, -11.559625, -0.000000, 32.798126, 1000, 0.000100, 2.000000, -1.000000, -1.000000, 0.100000, 0.000100, 1.000000, 0.001000, 0.000010, 0.000000, 0.000000, 0.950000, 0.000000, -13.179958, 0.000000, 26.359915, 1000
1.53, 0.000100, 0.200000, 0.470000, -9.810000, 6.000000, 0.000000, 0.000000, 0.000000, 10.000000, -1.000000, 1.000000, -1.000000, 0.100000, 0.000100, 1.000000, 0.001000, 0.000010, 0.000000, 0.000000, 0.950000, 0.000000, 26.359915, -0.000000, 32.798126, 0.000000, -13.255999, 0.000000, -11.823950, 1000, 0.000100, -1.000000, -1.000000, 0.100000, 0.000100, 5.000000, 1.000000, 0.001000, 0.000010, 0.000000, 0.000000, 0.950000, 5.000000, 0.000000, -11.691598, -0.000000, 33.457988, 1000, 0.000100, 2.000000, -1.000000, -1.000000, 0.100000, 0.000100, 1.000000, 0.001000, 0.000010, 0.000000, 0.000000, 0.950000, 0.000000, -13.218350, 0.000000, 26.436700, 1000
1.54, 0.000100, 0.200000, 0.470000, -9.810000, 6.000000, 0.000000, 0.000000, 0.000000, 10.000000, -1.000000, 1.000000, -1.000000, 0.100000, 0.000100, 1.000000, 0.001000, 0.000010, 0.000000, 0.000000, 0.950000, 0.000000, 26.436700, -0.000000, 33.457988, 0.000000, -13.292903, 0.000000, -11.956676, 1000, 0.000100, -1.000000, -1.000000, 0.100000, 0.000100, 5.000000, 1.000000, 0.001000, 0.000010, 0.000000, 0.000000, 0.950000, 5.000000, 0.000000, -11.823950, -0.000000, 34.119752, 1000, 0.000100, 2.000000, -1.000000, -1.000000, 0.100000, 0.000100, 1.000000, 0.001000, 0.000010, 0.000000, 0.000000, 0.950000, 0.000000, -13.255999, 0.000000, 26.511997, 1000
1.55, 0.000100, 0.200000, 0.470000, -9.810000, 6.000000, 0.000000, 0.000000, 0.000000, 10.000000, -1.000000, 1.000000, -1.000000, 0.100000, 0.000100, 1.000000, 0.001000, 0.000010, 0.000000, 0.000000, 0.950000, 0.000000, 26.511997, -0.000000, 34.119752, 0.000000, -13.329064, 0.000000, -12.089768, 1000, 0.000100, -1.000000, -1.000000, 0.100000, 0.000100, 5.000000, 1.000000, 0.001000, 0.000010, 0.000000, 0.000000, 0.950000, 5.000000, 0.000000, -11.956676, -0.000000, 34.783382, 1000, 0.000100, 2.000000, -1.000000, -1.000000, 0.100000, 0.000100, 1.000000, 0.001000, 0.000010, 0.000000, 0.000000, 0.950000, 0.000000, -13.292903, 0.000000, 26.585807, 1000
1.56, 0.000100, 0.200000, 0.470000, -9.810000, 6.000000, 0.000000, 0.000000, 0.000000, 10.000000, -1.000000, 1.000000, -1.000000, 0.100000, 0.000100, 1.000000, 0.001000, 0.000010, 0.000000, 0.000000, 0.950000, 0.000000, 26.585807, -0.000000, 34.783382, 0.000000, -13.364480, 0.000000, -12.223218, 1000, 0.000100, -1.000000, -1.000000, 0.100000, 0.000100, 5.000000, 1.000000, 0.001000, 0.000010, 0.000000, 0.000000, 0.950000, 5.000000, 0.000000, -12.089768, -0.000000, 35.448841, 1000, 0.000100, 2.000000, -1.000000, -1.000000, 0.100000, 0.000100, 1.000000, 0.001000, 0.000010, 0.000000, 0.000000, 0.950000, 0.000000, -13.329064, 0.000000, 26.658128, 1000
1.57, 0.000100, 0.200000, 0.470000, -9.810000, 6.000000, 0.000000, 0.000000, 0.000000, 10.000000, -1.000000, 1.000000, -1.000000, 0.100000, 0.000100, 1.000000, 0.001000, 0.000010, 0.000000, 0.000000, 0.950000, 0.000000, 26.658128, -0.000000, 35.448841, 0.000000, -13.399151, 0.000000, -12.357019, 1000, 0.000100, -1.000000, -1.000000, 0.100000, 0.000100, 5.000000, 1.000000, 0.001000, 0.000010, 0.000000, 0.000000, 0.950000, 5.000000, 0.000000, -12.223218, -0.000000, 36.116091, 1000, 0.000100, 2.000000, -1.000000, -1.000000, 0.100000, 0.000100, 1.000000, 0.001000, 0.000010, 0.000000, 0.000000, 0.950000, 0.000000, -13.364480, 0.000000, 26.728960, 1000
1.58, 0.000100, 0.200000, 0.470000, -9.810000, 6.000000, 0.000000, 0.000000, 0.000000, 10.000000, -1.000000, 1.000000, -1.000000, 0.100000, 0.000100, 1.000000, 0.001000, 0.000010, 0.000000, 0.000000, 0.950000, 0.000000, 26.728960, -0.000000, 36.116091, 0.000000, -13.433078, 0.000000, -12.491163, 1000, 0.000100, -1.000000, -1.000000, 0.100000, 0.000100, 5.000000, 1.000000, 0.001000, 0.000010, 0.000000, 0.000000, 0.950000, 5.000000, 0.000000, -12.357019, -0.000000, 36.785096, 1000, 0.000100, 2.000000, -1.000000, -1.000000, 0.100000, 0.000100, 1.000000, 0.001000, 0.000010, 0.000000, 0.000000, 0.950000, 0.000000, -13.399151, 0.000000, 26.798303, 1000
1.59, 0.000100, 0.200000, 0.470000, -9.810000, 6.000000, 0.000000, 0.000000, 0.000000, 10.000000, -1.000000, 1.000000, -1.000000, 0.100000, 0.000100, 1.000000, 0.001000, 0.000010, 0.000000, 0.000000, 0.950000, 0.000000, 26.798303, -0.000000, 36.785096, 0.000000, -13.466259, 0.000000, -12.625643, 1000, 0.000100, -1.000000, -1.000000, 0.100000, 0.000100, 5.000000, 1.000000, 0.001000, 0.000010, 0.000000, 0.000000, 0.950000, 5.000000, 0.000000, -12.491163, -0.000000, 37.455816, 1000, 0.000100, 2.000000, -1.000000, -1.000000, 0.100000, 0.000100, 1.000000, 0.001000, 0.000010, 0.000000, 0.000000, 0.950000, 0.000000, -13.433078, 0.000000, 26.866155, 1000
1.6, 0.000100, 0.200000, 0.470000, -9.810000, 6.000000, 0.000000, 0.000000, 0.000000, 10.000000, -1.000000, 1.000000, -1.000000, 0.100000, 0.000100, 1.000000, 0.001000, 0.000010, 0.000000, 0.000000, 0.950000, 0.000000, 26.866155, -0.000000, 37.455816, 0.000000, -13.498696, 0.000000, -12.760452, 1000, 0.000100, -1.000000, -1.000000, 0.100000, 0.000100, 5.000000, 1.000000, 0.001000, 0.000010, 0.000000, 0.000000, 0.950000, 5.000000, 0.000000, -12.625643, -0.000000, 38.128217, 1000, 0.000100, 2.000000, -1.000000, -1.000000, 0.100000, 0.000100, 1.000000, 0.001000, 0.000010, 0.000000, 0.000000, 0.950000, 0.000000, -13.466259, 0.000000, 26.932518, 1000
1.61, 0.000100, 0.200000, 0.470000, -9.810000, 6.000000, 0.000000, 0.000000, 0.000000, 10.000000, -1.000000, 1.000000, -1.000000, 0.100000, 0.000100, 1.000000, 0.001000, 0.000010, 0.000000, 0.000000, 0.950000, 0.000000, 26.932518, -0.000000, 38.128217, 0.000000, -13.530387, 0.000000, -12.895582, 1000, 0.000100, -1.000000, -1.000000, 0.100000, 0.000100, 5.000000, 1.000000, 0.001000, 0.000010, 0.000000, 0.000000, 0.950000, 5.000000, 0.000000, -12.760452, -0.000000, 38.802260, 1000, 0.000100, 2.000000, -1.000000, -1.000000, 0.100000, 0.000100, 1.000000, 0.001000, 0.000010, 0.000000, 0.000000, 0.950000, 0.000000, -13.498696, 0.000000, 26.997391, 1000
1.62, 0.000100, 0.200000, 0.470000, -9.810000, 6.000000, 0.000000, 0.000000, 0.000000, 10.000000, -1.000000, 1.000000, -1.000000, 0.100000, 0.000100, 1.000000, 0.001000, 0.000010, 0.000000, 0.000000, 0.950000, 0.000000, 26.997391, -0.000000, 38.802260, 0.000000, -13.561333, 0.000000, -13.031025, 1000, 0.000100, -1.000000, -1.000000, 0.100000, 0.000100, 5.000000, 1.000000, 0.001000, 0.000010, 0.000000, 0.000000, 0.950000, 5.000000, 0.000000, -12.895582, -0.000000, 39.477908, 1000, 0.000100, 2.000000, -1.000000, -1.000000, 0.100000, 0.000100, 1.000000, 0.001000, 0.000010, 0.000000, 0.000000, 0.950000, 0.000000, -13.530387, 0.000000, 27.060773, 1000
1.63, 0.000100, 0.200000, 0.470000, -9.810000, 6.000000, 0.000000, 0.000000, 0.000000, 10.000000, -1.000000, 1.000000, -1.000000, 0.100000, 0.000100, 1.000000, 0.001000, 0.000010, 0.000000, 0.000000, 0.950000, 0.000000, 27.060773, -0.000000, 39.477908, 0.000000, -13.591534, 0.000000, -13.166774, 1000, 0.000100, -1.000000, -1.000000, 0.100000, 0.000100, 5.000000, 1.000000, 0.001000, 0.000010, 0.000000, 0.000000, 0.950000, 5.000000, 0.000000, -13.031025, -0.000000, 40.155123, 1000, 0.000100, 2.000000, -1.000000, -1.000000, 0.100000, 0.000100, 1.000000, 0.001000, 0.000010, 0.000000, 0.000000, 0.950000, 0.000000, -13.561333, 0.000000, 27.122665, 1000
1.64, 0.000100, 0.200000, 0.470000, -9.810000, 6.000000, 0.000000, 0.000000, 0.000000, 10.000000, -1.000000, 1.000000, -1.000000, 0.100000, 0.000100, 1.000000, 0.001000, 0.000010, 0.000000, 0.000000, 0.950000, 0.000000, 27.122665, -0.000000, 40.155123, 0.000000, -13.620989, 0.000000, -13.302822, 1000, 0.000100, -1.000000, -1.000000, 0.100000, 0.000100, 5.000000, 1.000000, 0.001000, 0.000010, 0.000000, 0.000000, 0.950000, 5.000000, 0.000000, -13.166774, -0.000000, 40.833869, 1000, 0.000100, 2.000000, -1.000000, -1.000000, 0.100000, 0.000100, 1.000000, 0.001000, 0.000010, 0.000000, 0.000000, 0.950000, 0.000000, -13.591534, 0.000000, 27.183067, 1000
1.65, 0.000100, 0.200000, 0.470000, -9.810000, 6.000000, 0.000000, 0.000000, 0.000000, 10.000000, -1.000000, 1.000000, -1.000000, 0.100000, 0.000100, 1.000000, 0.001000, 0.000010, 0.000000, 0.000000, 0.950000, 0.000000, 27.183067, -0.000000, 40.833869, 0.000000, -13.649700, 0.000000, -13.439161, 1000, 0.000100, -1.000000, -1.000000, 0.100000, 0.000100, 5.000000, 1.000000, 0.001000, 0.000010, 0.000000, 0.000000, 0.950000, 5.000000, 0.000000, -13.302822, -0.000000, 41.514109, 1000, 0.000100, 2.000000, -1.000000, -1.000000, 0.100000, 0.000100, 1.000000, 0.001000, 0.000010, 0.000000, 0.000000, 0.950000, 0.000000, -13.620989, 0.000000, 27.241979, 1000
1.66, 0.000100, 0.200000, 0.470000, -9.810000, 6.000000, 0.000000, 0.000000, 0.000000, 10.000000, -1.000000, 1.000000, -1.000000, 0.100000, 0.000100, 1.000000, 0.001000, 0.000010, 0.000000, 0.000000, 0.950000, 0.000000, 27.241979, -0.000000, 41.514109, 0.000000, -13.677666, 0.000000, -13.575784, 1000, 0.000100, -1.000000, -1.000000, 0.100000, 0.000100, 5.000000, 1.000000, 0.001000, 0.000010, 0.000000, 0.000000, 0.950000, 5.000000, 0.000000, -13.439161, -0.000000, 42.195804, 1000, 0.000100, 2.000000, -1.000000, -1.000000, 0.100000, 0.000100, 1.000000, 0.001000, 0.000010, 0.000000, 0.000000, 0.950000, 0.000000, -13.649700, 0.000000, 27.299400, 1000
1.67, 0.000100, 0.200000, 0.470000, -9.810000, 6.000000, 0.000000, 0.000000, 0.000000, 10.000000, -1.000000, 1.000000, -1.000000, 0.100000, 0.000100, 1.000000, 0.001000, 0.000010, 0.000000, 0.000000, 0.950000, 0.000000, 27.299400, -0.000000, 42.195804, 0.000000, -13.704887, 0.000000, -13.712683, 1000, 0.000100, -1.000000, -1.000000, 0.100000, 0.000100, 5.000000, 1.000000, 0.001000, 0.000010, 0.000000, 0.000000, 0.950000, 5.000000, 0.000000, -13.575784, -0.000000, 42.878919, 1000, 0.000100, 2.000000, -1.000000, -1.000000, 0.100000, 0.000100, 1.000000, 0.001000, 0.000010, 0.000000, 0.000000, 0.950000, 0.000000, -13.677666, 0.000000, 27.355332, 1000
1.68, 0.000100, 0.200000, 0.470000, -9.810000, 6.000000, 0.000000, 0.000000, 0.000000, 10.000000, -1.000000, 1.000000, -1.000000, 0.100000, 0.000100, 1.000000, 0.001000, 0.000010, 0.000000, 0.000000, 0.950000, 0.000000, 27.355332, -0.000000, 42.878919, 0.000000, -13.731364, 0.000000, -13.849851, 1000, 0.000100, -1.000000, -1.000000, 0.100000, 0.000100, 5.000000, 1.000000, 0.001000, 0.000010, 0.000000, 0.000000, 0.950000, 5.000000, 0.000000, -13.712683, -0.000000, 43.563414, 1000, 0.000100, 2.000000, -1.000000, -1.000000, 0.100000, 0.000100, 1.000000, 0.001000, 0.000010, 0.000000, 0.000000, 0.950000, 0.000000, -13.704887, 0.000000, 27.409774, 1000
1.69, 0.000100, 0.200000, 0.470000, -9.810000, 6.000000, 0.000000, 0.000000, 0.000000, 10.000000, -1.000000, 1.000000, -1.000000, 0.100000, 0.000100, 1.000000, 0.001000, 0.000010, 0.000000, 0.000000, 0.950000, 0.000000, 27.409774, -0.000000, 43.563414, 0.000000, -13.757096, 0.000000, -13.987280, 1000, 0.000100, -1.000000, -1.000000, 0.100000, 0.000100, 5.000000, 1.000000, 0.001000, 0.000010, 0.000000, 0.000000, 0.950000, 5.000000, 0.000000, -13.849851, -0.000000, 44.249254, 1000, 0.000100, 2.000000, -1.000000, -1.000000, 0.100000, 0.000100, 1.000000, 0.001000, 0.000010, 0.000000, 0.000000, 0.950000, 0.000000, -13.731364, 0.000000, 27.462727, 1000
1.7, 0.000100, 0.200000, 0.470000, -9.810000, 6.000000, 0.000000, 0.000000, 0.000000, 10.000000, -1.000000, 1.000000, -1.000000, 0.100000, 0.000100, 1.000000, 0.001000, 0.000010, 0.000000, 0.000000, 0.950000, 0.000000, 27.462727, -0.000000, 44.249254, 0.000000, -13.782085, 0.000000, -14.124964, 1000, 0.000100, -1.000000, -1.000000, 0.100000, 0.000100, 5.000000, 1.000000, 0.001000, 0.000010, 0.000000, 0.000000, 0.950000, 5.000000, 0.000000, -13.987280, -0.000000, 44.936402, 1000, 0.000100, 2.000000, -1.000000, -1.000000, 0.100000, 0.000100, 1.000000, 0.001000, 0.000010, 0.000000, 0.000000, 0.950000, 0.000000, -13.757096, 0.000000, 27.514192, 1000
1.71, 0.000100, 0.200000, 0.470000, -9.810000, 6.000000, 0.000000, 0.000000, 0.000000, 10.000000, -1.000000, 1.000000, -1.000000, 0.100000, 0.000100, 1.000000, 0.001000, 0.000010, 0.000000, 0.000000, 0.950000, 0.000000, 27.514192, -0.000000, 44.936402, 0.000000, -13.806329, 0.000000, -14.262894, 1000, 0.000100, -1.000000, -1.000000, 0.100000, 0.000100, 5.000000, 1.000000, 0.001000, 0.000010, 0.000000, 0.000000, 0.950000, 5.000000, 0.000000, -14.124964, -0.000000, 45.624819, 1000, 0.000100, 2.000000, -1.000000, -1.000000, 0.100000, 0.000100, 1.000000, 0.001000, 0.000010, 0.000000, 0.000000, 0.950000, 0.000000, -13.782085, 0.000000, 27.564169, 1000
1.72, 0.000100, 0.200000, 0.470000, -9.810000, 6.000000, 0.000000, 0.000000, 0.000000, 10.000000, -1.000000, 1.000000, -1.000000, 0.100000, 0.000100, 1.000000, 0.001000, 0.000010, 0.000000, 0.000000, 0.950000, 0.000000, 27.564169, -0.000000, 45.624819, 0.000000, -13.829831, 0.000000, -14.401063, 1000, 0.000100, -1.000000, -1.000000, 0.100000, 0.000100, 5.000000, 1.000000, 0.001000, 0.000010, 0.000000, 0.000000, 0.950000, 5.000000, 0.000000, -14.262894, -0.000000, 46.314469, 1000, 0.000100, 2.000000, -1.000000, -1.000000, 0.100000, 0.000100, 1.000000, 0.001000, 0.000010, 0.000000, 0.000000, 0.950000, 0.000000, -13.806329, 0.000000, 27.612659, 1000
1.73, 0.000100, 0.200000, 0.470000, -9.810000, 6.000000, 0.000000, 0.000000, 0.000000, 10.000000, -1.000000, 1.000000, -1.000000, 0.100000, 0.000100, 1.000000, 0.001000, 0.000010, 0.000000, 0.000000, 0.950000, 0.000000, 27.612659, -0.000000, 46.314469, 0.000000, -13.852590, 0.000000, -14.539463, 1000, 0.000100, -1.000000, -1.000000, 0.100000, 0.000100, 5.000000, 1.000000, 0.001000, 0.000010, 0.000000, 0.000000, 0.950000, 5.000000, 0.000000, -14.401063, -0.000000, 47.005314, 1000, 0.000100, 2.000000, -1.000000, -1.000000, 0.100000, 0.000100, 1.000000, 0.001000, 0.000010, 0.000000, 0.000000, 0.950000, 0.000000, -13.829831, 0.000000, 27.659662, 1000
1.74, 0.000100, 0.200000, 0.470000, -9.810000, 6.000000, 0.000000, 0.000000, 0.000000, 10.000000, -1.000000, 1.000000, -1.000000, 0.100000, 0.000100, 1.000000, 0.001000, 0.000010, 0.000000, 0.000000, 0.950000, 0.000000, 27.659662, -0.000000, 47.005314, 0.000000, -13.874606, 0.000000, -14.678088, 1000, 0.000100, -1.000000, -1.000000, 0.100000, 0.000100, 5.000000, 1.000000, 0.001000, 0.000010, 0.000000, 0.000000, 0.950000, 5.000000, 0.000000, -14.539463, -0.000000, 47.697317, 1000, 0.000100, 2.000000, -1.000000, -1.000000, 0.100000, 0.000100, 1.000000, 0.001000, 0.000010, 0.000000, 0.000000, 0.950000, 0.000000, -13.852590, 0.000000, 27.705180, 1000
1.75, 0.000100, 0.200000, 0.470000, -9.810000, 6.000000, 0.000000, 0.000000, 0.000000, 10.000000, -1.000000, 1.000000, -1.000000, 0.100000, 0.000100, 1.000000, 0.001000, 0.000010, 0.000000, 0.000000, 0.950000, 0.000000, 27.705180, -0.000000, 47.697317, 0.000000, -13.895880, 0.000000, -14.816930, 1000, 0.000100, -1.000000, -1.000000, 0.100000, 0.000100, 5.000000, 1.000000, 0.001000, 0.000010, 0.000000, 0.000000, 0.950000, 5.000000, 0.000000, -14.678088, -0.000000, 48.390442, 1000, 0.000100, 2.000000, -1.000000, -1.000000, 0.100000, 0.000100, 1.000000, 0.001000, 0.000010, 0.000000, 0.000000, 0.950000, 0.000000, -13.874606, 0.000000, 27.749212, 1000
1.76, 0.000100, 0.200000, 0.470000, -9.810000, 6.000000, 0.000000, 0.000000, 0.000000, 10.000000, -1.000000, 1.000000, -1.000000, 0.100000, 0.000100, 1.000000, 0.001000, 0.000010, 0.000000, 0.000000, 0.950000, 0.000000, 27.749212, -0.000000, 48.390442, 0.000000, -13.916413, 0.000000, -14.955981, 1000, 0.000100, -1.000000, -1.000000, 0.100000, 0.000100, 5.000000, 1.000000, 0.001000, 0.000010, 0.000000, 0.000000, 0.950000, 5.000000, 0.000000, -14.816930, -0.000000, 49.084651, 1000, 0.000100, 2.000000, -1.000000, -1.000000, 0.100000, 0.000100, 1.000000, 0.001000, 0.000010, 0.000000, 0.000000, 0.950000, 0.000000, -13.895880, 0.000000, 27.791761, 1000
1.77, 0.000100, 0.200000, 0.470000, -9.810000, 6.000000, 0.000000, 0.000000, 0.000000, 10.000000, -1.000000, 1.000000, -1.000000, 0.100000, 0.000100, 1.000000, 0.001000, 0.000010, 0.000000, 0.000000, 0.950000, 0.000000, 27.791761, -0.000000, 49.084651, 0.000000, -13.936205, 0.000000, -15.095235, 1000, 0.000100, -1.000000, -1.000000, 0.100000, 0.000100, 5.000000, 1.000000, 0.001000, 0.000010, 0.000000, 0.000000, 0.950000, 5.000000, 0.000000, -14.955981, -0.000000, 49.779907, 1000, 0.000100, 2.000000, -1.000000, -1.000000, 0.100000, 0.000100, 1.000000, 0.001000, 0.000010, 0.000000, 0.000000, 0.950000, 0.000000, -13.916413, 0.000000, 27.832827, 1000
1.78, 0.000100, 0.200000, 0.470000, -9.810000, 6.000000, 0.000000, 0.000000, 0.000000, 10.000000, -1.000000, 1.000000, -1.000000, 0.100000, 0.000100, 1.000000, 0.001000, 0.000010, 0.000000, 0.000000, 0.950000, 0.000000, 27.832827, -0.000000, 49.779907, 0.000000, -13.955257, 0.000000, -15.234682, 1000, 0.000100, -1.000000, -1.000000, 0.100000, 0.000100, 5.000000, 1.000000, 0.001000, 0.000010, 0.000000, 0.000000, 0.950000, 5.000000, 0.000000, -15.095235, -0.000000, 50.476173, 1000, 0.000100, 2.000000, -1.000000, -1.000000, 0.100000, 0.000100, 1.000000, 0.001000, 0.000010, 0.000000, 0.000000, 0.950000, 0.000000, -13.936205, 0.000000, 27.872411, 1000
1.79, 0.000100, 0.200000, 0.470000, -9.810000, 6.000000, 0.000000, 0.000000, 0.000000, 10.000000, -1.000000, 1.000000, -1.000000, 0.100000, 0.000100, 1.000000, 0.001000, 0.000010, 0.000000, 0.000000, 0.950000, 0.000000, 27.872411, -0.000000, 50.476173, 0.000000, -13.973569, 0.000000, -15.374317, 1000, 0.000100, -1.000000, -1.000000, 0.100000, 0.000100, 5.000000, 1.000000, 0.001000, 0.000010, 0.000000, 0.000000, 0.950000, 5.000000, 0.000000, -15.234682, -0.000000, 51.173412, 1000, 0.000100, 2.000000, -1.000000, -1.000000, 0.100000, 0.000100, 1.000000, 0.001000, 0.000010, 0.000000, 0.000000, 0.950000, 0.000000, -13.955257, 0.000000, 27.910514, 1000
1.8, 0.000100, 0.200000, 0.470000, -9.810000, 6.000000, 0.000000, 0.000000, 0.000000, 10.000000, -1.000000, 1.000000, -1.000000, 0.100000, 0.000100, 1.000000, 0.001000, 0.000010, 0.000000, 0.000000, 0.950000, 0.000000, 27.910514, -0.000000, 51.173412, 0.000000, -13.991142, 0.000000, -15.514132, 1000, 0.000100, -1.000000, -1.000000, 0.100000, 0.000100, 5.000000, 1.000000, 0.001000, 0.000010, 0.000000, 0.000000, 0.950000, 5.000000, 0.000000, -15.374317, -0.000000, 51.871587, 1000, 0.000100, 2.000000, -1.000000, -1.000000, 0.100000, 0.000100, 1.000000, 0.001000, 0.000010, 0.000000, 0.000000, 0.950000, 0.000000, -13.973569, 0.000000, 27.947138, 1000
1.81, 0.000100, 0.200000, 0.470000, -9.810000, 6.000000, 0.000000, 0.000000, 0.000000, 10.000000, -1.000000, 1.000000, -1.000000, 0.100000, 0.000100, 1.000000, 0.001000, 0.000010, 0.000000, 0.000000, 0.950000, 0.000000, 27.947138, -0.000000, 51.871587, 0.000000, -14.007976, 0.000000, -15.654119, 1000, 0.000100, -1.000000, -1.000000, 0.100000, 0.000100, 5.000000, 1.000000, 0.001000, 0.000010, 0.000000, 0.000000, 0.950000, 5.000000, 0.000000, -15.514132, -0.000000, 52.570661, 1000, 0.000100, 2.000000, -1.000000, -1.000000, 0.100000, 0.000100, 1.000000, 0.001000, 0.000010, 0.000000, 0.000000, 0.950000, 0.000000, -13.991142, 0.000000, 27.982283, 1000
1.82, 0.000100, 0.200000, 0.470000, -9.810000, 6.000000, 0.000000, 0.000000, 0.000000, 10.000000, -1.000000, 1.000000, -1.000000, 0.100000, 0.000100, 1.000000, 0.001000, 0.000010, 0.000000, 0.000000, 0.950000, 0.000000, 27.982283, -0.000000, 52.570661, 0.000000, -14.024073, 0.000000, -15.794272, 1000, 0.000100, -1.000000, -1.000000, 0.100000, 0.000100, 5.000000, 1.000000, 0.001000, 0.000010, 0.000000, 0.000000, 0.950000, 5.000000, 0.000000, -15.654119, -0.000000, 53.270597, 1000, 0.000100, 2.000000, -1.000000, -1.000000, 0.100000, 0.000100, 1.000000, 0.001000, 0.000010, 0.000000, 0.000000, 0.950000, 0.000000, -14.007976, 0.000000, 28.015953, 1000
1.83, 0.000100, 0.200000, 0.470000, -9.810000, 6.000000, 0.000000, 0.000000, 0.000000, 10.000000, -1.000000, 1.000000, -1.000000, 0.100000, 0.000100, 1.000000, 0.001000, 0.000010, 0.000000, 0.000000, 0.950000, 0.000000, 28.015953, -0.000000, 53.270597, 0.000000, -14.039433, 0.000000, -15.934581, 1000, 0.000100, -1.000000, -1.000000, 0.100000, 0.000100, 5.000000, 1.000000, 0.001000, 0.000010, 0.000000, 0.000000, 0.950000, 5.000000, 0.000000, -15.794272, -0.000000, 53.971358, 1000, 0.000100, 2.000000, -1.000000, -1.000000, 0.100000, 0.000100, 1.000000, 0.001000, 0.000010, 0.000000, 0.000000, 0.950000, 0.000000, -14.024073, 0.000000, 28.048146, 1000
1.84, 0.000100, 0.200000, 0.470000, -9.810000, 6.000000, 0.000000, 0.000000, 0.000000, 10.000000, -1.000000, 1.000000, -1.000000, 0.100000, 0.000100, 1.000000, 0.001000, 0.000010, 0.000000, 0.000000, 0.950000, 0.000000, 28.048146, -0.000000, 53.971358, 0.000000, -14.054057, 0.000000, -16.075042, 1000, 0.000100, -1.000000, -1.000000, 0.100000, 0.000100, 5.000000, 1.000000, 0.001000, 0.000010, 0.000000, 0.000000, 0.950000, 5.000000, 0.000000, -15.934581, -0.000000, 54.672907, 1000, 0.000100, 2.000000, -1.000000, -1.000000, 0.100000, 0.000100, 1.000000, 0.001000, 0.000010, 0.000000, 0.000000, 0.950000, 0.000000, -14.039433, 0.000000, 28.078866, 1000
1.85, 0.000100, 0.200000, 0.470000, -9.810000, 6.000000, 0.000000, 0.000000, 0.000000, 10.000000, -1.000000, 1.000000, -1.000000, 0.100000, 0.000100, 1.000000, 0.001000, 0.000010, 0.000000, 0.000000, 0.950000, 0.000000, 28.078866, -0.000000, 54.672907, 0.000000, -14.067946, 0.000000, -16.215645, 1000, 0.000100, -1.000000, -1.000000, 0.100000, 0.000100, 5.000000, 1.000000, 0.001000, 0.000010, 0.000000, 0.000000, 0.950000, 5.000000, 0.000000, -16.075042, -0.000000, 55.375208, 1000, 0.000100, 2.000000, -1.000000, -1.000000, 0.100000, 0.000100, 1.000000, 0.001000, 0.000010, 0.000000, 0.000000, 0.950000, 0.000000, -14.054057, 0.000000, 28.108114, 1000
1.86, 0.000100, 0.200000, 0.470000, -9.810000, 6.000000, 0.000000, 0.000000, 0.000000, 10.000000, -1.000000, 1.000000, -1.000000, 0.100000, 0.000100, 1.000000, 0.001000, 0.000010, 0.000000, 0.000000, 0.950000, 0.000000, 28.108114, -0.000000, 55.375208, 0.000000, -14.081100, 0.000000, -16.356383, 1000, 0.000100, -1.000000, -1.000000, 0.100000, 0.000100, 5.000000, 1.000000, 0.001000, 0.000010, 0.000000, 0.000000, 0.950000, 5.000000, 0.000000, -16.215645, -0.000000, 56.078223, 1000, 0.000100, 2.000000, -1.000000, -1.000000, 0.100000, 0.000100, 1.000000, 0.001000, 0.000010, 0.000000, 0.000000, 0.950000, 0.000000, -14.067946, 0.000000, 28.135892, 1000
1.87, 0.000100, 0.200000, 0.470000, -9.810000, 6.000000, 0.000000, 0.000000, 0.000000, 10.000000, -1.000000, 1.000000, -1.000000, 0.100000, 0.000100, 1.000000, 0.001000, 0.000010, 0.000000, 0.000000, 0.950000, 0.000000, 28.135892, -0.000000, 56.078223, 0.000000, -14.093521, 0.000000, -16.497250, 1000, 0.000100, -1.000000, -1.000000, 0.100000, 0.000100, 5.000000, 1.000000, 0.001000, 0.000010, 0.000000, 0.000000, 0.950000, 5.000000, 0.000000, -16.356383, -0.000000, 56.781917, 1000, 0.000100, 2.000000, -1.000000, -1.000000, 0.100000, 0.000100, 1.000000, 0.001000, 0.000010, 0.000000, 0.000000, 0.950000, 0.000000, -14.081100, 0.000000, 28.162200, 1000
1.88, 0.000100, 0.200000, 0.470000, -9.810000, 6.000000, 0.000000, 0.000000, 0.000000, 10.000000, -1.000000, 1.000000, -1.000000, 0.100000, 0.000100, 1.000000, 0.001000, 0.000010, 0.000000, 0.000000, 0.950000, 0.000000, 28.162200, -0.000000, 56.781917, 0.000000, -14.105209, 0.000000, -16.638238, 1000, 0.000100, -1.000000, -1.000000, 0.100000, 0.000100, 5.000000, 1.000000, 0.001000, 0.000010, 0.000000, 0.000000, 0.950000, 5.000000, 0.000000, -16.497250, -0.000000, 57.486251, 1000, 0.000100, 2.000000, -1.000000, -1.000000, 0.100000, 0.000100, 1.000000, 0.001000, 0.000010, 0.000000, 0.000000, 0.950000, 0.000000, -14.093521, 0.000000, 28.187042, 1000
1.89, 0.000100, 0.200000, 0.470000, -9.810000, 6.000000, 0.000000, 0.000000, 0.000000, 10.000000, -1.000000, 1.000000, -1.000000, 0.100000, 0.000100, 1.000000, 0.001000, 0.000010, 0.000000, 0.000000, 0.950000, 0.000000, 28.187042, -0.000000, 57.486251, 0.000000, -14.116166, 0.000000, -16.779339, 1000, 0.000100, -1.000000, -1.000000, 0.100000, 0.000100, 5.000000, 1.000000, 0.001000, 0.000010, 0.000000, 0.000000, 0.950000, 5.000000, 0.000000, -16.638238, -0.000000, 58.191190, 1000, 0.000100, 2.000000, -1.000000, -1.000000, 0.100000, 0.000100, 1.000000, 0.001000, 0.000010, 0.000000, 0.000000, 0.950000, 0.000000, -14.105209, 0.000000, 28.210419, 1000
1.9, 0.000100, 0.200000, 0.470000, -9.810000, 6.000000, 0.000000, 0.000000, 0.000000, 10.000000, -1.000000, 1.000000, -1.000000, 0.100000, 0.000100, 1.000000, 0.001000, 0.000010, 0.000000, 0.000000, 0.950000, 0.000000, 28.210419, -0.000000, 58.191190, 0.000000, -14.126393, 0.000000, -16.920547, 1000, 0.000100, -1.000000, -1.000000, 0.100000, 0.000100, 5.000000, 1.000000, 0.001000, 0.000010, 0.000000, 0.000000, 0.950000, 5.000000, 0.000000, -16.779339, -0.000000, 58.896697, 1000, 0.000100, 2.000000, -1.000000, -1.000000, 0.100000, 0.000100, 1.000000, 0.001000, 0.000010, 0.000000, 0.000000, 0.950000, 0.000000, -14.116166, 0.000000, 28.232333, 1000
1.91, 0.000100, 0.200000, 0.470000, -9.810000, 6.000000, 0.000000, 0.000000, 0.000000, 10.000000, -1.000000, 1.000000, -1.000000, 0.100000, 0.000100, 1.000000, 0.001000, 0.000010, 0.000000, 0.000000, 0.950000, 0.000000, 28.232333, -0.000000, 58.896697, 0.000000, -14.135889, 0.000000, -17.061854, 1000, 0.000100, -1.000000, -1.000000, 0.100000, 0.000100, 5.000000, 1.000000, 0.001000, 0.000010, 0.000000, 0.000000, 0.950000, 5.000000, 0.000000, -16.920547, -0.000000, 59.602735, 1000, 0.000100, 2.000000, -1.000000, -1.000000, 0.100000, 0.000100, 1.000000, 0.001000, 0.000010, 0.000000, 0.000000, 0.950000, 0.000000, -14.126393, 0.000000, 28.252785, 1000
1.92, 0.000100, 0.200000, 0.470000, -9.810000, 6.000000, 0.000000, 0.000000, 0.000000, 10.000000, -1.000000, 1.000000, -1.000000, 0.100000, 0.000100, 1.000000, 0.001000, 0.000010, 0.000000, 0.000000, 0.950000, 0.000000, 28.252785, -0.000000, 59.602735, 0.000000, -14.144658, 0.000000, -17.203252, 1000, 0.000100, -1.000000, -1.000000, 0.100000, 0.000100, 5.000000, 1.000000, 0.001000, 0.000010, 0.000000, 0.000000, 0.950000, 5.000000, 0.000000, -17.061854, -0.000000, 60.309269, 1000, 0.000100, 2.000000, -1.000000, -1.000000, 0.100000, 0.000100, 1.000000, 0.001000, 0.000010, 0.000000, 0.000000, 0.950000, 0.000000, -14.135889, 0.000000, 28.271779, 1000
1.93, 0.000100, 0.200000, 0.470000, -9.810000, 6.000000, 0.000000, 0.000000, 0.000000, 10.000000, -1.000000, 1.000000, -1.000000, 0.100000, 0.000100, 1.000000, 0.001000, 0.000010, 0.000000, 0.000000, 0.950000, 0.000000, 28.271779, -0.000000, 60.309269, 0.000000, -14.152699, 0.000000, -17.344735, 1000, 0.000100, -1.000000, -1.000000, 0.100000, 0.000100, 5.000000, 1.000000, 0.001000, 0.000010, 0.000000, 0.000000, 0.950000, 5.000000, 0.000000, -17.203252, -0.000000, 61.016261, 1000, 0.000100, 2.000000, -1.000000, -1.000000, 0.100000, 0.000100, 1.000000, 0.001000, 0.000010, 0.000000, 0.000000, 0.950000, 0.000000, -14.144658, 0.000000, 28.289316, 1000
1.94, 0.000100, 0.200000, 0.470000, -9.810000, 6.000000, 0.000000, 0.000000, 0.000000, 10.000000, -1.000000, 1.000000, -1.000000, 0.100000, 0.000100, 1.000000, 0.001000, 0.000010, 0.000000, 0.000000, 0.950000, 0.000000, 28.289316, -0.000000, 61.016261, 0.000000, -14.160014, 0.000000, -17.486295, 1000, 0.000100, -1.000000, -1.000000, 0.100000, 0.000100, 5.000000, 1.000000, 0.001000, 0.000010, 0.000000, 0.000000, 0.950000, 5.000000, 0.000000, -17.344735, -0.000000, 61.723674, 1000, 0.000100, 2.000000, -1.000000, -1.000000, 0.100000, 0.000100, 1.000000, 0.001000, 0.000010, 0.000000, 0.000000, 0.950000, 0.000000, -14.152699, 0.000000, 28.305398, 1000
1.95, 0.000100, 0.200000, 0.470000, -9.810000, 6.000000, 0.000000, 0.000000, 0.000000, 10.000000, -1.000000, 1.000000, -1.000000, 0.100000, 0.000100, 1.000000, 0.001000, 0.000010, 0.000000, 0.000000, 0.950000, 0.000000, 28.305398, -0.000000, 61.723674, 0.000000, -14.166604, 0.000000, -17.627925, 1000, 0.000100, -1.000000, -1.000000, 0.100000, 0.000100, 5.000000, 1.000000, 0.001000, 0.000010, 0.000000, 0.000000, 0.950000, 5.000000, 0.000000, -17.486295, -0.000000, 62.431474, 1000, 0.000100, 2.000000, -1.000000, -1.000000, 0.100000, 0.000100, 1.000000, 0.001000, 0.000010, 0.000000, 0.000000, 0.950000, 0.000000, -14.160014, 0.000000, 28.320028, 1000
1.96, 0.000100, 0.200000, 0.470000, -9.810000, 6.000000, 0.000000, 0.000000, 0.000000, 10.000000, -1.000000, 1.000000, -1.000000, 0.100000, 0.000100, 1.000000, 0.001000, 0.000010, 0.000000, 0.000000, 0.950000, 0.000000, 28.320028, -0.000000, 62.431474, 0.000000, -14.172470, 0.000000, -17.769617, 1000, 0.000100, -1.000000, -1.000000, 0.100000, 0.000100, 5.000000, 1.000000, 0.001000, 0.000010, 0.000000, 0.000000, 0.950000, 5.000000, 0.000000, -17.627925, -0.000000, 63.139623, 1000, 0.000100, 2.000000, -1.000000, -1.000000, 0.100000, 0.000100, 1.000000, 0.001000, 0.000010, 0.000000, 0.000000, 0.950000, 0.000000, -14.166604, 0.000000, 28.333208, 1000
1.97, 0.000100, 0.200000, 0.470000, -9.810000, 6.000000, 0.000000, 0.000000, 0.000000, 10.000000, -1.000000, 1.000000, -1.000000, 0.100000, 0.000100, 1.000000, 0.001000, 0.000010, 0.000000, 0.000000, 0.950000, 0.000000, 28.333208, -0.000000, 63.139623, 0.000000, -14.177614, 0.000000, -17.911365, 1000, 0.000100, -1.000000, -1.000000, 0.100000, 0.000100, 5.000000, 1.000000, 0.001000, 0.000010, 0.000000, 0.000000, 0.950000, 5.000000, 0.000000, -17.769617, -0.000000, 63.848085, 1000, 0.000100, 2.000000, -1.000000, -1.000000, 0.100000, 0.000100, 1.000000, 0.001000, 0.000010, 0.000000, 0.000000, 0.950000, 0.000000, -14.172470, 0.000000, 28.344940, 1000
1.98, 0.000100, 0.200000, 0.470000, -9.810000, 6.000000, 0.000000, 0.000000, 0.000000, 10.000000, -1.000000, 1.000000, -1.000000, 0.100000, 0.000100, 1.000000, 0.001000, 0.000010, 0.000000, 0.000000, 0.950000, 0.000000, 28.344940, -0.000000, 63.848085, 0.000000, -14.182037, 0.000000, -18.053161, 1000, 0.000100, -1.000000, -1.000000, 0.100000, 0.000100, 5.000000, 1.000000, 0.001000, 0.000010, 0.000000, 0.000000, 0.950000, 5.000000, 0.000000, -17.911365, -0.000000, 64.556824, 1000, 0.000100, 2.000000, -1.000000, -1.000000, 0.100000, 0.000100, 1.000000, 0.001000, 0.000010, 0.000000, 0.000000, 0.950000, 0.000000, -14.177614, 0.000000, 28.355228, 1000
1.99, 0.000100, 0.200000, 0.470000, -9.810000, 6.000000, 0.000000, 0.000000, 0.000000, 10.000000, -1.000000, 1.000000, -1.000000, 0.100000, 0.000100, 1.000000, 0.001000, 0.000010, 0.000000, 0.000000, 0.950000, 0.000000, 28.355228, -0.000000, 64.556824, 0.000000, -14.185739, 0.000000, -18.194998, 1000, 0.000100, -1.000000, -1.000000, 0.100000, 0.000100, 5.000000, 1.000000, 0.001000, 0.000010, 0.000000, 0.000000, 0.950000, 5.000000, 0.000000, -18.053161, -0.000000, 65.265805, 1000, 0.000100, 2.000000, -1.000000, -1.000000, 0.100000, 0.000100, 1.000000, 0.001000, 0.000010, 0.000000, 0.000000, 0.950000, 0.000000, -14.182037, 0.000000, 28.364073, 1000
2, 0.000100, 0.200000, 0.470000, -9.810000, 6.000000, 0.000000, 0.000000, 0.000000, 10.000000, -1.000000, 1.000000, -1.000000, 0.100000, 0.000100, 1.000000, 0.001000, 0.000010, 0.000000, 0.000000, 0.950000, 0.000000, 28.364073, -0.000000, 65.265805, 0.000000, -14.188723, 0.000000, -18.336869, 1000, 0.000100, -1.000000, -1.000000, 0.100000, 0.000100, 5.000000, 1.000000, 0.001000, 0.000010, 0.000000, 0.000000, 0.950000, 5.000000, 0.000000, -18.194998, -0.000000, 65.974990, 1000, 0.000100, 2.000000, -1.000000, -1.000000, 0.100000, 0.000100, 1.000000, 0.001000, 0.000010, 0.000000, 0.000000, 0.950000, 0.000000, -14.185739, 0.000000, 28.371479, 1000
2.01, 0.000100, 0.200000, 0.470000, -9.810000, 6.000000, 0.000000, 0.000000, 0.000000, 10.000000, -1.000000, 1.000000, -1.000000, 0.100000, 0.000100, 1.000000, 0.001000, 0.000010, 0.000000, 0.000000, 0.950000, 0.000000, 28.371479, -0.000000, 65.974990, 0.000000, -14.190991, 0.000000, -18.478766, 1000, 0.000100, -1.000000, -1.000000, 0.100000, 0.000100, 5.000000, 1.000000, 0.001000, 0.000010, 0.000000, 0.000000, 0.950000, 5.000000, 0.000000, -18.336869, -0.000000, 66.684344, 1000, 0.000100, 2.000000, -1.000000, -1.000000, 0.100000, 0.000100, 1.000000, 0.001000, 0.000010, 0.000000, 0.000000, 0.950000, 0.000000, -14.188723, 0.000000, 28.377447, 1000
2.02, 0.000100, 0.200000, 0.470000, -9.810000, 6.000000, 0.000000, 0.000000, 0.000000, 10.000000, -1.000000, 1.000000, -1.000000, 0.100000, 0.000100, 1.000000, 0.001000, 0.000010, 0.000000, 0.000000, 0.950000, 0.000000, 28.377447, -0.000000, 66.684344, 0.000000, -14.192542, 0.000000, -18.620683, 1000, 0.000100, -1.000000, -1.000000, 0.100000, 0.000100, 5.000000, 1.000000, 0.001000, 0.000010, 0.000000, 0.000000, 0.950000, 5.000000, 0.000000, -18.478766, -0.000000, 67.393831, 1000, 0.000100, 2.000000, -1.000000, -1.000000, 0.100000, 0.000100, 1.000000, 0.001000, 0.000010, 0.000000, 0.000000, 0.950000, 0.000000, -14.190991, 0.000000, 28.381981, 1000
2.03, 0.000100, 0.200000, 0.470000, -9.810000, 6.000000, 0.000000, 0.000000, 0.000000, 10.000000, -1.000000, 1.000000, -1.000000, 0.100000, 0.000100, 1.000000, 0.001000, 0.000010, 0.000000, 0.000000, 0.950000, 0.000000, 28.381981, -0.000000, 67.393831, 0.000000, -14.193379, 0.000000, -18.762612, 1000, 0.000100, -1.000000, -1.000000, 0.100000, 0.000100, 5.000000, 1.000000, 0.001000, 0.000010, 0.000000, 0.000000, 0.950000, 5.000000, 0.000000, -18.620683, -0.000000, 68.103415, 1000, 0.000100, 2.000000, -1.000000, -1.000000, 0.100000, 0.000100, 1.000000, 0.001000, 0.000010, 0.000000, 0.000000, 0.950000, 0.000000, -14.192542, 0.000000, 28.385084, 1000
2.04, 0.000100, 0.200000, 0.470000, -9.810000, 6.000000, 0.000000, 0.000000, 0.000000, 10.000000, -1.000000, 1.000000, -1.000000, 0.100000, 0.000100, 1.000000, 0.001000, 0.000010, 0.000000, 0.000000, 0.950000, 0.000000, 28.385084, -0.000000, 68.103415, 0.000000, -14.193503, 0.000000, -18.904547, 1000, 0.000100, -1.000000, -1.000000, 0.100000, 0.000100, 5.000000, 1.000000, 0.001000, 0.000010, 0.000000, 0.000000, 0.950000, 5.000000, 0.000000, -18.762612, -0.000000, 68.813061, 1000, 0.000100, 2.000000, -1.000000, -1.000000, 0.100000, 0.000100, 1.000000, 0.001000, 0.000010, 0.000000, 0.000000, 0.950000, 0.000000, -14.193379, 0.000000, 28.386758, 1000
2.05, 0.000100, 0.200000, 0.470000, -9.810000, 6.000000, 0.000000, 0.000000, 0.000000, 10.000000, -1.000000, 1.000000, -1.000000, 0.100000, 0.000100, 1.000000, 0.001000, 0.000010, 0.000000, 0.000000, 0.950000, 0.000000, 28.386758, -0.000000, 68.813061, 0.000000, -14.192916, 0.000000, -19.046479, 1000, 0.000100, -1.000000, -1.000000, 0.100000, 0.000100, 5.000000, 1.000000, 0.001000, 0.000010, 0.000000, 0.000000, 0.950000, 5.000000, 0.000000, -18.904547, -0.000000, 69.522733, 1000, 0.000100, 2.000000, -1.000000, -1.000000, 0.100000, 0.000100, 1.000000, 0.001000, 0.000010, 0.000000, 0.000000, 0.950000, 0.000000, -14.193503, 0.000000, 28.387006, 1000
2.06, 0.000100, 0.200000, 0.470000, -9.810000, 6.000000, 0.000000, 0.000000, 0.000000, 10.000000, -1.000000, 1.000000, -1.000000, 0.100000, 0.000100, 1.000000, 0.001000, 0.000010, 0.000000, 0.000000, 0.950000, 0.000000, 28.387006, -0.000000, 69.522733, 0.000000, -14.191619, 0.000000, -19.188402, 1000, 0.000100, -1.000000, -1.000000, 0.100000, 0.000100, 5.000000, 1.000000, 0.001000, 0.000010, 0.000000, 0.000000, 0.950000, 5.000000, 0.000000, -19.046479, -0.000000, 70.232395, 1000, 0.000100, 2.000000, -1.000000, -1.000000, 0.100000, 0.000100, 1.000000, 0.001000, 0.000010, 0.000000, 0.000000, 0.950000, 0.000000, -14.192916, 0.000000, 28.385832, 1000
2.07, 0.000100, 0.200000, 0.470000, -9.810000, 6.000000, 0.000000, 0.000000, 0.000000, 10.000000, -1.000000, 1.000000, -1.000000, 0.100000, 0.000100, 1.000000, 0.001000, 0.000010, 0.000000, 0.000000, 0.950000, 0.000000, 28.385832, -0.000000, 70.232395, 0.000000, -14.189614, 0.000000, -19.330310, 1000, 0.000100, -1.000000, -1.000000, 0.100000, 0.000100, 5.000000, 1.000000, 0.001000, 0.000010, 0.000000, 0.000000, 0.950000, 5.000000, 0.000000, -19.188402, -0.000000, 70.942012, 1000, 0.000100, 2.000000, -1.000000, -1.000000, 0.100000, 0.000100, 1.000000, 0.001000, 0.000010, 0.000000, 0.000000, 0.950000, 0.000000, -14.191619, 0.000000, 28.383238, 1000
2.08, 0.000100, 0.200000, 0.470000, -9.810000, 6.000000, 0.000000, 0.000000, 0.000000, 10.000000, -1.000000, 1.000000, -1.000000, 0.100000, 0.000100, 1.000000, 0.001000, 0.000010, 0.000000, 0.000000, 0.950000, 0.000000, 28.383238, -0.000000, 70.942012, 0.000000, -14.186903, 0.000000, -19.472193, 1000, 0.000100, -1.000000, -1.000000, 0.100000, 0.000100, 5.000000, 1.000000, 0.001000, 0.000010, 0.000000, 0.000000, 0.950000, 5.000000, 0.000000, -19.330310, -0.000000, 71.651548, 1000, 0.000100, 2.000000, -1.000000, -1.000000, 0.100000, 0.000100, 1.000000, 0.001000, 0.000010, 0.000000, 0.000000, 0.950000, 0.000000, -14.189614, 0.000000, 28.379229, 1000
2.09, 0.000100, 0.200000, 0.470000, -9.810000, 6.000000, 0.000000, 0.000000, 0.000000, 10.000000, -1.000000, 1.000000, -1.000000, 0.100000, 0.000100, 1.000000, 0.001000, 0.000010, 0.000000, 0.000000, 0.950000, 0.000000, 28.379229, -0.000000, 71.651548, 0.000000, -14.183486, 0.000000, -19.614047, 1000, 0.000100, -1.000000, -1.000000, 0.100000, 0.000100, 5.000000, 1.000000, 0.001000, 0.000010, 0.000000, 0.000000, 0.950000, 5.000000, 0.000000, -19.472193, -0.000000, 72.360967, 1000, 0.000100, 2.000000, -1.000000, -1.000000, 0.100000, 0.000100, 1.000000, 0.001000, 0.000010, 0.000000, 0.000000, 0.950000, 0.000000, -14.186903, 0.000000, 28.373806, 1000
2.1, 0.000100, 0.200000, 0.470000, -9.810000, 6.000000, 0.000000, 0.000000, 0.000000, 10.000000, -1.000000, 1.000000, -1.000000, 0.100000, 0.000100, 1.000000, 0.001000, 0.000010, 0.000000, 0.000000, 0.950000, 0.000000, 28.373806, -0.000000, 72.360967, 0.000000, -14.179367, 0.000000, -19.755863, 1000, 0.000100, -1.000000, -1.000000, 0.100000, 0.000100, 5.000000, 1.000000, 0.001000, 0.000010, 0.000000, 0.000000, 0.950000, 5.000000, 0.000000, -19.614047, -0.000000, 73.070235, 1000, 0.000100, 2.000000, -1.000000, -1.000000, 0.100000, 0.000100, 1.000000, 0.001000, 0.000010, 0.000000, 0.000000, 0.950000, 0.000000, -14.183486, 0.000000, 28.366973, 1000
2.11, 0.000100, 0.200000, 0.470000, -9.810000, 6.000000, 0.000000, 0.000000, 0.000000, 10.000000, -1.000000, 1.000000, -1.000000, 0.100000, 0.000100, 1.000000, 0.001000, 0.000010, 0.000000, 0.000000, 0.950000, 0.000000, 28.366973, -0.000000, 73.070235, 0.000000, -14.174546, 0.000000, -19.897635, 1000, 0.000100, -1.000000, -1.000000, 0.100000, 0.000100, 5.000000, 1.000000, 0.001000, 0.000010, 0.000000, 0.000000, 0.950000, 5.000000, 0.000000, -19.755863, -0.000000, 73.779317, 1000, 0.000100, 2.000000, -1.000000, -1.000000, 0.100000, 0.000100, 1.000000, 0.001000, 0.000010, 0.000000, 0.000000, 0.950000, 0.000000, -14.179367, 0.000000, 28.358734, 1000
2.12, 0.000100, 0.200000, 0.470000, -9.810000, 6.000000, 0.000000, 0.000000, 0.000000, 10.000000, -1.000000, 1.000000, -1.000000, 0.100000, 0.000100, 1.000000, 0.001000, 0.000010, 0.000000, 0.000000, 0.950000, 0.000000, 28.358734, -0.000000, 73.779317, 0.000000, -14.169025, 0.000000, -20.039356, 1000, 0.000100, -1.000000, -1.000000, 0.100000, 0.000100, 5.000000, 1.000000, 0.001000, 0.000010, 0.000000, 0.000000, 0.950000, 5.000000, 0.000000, -19.897635, -0.000000, 74.488177, 1000, 0.000100, 2.000000, -1.000000, -1.000000, 0.100000, 0.000100, 1.000000, 0.001000, 0.000010, 0.000000, 0.000000, 0.950000, 0.000000, -14.174546, 0.000000, 28.349091, 1000
2.13, 0.000100, 0.200000, 0.470000, -9.810000, 6.000000, 0.000000, 0.000000, 0.000000, 10.000000, -1.000000, 1.000000, -1.000000, 0.100000, 0.000100, 1.000000, 0.001000, 0.000010, 0.000000, 0.000000, 0.950000, 0.000000, 28.349091, -0.000000, 74.488177, 0.000000, -14.162806, 0.000000, -20.181018, 1000, 0.000100, -1.000000, -1.000000, 0.100000, 0.000100, 5.000000, 1.000000, 0.001000, 0.000010, 0.000000, 0.000000, 0.950000, 5.000000, 0.000000, -20.039356, -0.000000, 75.196780, 1000, 0.000100, 2.000000, -1.000000, -1.000000, 0.100000, 0.000100, 1.000000, 0.001000, 0.000010, 0.000000, 0.000000, 0.950000, 0.000000, -14.169025, 0.000000, 28.338050, 1000
2.14, 0.000100, 0.200000, 0.470000, -9.810000, 6.000000, 0.000000, 0.000000, 0.000000, 10.000000, -1.000000, 1.000000, -1.000000, 0.100000, 0.000100, 1.000000, 0.001000, 0.000010, 0.000000, 0.000000, 0.950000, 0.000000, 28.338050, -0.000000, 75.196780, 0.000000, -14.155891, 0.000000, -20.322615, 1000, 0.000100, -1.000000, -1.000000, 0.100000, 0.000100, 5.000000, 1.000000, 0.001000, 0.000010, 0.000000, 0.000000, 0.950000, 5.000000, 0.000000, -20.181018, -0.000000, 75.905091, 1000, 0.000100, 2.000000, -1.000000, -1.000000, 0.100000, 0.000100, 1.000000, 0.001000, 0.000010, 0.000000, 0.000000, 0.950000, 0.000000, -14.162806, 0.000000, 28.325612, 1000
2.15, 0.000100, 0.200000, 0.470000, -9.810000, 6.000000, 0.000000, 0.000000, 0.000000, 10.000000, -1.000000, 1.000000, -1.000000, 0.100000, 0.000100, 1.000000, 0.001000, 0.000010, 0.000000, 0.000000, 0.950000, 0.000000, 28.325612, -0.000000, 75.905091, 0.000000, -14.148282, 0.000000, -20.464140, 1000, 0.000100, -1.000000, -1.000000, 0.100000, 0.000100, 5.000000, 1.000000, 0.001000, 0.000010, 0.000000, 0.000000, 0.950000, 5.000000, 0.000000, -20.322615, -0.000000, 76.613076, 1000, 0.000100, 2.000000, -1.000000, -1.000000, 0.100000, 0.000100, 1.000000, 0.001000, 0.000010, 0.000000, 0.000000, 0.950000, 0.000000, -14.155891, 0.000000, 28.311782, 1000
2.16, 0.000100, 0.200000, 0.470000, -9.810000, 6.000000, 0.000000, 0.000000, 0.000000, 10.000000, -1.000000, 1.000000, -1.000000, 0.100000, 0.000100, 1.000000, 0.001000, 0.000010, 0.000000, 0.000000, 0.950000, 0.000000, 28.311782, -0.000000, 76.613076, 0.000000, -14.139980, 0.000000, -20.605585, 1000, 0.000100, -1.000000, -1.000000, 0.100000, 0.000100, 5.000000, 1.000000, 0.001000, 0.000010, 0.000000, 0.000000, 0.950000, 5.000000, 0.000000, -20.464140, -0.000000, 77.320699, 1000, 0.000100, 2.000000, -1.000000, -1.000000, 0.100000, 0.000100, 1.000000, 0.001000, 0.000010, 0.000000, 0.000000, 0.950000, 0.000000, -14.148282, 0.000000, 28.296563, 1000
2.17, 0.000100, 0.200000, 0.470000, -9.810000, 6.000000, 0.000000, 0.000000, 0.000000, 10.000000, -1.000000, 1.000000, -1.000000, 0.100000, 0.000100, 1.000000, 0.001000, 0.000010, 0.000000, 0.000000, 0.950000, 0.000000, 28.296563, -0.000000, 77.320699, 0.000000, -14.130987, 0.000000, -20.746945, 1000, 0.000100, -1.000000, -1.000000, 0.100000, 0.000100, 5.000000, 1.000000, 0.001000, 0.000010, 0.000000, 0.000000, 0.950000, 5.000000, 0.000000, -20.605585, -0.000000, 78.027927, 1000, 0.000100, 2.000000, -1.000000, -1.000000, 0.100000, 0.000100, 1.000000, 0.001000, 0.000010, 0.000000, 0.000000, 0.950000, 0.000000, -14.139980, 0.000000, 28.279959, 1000
2.18, 0.000100, 0.200000, 0.470000, -9.810000, 6.000000, 0.000000, 0.000000, 0.000000, 10.000000, -1.000000, 1.000000, -1.000000, 0.100000, 0.000100, 1.000000, 0.001000, 0.000010, 0.000000, 0.000000, 0.950000, 0.000000, 28.279959, -0.000000, 78.027927, 0.000000, -14.121306, 0.000000, -20.888211, 1000, 0.000100, -1.000000, -1.000000, 0.100000, 0.000100, 5.000000, 1.000000, 0.001000, 0.000010, 0.000000, 0.000000, 0.950000, 5.000000, 0.000000, -20.746945, -0.000000, 78.734723, 1000, 0.000100, 2.000000, -1.000000, -1.000000, 0.100000, 0.000100, 1.000000, 0.001000, 0.000010, 0.000000, 0.000000, 0.950000, 0.000000, -14.130987, 0.000000, 28.261974, 1000
2.19, 0.000100, 0.200000, 0.470000, -9.810000, 6.000000, 0.000000, 0.000000, 0.000000, 10.000000, -1.000000, 1.000000, -1.000000, 0.100000, 0.000100, 1.000000, 0.001000, 0.000010, 0.000000, 0.000000, 0.950000, 0.000000, 28.261974, -0.000000, 78.734723, 0.000000, -14.110938, 0.000000, -21.029377, 1000, 0.000100, -1.000000, -1.000000, 0.100000, 0.000100, 5.000000, 1.000000, 0.001000, 0.000010, 0.000000, 0.000000, 0.950000, 5.000000, 0.000000, -20.888211, -0.000000, 79.441055, 1000, 0.000100, 2.000000, -1.000000, -1.000000, 0.100000, 0.000100, 1.000000, 0.001000, 0.000010, 0.000000, 0.000000, 0.950000, 0.000000, -14.121306, 0.000000, 28.242612, 1000
2.2, 0.000100, 0.200000, 0.470000, -9.810000, 6.000000, 0.000000, 0.000000, 0.000000, 10.000000, -1.000000, 1.000000, -1.000000, 0.100000, 0.000100, 1.000000, 0.001000, 0.000010, 0.000000, 0.000000, 0.950000, 0.000000, 28.242612, -0.000000, 79.441055, 0.000000, -14.099885, 0.000000, -21.170437, 1000, 0.000100, -1.000000, -1.000000, 0.100000, 0.000100, 5.000000, 1.000000, 0.001000, 0.000010, 0.000000, 0.000000, 0.950000, 5.000000, 0.000000, -21.029377, -0.000000, 80.146887, 1000, 0.000100, 2.000000, -1.000000, -1.000000, 0.100000, 0.000100, 1.000000, 0.001000, 0.000010, 0.000000, 0.000000, 0.950000, 0.000000, -14.110938, 0.000000, 28.221876, 1000
2.21, 0.000100, 0.200000, 0.470000, -9.810000, 6.000000, 0.000000, 0.000000, 0.000000, 10.000000, -1.000000, 1.000000, -1.000000, 0.100000, 0.000100, 1.000000, 0.001000, 0.000010, 0.000000, 0.000000, 0.950000, 0.000000, 28.221876, -0.000000, 80.146887, 0.000000, -14.088150, 0.000000, -21.311383, 1000, 0.000100, -1.000000, -1.000000, 0.100000, 0.000100, 5.000000, 1.000000, 0.001000, 0.000010, 0.000000, 0.000000, 0.950000, 5.000000, 0.000000, -21.170437, -0.000000, 80.852185, 1000, 0.000100, 2.000000, -1.000000, -1.000000, 0.100000, 0.000100, 1.000000, 0.001000, 0.000010, 0.000000, 0.000000, 0.950000, 0.000000, -14.099885, 0.000000, 28.199771, 1000
2.22, 0.000100, 0.200000, 0.470000, -9.810000, 6.000000, 0.000000, 0.000000, 0.000000, 10.000000, -1.000000, 1.000000, -1.000000, 0.100000, 0.000100, 1.000000, 0.001000, 0.000010, 0.000000, 0.000000, 0.950000, 0.000000, 28.199771, -0.000000, 80.852185, 0.000000, -14.075734, 0.000000, -21.452209, 1000, 0.000100, -1.000000, -1.000000, 0.100000, 0.000100, 5.000000, 1.000000, 0.001000, 0.000010, 0.000000, 0.000000, 0.950000, 5.000000, 0.000000, -21.311383, -0.000000, 81.556915, 1000, 0.000100, 2.000000, -1.000000, -1.000000, 0.100000, 0.000100, 1.000000, 0.001000, 0.000010, 0.000000, 0.000000, 0.950000, 0.000000, -14.088150, 0.000000, 28.176300, 1000
2.23, 0.000100, 0.200000, 0.470000, -9.810000, 6.000000, 0.000000, 0.000000, 0.000000, 10.000000, -1.000000, 1.000000, -1.000000, 0.100000, 0.000100, 1.000000, 0.001000, 0.000010, 0.000000, 0.000000, 0.950000, 0.000000, 28.176300, -0.000000, 81.556915, 0.000000, -14.062639, 0.000000, -21.592907, 1000, 0.000100, -1.000000, -1.000000, 0.100000, 0.000100, 5.000000, 1.000000, 0.001000, 0.000010, 0.000000, 0.000000, 0.950000, 5.000000, 0.000000, -21.452209, -0.000000, 82.261043, 1000, 0.000100, 2.000000, -1.000000, -1.000000, 0.100000, 0.000100, 1.000000, 0.001000, 0.000010, 0.000000, 0.000000, 0.950000, 0.000000, -14.075734, 0.000000, 28.151468, 1000
2.24, 0.000100, 0.200000, 0.470000, -9.810000, 6.000000, 0.000000, 0.000000, 0.000000, 10.000000, -1.000000, 1.000000, -1.000000, 0.100000, 0.000100, 1.000000, 0.001000, 0.000010, 0.000000, 0.000000, 0.950000, 0.000000, 28.151468, -0.000000, 82.261043, 0.000000, -14.048868, 0.000000, -21.733472, 1000, 0.000100, -1.000000, -1.000000, 0.100000, 0.000100, 5.000000, 1.000000, 0.001000, 0.000010, 0.000000, 0.000000, 0.950000, 5.000000, 0.000000, -21.592907, -0.000000, 82.964535, 1000, 0.000100, 2.000000, -1.000000, -1.000000, 0.100000, 0.000100, 1.000000, 0.001000, 0.000010, 0.000000, 0.000000, 0.950000, 0.000000, -14.062639, 0.000000, 28.125278, 1000
2.25, 0.000100, 0.200000, 0.470000, -9.810000, 6.000000, 0.000000, 0.000000, 0.000000, 10.000000, -1.000000, 1.000000, -1.000000, 0.100000, 0.000100, 1.000000, 0.001000, 0.000010, 0.000000, 0.000000, 0.950000, 0.000000, 28.125278, -0.000000, 82.964535, 0.000000, -14.034422, 0.000000, -21.873895, 1000, 0.000100, -1.000000, -1.000000, 0.100000, 0.000100, 5.000000, 1.000000, 0.001000, 0.000010, 0.000000, 0.000000, 0.950000, 5.000000, 0.000000, -21.733472, -0.000000, 83.667358, 1000, 0.000100, 2.000000, -1.000000, -1.000000, 0.100000, 0.000100, 1.000000, 0.001000, 0.000010, 0.000000, 0.000000, 0.950000, 0.000000, -14.048868, 0.000000, 28.097736, 1000
2.26, 0.000100, 0.200000, 0.470000, -9.810000, 6.000000, 0.000000, 0.000000, 0.000000, 10.000000, -1.000000, 1.000000, -1.000000, 0.100000, 0.000100, 1.000000, 0.001000, 0.000010, 0.000000, 0.000000, 0.950000, 0.000000, 28.097736, -0.000000, 83.667358, 0.000000, -14.019305, 0.000000, -22.014171, 1000, 0.000100, -1.000000, -1.000000, 0.100000, 0.000100, 5.000000, 1.000000, 0.001000, 0.000010, 0.000000, 0.000000, 0.950000, 5.000000, 0.000000, -21.873895, -0.000000, 84.369476, 1000, 0.000100, 2.000000, -1.000000, -1.000000, 0.100000, 0.000100, 1.000000, 0.001000, 0.000010, 0.000000, 0.000000, 0.950000, 0.000000, -14.034422, 0.000000, 28.068845, 1000
2.27, 0.000100, 0.200000, 0.470000, -9.810000, 6.000000, 0.000000, 0.000000, 0.000000, 10.000000, -1.000000, 1.000000, -1.000000, 0.100000, 0.000100, 1.000000, 0.001000, 0.000010, 0.000000, 0.000000, 0.950000, 0.000000, 28.068845, -0.000000, 84.369476, 0.000000, -14.003517, 0.000000, -22.154293, 1000, 0.000100, -1.000000, -1.000000, 0.100000, 0.000100, 5.000000, 1.000000, 0.001000, 0.000010, 0.000000, 0.000000, 0.950000, 5.000000, 0.000000, -22.014171, -0.000000, 85.070857, 1000, 0.000100, 2.000000, -1.000000, -1.000000, 0.100000, 0.000100, 1.000000, 0.001000, 0.000010, 0.000000, 0.000000, 0.950000, 0.000000, -14.019305, 0.000000, 28.038609, 1000
2.28, 0.000100, 0.200000, 0.470000, -9.810000, 6.000000, 0.000000, 0.000000, 0.000000, 10.000000, -1.000000, 1.000000, -1.000000, 0.100000, 0.000100, 1.000000, 0.001000, 0.000010, 0.000000, 0.000000, 0.950000, 0.000000, 28.038609, -0.000000, 85.070857, 0.000000, -13.987061, 0.000000, -22.294254, 1000, 0.000100, -1.000000, -1.000000, 0.100000, 0.000100, 5.000000, 1.000000, 0.001000, 0.000010, 0.000000, 0.000000, 0.950000, 5.000000, 0.000000, -22.154293, -0.000000, 85.771467, 1000, 0.000100, 2.000000, -1.000000, -1.000000, 0.100000, 0.000100, 1.000000, 0.001000, 0.000010, 0.000000, 0.000000, 0.950000, 0.000000, -14.003517, 0.000000, 28.007033, 1000
2.29, 0.000100, 0.200000, 0.470000, -9.810000, 6.000000, 0.000000, 0.000000, 0.000000, 10.000000, -1.000000, 1.000000, -1.000000, 0.100000, 0.000100, 1.000000, 0.001000, 0.000010, 0.000000, 0.000000, 0.950000, 0.000000, 28.007033, -0.000000, 85.771467, 0.000000, -13.969940, 0.000000, -22.434048, 1000, 0.000100, -1.000000, -1.000000, 0.100000, 0.000100, 5.000000, 1.000000, 0.001000, 0.000010, 0.000000, 0.000000, 0.950000, 5.000000, 0.000000, -22.294254, -0.000000, 86.471272, 1000, 0.000100, 2.000000, -1.000000, -1.000000, 0.100000, 0.000100, 1.000000, 0.001000, 0.000010, 0.000000, 0.000000, 0.950000, 0.000000, -13.987061, 0.000000, 27.974122, 1000
2.3, 0.000100, 0.200000, 0.470000, -9.810000, 6.000000, 0.000000, 0.000000, 0.000000, 10.000000, -1.000000, 1.000000, -1.000000, 0.100000, 0.000100, 1.000000, 0.001000, 0.000010, 0.000000, 0.000000, 0.950000, 0.000000, 27.974122, -0.000000, 86.471272, 0.000000, -13.952155, 0.000000, -22.573667, 1000, 0.000100, -1.000000, -1.000000, 0.100000, 0.000100, 5.000000, 1.000000, 0.001000, 0.000010, 0.000000, 0.000000, 0.950000, 5.000000, 0.000000, -22.434048, -0.000000, 87.170240, 1000, 0.000100, 2.000000, -1.000000, -1.000000, 0.100000, 0.000100, 1.000000, 0.001000, 0.000010, 0.000000, 0.000000, 0.950000, 0.000000, -13.969940, 0.000000, 27.939879, 1000
2.31, 0.000100, 0.200000, 0.470000, -9.810000, 6.000000, 0.000000, 0.000000, 0.000000, 10.000000, -1.000000, 1.000000, -1.000000, 0.100000, 0.000100, 1.000000, 0.001000, 0.000010, 0.000000, 0.000000, 0.950000, 0.000000, 27.939879, -0.000000, 87.170240, 0.000000, -13.933710, 0.000000, -22.713106, 1000, 0.000100, -1.000000, -1.000000, 0.100000, 0.000100, 5.000000, 1.000000, 0.001000, 0.000010, 0.000000, 0.000000, 0.950000, 5.000000, 0.000000, -22.573667, -0.000000, 87.868337, 1000, 0.000100, 2.000000, -1.000000, -1.000000, 0.100000, 0.000100, 1.000000, 0.001000, 0.000010, 0.000000, 0.000000, 0.950000, 0.000000, -13.952155, 0.000000, 27.904310, 1000
2.32, 0.000100, 0.200000, 0.470000, -9.810000, 6.000000, 0.000000, 0.000000, 0.000000, 10.000000, -1.000000, 1.000000, -1.000000, 0.100000, 0.000100, 1.000000, 0.001000, 0.000010, 0.000000, 0.000000, 0.950000, 0.000000, 27.904310, -0.000000, 87.868337, 0.000000, -13.914605, 0.000000, -22.852357, 1000, 0.000100, -1.000000, -1.000000, 0.100000, 0.000100, 5.000000, 1.000000, 0.001000, 0.000010, 0.000000, 0.000000, 0.950000, 5.000000, 0.000000, -22.713106, -0.000000, 88.565530, 1000, 0.000100, 2.000000, -1.000000, -1.000000, 0.100000, 0.000100, 1.000000, 0.001000, 0.000010, 0.000000, 0.000000, 0.950000, 0.000000, -13.933710, 0.000000, 27.867419, 1000
2.33, 0.000100, 0.200000, 0.470000, -9.810000, 6.000000, 0.000000, 0.000000, 0.000000, 10.000000, -1.000000, 1.000000, -1.000000, 0.100000, 0.000100, 1.000000, 0.001000, 0.000010, 0.000000, 0.000000, 0.950000, 0.000000, 27.867419, -0.000000, 88.565530, 0.000000, -13.894845, 0.000000, -22.991414, 1000, 0.000100, -1.000000, -1.000000, 0.100000, 0.000100, 5.000000, 1.000000, 0.001000, 0.000010, 0.000000, 0.000000, 0.950000, 5.000000, 0.000000, -22.852357, -0.000000, 89.261785, 1000, 0.000100, 2.000000, -1.000000, -1.000000, 0.100000, 0.000100, 1.000000, 0.001000, 0.000010, 0.000000, 0.000000, 0.950000, 0.000000, -13.914605, 0.000000, 27.829211, 1000
2.34, 0.000100, 0.200000, 0.470000, -9.810000, 6.000000, 0.000000, 0.000000, 0.000000, 10.000000, -1.000000, 1.000000, -1.000000, 0.100000, 0.000100, 1.000000, 0.001000, 0.000010, 0.000000, 0.000000, 0.950000, 0.000000, 27.829211, -0.000000, 89.261785, 0.000000, -13.874430, 0.000000, -23.130271, 1000, 0.000100, -1.000000, -1.000000, 0.100000, 0.000100, 5.000000, 1.000000, 0.001000, 0.000010, 0.000000, 0.000000, 0.950000, 5.000000, 0.000000, -22.991414, -0.000000, 89.957071, 1000, 0.000100, 2.000000, -1.000000, -1.000000, 0.100000, 0.000100, 1.000000, 0.001000, 0.000010, 0.000000, 0.000000, 0.950000, 0.000000, -13.894845, 0.000000, 27.789690, 1000
2.35, 0.000100, 0.200000, 0.470000, -9.810000, 6.000000, 0.000000, 0.000000, 0.000000, 10.000000, -1.000000, 1.000000, -1.000000, 0.100000, 0.000100, 1.000000, 0.001000, 0.000010, 0.000000, 0.000000, 0.950000, 0.000000, 27.789690, -0.000000, 89.957071, 0.000000, -13.853364, 0.000000, -23.268920, 1000, 0.000100, -1.000000, -1.000000, 0.100000, 0.000100, 5.000000, 1.000000, 0.001000, 0.000010, 0.000000, 0.000000, 0.950000, 5.000000, 0.000000, -23.130271, -0.000000, 90.651354, 1000, 0.000100, 2.000000, -1.000000, -1.000000, 0.100000, 0.000100, 1.000000, 0.001000, 0.000010, 0.000000, 0.000000, 0.950000, 0.000000, -13.874430, 0.000000, 27.748861, 1000
2.36, 0.000100, 0.200000, 0.470000, -9.810000, 6.000000, 0.000000, 0.000000, 0.000000, 10.000000, -1.000000, 1.000000, -1.000000, 0.100000, 0.000100, 1.000000, 0.001000, 0.000010, 0.000000, 0.000000, 0.950000, 0.000000, 27.748861, -0.000000, 90.651354, 0.000000, -13.831649, 0.000000, -23.407356, 1000, 0.000100, -1.000000, -1.000000, 0.100000, 0.000100, 5.000000, 1.000000, 0.001000, 0.000010, 0.000000, 0.000000, 0.950000, 5.000000, 0.000000, -23.268920, -0.000000, 91.344601, 1000, 0.000100, 2.000000, -1.000000, -1.000000, 0.100000, 0.000100, 1.000000, 0.001000, 0.000010, 0.000000, 0.000000, 0.950000, 0.000000, -13.853364, 0.000000, 27.706729, 1000
2.37, 0.000100, 0.200000, 0.470000, -9.810000, 6.000000, 0.000000, 0.000000, 0.000000, 10.000000, -1.000000, 1.000000, -1.000000, 0.100000, 0.000100, 1.000000, 0.001000, 0.000010, 0.000000, 0.000000, 0.950000, 0.000000, 27.706729, -0.000000, 91.344601, 0.000000, -13.809288, 0.000000, -23.545572, 1000, 0.000100, -1.000000, -1.000000, 0.100000, 0.000100, 5.000000, 1.000000, 0.001000, 0.000010, 0.000000, 0.000000, 0.950000, 5.000000, 0.000000, -23.407356, -0.000000, 92.036781, 1000, 0.000100, 2.000000, -1.000000, -1.000000, 0.100000, 0.000100, 1.000000, 0.001000, 0.000010, 0.000000, 0.000000, 0.950000, 0.000000, -13.831649, 0.000000, 27.663299, 1000
2.38, 0.000100, 0.200000, 0.470000, -9.810000, 6.000000, 0.000000, 0.000000, 0.000000, 10.000000, -1.000000, 1.000000, -1.000000, 0.100000, 0.000100, 1.000000, 0.001000, 0.000010, 0.000000, 0.000000, 0.950000, 0.000000, 27.663299, -0.000000, 92.036781, 0.000000, -13.786282, 0.000000, -23.683561, 1000, 0.000100, -1.000000, -1.000000, 0.100000, 0.000100, 5.000000, 1.000000, 0.001000, 0.000010, 0.000000, 0.000000, 0.950000, 5.000000, 0.000000, -23.545572, -0.000000, 92.727860, 1000, 0.000100, 2.000000, -1.000000, -1.000000, 0.100000, 0.000100, 1.000000, 0.001000, 0.000010, 0.000000, 0.000000, 0.950000, 0.000000, -13.809288, 0.000000, 27.618575, 1000
2.39, 0.000100, 0.200000, 0.470000, -9.810000, 6.000000, 0.000000, 0.000000, 0.000000, 10.000000, -1.000000, 1.000000, -1.000000, 0.100000, 0.000100, 1.000000, 0.001000, 0.000010, 0.000000, 0.000000, 0.950000, 0.000000, 27.618575, -0.000000, 92.727860, 0.000000, -13.762634, 0.000000, -23.821318, 1000, 0.000100, -1.000000, -1.000000, 0.100000, 0.000100, 5.000000, 1.000000, 0.001000, 0.000010, 0.000000, 0.000000, 0.950000, 5.000000, 0.000000, -23.683561, -0.000000, 93.417807, 1000, 0.000100, 2.000000, -1.000000, -1.000000, 0.100000, 0.000100, 1.000000, 0.001000, 0.000010, 0.000000, 0.000000, 0.950000, 0.000000, -13.786282, 0.000000, 27.572564, 1000
2.4, 0.000100, 0.200000, 0.470000, -9.810000, 6.000000, 0.000000, 0.000000, 0.000000, 10.000000, -1.000000, 1.000000, -1.000000, 0.100000, 0.000100, 1.000000, 0.001000, 0.000010, 0.000000, 0.000000, 0.950000, 0.000000, 27.572564, -0.000000, 93.417807, 0.000000, -13.738348, 0.000000, -23.958835, 1000, 0.000100, -1.000000, -1.000000, 0.100000, 0.000100, 5.000000, 1.000000, 0.001000, 0.000010, 0.000000, 0.000000, 0.950000, 5.000000, 0.000000, -23.821318, -0.000000, 94.106589, 1000, 0.000100, 2.000000, -1.000000, -1.000000, 0.100000, 0.000100, 1.000000, 0.001000, 0.000010, 0.000000, 0.000000, 0.950000, 0.000000, -13.762634, 0.000000, 27.525269, 1000
2.41, 0.000100, 0.200000, 0.470000, -9.810000, 6.000000, 0.000000, 0.000000, 0.000000, 10.000000, -1.000000, 1.000000, -1.000000, 0.100000, 0.000100, 1.000000, 0.001000, 0.000010, 0.000000, 0.000000, 0.950000, 0.000000, 27.525269, -0.000000, 94.106589, 0.000000, -13.713425, 0.000000, -24.096106, 1000, 0.000100, -1.000000, -1.000000, 0.100000, 0.000100, 5.000000, 1.000000, 0.001000, 0.000010, 0.000000, 0.000000, 0.950000, 5.000000, 0.000000, -23.958835, -0.000000, 94.794174, 1000, 0.000100, 2.000000, -1.000000, -1.000000, 0.100000, 0.000100, 1.000000, 0.001000, 0.000010, 0.000000, 0.000000, 0.950000, 0.000000, -13.738348, 0.000000, 27.476696, 1000
2.42, 0.000100, 0.200000, 0.470000, -9.810000, 6.000000, 0.000000, 0.000000, 0.000000, 10.000000, -1.000000, 1.000000, -1.000000, 0.100000, 0.000100, 1.000000, 0.001000, 0.000010, 0.000000, 0.000000, 0.950000, 0.000000, 27.476696, -0.000000, 94.794174, 0.000000, -13.687868, 0.000000, -24.233125, 1000, 0.000100, -1.000000, -1.000000, 0.100000, 0.000100, 5.000000, 1.000000, 0.001000, 0.000010, 0.000000, 0.000000, 0.950000, 5.000000, 0.000000, -24.096106, -0.000000, 95.480531, 1000, 0.000100, 2.000000, -1.000000, -1.000000, 0.100000, 0.000100, 1.000000, 0.001000, 0.000010, 0.000000, 0.000000, 0.950000, 0.000000, -13.713425, 0.000000, 27.426850, 1000
2.43, 0.000100, 0.200000, 0.470000, -9.810000, 6.000000, 0.000000, 0.000000, 0.000000, 10.000000, -1.000000, 1.000000, -1.000000, 0.100000, 0.000100, 1.000000, 0.001000, 0.000010, 0.000000, 0.000000, 0.950000, 0.000000, 27.426850, -0.000000, 95.480531, 0.000000, -13.661680, 0.000000, -24.369886, 1000, 0.000100, -1.000000, -1.000000, 0.100000, 0.000100, 5.000000, 1.000000, 0.001000, 0.000010, 0.000000, 0.000000, 0.950000, 5.000000, 0.000000, -24.233125, -0.000000, 96.165627, 1000, 0.000100, 2.000000, -1.000000, -1.000000, 0.100000, 0.000100, 1.000000, 0.001000, 0.000010, 0.000000, 0.000000, 0.950000, 0.000000, -13.687868, 0.000000, 27.375736, 1000
2.44, 0.000100, 0.200000, 0.470000, -9.810000, 6.000000, 0.000000, 0.000000, 0.000000, 10.000000, -1.000000, 1.000000, -1.000000, 0.100000, 0.000100, 1.000000, 0.001000, 0.000010, 0.000000, 0.000000, 0.950000, 0.000000, 27.375736, -0.000000, 96.165627, 0.000000, -13.634863, 0.000000, -24.506382, 1000, 0.000100, -1.000000, -1.000000, 0.100000, 0.000100, 5.000000, 1.000000, 0.001000, 0.000010, 0.000000, 0.000000, 0.950000, 5.000000, 0.000000, -24.369886, -0.000000, 96.849431, 1000, 0.000100, 2.000000, -1.000000, -1.000000, 0.100000, 0.000100, 1.000000, 0.001000, 0.000010, 0.000000, 0.000000, 0.950000, 0.000000, -13.661680, 0.000000, 27.323359, 1000
2.45, 0.000100, 0.200000, 0.470000, -9.810000, 6.000000, 0.000000, 0.000000, 0.000000, 10.000000, -1.000000, 1.000000, -1.000000, 0.100000, 0.000100, 1.000000, 0.001000, 0.000010, 0.000000, 0.000000, 0.950000, 0.000000, 27.323359, -0.000000, 96.849431, 0.000000, -13.607420, 0.000000, -24.642607, 1000, 0.000100, -1.000000, -1.000000, 0.100000, 0.000100, 5.000000, 1.000000, 0.001000, 0.000010, 0.000000, 0.000000, 0.950000, 5.000000, 0.000000, -24.506382, -0.000000, 97.531912, 1000, 0.000100, 2.000000, -1.000000, -1.000000, 0.100000, 0.000100, 1.000000, 0.001000, 0.000010, 0.000000, 0.000000, 0.950000, 0.000000, -13.634863, 0.000000, 27.269726, 1000
2.46, 0.000100, 0.200000, 0.470000, -9.810000, 6.000000, 0.000000, 0.000000, 0.000000, 10.000000, -1.000000, 1.000000, -1.000000, 0.100000, 0.000100, 1.000000, 0.001000, 0.000010, 0.000000, 0.000000, 0.950000, 0.000000, 27.269726, -0.000000, 97.531912, 0.000000, -13.579354, 0.000000, -24.778555, 1000, 0.000100, -1.000000, -1.000000, 0.100000, 0.000100, 5.000000, 1.000000, 0.001000, 0.000010, 0.000000, 0.000000, 0.950000, 5.000000, 0.000000, -24.642607, -0.000000, 98.213037, 1000, 0.000100, 2.000000, -1.000000, -1.000000, 0.100000, 0.000100, 1.000000, 0.001000, 0.000010, 0.000000, 0.000000, 0.950000, 0.000000, -13.607420, 0.000000, 27.214840, 1000
2.47, 0.000100, 0.200000, 0.470000, -9.810000, 6.000000, 0.000000, 0.000000, 0.000000, 10.000000, -1.000000, 1.000000, -1.000000, 0.100000, 0.000100, 1.000000, 0.001000, 0.000010, 0.000000, 0.000000, 0.950000, 0.000000, 27.214840, -0.000000, 98.213037, 0.000000, -13.550667, 0.000000, -24.914220, 1000, 0.000100, -1.000000, -1.000000, 0.100000, 0.000100, 5.000000, 1.000000, 0.001000, 0.000010, 0.000000, 0.000000, 0.950000, 5.000000, 0.000000, -24.778555, -0.000000, 98.892777, 1000, 0.000100, 2.000000, -1.000000, -1.000000, 0.100000, 0.000100, 1.000000, 0.001000, 0.000010, 0.000000, 0.000000, 0.950000, 0.000000, -13.579354, 0.000000, 27.158708, 1000
2.48, 0.000100, 0.200000, 0.470000, -9.810000, 6.000000, 0.000000, 0.000000, 0.000000, 10.000000, -1.000000, 1.000000, -1.000000, 0.100000, 0.000100, 1.000000, 0.001000, 0.000010, 0.000000, 0.000000, 0.950000, 0.000000, 27.158708, -0.000000, 98.892777, 0.000000, -13.521363, 0.000000, -25.049595, 1000, 0.000100, -1.000000, -1.000000, 0.100000, 0.000100, 5.000000, 1.000000, 0.001000, 0.000010, 0.000000, 0.000000, 0.950000, 5.000000, 0.000000, -24.914220, -0.000000, 99.571099, 1000, 0.000100, 2.000000, -1.000000, -1.000000, 0.100000, 0.000100, 1.000000, 0.001000, 0.000010, 0.000000, 0.000000, 0.950000, 0.000000, -13.550667, 0.000000, 27.101334, 1000
2.49, 0.000100, 0.200000, 0.470000, -9.810000, 6.000000, 0.000000, 0.000000, 0.000000, 10.000000, -1.000000, 1.000000, -1.000000, 0.100000, 0.000100, 1.000000, 0.001000, 0.000010, 0.000000, 0.000000, 0.950000, 0.000000, 27.101334, -0.000000, 99.571099, 0.000000, -13.491443, 0.000000, -25.184674, 1000, 0.000100, -1.000000, -1.000000, 0.100000, 0.000100, 5.000000, 1.000000, 0.001000, 0.000010, 0.000000, 0.000000, 0.950000, 5.000000, 0.000000, -25.049595, -0.000000, 100.247973, 1000, 0.000100, 2.000000, -1.000000, -1.000000, 0.100000, 0.000100, 1.000000, 0.001000, 0.000010, 0.000000, 0.000000, 0.950000, 0.000000, -13.521363, 0.000000, 27.042725, 1000
2.5, 0.000100, 0.200000, 0.470000, -9.810000, 6.000000, 0.000000, 0.000000, 0.000000, 10.000000, -1.000000, 1.000000, -1.000000, 0.100000, 0.000100, 1.000000, 0.001000, 0.000010, 0.000000, 0.000000, 0.950000, 0.000000, 27.042725, -0.000000, 100.247973, 0.000000, -13.460911, 0.000000, -25.319451, 1000, 0.000100, -1.000000, -1.000000, 0.100000, 0.000100, 5.000000, 1.000000, 0.001000, 0.000010, 0.000000, 0.000000, 0.950000, 5.000000, 0.000000, -25.184674, -0.000000, 100.923368, 1000, 0.000100, 2.000000, -1.000000, -1.000000, 0.100000, 0.000100, 1.000000, 0.001000, 0.000010, 0.000000, 0.000000, 0.950000, 0.000000, -13.491443, 0.000000, 26.982886, 1000
2.51, 0.000100, 0.200000, 0.470000, -9.810000, 6.000000, 0.000000, 0.000000, 0.000000, 10.000000, -1.000000, 1.000000, -1.000000, 0.100000, 0.000100, 1.000000, 0.001000, 0.000010, 0.000000, 0.000000, 0.950000, 0.000000, 26.982886, -0.000000, 100.923368, 0.000000, -13.429770, 0.000000, -25.453920, 1000, 0.000100, -1.000000, -1.000000, 0.100000, 0.000100, 5.000000, 1.000000, 0.001000, 0.000010, 0.000000, 0.000000, 0.950000, 5.000000, 0.000000, -25.319451, -0.000000, 101.597253, 1000, 0.000100, 2.000000, -1.000000, -1.000000, 0.100000, 0.000100, 1.000000, 0.001000, 0.000010, 0.000000, 0.000000, 0.950000, 0.000000, -13.460911, 0.000000, 26.921823, 1000
2.52, 0.000100, 0.200000, 0.470000, -9.810000, 6.000000, 0.000000, 0.000000, 0.000000, 10.000000, -1.000000, 1.000000, -1.000000, 0.100000, 0.000100, 1.000000, 0.001000, 0.000010, 0.000000, 0.000000, 0.950000, 0.000000, 26.921823, -0.000000, 101.597253, 0.000000, -13.398022, 0.000000, -25.588074, 1000, 0.000100, -1.000000, -1.000000, 0.100000, 0.000100, 5.000000, 1.000000, 0.001000, 0.000010, 0.000000, 0.000000, 0.950000, 5.000000, 0.000000, -25.453920, -0.000000, 102.269598, 1000, 0.000100, 2.000000, -1.000000, -1.000000, 0.100000, 0.000100, 1.000000, 0.001000, 0.000010, 0.000000, 0.000000, 0.950000, 0.000000, -13.429770, 0.000000, 26.859540, 1000
2.53, 0.000100, 0.200000, 0.470000, -9.810000, 6.000000, 0.000000, 0.000000, 0.000000, 10.000000, -1.000000, 1.000000, -1.000000, 0.100000, 0.000100, 1.000000, 0.001000, 0.000010, 0.000000, 0.000000, 0.950000, 0.000000, 26.859540, -0.000000, 102.269598, 0.000000, -13.365671, 0.000000, -25.721909, 1000, 0.000100, -1.000000, -1.000000, 0.100000, 0.000100, 5.000000, 1.000000, 0.001000, 0.000010, 0.000000, 0.000000, 0.950000, 5.000000, 0.000000, -25.588074, -0.000000, 102.940372, 1000, 0.000100, 2.000000, -1.000000, -1.000000, 0.100000, 0.000100, 1.000000, 0.001000, 0.000010, 0.000000, 0.000000, 0.950000, 0.000000, -13.398022, 0.000000, 26.796045, 1000
2.54, 0.000100, 0.200000, 0.470000, -9.810000, 6.000000, 0.000000, 0.000000, 0.000000, 10.000000, -1.000000, 1.000000, -1.000000, 0.100000, 0.000100, 1.000000, 0.001000, 0.000010, 0.000000, 0.000000, 0.950000, 0.000000, 26.796045, -0.000000, 102.940372, 0.000000, -13.332719, 0.000000, -25.855418, 1000, 0.000100, -1.000000, -1.000000, 0.100000, 0.000100, 5.000000, 1.000000, 0.001000, 0.000010, 0.000000, 0.000000, 0.950000, 5.000000, 0.000000, -25.721909, -0.000000, 103.609545, 1000, 0.000100, 2.000000, -1.000000, -1.000000, 0.100000, 0.000100, 1.000000, 0.001000, 0.000010, 0.000000, 0.000000, 0.950000, 0.000000, -13.365671, 0.000000, 26.731342, 1000
2.55, 0.000100, 0.200000, 0.470000, -9.810000, 6.000000, 0.000000, 0.000000, 0.000000, 10.000000, -1.000000, 1.000000, -1.000000, 0.100000, 0.000100, 1.000000, 0.001000, 0.000010, 0.000000, 0.000000, 0.950000, 0.000000, 26.731342, -0.000000, 103.609545, 0.000000, -13.299168, 0.000000, -25.988594, 1000, 0.000100, -1.000000, -1.000000, 0.100000, 0.000100, 5.000000, 1.000000, 0.001000, 0.000010, 0.000000, 0.000000, 0.950000, 5.000000, 0.000000, -25.855418, -0.000000, 104.277088, 1000, 0.000100, 2.000000, -1.000000, -1.000000, 0.100000, 0.000100, 1.000000, 0.001000, 0.000010, 0.000000, 0.000000, 0.950000, 0.000000, -13.332719, 0.000000, 26.665437, 1000
2.56, 0.000100, 0.200000, 0.470000, -9.810000, 6.000000, 0.000000, 0.000000, 0.000000, 10.000000, -1.000000, 1.000000, -1.000000, 0.100000, 0.000100, 1.000000, 0.001000, 0.000010, 0.000000, 0.000000, 0.950000, 0.000000, 26.665437, -0.000000, 104.277088, 0.000000, -13.265023, 0.000000, -26.121432, 1000, 0.000100, -1.000000, -1.000000, 0.100000, 0.000100, 5.000000, 1.000000, 0.001000, 0.000010, 0.000000, 0.000000, 0.950000, 5.000000, 0.000000, -25.988594, -0.000000, 104.942969, 1000, 0.000100, 2.000000, -1.000000, -1.000000, 0.100000, 0.000100, 1.000000, 0.001000, 0.000010, 0.000000, 0.000000, 0.950000, 0.000000, -13.299168, 0.000000, 26.598337, 1000
2.57, 0.000100, 0.200000, 0.470000, -9.810000, 6.000000, 0.000000, 0.000000, 0.000000, 10.000000, -1.000000, 1.000000, -1.000000, 0.100000, 0.000100, 1.000000, 0.001000, 0.000010, 0.000000, 0.000000, 0.950000, 0.000000, 26.598337, -0.000000, 104.942969, 0.000000, -13.230286, 0.000000, -26.253926, 1000, 0.000100, -1.000000, -1.000000, 0.100000, 0.000100, 5.000000, 1.000000, 0.001000, 0.000010, 0.000000, 0.000000, 0.950000, 5.000000, 0.000000, -26.121432, -0.000000, 105.607159, 1000, 0.000100, 2.000000, -1.000000, -1.000000, 0.100000, 0.000100, 1.000000, 0.001000, 0.000010, 0.000000, 0.000000, 0.950000, 0.000000, -13.265023, 0.000000, 26.530046, 1000
2.58, 0.000100, 0.200000, 0.470000, -9.810000, 6.000000, 0.000000, 0.000000, 0.000000, 10.000000, -1.000000, 1.000000, -1.000000, 0.100000, 0.000100, 1.000000, 0.001000, 0.000010, 0.000000, 0.000000, 0.950000, 0.000000, 26.530046, -0.000000, 105.607159, 0.000000, -13.194959, 0.000000, -26.386070, 1000, 0.000100, -1.000000, -1.000000, 0.100000, 0.000100, 5.000000, 1.000000, 0.001000, 0.000010, 0.000000, 0.000000, 0.950000, 5.000000, 0.000000, -26.253926, -0.000000, 106.269628, 1000, 0.000100, 2.000000, -1.000000, -1.000000, 0.100000, 0.000100, 1.000000, 0.001000, 0.000010, 0.000000, 0.000000, 0.950000, 0.000000, -13.230286, 0.000000, 26.460571, 1000
2.59, 0.000100, 0.200000, 0.470000, -9.810000, 6.000000, 0.000000, 0.000000, 0.000000, 10.000000, -1.000000, 1.000000, -1.000000, 0.100000, 0.000100, 1.000000, 0.001000, 0.000010, 0.000000, 0.000000, 0.950000, 0.000000, 26.460571, -0.000000, 106.269628, 0.000000, -13.159047, 0.000000, -26.517858, 1000, 0.000100, -1.000000, -1.000000, 0.100000, 0.000100, 5.000000, 1.000000, 0.001000, 0.000010, 0.000000, 0.000000, 0.950000, 5.000000, 0.000000, -26.386070, -0.000000, 106.930348, 1000, 0.000100, 2.000000, -1.000000, -1.000000, 0.100000, 0.000100, 1.000000, 0.001000, 0.000010, 0.000000, 0.000000, 0.950000, 0.000000, -13.194959, 0.000000, 26.389919, 1000
2.6, 0.000100, 0.200000, 0.470000, -9.810000, 6.000000, 0.000000, 0.000000, 0.000000, 10.000000, -1.000000, 1.000000, -1.000000, 0.100000, 0.000100, 1.000000, 0.001000, 0.000010, 0.000000, 0.000000, 0.950000, 0.000000, 26.389919, -0.000000, 106.930348, 0.000000, -13.122551, 0.000000, -26.649284, 1000, 0.000100, -1.000000, -1.000000, 0.100000, 0.000100, 5.000000, 1.000000, 0.001000, 0.000010, 0.000000, 0.000000, 0.950000, 5.000000, 0.000000, -26.517858, -0.000000, 107.589288, 1000, 0.000100, 2.000000, -1.000000, -1.000000, 0.100000, 0.000100, 1.000000, 0.001000, 0.000010, 0.000000, 0.000000, 0.950000, 0.000000, -13.159047, 0.000000, 26.318094, 1000
2.61, 0.000100, 0.200000, 0.470000, -9.810000, 6.000000, 0.000000, 0.000000, 0.000000, 10.000000, -1.000000, 1.000000, -1.000000, 0.100000, 0.000100, 1.000000, 0.001000, 0.000010, 0.000000, 0.000000, 0.950000, 0.000000, 26.318094, -0.000000, 107.589288, 0.000000, -13.085476, 0.000000, -26.780342, 1000, 0.000100, -1.000000, -1.000000, 0.100000, 0.000100, 5.000000, 1.000000, 0.001000, 0.000010, 0.000000, 0.000000, 0.950000, 5.000000, 0.000000, -26.649284, -0.000000, 108.246419, 1000, 0.000100, 2.000000, -1.000000, -1.000000, 0.100000, 0.000100, 1.000000, 0.001000, 0.000010, 0.000000, 0.000000, 0.950000, 0.000000, -13.122551, 0.000000, 26.245103, 1000
2.62, 0.000100, 0.200000, 0.470000, -9.810000, 6.000000, 0.000000, 0.000000, 0.000000, 10.000000, -1.000000, 1.000000, -1.000000, 0.100000, 0.000100, 1.000000, 0.001000, 0.000010, 0.000000, 0.000000, 0.950000, 0.000000, 26.245103, -0.000000, 108.246419, 0.000000, -13.047824, 0.000000, -26.911028, 1000, 0.000100, -1.000000, -1.000000, 0.100000, 0.000100, 5.000000, 1.000000, 0.001000, 0.000010, 0.000000, 0.000000, 0.950000, 5.000000, 0.000000, -26.780342, -0.000000, 108.901712, 1000, 0.000100, 2.000000, -1.000000, -1.000000, 0.100000, 0.000100, 1.000000, 0.001000, 0.000010, 0.000000, 0.000000, 0.950000, 0.000000, -13.085476, 0.000000, 26.170952, 1000
2.63, 0.000100, 0.200000, 0.470000, -9.810000, 6.000000, 0.000000, 0.000000, 0.000000, 10.000000, -1.000000, 1.000000, -1.000000, 0.100000, 0.000100, 1.000000, 0.001000, 0.000010, 0.000000, 0.000000, 0.950000, 0.000000, 26.170952, -0.000000, 108.901712, 0.000000, -13.009597, 0.000000, -27.041334, 1000, 0.000100, -1.000000, -1.000000, 0.100000, 0.000100, 5.000000, 1.000000, 0.001000, 0.000010, 0.000000, 0.000000, 0.950000, 5.000000, 0.000000, -26.911028, -0.000000, 109.555139, 1000, 0.000100, 2.000000, -1.000000, -1.000000, 0.100000, 0.000100, 1.000000, 0.001000, 0.000010, 0.000000, 0.000000, 0.950000, 0.000000, -13.047824, 0.000000, 26.095647, 1000
2.64, 0.000100, 0.200000, 0.470000, -9.810000, 6.000000, 0.000000, 0.000000, 0.000000, 10.000000, -1.000000, 1.000000, -1.000000, 0.100000, 0.000100, 1.000000, 0.001000, 0.000010, 0.000000, 0.000000, 0.950000, 0.000000, 26.095647, -0.000000, 109.555139, 0.000000, -12.970800, 0.000000, -27.171255, 1000, 0.000100, -1.000000, -1.000000, 0.100000, 0.000100, 5.000000, 1.000000, 0.001000, 0.000010, 0.000000, 0.000000, 0.950000, 5.000000, 0.000000, -27.041334, -0.000000, 110.206670, 1000, 0.000100, 2.000000, -1.000000, -1.000000, 0.100000, 0.000100, 1.000000, 0.001000, 0.000010, 0.000000, 0.000000, 0.950000, 0.000000, -13.009597, 0.000000, 26.019195, 1000
2.65, 0.000100, 0.200000, 0.470000, -9.810000, 6.000000, 0.000000, 0.000000, 0.000000, 10.000000, -1.000000, 1.000000, -1.000000, 0.100000, 0.000100, 1.000000, 0.001000, 0.000010, 0.000000, 0.000000, 0.950000, 0.000000, 26.019195, -0.000000, 110.206670, 0.000000, -12.931436, 0.000000, -27.300786, 1000, 0.000100, -1.000000, -1.000000, 0.100000, 0.000100, 5.000000, 1.000000, 0.001000, 0.000010, 0.000000, 0.000000, 0.950000, 5.000000, 0.000000, -27.171255, -0.000000, 110.856277, 1000, 0.000100, 2.000000, -1.000000, -1.000000, 0.100000, 0.000100, 1.000000, 0.001000, 0.000010, 0.000000, 0.000000, 0.950000, 0.000000, -12.970800, 0.000000, 25.941601, 1000
2.66, 0.000100, 0.200000, 0.470000, -9.810000, 6.000000, 0.000000, 0.000000, 0.000000, 10.000000, -1.000000, 1.000000, -1.000000, 0.100000, 0.000100, 1.000000, 0.001000, 0.000010, 0.000000, 0.000000, 0.950000, 0.000000, 25.941601, -0.000000, 110.856277, 0.000000, -12.891507, 0.000000, -27.429921, 1000, 0.000100, -1.000000, -1.000000, 0.100000, 0.000100, 5.000000, 1.000000, 0.001000, 0.000010, 0.000000, 0.000000, 0.950000, 5.000000, 0.000000, -27.300786, -0.000000, 111.503931, 1000, 0.000100, 2.000000, -1.000000, -1.000000, 0.100000, 0.000100, 1.000000, 0.001000, 0.000010, 0.000000, 0.000000, 0.950000, 0.000000, -12.931436, 0.000000, 25.862872, 1000
2.67, 0.000100, 0.200000, 0.470000, -9.810000, 6.000000, 0.000000, 0.000000, 0.000000, 10.000000, -1.000000, 1.000000, -1.000000, 0.100000, 0.000100, 1.000000, 0.001000, 0.000010, 0.000000, 0.000000, 0.950000, 0.000000, 25.862872, -0.000000, 111.503931, 0.000000, -12.851016, 0.000000, -27.558654, 1000, 0.000100, -1.000000, -1.000000, 0.100000, 0.000100, 5.000000, 1.000000, 0.001000, 0.000010, 0.000000, 0.000000, 0.950000, 5.000000, 0.000000, -27.429921, -0.000000, 112.149604, 1000, 0.000100, 2.000000, -1.000000, -1.000000, 0.100000, 0.000100, 1.000000, 0.001000, 0.000010, 0.000000, 0.000000, 0.950000, 0.000000, -12.891507, 0.000000, 25.783014, 1000
2.68, 0.000100, 0.200000, 0.470000, -9.810000, 6.000000, 0.000000, 0.000000, 0.000000, 10.000000, -1.000000, 1.000000, -1.000000, 0.100000, 0.000100, 1.000000, 0.001000, 0.000010, 0.000000, 0.000000, 0.950000, 0.000000, 25.783014, -0.000000, 112.149604, 0.000000, -12.809968, 0.000000, -27.686979, 1000, 0.000100, -1.000000, -1.000000, 0.100000, 0.000100, 5.000000, 1.000000, 0.001000, 0.000010, 0.000000, 0.000000, 0.950000, 5.000000, 0.000000, -27.558654, -0.000000, 112.793269, 1000, 0.000100, 2.000000, -1.000000, -1.000000, 0.100000, 0.000100, 1.000000, 0.001000, 0.000010, 0.000000, 0.000000, 0.950000, 0.000000, -12.851016, 0.000000, 25.702033, 1000
2.69, 0.000100, 0.200000, 0.470000, -9.810000, 6.000000, 0.000000, 0.000000, 0.000000, 10.000000, -1.000000, 1.000000, -1.000000, 0.100000, 0.000100, 1.000000, 0.001000, 0.000010, 0.000000, 0.000000, 0.950000, 0.000000, 25.702033, -0.000000, 112.793269, 0.000000, -12.768365, 0.000000, -27.814892, 1000, 0.000100, -1.000000, -1.000000, 0.100000, 0.000100, 5.000000, 1.000000, 0.001000, 0.000010, 0.000000, 0.000000, 0.950000, 5.000000, 0.000000, -27.686979, -0.000000, 113.434896, 1000, 0.000100, 2.000000, -1.000000, -1.000000, 0.100000, 0.000100, 1.000000, 0.001000, 0.000010, 0.000000, 0.000000, 0.950000, 0.000000, -12.809968, 0.000000, 25.619936, 1000
2.7, 0.000100, 0.200000, 0.470000, -9.810000, 6.000000, 0.000000, 0.000000, 0.000000, 10.000000, -1.000000, 1.000000, -1.000000, 0.100000, 0.000100, 1.000000, 0.001000, 0.000010, 0.000000, 0.000000, 0.950000, 0.000000, 25.619936, -0.000000, 113.434896, 0.000000, -12.726210, 0.000000, -27.942386, 1000, 0.000100, -1.000000, -1.000000, 0.100000, 0.000100, 5.000000, 1.000000, 0.001000, 0.000010, 0.000000, 0.000000, 0.950000, 5.000000, 0.000000, -27.814892, -0.000000, 114.074458, 1000, 0.000100, 2.000000, -1.000000, -1.000000, 0.100000, 0.000100, 1.000000, 0.001000, 0.000010, 0.000000, 0.000000, 0.950000, 0.000000, -12.768365, 0.000000, 25.536730, 1000
2.71, 0.000100, 0.200000, 0.470000, -9.810000, 6.000000, 0.000000, 0.000000, 0.000000, 10.000000, -1.000000, 1.000000, -1.000000, 0.100000, 0.000100, 1.000000, 0.001000, 0.000010, 0.000000, 0.000000, 0.950000, 0.000000, 25.536730, -0.000000, 114.074458, 0.000000, -12.683507, 0.000000, -28.069455, 1000, 0.000100, -1.000000, -1.000000, 0.100000, 0.000100, 5.000000, 1.000000, 0.001000, 0.000010, 0.000000, 0.000000, 0.950000, 5.000000, 0.000000, -27.942386, -0.000000, 114.711928, 1000, 0.000100, 2.000000, -1.000000, -1.000000, 0.100000, 0.000100, 1.000000, 0.001000, 0.000010, 0.000000, 0.000000, 0.950000, 0.000000, -12.726210, 0.000000, 25.452420, 1000
2.72, 0.000100, 0.200000, 0.470000, -9.810000, 6.000000, 0.000000, 0.000000, 0.000000, 10.000000, -1.000000, 1.000000, -1.000000, 0.100000, 0.000100, 1.000000, 0.001000, 0.000010, 0.000000, 0.000000, 0.950000, 0.000000, 25.452420, -0.000000, 114.711928, 0.000000, -12.640258, 0.000000, -28.196096, 1000, 0.000100, -1.000000, -1.000000, 0.100000, 0.000100, 5.000000, 1.000000, 0.001000, 0.000010, 0.000000, 0.000000, 0.950000, 5.000000, 0.000000, -28.069455, -0.000000, 115.347277, 1000, 0.000100, 2.000000, -1.000000, -1.000000, 0.100000, 0.000100, 1.000000, 0.001000, 0.000010, 0.000000, 0.000000, 0.950000, 0.000000, -12.683507, 0.000000, 25.367014, 1000
2.73, 0.000100, 0.200000, 0.470000, -9.810000, 6.000000, 0.000000, 0.000000, 0.000000, 10.000000, -1.000000, 1.000000, -1.000000, 0.100000, 0.000100, 1.000000, 0.001000, 0.000010, 0.000000, 0.000000, 0.950000, 0.000000, 25.367014, -0.000000, 115.347277, 0.000000, -12.596468, 0.000000, -28.322301, 1000, 0.000100, -1.000000, -1.000000, 0.100000, 0.000100, 5.000000, 1.000000, 0.001000, 0.000010, 0.000000, 0.000000, 0.950000, 5.000000, 0.000000, -28.196096, -0.000000, 115.980480, 1000, 0.000100, 2.000000, -1.000000, -1.000000, 0.100000, 0.000100, 1.000000, 0.001000, 0.000010, 0.000000, 0.000000, 0.950000, 0.000000, -12.640258, 0.000000, 25.280517, 1000
2.74, 0.000100, 0.200000, 0.470000, -9.810000, 6.000000, 0.000000, 0.000000, 0.000000, 10.000000, -1.000000, 1.000000, -1.000000, 0.100000, 0.000100, 1.000000, 0.001000, 0.000010, 0.000000, 0.000000, 0.950000, 0.000000, 25.280517, -0.000000, 115.980480, 0.000000, -12.552139, 0.000000, -28.448067, 1000, 0.000100, -1.000000, -1.000000, 0.100000, 0.000100, 5.000000, 1.000000, 0.001000, 0.000010, 0.000000, 0.000000, 0.950000, 5.000000, 0.000000, -28.322301, -0.000000, 116.611507, 1000, 0.000100, 2.000000, -1.000000, -1.000000, 0.100000, 0.000100, 1.000000, 0.001000, 0.000010, 0.000000, 0.000000, 0.950000, 0.000000, -12.596468, 0.000000, 25.192936, 1000
2.75, 0.000100, 0.200000, 0.470000, -9.810000, 6.000000, 0.000000, 0.000000, 0.000000, 10.000000, -1.000000, 1.000000, -1.000000, 0.100000, 0.000100, 1.000000, 0.001000, 0.000010, 0.000000, 0.000000, 0.950000, 0.000000, 25.192936, -0.000000, 116.611507, 0.000000, -12.507276, 0.000000, -28.573386, 1000, 0.000100, -1.000000, -1.000000, 0.100000, 0.000100, 5.000000, 1.000000, 0.001000, 0.000010, 0.000000, 0.000000, 0.950000, 5.000000, 0.000000, -28.448067, -0.000000, 117.240333, 1000, 0.000100, 2.000000, -1.000000, -1.000000, 0.100000, 0.000100, 1.000000, 0.001000, 0.000010, 0.000000, 0.000000, 0.950000, 0.000000, -12.552139, 0.000000, 25.104279, 1000
2.76, 0.000100, 0.200000, 0.470000, -9.810000, 6.000000, 0.000000, 0.000000, 0.000000, 10.000000, -1.000000, 1.000000, -1.000000, 0.100000, 0.000100, 1.000000, 0.001000, 0.000010, 0.000000, 0.000000, 0.950000, 0.000000, 25.104279, -0.000000, 117.240333, 0.000000, -12.461880, 0.000000, -28.698255, 1000, 0.000100, -1.000000, -1.000000, 0.100000, 0.000100, 5.000000, 1.000000, 0.001000, 0.000010, 0.000000, 0.000000, 0.950000, 5.000000, 0.000000, -28.573386, -0.000000, 117.866931, 1000, 0.000100, 2.000000, -1.000000, -1.000000, 0.100000, 0.000100, 1.000000, 0.001000, 0.000010, 0.000000, 0.000000, 0.950000, 0.000000, -12.507276, 0.000000, 25.014551, 1000
2.77, 0.000100, 0.200000, 0.470000, -9.810000, 6.000000, 0.000000, 0.000000, 0.000000, 10.000000, -1.000000, 1.000000, -1.000000, 0.100000, 0.000100, 1.000000, 0.001000, 0.000010, 0.000000, 0.000000, 0.950000, 0.000000, 25.014551, -0.000000, 117.866931, 0.000000, -12.415956, 0.000000, -28.822667, 1000, 0.000100, -1.000000, -1.000000, 0.100000, 0.000100, 5.000000, 1.000000, 0.001000, 0.000010, 0.000000, 0.000000, 0.950000, 5.000000, 0.000000, -28.698255, -0.000000, 118.491273, 1000, 0.000100, 2.000000, -1.000000, -1.000000, 0.100000, 0.000100, 1.000000, 0.001000, 0.000010, 0.000000, 0.000000, 0.950000, 0.000000, -12.461880, 0.000000, 24.923760, 1000
2.78, 0.000100, 0.200000, 0.470000, -9.810000, 6.000000, 0.000000, 0.000000, 0.000000, 10.000000, -1.000000, 1.000000, -1.000000, 0.100000, 0.000100, 1.000000, 0.001000, 0.000010, 0.000000, 0.000000, 0.950000, 0.000000, 24.923760, -0.000000, 118.491273, 0.000000, -12.369506, 0.000000, -28.946617, 1000, 0.000100, -1.000000, -1.000000, 0.100000, 0.000100, 5.000000, 1.000000, 0.001000, 0.000010, 0.000000, 0.000000, 0.950000, 5.000000, 0.000000, -28.822667, -0.000000, 119.113334, 1000, 0.000100, 2.000000, -1.000000, -1.000000, 0.100000, 0.000100, 1.000000, 0.001000, 0.000010, 0.000000, 0.000000, 0.950000, 0.000000, -12.415956, 0.000000, 24.831911, 1000
2.79, 0.000100, 0.200000, 0.470000, -9.810000, 6.000000, 0.000000, 0.000000, 0.000000, 10.000000, -1.000000, 1.000000, -1.000000, 0.100000, 0.000100, 1.000000, 0.001000, 0.000010, 0.000000, 0.000000, 0.950000, 0.000000, 24.831911, -0.000000, 119.113334, 0.000000, -12.322535, 0.000000, -29.070101, 1000, 0.000100, -1.000000, -1.000000, 0.100000, 0.000100, 5.000000, 1.000000, 0.001000, 0.000010, 0.000000, 0.000000, 0.950000, 5.000000, 0.000000, -28.946617, -0.000000, 119.733086, 1000, 0.000100, 2.000000, -1.000000, -1.000000, 0.100000, 0.000100, 1.000000, 0.001000, 0.000010, 0.000000, 0.000000, 0.950000, 0.000000, -12.369506, 0.000000, 24.739013, 1000
2.8, 0.000100, 0.200000, 0.470000, -9.810000, 6.000000, 0.000000, 0.000000, 0.000000, 10.000000, -1.000000, 1.000000, -1.000000, 0.100000, 0.000100, 1.000000, 0.001000, 0.000010, 0.000000, 0.000000, 0.950000, 0.000000, 24.739013, -0.000000, 119.733086, 0.000000, -12.275046, 0.000000, -29.193113, 1000, 0.000100, -1.000000, -1.000000, 0.100000, 0.000100, 5.000000, 1.000000, 0.001000, 0.000010, 0.000000, 0.000000, 0.950000, 5.000000, 0.000000, -29.070101, -0.000000, 120.350505, 1000, 0.000100, 2.000000, -1.000000, -1.000000, 0.100000, 0.000100, 1.000000, 0.001000, 0.000010, 0.000000, 0.000000, 0.950000, 0.000000, -12.322535, 0.000000, 24.645071, 1000
2.81, 0.000100, 0.200000, 0.470000, -9.810000, 6.000000, 0.000000, 0.000000, 0.000000, 10.000000, -1.000000, 1.000000, -1.000000, 0.100000, 0.000100, 1.000000, 0.001000, 0.000010, 0.000000, 0.000000, 0.950000, 0.000000, 24.645071, -0.000000, 120.350505, 0.000000, -12.227042, 0.000000, -29.315647, 1000, 0.000100, -1.000000, -1.000000, 0.100000, 0.000100, 5.000000, 1.000000, 0.001000, 0.000010, 0.000000, 0.000000, 0.950000, 5.000000, 0.000000, -29.193113, -0.000000, 120.965563, 1000, 0.000100, 2.000000, -1.000000, -1.000000, 0.100000, 0.000100, 1.000000, 0.001000, 0.000010, 0.000000, 0.000000, 0.950000, 0.000000, -12.275046, 0.000000, 24.550092, 1000
2.82, 0.000100, 0.200000, 0.470000, -9.810000, 6.000000, 0.000000, 0.000000, 0.000000, 10.000000, -1.000000, 1.000000, -1.000000, 0.100000, 0.000100, 1.000000, 0.001000, 0.000010, 0.000000, 0.000000, 0.950000, 0.000000, 24.550092, -0.000000, 120.965563, 0.000000, -12.178527, 0.000000, -29.437699, 1000, 0.000100, -1.000000, -1.000000, 0.100000, 0.000100, 5.000000, 1.000000, 0.001000, 0.000010, 0.000000, 0.000000, 0.950000, 5.000000, 0.000000, -29.315647, -0.000000, 121.578235, 1000, 0.000100, 2.000000, -1.000000, -1.000000, 0.100000, 0.000100, 1.000000, 0.001000, 0.000010, 0.000000, 0.000000, 0.950000, 0.000000, -12.227042, 0.000000, 24.454084, 1000
2.83, 0.000100, 0.200000, 0.470000, -9.810000, 6.000000, 0.000000, 0.000000, 0.000000, 10.000000, -1.000000, 1.000000, -1.000000, 0.100000, 0.000100, 1.000000, 0.001000, 0.000010, 0.000000, 0.000000, 0.950000, 0.000000, 24.454084, -0.000000, 121.578235, 0.000000, -12.129503, 0.000000, -29.559264, 1000, 0.000100, -1.000000, -1.000000, 0.100000, 0.000100, 5.000000, 1.000000, 0.001000, 0.000010, 0.000000, 0.000000, 0.950000, 5.000000, 0.000000, -29.437699, -0.000000, 122.188496, 1000, 0.000100, 2.000000, -1.000000, -1.000000, 0.100000, 0.000100, 1.000000, 0.001000, 0.000010, 0.000000, 0.000000, 0.950000, 0.000000, -12.178527, 0.000000, 24.357053, 1000
2.84, 0.000100, 0.200000, 0.470000, -9.810000, 6.000000, 0.000000, 0.000000, 0.000000, 10.000000, -1.000000, 1.000000, -1.000000, 0.100000, 0.000100, 1.000000, 0.001000, 0.000010, 0.000000, 0.000000, 0.950000, 0.000000, 24.357053, -0.000000, 122.188496, 0.000000, -12.079975, 0.000000, -29.680336, 1000, 0.000100, -1.000000, -1.000000, 0.100000, 0.000100, 5.000000, 1.000000, 0.001000, 0.000010, 0.000000, 0.000000, 0.950000, 5.000000, 0.000000, -29.559264, -0.000000, 122.796319, 1000, 0.000100, 2.000000, -1.000000, -1.000000, 0.100000, 0.000100, 1.000000, 0.001000, 0.000010, 0.000000, 0.000000, 0.950000, 0.000000, -12.129503, 0.000000, 24.259006, 1000
2.85, 0.000100, 0.200000, 0.470000, -9.810000, 6.000000, 0.000000, 0.000000, 0.000000, 10.000000, -1.000000, 1.000000, -1.000000, 0.100000, 0.000100, 1.000000, 0.001000, 0.000010, 0.000000, 0.000000, 0.950000, 0.000000, 24.259006, -0.000000, 122.796319, 0.000000, -12.029947, 0.000000, -29.800911, 1000, 0.000100, -1.000000, -1.000000, 0.100000, 0.000100, 5.000000, 1.000000, 0.001000, 0.000010, 0.000000, 0.000000, 0.950000, 5.000000, 0.000000, -29.680336, -0.000000, 123.401680, 1000, 0.000100, 2.000000, -1.000000, -1.000000, 0.100000, 0.000100, 1.000000, 0.001000, 0.000010, 0.000000, 0.000000, 0.950000, 0.000000, -12.079975, 0.000000, 24.159951, 1000
2.86, 0.000100, 0.200000, 0.470000, -9.810000, 6.000000, 0.000000, 0.000000, 0.000000, 10.000000, -1.000000, 1.000000, -1.000000, 0.100000, 0.000100, 1.000000, 0.001000, 0.000010, 0.000000, 0.000000, 0.950000, 0.000000, 24.159951, -0.000000, 123.401680, 0.000000, -11.979421, 0.000000, -29.920983, 1000, 0.000100, -1.000000, -1.000000, 0.100000, 0.000100, 5.000000, 1.000000, 0.001000, 0.000010, 0.000000, 0.000000, 0.950000, 5.000000, 0.000000, -29.800911, -0.000000, 124.004553, 1000, 0.000100, 2.000000, -1.000000, -1.000000, 0.100000, 0.000100, 1.000000, 0.001000, 0.000010, 0.000000, 0.000000, 0.950000, 0.000000, -12.029947, 0.000000, 24.059894, 1000
2.87, 0.000100, 0.200000, 0.470000, -9.810000, 6.000000, 0.000000, 0.000000, 0.000000, 10.000000, -1.000000, 1.000000, -1.000000, 0.100000, 0.000100, 1.000000, 0.001000, 0.000010, 0.000000, 0.000000, 0.950000, 0.000000, 24.059894, -0.000000, 124.004553, 0.000000, -11.928401, 0.000000, -30.040547, 1000, 0.000100, -1.000000, -1.000000, 0.100000, 0.000100, 5.000000, 1.000000, 0.001000, 0.000010, 0.000000, 0.000000, 0.950000, 5.000000, 0.000000, -29.920983, -0.000000, 124.604913, 1000, 0.000100, 2.000000, -1.000000, -1.000000, 0.100000, 0.000100, 1.000000, 0.001000, 0.000010, 0.000000, 0.000000, 0.950000, 0.000000, -11.979421, 0.000000, 23.958842, 1000
2.88, 0.000100, 0.200000, 0.470000, -9.810000, 6.000000, 0.000000, 0.000000, 0.000000, 10.000000, -1.000000, 1.000000, -1.000000, 0.100000, 0.000100, 1.000000, 0.001000, 0.000010, 0.000000, 0.000000, 0.950000, 0.000000, 23.958842, -0.000000, 124.604913, 0.000000, -11.876891, 0.000000, -30.159599, 1000, 0.000100, -1.000000, -1.000000, 0.100000, 0.000100, 5.000000, 1.000000, 0.001000, 0.000010, 0.000000, 0.000000, 0.950000, 5.000000, 0.000000, -30.040547, -0.000000, 125.202736, 1000, 0.000100, 2.000000, -1.000000, -1.000000, 0.100000, 0.000100, 1.000000, 0.001000, 0.000010, 0.000000, 0.000000, 0.950000, 0.000000, -11.928401, 0.000000, 23.856802, 1000
2.89, 0.000100, 0.200000, 0.470000, -9.810000, 6.000000, 0.000000, 0.000000, 0.000000, 10.000000, -1.000000, 1.000000, -1.000000, 0.100000, 0.000100, 1.000000, 0.001000, 0.000010, 0.000000, 0.000000, 0.950000, 0.000000, 23.856802, -0.000000, 125.202736, 0.000000, -11.824894, 0.000000, -30.278134, 1000, 0.000100, -1.000000, -1.000000, 0.100000, 0.000100, 5.000000, 1.000000, 0.001000, 0.000010, 0.000000, 0.000000, 0.950000, 5.000000, 0.000000, -30.159599, -0.000000, 125.797997, 1000, 0.000100, 2.000000, -1.000000, -1.000000, 0.100000, 0.000100, 1.000000, 0.001000, 0.000010, 0.000000, 0.000000, 0.950000, 0.000000, -11.876891, 0.000000, 23.753782, 1000
2.9, 0.000100, 0.200000, 0.470000, -9.810000, 6.000000, 0.000000, 0.000000, 0.000000, 10.000000, -1.000000, 1.000000, -1.000000, 0.100000, 0.000100, 1.000000, 0.001000, 0.000010, 0.000000, 0.000000, 0.950000, 0.000000, 23.753782, -0.000000, 125.797997, 0.000000, -11.772414, 0.000000, -30.396147, 1000, 0.000100, -1.000000, -1.000000, 0.100000, 0.000100, 5.000000, 1.000000, 0.001000, 0.000010, 0.000000, 0.000000, 0.950000, 5.000000, 0.000000, -30.278134, -0.000000, 126.390672, 1000, 0.000100, 2.000000, -1.000000, -1.000000, 0.100000, 0.000100, 1.000000, 0.001000, 0.000010, 0.000000, 0.000000, 0.950000, 0.000000, -11.824894, 0.000000, 23.649788, 1000
2.91, 0.000100, 0.200000, 0.470000, -9.810000, 6.000000, 0.000000, 0.000000, 0.000000, 10.000000, -1.000000, 1.000000, -1.000000, 0.100000, 0.000100, 1.000000, 0.001000, 0.000010, 0.000000, 0.000000, 0.950000, 0.000000, 23.649788, -0.000000, 126.390672, 0.000000, -11.719454, 0.000000, -30.513633, 1000, 0.000100, -1.000000, -1.000000, 0.100000, 0.000100, 5.000000, 1.000000, 0.001000, 0.000010, 0.000000, 0.000000, 0.950000, 5.000000, 0.000000, -30.396147, -0.000000, 126.980736, 1000, 0.000100, 2.000000, -1.000000, -1.000000, 0.100000, 0.000100, 1.000000, 0.001000, 0.000010, 0.000000, 0.000000, 0.950000, 0.000000, -11.772414, 0.000000, 23.544828, 1000
2.92, 0.000100, 0.200000, 0.470000, -9.810000, 6.000000, 0.000000, 0.000000, 0.000000, 10.000000, -1.000000, 1.000000, -1.000000, 0.100000, 0.000100, 1.000000, 0.001000, 0.000010, 0.000000, 0.000000, 0.950000, 0.000000, 23.544828, -0.000000, 126.980736, 0.000000, -11.666019, 0.000000, -30.630587, 1000, 0.000100, -1.000000, -1.000000, 0.100000, 0.000100, 5.000000, 1.000000, 0.001000, 0.000010, 0.000000, 0.000000, 0.950000, 5.000000, 0.000000, -30.513633, -0.000000, 127.568165, 1000, 0.000100, 2.000000, -1.000000, -1.000000, 0.100000, 0.000100, 1.000000, 0.001000, 0.000010, 0.000000, 0.000000, 0.950000, 0.000000, -11.719454, 0.000000, 23.438909, 1000
2.93, 0.000100, 0.200000, 0.470000, -9.810000, 6.000000, 0.000000, 0.000000, 0.000000, 10.000000, -1.000000, 1.000000, -1.000000, 0.100000, 0.000100, 1.000000, 0.001000, 0.000010, 0.000000, 0.000000, 0.950000, 0.000000, 23.438909, -0.000000, 127.568165, 0.000000, -11.612111, 0.000000, -30.747005, 1000, 0.000100, -1.000000, -1.000000, 0.100000, 0.000100, 5.000000, 1.000000, 0.001000, 0.000010, 0.000000, 0.000000, 0.950000, 5.000000, 0.000000, -30.630587, -0.000000, 128.152935, 1000, 0.000100, 2.000000, -1.000000, -1.000000, 0.100000, 0.000100, 1.000000, 0.001000, 0.000010, 0.000000, 0.000000, 0.950000, 0.000000, -11.666019, 0.000000, 23.332038, 1000
2.94, 0.000100, 0.200000, 0.470000, -9.810000, 6.000000, 0.000000, 0.000000, 0.000000, 10.000000, -1.000000, 1.000000, -1.000000, 0.100000, 0.000100, 1.000000, 0.001000, 0.000010, 0.000000, 0.000000, 0.950000, 0.000000, 23.332038, -0.000000, 128.152935, 0.000000, -11.557735, 0.000000, -30.862881, 1000, 0.000100, -1.000000, -1.000000, 0.100000, 0.000100, 5.000000, 1.000000, 0.001000, 0.000010, 0.000000, 0.000000, 0.950000, 5.000000, 0.000000, -30.747005, -0.000000, 128.735023, 1000, 0.000100, 2.000000, -1.000000, -1.000000, 0.100000, 0.000100, 1.000000, 0.001000, 0.000010, 0.000000, 0.000000, 0.950000, 0.000000, -11.612111, 0.000000, 23.224223, 1000
2.95, 0.000100, 0.200000, 0.470000, -9.810000, 6.000000, 0.000000, 0.000000, 0.000000, 10.000000, -1.000000, 1.000000, -1.000000, 0.100000, 0.000100, 1.000000, 0.001000, 0.000010, 0.000000, 0.000000, 0.950000, 0.000000, 23.224223, -0.000000, 128.735023, 0.000000, -11.502894, 0.000000, -30.978212, 1000, 0.000100, -1.000000, -1.000000, 0.100000, 0.000100, 5.000000, 1.000000, 0.001000, 0.000010, 0.000000, 0.000000, 0.950000, 5.000000, 0.000000, -30.862881, -0.000000, 129.314405, 1000, 0.000100, 2.000000, -1.000000, -1.000000, 0.100000, 0.000100, 1.000000, 0.001000, 0.000010, 0.000000, 0.000000, 0.950000, 0.000000, -11.557735, 0.000000, 23.115470, 1000
2.96, 0.000100, 0.200000, 0.470000, -9.810000, 6.000000, 0.000000, 0.000000, 0.000000, 10.000000, -1.000000, 1.000000, -1.000000, 0.100000, 0.000100, 1.000000, 0.001000, 0.000010, 0.000000, 0.000000, 0.950000, 0.000000, 23.115470, -0.000000, 129.314405, 0.000000, -11.447591, 0.000000, -31.092992, 1000, 0.000100, -1.000000, -1.000000, 0.100000, 0.000100, 5.000000, 1.000000, 0.001000, 0.000010, 0.000000, 0.000000, 0.950000, 5.000000, 0.000000, -30.978212, -0.000000, 129.891058, 1000, 0.000100, 2.000000, -1.000000, -1.000000, 0.100000, 0.000100, 1.000000, 0.001000, 0.000010, 0.000000, 0.000000, 0.950000, 0.000000, -11.502894, 0.000000, 23.005788, 1000
2.97, 0.000100, 0.200000, 0.470000, -9.810000, 6.000000, 0.000000, 0.000000, 0.000000, 10.000000, -1.000000, 1.000000, -1.000000, 0.100000, 0.000100, 1.000000, 0.001000, 0.000010, 0.000000, 0.000000, 0.950000, 0.000000, 23.005788, -0.000000, 129.891058, 0.000000, -11.391831, 0.000000, -31.207217, 1000, 0.000100, -1.000000, -1.000000, 0.100000, 0.000100, 5.000000, 1.000000, 0.001000, 0.000010, 0.000000, 0.000000, 0.950000, 5.000000, 0.000000, -31.092992, -0.000000, 130.464958, 1000, 0.000100, 2.000000, -1.000000, -1.000000, 0.100000, 0.000100, 1.000000, 0.001000, 0.000010, 0.000000, 0.000000, 0.950000, 0.000000, -11.447591, 0.000000, 22.895183, 1000
2.98, 0.000100, 0.200000, 0.470000, -9.810000, 6.000000, 0.000000, 0.000000, 0.000000, 10.000000, -1.000000, 1.000000, -1.000000, 0.100000, 0.000100, 1.000000, 0.001000, 0.000010, 0.000000, 0.000000, 0.950000, 0.000000, 22.895183, -0.000000, 130.464958, 0.000000, -11.335617, 0.000000, -31.320882, 1000, 0.000100, -1.000000, -1.000000, 0.100000, 0.000100, 5.000000, 1.000000, 0.001000, 0.000010, 0.000000, 0.000000, 0.950000, 5.000000, 0.000000, -31.207217, -0.000000, 131.036083, 1000, 0.000100, 2.000000, -1.000000, -1.000000, 0.100000, 0.000100, 1.000000, 0.001000, 0.000010, 0.000000, 0.000000, 0.950000, 0.000000, -11.391831, 0.000000, 22.783663, 1000
2.99, 0.000100, 0.200000, 0.470000, -9.810000, 6.000000, 0.000000, 0.000000, 0.000000, 10.000000, -1.000000, 1.000000, -1.000000, 0.100000, 0.000100, 1.000000, 0.001000, 0.000010, 0.000000, 0.000000, 0.950000, 0.000000, 22.783663, -0.000000, 131.036083, 0.000000, -11.278953, 0.000000, -31.433983, 1000, 0.000100, -1.000000, -1.000000, 0.100000, 0.000100, 5.000000, 1.000000, 0.001000, 0.000010, 0.000000, 0.000000, 0.950000, 5.000000, 0.000000, -31.320882, -0.000000, 131.604410, 1000, 0.000100, 2.000000, -1.000000, -1.000000, 0.100000, 0.000100, 1.000000, 0.001000, 0.000010, 0.000000, 0.000000, 0.950000, 0.000000, -11.335617, 0.000000, 22.671235, 1000
3, 0.000100, 0.200000, 0.470000, -9.810000, 6.000000, 0.000000, 0.000000, 0.000000, 10.000000, -1.000000, 1.000000, -1.000000, 0.100000, 0.000100, 1.000000, 0.001000, 0.000010, 0.000000, 0.000000, 0.950000, 0.000000, 22.671235, -0.000000, 131.604410, 0.000000, -11.221843, 0.000000, -31.546516, 1000, 0.000100, -1.000000, -1.000000, 0.100000, 0.000100, 5.000000, 1.000000, 0.001000, 0.000010, 0.000000, 0.000000, 0.950000, 5.000000, 0.000000, -31.433983, -0.000000, 132.169916, 1000, 0.000100, 2.000000, -1.000000, -1.000000, 0.100000, 0.000100, 1.000000, 0.001000, 0.000010, 0.000000, 0.000000, 0.950000, 0.000000, -11.278953, 0.000000, 22.557906, 1000
3.01, 0.000100, 0.200000, 0.470000, -9.810000, 6.000000, 0.000000, 0.000000, 0.000000, 10.000000, -1.000000, 1.000000, -1.000000, 0.100000, 0.000100, 1.000000, 0.001000, 0.000010, 0.000000, 0.000000, 0.950000, 0.000000, 22.557906, -0.000000, 132.169916, 0.000000, -11.164289, 0.000000, -31.658475, 1000, 0.000100, -1.000000, -1.000000, 0.100000, 0.000100, 5.000000, 1.000000, 0.001000, 0.000010, 0.000000, 0.000000, 0.950000, 5.000000, 0.000000, -31.546516, -0.000000, 132.732579, 1000, 0.000100, 2.000000, -1.000000, -1.000000, 0.100000, 0.000100, 1.000000, 0.001000, 0.000010, 0.000000, 0.000000, 0.950000, 0.000000, -11.221843, 0.000000, 22.443685, 1000
3.02, 0.000100, 0.200000, 0.470000, -9.810000, 6.000000, 0.000000, 0.000000, 0.000000, 10.000000, -1.000000, 1.000000, -1.000000, 0.100000, 0.000100, 1.000000, 0.001000, 0.000010, 0.000000, 0.000000, 0.950000, 0.000000, 22.443685, -0.000000, 132.732579, 0.000000, -11.106297, 0.000000, -31.769857, 1000, 0.000100, -1.000000, -1.000000, 0.100000, 0.000100, 5.000000, 1.000000, 0.001000, 0.000010, 0.000000, 0.000000, 0.950000, 5.000000, 0.000000, -31.658475, -0.000000, 133.292376, 1000, 0.000100, 2.000000, -1.000000, -1.000000, 0.100000, 0.000100, 1.000000, 0.001000, 0.000010, 0.000000, 0.000000, 0.950000, 0.000000, -11.164289, 0.000000, 22.328579, 1000
3.03, 0.000100, 0.200000, 0.470000, -9.810000, 6.000000, 0.000000, 0.000000, 0.000000, 10.000000, -1.000000, 1.000000, -1.000000, 0.100000, 0.000100, 1.000000, 0.001000, 0.000010, 0.000000, 0.000000, 0.950000, 0.000000, 22.328579, -0.000000, 133.292376, 0.000000, -11.047870, 0.000000, -31.880657, 1000, 0.000100, -1.000000, -1.000000, 0.100000, 0.000100, 5.000000, 1.000000, 0.001000, 0.000010, 0.000000, 0.000000, 0.950000, 5.000000, 0.000000, -31.769857, -0.000000, 133.849285, 1000, 0.000100, 2.000000, -1.000000, -1.000000, 0.100000, 0.000100, 1.000000, 0.001000, 0.000010, 0.000000, 0.000000, 0.950000, 0.000000, -11.106297, 0.000000, 22.212594, 1000
3.04, 0.000100, 0.200000, 0.470000, -9.810000, 6.000000, 0.000000, 0.000000, 0.000000, 10.000000, -1.000000, 1.000000, -1.000000, 0.100000, 0.000100, 1.000000, 0.001000, 0.000010, 0.000000, 0.000000, 0.950000, 0.000000, 22.212594, -0.000000, 133.849285, 0.000000, -10.989011, 0.000000, -31.990871, 1000, 0.000100, -1.000000, -1.000000, 0.100000, 0.000100, 5.000000, 1.000000, 0.001000, 0.000010, 0.000000, 0.000000, 0.950000, 5.000000, 0.000000, -31.880657, -0.000000, 134.403285, 1000, 0.000100, 2.000000, -1.000000, -1.000000, 0.100000, 0.000100, 1.000000, 0.001000, 0.000010, 0.000000, 0.000000, 0.950000, 0.000000, -11.047870, 0.000000, 22.095740, 1000
3.05, 0.000100, 0.200000, 0.470000, -9.810000, 6.000000, 0.000000, 0.000000, 0.000000, 10.000000, -1.000000, 1.000000, -1.000000, 0.100000, 0.000100, 1.000000, 0.001000, 0.000010, 0.000000, 0.000000, 0.950000, 0.000000, 22.095740, -0.000000, 134.403285, 0.000000, -10.929725, 0.000000, -32.100494, 1000, 0.000100, -1.000000, -1.000000, 0.100000, 0.000100, 5.000000, 1.000000, 0.001000, 0.000010, 0.000000, 0.000000, 0.950000, 5.000000, 0.000000, -31.990871, -0.000000, 134.954355, 1000, 0.000100, 2.000000, -1.000000, -1.000000, 0.100000, 0.000100, 1.000000, 0.001000, 0.000010, 0.000000, 0.000000, 0.950000, 0.000000, -10.989011, 0.000000, 21.978022, 1000
3.06, 0.000100, 0.200000, 0.470000, -9.810000, 6.000000, 0.000000, 0.000000, 0.000000, 10.000000, -1.000000, 1.000000, -1.000000, 0.100000, 0.000100, 1.000000, 0.001000, 0.000010, 0.000000, 0.000000, 0.950000, 0.000000, 21.978022, -0.000000, 134.954355, 0.000000, -10.870015, 0.000000, -32.209523, 1000, 0.000100, -1.000000, -1.000000, 0.100000, 0.000100, 5.000000, 1.000000, 0.001000, 0.000010, 0.000000, 0.000000, 0.950000, 5.000000, 0.000000, -32.100494, -0.000000, 135.502471, 1000, 0.000100, 2.000000, -1.000000, -1.000000, 0.100000, 0.000100, 1.000000, 0.001000, 0.000010, 0.000000, 0.000000, 0.950000, 0.000000, -10.929725, 0.000000, 21.859450, 1000
3.07, 0.000100, 0.200000, 0.470000, -9.810000, 6.000000, 0.000000, 0.000000, 0.000000, 10.000000, -1.000000, 1.000000, -1.000000, 0.100000, 0.000100, 1.000000, 0.001000, 0.000010, 0.000000, 0.000000, 0.950000, 0.000000, 21.859450, -0.000000, 135.502471, 0.000000, -10.809885, 0.000000, -32.317952, 1000, 0.000100, -1.000000, -1.000000, 0.100000, 0.000100, 5.000000, 1.000000, 0.001000, 0.000010, 0.000000, 0.000000, 0.950000, 5.000000, 0.000000, -32.209523, -0.000000, 136.047614, 1000, 0.000100, 2.000000, -1.000000, -1.000000, 0.100000, 0.000100, 1.000000, 0.001000, 0.000010, 0.000000, 0.000000, 0.950000, 0.000000, -10.870015, 0.000000, 21.740030, 1000
3.08, 0.000100, 0.200000, 0.470000, -9.810000, 6.000000, 0.000000, 0.000000, 0.000000, 10.000000, -1.000000, 1.000000, -1.000000, 0.100000, 0.000100, 1.000000, 0.001000, 0.000010, 0.000000, 0.000000, 0.950000, 0.000000, 21.740030, -0.000000, 136.047614, 0.000000, -10.749339, 0.000000, -32.425779, 1000, 0.000100, -1.000000, -1.000000, 0.100000, 0.000100, 5.000000, 1.000000, 0.001000, 0.000010, 0.000000, 0.000000, 0.950000, 5.000000, 0.000000, -32.317952, -0.000000, 136.589762, 1000, 0.000100, 2.000000, -1.000000, -1.000000, 0.100000, 0.000100, 1.000000, 0.001000, 0.000010, 0.000000, 0.000000, 0.950000, 0.000000, -10.809885, 0.000000, 21.619770, 1000
3.09, 0.000100, 0.200000, 0.470000, -9.810000, 6.000000, 0.000000, 0.000000, 0.000000, 10.000000, -1.000000, 1.000000, -1.000000, 0.100000, 0.000100, 1.000000, 0.001000, 0.000010, 0.000000, 0.000000, 0.950000, 0.000000, 21.619770, -0.000000, 136.589762, 0.000000, -10.688381, 0.000000, -32.532998, 1000, 0.000100, -1.000000, -1.000000, 0.100000, 0.000100, 5.000000, 1.000000, 0.001000, 0.000010, 0.000000, 0.000000, 0.950000, 5.000000, 0.000000, -32.425779, -0.000000, 137.128894, 1000, 0.000100, 2.000000, -1.000000, -1.000000, 0.100000, 0.000100, 1.000000, 0.001000, 0.000010, 0.000000, 0.000000, 0.950000, 0.000000, -10.749339, 0.000000, 21.498678, 1000
3.1, 0.000100, 0.200000, 0.470000, -9.810000, 6.000000, 0.000000, 0.000000, 0.000000, 10.000000, -1.000000, 1.000000, -1.000000, 0.100000, 0.000100, 1.000000, 0.001000, 0.000010, 0.000000, 0.000000, 0.950000, 0.000000, 21.498678, -0.000000, 137.128894, 0.000000, -10.627014, 0.000000, -32.639605, 1000, 0.000100, -1.000000, -1.000000, 0.100000, 0.000100, 5.000000, 1.000000, 0.001000, 0.000010, 0.000000, 0.000000, 0.950000, 5.000000, 0.000000, -32.532998, -0.000000, 137.664989, 1000, 0.000100, 2.000000, -1.000000, -1.000000, 0.100000, 0.000100, 1.000000, 0.001000, 0.000010, 0.000000, 0.000000, 0.950000, 0.000000, -10.688381, 0.000000, 21.376762, 1000
3.11, 0.000100, 0.200000, 0.470000, -9.810000, 6.000000, 0.000000, 0.000000, 0.000000, 10.000000, -1.000000, 1.000000, -1.000000, 0.100000, 0.000100, 1.000000, 0.001000, 0.000010, 0.000000, 0.000000, 0.950000, 0.000000, 21.376762, -0.000000, 137.664989, 0.000000, -10.565243, 0.000000, -32.745598, 1000, 0.000100, -1.000000, -1.000000, 0.100000, 0.000100, 5.000000, 1.000000, 0.001000, 0.000010, 0.000000, 0.000000, 0.950000, 5.000000, 0.000000, -32.639605, -0.000000, 138.198027, 1000, 0.000100, 2.000000, -1.000000, -1.000000, 0.100000, 0.000100, 1.000000, 0.001000, 0.000010, 0.000000, 0.000000, 0.950000, 0.000000, -10.627014, 0.000000, 21.254028, 1000
3.12, 0.000100, 0.200000, 0.470000, -9.810000, 6.000000, 0.000000, 0.000000, 0.000000, 10.000000, -1.000000, 1.000000, -1.000000, 0.100000, 0.000100, 1.000000, 0.001000, 0.000010, 0.000000, 0.000000, 0.950000, 0.000000, 21.254028, -0.000000, 138.198027, 0.000000, -10.503071, 0.000000, -32.850970, 1000, 0.000100, -1.000000, -1.000000, 0.100000, 0.000100, 5.000000, 1.000000, 0.001000, 0.000010, 0.000000, 0.000000, 0.950000, 5.000000, 0.000000, -32.745598, -0.000000, 138.727988, 1000, 0.000100, 2.000000, -1.000000, -1.000000, 0.100000, 0.000100, 1.000000, 0.001000, 0.000010, 0.000000, 0.000000, 0.950000, 0.000000, -10.565243, 0.000000, 21.130486, 1000
3.13, 0.000100, 0.200000, 0.470000, -9.810000, 6.000000, 0.000000, 0.000000, 0.000000, 10.000000, -1.000000, 1.000000, -1.000000, 0.100000, 0.000100, 1.000000, 0.001000, 0.000010, 0.000000, 0.000000, 0.950000, 0.000000, 21.130486, -0.000000, 138.727988, 0.000000, -10.440503, 0.000000, -32.955719, 1000, 0.000100, -1.000000, -1.000000, 0.100000, 0.000100, 5.000000, 1.000000, 0.001000, 0.000010, 0.000000, 0.000000, 0.950000, 5.000000, 0.000000, -32.850970, -0.000000, 139.254851, 1000, 0.000100, 2.000000, -1.000000, -1.000000, 0.100000, 0.000100, 1.000000, 0.001000, 0.000010, 0.000000, 0.000000, 0.950000, 0.000000, -10.503071, 0.000000, 21.006142, 1000
3.14, 0.000100, 0.200000, 0.470000, -9.810000, 6.000000, 0.000000, 0.000000, 0.000000, 10.000000, -1.000000, 1.000000, -1.000000, 0.100000, 0.000100, 1.000000, 0.001000, 0.000010, 0.000000, 0.000000, 0.950000, 0.000000, 21.006142, -0.000000, 139.254851, 0.000000, -10.377541, 0.000000, -33.059841, 1000, 0.000100, -1.000000, -1.000000, 0.100000, 0.000100, 5.000000, 1.000000, 0.001000, 0.000010, 0.000000, 0.000000, 0.950000, 5.000000, 0.000000, -32.955719, -0.000000, 139.778597, 1000, 0.000100, 2.000000, -1.000000, -1.000000, 0.100000, 0.000100, 1.000000, 0.001000, 0.000010, 0.000000, 0.000000, 0.950000, 0.000000, -10.440503, 0.000000, 20.881005, 1000
3.15, 0.000100, 0.200000, 0.470000, -9.810000, 6.000000, 0.000000, 0.000000, 0.000000, 10.000000, -1.000000, 1.000000, -1.000000, 0.100000, 0.000100, 1.000000, 0.001000, 0.000010, 0.000000, 0.000000, 0.950000, 0.000000, 20.881005, -0.000000, 139.778597, 0.000000, -10.314191, 0.000000, -33.163331, 1000, 0.000100, -1.000000, -1.000000, 0.100000, 0.000100, 5.000000, 1.000000, 0.001000, 0.000010, 0.000000, 0.000000, 0.950000, 5.000000, 0.000000, -33.059841, -0.000000, 140.299206, 1000, 0.000100, 2.000000, -1.000000, -1.000000, 0.100000, 0.000100, 1.000000, 0.001000, 0.000010, 0.000000, 0.000000, 0.950000, 0.000000, -10.377541, 0.000000, 20.755083, 1000
3.16, 0.000100, 0.200000, 0.470000, -9.810000, 6.000000, 0.000000, 0.000000, 0.000000, 10.000000, -1.000000, 1.000000, -1.000000, 0.100000, 0.000100, 1.000000, 0.001000, 0.000010, 0.000000, 0.000000, 0.950000, 0.000000, 20.755083, -0.000000, 140.299206, 0.000000, -10.250456, 0.000000, -33.266187, 1000, 0.000100, -1.000000, -1.000000, 0.100000, 0.000100, 5.000000, 1.000000, 0.001000, 0.000010, 0.000000, 0.000000, 0.950000, 5.000000, 0.000000, -33.163331, -0.000000, 140.816657, 1000, 0.000100, 2.000000, -1.000000, -1.000000, 0.100000, 0.000100, 1.000000, 0.001000, 0.000010, 0.000000, 0.000000, 0.950000, 0.000000, -10.314191, 0.000000, 20.628382, 1000
3.17, 0.000100, 0.200000, 0.470000, -9.810000, 6.000000, 0.000000, 0.000000, 0.000000, 10.000000, -1.000000, 1.000000, -1.000000, 0.100000, 0.000100, 1.000000, 0.001000, 0.000010, 0.000000, 0.000000, 0.950000, 0.000000, 20.628382, -0.000000, 140.816657, 0.000000, -10.186339, 0.000000, -33.368403, 1000, 0.000100, -1.000000, -1.000000, 0.100000, 0.000100, 5.000000, 1.000000, 0.001000, 0.000010, 0.000000, 0.000000, 0.950000, 5.000000, 0.000000, -33.266187, -0.000000, 141.330933, 1000, 0.000100, 2.000000, -1.000000, -1.000000, 0.100000, 0.000100, 1.000000, 0.001000, 0.000010, 0.000000, 0.000000, 0.950000, 0.000000, -10.250456, 0.000000, 20.500911, 1000
3.18, 0.000100, 0.200000, 0.470000, -9.810000, 6.000000, 0.000000, 0.000000, 0.000000, 10.000000, -1.000000, 1.000000, -1.000000, 0.100000, 0.000100, 1.000000, 0.001000, 0.000010, 0.000000, 0.000000, 0.950000, 0.000000, 20.500911, -0.000000, 141.330933, 0.000000, -10.121846, 0.000000, -33.469976, 1000, 0.000100, -1.000000, -1.000000, 0.100000, 0.000100, 5.000000, 1.000000, 0.001000, 0.000010, 0.000000, 0.000000, 0.950000, 5.000000, 0.000000, -33.368403, -0.000000, 141.842013, 1000, 0.000100, 2.000000, -1.000000, -1.000000, 0.100000, 0.000100, 1.000000, 0.001000, 0.000010, 0.000000, 0.000000, 0.950000, 0.000000, -10.186339, 0.000000, 20.372679, 1000
3.19, 0.000100, 0.200000, 0.470000, -9.810000, 6.000000, 0.000000, 0.000000, 0.000000, 10.000000, -1.000000, 1.000000, -1.000000, 0.100000, 0.000100, 1.000000, 0.001000, 0.000010, 0.000000, 0.000000, 0.950000, 0.000000, 20.372679, -0.000000, 141.842013, 0.000000, -10.056979, 0.000000, -33.570902, 1000, 0.000100, -1.000000, -1.000000, 0.100000, 0.000100, 5.000000, 1.000000, 0.001000, 0.000010, 0.000000, 0.000000, 0.950000, 5.000000, 0.000000, -33.469976, -0.000000, 142.349879, 1000, 0.000100, 2.000000, -1.000000, -1.000000, 0.100000, 0.000100, 1.000000, 0.001000, 0.000010, 0.000000, 0.000000, 0.950000, 0.000000, -10.121846, 0.000000, 20.243691, 1000
3.2, 0.000100, 0.200000, 0.470000, -9.810000, 6.000000, 0.000000, 0.000000, 0.000000, 10.000000, -1.000000, 1.000000, -1.000000, 0.100000, 0.000100, 1.000000, 0.001000, 0.000010, 0.000000, 0.000000, 0.950000, 0.000000, 20.243691, -0.000000, 142.349879, 0.000000, -9.991743, 0.000000, -33.671178, 1000, 0.000100, -1.000000, -1.000000, 0.100000, 0.000100, 5.000000, 1.000000, 0.001000, 0.000010, 0.000000, 0.000000, 0.950000, 5.000000, 0.000000, -33.570902, -0.000000, 142.854511, 1000, 0.000100, 2.000000, -1.000000, -1.000000, 0.100000, 0.000100, 1.000000, 0.001000, 0.000010, 0.000000, 0.000000, 0.950000, 0.000000, -10.056979, 0.000000, 20.113958, 1000
3.21, 0.000100, 0.200000, 0.470000, -9.810000, 6.000000, 0.000000, 0.000000, 0.000000, 10.000000, -1.000000, 1.000000, -1.000000, 0.100000, 0.000100, 1.000000, 0.001000, 0.000010, 0.000000, 0.000000, 0.950000, 0.000000, 20.113958, -0.000000, 142.854511, 0.000000, -9.926142, 0.000000, -33.770801, 1000, 0.000100, -1.000000, -1.000000, 0.100000, 0.000100, 5.000000, 1.000000, 0.001000, 0.000010, 0.000000, 0.000000, 0.950000, 5.000000, 0.000000, -33.671178, -0.000000, 143.355892, 1000, 0.000100, 2.000000, -1.000000, -1.000000, 0.100000, 0.000100, 1.000000, 0.001000, 0.000010, 0.000000, 0.000000, 0.950000, 0.000000, -9.991743, 0.000000, 19.983486, 1000
3.22, 0.000100, 0.200000, 0.470000, -9.810000, 6.000000, 0.000000, 0.000000, 0.000000, 10.000000, -1.000000, 1.000000, -1.000000, 0.100000, 0.000100, 1.000000, 0.001000, 0.000010, 0.000000, 0.000000, 0.950000, 0.000000, 19.983486, -0.000000, 143.355892, 0.000000, -9.860179, 0.000000, -33.869765, 1000, 0.000100, -1.000000, -1.000000, 0.100000, 0.000100, 5.000000, 1.000000, 0.001000, 0.000010, 0.000000, 0.000000, 0.950000, 5.000000, 0.000000, -33.770801, -0.000000, 143.854003, 1000, 0.000100, 2.000000, -1.000000, -1.000000, 0.100000, 0.000100, 1.000000, 0.001000, 0.000010, 0.000000, 0.000000, 0.950000, 0.000000, -9.926142, 0.000000, 19.852284, 1000
3.23, 0.000100, 0.200000, 0.470000, -9.810000, 6.000000, 0.000000, 0.000000, 0.000000, 10.000000, -1.000000, 1.000000, -1.000000, 0.100000, 0.000100, 1.000000, 0.001000, 0.000010, 0.000000, 0.000000, 0.950000, 0.000000, 19.852284, -0.000000, 143.854003, 0.000000, -9.793860, 0.000000, -33.968069, 1000, 0.000100, -1.000000, -1.000000, 0.100000, 0.000100, 5.000000, 1.000000, 0.001000, 0.000010, 0.000000, 0.000000, 0.950000, 5.000000, 0.000000, -33.869765, -0.000000, 144.348826, 1000, 0.000100, 2.000000, -1.000000, -1.000000, 0.100000, 0.000100, 1.000000, 0.001000, 0.000010, 0.000000, 0.000000, 0.950000, 0.000000, -9.860179, 0.000000, 19.720359, 1000
3.24, 0.000100, 0.200000, 0.470000, -9.810000, 6.000000, 0.000000, 0.000000, 0.000000, 10.000000, -1.000000, 1.000000, -1.000000, 0.100000, 0.000100, 1.000000, 0.001000, 0.000010, 0.000000, 0.000000, 0.950000, 0.000000, 19.720359, -0.000000, 144.348826, 0.000000, -9.727187, 0.000000, -34.065707, 1000, 0.000100, -1.000000, -1.000000, 0.100000, 0.000100, 5.000000, 1.000000, 0.001000, 0.000010, 0.000000, 0.000000, 0.950000, 5.000000, 0.000000, -33.968069, -0.000000, 144.840343, 1000, 0.000100, 2.000000, -1.000000, -1.000000, 0.100000, 0.000100, 1.000000, 0.001000, 0.000010, 0.000000, 0.000000, 0.950000, 0.000000, -9.793860, 0.000000, 19.587720, 1000
3.25, 0.000100, 0.200000, 0.470000, -9.810000, 6.000000, 0.000000, 0.000000, 0.000000, 10.000000, -1.000000, 1.000000, -1.000000, 0.100000, 0.000100, 1.000000, 0.001000, 0.000010, 0.000000, 0.000000, 0.950000, 0.000000, 19.587720, -0.000000, 144.840343, 0.000000, -9.660164, 0.000000, -34.162677, 1000, 0.000100, -1.000000, -1.000000, 0.100000, 0.000100, 5.000000, 1.000000, 0.001000, 0.000010, 0.000000, 0.000000, 0.950000, 5.000000, 0.000000, -34.065707, -0.000000, 145.328536, 1000, 0.000100, 2.000000, -1.000000, -1.000000, 0.100000, 0.000100, 1.000000, 0.001000, 0.000010, 0.000000, 0.000000, 0.950000, 0.000000, -9.727187, 0.000000, 19.454373, 1000
3.26, 0.000100, 0.200000, 0.470000, -9.810000, 6.000000, 0.000000, 0.000000, 0.000000, 10.000000, -1.000000, 1.000000, -1.000000, 0.100000, 0.000100, 1.000000, 0.001000, 0.000010, 0.000000, 0.000000, 0.950000, 0.000000, 19.454373, -0.000000, 145.328536, 0.000000, -9.592797, 0.000000, -34.258976, 1000, 0.000100, -1.000000, -1.000000, 0.100000, 0.000100, 5.000000, 1.000000, 0.001000, 0.000010, 0.000000, 0.000000, 0.950000, 5.000000, 0.000000, -34.162677, -0.000000, 145.813387, 1000, 0.000100, 2.000000, -1.000000, -1.000000, 0.100000, 0.000100, 1.000000, 0.001000, 0.000010, 0.000000, 0.000000, 0.950000, 0.000000, -9.660164, 0.000000, 19.320329, 1000
3.27, 0.000100, 0.200000, 0.470000, -9.810000, 6.000000, 0.000000, 0.000000, 0.000000, 10.000000, -1.000000, 1.000000, -1.000000, 0.100000, 0.000100, 1.000000, 0.001000, 0.000010, 0.000000, 0.000000, 0.950000, 0.000000, 19.320329, -0.000000, 145.813387, 0.000000, -9.525088, 0.000000, -34.354599, 1000, 0.000100, -1.000000, -1.000000, 0.100000, 0.000100, 5.000000, 1.000000, 0.001000, 0.000010, 0.000000, 0.000000, 0.950000, 5.000000, 0.000000, -34.258976, -0.000000, 146.294880, 1000, 0.000100, 2.000000, -1.000000, -1.000000, 0.100000, 0.000100, 1.000000, 0.001000, 0.000010, 0.000000, 0.000000, 0.950000, 0.000000, -9.592797, 0.000000, 19.185594, 1000
3.28, 0.000100, 0.200000, 0.470000, -9.810000, 6.000000, 0.000000, 0.000000, 0.000000, 10.000000, -1.000000, 1.000000, -1.000000, 0.100000, 0.000100, 1.000000, 0.001000, 0.000010, 0.000000, 0.000000, 0.950000, 0.000000, 19.185594, -0.000000, 146.294880, 0.000000, -9.457042, 0.000000, -34.449544, 1000, 0.000100, -1.000000, -1.000000, 0.100000, 0.000100, 5.000000, 1.000000, 0.001000, 0.000010, 0.000000, 0.000000, 0.950000, 5.000000, 0.000000, -34.354599, -0.000000, 146.772996, 1000, 0.000100, 2.000000, -1.000000, -1.000000, 0.100000, 0.000100, 1.000000, 0.001000, 0.000010, 0.000000, 0.000000, 0.950000, 0.000000, -9.525088, 0.000000, 19.050176, 1000
3.29, 0.000100, 0.200000, 0.470000, -9.810000, 6.000000, 0.000000, 0.000000, 0.000000, 10.000000, -1.000000, 1.000000, -1.000000, 0.100000, 0.000100, 1.000000, 0.001000, 0.000010, 0.000000, 0.000000, 0.950000, 0.000000, 19.050176, -0.000000, 146.772996, 0.000000, -9.388663, 0.000000, -34.543807, 1000, 0.000100, -1.000000, -1.000000, 0.100000, 0.000100, 5.000000, 1.000000, 0.001000, 0.000010, 0.000000, 0.000000, 0.950000, 5.000000, 0.000000, -34.449544, -0.000000, 147.247719, 1000, 0.000100, 2.000000, -1.000000, -1.000000, 0.100000, 0.000100, 1.000000, 0.001000, 0.000010, 0.000000, 0.000000, 0.950000, 0.000000, -9.457042, 0.000000, 18.914084, 1000
3.3, 0.000100, 0.200000, 0.470000, -9.810000, 6.000000, 0.000000, 0.000000, 0.000000, 10.000000, -1.000000, 1.000000, -1.000000, 0.100000, 0.000100, 1.000000, 0.001000, 0.000010, 0.000000, 0.000000, 0.950000, 0.000000, 18.914084, -0.000000, 147.247719, 0.000000, -9.319955, 0.000000, -34.637384, 1000, 0.000100, -1.000000, -1.000000, 0.100000, 0.000100, 5.000000, 1.000000, 0.001000, 0.000010, 0.000000, 0.000000, 0.950000, 5.000000, 0.000000, -34.543807, -0.000000, 147.719033, 1000, 0.000100, 2.000000, -1.000000, -1.000000, 0.100000, 0.000100, 1.000000, 0.001000, 0.000010, 0.000000, 0.000000, 0.950000, 0.000000, -9.388663, 0.000000, 18.777326, 1000
3.31, 0.000100, 0.200000, 0.470000, -9.810000, 6.000000, 0.000000, 0.000000, 0.000000, 10.000000, -1.000000, 1.000000, -1.000000, 0.100000, 0.000100, 1.000000, 0.001000, 0.000010, 0.000000, 0.000000, 0.950000, 0.000000, 18.777326, -0.000000, 147.719033, 0.000000, -9.250921, 0.000000, -34.730273, 1000, 0.000100, -1.000000, -1.000000, 0.100000, 0.000100, 5.000000, 1.000000, 0.001000, 0.000010, 0.000000, 0.000000, 0.950000, 5.000000, 0.000000, -34.637384, -0.000000, 148.186920, 1000, 0.000100, 2.000000, -1.000000, -1.000000, 0.100000, 0.000100, 1.000000, 0.001000, 0.000010, 0.000000, 0.000000, 0.950000, 0.000000, -9.319955, 0.000000, 18.639909, 1000
3.32, 0.000100, 0.200000, 0.470000, -9.810000, 6.000000, 0.000000, 0.000000, 0.000000, 10.000000, -1.000000, 1.000000, -1.000000, 0.100000, 0.000100, 1.000000, 0.001000, 0.000010, 0.000000, 0.000000, 0.950000, 0.000000, 18.639909, -0.000000, 148.186920, 0.000000, -9.181567, 0.000000, -34.822470, 1000, 0.000100, -1.000000, -1.000000, 0.100000, 0.000100, 5.000000, 1.000000, 0.001000, 0.000010, 0.000000, 0.000000, 0.950000, 5.000000, 0.000000, -34.730273, -0.000000, 148.651365, 1000, 0.000100, 2.000000, -1.000000, -1.000000, 0.100000, 0.000100, 1.000000, 0.001000, 0.000010, 0.000000, 0.000000, 0.950000, 0.000000, -9.250921, 0.000000, 18.501843, 1000
3.33, 0.000100, 0.200000, 0.470000, -9.810000, 6.000000, 0.000000, 0.000000, 0.000000, 10.000000, -1.000000, 1.000000, -1.000000, 0.100000, 0.000100, 1.000000, 0.001000, 0.000010, 0.000000, 0.000000, 0.950000, 0.000000, 18.501843, -0.000000, 148.651365, 0.000000, -9.111896, 0.000000, -34.913972, 1000, 0.000100, -1.000000, -1.000000, 0.100000, 0.000100, 5.000000, 1.000000, 0.001000, 0.000010, 0.000000, 0.000000, 0.950000, 5.000000, 0.000000, -34.822470, -0.000000, 149.112350, 1000, 0.000100, 2.000000, -1.000000, -1.000000, 0.100000, 0.000100, 1.000000, 0.001000, 0.000010, 0.000000, 0.000000, 0.950000, 0.000000, -9.181567, 0.000000, 18.363134, 1000
3.34, 0.000100, 0.200000, 0.470000, -9.810000, 6.000000, 0.000000, 0.000000, 0.000000, 10.000000, -1.000000, 1.000000, -1.000000, 0.100000, 0.000100, 1.000000, 0.001000, 0.000010, 0.000000, 0.000000, 0.950000, 0.000000, 18.363134, -0.000000, 149.112350, 0.000000, -9.041911, 0.000000, -35.004776, 1000, 0.000100, -1.000000, -1.000000, 0.100000, 0.000100, 5.000000, 1.000000, 0.001000, 0.000010, 0.000000, 0.000000, 0.950000, 5.000000, 0.000000, -34.913972, -0.000000, 149.569861, 1000, 0.000100, 2.000000, -1.000000, -1.000000, 0.100000, 0.000100, 1.000000, 0.001000, 0.000010, 0.000000, 0.000000, 0.950000, 0.000000, -9.111896, 0.000000, 18.223791, 1000
3.35, 0.000100, 0.200000, 0.470000, -9.810000, 6.000000, 0.000000, 0.000000, 0.000000, 10.000000, -1.000000, 1.000000, -1.000000, 0.100000, 0.000100, 1.000000, 0.001000, 0.000010, 0.000000, 0.000000, 0.950000, 0.000000, 18.223791, -0.000000, 149.569861, 0.000000, -8.971618, 0.000000, -35.094879, 1000, 0.000100, -1.000000, -1.000000, 0.100000, 0.000100, 5.000000, 1.000000, 0.001000, 0.000010, 0.000000, 0.000000, 0.950000, 5.000000, 0.000000, -35.004776, -0.000000, 150.023881, 1000, 0.000100, 2.000000, -1.000000, -1.000000, 0.100000, 0.000100, 1.000000, 0.001000, 0.000010, 0.000000, 0.000000, 0.950000, 0.000000, -9.041911, 0.000000, 18.083823, 1000
3.36, 0.000100, 0.200000, 0.470000, -9.810000, 6.000000, 0.000000, 0.000000, 0.000000, 10.000000, -1.000000, 1.000000, -1.000000, 0.100000, 0.000100, 1.000000, 0.001000, 0.000010, 0.000000, 0.000000, 0.950000, 0.000000, 18.083823, -0.000000, 150.023881, 0.000000, -8.901021, 0.000000, -35.184277, 1000, 0.000100, -1.000000, -1.000000, 0.100000, 0.000100, 5.000000, 1.000000, 0.001000, 0.000010, 0.000000, 0.000000, 0.950000, 5.000000, 0.000000, -35.094879, -0.000000, 150.474395, 1000, 0.000100, 2.000000, -1.000000, -1.000000, 0.100000, 0.000100, 1.000000, 0.001000, 0.000010, 0.000000, 0.000000, 0.950000, 0.000000, -8.971618, 0.000000, 17.943237, 1000
3.37, 0.000100, 0.200000, 0.470000, -9.810000, 6.000000, 0.000000, 0.000000, 0.000000, 10.000000, -1.000000, 1.000000, -1.000000, 0.100000, 0.000100, 1.000000, 0.001000, 0.000010, 0.000000, 0.000000, 0.950000, 0.000000, 17.943237, -0.000000, 150.474395, 0.000000, -8.830122, 0.000000, -35.272969, 1000, 0.000100, -1.000000, -1.000000, 0.100000, 0.000100, 5.000000, 1.000000, 0.001000, 0.000010, 0.000000, 0.000000, 0.950000, 5.000000, 0.000000, -35.184277, -0.000000, 150.921387, 1000, 0.000100, 2.000000, -1.000000, -1.000000, 0.100000, 0.000100, 1.000000, 0.001000, 0.000010, 0.000000, 0.000000, 0.950000, 0.000000, -8.901021, 0.000000, 17.802041, 1000
3.38, 0.000100, 0.200000, 0.470000, -9.810000, 6.000000, 0.000000, 0.000000, 0.000000, 10.000000, -1.000000, 1.000000, -1.000000, 0.100000, 0.000100, 1.000000, 0.001000, 0.000010, 0.000000, 0.000000, 0.950000, 0.000000, 17.802041, -0.000000, 150.921387, 0.000000, -8.758927, 0.000000, -35.360949, 1000, 0.000100, -1.000000, -1.000000, 0.100000, 0.000100, 5.000000, 1.000000, 0.001000, 0.000010, 0.000000, 0.000000, 0.950000, 5.000000, 0.000000, -35.272969, -0.000000, 151.364843, 1000, 0.000100, 2.000000, -1.000000, -1.000000, 0.100000, 0.000100, 1.000000, 0.001000, 0.000010, 0.000000, 0.000000, 0.950000, 0.000000, -8.830122, 0.000000, 17.660244, 1000
3.39, 0.000100, 0.200000, 0.470000, -9.810000, 6.000000, 0.000000, 0.000000, 0.000000, 10.000000, -1.000000, 1.000000, -1.000000, 0.100000, 0.000100, 1.000000, 0.001000, 0.000010, 0.000000, 0.000000, 0.950000, 0.000000, 17.660244, -0.000000, 151.364843, 0.000000, -8.687440, 0.000000, -35.448217, 1000, 0.000100, -1.000000, -1.000000, 0.100000, 0.000100, 5.000000, 1.000000, 0.001000, 0.000010, 0.000000, 0.000000, 0.950000, 5.000000, 0.000000, -35.360949, -0.000000, 151.804747, 1000, 0.000100, 2.000000, -1.000000, -1.000000, 0.100000, 0.000100, 1.000000, 0.001000, 0.000010, 0.000000, 0.000000, 0.950000, 0.000000, -8.758927, 0.000000, 17.517855, 1000
3.4, 0.000100, 0.200000, 0.470000, -9.810000, 6.000000, 0.000000, 0.000000, 0.000000, 10.000000, -1.000000, 1.000000, -1.000000, 0.100000, 0.000100, 1.000000, 0.001000, 0.000010, 0.000000, 0.000000, 0.950000, 0.000000, 17.517855, -0.000000, 151.804747, 0.000000, -8.615664, 0.000000, -35.534768, 1000, 0.000100, -1.000000, -1.000000, 0.100000, 0.000100, 5.000000, 1.000000, 0.001000, 0.000010, 0.000000, 0.000000, 0.950000, 5.000000, 0.000000, -35.448217, -0.000000, 152.241085, 1000, 0.000100, 2.000000, -1.000000, -1.000000, 0.100000, 0.000100, 1.000000, 0.001000, 0.000010, 0.000000, 0.000000, 0.950000, 0.000000, -8.687440, 0.000000, 17.374880, 1000
3.41, 0.000100, 0.200000, 0.470000, -9.810000, 6.000000, 0.000000, 0.000000, 0.000000, 10.000000, -1.000000, 1.000000, -1.000000, 0.100000, 0.000100, 1.000000, 0.001000, 0.000010, 0.000000, 0.000000, 0.950000, 0.000000, 17.374880, -0.000000, 152.241085, 0.000000, -8.543604, 0.000000, -35.620601, 1000, 0.000100, -1.000000, -1.000000, 0.100000, 0.000100, 5.000000, 1.000000, 0.001000, 0.000010, 0.000000, 0.000000, 0.950000, 5.000000, 0.000000, -35.534768, -0.000000, 152.673842, 1000, 0.000100, 2.000000, -1.000000, -1.000000, 0.100000, 0.000100, 1.000000, 0.001000, 0.000010, 0.000000, 0.000000, 0.950000, 0.000000, -8.615664, 0.000000, 17.231329, 1000
3.42, 0.000100, 0.200000, 0.470000, -9.810000, 6.000000, 0.000000, 0.000000, 0.000000, 10.000000, -1.000000, 1.000000, -1.000000, 0.100000, 0.000100, 1.000000, 0.001000, 0.000010, 0.000000, 0.000000, 0.950000, 0.000000, 17.231329, -0.000000, 152.673842, 0.000000, -8.471265, 0.000000, -35.705711, 1000, 0.000100, -1.000000, -1.000000, 0.100000, 0.000100, 5.000000, 1.000000, 0.001000, 0.000010, 0.000000, 0.000000, 0.950000, 5.000000, 0.000000, -35.620601, -0.000000, 153.103004, 1000, 0.000100, 2.000000, -1.000000, -1.000000, 0.100000, 0.000100, 1.000000, 0.001000, 0.000010, 0.000000, 0.000000, 0.950000, 0.000000, -8.543604, 0.000000, 17.087209, 1000
3.43, 0.000100, 0.200000, 0.470000, -9.810000, 6.000000, 0.000000, 0.000000, 0.000000, 10.000000, -1.000000, 1.000000, -1.000000, 0.100000, 0.000100, 1.000000, 0.001000, 0.000010, 0.000000, 0.000000, 0.950000, 0.000000, 17.087209, -0.000000, 153.103004, 0.000000, -8.398649, 0.000000, -35.790097, 1000, 0.000100, -1.000000, -1.000000, 0.100000, 0.000100, 5.000000, 1.000000, 0.001000, 0.000010, 0.000000, 0.000000, 0.950000, 5.000000, 0.000000, -35.705711, -0.000000, 153.528556, 1000, 0.000100, 2.000000, -1.000000, -1.000000, 0.100000, 0.000100, 1.000000, 0.001000, 0.000010, 0.000000, 0.000000, 0.950000, 0.000000, -8.471265, 0.000000, 16.942529, 1000
3.44, 0.000100, 0.200000, 0.470000, -9.810000, 6.000000, 0.000000, 0.000000, 0.000000, 10.000000, -1.000000, 1.000000, -1.000000, 0.100000, 0.000100, 1.000000, 0.001000, 0.000010, 0.000000, 0.000000, 0.950000, 0.000000, 16.942529, -0.000000, 153.528556, 0.000000, -8.325761, 0.000000, -35.873756, 1000, 0.000100, -1.000000, -1.000000, 0.100000, 0.000100, 5.000000, 1.000000, 0.001000, 0.000010, 0.000000, 0.000000, 0.950000, 5.000000, 0.000000, -35.790097, -0.000000, 153.950486, 1000, 0.000100, 2.000000, -1.000000, -1.000000, 0.100000, 0.000100, 1.000000, 0.001000, 0.000010, 0.000000, 0.000000, 0.950000, 0.000000, -8.398649, 0.000000, 16.797297, 1000
3.45, 0.000100, 0.200000, 0.470000, -9.810000, 6.000000, 0.000000, 0.000000, 0.000000, 10.000000, -1.000000, 1.000000, -1.000000, 0.100000, 0.000100, 1.000000, 0.001000, 0.000010, 0.000000, 0.000000, 0.950000, 0.000000, 16.797297, -0.000000, 153.950486, 0.000000, -8.252605, 0.000000, -35.956684, 1000, 0.000100, -1.000000, -1.000000, 0.100000, 0.000100, 5.000000, 1.000000, 0.001000, 0.000010, 0.000000, 0.000000, 0.950000, 5.000000, 0.000000, -35.873756, -0.000000, 154.368778, 1000, 0.000100, 2.000000, -1.000000, -1.000000, 0.100000, 0.000100, 1.000000, 0.001000, 0.000010, 0.000000, 0.000000, 0.950000, 0.000000, -8.325761, 0.000000, 16.651522, 1000
3.46, 0.000100, 0.200000, 0.470000, -9.810000, 6.000000, 0.000000, 0.000000, 0.000000, 10.000000, -1.000000, 1.000000, -1.000000, 0.100000, 0.000100, 1.000000, 0.001000, 0.000010, 0.000000, 0.000000, 0.950000, 0.000000, 16.651522, -0.000000, 154.368778, 0.000000, -8.179186, 0.000000, -36.038880, 1000, 0.000100, -1.000000, -1.000000, 0.100000, 0.000100, 5.000000, 1.000000, 0.001000, 0.000010, 0.000000, 0.000000, 0.950000, 5.000000, 0.000000, -35.956684, -0.000000, 154.783420, 1000, 0.000100, 2.000000, -1.000000, -1.000000, 0.100000, 0.000100, 1.000000, 0.001000, 0.000010, 0.000000, 0.000000, 0.950000, 0.000000, -8.252605, 0.000000, 16.505211, 1000
3.47, 0.000100, 0.200000, 0.470000, -9.810000, 6.000000, 0.000000, 0.000000, 0.000000, 10.000000, -1.000000, 1.000000, -1.000000, 0.100000, 0.000100, 1.000000, 0.001000, 0.000010, 0.000000, 0.000000, 0.950000, 0.000000, 16.505211, -0.000000, 154.783420, 0.000000, -8.105508, 0.000000, -36.120340, 1000, 0.000100, -1.000000, -1.000000, 0.100000, 0.000100, 5.000000, 1.000000, 0.001000, 0.000010, 0.000000, 0.000000, 0.950000, 5.000000, 0.000000, -36.038880, -0.000000, 155.194398, 1000, 0.000100, 2.000000, -1.000000, -1.000000, 0.100000, 0.000100, 1.000000, 0.001000, 0.000010, 0.000000, 0.000000, 0.950000, 0.000000, -8.179186, 0.000000, 16.358372, 1000
3.48, 0.000100, 0.200000, 0.470000, -9.810000, 6.000000, 0.000000, 0.000000, 0.000000, 10.000000, -1.000000, 1.000000, -1.000000, 0.100000, 0.000100, 1.000000, 0.001000, 0.000010, 0.000000, 0.000000, 0.950000, 0.000000, 16.358372, -0.000000, 155.194398, 0.000000, -8.031574, 0.000000, -36.201062, 1000, 0.000100, -1.000000, -1.000000, 0.100000, 0.000100, 5.000000, 1.000000, 0.001000, 0.000010, 0.000000, 0.000000, 0.950000, 5.000000, 0.000000, -36.120340, -0.000000, 155.601700, 1000, 0.000100, 2.000000, -1.000000, -1.000000, 0.100000, 0.000100, 1.000000, 0.001000, 0.000010, 0.000000, 0.000000, 0.950000, 0.000000, -8.105508, 0.000000, 16.211015, 1000
3.49, 0.000100, 0.200000, 0.470000, -9.810000, 6.000000, 0.000000, 0.000000, 0.000000, 10.000000, -1.000000, 1.000000, -1.000000, 0.100000, 0.000100, 1.000000, 0.001000, 0.000010, 0.000000, 0.000000, 0.950000, 0.000000, 16.211015, -0.000000, 155.601700, 0.000000, -7.957389, 0.000000, -36.281044, 1000, 0.000100, -1.000000, -1.000000, 0.100000, 0.000100, 5.000000, 1.000000, 0.001000, 0.000010, 0.000000, 0.000000, 0.950000, 5.000000, 0.000000, -36.201062, -0.000000, 156.005312, 1000, 0.000100, 2.000000, -1.000000, -1.000000, 0.100000, 0.000100, 1.000000, 0.001000, 0.000010, 0.000000, 0.000000, 0.950000, 0.000000, -8.031574, 0.000000, 16.063148, 1000
3.5, 0.000100, 0.200000, 0.470000, -9.810000, 6.000000, 0.000000, 0.000000, 0.000000, 10.000000, -1.000000, 1.000000, -1.000000, 0.100000, 0.000100, 1.000000, 0.001000, 0.000010, 0.000000, 0.000000, 0.950000, 0.000000, 16.063148, -0.000000, 156.005312, 0.000000, -7.882957, 0.000000, -36.360283, 1000, 0.000100, -1.000000, -1.000000, 0.100000, 0.000100, 5.000000, 1.000000, 0.001000, 0.000010, 0.000000, 0.000000, 0.950000, 5.000000, 0.000000, -36.281044, -0.000000, 156.405221, 1000, 0.000100, 2.000000, -1.000000, -1.000000, 0.100000, 0.000100, 1.000000, 0.001000, 0.000010, 0.000000, 0.000000, 0.950000, 0.000000, -7.957389, 0.000000, 15.914778, 1000
3.51, 0.000100, 0.200000, 0.470000, -9.810000, 6.000000, 0.000000, 0.000000, 0.000000, 10.000000, -1.000000, 1.000000, -1.000000, 0.100000, 0.000100, 1.000000, 0.001000, 0.000010, 0.000000, 0.000000, 0.950000, 0.000000, 15.914778, -0.000000, 156.405221, 0.000000, -7.808282, 0.000000, -36.438777, 1000, 0.000100, -1.000000, -1.000000, 0.100000, 0.000100, 5.000000, 1.000000, 0.001000, 0.000010, 0.000000, 0.000000, 0.950000, 5.000000, 0.000000, -36.360283, -0.000000, 156.801416, 1000, 0.000100, 2.000000, -1.000000, -1.000000, 0.100000, 0.000100, 1.000000, 0.001000, 0.000010, 0.000000, 0.000000, 0.950000, 0.000000, -7.882957, 0.000000, 15.765914, 1000
3.52, 0.000100, 0.200000, 0.470000, -9.810000, 6.000000, 0.000000, 0.000000, 0.000000, 10.000000, -1.000000, 1.000000, -1.000000, 0.100000, 0.000100, 1.000000, 0.001000, 0.000010, 0.000000, 0.000000, 0.950000, 0.000000, 15.765914, -0.000000, 156.801416, 0.000000, -7.733368, 0.000000, -36.516522, 1000, 0.000100, -1.000000, -1.000000, 0.100000, 0.000100, 5.000000, 1.000000, 0.001000, 0.000010, 0.000000, 0.000000, 0.950000, 5.000000, 0.000000, -36.438777, -0.000000, 157.193884, 1000, 0.000100, 2.000000, -1.000000, -1.000000, 0.100000, 0.000100, 1.000000, 0.001000, 0.000010, 0.000000, 0.000000, 0.950000, 0.000000, -7.808282, 0.000000, 15.616564, 1000
3.53, 0.000100, 0.200000, 0.470000, -9.810000, 6.000000, 0.000000, 0.000000, 0.000000, 10.000000, -1.000000, 1.000000, -1.000000, 0.100000, 0.000100, 1.000000, 0.001000, 0.000010, 0.000000, 0.000000, 0.950000, 0.000000, 15.616564, -0.000000, 157.193884, 0.000000, -7.658220, 0.000000, -36.593518, 1000, 0.000100, -1.000000, -1.000000, 0.100000, 0.000100, 5.000000, 1.000000, 0.001000, 0.000010, 0.000000, 0.000000, 0.950000, 5.000000, 0.000000, -36.516522, -0.000000, 157.582612, 1000, 0.000100, 2.000000, -1.000000, -1.000000, 0.100000, 0.000100, 1.000000, 0.001000, 0.000010, 0.000000, 0.000000, 0.950000, 0.000000, -7.733368, 0.000000, 15.466737, 1000
3.54, 0.000100, 0.200000, 0.470000, -9.810000, 6.000000, 0.000000, 0.000000, 0.000000, 10.000000, -1.000000, 1.000000, -1.000000, 0.100000, 0.000100, 1.000000, 0.001000, 0.000010, 0.000000, 0.000000, 0.950000, 0.000000, 15.466737, -0.000000, 157.582612, 0.000000, -7.582842, 0.000000, -36.669761, 1000, 0.000100, -1.000000, -1.000000, 0.100000, 0.000100, 5.000000, 1.000000, 0.001000, 0.000010, 0.000000, 0.000000, 0.950000, 5.000000, 0.000000, -36.593518, -0.000000, 157.967590, 1000, 0.000100, 2.000000, -1.000000, -1.000000, 0.100000, 0.000100, 1.000000, 0.001000, 0.000010, 0.000000, 0.000000, 0.950000, 0.000000, -7.658220, 0.000000, 15.316440, 1000
3.55, 0.000100, 0.200000, 0.470000, -9.810000, 6.000000, 0.000000, 0.000000, 0.000000, 10.000000, -1.000000, 1.000000, -1.000000, 0.100000, 0.000100, 1.000000, 0.001000, 0.000010, 0.000000, 0.000000, 0.950000, 0.000000, 15.316440, -0.000000, 157.967590, 0.000000, -7.507237, 0.000000, -36.745249, 1000, 0.000100, -1.000000, -1.000000, 0.100000, 0.000100, 5.000000, 1.000000, 0.001000, 0.000010, 0.000000, 0.000000, 0.950000, 5.000000, 0.000000, -36.669761, -0.000000, 158.348805, 1000, 0.000100, 2.000000, -1.000000, -1.000000, 0.100000, 0.000100, 1.000000, 0.001000, 0.000010, 0.000000, 0.000000, 0.950000, 0.000000, -7.582842, 0.000000, 15.165683, 1000
3.56, 0.000100, 0.200000, 0.470000, -9.810000, 6.000000, 0.000000, 0.000000, 0.000000, 10.000000, -1.000000, 1.000000, -1.000000, 0.100000, 0.000100, 1.000000, 0.001000, 0.000010, 0.000000, 0.000000, 0.950000, 0.000000, 15.165683, -0.000000, 158.348805, 0.000000, -7.431410, 0.000000, -36.819980, 1000, 0.000100, -1.000000, -1.000000, 0.100000, 0.000100, 5.000000, 1.000000, 0.001000, 0.000010, 0.000000, 0.000000, 0.950000, 5.000000, 0.000000, -36.745249, -0.000000, 158.726246, 1000, 0.000100, 2.000000, -1.000000, -1.000000, 0.100000, 0.000100, 1.000000, 0.001000, 0.000010, 0.000000, 0.000000, 0.950000, 0.000000, -7.507237, 0.000000, 15.014474, 1000
3.57, 0.000100, 0.200000, 0.470000, -9.810000, 6.000000, 0.000000, 0.000000, 0.000000, 10.000000, -1.000000, 1.000000, -1.000000, 0.100000, 0.000100, 1.000000, 0.001000, 0.000010, 0.000000, 0.000000, 0.950000, 0.000000, 15.014474, -0.000000, 158.726246, 0.000000, -7.355365, 0.000000, -36.893952, 1000, 0.000100, -1.000000, -1.000000, 0.100000, 0.000100, 5.000000, 1.000000, 0.001000, 0.000010, 0.000000, 0.000000, 0.950000, 5.000000, 0.000000, -36.819980, -0.000000, 159.099901, 1000, 0.000100, 2.000000, -1.000000, -1.000000, 0.100000, 0.000100, 1.000000, 0.001000, 0.000010, 0.000000, 0.000000, 0.950000, 0.000000, -7.431410, 0.000000, 14.862820, 1000
3.58, 0.000100, 0.200000, 0.470000, -9.810000, 6.000000, 0.000000, 0.000000, 0.000000, 10.000000, -1.000000, 1.000000, -1.000000, 0.100000, 0.000100, 1.000000, 0.001000, 0.000010, 0.000000, 0.000000, 0.950000, 0.000000, 14.862820, -0.000000, 159.099901, 0.000000, -7.279107, 0.000000, -36.967163, 1000, 0.000100, -1.000000, -1.000000, 0.100000, 0.000100, 5.000000, 1.000000, 0.001000, 0.000010, 0.000000, 0.000000, 0.950000, 5.000000, 0.000000, -36.893952, -0.000000, 159.469761, 1000, 0.000100, 2.000000, -1.000000, -1.000000, 0.100000, 0.000100, 1.000000, 0.001000, 0.000010, 0.000000, 0.000000, 0.950000, 0.000000, -7.355365, 0.000000, 14.710731, 1000
3.59, 0.000100, 0.200000, 0.470000, -9.810000, 6.000000, 0.000000, 0.000000, 0.000000, 10.000000, -1.000000, 1.000000, -1.000000, 0.100000, 0.000100, 1.000000, 0.001000, 0.000010, 0.000000, 0.000000, 0.950000, 0.000000, 14.710731, -0.000000, 159.469761, 0.000000, -7.202639, 0.000000, -37.039610, 1000, 0.000100, -1.000000, -1.000000, 0.100000, 0.000100, 5.000000, 1.000000, 0.001000, 0.000010, 0.000000, 0.000000, 0.950000, 5.000000, 0.000000, -36.967163, -0.000000, 159.835813, 1000, 0.000100, 2.000000, -1.000000, -1.000000, 0.100000, 0.000100, 1.000000, 0.001000, 0.000010, 0.000000, 0.000000, 0.950000, 0.000000, -7.279107, 0.000000, 14.558214, 1000
3.6, 0.000100, 0.200000, 0.470000, -9.810000, 6.000000, 0.000000, 0.000000, 0.000000, 10.000000, -1.000000, 1.000000, -1.000000, 0.100000, 0.000100, 1.000000, 0.001000, 0.000010, 0.000000, 0.000000, 0.950000, 0.000000, 14.558214, -0.000000, 159.835813, 0.000000, -7.125966, 0.000000, -37.111291, 1000, 0.000100, -1.000000, -1.000000, 0.100000, 0.000100, 5.000000, 1.000000, 0.001000, 0.000010, 0.000000, 0.000000, 0.950000, 5.000000, 0.000000, -37.039610, -0.000000, 160.198048, 1000, 0.000100, 2.000000, -1.000000, -1.000000, 0.100000, 0.000100, 1.000000, 0.001000, 0.000010, 0.000000, 0.000000, 0.950000, 0.000000, -7.202639, 0.000000, 14.405278, 1000
3.61, 0.000100, 0.200000, 0.470000, -9.810000, 6.000000, 0.000000, 0.000000, 0.000000, 10.000000, -1.000000, 1.000000, -1.000000, 0.100000, 0.000100, 1.000000, 0.001000, 0.000010, 0.000000, 0.000000, 0.950000, 0.000000, 14.405278, -0.000000, 160.198048, 0.000000, -7.049091, 0.000000, -37.182205, 1000, 0.000100, -1.000000, -1.000000, 0.100000, 0.000100, 5.000000, 1.000000, 0.001000, 0.000010, 0.000000, 0.000000, 0.950000, 5.000000, 0.000000, -37.111291, -0.000000, 160.556455, 1000, 0.000100, 2.000000, -1.000000, -1.000000, 0.100000, 0.000100, 1.000000, 0.001000, 0.000010, 0.000000, 0.000000, 0.950000, 0.000000, -7.125966, 0.000000, 14.251931, 1000
3.62, 0.000100, 0.200000, 0.470000, -9.810000, 6.000000, 0.000000, 0.000000, 0.000000, 10.000000, -1.000000, 1.000000, -1.000000, 0.100000, 0.000100, 1.000000, 0.001000, 0.000010, 0.000000, 0.000000, 0.950000, 0.000000, 14.251931, -0.000000, 160.556455, 0.000000, -6.972019, 0.000000, -37.252349, 1000, 0.000100, -1.000000, -1.000000, 0.100000, 0.000100, 5.000000, 1.000000, 0.001000, 0.000010, 0.000000, 0.000000, 0.950000, 5.000000, 0.000000, -37.182205, -0.000000, 160.911023, 1000, 0.000100, 2.000000, -1.000000, -1.000000, 0.100000, 0.000100, 1.000000, 0.001000, 0.000010, 0.000000, 0.000000, 0.950000, 0.000000, -7.049091, 0.000000, 14.098182, 1000
3.63, 0.000100, 0.200000, 0.470000, -9.810000, 6.000000, 0.000000, 0.000000, 0.000000, 10.000000, -1.000000, 1.000000, -1.000000, 0.100000, 0.000100, 1.000000, 0.001000, 0.000010, 0.000000, 0.000000, 0.950000, 0.000000, 14.098182, -0.000000, 160.911023, 0.000000, -6.894755, 0.000000, -37.321721, 1000, 0.000100, -1.000000, -1.000000, 0.100000, 0.000100, 5.000000, 1.000000, 0.001000, 0.000010, 0.000000, 0.000000, 0.950000, 5.000000, 0.000000, -37.252349, -0.000000, 161.261744, 1000, 0.000100, 2.000000, -1.000000, -1.000000, 0.100000, 0.000100, 1.000000, 0.001000, 0.000010, 0.000000, 0.000000, 0.950000, 0.000000, -6.972019, 0.000000, 13.944039, 1000
3.64, 0.000100, 0.200000, 0.470000, -9.810000, 6.000000, 0.000000, 0.000000, 0.000000, 10.000000, -1.000000, 1.000000, -1.000000, 0.100000, 0.000100, 1.000000, 0.001000, 0.000010, 0.000000, 0.000000, 0.950000, 0.000000, 13.944039, -0.000000, 161.261744, 0.000000, -6.817302, 0.000000, -37.390320, 1000, 0.000100, -1.000000, -1.000000, 0.100000, 0.000100, 5.000000, 1.000000, 0.001000, 0.000010, 0.000000, 0.000000, 0.950000, 5.000000, 0.000000, -37.321721, -0.000000, 161.608606, 1000, 0.000100, 2.000000, -1.000000, -1.000000, 0.100000, 0.000100, 1.000000, 0.001000, 0.000010, 0.000000, 0.000000, 0.950000, 0.000000, -6.894755, 0.000000, 13.789510, 1000
3.65, 0.000100, 0.200000, 0.470000, -9.810000, 6.000000, 0.000000, 0.000000, 0.000000, 10.000000, -1.000000, 1.000000, -1.000000, 0.100000, 0.000100, 1.000000, 0.001000, 0.000010, 0.000000, 0.000000, 0.950000, 0.000000, 13.789510, -0.000000, 161.608606, 0.000000, -6.739664, 0.000000, -37.458144, 1000, 0.000100, -1.000000, -1.000000, 0.100000, 0.000100, 5.000000, 1.000000, 0.001000, 0.000010, 0.000000, 0.000000, 0.950000, 5.000000, 0.000000, -37.390320, -0.000000, 161.951601, 1000, 0.000100, 2.000000, -1.000000, -1.000000, 0.100000, 0.000100, 1.000000, 0.001000, 0.000010, 0.000000, 0.000000, 0.950000, 0.000000, -6.817302, 0.000000, 13.634604, 1000
3.66, 0.000100, 0.200000, 0.470000, -9.810000, 6.000000, 0.000000, 0.000000, 0.000000, 10.000000, -1.000000, 1.000000, -1.000000, 0.100000, 0.000100, 1.000000, 0.001000, 0.000010, 0.000000, 0.000000, 0.950000, 0.000000, 13.634604, -0.000000, 161.951601, 0.000000, -6.661846, 0.000000, -37.525190, 1000, 0.000100, -1.000000, -1.000000, 0.100000, 0.000100, 5.000000, 1.000000, 0.001000, 0.000010, 0.000000, 0.000000, 0.950000, 5.000000, 0.000000, -37.458144, -0.000000, 162.290719, 1000, 0.000100, 2.000000, -1.000000, -1.000000, 0.100000, 0.000100, 1.000000, 0.001000, 0.000010, 0.000000, 0.000000, 0.950000, 0.000000, -6.739664, 0.000000, 13.479328, 1000
3.67, 0.000100, 0.200000, 0.470000, -9.810000, 6.000000, 0.000000, 0.000000, 0.000000, 10.000000, -1.000000, 1.000000, -1.000000, 0.100000, 0.000100, 1.000000, 0.001000, 0.000010, 0.000000, 0.000000, 0.950000, 0.000000, 13.479328, -0.000000, 162.290719, 0.000000, -6.583852, 0.000000, -37.591458, 1000, 0.000100, -1.000000, -1.000000, 0.100000, 0.000100, 5.000000, 1.000000, 0.001000, 0.000010, 0.000000, 0.000000, 0.950000, 5.000000, 0.000000, -37.525190, -0.000000, 162.625952, 1000, 0.000100, 2.000000, -1.000000, -1.000000, 0.100000, 0.000100, 1.000000, 0.001000, 0.000010, 0.000000, 0.000000, 0.950000, 0.000000, -6.661846, 0.000000, 13.323692, 1000
3.68, 0.000100, 0.200000, 0.470000, -9.810000, 6.000000, 0.000000, 0.000000, 0.000000, 10.000000, -1.000000, 1.000000, -1.000000, 0.100000, 0.000100, 1.000000, 0.001000, 0.000010, 0.000000, 0.000000, 0.950000, 0.000000, 13.323692, -0.000000, 162.625952, 0.000000, -6.505685, 0.000000, -37.656945, 1000, 0.000100, -1.000000, -1.000000, 0.100000, 0.000100, 5.000000, 1.000000, 0.001000, 0.000010, 0.000000, 0.000000, 0.950000, 5.000000, 0.000000, -37.591458, -0.000000, 162.957289, 1000, 0.000100, 2.000000, -1.000000, -1.000000, 0.100000, 0.000100, 1.000000, 0.001000, 0.000010, 0.000000, 0.000000, 0.950000, 0.000000, -6.583852, 0.000000, 13.167703, 1000
3.69, 0.000100, 0.200000, 0.470000, -9.810000, 6.000000, 0.000000, 0.000000, 0.000000, 10.000000, -1.000000, 1.000000, -1.000000, 0.100000, 0.000100, 1.000000, 0.001000, 0.000010, 0.000000, 0.000000, 0.950000, 0.000000, 13.167703, -0.000000, 162.957289, 0.000000, -6.427351, 0.000000, -37.721649, 1000, 0.000100, -1.000000, -1.000000, 0.100000, 0.000100, 5.000000, 1.000000, 0.001000, 0.000010, 0.000000, 0.000000, 0.950000, 5.000000, 0.000000, -37.656945, -0.000000, 163.284723, 1000, 0.000100, 2.000000, -1.000000, -1.000000, 0.100000, 0.000100, 1.000000, 0.001000, 0.000010, 0.000000, 0.000000, 0.950000, 0.000000, -6.505685, 0.000000, 13.011371, 1000
3.7, 0.000100, 0.200000, 0.470000, -9.810000, 6.000000, 0.000000, 0.000000, 0.000000, 10.000000, -1.000000, 1.000000, -1.000000, 0.100000, 0.000100, 1.000000, 0.001000, 0.000010, 0.000000, 0.000000, 0.950000, 0.000000, 13.011371, -0.000000, 163.284723, 0.000000, -6.348854, 0.000000, -37.785569, 1000, 0.000100, -1.000000, -1.000000, 0.100000, 0.000100, 5.000000, 1.000000, 0.001000, 0.000010, 0.000000, 0.000000, 0.950000, 5.000000, 0.000000, -37.721649, -0.000000, 163.608245, 1000, 0.000100, 2.000000, -1.000000, -1.000000, 0.100000, 0.000100, 1.000000, 0.001000, 0.000010, 0.000000, 0.000000, 0.950000, 0.000000, -6.427351, 0.000000, 12.854703, 1000
3.71, 0.000100, 0.200000, 0.470000, -9.810000, 6.000000, 0.000000, 0.000000, 0.000000, 10.000000, -1.000000, 1.000000, -1.000000, 0.100000, 0.000100, 1.000000, 0.001000, 0.000010, 0.000000, 0.000000, 0.950000, 0.000000, 12.854703, -0.000000, 163.608245, 0.000000, -6.270196, 0.000000, -37.848704, 1000, 0.000100, -1.000000, -1.000000, 0.100000, 0.000100, 5.000000, 1.000000, 0.001000, 0.000010, 0.000000, 0.000000, 0.950000, 5.000000, 0.000000, -37.785569, -0.000000, 163.927846, 1000, 0.000100, 2.000000, -1.000000, -1.000000, 0.100000, 0.000100, 1.000000, 0.001000, 0.000010, 0.000000, 0.000000, 0.950000, 0.000000, -6.348854, 0.000000, 12.697707, 1000
3.72, 0.000100, 0.200000, 0.470000, -9.810000, 6.000000, 0.000000, 0.000000, 0.000000, 10.000000, -1.000000, 1.000000, -1.000000, 0.100000, 0.000100, 1.000000, 0.001000, 0.000010, 0.000000, 0.000000, 0.950000, 0.000000, 12.697707, -0.000000, 163.927846, 0.000000, -6.191384, 0.000000, -37.911051, 1000, 0.000100, -1.000000, -1.000000, 0.100000, 0.000100, 5.000000, 1.000000, 0.001000, 0.000010, 0.000000, 0.000000, 0.950000, 5.000000, 0.000000, -37.848704, -0.000000, 164.243519, 1000, 0.000100, 2.000000, -1.000000, -1.000000, 0.100000, 0.000100, 1.000000, 0.001000, 0.000010, 0.000000, 0.000000, 0.950000, 0.000000, -6.270196, 0.000000, 12.540393, 1000
3.73, 0.000100, 0.200000, 0.470000, -9.810000, 6.000000, 0.000000, 0.000000, 0.000000, 10.000000, -1.000000, 1.000000, -1.000000, 0.100000, 0.000100, 1.000000, 0.001000, 0.000010, 0.000000, 0.000000, 0.950000, 0.000000, 12.540393, -0.000000, 164.243519, 0.000000, -6.112420, 0.000000, -37.972610, 1000, 0.000100, -1.000000, -1.000000, 0.100000, 0.000100, 5.000000, 1.000000, 0.001000, 0.000010, 0.000000, 0.000000, 0.950000, 5.000000, 0.000000, -37.911051, -0.000000, 164.555255, 1000, 0.000100, 2.000000, -1.000000, -1.000000, 0.100000, 0.000100, 1.000000, 0.001000, 0.000010, 0.000000, 0.000000, 0.950000, 0.000000, -6.191384, 0.000000, 12.382768, 1000
3.74, 0.000100, 0.200000, 0.470000, -9.810000, 6.000000, 0.000000, 0.000000, 0.000000, 10.000000, -1.000000, 1.000000, -1.000000, 0.100000, 0.000100, 1.000000, 0.001000, 0.000010, 0.000000, 0.000000, 0.950000, 0.000000, 12.382768, -0.000000, 164.555255, 0.000000, -6.033310, 0.000000, -38.033378, 1000, 0.000100, -1.000000, -1.000000, 0.100000, 0.000100, 5.000000, 1.000000, 0.001000, 0.000010, 0.000000, 0.000000, 0.950000, 5.000000, 0.000000, -37.972610, -0.000000, 164.863048, 1000, 0.000100, 2.000000, -1.000000, -1.000000, 0.100000, 0.000100, 1.000000, 0.001000, 0.000010, 0.000000, 0.000000, 0.950000, 0.000000, -6.112420, 0.000000, 12.224840, 1000
3.75, 0.000100, 0.200000, 0.470000, -9.810000, 6.000000, 0.000000, 0.000000, 0.000000, 10.000000, -1.000000, 1.000000, -1.000000, 0.100000, 0.000100, 1.000000, 0.001000, 0.000010, 0.000000, 0.000000, 0.950000, 0.000000, 12.224840, -0.000000, 164.863048, 0.000000, -5.954056, 0.000000, -38.093354, 1000, 0.000100, -1.000000, -1.000000, 0.100000, 0.000100, 5.000000, 1.000000, 0.001000, 0.000010, 0.000000, 0.000000, 0.950000, 5.000000, 0.000000, -38.033378, -0.000000, 165.166889, 1000, 0.000100, 2.000000, -1.000000, -1.000000, 0.100000, 0.000100, 1.000000, 0.001000, 0.000010, 0.000000, 0.000000, 0.950000, 0.000000, -6.033310, 0.000000, 12.066619, 1000
3.76, 0.000100, 0.200000, 0.470000, -9.810000, 6.000000, 0.000000, 0.000000, 0.000000, 10.000000, -1.000000, 1.000000, -1.000000, 0.100000, 0.000100, 1.000000, 0.001000, 0.000010, 0.000000, 0.000000, 0.950000, 0.000000, 12.066619, -0.000000, 165.166889, 0.000000, -5.874664, 0.000000, -38.152538, 1000, 0.000100, -1.000000, -1.000000, 0.100000, 0.000100, 5.000000, 1.000000, 0.001000, 0.000010, 0.000000, 0.000000, 0.950000, 5.000000, 0.000000, -38.093354, -0.000000, 165.466771, 1000, 0.000100, 2.000000, -1.000000, -1.000000, 0.100000, 0.000100, 1.000000, 0.001000, 0.000010, 0.000000, 0.000000, 0.950000, 0.000000, -5.954056, 0.000000, 11.908112, 1000
3.77, 0.000100, 0.200000, 0.470000, -9.810000, 6.000000, 0.000000, 0.000000, 0.000000, 10.000000, -1.000000, 1.000000, -1.000000, 0.100000, 0.000100, 1.000000, 0.001000, 0.000010, 0.000000, 0.000000, 0.950000, 0.000000, 11.908112, -0.000000, 165.466771, 0.000000, -5.795137, 0.000000, -38.210926, 1000, 0.000100, -1.000000, -1.000000, 0.100000, 0.000100, 5.000000, 1.000000, 0.001000, 0.000010, 0.000000, 0.000000, 0.950000, 5.000000, 0.000000, -38.152538, -0.000000, 165.762688, 1000, 0.000100, 2.000000, -1.000000, -1.000000, 0.100000, 0.000100, 1.000000, 0.001000, 0.000010, 0.000000, 0.000000, 0.950000, 0.000000, -5.874664, 0.000000, 11.749328, 1000
3.78, 0.000100, 0.200000, 0.470000, -9.810000, 6.000000, 0.000000, 0.000000, 0.000000, 10.000000, -1.000000, 1.000000, -1.000000, 0.100000, 0.000100, 1.000000, 0.001000, 0.000010, 0.000000, 0.000000, 0.950000, 0.000000, 11.749328, -0.000000, 165.762688, 0.000000, -5.715480, 0.000000, -38.268519, 1000, 0.000100, -1.000000, -1.000000, 0.100000, 0.000100, 5.000000, 1.000000, 0.001000, 0.000010, 0.000000, 0.000000, 0.950000, 5.000000, 0.000000, -38.210926, -0.000000, 166.054631, 1000, 0.000100, 2.000000, -1.000000, -1.000000, 0.100000, 0.000100, 1.000000, 0.001000, 0.000010, 0.000000, 0.000000, 0.950000, 0.000000, -5.795137, 0.000000, 11.590275, 1000
3.79, 0.000100, 0.200000, 0.470000, -9.810000, 6.000000, 0.000000, 0.000000, 0.000000, 10.000000, -1.000000, 1.000000, -1.000000, 0.100000, 0.000100, 1.000000, 0.001000, 0.000010, 0.000000, 0.000000, 0.950000, 0.000000, 11.590275, -0.000000, 166.054631, 0.000000, -5.635697, 0.000000, -38.325315, 1000, 0.000100, -1.000000, -1.000000, 0.100000, 0.000100, 5.000000, 1.000000, 0.001000, 0.000010, 0.000000, 0.000000, 0.950000, 5.000000, 0.000000, -38.268519, -0.000000, 166.342596, 1000, 0.000100, 2.000000, -1.000000, -1.000000, 0.100000, 0.000100, 1.000000, 0.001000, 0.000010, 0.000000, 0.000000, 0.950000, 0.000000, -5.715480, 0.000000, 11.430961, 1000
3.8, 0.000100, 0.200000, 0.470000, -9.810000, 6.000000, 0.000000, 0.000000, 0.000000, 10.000000, -1.000000, 1.000000, -1.000000, 0.100000, 0.000100, 1.000000, 0.001000, 0.000010, 0.000000, 0.000000, 0.950000, 0.000000, 11.430961, -0.000000, 166.342596, 0.000000, -5.555792, 0.000000, -38.381312, 1000, 0.000100, -1.000000, -1.000000, 0.100000, 0.000100, 5.000000, 1.000000, 0.001000, 0.000010, 0.000000, 0.000000, 0.950000, 5.000000, 0.000000, -38.325315, -0.000000, 166.626575, 1000, 0.000100, 2.000000, -1.000000, -1.000000, 0.100000, 0.000100, 1.000000, 0.001000, 0.000010, 0.000000, 0.000000, 0.950000, 0.000000, -5.635697, 0.000000, 11.271395, 1000
3.81, 0.000100, 0.200000, 0.470000, -9.810000, 6.000000, 0.000000, 0.000000, 0.000000, 10.000000, -1.000000, 1.000000, -1.000000, 0.100000, 0.000100, 1.000000, 0.001000, 0.000010, 0.000000, 0.000000, 0.950000, 0.000000, 11.271395, -0.000000, 166.626575, 0.000000, -5.475769, 0.000000, -38.436510, 1000, 0.000100, -1.000000, -1.000000, 0.100000, 0.000100, 5.000000, 1.000000, 0.001000, 0.000010, 0.000000, 0.000000, 0.950000, 5.000000, 0.000000, -38.381312, -0.000000, 166.906562, 1000, 0.000100, 2.000000, -1.000000, -1.000000, 0.100000, 0.000100, 1.000000, 0.001000, 0.000010, 0.000000, 0.000000, 0.950000, 0.000000, -5.555792, 0.000000, 11.111585, 1000
3.82, 0.000100, 0.200000, 0.470000, -9.810000, 6.000000, 0.000000, 0.000000, 0.000000, 10.000000, -1.000000, 1.000000, -1.000000, 0.100000, 0.000100, 1.000000, 0.001000, 0.000010, 0.000000, 0.000000, 0.950000, 0.000000, 11.111585, -0.000000, 166.906562, 0.000000, -5.395633, 0.000000, -38.490907, 1000, 0.000100, -1.000000, -1.000000, 0.100000, 0.000100, 5.000000, 1.000000, 0.001000, 0.000010, 0.000000, 0.000000, 0.950000, 5.000000, 0.000000, -38.436510, -0.000000, 167.182551, 1000, 0.000100, 2.000000, -1.000000, -1.000000, 0.100000, 0.000100, 1.000000, 0.001000, 0.000010, 0.000000, 0.000000, 0.950000, 0.000000, -5.475769, 0.000000, 10.951539, 1000
3.83, 0.000100, 0.200000, 0.470000, -9.810000, 6.000000, 0.000000, 0.000000, 0.000000, 10.000000, -1.000000, 1.000000, -1.000000, 0.100000, 0.000100, 1.000000, 0.001000, 0.000010, 0.000000, 0.000000, 0.950000, 0.000000, 10.951539, -0.000000, 167.182551, 0.000000, -5.315387, 0.000000, -38.544502, 1000, 0.000100, -1.000000, -1.000000, 0.100000, 0.000100, 5.000000, 1.000000, 0.001000, 0.000010, 0.000000, 0.000000, 0.950000, 5.000000, 0.000000, -38.490907, -0.000000, 167.454536, 1000, 0.000100, 2.000000, -1.000000, -1.000000, 0.100000, 0.000100, 1.000000, 0.001000, 0.000010, 0.000000, 0.000000, 0.950000, 0.000000, -5.395633, 0.000000, 10.791266, 1000
3.84, 0.000100, 0.200000, 0.470000, -9.810000, 6.000000, 0.000000, 0.000000, 0.000000, 10.000000, -1.000000, 1.000000, -1.000000, 0.100000, 0.000100, 1.000000, 0.001000, 0.000010, 0.000000, 0.000000, 0.950000, 0.000000, 10.791266, -0.000000, 167.454536, 0.000000, -5.235035, 0.000000, -38.597295, 1000, 0.000100, -1.000000, -1.000000, 0.100000, 0.000100, 5.000000, 1.000000, 0.001000, 0.000010, 0.000000, 0.000000, 0.950000, 5.000000, 0.000000, -38.544502, -0.000000, 167.722512, 1000, 0.000100, 2.000000, -1.000000, -1.000000, 0.100000, 0.000100, 1.000000, 0.001000, 0.000010, 0.000000, 0.000000, 0.950000, 0.000000, -5.315387, 0.000000, 10.630773, 1000
3.85, 0.000100, 0.200000, 0.470000, -9.810000, 6.000000, 0.000000, 0.000000, 0.000000, 10.000000, -1.000000, 1.000000, -1.000000, 0.100000, 0.000100, 1.000000, 0.001000, 0.000010, 0.000000, 0.000000, 0.950000, 0.000000, 10.630773, -0.000000, 167.722512, 0.000000, -5.154582, 0.000000, -38.649283, 1000, 0.000100, -1.000000, -1.000000, 0.100000, 0.000100, 5.000000, 1.000000, 0.001000, 0.000010, 0.000000, 0.000000, 0.950000, 5.000000, 0.000000, -38.597295, -0.000000, 167.986474, 1000, 0.000100, 2.000000, -1.000000, -1.000000, 0.100000, 0.000100, 1.000000, 0.001000, 0.000010, 0.000000, 0.000000, 0.950000, 0.000000, -5.235035, 0.000000, 10.470070, 1000
3.86, 0.000100, 0.200000, 0.470000, -9.810000, 6.000000, 0.000000, 0.000000, 0.000000, 10.000000, -1.000000, 1.000000, -1.000000, 0.100000, 0.000100, 1.000000, 0.001000, 0.000010, 0.000000, 0.000000, 0.950000, 0.000000, 10.470070, -0.000000, 167.986474, 0.000000, -5.074032, 0.000000, -38.700466, 1000, 0.000100, -1.000000, -1.000000, 0.100000, 0.000100, 5.000000, 1.000000, 0.001000, 0.000010, 0.000000, 0.000000, 0.950000, 5.000000, 0.000000, -38.649283, -0.000000, 168.246415, 1000, 0.000100, 2.000000, -1.000000, -1.000000, 0.100000, 0.000100, 1.000000, 0.001000, 0.000010, 0.000000, 0.000000, 0.950000, 0.000000, -5.154582, 0.000000, 10.309165, 1000
3.87, 0.000100, 0.200000, 0.470000, -9.810000, 6.000000, 0.000000, 0.000000, 0.000000, 10.000000, -1.000000, 1.000000, -1.000000, 0.100000, 0.000100, 1.000000, 0.001000, 0.000010, 0.000000, 0.000000, 0.950000, 0.000000, 10.309165, -0.000000, 168.246415, 0.000000, -4.993389, 0.000000, -38.750844, 1000, 0.000100, -1.000000, -1.000000, 0.100000, 0.000100, 5.000000, 1.000000, 0.001000, 0.000010, 0.000000, 0.000000, 0.950000, 5.000000, 0.000000, -38.700466, -0.000000, 168.502332, 1000, 0.000100, 2.000000, -1.000000, -1.000000, 0.100000, 0.000100, 1.000000, 0.001000, 0.000010, 0.000000, 0.000000, 0.950000, 0.000000, -5.074032, 0.000000, 10.148065, 1000
3.88, 0.000100, 0.200000, 0.470000, -9.810000, 6.000000, 0.000000, 0.000000, 0.000000, 10.000000, -1.000000, 1.000000, -1.000000, 0.100000, 0.000100, 1.000000, 0.001000, 0.000010, 0.000000, 0.000000, 0.950000, 0.000000, 10.148065, -0.000000, 168.502332, 0.000000, -4.912658, 0.000000, -38.800414, 1000, 0.000100, -1.000000, -1.000000, 0.100000, 0.000100, 5.000000, 1.000000, 0.001000, 0.000010, 0.000000, 0.000000, 0.950000, 5.000000, 0.000000, -38.750844, -0.000000, 168.754219, 1000, 0.000100, 2.000000, -1.000000, -1.000000, 0.100000, 0.000100, 1.000000, 0.001000, 0.000010, 0.000000, 0.000000, 0.950000, 0.000000, -4.993389, 0.000000, 9.986779, 1000
3.89, 0.000100, 0.200000, 0.470000, -9.810000, 6.000000, 0.000000, 0.000000, 0.000000, 10.000000, -1.000000, 1.000000, -1.000000, 0.100000, 0.000100, 1.000000, 0.001000, 0.000010, 0.000000, 0.000000, 0.950000, 0.000000, 9.986779, -0.000000, 168.754219, 0.000000, -4.831841, 0.000000, -38.849177, 1000, 0.000100, -1.000000, -1.000000, 0.100000, 0.000100, 5.000000, 1.000000, 0.001000, 0.000010, 0.000000, 0.000000, 0.950000, 5.000000, 0.000000, -38.800414, -0.000000, 169.002072, 1000, 0.000100, 2.000000, -1.000000, -1.000000, 0.100000, 0.000100, 1.000000, 0.001000, 0.000010, 0.000000, 0.000000, 0.950000, 0.000000, -4.912658, 0.000000, 9.825315, 1000
3.9, 0.000100, 0.200000, 0.470000, -9.810000, 6.000000, 0.000000, 0.000000, 0.000000, 10.000000, -1.000000, 1.000000, -1.000000, 0.100000, 0.000100, 1.000000, 0.001000, 0.000010, 0.000000, 0.000000, 0.950000, 0.000000, 9.825315, -0.000000, 169.002072, 0.000000, -4.750944, 0.000000, -38.897132, 1000, 0.000100, -1.000000, -1.000000, 0.100000, 0.000100, 5.000000, 1.000000, 0.001000, 0.000010, 0.000000, 0.000000, 0.950000, 5.000000, 0.000000, -38.849177, -0.000000, 169.245887, 1000, 0.000100, 2.000000, -1.000000, -1.000000, 0.100000, 0.000100, 1.000000, 0.001000, 0.000010, 0.000000, 0.000000, 0.950000, 0.000000, -4.831841, 0.000000, 9.663682, 1000
3.91, 0.000100, 0.200000, 0.470000, -9.810000, 6.000000, 0.000000, 0.000000, 0.000000, 10.000000, -1.000000, 1.000000, -1.000000, 0.100000, 0.000100, 1.000000, 0.001000, 0.000010, 0.000000, 0.000000, 0.950000, 0.000000, 9.663682, -0.000000, 169.245887, 0.000000, -4.669970, 0.000000, -38.944277, 1000, 0.000100, -1.000000, -1.000000, 0.100000, 0.000100, 5.000000, 1.000000, 0.001000, 0.000010, 0.000000, 0.000000, 0.950000, 5.000000, 0.000000, -38.897132, -0.000000, 169.485658, 1000, 0.000100, 2.000000, -1.000000, -1.000000, 0.100000, 0.000100, 1.000000, 0.001000, 0.000010, 0.000000, 0.000000, 0.950000, 0.000000, -4.750944, 0.000000, 9.501888, 1000
3.92, 0.000100, 0.200000, 0.470000, -9.810000, 6.000000, 0.000000, 0.000000, 0.000000, 10.000000, -1.000000, 1.000000, -1.000000, 0.100000, 0.000100, 1.000000, 0.001000, 0.000010, 0.000000, 0.000000, 0.950000, 0.000000, 9.501888, -0.000000, 169.485658, 0.000000, -4.588924, 0.000000, -38.990612, 1000, 0.000100, -1.000000, -1.000000, 0.100000, 0.000100, 5.000000, 1.000000, 0.001000, 0.000010, 0.000000, 0.000000, 0.950000, 5.000000, 0.000000, -38.944277, -0.000000, 169.721384, 1000, 0.000100, 2.000000, -1.000000, -1.000000, 0.100000, 0.000100, 1.000000, 0.001000, 0.000010, 0.000000, 0.000000, 0.950000, 0.000000, -4.669970, 0.000000, 9.339940, 1000
3.93, 0.000100, 0.200000, 0.470000, -9.810000, 6.000000, 0.000000, 0.000000, 0.000000, 10.000000, -1.000000, 1.000000, -1.000000, 0.100000, 0.000100, 1.000000, 0.001000, 0.000010, 0.000000, 0.000000, 0.950000, 0.000000, 9.339940, -0.000000, 169.721384, 0.000000, -4.507810, 0.000000, -39.036136, 1000, 0.000100, -1.000000, -1.000000, 0.100000, 0.000100, 5.000000, 1.000000, 0.001000, 0.000010, 0.000000, 0.000000, 0.950000, 5.000000, 0.000000, -38.990612, -0.000000, 169.953059, 1000, 0.000100, 2.000000, -1.000000, -1.000000, 0.100000, 0.000100, 1.000000, 0.001000, 0.000010, 0.000000, 0.000000, 0.950000, 0.000000, -4.588924, 0.000000, 9.177848, 1000
3.94, 0.000100, 0.200000, 0.470000, -9.810000, 6.000000, 0.000000, 0.000000, 0.000000, 10.000000, -1.000000, 1.000000, -1.000000, 0.100000, 0.000100, 1.000000, 0.001000, 0.000010, 0.000000, 0.000000, 0.950000, 0.000000, 9.177848, -0.000000, 169.953059, 0.000000, -4.426631, 0.000000, -39.080849, 1000, 0.000100, -1.000000, -1.000000, 0.100000, 0.000100, 5.000000, 1.000000, 0.001000, 0.000010, 0.000000, 0.000000, 0.950000, 5.000000, 0.000000, -39.036136, -0.000000, 170.180680, 1000, 0.000100, 2.000000, -1.000000, -1.000000, 0.100000, 0.000100, 1.000000, 0.001000, 0.000010, 0.000000, 0.000000, 0.950000, 0.000000, -4.507810, 0.000000, 9.015620, 1000
3.95, 0.000100, 0.200000, 0.470000, -9.810000, 6.000000, 0.000000, 0.000000, 0.000000, 10.000000, -1.000000, 1.000000, -1.000000, 0.100000, 0.000100, 1.000000, 0.001000, 0.000010, 0.000000, 0.000000, 0.950000, 0.000000, 9.015620, -0.000000, 170.180680, 0.000000, -4.345393, 0.000000, -39.124749, 1000, 0.000100, -1.000000, -1.000000, 0.100000, 0.000100, 5.000000, 1.000000, 0.001000, 0.000010, 0.000000, 0.000000, 0.950000, 5.000000, 0.000000, -39.080849, -0.000000, 170.404244, 1000, 0.000100, 2.000000, -1.000000, -1.000000, 0.100000, 0.000100, 1.000000, 0.001000, 0.000010, 0.000000, 0.000000, 0.950000, 0.000000, -4.426631, 0.000000, 8.853263, 1000
3.96, 0.000100, 0.200000, 0.470000, -9.810000, 6.000000, 0.000000, 0.000000, 0.000000, 10.000000, -1.000000, 1.000000, -1.000000, 0.100000, 0.000100, 1.000000, 0.001000, 0.000010, 0.000000, 0.000000, 0.950000, 0.000000, 8.853263, -0.000000, 170.404244, 0.000000, -4.264098, 0.000000, -39.167838, 1000, 0.000100, -1.000000, -1.000000, 0.100000, 0.000100, 5.000000, 1.000000, 0.001000, 0.000010, 0.000000, 0.000000, 0.950000, 5.000000, 0.000000, -39.124749, -0.000000, 170.623747, 1000, 0.000100, 2.000000, -1.000000, -1.000000, 0.100000, 0.000100, 1.000000, 0.001000, 0.000010, 0.000000, 0.000000, 0.950000, 0.000000, -4.345393, 0.000000, 8.690785, 1000
3.97, 0.000100, 0.200000, 0.470000, -9.810000, 6.000000, 0.000000, 0.000000, 0.000000, 10.000000, -1.000000, 1.000000, -1.000000, 0.100000, 0.000100, 1.000000, 0.001000, 0.000010, 0.000000, 0.000000, 0.950000, 0.000000, 8.690785, -0.000000, 170.623747, 0.000000, -4.182752, 0.000000, -39.210112, 1000, 0.000100, -1.000000, -1.000000, 0.100000, 0.000100, 5.000000, 1.000000, 0.001000, 0.000010, 0.000000, 0.000000, 0.950000, 5.000000, 0.000000, -39.167838, -0.000000, 170.839188, 1000, 0.000100, 2.000000, -1.000000, -1.000000, 0.100000, 0.000100, 1.000000, 0.001000, 0.000010, 0.000000, 0.000000, 0.950000, 0.000000, -4.264098, 0.000000, 8.528196, 1000
3.98, 0.000100, 0.200000, 0.470000, -9.810000, 6.000000, 0.000000, 0.000000, 0.000000, 10.000000, -1.000000, 1.000000, -1.000000, 0.100000, 0.000100, 1.000000, 0.001000, 0.000010, 0.000000, 0.000000, 0.950000, 0.000000, 8.528196, -0.000000, 170.839188, 0.000000, -4.101357, 0.000000, -39.251574, 1000, 0.000100, -1.000000, -1.000000, 0.100000, 0.000100, 5.000000, 1.000000, 0.001000, 0.000010, 0.000000, 0.000000, 0.950000, 5.000000, 0.000000, -39.210112, -0.000000, 171.050562, 1000, 0.000100, 2.000000, -1.000000, -1.000000, 0.100000, 0.000100, 1.000000, 0.001000, 0.000010, 0.000000, 0.000000, 0.950000, 0.000000, -4.182752, 0.000000, 8.365503, 1000
3.99, 0.000100, 0.200000, 0.470000, -9.810000, 6.000000, 0.000000, 0.000000, 0.000000, 10.000000, -1.000000, 1.000000, -1.000000, 0.100000, 0.000100, 1.000000, 0.001000, 0.000010, 0.000000, 0.000000, 0.950000, 0.000000, 8.365503, -0.000000, 171.050562, 0.000000, -4.019919, 0.000000, -39.292221, 1000, 0.000100, -1.000000, -1.000000, 0.100000, 0.000100, 5.000000, 1.000000, 0.001000, 0.000010, 0.000000, 0.000000, 0.950000, 5.000000, 0.000000, -39.251574, -0.000000, 171.257869, 1000, 0.000100, 2.000000, -1.000000, -1.000000, 0.100000, 0.000100, 1.000000, 0.001000, 0.000010, 0.000000, 0.000000, 0.950000, 0.000000, -4.101357, 0.000000, 8.202715, 1000
4, 0.000100, 0.200000, 0.470000, -9.810000, 6.000000, 0.000000, 0.000000, 0.000000, 10.000000, -1.000000, 1.000000, -1.000000, 0.100000, 0.000100, 1.000000, 0.001000, 0.000010, 0.000000, 0.000000, 0.950000, 0.000000, 8.202715, -0.000000, 171.257869, 0.000000, -3.938442, 0.000000, -39.332053, 1000, 0.000100, -1.000000, -1.000000, 0.100000, 0.000100, 5.000000, 1.000000, 0.001000, 0.000010, 0.000000, 0.000000, 0.950000, 5.000000, 0.000000, -39.292221, -0.000000, 171.461104, 1000, 0.000100, 2.000000, -1.000000, -1.000000, 0.100000, 0.000100, 1.000000, 0.001000, 0.000010, 0.000000, 0.000000, 0.950000, 0.000000, -4.019919, 0.000000, 8.039839, 1000
4.01, 0.000100, 0.200000, 0.470000, -9.810000, 6.000000, 0.000000, 0.000000, 0.000000, 10.000000, -1.000000, 1.000000, -1.000000, 0.100000, 0.000100, 1.000000, 0.001000, 0.000010, 0.000000, 0.000000, 0.950000, 0.000000, 8.039839, -0.000000, 171.461104, 0.000000, -3.856928, 0.000000, -39.371071, 1000, 0.000100, -1.000000, -1.000000, 0.100000, 0.000100, 5.000000, 1.000000, 0.001000, 0.000010, 0.000000, 0.000000, 0.950000, 5.000000, 0.000000, -39.332053, -0.000000, 171.660267, 1000, 0.000100, 2.000000, -1.000000, -1.000000, 0.100000, 0.000100, 1.000000, 0.001000, 0.000010, 0.000000, 0.000000, 0.950000, 0.000000, -3.938442, 0.000000, 7.876883, 1000
4.02, 0.000100, 0.200000, 0.470000, -9.810000, 6.000000, 0.000000, 0.000000, 0.000000, 10.000000, -1.000000, 1.000000, -1.000000, 0.100000, 0.000100, 1.000000, 0.001000, 0.000010, 0.000000, 0.000000, 0.950000, 0.000000, 7.876883, -0.000000, 171.660267, 0.000000, -3.775383, 0.000000, -39.409273, 1000, 0.000100, -1.000000, -1.000000, 0.100000, 0.000100, 5.000000, 1.000000, 0.001000, 0.000010, 0.000000, 0.000000, 0.950000, 5.000000, 0.000000, -39.371071, -0.000000, 171.855355, 1000, 0.000100, 2.000000, -1.000000, -1.000000, 0.100000, 0.000100, 1.000000, 0.001000, 0.000010, 0.000000, 0.000000, 0.950000, 0.000000, -3.856928, 0.000000, 7.713856, 1000
4.03, 0.000100, 0.200000, 0.470000, -9.810000, 6.000000, 0.000000, 0.000000, 0.000000, 10.000000, -1.000000, 1.000000, -1.000000, 0.100000, 0.000100, 1.000000, 0.001000, 0.000010, 0.000000, 0.000000, 0.950000, 0.000000, 7.713856, -0.000000, 171.855355, 0.000000, -3.693811, 0.000000, -39.446660, 1000, 0.000100, -1.000000, -1.000000, 0.100000, 0.000100, 5.000000, 1.000000, 0.001000, 0.000010, 0.000000, 0.000000, 0.950000, 5.000000, 0.000000, -39.409273, -0.000000, 172.046366, 1000, 0.000100, 2.000000, -1.000000, -1.000000, 0.100000, 0.000100, 1.000000, 0.001000, 0.000010, 0.000000, 0.000000, 0.950000, 0.000000, -3.775383, 0.000000, 7.550767, 1000
4.04, 0.000100, 0.200000, 0.470000, -9.810000, 6.000000, 0.000000, 0.000000, 0.000000, 10.000000, -1.000000, 1.000000, -1.000000, 0.100000, 0.000100, 1.000000, 0.001000, 0.000010, 0.000000, 0.000000, 0.950000, 0.000000, 7.550767, -0.000000, 172.046366, 0.000000, -3.612215, 0.000000, -39.483231, 1000, 0.000100, -1.000000, -1.000000, 0.100000, 0.000100, 5.000000, 1.000000, 0.001000, 0.000010, 0.000000, 0.000000, 0.950000, 5.000000, 0.000000, -39.446660, -0.000000, 172.233300, 1000, 0.000100, 2.000000, -1.000000, -1.000000, 0.100000, 0.000100, 1.000000, 0.001000, 0.000010, 0.000000, 0.000000, 0.950000, 0.000000, -3.693811, 0.000000, 7.387622, 1000
4.05, 0.000100, 0.200000, 0.470000, -9.810000, 6.000000, 0.000000, 0.000000, 0.000000, 10.000000, -1.000000, 1.000000, -1.000000, 0.100000, 0.000100, 1.000000, 0.001000, 0.000010, 0.000000, 0.000000, 0.950000, 0.000000, 7.387622, -0.000000, 172.233300, 0.000000, -3.530600, 0.000000, -39.518986, 1000, 0.000100, -1.000000, -1.000000, 0.100000, 0.000100, 5.000000, 1.000000, 0.001000, 0.000010, 0.000000, 0.000000, 0.950000, 5.000000, 0.000000, -39.483231, -0.000000, 172.416155, 1000, 0.000100, 2.000000, -1.000000, -1.000000, 0.100000, 0.000100, 1.000000, 0.001000, 0.000010, 0.000000, 0.000000, 0.950000, 0.000000, -3.612215, 0.000000, 7.224430, 1000
4.06, 0.000100, 0.200000, 0.470000, -9.810000, 6.000000, 0.000000, 0.000000, 0.000000, 10.000000, -1.000000, 1.000000, -1.000000, 0.100000, 0.000100, 1.000000, 0.001000, 0.000010, 0.000000, 0.000000, 0.950000, 0.000000, 7.224430, -0.000000, 172.416155, 0.000000, -3.448969, 0.000000, -39.553924, 1000, 0.000100, -1.000000, -1.000000, 0.100000, 0.000100, 5.000000, 1.000000, 0.001000, 0.000010, 0.000000, 0.000000, 0.950000, 5.000000, 0.000000, -39.518986, -0.000000, 172.594929, 1000, 0.000100, 2.000000, -1.000000, -1.000000, 0.100000, 0.000100, 1.000000, 0.001000, 0.000010, 0.000000, 0.000000, 0.950000, 0.000000, -3.530600, 0.000000, 7.061199, 1000
4.07, 0.000100, 0.200000, 0.470000, -9.810000, 6.000000, 0.000000, 0.000000, 0.000000, 10.000000, -1.000000, 1.000000, -1.000000, 0.100000, 0.000100, 1.000000, 0.001000, 0.000010, 0.000000, 0.000000, 0.950000, 0.000000, 7.061199, -0.000000, 172.594929, 0.000000, -3.367327, 0.000000, -39.588047, 1000, 0.000100, -1.000000, -1.000000, 0.100000, 0.000100, 5.000000, 1.000000, 0.001000, 0.000010, 0.000000, 0.000000, 0.950000, 5.000000, 0.000000, -39.553924, -0.000000, 172.769622, 1000, 0.000100, 2.000000, -1.000000, -1.000000, 0.100000, 0.000100, 1.000000, 0.001000, 0.000010, 0.000000, 0.000000, 0.950000, 0.000000, -3.448969, 0.000000, 6.897938, 1000
4.08, 0.000100, 0.200000, 0.470000, -9.810000, 6.000000, 0.000000, 0.000000, 0.000000, 10.000000, -1.000000, 1.000000, -1.000000, 0.100000, 0.000100, 1.000000, 0.001000, 0.000010, 0.000000, 0.000000, 0.950000, 0.000000, 6.897938, -0.000000, 172.769622, 0.000000, -3.285677, 0.000000, -39.621353, 1000, 0.000100, -1.000000, -1.000000, 0.100000, 0.000100, 5.000000, 1.000000, 0.001000, 0.000010, 0.000000, 0.000000, 0.950000, 5.000000, 0.000000, -39.588047, -0.000000, 172.940234, 1000, 0.000100, 2.000000, -1.000000, -1.000000, 0.100000, 0.000100, 1.000000, 0.001000, 0.000010, 0.000000, 0.000000, 0.950000, 0.000000, -3.367327, 0.000000, 6.734654, 1000
4.09, 0.000100, 0.200000, 0.470000, -9.810000, 6.000000, 0.000000, 0.000000, 0.000000, 10.000000, -1.000000, 1.000000, -1.000000, 0.100000, 0.000100, 1.000000, 0.001000, 0.000010, 0.000000, 0.000000, 0.950000, 0.000000, 6.734654, -0.000000, 172.940234, 0.000000, -3.204025, 0.000000, -39.653842, 1000, 0.000100, -1.000000, -1.000000, 0.100000, 0.000100, 5.000000, 1.000000, 0.001000, 0.000010, 0.000000, 0.000000, 0.950000, 5.000000, 0.000000, -39.621353, -0.000000, 173.106763, 1000, 0.000100, 2.000000, -1.000000, -1.000000, 0.100000, 0.000100, 1.000000, 0.001000, 0.000010, 0.000000, 0.000000, 0.950000, 0.000000, -3.285677, 0.000000, 6.571355, 1000
4.1, 0.000100, 0.200000, 0.470000, -9.810000, 6.000000, 0.000000, 0.000000, 0.000000, 10.000000, -1.000000, 1.000000, -1.000000, 0.100000, 0.000100, 1.000000, 0.001000, 0.000010, 0.000000, 0.000000, 0.950000, 0.000000, 6.571355, -0.000000, 173.106763, 0.000000, -3.122372, 0.000000, -39.685515, 1000, 0.000100, -1.000000, -1.000000, 0.100000, 0.000100, 5.000000, 1.000000, 0.001000, 0.000010, 0.000000, 0.000000, 0.950000, 5.000000, 0.000000, -39.653842, -0.000000, 173.269210, 1000, 0.000100, 2.000000, -1.000000, -1.000000, 0.100000, 0.000100, 1.000000, 0.001000, 0.000010, 0.000000, 0.000000, 0.950000, 0.000000, -3.204025, 0.000000, 6.408049, 1000
4.11, 0.000100, 0.200000, 0.470000, -9.810000, 6.000000, 0.000000, 0.000000, 0.000000, 10.000000, -1.000000, 1.000000, -1.000000, 0.100000, 0.000100, 1.000000, 0.001000, 0.000010, 0.000000, 0.000000, 0.950000, 0.000000, 6.408049, -0.000000, 173.269210, 0.000000, -3.040725, 0.000000, -39.716371, 1000, 0.000100, -1.000000, -1.000000, 0.100000, 0.000100, 5.000000, 1.000000, 0.001000, 0.000010, 0.000000, 0.000000, 0.950000, 5.000000, 0.000000, -39.685515, -0.000000, 173.427574, 1000, 0.000100, 2.000000, -1.000000, -1.000000, 0.100000, 0.000100, 1.000000, 0.001000, 0.000010, 0.000000, 0.000000, 0.950000, 0.000000, -3.122372, 0.000000, 6.244745, 1000
4.12, 0.000100, 0.200000, 0.470000, -9.810000, 6.000000, 0.000000, 0.000000, 0.000000, 10.000000, -1.000000, 1.000000, -1.000000, 0.100000, 0.000100, 1.000000, 0.001000, 0.000010, 0.000000, 0.000000, 0.950000, 0.000000, 6.244745, -0.000000, 173.427574, 0.000000, -2.959086, 0.000000, -39.746411, 1000, 0.000100, -1.000000, -1.000000, 0.100000, 0.000100, 5.000000, 1.000000, 0.001000, 0.000010, 0.000000, 0.000000, 0.950000, 5.000000, 0.000000, -39.716371, -0.000000, 173.581855, 1000, 0.000100, 2.000000, -1.000000, -1.000000, 0.100000, 0.000100, 1.000000, 0.001000, 0.000010, 0.000000, 0.000000, 0.950000, 0.000000, -3.040725, 0.000000, 6.081450, 1000
4.13, 0.000100, 0.200000, 0.470000, -9.810000, 6.000000, 0.000000, 0.000000, 0.000000, 10.000000, -1.000000, 1.000000, -1.000000, 0.100000, 0.000100, 1.000000, 0.001000, 0.000010, 0.000000, 0.000000, 0.950000, 0.000000, 6.081450, -0.000000, 173.581855, 0.000000, -2.877460, 0.000000, -39.775634, 1000, 0.000100, -1.000000, -1.000000, 0.100000, 0.000100, 5.000000, 1.000000, 0.001000, 0.000010, 0.000000, 0.000000, 0.950000, 5.000000, 0.000000, -39.746411, -0.000000, 173.732055, 1000, 0.000100, 2.000000, -1.000000, -1.000000, 0.100000, 0.000100, 1.000000, 0.001000, 0.000010, 0.000000, 0.000000, 0.950000, 0.000000, -2.959086, 0.000000, 5.918172, 1000
4.14, 0.000100, 0.200000, 0.470000, -9.810000, 6.000000, 0.000000, 0.000000, 0.000000, 10.000000, -1.000000, 1.000000, -1.000000, 0.100000, 0.000100, 1.000000, 0.001000, 0.000010, 0.000000, 0.000000, 0.950000, 0.000000, 5.918172, -0.000000, 173.732055, 0.000000, -2.795850, 0.000000, -39.804042, 1000, 0.000100, -1.000000, -1.000000, 0.100000, 0.000100, 5.000000, 1.000000, 0.001000, 0.000010, 0.000000, 0.000000, 0.950000, 5.000000, 0.000000, -39.775634, -0.000000, 173.878172, 1000, 0.000100, 2.000000, -1.000000, -1.000000, 0.100000, 0.000100, 1.000000, 0.001000, 0.000010, 0.000000, 0.000000, 0.950000, 0.000000, -2.877460, 0.000000, 5.754919, 1000
4.15, 0.000100, 0.200000, 0.470000, -9.810000, 6.000000, 0.000000, 0.000000, 0.000000, 10.000000, -1.000000, 1.000000, -1.000000, 0.100000, 0.000100, 1.000000, 0.001000, 0.000010, 0.000000, 0.000000, 0.950000, 0.000000, 5.754919, -0.000000, 173.878172, 0.000000, -2.714261, 0.000000, -39.831633, 1000, 0.000100, -1.000000, -1.000000, 0.100000, 0.000100, 5.000000, 1.000000, 0.001000, 0.000010, 0.000000, 0.000000, 0.950000, 5.000000, 0.000000, -39.804042, -0.000000, 174.020209, 1000, 0.000100, 2.000000, -1.000000, -1.000000, 0.100000, 0.000100, 1.000000, 0.001000, 0.000010, 0.000000, 0.000000, 0.950000, 0.000000, -2.795850, 0.000000, 5.591700, 1000
4.16, 0.000100, 0.200000, 0.470000, -9.810000, 6.000000, 0.000000, 0.000000, 0.000000, 10.000000, -1.000000, 1.000000, -1.000000, 0.100000, 0.000100, 1.000000, 0.001000, 0.000010, 0.000000, 0.000000, 0.950000, 0.000000, 5.591700, -0.000000, 174.020209, 0.000000, -2.632696, 0.000000, -39.858409, 1000, 0.000100, -1.000000, -1.000000, 0.100000, 0.000100, 5.000000, 1.000000, 0.001000, 0.000010, 0.000000, 0.000000, 0.950000, 5.000000, 0.000000, -39.831633, -0.000000, 174.158166, 1000, 0.000100, 2.000000, -1.000000, -1.000000, 0.100000, 0.000100, 1.000000, 0.001000, 0.000010, 0.000000, 0.000000, 0.950000, 0.000000, -2.714261, 0.000000, 5.428521, 1000
4.17, 0.000100, 0.200000, 0.470000, -9.810000, 6.000000, 0.000000, 0.000000, 0.000000, 10.000000, -1.000000, 1.000000, -1.000000, 0.100000, 0.000100, 1.000000, 0.001000, 0.000010, 0.000000, 0.000000, 0.950000, 0.000000, 5.428521, -0.000000, 174.158166, 0.000000, -2.551159, 0.000000, -39.884369, 1000, 0.000100, -1.000000, -1.000000, 0.100000, 0.000100, 5.000000, 1.000000, 0.001000, 0.000010, 0.000000, 0.000000, 0.950000, 5.000000, 0.000000, -39.858409, -0.000000, 174.292044, 1000, 0.000100, 2.000000, -1.000000, -1.000000, 0.100000, 0.000100, 1.000000, 0.001000, 0.000010, 0.000000, 0.000000, 0.950000, 0.000000, -2.632696, 0.000000, 5.265391, 1000
4.18, 0.000100, 0.200000, 0.470000, -9.810000, 6.000000, 0.000000, 0.000000, 0.000000, 10.000000, -1.000000, 1.000000, -1.000000, 0.100000, 0.000100, 1.000000, 0.001000, 0.000010, 0.000000, 0.000000, 0.950000, 0.000000, 5.265391, -0.000000, 174.292044, 0.000000, -2.469655, 0.000000, -39.909514, 1000, 0.000100, -1.000000, -1.000000, 0.100000, 0.000100, 5.000000, 1.000000, 0.001000, 0.000010, 0.000000, 0.000000, 0.950000, 5.000000, 0.000000, -39.884369, -0.000000, 174.421844, 1000, 0.000100, 2.000000, -1.000000, -1.000000, 0.100000, 0.000100, 1.000000, 0.001000, 0.000010, 0.000000, 0.000000, 0.950000, 0.000000, -2.551159, 0.000000, 5.102318, 1000
4.19, 0.000100, 0.200000, 0.470000, -9.810000, 6.000000, 0.000000, 0.000000, 0.000000, 10.000000, -1.000000, 1.000000, -1.000000, 0.100000, 0.000100, 1.000000, 0.001000, 0.000010, 0.000000, 0.000000, 0.950000, 0.000000, 5.102318, -0.000000, 174.421844, 0.000000, -2.388187, 0.000000, -39.933844, 1000, 0.000100, -1.000000, -1.000000, 0.100000, 0.000100, 5.000000, 1.000000, 0.001000, 0.000010, 0.000000, 0.000000, 0.950000, 5.000000, 0.000000, -39.909514, -0.000000, 174.547568, 1000, 0.000100, 2.000000, -1.000000, -1.000000, 0.100000, 0.000100, 1.000000, 0.001000, 0.000010, 0.000000, 0.000000, 0.950000, 0.000000, -2.469655, 0.000000, 4.939310, 1000
4.2, 0.000100, 0.200000, 0.470000, -9.810000, 6.000000, 0.000000, 0.000000, 0.000000, 10.000000, -1.000000, 1.000000, -1.000000, 0.100000, 0.000100, 1.000000, 0.001000, 0.000010, 0.000000, 0.000000, 0.950000, 0.000000, 4.939310, -0.000000, 174.547568, 0.000000, -2.306760, 0.000000, -39.957359, 1000, 0.000100, -1.000000, -1.000000, 0.100000, 0.000100, 5.000000, 1.000000, 0.001000, 0.000010, 0.000000, 0.000000, 0.950000, 5.000000, 0.000000, -39.933844, -0.000000, 174.669218, 1000, 0.000100, 2.000000, -1.000000, -1.000000, 0.100000, 0.000100, 1.000000, 0.001000, 0.000010, 0.000000, 0.000000, 0.950000, 0.000000, -2.388187, 0.000000, 4.776374, 1000
4.21, 0.000100, 0.200000, 0.470000, -9.810000, 6.000000, 0.000000, 0.000000, 0.000000, 10.000000, -1.000000, 1.000000, -1.000000, 0.100000, 0.000100, 1.000000, 0.001000, 0.000010, 0.000000, 0.000000, 0.950000, 0.000000, 4.776374, -0.000000, 174.669218, 0.000000, -2.225376, 0.000000, -39.980060, 1000, 0.000100, -1.000000, -1.000000, 0.100000, 0.000100, 5.000000, 1.000000, 0.001000, 0.000010, 0.000000, 0.000000, 0.950000, 5.000000, 0.000000, -39.957359, -0.000000, 174.786795, 1000, 0.000100, 2.000000, -1.000000, -1.000000, 0.100000, 0.000100, 1.000000, 0.001000, 0.000010, 0.000000, 0.000000, 0.950000, 0.000000, -2.306760, 0.000000, 4.613519, 1000
4.22, 0.000100, 0.200000, 0.470000, -9.810000, 6.000000, 0.000000, 0.000000, 0.000000, 10.000000, -1.000000, 1.000000, -1.000000, 0.100000, 0.000100, 1.000000, 0.001000, 0.000010, 0.000000, 0.000000, 0.950000, 0.000000, 4.613519, -0.000000, 174.786795, 0.000000, -2.144040, 0.000000, -40.001948, 1000, 0.000100, -1.000000, -1.000000, 0.100000, 0.000100, 5.000000, 1.000000, 0.001000, 0.000010, 0.000000, 0.000000, 0.950000, 5.000000, 0.000000, -39.980060, -0.000000, 174.900302, 1000, 0.000100, 2.000000, -1.000000, -1.000000, 0.100000, 0.000100, 1.000000, 0.001000, 0.000010, 0.000000, 0.000000, 0.950000, 0.000000, -2.225376, 0.000000, 4.450752, 1000
4.23, 0.000100, 0.200000, 0.470000, -9.810000, 6.000000, 0.000000, 0.000000, 0.000000, 10.000000, -1.000000, 1.000000, -1.000000, 0.100000, 0.000100, 1.000000, 0.001000, 0.000010, 0.000000, 0.000000, 0.950000, 0.000000, 4.450752, -0.000000, 174.900302, 0.000000, -2.062756, 0.000000, -40.023023, 1000, 0.000100, -1.000000, -1.000000, 0.100000, 0.000100, 5.000000, 1.000000, 0.001000, 0.000010, 0.000000, 0.000000, 0.950000, 5.000000, 0.000000, -40.001948, -0.000000, 175.009741, 1000, 0.000100, 2.000000, -1.000000, -1.000000, 0.100000, 0.000100, 1.000000, 0.001000, 0.000010, 0.000000, 0.000000, 0.950000, 0.000000, -2.144040, 0.000000, 4.288080, 1000
4.24, 0.000100, 0.200000, 0.470000, -9.810000, 6.000000, 0.000000, 0.000000, 0.000000, 10.000000, -1.000000, 1.000000, -1.000000, 0.100000, 0.000100, 1.000000, 0.001000, 0.000010, 0.000000, 0.000000, 0.950000, 0.000000, 4.288080, -0.000000, 175.009741, 0.000000, -1.981528, 0.000000, -40.043285, 1000, 0.000100, -1.000000, -1.000000, 0.100000, 0.000100, 5.000000, 1.000000, 0.001000, 0.000010, 0.000000, 0.000000, 0.950000, 5.000000, 0.000000, -40.023023, -0.000000, 175.115114, 1000, 0.000100, 2.000000, -1.000000, -1.000000, 0.100000, 0.000100, 1.000000, 0.001000, 0.000010, 0.000000, 0.000000, 0.950000, 0.000000, -2.062756, 0.000000, 4.125513, 1000
4.25, 0.000100, 0.200000, 0.470000, -9.810000, 6.000000, 0.000000, 0.000000, 0.000000, 10.000000, -1.000000, 1.000000, -1.000000, 0.100000, 0.000100, 1.000000, 0.001000, 0.000010, 0.000000, 0.000000, 0.950000, 0.000000, 4.125513, -0.000000, 175.115114, 0.000000, -1.900360, 0.000000, -40.062735, 1000, 0.000100, -1.000000, -1.000000, 0.100000, 0.000100, 5.000000, 1.000000, 0.001000, 0.000010, 0.000000, 0.000000, 0.950000, 5.000000, 0.000000, -40.043285, -0.000000, 175.216424, 1000, 0.000100, 2.000000, -1.000000, -1.000000, 0.100000, 0.000100, 1.000000, 0.001000, 0.000010, 0.000000, 0.000000, 0.950000, 0.000000, -1.981528, 0.000000, 3.963056, 1000
4.26, 0.000100, 0.200000, 0.470000, -9.810000, 6.000000, 0.000000, 0.000000, 0.000000, 10.000000, -1.000000, 1.000000, -1.000000, 0.100000, 0.000100, 1.000000, 0.001000, 0.000010, 0.000000, 0.000000, 0.950000, 0.000000, 3.963056, -0.000000, 175.216424, 0.000000, -1.819255, 0.000000, -40.081373, 1000, 0.000100, -1.000000, -1.000000, 0.100000, 0.000100, 5.000000, 1.000000, 0.001000, 0.000010, 0.000000, 0.000000, 0.950000, 5.000000, 0.000000, -40.062735, -0.000000, 175.313674, 1000, 0.000100, 2.000000, -1.000000, -1.000000, 0.100000, 0.000100, 1.000000, 0.001000, 0.000010, 0.000000, 0.000000, 0.950000, 0.000000, -1.900360, 0.000000, 3.800719, 1000
4.27, 0.000100, 0.200000, 0.470000, -9.810000, 6.000000, 0.000000, 0.000000, 0.000000, 10.000000, -1.000000, 1.000000, -1.000000, 0.100000, 0.000100, 1.000000, 0.001000, 0.000010, 0.000000, 0.000000, 0.950000, 0.000000, 3.800719, -0.000000, 175.313674, 0.000000, -1.738217, 0.000000, -40.099201, 1000, 0.000100, -1.000000, -1.000000, 0.100000, 0.000100, 5.000000, 1.000000, 0.001000, 0.000010, 0.000000, 0.000000, 0.950000, 5.000000, 0.000000, -40.081373, -0.000000, 175.406867, 1000, 0.000100, 2.000000, -1.000000, -1.000000, 0.100000, 0.000100, 1.000000, 0.001000, 0.000010, 0.000000, 0.000000, 0.950000, 0.000000, -1.819255, 0.000000, 3.638509, 1000
4.28, 0.000100, 0.200000, 0.470000, -9.810000, 6.000000, 0.000000, 0.000000, 0.000000, 10.000000, -1.000000, 1.000000, -1.000000, 0.100000, 0.000100, 1.000000, 0.001000, 0.000010, 0.000000, 0.000000, 0.950000, 0.000000, 3.638509, -0.000000, 175.406867, 0.000000, -1.657250, 0.000000, -40.116219, 1000, 0.000100, -1.000000, -1.000000, 0.100000, 0.000100, 5.000000, 1.000000, 0.001000, 0.000010, 0.000000, 0.000000, 0.950000, 5.000000, 0.000000, -40.099201, -0.000000, 175.496006, 1000, 0.000100, 2.000000, -1.000000, -1.000000, 0.100000, 0.000100, 1.000000, 0.001000, 0.000010, 0.000000, 0.000000, 0.950000, 0.000000, -1.738217, 0.000000, 3.476433, 1000
4.29, 0.000100, 0.200000, 0.470000, -9.810000, 6.000000, 0.000000, 0.000000, 0.000000, 10.000000, -1.000000, 1.000000, -1.000000, 0.100000, 0.000100, 1.000000, 0.001000, 0.000010, 0.000000, 0.000000, 0.950000, 0.000000, 3.476433, -0.000000, 175.496006, 0.000000, -1.576358, 0.000000, -40.132428, 1000, 0.000100, -1.000000, -1.000000, 0.100000, 0.000100, 5.000000, 1.000000, 0.001000, 0.000010, 0.000000, 0.000000, 0.950000, 5.000000, 0.000000, -40.116219, -0.000000, 175.581095, 1000, 0.000100, 2.000000, -1.000000, -1.000000, 0.100000, 0.000100, 1.000000, 0.001000, 0.000010, 0.000000, 0.000000, 0.950000, 0.000000, -1.657250, 0.000000, 3.314500, 1000
4.3, 0.000100, 0.200000, 0.470000, -9.810000, 6.000000, 0.000000, 0.000000, 0.000000, 10.000000, -1.000000, 1.000000, -1.000000, 0.100000, 0.000100, 1.000000, 0.001000, 0.000010, 0.000000, 0.000000, 0.950000, 0.000000, 3.314500, -0.000000, 175.581095, 0.000000, -1.495545, 0.000000, -40.147827, 1000, 0.000100, -1.000000, -1.000000, 0.100000, 0.000100, 5.000000, 1.000000, 0.001000, 0.000010, 0.000000, 0.000000, 0.950000, 5.000000, 0.000000, -40.132428, -0.000000, 175.662138, 1000, 0.000100, 2.000000, -1.000000, -1.000000, 0.100000, 0.000100, 1.000000, 0.001000, 0.000010, 0.000000, 0.000000, 0.950000, 0.000000, -1.576358, 0.000000, 3.152716, 1000
4.31, 0.000100, 0.200000, 0.470000, -9.810000, 6.000000, 0.000000, 0.000000, 0.000000, 10.000000, -1.000000, 1.000000, -1.000000, 0.100000, 0.000100, 1.000000, 0.001000, 0.000010, 0.000000, 0.000000, 0.950000, 0.000000, 3.152716, -0.000000, 175.662138, 0.000000, -1.414814, 0.000000, -40.162420, 1000, 0.000100, -1.000000, -1.000000, 0.100000, 0.000100, 5.000000, 1.000000, 0.001000, 0.000010, 0.000000, 0.000000, 0.950000, 5.000000, 0.000000, -40.147827, -0.000000, 175.739137, 1000, 0.000100, 2.000000, -1.000000, -1.000000, 0.100000, 0.000100, 1.000000, 0.001000, 0.000010, 0.000000, 0.000000, 0.950000, 0.000000, -1.495545, 0.000000, 2.991090, 1000
4.32, 0.000100, 0.200000, 0.470000, -9.810000, 6.000000, 0.000000, 0.000000, 0.000000, 10.000000, -1.000000, 1.000000, -1.000000, 0.100000, 0.000100, 1.000000, 0.001000, 0.000010, 0.000000, 0.000000, 0.950000, 0.000000, 2.991090, -0.000000, 175.739137, 0.000000, -1.334170, 0.000000, -40.176205, 1000, 0.000100, -1.000000, -1.000000, 0.100000, 0.000100, 5.000000, 1.000000, 0.001000, 0.000010, 0.000000, 0.000000, 0.950000, 5.000000, 0.000000, -40.162420, -0.000000, 175.812098, 1000, 0.000100, 2.000000, -1.000000, -1.000000, 0.100000, 0.000100, 1.000000, 0.001000, 0.000010, 0.000000, 0.000000, 0.950000, 0.000000, -1.414814, 0.000000, 2.829629, 1000
4.33, 0.000100, 0.200000, 0.470000, -9.810000, 6.000000, 0.000000, 0.000000, 0.000000, 10.000000, -1.000000, 1.000000, -1.000000, 0.100000, 0.000100, 1.000000, 0.001000, 0.000010, 0.000000, 0.000000, 0.950000, 0.000000, 2.829629, -0.000000, 175.812098, 0.000000, -1.253616, 0.000000, -40.189184, 1000, 0.000100, -1.000000, -1.000000, 0.100000, 0.000100, 5.000000, 1.000000, 0.001000, 0.000010, 0.000000, 0.000000, 0.950000, 5.000000, 0.000000, -40.176205, -0.000000, 175.881024, 1000, 0.000100, 2.000000, -1.000000, -1.000000, 0.100000, 0.000100, 1.000000, 0.001000, 0.000010, 0.000000, 0.000000, 0.950000, 0.000000, -1.334170, 0.000000, 2.668340, 1000
4.34, 0.000100, 0.200000, 0.470000, -9.810000, 6.000000, 0.000000, 0.000000, 0.000000, 10.000000, -1.000000, 1.000000, -1.000000, 0.100000, 0.000100, 1.000000, 0.001000, 0.000010, 0.000000, 0.000000, 0.950000, 0.000000, 2.668340, -0.000000, 175.881024, 0.000000, -1.173156, 0.000000, -40.201358, 1000, 0.000100, -1.000000, -1.000000, 0.100000, 0.000100, 5.000000, 1.000000, 0.001000, 0.000010, 0.000000, 0.000000, 0.950000, 5.000000, 0.000000, -40.189184, -0.000000, 175.945921, 1000, 0.000100, 2.000000, -1.000000, -1.000000, 0.100000, 0.000100, 1.000000, 0.001000, 0.000010, 0.000000, 0.000000, 0.950000, 0.000000, -1.253616, 0.000000, 2.507232, 1000
4.35, 0.000100, 0.200000, 0.470000, -9.810000, 6.000000, 0.000000, 0.000000, 0.000000, 10.000000, -1.000000, 1.000000, -1.000000, 0.100000, 0.000100, 1.000000, 0.001000, 0.000010, 0.000000, 0.000000, 0.950000, 0.000000, 2.507232, -0.000000, 175.945921, 0.000000, -1.092793, 0.000000, -40.212728, 1000, 0.000100, -1.000000, -1.000000, 0.100000, 0.000100, 5.000000, 1.000000, 0.001000, 0.000010, 0.000000, 0.000000, 0.950000, 5.000000, 0.000000, -40.201358, -0.000000, 176.006791, 1000, 0.000100, 2.000000, -1.000000, -1.000000, 0.100000, 0.000100, 1.000000, 0.001000, 0.000010, 0.000000, 0.000000, 0.950000, 0.000000, -1.173156, 0.000000, 2.346311, 1000
4.36, 0.000100, 0.200000, 0.470000, -9.810000, 6.000000, 0.000000, 0.000000, 0.000000, 10.000000, -1.000000, 1.000000, -1.000000, 0.100000, 0.000100, 1.000000, 0.001000, 0.000010, 0.000000, 0.000000, 0.950000, 0.000000, 2.346311, -0.000000, 176.006791, 0.000000, -1.012532, 0.000000, -40.223295, 1000, 0.000100, -1.000000, -1.000000, 0.100000, 0.000100, 5.000000, 1.000000, 0.001000, 0.000010, 0.000000, 0.000000, 0.950000, 5.000000, 0.000000, -40.212728, -0.000000, 176.063641, 1000, 0.000100, 2.000000, -1.000000, -1.000000, 0.100000, 0.000100, 1.000000, 0.001000, 0.000010, 0.000000, 0.000000, 0.950000, 0.000000, -1.092793, 0.000000, 2.185586, 1000
4.37, 0.000100, 0.200000, 0.470000, -9.810000, 6.000000, 0.000000, 0.000000, 0.000000, 10.000000, -1.000000, 1.000000, -1.000000, 0.100000, 0.000100, 1.000000, 0.001000, 0.000010, 0.000000, 0.000000, 0.950000, 0.000000, 2.185586, -0.000000, 176.063641, 0.000000, -0.932375, 0.000000, -40.233059, 1000, 0.000100, -1.000000, -1.000000, 0.100000, 0.000100, 5.000000, 1.000000, 0.001000, 0.000010, 0.000000, 0.000000, 0.950000, 5.000000, 0.000000, -40.223295, -0.000000, 176.116474, 1000, 0.000100, 2.000000, -1.000000, -1.000000, 0.100000, 0.000100, 1.000000, 0.001000, 0.000010, 0.000000, 0.000000, 0.950000, 0.000000, -1.012532, 0.000000, 2.025063, 1000
4.38, 0.000100, 0.200000, 0.470000, -9.810000, 6.000000, 0.000000, 0.000000, 0.000000, 10.000000, -1.000000, 1.000000, -1.000000, 0.100000, 0.000100, 1.000000, 0.001000, 0.000010, 0.000000, 0.000000, 0.950000, 0.000000, 2.025063, -0.000000, 176.116474, 0.000000, -0.852328, 0.000000, -40.242023, 1000, 0.000100, -1.000000, -1.000000, 0.100000, 0.000100, 5.000000, 1.000000, 0.001000, 0.000010, 0.000000, 0.000000, 0.950000, 5.000000, 0.000000, -40.233059, -0.000000, 176.165297, 1000, 0.000100, 2.000000, -1.000000, -1.000000, 0.100000, 0.000100, 1.000000, 0.001000, 0.000010, 0.000000, 0.000000, 0.950000, 0.000000, -0.932375, 0.000000, 1.864751, 1000
4.39, 0.000100, 0.200000, 0.470000, -9.810000, 6.000000, 0.000000, 0.000000, 0.000000, 10.000000, -1.000000, 1.000000, -1.000000, 0.100000, 0.000100, 1.000000, 0.001000, 0.000010, 0.000000, 0.000000, 0.950000, 0.000000, 1.864751, -0.000000, 176.165297, 0.000000, -0.772393, 0.000000, -40.250187, 1000, 0.000100, -1.000000, -1.000000, 0.100000, 0.000100, 5.000000, 1.000000, 0.001000, 0.000010, 0.000000, 0.000000, 0.950000, 5.000000, 0.000000, -40.242023, -0.000000, 176.210115, 1000, 0.000100, 2.000000, -1.000000, -1.000000, 0.100000, 0.000100, 1.000000, 0.001000, 0.000010, 0.000000, 0.000000, 0.950000, 0.000000, -0.852328, 0.000000, 1.704656, 1000
4.4, 0.000100, 0.200000, 0.470000, -9.810000, 6.000000, 0.000000, 0.000000, 0.000000, 10.000000, -1.000000, 1.000000, -1.000000, 0.100000, 0.000100, 1.000000, 0.001000, 0.000010, 0.000000, 0.000000, 0.950000, 0.000000, 1.704656, -0.000000, 176.210115, 0.000000, -0.692574, 0.000000, -40.257551, 1000, 0.000100, -1.000000, -1.000000, 0.100000, 0.000100, 5.000000, 1.000000, 0.001000, 0.000010, 0.000000, 0.000000, 0.950000, 5.000000, 0.000000, -40.250187, -0.000000, 176.250933, 1000, 0.000100, 2.000000, -1.000000, -1.000000, 0.100000, 0.000100, 1.000000, 0.001000, 0.000010, 0.000000, 0.000000, 0.950000, 0.000000, -0.772393, 0.000000, 1.544786, 1000
4.41, 0.000100, 0.200000, 0.470000, -9.810000, 6.000000, 0.000000, 0.000000, 0.000000, 10.000000, -1.000000, 1.000000, -1.000000, 0.100000, 0.000100, 1.000000, 0.001000, 0.000010, 0.000000, 0.000000, 0.950000, 0.000000, 1.544786, -0.000000, 176.250933, 0.000000, -0.612875, 0.000000, -40.264118, 1000, 0.000100, -1.000000, -1.000000, 0.100000, 0.000100, 5.000000, 1.000000, 0.001000, 0.000010, 0.000000, 0.000000, 0.950000, 5.000000, 0.000000, -40.257551, -0.000000, 176.287757, 1000, 0.000100, 2.000000, -1.000000, -1.000000, 0.100000, 0.000100, 1.000000, 0.001000, 0.000010, 0.000000, 0.000000, 0.950000, 0.000000, -0.692574, 0.000000, 1.385148, 1000
4.42, 0.000100, 0.200000, 0.470000, -9.810000, 6.000000, 0.000000, 0.000000, 0.000000, 10.000000, -1.000000, 1.000000, -1.000000, 0.100000, 0.000100, 1.000000, 0.001000, 0.000010, 0.000000, 0.000000, 0.950000, 0.000000, 1.385148, -0.000000, 176.287757, 0.000000, -0.533300, 0.000000, -40.269889, 1000, 0.000100, -1.000000, -1.000000, 0.100000, 0.000100, 5.000000, 1.000000, 0.001000, 0.000010, 0.000000, 0.000000, 0.950000, 5.000000, 0.000000, -40.264118, -0.000000, 176.320592, 1000, 0.000100, 2.000000, -1.000000, -1.000000, 0.100000, 0.000100, 1.000000, 0.001000, 0.000010, 0.000000, 0.000000, 0.950000, 0.000000, -0.612875, 0.000000, 1.225750, 1000
4.43, 0.000100, 0.200000, 0.470000, -9.810000, 6.000000, 0.000000, 0.000000, 0.000000, 10.000000, -1.000000, 1.000000, -1.000000, 0.100000, 0.000100, 1.000000, 0.001000, 0.000010, 0.000000, 0.000000, 0.950000, 0.000000, 1.225750, -0.000000, 176.320592, 0.000000, -0.453852, 0.000000, -40.274865, 1000, 0.000100, -1.000000, -1.000000, 0.100000, 0.000100, 5.000000, 1.000000, 0.001000, 0.000010, 0.000000, 0.000000, 0.950000, 5.000000, 0.000000, -40.269889, -0.000000, 176.349445, 1000, 0.000100, 2.000000, -1.000000, -1.000000, 0.100000, 0.000100, 1.000000, 0.001000, 0.000010, 0.000000, 0.000000, 0.950000, 0.000000, -0.533300, 0.000000, 1.066600, 1000
4.44, 0.000100, 0.200000, 0.470000, -9.810000, 6.000000, 0.000000, 0.000000, 0.000000, 10.000000, -1.000000, 1.000000, -1.000000, 0.100000, 0.000100, 1.000000, 0.001000, 0.000010, 0.000000, 0.000000, 0.950000, 0.000000, 1.066600, -0.000000, 176.349445, 0.000000, -0.374534, 0.000000, -40.279046, 1000, 0.000100, -1.000000, -1.000000, 0.100000, 0.000100, 5.000000, 1.000000, 0.001000, 0.000010, 0.000000, 0.000000, 0.950000, 5.000000, 0.000000, -40.274865, -0.000000, 176.374323, 1000, 0.000100, 2.000000, -1.000000, -1.000000, 0.100000, 0.000100, 1.000000, 0.001000, 0.000010, 0.000000, 0.000000, 0.950000, 0.000000, -0.453852, 0.000000, 0.907703, 1000
4.45, 0.000100, 0.200000, 0.470000, -9.810000, 6.000000, 0.000000, 0.000000, 0.000000, 10.000000, -1.000000, 1.000000, -1.000000, 0.100000, 0.000100, 1.000000, 0.001000, 0.000010, 0.000000, 0.000000, 0.950000, 0.000000, 0.907703, -0.000000, 176.374323, 0.000000, -0.295351, 0.000000, -40.282435, 1000, 0.000100, -1.000000, -1.000000, 0.100000, 0.000100, 5.000000, 1.000000, 0.001000, 0.000010, 0.000000, 0.000000, 0.950000, 5.000000, 0.000000, -40.279046, -0.000000, 176.395231, 1000, 0.000100, 2.000000, -1.000000, -1.000000, 0.100000, 0.000100, 1.000000, 0.001000, 0.000010, 0.000000, 0.000000, 0.950000, 0.000000, -0.374534, 0.000000, 0.749069, 1000
4.46, 0.000100, 0.200000, 0.470000, -9.810000, 6.000000, 0.000000, 0.000000, 0.000000, 10.000000, -1.000000, 1.000000, -1.000000, 0.100000, 0.000100, 1.000000, 0.001000, 0.000010, 0.000000, 0.000000, 0.950000, 0.000000, 0.749069, -0.000000, 176.395231, 0.000000, -0.216307, 0.000000, -40.285033, 1000, 0.000100, -1.000000, -1.000000, 0.100000, 0.000100, 5.000000, 1.000000, 0.001000, 0.000010, 0.000000, 0.000000, 0.950000, 5.000000, 0.000000, -40.282435, -0.000000, 176.412176, 1000, 0.000100, 2.000000, -1.000000, -1.000000, 0.100000, 0.000100, 1.000000, 0.001000, 0.000010, 0.000000, 0.000000, 0.950000, 0.000000, -0.295351, 0.000000, 0.590703, 1000
4.47, 0.000100, 0.200000, 0.470000, -9.810000, 6.000000, 0.000000, 0.000000, 0.000000, 10.000000, -1.000000, 1.000000, -1.000000, 0.100000, 0.000100, 1.000000, 0.001000, 0.000010, 0.000000, 0.000000, 0.950000, 0.000000, 0.590703, -0.000000, 176.412176, 0.000000, -0.137403, 0.000000, -40.286841, 1000, 0.000100, -1.000000, -1.000000, 0.100000, 0.000100, 5.000000, 1.000000, 0.001000, 0.000010, 0.000000, 0.000000, 0.950000, 5.000000, 0.000000, -40.285033, -0.000000, 176.425165, 1000, 0.000100, 2.000000, -1.000000, -1.000000, 0.100000, 0.000100, 1.000000, 0.001000, 0.000010, 0.000000, 0.000000, 0.950000, 0.000000, -0.216307, 0.000000, 0.432613, 1000
4.48, 0.000100, 0.200000, 0.470000, -9.810000, 6.000000, 0.000000, 0.000000, 0.000000, 10.000000, -1.000000, 1.000000, -1.000000, 0.100000, 0.000100, 1.000000, 0.001000, 0.000010, 0.000000, 0.000000, 0.950000, 0.000000, 0.432613, -0.000000, 176.425165, 0.000000, -0.058646, 0.000000, -40.287861, 1000, 0.000100, -1.000000, -1.000000, 0.100000, 0.000100, 5.000000, 1.000000, 0.001000, 0.000010, 0.000000, 0.000000, 0.950000, 5.000000, 0.000000, -40.286841, -0.000000, 176.434205, 1000, 0.000100, 2.000000, -1.000000, -1.000000, 0.100000, 0.000100, 1.000000, 0.001000, 0.000010, 0.000000, 0.000000, 0.950000, 0.000000, -0.137403, 0.000000, 0.274807, 1000
4.49, 0.000100, 0.200000, 0.470000, -9.810000, 6.000000, 0.000000, 0.000000, 0.000000, 10.000000, -1.000000, 1.000000, -1.000000, 0.100000, 0.000100, 1.000000, 0.001000, 0.000010, 0.000000, 0.000000, 0.950000, 0.000000, 0.274807, -0.000000, 176.434205, 0.000000, 0.019963, 0.000000, -40.288093, 1000, 0.000100, -1.000000, -1.000000, 0.100000, 0.000100, 5.000000, 1.000000, 0.001000, 0.000010, 0.000000, 0.000000, 0.950000, 5.000000, 0.000000, -40.287861, -0.000000, 176.439303, 1000, 0.000100, 2.000000, -1.000000, -1.000000, 0.100000, 0.000100, 1.000000, 0.001000, 0.000010, 0.000000, 0.000000, 0.950000, 0.000000, -0.058646, 0.000000, 0.117291, 1000
4.5, 0.000100, 0.200000, 0.470000, -9.810000, 6.000000, 0.000000, 0.000000, 0.000000, 10.000000, -1.000000, 1.000000, -1.000000, 0.100000, 0.000100, 1.000000, 0.001000, 0.000010, 0.000000, 0.000000, 0.950000, 0.000000, 0.117291, -0.000000, 176.439303, 0.000000, 0.098420, 0.000000, -40.287541, 1000, 0.000100, -1.000000, -1.000000, 0.100000, 0.000100, 5.000000, 1.000000, 0.001000, 0.000010, 0.000000, 0.000000, 0.950000, 5.000000, 0.000000, -40.288093, -0.000000, 176.440467, 1000, 0.000100, 2.000000, -1.000000, -1.000000, 0.100000, 0.000100, 1.000000, 0.001000, 0.000010, 0.000000, 0.000000, 0.950000, 0.000000, 0.019963, 0.000000, -0.039927, 1000
4.51, 0.000100, 0.200000, 0.470000, -9.810000, 6.000000, 0.000000, 0.000000, 0.000000, 10.000000, -1.000000, 1.000000, -1.000000, 0.100000, 0.000100, 1.000000, 0.001000, 0.000010, 0.000000, 0.000000, 0.950000, 0.000000, -0.039927, -0.000000, 176.440467, 0.000000, 0.176720, 0.000000, -40.286204, 1000, 0.000100, -1.000000, -1.000000, 0.100000, 0.000100, 5.000000, 1.000000, 0.001000, 0.000010, 0.000000, 0.000000, 0.950000, 5.000000, 0.000000, -40.287541, -0.000000, 176.437703, 1000, 0.000100, 2.000000, -1.000000, -1.000000, 0.100000, 0.000100, 1.000000, 0.001000, 0.000010, 0.000000, 0.000000, 0.950000, 0.000000, 0.098420, 0.000000, -0.196840, 1000
4.52, 0.000100, 0.200000, 0.470000, -9.810000, 6.000000, 0.000000, 0.000000, 0.000000, 10.000000, -1.000000, 1.000000, -1.000000, 0.100000, 0.000100, 1.000000, 0.001000, 0.000010, 0.000000, 0.000000, 0.950000, 0.000000, -0.196840, -0.000000, 176.437703, 0.000000, 0.254861, 0.000000, -40.284085, 1000, 0.000100, -1.000000, -1.000000, 0.100000, 0.000100, 5.000000, 1.000000, 0.001000, 0.000010, 0.000000, 0.000000, 0.950000, 5.000000, 0.000000, -40.286204, -0.000000, 176.431020, 1000, 0.000100, 2.000000, -1.000000, -1.000000, 0.100000, 0.000100, 1.000000, 0.001000, 0.000010, 0.000000, 0.000000, 0.950000, 0.000000, 0.176720, 0.000000, -0.353441, 1000
4.53, 0.000100, 0.200000, 0.470000, -9.810000, 6.000000, 0.000000, 0.000000, 0.000000, 10.000000, -1.000000, 1.000000, -1.000000, 0.100000, 0.000100, 1.000000, 0.001000, 0.000010, 0.000000, 0.000000, 0.950000, 0.000000, -0.353441, -0.000000, 176.431020, 0.000000, 0.332838, 0.000000, -40.281186, 1000, 0.000100, -1.000000, -1.000000, 0.100000, 0.000100, 5.000000, 1.000000, 0.001000, 0.000010, 0.000000, 0.000000, 0.950000, 5.000000, 0.000000, -40.284085, -0.000000, 176.420426, 1000, 0.000100, 2.000000, -1.000000, -1.000000, 0.100000, 0.000100, 1.000000, 0.001000, 0.000010, 0.000000, 0.000000, 0.950000, 0.000000, 0.254861, 0.000000, -0.509722, 1000
4.54, 0.000100, 0.200000, 0.470000, -9.810000, 6.000000, 0.000000, 0.000000, 0.000000, 10.000000, -1.000000, 1.000000, -1.000000, 0.100000, 0.000100, 1.000000, 0.001000, 0.000010, 0.000000, 0.000000, 0.950000, 0.000000, -0.509722, -0.000000, 176.420426, 0.000000, 0.410648, 0.000000, -40.277507, 1000, 0.000100, -1.000000, -1.000000, 0.100000, 0.000100, 5.000000, 1.000000, 0.001000, 0.000010, 0.000000, 0.000000, 0.950000, 5.000000, 0.000000, -40.281186, -0.000000, 176.405929, 1000, 0.000100, 2.000000, -1.000000, -1.000000, 0.100000, 0.000100, 1.000000, 0.001000, 0.000010, 0.000000, 0.000000, 0.950000, 0.000000, 0.332838, 0.000000, -0.665676, 1000
4.55, 0.000100, 0.200000, 0.470000, -9.810000, 6.000000, 0.000000, 0.000000, 0.000000, 10.000000, -1.000000, 1.000000, -1.000000, 0.100000, 0.000100, 1.000000, 0.001000, 0.000010, 0.000000, 0.000000, 0.950000, 0.000000, -0.665676, -0.000000, 176.405929, 0.000000, 0.488286, 0.000000, -40.273051, 1000, 0.000100, -1.000000, -1.000000, 0.100000, 0.000100, 5.000000, 1.000000, 0.001000, 0.000010, 0.000000, 0.000000, 0.950000, 5.000000, 0.000000, -40.277507, -0.000000, 176.387536, 1000, 0.000100, 2.000000, -1.000000, -1.000000, 0.100000, 0.000100, 1.000000, 0.001000, 0.000010, 0.000000, 0.000000, 0.950000, 0.000000, 0.410648, 0.000000, -0.821295, 1000
4.56, 0.000100, 0.200000, 0.470000, -9.810000, 6.000000, 0.000000, 0.000000, 0.000000, 10.000000, -1.000000, 1.000000, -1.000000, 0.100000, 0.000100, 1.000000, 0.001000, 0.000010, 0.000000, 0.000000, 0.950000, 0.000000, -0.821295, -0.000000, 176.387536, 0.000000, 0.565751, 0.000000, -40.267820, 1000, 0.000100, -1.000000, -1.000000, 0.100000, 0.000100, 5.000000, 1.000000, 0.001000, 0.000010, 0.000000, 0.000000, 0.950000, 5.000000, 0.000000, -40.273051, -0.000000, 176.365257, 1000, 0.000100, 2.000000, -1.000000, -1.000000, 0.100000, 0.000100, 1.000000, 0.001000, 0.000010, 0.000000, 0.000000, 0.950000, 0.000000, 0.488286, 0.000000, -0.976573, 1000
4.57, 0.000100, 0.200000, 0.470000, -9.810000, 6.000000, 0.000000, 0.000000, 0.000000, 10.000000, -1.000000, 1.000000, -1.000000, 0.100000, 0.000100, 1.000000, 0.001000, 0.000010, 0.000000, 0.000000, 0.950000, 0.000000, -0.976573, -0.000000, 176.365257, 0.000000, 0.643037, 0.000000, -40.261815, 1000, 0.000100, -1.000000, -1.000000, 0.100000, 0.000100, 5.000000, 1.000000, 0.001000, 0.000010, 0.000000, 0.000000, 0.950000, 5.000000, 0.000000, -40.267820, -0.000000, 176.339100, 1000, 0.000100, 2.000000, -1.000000, -1.000000, 0.100000, 0.000100, 1.000000, 0.001000, 0.000010, 0.000000, 0.000000, 0.950000, 0.000000, 0.565751, 0.000000, -1.131501, 1000
4.58, 0.000100, 0.200000, 0.470000, -9.810000, 6.000000, 0.000000, 0.000000, 0.000000, 10.000000, -1.000000, 1.000000, -1.000000, 0.100000, 0.000100, 1.000000, 0.001000, 0.000010, 0.000000, 0.000000, 0.950000, 0.000000, -1.131501, -0.000000, 176.339100, 0.000000, 0.720141, 0.000000, -40.255037, 1000, 0.000100, -1.000000, -1.000000, 0.100000, 0.000100, 5.000000, 1.000000, 0.001000, 0.000010, 0.000000, 0.000000, 0.950000, 5.000000, 0.000000, -40.261815, -0.000000, 176.309073, 1000, 0.000100, 2.000000, -1.000000, -1.000000, 0.100000, 0.000100, 1.000000, 0.001000, 0.000010, 0.000000, 0.000000, 0.950000, 0.000000, 0.643037, 0.000000, -1.286073, 1000
4.59, 0.000100, 0.200000, 0.470000, -9.810000, 6.000000, 0.000000, 0.000000, 0.000000, 10.000000, -1.000000, 1.000000, -1.000000, 0.100000, 0.000100, 1.000000, 0.001000, 0.000010, 0.000000, 0.000000, 0.950000, 0.000000, -1.286073, -0.000000, 176.309073, 0.000000, 0.797060, 0.000000, -40.247490, 1000, 0.000100, -1.000000, -1.000000, 0.100000, 0.000100, 5.000000, 1.000000, 0.001000, 0.000010, 0.000000, 0.000000, 0.950000, 5.000000, 0.000000, -40.255037, -0.000000, 176.275186, 1000, 0.000100, 2.000000, -1.000000, -1.000000, 0.100000, 0.000100, 1.000000, 0.001000, 0.000010, 0.000000, 0.000000, 0.950000, 0.000000, 0.720141, 0.000000, -1.440282, 1000
4.6, 0.000100, 0.200000, 0.470000, -9.810000, 6.000000, 0.000000, 0.000000, 0.000000, 10.000000, -1.000000, 1.000000, -1.000000, 0.100000, 0.000100, 1.000000, 0.001000, 0.000010, 0.000000, 0.000000, 0.950000, 0.000000, -1.440282, -0.000000, 176.275186, 0.000000, 0.873789, 0.000000, -40.239174, 1000, 0.000100, -1.000000, -1.000000, 0.100000, 0.000100, 5.000000, 1.000000, 0.001000, 0.000010, 0.000000, 0.000000, 0.950000, 5.000000, 0.000000, -40.247490, -0.000000, 176.237449, 1000, 0.000100, 2.000000, -1.000000, -1.000000, 0.100000, 0.000100, 1.000000, 0.001000, 0.000010, 0.000000, 0.000000, 0.950000, 0.000000, 0.797060, 0.000000, -1.594119, 1000
4.61, 0.000100, 0.200000, 0.470000, -9.810000, 6.000000, 0.000000, 0.000000, 0.000000, 10.000000, -1.000000, 1.000000, -1.000000, 0.100000, 0.000100, 1.000000, 0.001000, 0.000010, 0.000000, 0.000000, 0.950000, 0.000000, -1.594119, -0.000000, 176.237449, 0.000000, 0.950327, 0.000000, -40.230092, 1000, 0.000100, -1.000000, -1.000000, 0.100000, 0.000100, 5.000000, 1.000000, 0.001000, 0.000010, 0.000000, 0.000000, 0.950000, 5.000000, 0.000000, -40.239174, -0.000000, 176.195869, 1000, 0.000100, 2.000000, -1.000000, -1.000000, 0.100000, 0.000100, 1.000000, 0.001000, 0.000010, 0.000000, 0.000000, 0.950000, 0.000000, 0.873789, 0.000000, -1.747579, 1000
4.62, 0.000100, 0.200000, 0.470000, -9.810000, 6.000000, 0.000000, 0.000000, 0.000000, 10.000000, -1.000000, 1.000000, -1.000000, 0.100000, 0.000100, 1.000000, 0.001000, 0.000010, 0.000000, 0.000000, 0.950000, 0.000000, -1.747579, -0.000000, 176.195869, 0.000000, 1.026668, 0.000000, -40.220245, 1000, 0.000100, -1.000000, -1.000000, 0.100000, 0.000100, 5.000000, 1.000000, 0.001000, 0.000010, 0.000000, 0.000000, 0.950000, 5.000000, 0.000000, -40.230092, -0.000000, 176.150458, 1000, 0.000100, 2.000000, -1.000000, -1.000000, 0.100000, 0.000100, 1.000000, 0.001000, 0.000010, 0.000000, 0.000000, 0.950000, 0.000000, 0.950327, 0.000000, -1.900653, 1000
4.63, 0.000100, 0.200000, 0.470000, -9.810000, 6.000000, 0.000000, 0.000000, 0.000000, 10.000000, -1.000000, 1.000000, -1.000000, 0.100000, 0.000100, 1.000000, 0.001000, 0.000010, 0.000000, 0.000000, 0.950000, 0.000000, -1.900653, -0.000000, 176.150458, 0.000000, 1.102809, 0.000000, -40.209635, 1000, 0.000100, -1.000000, -1.000000, 0.100000, 0.000100, 5.000000, 1.000000, 0.001000, 0.000010, 0.000000, 0.000000, 0.950000, 5.000000, 0.000000, -40.220245, -0.000000, 176.101224, 1000, 0.000100, 2.000000, -1.000000, -1.000000, 0.100000, 0.000100, 1.000000, 0.001000, 0.000010, 0.000000, 0.000000, 0.950000, 0.000000, 1.026668, 0.000000, -2.053335, 1000
4.64, 0.000100, 0.200000, 0.470000, -9.810000, 6.000000, 0.000000, 0.000000, 0.000000, 10.000000, -1.000000, 1.000000, -1.000000, 0.100000, 0.000100, 1.000000, 0.001000, 0.000010, 0.000000, 0.000000, 0.950000, 0.000000, -2.053335, -0.000000, 176.101224, 0.000000, 1.178748, 0.000000, -40.198266, 1000, 0.000100, -1.000000, -1.000000, 0.100000, 0.000100, 5.000000, 1.000000, 0.001000, 0.000010, 0.000000, 0.000000, 0.950000, 5.000000, 0.000000, -40.209635, -0.000000, 176.048177, 1000, 0.000100, 2.000000, -1.000000, -1.000000, 0.100000, 0.000100, 1.000000, 0.001000, 0.000010, 0.000000, 0.000000, 0.950000, 0.000000, 1.102809, 0.000000, -2.205618, 1000
4.65, 0.000100, 0.200000, 0.470000, -9.810000, 6.000000, 0.000000, 0.000000, 0.000000, 10.000000, -1.000000, 1.000000, -1.000000, 0.100000, 0.000100, 1.000000, 0.001000, 0.000010, 0.000000, 0.000000, 0.950000, 0.000000, -2.205618, -0.000000, 176.048177, 0.000000, 1.254479, 0.000000, -40.186137, 1000, 0.000100, -1.000000, -1.000000, 0.100000, 0.000100, 5.000000, 1.000000, 0.001000, 0.000010, 0.000000, 0.000000, 0.950000, 5.000000, 0.000000, -40.198266, -0.000000, 175.991328, 1000, 0.000100, 2.000000, -1.000000, -1.000000, 0.100000, 0.000100, 1.000000, 0.001000, 0.000010, 0.000000, 0.000000, 0.950000, 0.000000, 1.178748, 0.000000, -2.357495, 1000
4.66, 0.000100, 0.200000, 0.470000, -9.810000, 6.000000, 0.000000, 0.000000, 0.000000, 10.000000, -1.000000, 1.000000, -1.000000, 0.100000, 0.000100, 1.000000, 0.001000, 0.000010, 0.000000, 0.000000, 0.950000, 0.000000, -2.357495, -0.000000, 175.991328, 0.000000, 1.330001, 0.000000, -40.173253, 1000, 0.000100, -1.000000, -1.000000, 0.100000, 0.000100, 5.000000, 1.000000, 0.001000, 0.000010, 0.000000, 0.000000, 0.950000, 5.000000, 0.000000, -40.186137, -0.000000, 175.930687, 1000, 0.000100, 2.000000, -1.000000, -1.000000, 0.100000, 0.000100, 1.000000, 0.001000, 0.000010, 0.000000, 0.000000, 0.950000, 0.000000, 1.254479, 0.000000, -2.508958, 1000
4.67, 0.000100, 0.200000, 0.470000, -9.810000, 6.000000, 0.000000, 0.000000, 0.000000, 10.000000, -1.000000, 1.000000, -1.000000, 0.100000, 0.000100, 1.000000, 0.001000, 0.000010, 0.000000, 0.000000, 0.950000, 0.000000, -2.508958, -0.000000, 175.930687, 0.000000, 1.405309, 0.000000, -40.159614, 1000, 0.000100, -1.000000, -1.000000, 0.100000, 0.000100, 5.000000, 1.000000, 0.001000, 0.000010, 0.000000, 0.000000, 0.950000, 5.000000, 0.000000, -40.173253, -0.000000, 175.866264, 1000, 0.000100, 2.000000, -1.000000, -1.000000, 0.100000, 0.000100, 1.000000, 0.001000, 0.000010, 0.000000, 0.000000, 0.950000, 0.000000, 1.330001, 0.000000, -2.660002, 1000
4.68, 0.000100, 0.200000, 0.470000, -9.810000, 6.000000, 0.000000, 0.000000, 0.000000, 10.000000, -1.000000, 1.000000, -1.000000, 0.100000, 0.000100, 1.000000, 0.001000, 0.000010, 0.000000, 0.000000, 0.950000, 0.000000, -2.660002, -0.000000, 175.866264, 0.000000, 1.480400, 0.000000, -40.145223, 1000, 0.000100, -1.000000, -1.000000, 0.100000, 0.000100, 5.000000, 1.000000, 0.001000, 0.000010, 0.000000, 0.000000, 0.950000, 5.000000, 0.000000, -40.159614, -0.000000, 175.798069, 1000, 0.000100, 2.000000, -1.000000, -1.000000, 0.100000, 0.000100, 1.000000, 0.001000, 0.000010, 0.000000, 0.000000, 0.950000, 0.000000, 1.405309, 0.000000, -2.810618, 1000
4.69, 0.000100, 0.200000, 0.470000, -9.810000, 6.000000, 0.000000, 0.000000, 0.000000, 10.000000, -1.000000, 1.000000, -1.000000, 0.100000, 0.000100, 1.000000, 0.001000, 0.000010, 0.000000, 0.000000, 0.950000, 0.000000, -2.810618, -0.000000, 175.798069, 0.000000, 1.555270, 0.000000, -40.130082, 1000, 0.000100, -1.000000, -1.000000, 0.100000, 0.000100, 5.000000, 1.000000, 0.001000, 0.000010, 0.000000, 0.000000, 0.950000, 5.000000, 0.000000, -40.145223, -0.000000, 175.726114, 1000, 0.000100, 2.000000, -1.000000, -1.000000, 0.100000, 0.000100, 1.000000, 0.001000, 0.000010, 0.000000, 0.000000, 0.950000, 0.000000, 1.480400, 0.000000, -2.960800, 1000
4.7, 0.000100, 0.200000, 0.470000, -9.810000, 6.000000, 0.000000, 0.000000, 0.000000, 10.000000, -1.000000, 1.000000, -1.000000, 0.100000, 0.000100, 1.000000, 0.001000, 0.000010, 0.000000, 0.000000, 0.950000, 0.000000, -2.960800, -0.000000, 175.726114, 0.000000, 1.629917, 0.000000, -40.114193, 1000, 0.000100, -1.000000, -1.000000, 0.100000, 0.000100, 5.000000, 1.000000, 0.001000, 0.000010, 0.000000, 0.000000, 0.950000, 5.000000, 0.000000, -40.130082, -0.000000, 175.650410, 1000, 0.000100, 2.000000, -1.000000, -1.000000, 0.100000, 0.000100, 1.000000, 0.001000, 0.000010, 0.000000, 0.000000, 0.950000, 0.000000, 1.555270, 0.000000, -3.110541, 1000
4.71, 0.000100, 0.200000, 0.470000, -9.810000, 6.000000, 0.000000, 0.000000, 0.000000, 10.000000, -1.000000, 1.000000, -1.000000, 0.100000, 0.000100, 1.000000, 0.001000, 0.000010, 0.000000, 0.000000, 0.950000, 0.000000, -3.110541, -0.000000, 175.650410, 0.000000, 1.704336, 0.000000, -40.097559, 1000, 0.000100, -1.000000, -1.000000, 0.100000, 0.000100, 5.000000, 1.000000, 0.001000, 0.000010, 0.000000, 0.000000, 0.950000, 5.000000, 0.000000, -40.114193, -0.000000, 175.570966, 1000, 0.000100, 2.000000, -1.000000, -1.000000, 0.100000, 0.000100, 1.000000, 0.001000, 0.000010, 0.000000, 0.000000, 0.950000, 0.000000, 1.629917, 0.000000, -3.259834, 1000
4.72, 0.000100, 0.200000, 0.470000, -9.810000, 6.000000, 0.000000, 0.000000, 0.000000, 10.000000, -1.000000, 1.000000, -1.000000, 0.100000, 0.000100, 1.000000, 0.001000, 0.000010, 0.000000, 0.000000, 0.950000, 0.000000, -3.259834, -0.000000, 175.570966, 0.000000, 1.778525, 0.000000, -40.080182, 1000, 0.000100, -1.000000, -1.000000, 0.100000, 0.000100, 5.000000, 1.000000, 0.001000, 0.000010, 0.000000, 0.000000, 0.950000, 5.000000, 0.000000, -40.097559, -0.000000, 175.487796, 1000, 0.000100, 2.000000, -1.000000, -1.000000, 0.100000, 0.000100, 1.000000, 0.001000, 0.000010, 0.000000, 0.000000, 0.950000, 0.000000, 1.704336, 0.000000, -3.408673, 1000
4.73, 0.000100, 0.200000, 0.470000, -9.810000, 6.000000, 0.000000, 0.000000, 0.000000, 10.000000, -1.000000, 1.000000, -1.000000, 0.100000, 0.000100, 1.000000, 0.001000, 0.000010, 0.000000, 0.000000, 0.950000, 0.000000, -3.408673, -0.000000, 175.487796, 0.000000, 1.852480, 0.000000, -40.062064, 1000, 0.000100, -1.000000, -1.000000, 0.100000, 0.000100, 5.000000, 1.000000, 0.001000, 0.000010, 0.000000, 0.000000, 0.950000, 5.000000, 0.000000, -40.080182, -0.000000, 175.400910, 1000, 0.000100, 2.000000, -1.000000, -1.000000, 0.100000, 0.000100, 1.000000, 0.001000, 0.000010, 0.000000, 0.000000, 0.950000, 0.000000, 1.778525, 0.000000, -3.557050, 1000
4.74, 0.000100, 0.200000, 0.470000, -9.810000, 6.000000, 0.000000, 0.000000, 0.000000, 10.000000, -1.000000, 1.000000, -1.000000, 0.100000, 0.000100, 1.000000, 0.001000, 0.000010, 0.000000, 0.000000, 0.950000, 0.000000, -3.557050, -0.000000, 175.400910, 0.000000, 1.926198, 0.000000, -40.043207, 1000, 0.000100, -1.000000, -1.000000, 0.100000, 0.000100, 5.000000, 1.000000, 0.001000, 0.000010, 0.000000, 0.000000, 0.950000, 5.000000, 0.000000, -40.062064, -0.000000, 175.310320, 1000, 0.000100, 2.000000, -1.000000, -1.000000, 0.100000, 0.000100, 1.000000, 0.001000, 0.000010, 0.000000, 0.000000, 0.950000, 0.000000, 1.852480, 0.000000, -3.704960, 1000
4.75, 0.000100, 0.200000, 0.470000, -9.810000, 6.000000, 0.000000, 0.000000, 0.000000, 10.000000, -1.000000, 1.000000, -1.000000, 0.100000, 0.000100, 1.000000, 0.001000, 0.000010, 0.000000, 0.000000, 0.950000, 0.000000, -3.704960, -0.000000, 175.310320, 0.000000, 1.999675, 0.000000, -40.023615, 1000, 0.000100, -1.000000, -1.000000, 0.100000, 0.000100, 5.000000, 1.000000, 0.001000, 0.000010, 0.000000, 0.000000, 0.950000, 5.000000, 0.000000, -40.043207, -0.000000, 175.216037, 1000, 0.000100, 2.000000, -1.000000, -1.000000, 0.100000, 0.000100, 1.000000, 0.001000, 0.000010, 0.000000, 0.000000, 0.950000, 0.000000, 1.926198, 0.000000, -3.852395, 1000
4.76, 0.000100, 0.200000, 0.470000, -9.810000, 6.000000, 0.000000, 0.000000, 0.000000, 10.000000, -1.000000, 1.000000, -1.000000, 0.100000, 0.000100, 1.000000, 0.001000, 0.000010, 0.000000, 0.000000, 0.950000, 0.000000, -3.852395, -0.000000, 175.216037, 0.000000, 2.072908, 0.000000, -40.003289, 1000, 0.000100, -1.000000, -1.000000, 0.100000, 0.000100, 5.000000, 1.000000, 0.001000, 0.000010, 0.000000, 0.000000, 0.950000, 5.000000, 0.000000, -40.023615, -0.000000, 175.118074, 1000, 0.000100, 2.000000, -1.000000, -1.000000, 0.100000, 0.000100, 1.000000, 0.001000, 0.000010, 0.000000, 0.000000, 0.950000, 0.000000, 1.999675, 0.000000, -3.999350, 1000
4.77, 0.000100, 0.200000, 0.470000, -9.810000, 6.000000, 0.000000, 0.000000, 0.000000, 10.000000, -1.000000, 1.000000, -1.000000, 0.100000, 0.000100, 1.000000, 0.001000, 0.000010, 0.000000, 0.000000, 0.950000, 0.000000, -3.999350, -0.000000, 175.118074, 0.000000, 2.145894, 0.000000, -39.982231, 1000, 0.000100, -1.000000, -1.000000, 0.100000, 0.000100, 5.000000, 1.000000, 0.001000, 0.000010, 0.000000, 0.000000, 0.950000, 5.000000, 0.000000, -40.003289, -0.000000, 175.016443, 1000, 0.000100, 2.000000, -1.000000, -1.000000, 0.100000, 0.000100, 1.000000, 0.001000, 0.000010, 0.000000, 0.000000, 0.950000, 0.000000, 2.072908, 0.000000, -4.145816, 1000
4.78, 0.000100, 0.200000, 0.470000, -9.810000, 6.000000, 0.000000, 0.000000, 0.000000, 10.000000, -1.000000, 1.000000, -1.000000, 0.100000, 0.000100, 1.000000, 0.001000, 0.000010, 0.000000, 0.000000, 0.950000, 0.000000, -4.145816, -0.000000, 175.016443, 0.000000, 2.218629, 0.000000, -39.960445, 1000, 0.000100, -1.000000, -1.000000, 0.100000, 0.000100, 5.000000, 1.000000, 0.001000, 0.000010, 0.000000, 0.000000, 0.950000, 5.000000, 0.000000, -39.982231, -0.000000, 174.911155, 1000, 0.000100, 2.000000, -1.000000, -1.000000, 0.100000, 0.000100, 1.000000, 0.001000, 0.000010, 0.000000, 0.000000, 0.950000, 0.000000, 2.145894, 0.000000, -4.291788, 1000
4.79, 0.000100, 0.200000, 0.470000, -9.810000, 6.000000, 0.000000, 0.000000, 0.000000, 10.000000, -1.000000, 1.000000, -1.000000, 0.100000, 0.000100, 1.000000, 0.001000, 0.000010, 0.000000, 0.000000, 0.950000, 0.000000, -4.291788, -0.000000, 174.911155, 0.000000, 2.291111, 0.000000, -39.937932, 1000, 0.000100, -1.000000, -1.000000, 0.100000, 0.000100, 5.000000, 1.000000, 0.001000, 0.000010, 0.000000, 0.000000, 0.950000, 5.000000, 0.000000, -39.960445, -0.000000, 174.802224, 1000, 0.000100, 2.000000, -1.000000, -1.000000, 0.100000, 0.000100, 1.000000, 0.001000, 0.000010, 0.000000, 0.000000, 0.950000, 0.000000, 2.218629, 0.000000, -4.437259, 1000
4.8, 0.000100, 0.200000, 0.470000, -9.810000, 6.000000, 0.000000, 0.000000, 0.000000, 10.000000, -1.000000, 1.000000, -1.000000, 0.100000, 0.000100, 1.000000, 0.001000, 0.000010, 0.000000, 0.000000, 0.950000, 0.000000, -4.437259, -0.000000, 174.802224, 0.000000, 2.363337, 0.000000, -39.914696, 1000, 0.000100, -1.000000, -1.000000, 0.100000, 0.000100, 5.000000, 1.000000, 0.001000, 0.000010, 0.000000, 0.000000, 0.950000, 5.000000, 0.000000, -39.937932, -0.000000, 174.689661, 1000, 0.000100, 2.000000, -1.000000, -1.000000, 0.100000, 0.000100, 1.000000, 0.001000, 0.000010, 0.000000, 0.000000, 0.950000, 0.000000, 2.291111, 0.000000, -4.582223, 1000
4.81, 0.000100, 0.200000, 0.470000, -9.810000, 6.000000, 0.000000, 0.000000, 0.000000, 10.000000, -1.000000, 1.000000, -1.000000, 0.100000, 0.000100, 1.000000, 0.001000, 0.000010, 0.000000, 0.000000, 0.950000, 0.000000, -4.582223, -0.000000, 174.689661, 0.000000, 2.435302, 0.000000, -39.890739, 1000, 0.000100, -1.000000, -1.000000, 0.100000, 0.000100, 5.000000, 1.000000, 0.001000, 0.000010, 0.000000, 0.000000, 0.950000, 5.000000, 0.000000, -39.914696, -0.000000, 174.573481, 1000, 0.000100, 2.000000, -1.000000, -1.000000, 0.100000, 0.000100, 1.000000, 0.001000, 0.000010, 0.000000, 0.000000, 0.950000, 0.000000, 2.363337, 0.000000, -4.726673, 1000
4.82, 0.000100, 0.200000, 0.470000, -9.810000, 6.000000, 0.000000, 0.000000, 0.000000, 10.000000, -1.000000, 1.000000, -1.000000, 0.100000, 0.000100, 1.000000, 0.001000, 0.000010, 0.000000, 0.000000, 0.950000, 0.000000, -4.726673, -0.000000, 174.573481, 0.000000, 2.507003, 0.000000, -39.866063, 1000, 0.000100, -1.000000, -1.000000, 0.100000, 0.000100, 5.000000, 1.000000, 0.001000, 0.000010, 0.000000, 0.000000, 0.950000, 5.000000, 0.000000, -39.890739, -0.000000, 174.453695, 1000, 0.000100, 2.000000, -1.000000, -1.000000, 0.100000, 0.000100, 1.000000, 0.001000, 0.000010, 0.000000, 0.000000, 0.950000, 0.000000, 2.435302, 0.000000, -4.870603, 1000
4.83, 0.000100, 0.200000, 0.470000, -9.810000, 6.000000, 0.000000, 0.000000, 0.000000, 10.000000, -1.000000, 1.000000, -1.000000, 0.100000, 0.000100, 1.000000, 0.001000, 0.000010, 0.000000, 0.000000, 0.950000, 0.000000, -4.870603, -0.000000, 174.453695, 0.000000, 2.578439, 0.000000, -39.840672, 1000, 0.000100, -1.000000, -1.000000, 0.100000, 0.000100, 5.000000, 1.000000, 0.001000, 0.000010, 0.000000, 0.000000, 0.950000, 5.000000, 0.000000, -39.866063, -0.000000, 174.330316, 1000, 0.000100, 2.000000, -1.000000, -1.000000, 0.100000, 0.000100, 1.000000, 0.001000, 0.000010, 0.000000, 0.000000, 0.950000, 0.000000, 2.507003, 0.000000, -5.014007, 1000
4.84, 0.000100, 0.200000, 0.470000, -9.810000, 6.000000, 0.000000, 0.000000, 0.000000, 10.000000, -1.000000, 1.000000, -1.000000, 0.100000, 0.000100, 1.000000, 0.001000, 0.000010, 0.000000, 0.000000, 0.950000, 0.000000, -5.014007, -0.000000, 174.330316, 0.000000, 2.649605, 0.000000, -39.814567, 1000, 0.000100, -1.000000, -1.000000, 0.100000, 0.000100, 5.000000, 1.000000, 0.001000, 0.000010, 0.000000, 0.000000, 0.950000, 5.000000, 0.000000, -39.840672, -0.000000, 174.203359, 1000, 0.000100, 2.000000, -1.000000, -1.000000, 0.100000, 0.000100, 1.000000, 0.001000, 0.000010, 0.000000, 0.000000, 0.950000, 0.000000, 2.578439, 0.000000, -5.156878, 1000
4.85, 0.000100, 0.200000, 0.470000, -9.810000, 6.000000, 0.000000, 0.000000, 0.000000, 10.000000, -1.000000, 1.000000, -1.000000, 0.100000, 0.000100, 1.000000, 0.001000, 0.000010, 0.000000, 0.000000, 0.950000, 0.000000, -5.156878, -0.000000, 174.203359, 0.000000, 2.720498, 0.000000, -39.787752, 1000, 0.000100, -1.000000, -1.000000, 0.100000, 0.000100, 5.000000, 1.000000, 0.001000, 0.000010, 0.000000, 0.000000, 0.950000, 5.000000, 0.000000, -39.814567, -0.000000, 174.072836, 1000, 0.000100, 2.000000, -1.000000, -1.000000, 0.100000, 0.000100, 1.000000, 0.001000, 0.000010, 0.000000, 0.000000, 0.950000, 0.000000, 2.649605, 0.000000, -5.299210, 1000
4.86, 0.000100, 0.200000, 0.470000, -9.810000, 6.000000, 0.000000, 0.000000, 0.000000, 10.000000, -1.000000, 1.000000, -1.000000, 0.100000, 0.000100, 1.000000, 0.001000, 0.000010, 0.000000, 0.000000, 0.950000, 0.000000, -5.299210, -0.000000, 174.072836, 0.000000, 2.791116, 0.000000, -39.760229, 1000, 0.000100, -1.000000, -1.000000, 0.100000, 0.000100, 5.000000, 1.000000, 0.001000, 0.000010, 0.000000, 0.000000, 0.950000, 5.000000, 0.000000, -39.787752, -0.000000, 173.938760, 1000, 0.000100, 2.000000, -1.000000, -1.000000, 0.100000, 0.000100, 1.000000, 0.001000, 0.000010, 0.000000, 0.000000, 0.950000, 0.000000, 2.720498, 0.000000, -5.440997, 1000
4.87, 0.000100, 0.200000, 0.470000, -9.810000, 6.000000, 0.000000, 0.000000, 0.000000, 10.000000, -1.000000, 1.000000, -1.000000, 0.100000, 0.000100, 1.000000, 0.001000, 0.000010, 0.000000, 0.000000, 0.950000, 0.000000, -5.440997, -0.000000, 173.938760, 0.000000, 2.861455, 0.000000, -39.732002, 1000, 0.000100, -1.000000, -1.000000, 0.100000, 0.000100, 5.000000, 1.000000, 0.001000, 0.000010, 0.000000, 0.000000, 0.950000, 5.000000, 0.000000, -39.760229, -0.000000, 173.801146, 1000, 0.000100, 2.000000, -1.000000, -1.000000, 0.100000, 0.000100, 1.000000, 0.001000, 0.000010, 0.000000, 0.000000, 0.950000, 0.000000, 2.791116, 0.000000, -5.582232, 1000
4.88, 0.000100, 0.200000, 0.470000, -9.810000, 6.000000, 0.000000, 0.000000, 0.000000, 10.000000, -1.000000, 1.000000, -1.000000, 0.100000, 0.000100, 1.000000, 0.001000, 0.000010, 0.000000, 0.000000, 0.950000, 0.000000, -5.582232, -0.000000, 173.801146, 0.000000, 2.931512, 0.000000, -39.703072, 1000, 0.000100, -1.000000, -1.000000, 0.100000, 0.000100, 5.000000, 1.000000, 0.001000, 0.000010, 0.000000, 0.000000, 0.950000, 5.000000, 0.000000, -39.732002, -0.000000, 173.660008, 1000, 0.000100, 2.000000, -1.000000, -1.000000, 0.100000, 0.000100, 1.000000, 0.001000, 0.000010, 0.000000, 0.000000, 0.950000, 0.000000, 2.861455, 0.000000, -5.722910, 1000
4.89, 0.000100, 0.200000, 0.470000, -9.810000, 6.000000, 0.000000, 0.000000, 0.000000, 10.000000, -1.000000, 1.000000, -1.000000, 0.100000, 0.000100, 1.000000, 0.001000, 0.000010, 0.000000, 0.000000, 0.950000, 0.000000, -5.722910, -0.000000, 173.660008, 0.000000, 3.001284, 0.000000, -39.673443, 1000, 0.000100, -1.000000, -1.000000, 0.100000, 0.000100, 5.000000, 1.000000, 0.001000, 0.000010, 0.000000, 0.000000, 0.950000, 5.000000, 0.000000, -39.703072, -0.000000, 173.515359, 1000, 0.000100, 2.000000, -1.000000, -1.000000, 0.100000, 0.000100, 1.000000, 0.001000, 0.000010, 0.000000, 0.000000, 0.950000, 0.000000, 2.931512, 0.000000, -5.863024, 1000
4.9, 0.000100, 0.200000, 0.470000, -9.810000, 6.000000, 0.000000, 0.000000, 0.000000, 10.000000, -1.000000, 1.000000, -1.000000, 0.100000, 0.000100, 1.000000, 0.001000, 0.000010, 0.000000, 0.000000, 0.950000, 0.000000, -5.863024, -0.000000, 173.515359, 0.000000, 3.070769, 0.000000, -39.643117, 1000, 0.000100, -1.000000, -1.000000, 0.100000, 0.000100, 5.000000, 1.000000, 0.001000, 0.000010, 0.000000, 0.000000, 0.950000, 5.000000, 0.000000, -39.673443, -0.000000, 173.367213, 1000, 0.000100, 2.000000, -1.000000, -1.000000, 0.100000, 0.000100, 1.000000, 0.001000, 0.000010, 0.000000, 0.000000, 0.950000, 0.000000, 3.001284, 0.000000, -6.002569, 1000
4.91, 0.000100, 0.200000, 0.470000, -9.810000, 6.000000, 0.000000, 0.000000, 0.000000, 10.000000, -1.000000, 1.000000, -1.000000, 0.100000, 0.000100, 1.000000, 0.001000, 0.000010, 0.000000, 0.000000, 0.950000, 0.000000, -6.002569, -0.000000, 173.367213, 0.000000, 3.139962, 0.000000, -39.612098, 1000, 0.000100, -1.000000, -1.000000, 0.100000, 0.000100, 5.000000, 1.000000, 0.001000, 0.000010, 0.000000, 0.000000, 0.950000, 5.000000, 0.000000, -39.643117, -0.000000, 173.215586, 1000, 0.000100, 2.000000, -1.000000, -1.000000, 0.100000, 0.000100, 1.000000, 0.001000, 0.000010, 0.000000, 0.000000, 0.950000, 0.000000, 3.070769, 0.000000, -6.141538, 1000
4.92, 0.000100, 0.200000, 0.470000, -9.810000, 6.000000, 0.000000, 0.000000, 0.000000, 10.000000, -1.000000, 1.000000, -1.000000, 0.100000, 0.000100, 1.000000, 0.001000, 0.000010, 0.000000, 0.000000, 0.950000, 0.000000, -6.141538, -0.000000, 173.215586, 0.000000, 3.208862, 0.000000, -39.580388, 1000, 0.000100, -1.000000, -1.000000, 0.100000, 0.000100, 5.000000, 1.000000, 0.001000, 0.000010, 0.000000, 0.000000, 0.950000, 5.000000, 0.000000, -39.612098, -0.000000, 173.060491, 1000, 0.000100, 2.000000, -1.000000, -1.000000, 0.100000, 0.000100, 1.000000, 0.001000, 0.000010, 0.000000, 0.000000, 0.950000, 0.000000, 3.139962, 0.000000, -6.279925, 1000
4.93, 0.000100, 0.200000, 0.470000, -9.810000, 6.000000, 0.000000, 0.000000, 0.000000, 10.000000, -1.000000, 1.000000, -1.000000, 0.100000, 0.000100, 1.000000, 0.001000, 0.000010, 0.000000, 0.000000, 0.950000, 0.000000, -6.279925, -0.000000, 173.060491, 0.000000, 3.277465, 0.000000, -39.547991, 1000, 0.000100, -1.000000, -1.000000, 0.100000, 0.000100, 5.000000, 1.000000, 0.001000, 0.000010, 0.000000, 0.000000, 0.950000, 5.000000, 0.000000, -39.580388, -0.000000, 172.901942, 1000, 0.000100, 2.000000, -1.000000, -1.000000, 0.100000, 0.000100, 1.000000, 0.001000, 0.000010, 0.000000, 0.000000, 0.950000, 0.000000, 3.208862, 0.000000, -6.417724, 1000
4.94, 0.000100, 0.200000, 0.470000, -9.810000, 6.000000, 0.000000, 0.000000, 0.000000, 10.000000, -1.000000, 1.000000, -1.000000, 0.100000, 0.000100, 1.000000, 0.001000, 0.000010, 0.000000, 0.000000, 0.950000, 0.000000, -6.417724, -0.000000, 172.901942, 0.000000, 3.345769, 0.000000, -39.514909, 1000, 0.000100, -1.000000, -1.000000, 0.100000, 0.000100, 5.000000, 1.000000, 0.001000, 0.000010, 0.000000, 0.000000, 0.950000, 5.000000, 0.000000, -39.547991, -0.000000, 172.739955, 1000, 0.000100, 2.000000, -1.000000, -1.000000, 0.100000, 0.000100, 1.000000, 0.001000, 0.000010, 0.000000, 0.000000, 0.950000, 0.000000, 3.277465, 0.000000, -6.554931, 1000
4.95, 0.000100, 0.200000, 0.470000, -9.810000, 6.000000, 0.000000, 0.000000, 0.000000, 10.000000, -1.000000, 1.000000, -1.000000, 0.100000, 0.000100, 1.000000, 0.001000, 0.000010, 0.000000, 0.000000, 0.950000, 0.000000, -6.554931, -0.000000, 172.739955, 0.000000, 3.413770, 0.000000, -39.481145, 1000, 0.000100, -1.000000, -1.000000, 0.100000, 0.000100, 5.000000, 1.000000, 0.001000, 0.000010, 0.000000, 0.000000, 0.950000, 5.000000, 0.000000, -39.514909, -0.000000, 172.574545, 1000, 0.000100, 2.000000, -1.000000, -1.000000, 0.100000, 0.000100, 1.000000, 0.001000, 0.000010, 0.000000, 0.000000, 0.950000, 0.000000, 3.345769, 0.000000, -6.691537, 1000
4.96, 0.000100, 0.200000, 0.470000, -9.810000, 6.000000, 0.000000, 0.000000, 0.000000, 10.000000, -1.000000, 1.000000, -1.000000, 0.100000, 0.000100, 1.000000, 0.001000, 0.000010, 0.000000, 0.000000, 0.950000, 0.000000, -6.691537, -0.000000, 172.574545, 0.000000, 3.481465, 0.000000, -39.446703, 1000, 0.000100, -1.000000, -1.000000, 0.100000, 0.000100, 5.000000, 1.000000, 0.001000, 0.000010, 0.000000, 0.000000, 0.950000, 5.000000, 0.000000, -39.481145, -0.000000, 172.405727, 1000, 0.000100, 2.000000, -1.000000, -1.000000, 0.100000, 0.000100, 1.000000, 0.001000, 0.000010, 0.000000, 0.000000, 0.950000, 0.000000, 3.413770, 0.000000, -6.827539, 1000
4.97, 0.000100, 0.200000, 0.470000, -9.810000, 6.000000, 0.000000, 0.000000, 0.000000, 10.000000, -1.000000, 1.000000, -1.000000, 0.100000, 0.000100, 1.000000, 0.001000, 0.000010, 0.000000, 0.000000, 0.950000, 0.000000, -6.827539, -0.000000, 172.405727, 0.000000, 3.548852, 0.000000, -39.411585, 1000, 0.000100, -1.000000, -1.000000, 0.100000, 0.000100, 5.000000, 1.000000, 0.001000, 0.000010, 0.000000, 0.000000, 0.950000, 5.000000, 0.000000, -39.446703, -0.000000, 172.233515, 1000, 0.000100, 2.000000, -1.000000, -1.000000, 0.100000, 0.000100, 1.000000, 0.001000, 0.000010, 0.000000, 0.000000, 0.950000, 0.000000, 3.481465, 0.000000, -6.962930, 1000
4.98, 0.000100, 0.200000, 0.470000, -9.810000, 6.000000, 0.000000, 0.000000, 0.000000, 10.000000, -1.000000, 1.000000, -1.000000, 0.100000, 0.000100, 1.000000, 0.001000, 0.000010, 0.000000, 0.000000, 0.950000, 0.000000, -6.962930, -0.000000, 172.233515, 0.000000, 3.615928, 0.000000, -39.375795, 1000, 0.000100, -1.000000, -1.000000, 0.100000, 0.000100, 5.000000, 1.000000, 0.001000, 0.000010, 0.000000, 0.000000, 0.950000, 5.000000, 0.000000, -39.411585, -0.000000, 172.057926, 1000, 0.000100, 2.000000, -1.000000, -1.000000, 0.100000, 0.000100, 1.000000, 0.001000, 0.000010, 0.000000, 0.000000, 0.950000, 0.000000, 3.548852, 0.000000, -7.097704, 1000
4.99, 0.000100, 0.200000, 0.470000, -9.810000, 6.000000, 0.000000, 0.000000, 0.000000, 10.000000, -1.000000, 1.000000, -1.000000, 0.100000, 0.000100, 1.000000, 0.001000, 0.000010, 0.000000, 0.000000, 0.950000, 0.000000, -7.097704, -0.000000, 172.057926, 0.000000, 3.682690, 0.000000, -39.339335, 1000, 0.000100, -1.000000, -1.000000, 0.100000, 0.000100, 5.000000, 1.000000, 0.001000, 0.000010, 0.000000, 0.000000, 0.950000, 5.000000, 0.000000, -39.375795, -0.000000, 171.878974, 1000, 0.000100, 2.000000, -1.000000, -1.000000, 0.100000, 0.000100, 1.000000, 0.001000, 0.000010, 0.000000, 0.000000, 0.950000, 0.000000, 3.615928, 0.000000, -7.231856, 1000
5, 0.000100, 0.200000, 0.470000, -9.810000, 6.000000, 0.000000, 0.000000, 0.000000, 10.000000, -1.000000, 1.000000, -1.000000, 0.100000, 0.000100, 1.000000, 0.001000, 0.000010, 0.000000, 0.000000, 0.950000, 0.000000, -7.231856, -0.000000, 171.878974, 0.000000, 3.749136, 0.000000, -39.302209, 1000, 0.000100, -1.000000, -1.000000, 0.100000, 0.000100, 5.000000, 1.000000, 0.001000, 0.000010, 0.000000, 0.000000, 0.950000, 5.000000, 0.000000, -39.339335, -0.000000, 171.696675, 1000, 0.000100, 2.000000, -1.000000, -1.000000, 0.100000, 0.000100, 1.000000, 0.001000, 0.000010, 0.000000, 0.000000, 0.950000, 0.000000, 3.682690, 0.000000, -7.365380, 1000
5.01, 0.000100, 0.200000, 0.470000, -9.810000, 6.000000, 0.000000, 0.000000, 0.000000, 10.000000, -1.000000, 1.000000, -1.000000, 0.100000, 0.000100, 1.000000, 0.001000, 0.000010, 0.000000, 0.000000, 0.950000, 0.000000, -7.365380, -0.000000, 171.696675, 0.000000, 3.815261, 0.000000, -39.264420, 1000, 0.000100, -1.000000, -1.000000, 0.100000, 0.000100, 5.000000, 1.000000, 0.001000, 0.000010, 0.000000, 0.000000, 0.950000, 5.000000, 0.000000, -39.302209, -0.000000, 171.511046, 1000, 0.000100, 2.000000, -1.000000, -1.000000, 0.100000, 0.000100, 1.000000, 0.001000, 0.000010, 0.000000, 0.000000, 0.950000, 0.000000, 3.749136, 0.000000, -7.498271, 1000
5.02, 0.000100, 0.200000, 0.470000, -9.810000, 6.000000, 0.000000, 0.000000, 0.000000, 10.000000, -1.000000, 1.000000, -1.000000, 0.100000, 0.000100, 1.000000, 0.001000, 0.000010, 0.000000, 0.000000, 0.950000, 0.000000, -7.498271, -0.000000, 171.511046, 0.000000, 3.881065, 0.000000, -39.225972, 1000, 0.000100, -1.000000, -1.000000, 0.100000, 0.000100, 5.000000, 1.000000, 0.001000, 0.000010, 0.000000, 0.000000, 0.950000, 5.000000, 0.000000, -39.264420, -0.000000, 171.322101, 1000, 0.000100, 2.000000, -1.000000, -1.000000, 0.100000, 0.000100, 1.000000, 0.001000, 0.000010, 0.000000, 0.000000, 0.950000, 0.000000, 3.815261, 0.000000, -7.630523, 1000
5.03, 0.000100, 0.200000, 0.470000, -9.810000, 6.000000, 0.000000, 0.000000, 0.000000, 10.000000, -1.000000, 1.000000, -1.000000, 0.100000, 0.000100, 1.000000, 0.001000, 0.000010, 0.000000, 0.000000, 0.950000, 0.000000, -7.630523, -0.000000, 171.322101, 0.000000, 3.946544, 0.000000, -39.186866, 1000, 0.000100, -1.000000, -1.000000, 0.100000, 0.000100, 5.000000, 1.000000, 0.001000, 0.000010, 0.000000, 0.000000, 0.950000, 5.000000, 0.000000, -39.225972, -0.000000, 171.129858, 1000, 0.000100, 2.000000, -1.000000, -1.000000, 0.100000, 0.000100, 1.000000, 0.001000, 0.000010, 0.000000, 0.000000, 0.950000, 0.000000, 3.881065, 0.000000, -7.762130, 1000
5.04, 0.000100, 0.200000, 0.470000, -9.810000, 6.000000, 0.000000, 0.000000, 0.000000, 10.000000, -1.000000, 1.000000, -1.000000, 0.100000, 0.000100, 1.000000, 0.001000, 0.000010, 0.000000, 0.000000, 0.950000, 0.000000, -7.762130, -0.000000, 171.129858, 0.000000, 4.011695, 0.000000, -39.147108, 1000, 0.000100, -1.000000, -1.000000, 0.100000, 0.000100, 5.000000, 1.000000, 0.001000, 0.000010, 0.000000, 0.000000, 0.950000, 5.000000, 0.000000, -39.186866, -0.000000, 170.934331, 1000, 0.000100, 2.000000, -1.000000, -1.000000, 0.100000, 0.000100, 1.000000, 0.001000, 0.000010, 0.000000, 0.000000, 0.950000, 0.000000, 3.946544, 0.000000, -7.893087, 1000
5.05, 0.000100, 0.200000, 0.470000, -9.810000, 6.000000, 0.000000, 0.000000, 0.000000, 10.000000, -1.000000, 1.000000, -1.000000, 0.100000, 0.000100, 1.000000, 0.001000, 0.000010, 0.000000, 0.000000, 0.950000, 0.000000, -7.893087, -0.000000, 170.934331, 0.000000, 4.076515, 0.000000, -39.106699, 1000, 0.000100, -1.000000, -1.000000, 0.100000, 0.000100, 5.000000, 1.000000, 0.001000, 0.000010, 0.000000, 0.000000, 0.950000, 5.000000, 0.000000, -39.147108, -0.000000, 170.735538, 1000, 0.000100, 2.000000, -1.000000, -1.000000, 0.100000, 0.000100, 1.000000, 0.001000, 0.000010, 0.000000, 0.000000, 0.950000, 0.000000, 4.011695, 0.000000, -8.023390, 1000
5.06, 0.000100, 0.200000, 0.470000, -9.810000, 6.000000, 0.000000, 0.000000, 0.000000, 10.000000, -1.000000, 1.000000, -1.000000, 0.100000, 0.000100, 1.000000, 0.001000, 0.000010, 0.000000, 0.000000, 0.950000, 0.000000, -8.023390, -0.000000, 170.735538, 0.000000, 4.141003, 0.000000, -39.065644, 1000, 0.000100, -1.000000, -1.000000, 0.100000, 0.000100, 5.000000, 1.000000, 0.001000, 0.000010, 0.000000, 0.000000, 0.950000, 5.000000, 0.000000, -39.106699, -0.000000, 170.533495, 1000, 0.000100, 2.000000, -1.000000, -1.000000, 0.100000, 0.000100, 1.000000, 0.001000, 0.000010, 0.000000, 0.000000, 0.950000, 0.000000, 4.076515, 0.000000, -8.153031, 1000
5.07, 0.000100, 0.200000, 0.470000, -9.810000, 6.000000, 0.000000, 0.000000, 0.000000, 10.000000, -1.000000, 1.000000, -1.000000, 0.100000, 0.000100, 1.000000, 0.001000, 0.000010, 0.000000, 0.000000, 0.950000, 0.000000, -8.153031, -0.000000, 170.533495, 0.000000, 4.205155, 0.000000, -39.023945, 1000, 0.000100, -1.000000, -1.000000, 0.100000, 0.000100, 5.000000, 1.000000, 0.001000, 0.000010, 0.000000, 0.000000, 0.950000, 5.000000, 0.000000, -39.065644, -0.000000, 170.328218, 1000, 0.000100, 2.000000, -1.000000, -1.000000, 0.100000, 0.000100, 1.000000, 0.001000, 0.000010, 0.000000, 0.000000, 0.950000, 0.000000, 4.141003, 0.000000, -8.282006, 1000
5.08, 0.000100, 0.200000, 0.470000, -9.810000, 6.000000, 0.000000, 0.000000, 0.000000, 10.000000, -1.000000, 1.000000, -1.000000, 0.100000, 0.000100, 1.000000, 0.001000, 0.000010, 0.000000, 0.000000, 0.950000, 0.000000, -8.282006, -0.000000, 170.328218, 0.000000, 4.268969, 0.000000, -38.981606, 1000, 0.000100, -1.000000, -1.000000, 0.100000, 0.000100, 5.000000, 1.000000, 0.001000, 0.000010, 0.000000, 0.000000, 0.950000, 5.000000, 0.000000, -39.023945, -0.000000, 170.119724, 1000, 0.000100, 2.000000, -1.000000, -1.000000, 0.100000, 0.000100, 1.000000, 0.001000, 0.000010, 0.000000, 0.000000, 0.950000, 0.000000, 4.205155, 0.000000, -8.410310, 1000
5.09, 0.000100, 0.200000, 0.470000, -9.810000, 6.000000, 0.000000, 0.000000, 0.000000, 10.000000, -1.000000, 1.000000, -1.000000, 0.100000, 0.000100, 1.000000, 0.001000, 0.000010, 0.000000, 0.000000, 0.950000, 0.000000, -8.410310, -0.000000, 170.119724, 0.000000, 4.332442, 0.000000, -38.938631, 1000, 0.000100, -1.000000, -1.000000, 0.100000, 0.000100, 5.000000, 1.000000, 0.001000, 0.000010, 0.000000, 0.000000, 0.950000, 5.000000, 0.000000, -38.981606, -0.000000, 169.908031, 1000, 0.000100, 2.000000, -1.000000, -1.000000, 0.100000, 0.000100, 1.000000, 0.001000, 0.000010, 0.000000, 0.000000, 0.950000, 0.000000, 4.268969, 0.000000, -8.537938, 1000
5.1, 0.000100, 0.200000, 0.470000, -9.810000, 6.000000, 0.000000, 0.000000, 0.000000, 10.000000, -1.000000, 1.000000, -1.000000, 0.100000, 0.000100, 1.000000, 0.001000, 0.000010, 0.000000, 0.000000, 0.950000, 0.000000, -8.537938, -0.000000, 169.908031, 0.000000, 4.395572, 0.000000, -38.895022, 1000, 0.000100, -1.000000, -1.000000, 0.100000, 0.000100, 5.000000, 1.000000, 0.001000, 0.000010, 0.000000, 0.000000, 0.950000, 5.000000, 0.000000, -38.938631, -0.000000, 169.693154, 1000, 0.000100, 2.000000, -1.000000, -1.000000, 0.100000, 0.000100, 1.000000, 0.001000, 0.000010, 0.000000, 0.000000, 0.950000, 0.000000, 4.332442, 0.000000, -8.664884, 1000
5.11, 0.000100, 0.200000, 0.470000, -9.810000, 6.000000, 0.000000, 0.000000, 0.000000, 10.000000, -1.000000, 1.000000, -1.000000, 0.100000, 0.000100, 1.000000, 0.001000, 0.000010, 0.000000, 0.000000, 0.950000, 0.000000, -8.664884, -0.000000, 169.693154, 0.000000, 4.458356, 0.000000, -38.850784, 1000, 0.000100, -1.000000, -1.000000, 0.100000, 0.000100, 5.000000, 1.000000, 0.001000, 0.000010, 0.000000, 0.000000, 0.950000, 5.000000, 0.000000, -38.895022, -0.000000, 169.475112, 1000, 0.000100, 2.000000, -1.000000, -1.000000, 0.100000, 0.000100, 1.000000, 0.001000, 0.000010, 0.000000, 0.000000, 0.950000, 0.000000, 4.395572, 0.000000, -8.791144, 1000
5.12, 0.000100, 0.200000, 0.470000, -9.810000, 6.000000, 0.000000, 0.000000, 0.000000, 10.000000, -1.000000, 1.000000, -1.000000, 0.100000, 0.000100, 1.000000, 0.001000, 0.000010, 0.000000, 0.000000, 0.950000, 0.000000, -8.791144, -0.000000, 169.475112, 0.000000, 4.520791, 0.000000, -38.805920, 1000, 0.000100, -1.000000, -1.000000, 0.100000, 0.000100, 5.000000, 1.000000, 0.001000, 0.000010, 0.000000, 0.000000, 0.950000, 5.000000, 0.000000, -38.850784, -0.000000, 169.253920, 1000, 0.000100, 2.000000, -1.000000, -1.000000, 0.100000, 0.000100, 1.000000, 0.001000, 0.000010, 0.000000, 0.000000, 0.950000, 0.000000, 4.458356, 0.000000, -8.916711, 1000
5.13, 0.000100, 0.200000, 0.470000, -9.810000, 6.000000, 0.000000, 0.000000, 0.000000, 10.000000, -1.000000, 1.000000, -1.000000, 0.100000, 0.000100, 1.000000, 0.001000, 0.000010, 0.000000, 0.000000, 0.950000, 0.000000, -8.916711, -0.000000, 169.253920, 0.000000, 4.582875, 0.000000, -38.760432, 1000, 0.000100, -1.000000, -1.000000, 0.100000, 0.000100, 5.000000, 1.000000, 0.001000, 0.000010, 0.000000, 0.000000, 0.950000, 5.000000, 0.000000, -38.805920, -0.000000, 169.029598, 1000, 0.000100, 2.000000, -1.000000, -1.000000, 0.100000, 0.000100, 1.000000, 0.001000, 0.000010, 0.000000, 0.000000, 0.950000, 0.000000, 4.520791, 0.000000, -9.041582, 1000
5.14, 0.000100, 0.200000, 0.470000, -9.810000, 6.000000, 0.000000, 0.000000, 0.000000, 10.000000, -1.000000, 1.000000, -1.000000, 0.100000, 0.000100, 1.000000, 0.001000, 0.000010, 0.000000, 0.000000, 0.950000, 0.000000, -9.041582, -0.000000, 169.029598, 0.000000, 4.644607, 0.000000, -38.714326, 1000, 0.000100, -1.000000, -1.000000, 0.100000, 0.000100, 5.000000, 1.000000, 0.001000, 0.000010, 0.000000, 0.000000, 0.950000, 5.000000, 0.000000, -38.760432, -0.000000, 168.802161, 1000, 0.000100, 2.000000, -1.000000, -1.000000, 0.100000, 0.000100, 1.000000, 0.001000, 0.000010, 0.000000, 0.000000, 0.950000, 0.000000, 4.582875, 0.000000, -9.165751, 1000
5.15, 0.000100, 0.200000, 0.470000, -9.810000, 6.000000, 0.000000, 0.000000, 0.000000, 10.000000, -1.000000, 1.000000, -1.000000, 0.100000, 0.000100, 1.000000, 0.001000, 0.000010, 0.000000, 0.000000, 0.950000, 0.000000, -9.165751, -0.000000, 168.802161, 0.000000, 4.705982, 0.000000, -38.667603, 1000, 0.000100, -1.000000, -1.000000, 0.100000, 0.000100, 5.000000, 1.000000, 0.001000, 0.000010, 0.000000, 0.000000, 0.950000, 5.000000, 0.000000, -38.714326, -0.000000, 168.571629, 1000, 0.000100, 2.000000, -1.000000, -1.000000, 0.100000, 0.000100, 1.000000, 0.001000, 0.000010, 0.000000, 0.000000, 0.950000, 0.000000, 4.644607, 0.000000, -9.289213, 1000
5.16, 0.000100, 0.200000, 0.470000, -9.810000, 6.000000, 0.000000, 0.000000, 0.000000, 10.000000, -1.000000, 1.000000, -1.000000, 0.100000, 0.000100, 1.000000, 0.001000, 0.000010, 0.000000, 0.000000, 0.950000, 0.000000, -9.289213, -0.000000, 168.571629, 0.000000, 4.766999, 0.000000, -38.620269, 1000, 0.000100, -1.000000, -1.000000, 0.100000, 0.000100, 5.000000, 1.000000, 0.001000, 0.000010, 0.000000, 0.000000, 0.950000, 5.000000, 0.000000, -38.667603, -0.000000, 168.338017, 1000, 0.000100, 2.000000, -1.000000, -1.000000, 0.100000, 0.000100, 1.000000, 0.001000, 0.000010, 0.000000, 0.000000, 0.950000, 0.000000, 4.705982, 0.000000, -9.411964, 1000
5.17, 0.000100, 0.200000, 0.470000, -9.810000, 6.000000, 0.000000, 0.000000, 0.000000, 10.000000, -1.000000, 1.000000, -1.000000, 0.100000, 0.000100, 1.000000, 0.001000, 0.000010, 0.000000, 0.000000, 0.950000, 0.000000, -9.411964, -0.000000, 168.338017, 0.000000, 4.827655, 0.000000, -38.572326, 1000, 0.000100, -1.000000, -1.000000, 0.100000, 0.000100, 5.000000, 1.000000, 0.001000, 0.000010, 0.000000, 0.000000, 0.950000, 5.000000, 0.000000, -38.620269, -0.000000, 168.101345, 1000, 0.000100, 2.000000, -1.000000, -1.000000, 0.100000, 0.000100, 1.000000, 0.001000, 0.000010, 0.000000, 0.000000, 0.950000, 0.000000, 4.766999, 0.000000, -9.533998, 1000
5.18, 0.000100, 0.200000, 0.470000, -9.810000, 6.000000, 0.000000, 0.000000, 0.000000, 10.000000, -1.000000, 1.000000, -1.000000, 0.100000, 0.000100, 1.000000, 0.001000, 0.000010, 0.000000, 0.000000, 0.950000, 0.000000, -9.533998, -0.000000, 168.101345, 0.000000, 4.887948, 0.000000, -38.523778, 1000, 0.000100, -1.000000, -1.000000, 0.100000, 0.000100, 5.000000, 1.000000, 0.001000, 0.000010, 0.000000, 0.000000, 0.950000, 5.000000, 0.000000, -38.572326, -0.000000, 167.861631, 1000, 0.000100, 2.000000, -1.000000, -1.000000, 0.100000, 0.000100, 1.000000, 0.001000, 0.000010, 0.000000, 0.000000, 0.950000, 0.000000, 4.827655, 0.000000, -9.655310, 1000
5.19, 0.000100, 0.200000, 0.470000, -9.810000, 6.000000, 0.000000, 0.000000, 0.000000, 10.000000, -1.000000, 1.000000, -1.000000, 0.100000, 0.000100, 1.000000, 0.001000, 0.000010, 0.000000, 0.000000, 0.950000, 0.000000, -9.655310, -0.000000, 167.861631, 0.000000, 4.947876, 0.000000, -38.474629, 1000, 0.000100, -1.000000, -1.000000, 0.100000, 0.000100, 5.000000, 1.000000, 0.001000, 0.000010, 0.000000, 0.000000, 0.950000, 5.000000, 0.000000, -38.523778, -0.000000, 167.618891, 1000, 0.000100, 2.000000, -1.000000, -1.000000, 0.100000, 0.000100, 1.000000, 0.001000, 0.000010, 0.000000, 0.000000, 0.950000, 0.000000, 4.887948, 0.000000, -9.775897, 1000
5.2, 0.000100, 0.200000, 0.470000, -9.810000, 6.000000, 0.000000, 0.000000, 0.000000, 10.000000, -1.000000, 1.000000, -1.000000, 0.100000, 0.000100, 1.000000, 0.001000, 0.000010, 0.000000, 0.000000, 0.950000, 0.000000, -9.775897, -0.000000, 167.618891, 0.000000, 5.007437, 0.000000, -38.424882, 1000, 0.000100, -1.000000, -1.000000, 0.100000, 0.000100, 5.000000, 1.000000, 0.001000, 0.000010, 0.000000, 0.000000, 0.950000, 5.000000, 0.000000, -38.474629, -0.000000, 167.373145, 1000, 0.000100, 2.000000, -1.000000, -1.000000, 0.100000, 0.000100, 1.000000, 0.001000, 0.000010, 0.000000, 0.000000, 0.950000, 0.000000, 4.947876, 0.000000, -9.895753, 1000
5.21, 0.000100, 0.200000, 0.470000, -9.810000, 6.000000, 0.000000, 0.000000, 0.000000, 10.000000, -1.000000, 1.000000, -1.000000, 0.100000, 0.000100, 1.000000, 0.001000, 0.000010, 0.000000, 0.000000, 0.950000, 0.000000, -9.895753, -0.000000, 167.373145, 0.000000, 5.066627, 0.000000, -38.374542, 1000, 0.000100, -1.000000, -1.000000, 0.100000, 0.000100, 5.000000, 1.000000, 0.001000, 0.000010, 0.000000, 0.000000, 0.950000, 5.000000, 0.000000, -38.424882, -0.000000, 167.124411, 1000, 0.000100, 2.000000, -1.000000, -1.000000, 0.100000, 0.000100, 1.000000, 0.001000, 0.000010, 0.000000, 0.000000, 0.950000, 0.000000, 5.007437, 0.000000, -10.014873, 1000
5.22, 0.000100, 0.200000, 0.470000, -9.810000, 6.000000, 0.000000, 0.000000, 0.000000, 10.000000, -1.000000, 1.000000, -1.000000, 0.100000, 0.000100, 1.000000, 0.001000, 0.000010, 0.000000, 0.000000, 0.950000, 0.000000, -10.014873, -0.000000, 167.124411, 0.000000, 5.125445, 0.000000, -38.323611, 1000, 0.000100, -1.000000, -1.000000, 0.100000, 0.000100, 5.000000, 1.000000, 0.001000, 0.000010, 0.000000, 0.000000, 0.950000, 5.000000, 0.000000, -38.374542, -0.000000, 166.872708, 1000, 0.000100, 2.000000, -1.000000, -1.000000, 0.100000, 0.000100, 1.000000, 0.001000, 0.000010, 0.000000, 0.000000, 0.950000, 0.000000, 5.066627, 0.000000, -10.133254, 1000
5.23, 0.000100, 0.200000, 0.470000, -9.810000, 6.000000, 0.000000, 0.000000, 0.000000, 10.000000, -1.000000, 1.000000, -1.000000, 0.100000, 0.000100, 1.000000, 0.001000, 0.000010, 0.000000, 0.000000, 0.950000, 0.000000, -10.133254, -0.000000, 166.872708, 0.000000, 5.183889, 0.000000, -38.272093, 1000, 0.000100, -1.000000, -1.000000, 0.100000, 0.000100, 5.000000, 1.000000, 0.001000, 0.000010, 0.000000, 0.000000, 0.950000, 5.000000, 0.000000, -38.323611, -0.000000, 166.618053, 1000, 0.000100, 2.000000, -1.000000, -1.000000, 0.100000, 0.000100, 1.000000, 0.001000, 0.000010, 0.000000, 0.000000, 0.950000, 0.000000, 5.125445, 0.000000, -10.250890, 1000
5.24, 0.000100, 0.200000, 0.470000, -9.810000, 6.000000, 0.000000, 0.000000, 0.000000, 10.000000, -1.000000, 1.000000, -1.000000, 0.100000, 0.000100, 1.000000, 0.001000, 0.000010, 0.000000, 0.000000, 0.950000, 0.000000, -10.250890, -0.000000, 166.618053, 0.000000, 5.241955, 0.000000, -38.219993, 1000, 0.000100, -1.000000, -1.000000, 0.100000, 0.000100, 5.000000, 1.000000, 0.001000, 0.000010, 0.000000, 0.000000, 0.950000, 5.000000, 0.000000, -38.272093, -0.000000, 166.360466, 1000, 0.000100, 2.000000, -1.000000, -1.000000, 0.100000, 0.000100, 1.000000, 0.001000, 0.000010, 0.000000, 0.000000, 0.950000, 0.000000, 5.183889, 0.000000, -10.367777, 1000
5.25, 0.000100, 0.200000, 0.470000, -9.810000, 6.000000, 0.000000, 0.000000, 0.000000, 10.000000, -1.000000, 1.000000, -1.000000, 0.100000, 0.000100, 1.000000, 0.001000, 0.000010, 0.000000, 0.000000, 0.950000, 0.000000, -10.367777, -0.000000, 166.360466, 0.000000, 5.299643, 0.000000, -38.167314, 1000, 0.000100, -1.000000, -1.000000, 0.100000, 0.000100, 5.000000, 1.000000, 0.001000, 0.000010, 0.000000, 0.000000, 0.950000, 5.000000, 0.000000, -38.219993, -0.000000, 166.099965, 1000, 0.000100, 2.000000, -1.000000, -1.000000, 0.100000, 0.000100, 1.000000, 0.001000, 0.000010, 0.000000, 0.000000, 0.950000, 0.000000, 5.241955, 0.000000, -10.483911, 1000
5.26, 0.000100, 0.200000, 0.470000, -9.810000, 6.000000, 0.000000, 0.000000, 0.000000, 10.000000, -1.000000, 1.000000, -1.000000, 0.100000, 0.000100, 1.000000, 0.001000, 0.000010, 0.000000, 0.000000, 0.950000, 0.000000, -10.483911, -0.000000, 166.099965, 0.000000, 5.356950, 0.000000, -38.114059, 1000, 0.000100, -1.000000, -1.000000, 0.100000, 0.000100, 5.000000, 1.000000, 0.001000, 0.000010, 0.000000, 0.000000, 0.950000, 5.000000, 0.000000, -38.167314, -0.000000, 165.836569, 1000, 0.000100, 2.000000, -1.000000, -1.000000, 0.100000, 0.000100, 1.000000, 0.001000, 0.000010, 0.000000, 0.000000, 0.950000, 0.000000, 5.299643, 0.000000, -10.599286, 1000
5.27, 0.000100, 0.200000, 0.470000, -9.810000, 6.000000, 0.000000, 0.000000, 0.000000, 10.000000, -1.000000, 1.000000, -1.000000, 0.100000, 0.000100, 1.000000, 0.001000, 0.000010, 0.000000, 0.000000, 0.950000, 0.000000, -10.599286, -0.000000, 165.836569, 0.000000, 5.413873, 0.000000, -38.060234, 1000, 0.000100, -1.000000, -1.000000, 0.100000, 0.000100, 5.000000, 1.000000, 0.001000, 0.000010, 0.000000, 0.000000, 0.950000, 5.000000, 0.000000, -38.114059, -0.000000, 165.570297, 1000, 0.000100, 2.000000, -1.000000, -1.000000, 0.100000, 0.000100, 1.000000, 0.001000, 0.000010, 0.000000, 0.000000, 0.950000, 0.000000, 5.356950, 0.000000, -10.713900, 1000
5.28, 0.000100, 0.200000, 0.470000, -9.810000, 6.000000, 0.000000, 0.000000, 0.000000, 10.000000, -1.000000, 1.000000, -1.000000, 0.100000, 0.000100, 1.000000, 0.001000, 0.000010, 0.000000, 0.000000, 0.950000, 0.000000, -10.713900, -0.000000, 165.570297, 0.000000, 5.470411, 0.000000, -38.005841, 1000, 0.000100, -1.000000, -1.000000, 0.100000, 0.000100, 5.000000, 1.000000, 0.001000, 0.000010, 0.000000, 0.000000, 0.950000, 5.000000, 0.000000, -38.060234, -0.000000, 165.301169, 1000, 0.000100, 2.000000, -1.000000, -1.000000, 0.100000, 0.000100, 1.000000, 0.001000, 0.000010, 0.000000, 0.000000, 0.950000, 0.000000, 5.413873, 0.000000, -10.827746, 1000
5.29, 0.000100, 0.200000, 0.470000, -9.810000, 6.000000, 0.000000, 0.000000, 0.000000, 10.000000, -1.000000, 1.000000, -1.000000, 0.100000, 0.000100, 1.000000, 0.001000, 0.000010, 0.000000, 0.000000, 0.950000, 0.000000, -10.827746, -0.000000, 165.301169, 0.000000, 5.526562, 0.000000, -37.950884, 1000, 0.000100, -1.000000, -1.000000, 0.100000, 0.000100, 5.000000, 1.000000, 0.001000, 0.000010, 0.000000, 0.000000, 0.950000, 5.000000, 0.000000, -38.005841, -0.000000, 165.029203, 1000, 0.000100, 2.000000, -1.000000, -1.000000, 0.100000, 0.000100, 1.000000, 0.001000, 0.000010, 0.000000, 0.000000, 0.950000, 0.000000, 5.470411, 0.000000, -10.940822, 1000
5.3, 0.000100, 0.200000, 0.470000, -9.810000, 6.000000, 0.000000, 0.000000, 0.000000, 10.000000, -1.000000, 1.000000, -1.000000, 0.100000, 0.000100, 1.000000, 0.001000, 0.000010, 0.000000, 0.000000, 0.950000, 0.000000, -10.940822, -0.000000, 165.029203, 0.000000, 5.582322, 0.000000, -37.895367, 1000, 0.000100, -1.000000, -1.000000, 0.100000, 0.000100, 5.000000, 1.000000, 0.001000, 0.000010, 0.000000, 0.000000, 0.950000, 5.000000, 0.000000, -37.950884, -0.000000, 164.754419, 1000, 0.000100, 2.000000, -1.000000, -1.000000, 0.100000, 0.000100, 1.000000, 0.001000, 0.000010, 0.000000, 0.000000, 0.950000, 0.000000, 5.526562, 0.000000, -11.053123, 1000
5.31, 0.000100, 0.200000, 0.470000, -9.810000, 6.000000, 0.000000, 0.000000, 0.000000, 10.000000, -1.000000, 1.000000, -1.000000, 0.100000, 0.000100, 1.000000, 0.001000, 0.000010, 0.000000, 0.000000, 0.950000, 0.000000, -11.053123, -0.000000, 164.754419, 0.000000, 5.637692, 0.000000, -37.839295, 1000, 0.000100, -1.000000, -1.000000, 0.100000, 0.000100, 5.000000, 1.000000, 0.001000, 0.000010, 0.000000, 0.000000, 0.950000, 5.000000, 0.000000, -37.895367, -0.000000, 164.476837, 1000, 0.000100, 2.000000, -1.000000, -1.000000, 0.100000, 0.000100, 1.000000, 0.001000, 0.000010, 0.000000, 0.000000, 0.950000, 0.000000, 5.582322, 0.000000, -11.164645, 1000
5.32, 0.000100, 0.200000, 0.470000, -9.810000, 6.000000, 0.000000, 0.000000, 0.000000, 10.000000, -1.000000, 1.000000, -1.000000, 0.100000, 0.000100, 1.000000, 0.001000, 0.000010, 0.000000, 0.000000, 0.950000, 0.000000, -11.164645, -0.000000, 164.476837, 0.000000, 5.692667, 0.000000, -37.782671, 1000, 0.000100, -1.000000, -1.000000, 0.100000, 0.000100, 5.000000, 1.000000, 0.001000, 0.000010, 0.000000, 0.000000, 0.950000, 5.000000, 0.000000, -37.839295, -0.000000, 164.196475, 1000, 0.000100, 2.000000, -1.000000, -1.000000, 0.100000, 0.000100, 1.000000, 0.001000, 0.000010, 0.000000, 0.000000, 0.950000, 0.000000, 5.637692, 0.000000, -11.275383, 1000
5.33, 0.000100, 0.200000, 0.470000, -9.810000, 6.000000, 0.000000, 0.000000, 0.000000, 10.000000, -1.000000, 1.000000, -1.000000, 0.100000, 0.000100, 1.000000, 0.001000, 0.000010, 0.000000, 0.000000, 0.950000, 0.000000, -11.275383, -0.000000, 164.196475, 0.000000, 5.747247, 0.000000, -37.725498, 1000, 0.000100, -1.000000, -1.000000, 0.100000, 0.000100, 5.000000, 1.000000, 0.001000, 0.000010, 0.000000, 0.000000, 0.950000, 5.000000, 0.000000, -37.782671, -0.000000, 163.913353, 1000, 0.000100, 2.000000, -1.000000, -1.000000, 0.100000, 0.000100, 1.000000, 0.001000, 0.000010, 0.000000, 0.000000, 0.950000, 0.000000, 5.692667, 0.000000, -11.385334, 1000
5.34, 0.000100, 0.200000, 0.470000, -9.810000, 6.000000, 0.000000, 0.000000, 0.000000, 10.000000, -1.000000, 1.000000, -1.000000, 0.100000, 0.000100, 1.000000, 0.001000, 0.000010, 0.000000, 0.000000, 0.950000, 0.000000, -11.385334, -0.000000, 163.913353, 0.000000, 5.801429, 0.000000, -37.667782, 1000, 0.000100, -1.000000, -1.000000, 0.100000, 0.000100, 5.000000, 1.000000, 0.001000, 0.000010, 0.000000, 0.000000, 0.950000, 5.000000, 0.000000, -37.725498, -0.000000, 163.627492, 1000, 0.000100, 2.000000, -1.000000, -1.000000, 0.100000, 0.000100, 1.000000, 0.001000, 0.000010, 0.000000, 0.000000, 0.950000, 0.000000, 5.747247, 0.000000, -11.494494, 1000
5.35, 0.000100, 0.200000, 0.470000, -9.810000, 6.000000, 0.000000, 0.000000, 0.000000, 10.000000, -1.000000, 1.000000, -1.000000, 0.100000, 0.000100, 1.000000, 0.001000, 0.000010, 0.000000, 0.000000, 0.950000, 0.000000, -11.494494, -0.000000, 163.627492, 0.000000, 5.855211, 0.000000, -37.609526, 1000, 0.000100, -1.000000, -1.000000, 0.100000, 0.000100, 5.000000, 1.000000, 0.001000, 0.000010, 0.000000, 0.000000, 0.950000, 5.000000, 0.000000, -37.667782, -0.000000, 163.338910, 1000, 0.000100, 2.000000, -1.000000, -1.000000, 0.100000, 0.000100, 1.000000, 0.001000, 0.000010, 0.000000, 0.000000, 0.950000, 0.000000, 5.801429, 0.000000, -11.602858, 1000
5.36, 0.000100, 0.200000, 0.470000, -9.810000, 6.000000, 0.000000, 0.000000, 0.000000, 10.000000, -1.000000, 1.000000, -1.000000, 0.100000, 0.000100, 1.000000, 0.001000, 0.000010, 0.000000, 0.000000, 0.950000, 0.000000, -11.602858, -0.000000, 163.338910, 0.000000, 5.908592, 0.000000, -37.550733, 1000, 0.000100, -1.000000, -1.000000, 0.100000, 0.000100, 5.000000, 1.000000, 0.001000, 0.000010, 0.000000, 0.000000, 0.950000, 5.000000, 0.000000, -37.609526, -0.000000, 163.047629, 1000, 0.000100, 2.000000, -1.000000, -1.000000, 0.100000, 0.000100, 1.000000, 0.001000, 0.000010, 0.000000, 0.000000, 0.950000, 0.000000, 5.855211, 0.000000, -11.710423, 1000
5.37, 0.000100, 0.200000, 0.470000, -9.810000, 6.000000, 0.000000, 0.000000, 0.000000, 10.000000, -1.000000, 1.000000, -1.000000, 0.100000, 0.000100, 1.000000, 0.001000, 0.000010, 0.000000, 0.000000, 0.950000, 0.000000, -11.710423, -0.000000, 163.047629, 0.000000, 5.961570, 0.000000, -37.491409, 1000, 0.000100, -1.000000, -1.000000, 0.100000, 0.000100, 5.000000, 1.000000, 0.001000, 0.000010, 0.000000, 0.000000, 0.950000, 5.000000, 0.000000, -37.550733, -0.000000, 162.753667, 1000, 0.000100, 2.000000, -1.000000, -1.000000, 0.100000, 0.000100, 1.000000, 0.001000, 0.000010, 0.000000, 0.000000, 0.950000, 0.000000, 5.908592, 0.000000, -11.817185, 1000
5.38, 0.000100, 0.200000, 0.470000, -9.810000, 6.000000, 0.000000, 0.000000, 0.000000, 10.000000, -1.000000, 1.000000, -1.000000, 0.100000, 0.000100, 1.000000, 0.001000, 0.000010, 0.000000, 0.000000, 0.950000, 0.000000, -11.817185, -0.000000, 162.753667, 0.000000, 6.014142, 0.000000, -37.431557, 1000, 0.000100, -1.000000, -1.000000, 0.100000, 0.000100, 5.000000, 1.000000, 0.001000, 0.000010, 0.000000, 0.000000, 0.950000, 5.000000, 0.000000, -37.491409, -0.000000, 162.457045, 1000, 0.000100, 2.000000, -1.000000, -1.000000, 0.100000, 0.000100, 1.000000, 0.001000, 0.000010, 0.000000, 0.000000, 0.950000, 0.000000, 5.961570, 0.000000, -11.923139, 1000
5.39, 0.000100, 0.200000, 0.470000, -9.810000, 6.000000, 0.000000, 0.000000, 0.000000, 10.000000, -1.000000, 1.000000, -1.000000, 0.100000, 0.000100, 1.000000, 0.001000, 0.000010, 0.000000, 0.000000, 0.950000, 0.000000, -11.923139, -0.000000, 162.457045, 0.000000, 6.066306, 0.000000, -37.371181, 1000, 0.000100, -1.000000, -1.000000, 0.100000, 0.000100, 5.000000, 1.000000, 0.001000, 0.000010, 0.000000, 0.000000, 0.950000, 5.000000, 0.000000, -37.431557, -0.000000, 162.157784, 1000, 0.000100, 2.000000, -1.000000, -1.000000, 0.100000, 0.000100, 1.000000, 0.001000, 0.000010, 0.000000, 0.000000, 0.950000, 0.000000, 6.014142, 0.000000, -12.028283, 1000
5.4, 0.000100, 0.200000, 0.470000, -9.810000, 6.000000, 0.000000, 0.000000, 0.000000, 10.000000, -1.000000, 1.000000, -1.000000, 0.100000, 0.000100, 1.000000, 0.001000, 0.000010, 0.000000, 0.000000, 0.950000, 0.000000, -12.028283, -0.000000, 162.157784, 0.000000, 6.118062, 0.000000, -37.310285, 1000, 0.000100, -1.000000, -1.000000, 0.100000, 0.000100, 5.000000, 1.000000, 0.001000, 0.000010, 0.000000, 0.000000, 0.950000, 5.000000, 0.000000, -37.371181, -0.000000, 161.855903, 1000, 0.000100, 2.000000, -1.000000, -1.000000, 0.100000, 0.000100, 1.000000, 0.001000, 0.000010, 0.000000, 0.000000, 0.950000, 0.000000, 6.066306, 0.000000, -12.132613, 1000
5.41, 0.000100, 0.200000, 0.470000, -9.810000, 6.000000, 0.000000, 0.000000, 0.000000, 10.000000, -1.000000, 1.000000, -1.000000, 0.100000, 0.000100, 1.000000, 0.001000, 0.000010, 0.000000, 0.000000, 0.950000, 0.000000, -12.132613, -0.000000, 161.855903, 0.000000, 6.169407, 0.000000, -37.248873, 1000, 0.000100, -1.000000, -1.000000, 0.100000, 0.000100, 5.000000, 1.000000, 0.001000, 0.000010, 0.000000, 0.000000, 0.950000, 5.000000, 0.000000, -37.310285, -0.000000, 161.551423, 1000, 0.000100, 2.000000, -1.000000, -1.000000, 0.100000, 0.000100, 1.000000, 0.001000, 0.000010, 0.000000, 0.000000, 0.950000, 0.000000, 6.118062, 0.000000, -12.236124, 1000
5.42, 0.000100, 0.200000, 0.470000, -9.810000, 6.000000, 0.000000, 0.000000, 0.000000, 10.000000, -1.000000, 1.000000, -1.000000, 0.100000, 0.000100, 1.000000, 0.001000, 0.000010, 0.000000, 0.000000, 0.950000, 0.000000, -12.236124, -0.000000, 161.551423, 0.000000, 6.220339, 0.000000, -37.186950, 1000, 0.000100, -1.000000, -1.000000, 0.100000, 0.000100, 5.000000, 1.000000, 0.001000, 0.000010, 0.000000, 0.000000, 0.950000, 5.000000, 0.000000, -37.248873, -0.000000, 161.244365, 1000, 0.000100, 2.000000, -1.000000, -1.000000, 0.100000, 0.000100, 1.000000, 0.001000, 0.000010, 0.000000, 0.000000, 0.950000, 0.000000, 6.169407, 0.000000, -12.338814, 1000
5.43, 0.000100, 0.200000, 0.470000, -9.810000, 6.000000, 0.000000, 0.000000, 0.000000, 10.000000, -1.000000, 1.000000, -1.000000, 0.100000, 0.000100, 1.000000, 0.001000, 0.000010, 0.000000, 0.000000, 0.950000, 0.000000, -12.338814, -0.000000, 161.244365, 0.000000, 6.270857, 0.000000, -37.124519, 1000, 0.000100, -1.000000, -1.000000, 0.100000, 0.000100, 5.000000, 1.000000, 0.001000, 0.000010, 0.000000, 0.000000, 0.950000, 5.000000, 0.000000, -37.186950, -0.000000, 160.934749, 1000, 0.000100, 2.000000, -1.000000, -1.000000, 0.100000, 0.000100, 1.000000, 0.001000, 0.000010, 0.000000, 0.000000, 0.950000, 0.000000, 6.220339, 0.000000, -12.440678, 1000
5.44, 0.000100, 0.200000, 0.470000, -9.810000, 6.000000, 0.000000, 0.000000, 0.000000, 10.000000, -1.000000, 1.000000, -1.000000, 0.100000, 0.000100, 1.000000, 0.001000, 0.000010, 0.000000, 0.000000, 0.950000, 0.000000, -12.440678, -0.000000, 160.934749, 0.000000, 6.320959, 0.000000, -37.061585, 1000, 0.000100, -1.000000, -1.000000, 0.100000, 0.000100, 5.000000, 1.000000, 0.001000, 0.000010, 0.000000, 0.000000, 0.950000, 5.000000, 0.000000, -37.124519, -0.000000, 160.622595, 1000, 0.000100, 2.000000, -1.000000, -1.000000, 0.100000, 0.000100, 1.000000, 0.001000, 0.000010, 0.000000, 0.000000, 0.950000, 0.000000, 6.270857, 0.000000, -12.541714, 1000
5.45, 0.000100, 0.200000, 0.470000, -9.810000, 6.000000, 0.000000, 0.000000, 0.000000, 10.000000, -1.000000, 1.000000, -1.000000, 0.100000, 0.000100, 1.000000, 0.001000, 0.000010, 0.000000, 0.000000, 0.950000, 0.000000, -12.541714, -0.000000, 160.622595, 0.000000, 6.370643, 0.000000, -36.998152, 1000, 0.000100, -1.000000, -1.000000, 0.100000, 0.000100, 5.000000, 1.000000, 0.001000, 0.000010, 0.000000, 0.000000, 0.950000, 5.000000, 0.000000, -37.061585, -0.000000, 160.307925, 1000, 0.000100, 2.000000, -1.000000, -1.000000, 0.100000, 0.000100, 1.000000, 0.001000, 0.000010, 0.000000, 0.000000, 0.950000, 0.000000, 6.320959, 0.000000, -12.641917, 1000
5.46, 0.000100, 0.200000, 0.470000, -9.810000, 6.000000, 0.000000, 0.000000, 0.000000, 10.000000, -1.000000, 1.000000, -1.000000, 0.100000, 0.000100, 1.000000, 0.001000, 0.000010, 0.000000, 0.000000, 0.950000, 0.000000, -12.641917, -0.000000, 160.307925, 0.000000, 6.419907, 0.000000, -36.934224, 1000, 0.000100, -1.000000, -1.000000, 0.100000, 0.000100, 5.000000, 1.000000, 0.001000, 0.000010, 0.000000, 0.000000, 0.950000, 5.000000, 0.000000, -36.998152, -0.000000, 159.990759, 1000, 0.000100, 2.000000, -1.000000, -1.000000, 0.100000, 0.000100, 1.000000, 0.001000, 0.000010, 0.000000, 0.000000, 0.950000, 0.000000, 6.370643, 0.000000, -12.741285, 1000
5.47, 0.000100, 0.200000, 0.470000, -9.810000, 6.000000, 0.000000, 0.000000, 0.000000, 10.000000, -1.000000, 1.000000, -1.000000, 0.100000, 0.000100, 1.000000, 0.001000, 0.000010, 0.000000, 0.000000, 0.950000, 0.000000, -12.741285, -0.000000, 159.990759, 0.000000, 6.468750, 0.000000, -36.869805, 1000, 0.000100, -1.000000, -1.000000, 0.100000, 0.000100, 5.000000, 1.000000, 0.001000, 0.000010, 0.000000, 0.000000, 0.950000, 5.000000, 0.000000, -36.934224, -0.000000, 159.671118, 1000, 0.000100, 2.000000, -1.000000, -1.000000, 0.100000, 0.000100, 1.000000, 0.001000, 0.000010, 0.000000, 0.000000, 0.950000, 0.000000, 6.419907, 0.000000, -12.839814, 1000
5.48, 0.000100, 0.200000, 0.470000, -9.810000, 6.000000, 0.000000, 0.000000, 0.000000, 10.000000, -1.000000, 1.000000, -1.000000, 0.100000, 0.000100, 1.000000, 0.001000, 0.000010, 0.000000, 0.000000, 0.950000, 0.000000, -12.839814, -0.000000, 159.671118, 0.000000, 6.517170, 0.000000, -36.804899, 1000, 0.000100, -1.000000, -1.000000, 0.100000, 0.000100, 5.000000, 1.000000, 0.001000, 0.000010, 0.000000, 0.000000, 0.950000, 5.000000, 0.000000, -36.869805, -0.000000, 159.349024, 1000, 0.000100, 2.000000, -1.000000, -1.000000, 0.100000, 0.000100, 1.000000, 0.001000, 0.000010, 0.000000, 0.000000, 0.950000, 0.000000, 6.468750, 0.000000, -12.937500, 1000
5.49, 0.000100, 0.200000, 0.470000, -9.810000, 6.000000, 0.000000, 0.000000, 0.000000, 10.000000, -1.000000, 1.000000, -1.000000, 0.100000, 0.000100, 1.000000, 0.001000, 0.000010, 0.000000, 0.000000, 0.950000, 0.000000, -12.937500, -0.000000, 159.349024, 0.000000, 6.565166, 0.000000, -36.739512, 1000, 0.000100, -1.000000, -1.000000, 0.100000, 0.000100, 5.000000, 1.000000, 0.001000, 0.000010, 0.000000, 0.000000, 0.950000, 5.000000, 0.000000, -36.804899, -0.000000, 159.024497, 1000, 0.000100, 2.000000, -1.000000, -1.000000, 0.100000, 0.000100, 1.000000, 0.001000, 0.000010, 0.000000, 0.000000, 0.950000, 0.000000, 6.517170, 0.000000, -13.034340, 1000
5.5, 0.000100, 0.200000, 0.470000, -9.810000, 6.000000, 0.000000, 0.000000, 0.000000, 10.000000, -1.000000, 1.000000, -1.000000, 0.100000, 0.000100, 1.000000, 0.001000, 0.000010, 0.000000, 0.000000, 0.950000, 0.000000, -13.034340, -0.000000, 159.024497, 0.000000, 6.612736, 0.000000, -36.673646, 1000, 0.000100, -1.000000, -1.000000, 0.100000, 0.000100, 5.000000, 1.000000, 0.001000, 0.000010, 0.000000, 0.000000, 0.950000, 5.000000, 0.000000, -36.739512, -0.000000, 158.697559, 1000, 0.000100, 2.000000, -1.000000, -1.000000, 0.100000, 0.000100, 1.000000, 0.001000, 0.000010, 0.000000, 0.000000, 0.950000, 0.000000, 6.565166, 0.000000, -13.130332, 1000
5.51, 0.000100, 0.200000, 0.470000, -9.810000, 6.000000, 0.000000, 0.000000, 0.000000, 10.000000, -1.000000, 1.000000, -1.000000, 0.100000, 0.000100, 1.000000, 0.001000, 0.000010, 0.000000, 0.000000, 0.950000, 0.000000, -13.130332, -0.000000, 158.697559, 0.000000, 6.659878, 0.000000, -36.607307, 1000, 0.000100, -1.000000, -1.000000, 0.100000, 0.000100, 5.000000, 1.000000, 0.001000, 0.000010, 0.000000, 0.000000, 0.950000, 5.000000, 0.000000, -36.673646, -0.000000, 158.368230, 1000, 0.000100, 2.000000, -1.000000, -1.000000, 0.100000, 0.000100, 1.000000, 0.001000, 0.000010, 0.000000, 0.000000, 0.950000, 0.000000, 6.612736, 0.000000, -13.225472, 1000
5.52, 0.000100, 0.200000, 0.470000, -9.810000, 6.000000, 0.000000, 0.000000, 0.000000, 10.000000, -1.000000, 1.000000, -1.000000, 0.100000, 0.000100, 1.000000, 0.001000, 0.000010, 0.000000, 0.000000, 0.950000, 0.000000, -13.225472, -0.000000, 158.368230, 0.000000, 6.706591, 0.000000, -36.540498, 1000, 0.000100, -1.000000, -1.000000, 0.100000, 0.000100, 5.000000, 1.000000, 0.001000, 0.000010, 0.000000, 0.000000, 0.950000, 5.000000, 0.000000, -36.607307, -0.000000, 158.036533, 1000, 0.000100, 2.000000, -1.000000, -1.000000, 0.100000, 0.000100, 1.000000, 0.001000, 0.000010, 0.000000, 0.000000, 0.950000, 0.000000, 6.659878, 0.000000, -13.319756, 1000
5.53, 0.000100, 0.200000, 0.470000, -9.810000, 6.000000, 0.000000, 0.000000, 0.000000, 10.000000, -1.000000, 1.000000, -1.000000, 0.100000, 0.000100, 1.000000, 0.001000, 0.000010, 0.000000, 0.000000, 0.950000, 0.000000, -13.319756, -0.000000, 158.036533, 0.000000, 6.752874, 0.000000, -36.473223, 1000, 0.000100, -1.000000, -1.000000, 0.100000, 0.000100, 5.000000, 1.000000, 0.001000, 0.000010, 0.000000, 0.000000, 0.950000, 5.000000, 0.000000, -36.540498, -0.000000, 157.702488, 1000, 0.000100, 2.000000, -1.000000, -1.000000, 0.100000, 0.000100, 1.000000, 0.001000, 0.000010, 0.000000, 0.000000, 0.950000, 0.000000, 6.706591, 0.000000, -13.413183, 1000
5.54, 0.000100, 0.200000, 0.470000, -9.810000, 6.000000, 0.000000, 0.000000, 0.000000, 10.000000, -1.000000, 1.000000, -1.000000, 0.100000, 0.000100, 1.000000, 0.001000, 0.000010, 0.000000, 0.000000, 0.950000, 0.000000, -13.413183, -0.000000, 157.702488, 0.000000, 6.798725, 0.000000, -36.405488, 1000, 0.000100, -1.000000, -1.000000, 0.100000, 0.000100, 5.000000, 1.000000, 0.001000, 0.000010, 0.000000, 0.000000, 0.950000, 5.000000, 0.000000, -36.473223, -0.000000, 157.366117, 1000, 0.000100, 2.000000, -1.000000, -1.000000, 0.100000, 0.000100, 1.000000, 0.001000, 0.000010, 0.000000, 0.000000, 0.950000, 0.000000, 6.752874, 0.000000, -13.505748, 1000
5.55, 0.000100, 0.200000, 0.470000, -9.810000, 6.000000, 0.000000, 0.000000, 0.000000, 10.000000, -1.000000, 1.000000, -1.000000, 0.100000, 0.000100, 1.000000, 0.001000, 0.000010, 0.000000, 0.000000, 0.950000, 0.000000, -13.505748, -0.000000, 157.366117, 0.000000, 6.844142, 0.000000, -36.337297, 1000, 0.000100, -1.000000, -1.000000, 0.100000, 0.000100, 5.000000, 1.000000, 0.001000, 0.000010, 0.000000, 0.000000, 0.950000, 5.000000, 0.000000, -36.405488, -0.000000, 157.027441, 1000, 0.000100, 2.000000, -1.000000, -1.000000, 0.100000, 0.000100, 1.000000, 0.001000, 0.000010, 0.000000, 0.000000, 0.950000, 0.000000, 6.798725, 0.000000, -13.597449, 1000
5.56, 0.000100, 0.200000, 0.470000, -9.810000, 6.000000, 0.000000, 0.000000, 0.000000, 10.000000, -1.000000, 1.000000, -1.000000, 0.100000, 0.000100, 1.000000, 0.001000, 0.000010, 0.000000, 0.000000, 0.950000, 0.000000, -13.597449, -0.000000, 157.027441, 0.000000, 6.889124, 0.000000, -36.268653, 1000, 0.000100, -1.000000, -1.000000, 0.100000, 0.000100, 5.000000, 1.000000, 0.001000, 0.000010, 0.000000, 0.000000, 0.950000, 5.000000, 0.000000, -36.337297, -0.000000, 156.686483, 1000, 0.000100, 2.000000, -1.000000, -1.000000, 0.100000, 0.000100, 1.000000, 0.001000, 0.000010, 0.000000, 0.000000, 0.950000, 0.000000, 6.844142, 0.000000, -13.688284, 1000
5.57, 0.000100, 0.200000, 0.470000, -9.810000, 6.000000, 0.000000, 0.000000, 0.000000, 10.000000, -1.000000, 1.000000, -1.000000, 0.100000, 0.000100, 1.000000, 0.001000, 0.000010, 0.000000, 0.000000, 0.950000, 0.000000, -13.688284, -0.000000, 156.686483, 0.000000, 6.933670, 0.000000, -36.199561, 1000, 0.000100, -1.000000, -1.000000, 0.100000, 0.000100, 5.000000, 1.000000, 0.001000, 0.000010, 0.000000, 0.000000, 0.950000, 5.000000, 0.000000, -36.268653, -0.000000, 156.343264, 1000, 0.000100, 2.000000, -1.000000, -1.000000, 0.100000, 0.000100, 1.000000, 0.001000, 0.000010, 0.000000, 0.000000, 0.950000, 0.000000, 6.889124, 0.000000, -13.778248, 1000
5.58, 0.000100, 0.200000, 0.470000, -9.810000, 6.000000, 0.000000, 0.000000, 0.000000, 10.000000, -1.000000, 1.000000, -1.000000, 0.100000, 0.000100, 1.000000, 0.001000, 0.000010, 0.000000, 0.000000, 0.950000, 0.000000, -13.778248, -0.000000, 156.343264, 0.000000, 6.977778, 0.000000, -36.130026, 1000, 0.000100, -1.000000, -1.000000, 0.100000, 0.000100, 5.000000, 1.000000, 0.001000, 0.000010, 0.000000, 0.000000, 0.950000, 5.000000, 0.000000, -36.199561, -0.000000, 155.997805, 1000, 0.000100, 2.000000, -1.000000, -1.000000, 0.100000, 0.000100, 1.000000, 0.001000, 0.000010, 0.000000, 0.000000, 0.950000, 0.000000, 6.933670, 0.000000, -13.867339, 1000
5.59, 0.000100, 0.200000, 0.470000, -9.810000, 6.000000, 0.000000, 0.000000, 0.000000, 10.000000, -1.000000, 1.000000, -1.000000, 0.100000, 0.000100, 1.000000, 0.001000, 0.000010, 0.000000, 0.000000, 0.950000, 0.000000, -13.867339, -0.000000, 155.997805, 0.000000, 7.021447, 0.000000, -36.060052, 1000, 0.000100, -1.000000, -1.000000, 0.100000, 0.000100, 5.000000, 1.000000, 0.001000, 0.000010, 0.000000, 0.000000, 0.950000, 5.000000, 0.000000, -36.130026, -0.000000, 155.650130, 1000, 0.000100, 2.000000, -1.000000, -1.000000, 0.100000, 0.000100, 1.000000, 0.001000, 0.000010, 0.000000, 0.000000, 0.950000, 0.000000, 6.977778, 0.000000, -13.955555, 1000
5.6, 0.000100, 0.200000, 0.470000, -9.810000, 6.000000, 0.000000, 0.000000, 0.000000, 10.000000, -1.000000, 1.000000, -1.000000, 0.100000, 0.000100, 1.000000, 0.001000, 0.000010, 0.000000, 0.000000, 0.950000, 0.000000, -13.955555, -0.000000, 155.650130, 0.000000, 7.064675, 0.000000, -35.989643, 1000, 0.000100, -1.000000, -1.000000, 0.100000, 0.000100, 5.000000, 1.000000, 0.001000, 0.000010, 0.000000, 0.000000, 0.950000, 5.000000, 0.000000, -36.060052, -0.000000, 155.300258, 1000, 0.000100, 2.000000, -1.000000, -1.000000, 0.100000, 0.000100, 1.000000, 0.001000, 0.000010, 0.000000, 0.000000, 0.950000, 0.000000, 7.021447, 0.000000, -14.042893, 1000
5.61, 0.000100, 0.200000, 0.470000, -9.810000, 6.000000, 0.000000, 0.000000, 0.000000, 10.000000, -1.000000, 1.000000, -1.000000, 0.100000, 0.000100, 1.000000, 0.001000, 0.000010, 0.000000, 0.000000, 0.950000, 0.000000, -14.042893, -0.000000, 155.300258, 0.000000, 7.107462, 0.000000, -35.918803, 1000, 0.000100, -1.000000, -1.000000, 0.100000, 0.000100, 5.000000, 1.000000, 0.001000, 0.000010, 0.000000, 0.000000, 0.950000, 5.000000, 0.000000, -35.989643, -0.000000, 154.948213, 1000, 0.000100, 2.000000, -1.000000, -1.000000, 0.100000, 0.000100, 1.000000, 0.001000, 0.000010, 0.000000, 0.000000, 0.950000, 0.000000, 7.064675, 0.000000, -14.129351, 1000
5.62, 0.000100, 0.200000, 0.470000, -9.810000, 6.000000, 0.000000, 0.000000, 0.000000, 10.000000, -1.000000, 1.000000, -1.000000, 0.100000, 0.000100, 1.000000, 0.001000, 0.000010, 0.000000, 0.000000, 0.950000, 0.000000, -14.129351, -0.000000, 154.948213, 0.000000, 7.149806, 0.000000, -35.847538, 1000, 0.000100, -1.000000, -1.000000, 0.100000, 0.000100, 5.000000, 1.000000, 0.001000, 0.000010, 0.000000, 0.000000, 0.950000, 5.000000, 0.000000, -35.918803, -0.000000, 154.594017, 1000, 0.000100, 2.000000, -1.000000, -1.000000, 0.100000, 0.000100, 1.000000, 0.001000, 0.000010, 0.000000, 0.000000, 0.950000, 0.000000, 7.107462, 0.000000, -14.214924, 1000
5.63, 0.000100, 0.200000, 0.470000, -9.810000, 6.000000, 0.000000, 0.000000, 0.000000, 10.000000, -1.000000, 1.000000, -1.000000, 0.100000, 0.000100, 1.000000, 0.001000, 0.000010, 0.000000, 0.000000, 0.950000, 0.000000, -14.214924, -0.000000, 154.594017, 0.000000, 7.191706, 0.000000, -35.775852, 1000, 0.000100, -1.000000, -1.000000, 0.100000, 0.000100, 5.000000, 1.000000, 0.001000, 0.000010, 0.000000, 0.000000, 0.950000, 5.000000, 0.000000, -35.847538, -0.000000, 154.237691, 1000, 0.000100, 2.000000, -1.000000, -1.000000, 0.100000, 0.000100, 1.000000, 0.001000, 0.000010, 0.000000, 0.000000, 0.950000, 0.000000, 7.149806, 0.000000, -14.299612, 1000
5.64, 0.000100, 0.200000, 0.470000, -9.810000, 6.000000, 0.000000, 0.000000, 0.000000, 10.000000, -1.000000, 1.000000, -1.000000, 0.100000, 0.000100, 1.000000, 0.001000, 0.000010, 0.000000, 0.000000, 0.950000, 0.000000, -14.299612, -0.000000, 154.237691, 0.000000, 7.233160, 0.000000, -35.703748, 1000, 0.000100, -1.000000, -1.000000, 0.100000, 0.000100, 5.000000, 1.000000, 0.001000, 0.000010, 0.000000, 0.000000, 0.950000, 5.000000, 0.000000, -35.775852, -0.000000, 153.879258, 1000, 0.000100, 2.000000, -1.000000, -1.000000, 0.100000, 0.000100, 1.000000, 0.001000, 0.000010, 0.000000, 0.000000, 0.950000, 0.000000, 7.191706, 0.000000, -14.383411, 1000
5.65, 0.000100, 0.200000, 0.470000, -9.810000, 6.000000, 0.000000, 0.000000, 0.000000, 10.000000, -1.000000, 1.000000, -1.000000, 0.100000, 0.000100, 1.000000, 0.001000, 0.000010, 0.000000, 0.000000, 0.950000, 0.000000, -14.383411, -0.000000, 153.879258, 0.000000, 7.274168, 0.000000, -35.631232, 1000, 0.000100, -1.000000, -1.000000, 0.100000, 0.000100, 5.000000, 1.000000, 0.001000, 0.000010, 0.000000, 0.000000, 0.950000, 5.000000, 0.000000, -35.703748, -0.000000, 153.518740, 1000, 0.000100, 2.000000, -1.000000, -1.000000, 0.100000, 0.000100, 1.000000, 0.001000, 0.000010, 0.000000, 0.000000, 0.950000, 0.000000, 7.233160, 0.000000, -14.466320, 1000
5.66, 0.000100, 0.200000, 0.470000, -9.810000, 6.000000, 0.000000, 0.000000, 0.000000, 10.000000, -1.000000, 1.000000, -1.000000, 0.100000, 0.000100, 1.000000, 0.001000, 0.000010, 0.000000, 0.000000, 0.950000, 0.000000, -14.466320, -0.000000, 153.518740, 0.000000, 7.314727, 0.000000, -35.558308, 1000, 0.000100, -1.000000, -1.000000, 0.100000, 0.000100, 5.000000, 1.000000, 0.001000, 0.000010, 0.000000, 0.000000, 0.950000, 5.000000, 0.000000, -35.631232, -0.000000, 153.156159, 1000, 0.000100, 2.000000, -1.000000, -1.000000, 0.100000, 0.000100, 1.000000, 0.001000, 0.000010, 0.000000, 0.000000, 0.950000, 0.000000, 7.274168, 0.000000, -14.548335, 1000
5.67, 0.000100, 0.200000, 0.470000, -9.810000, 6.000000, 0.000000, 0.000000, 0.000000, 10.000000, -1.000000, 1.000000, -1.000000, 0.100000, 0.000100, 1.000000, 0.001000, 0.000010, 0.000000, 0.000000, 0.950000, 0.000000, -14.548335, -0.000000, 153.156159, 0.000000, 7.354838, 0.000000, -35.484980, 1000, 0.000100, -1.000000, -1.000000, 0.100000, 0.000100, 5.000000, 1.000000, 0.001000, 0.000010, 0.000000, 0.000000, 0.950000, 5.000000, 0.000000, -35.558308, -0.000000, 152.791538, 1000, 0.000100, 2.000000, -1.000000, -1.000000, 0.100000, 0.000100, 1.000000, 0.001000, 0.000010, 0.000000, 0.000000, 0.950000, 0.000000, 7.314727, 0.000000, -14.629455, 1000
5.68, 0.000100, 0.200000, 0.470000, -9.810000, 6.000000, 0.000000, 0.000000, 0.000000, 10.000000, -1.000000, 1.000000, -1.000000, 0.100000, 0.000100, 1.000000, 0.001000, 0.000010, 0.000000, 0.000000, 0.950000, 0.000000, -14.629455, -0.000000, 152.791538, 0.000000, 7.394499, 0.000000, -35.411253, 1000, 0.000100, -1.000000, -1.000000, 0.100000, 0.000100, 5.000000, 1.000000, 0.001000, 0.000010, 0.000000, 0.000000, 0.950000, 5.000000, 0.000000, -35.484980, -0.000000, 152.424899, 1000, 0.000100, 2.000000, -1.000000, -1.000000, 0.100000, 0.000100, 1.000000, 0.001000, 0.000010, 0.000000, 0.000000, 0.950000, 0.000000, 7.354838, 0.000000, -14.709677, 1000
5.69, 0.000100, 0.200000, 0.470000, -9.810000, 6.000000, 0.000000, 0.000000, 0.000000, 10.000000, -1.000000, 1.000000, -1.000000, 0.100000, 0.000100, 1.000000, 0.001000, 0.000010, 0.000000, 0.000000, 0.950000, 0.000000, -14.709677, -0.000000, 152.424899, 0.000000, 7.433709, 0.000000, -35.337132, 1000, 0.000100, -1.000000, -1.000000, 0.100000, 0.000100, 5.000000, 1.000000, 0.001000, 0.000010, 0.000000, 0.000000, 0.950000, 5.000000, 0.000000, -35.411253, -0.000000, 152.056265, 1000, 0.000100, 2.000000, -1.000000, -1.000000, 0.100000, 0.000100, 1.000000, 0.001000, 0.000010, 0.000000, 0.000000, 0.950000, 0.000000, 7.394499, 0.000000, -14.788998, 1000
5.7, 0.000100, 0.200000, 0.470000, -9.810000, 6.000000, 0.000000, 0.000000, 0.000000, 10.000000, -1.000000, 1.000000, -1.000000, 0.100000, 0.000100, 1.000000, 0.001000, 0.000010, 0.000000, 0.000000, 0.950000, 0.000000, -14.788998, -0.000000, 152.056265, 0.000000, 7.472466, 0.000000, -35.262620, 1000, 0.000100, -1.000000, -1.000000, 0.100000, 0.000100, 5.000000, 1.000000, 0.001000, 0.000010, 0.000000, 0.000000, 0.950000, 5.000000, 0.000000, -35.337132, -0.000000, 151.685658, 1000, 0.000100, 2.000000, -1.000000, -1.000000, 0.100000, 0.000100, 1.000000, 0.001000, 0.000010, 0.000000, 0.000000, 0.950000, 0.000000, 7.433709, 0.000000, -14.867417, 1000
5.71, 0.000100, 0.200000, 0.470000, -9.810000, 6.000000, 0.000000, 0.000000, 0.000000, 10.000000, -1.000000, 1.000000, -1.000000, 0.100000, 0.000100, 1.000000, 0.001000, 0.000010, 0.000000, 0.000000, 0.950000, 0.000000, -14.867417, -0.000000, 151.685658, 0.000000, 7.510770, 0.000000, -35.187723, 1000, 0.000100, -1.000000, -1.000000, 0.100000, 0.000100, 5.000000, 1.000000, 0.001000, 0.000010, 0.000000, 0.000000, 0.950000, 5.000000, 0.000000, -35.262620, -0.000000, 151.313100, 1000, 0.000100, 2.000000, -1.000000, -1.000000, 0.100000, 0.000100, 1.000000, 0.001000, 0.000010, 0.000000, 0.000000, 0.950000, 0.000000, 7.472466, 0.000000, -14.944932, 1000
5.72, 0.000100, 0.200000, 0.470000, -9.810000, 6.000000, 0.000000, 0.000000, 0.000000, 10.000000, -1.000000, 1.000000, -1.000000, 0.100000, 0.000100, 1.000000, 0.001000, 0.000010, 0.000000, 0.000000, 0.950000, 0.000000, -14.944932, -0.000000, 151.313100, 0.000000, 7.548620, 0.000000, -35.112445, 1000, 0.000100, -1.000000, -1.000000, 0.100000, 0.000100, 5.000000, 1.000000, 0.001000, 0.000010, 0.000000, 0.000000, 0.950000, 5.000000, 0.000000, -35.187723, -0.000000, 150.938615, 1000, 0.000100, 2.000000, -1.000000, -1.000000, 0.100000, 0.000100, 1.000000, 0.001000, 0.000010, 0.000000, 0.000000, 0.950000, 0.000000, 7.510770, 0.000000, -15.021540, 1000
5.73, 0.000100, 0.200000, 0.470000, -9.810000, 6.000000, 0.000000, 0.000000, 0.000000, 10.000000, -1.000000, 1.000000, -1.000000, 0.100000, 0.000100, 1.000000, 0.001000, 0.000010, 0.000000, 0.000000, 0.950000, 0.000000, -15.021540, -0.000000, 150.938615, 0.000000, 7.586014, 0.000000, -35.036790, 1000, 0.000100, -1.000000, -1.000000, 0.100000, 0.000100, 5.000000, 1.000000, 0.001000, 0.000010, 0.000000, 0.000000, 0.950000, 5.000000, 0.000000, -35.112445, -0.000000, 150.562225, 1000, 0.000100, 2.000000, -1.000000, -1.000000, 0.100000, 0.000100, 1.000000, 0.001000, 0.000010, 0.000000, 0.000000, 0.950000, 0.000000, 7.548620, 0.000000, -15.097240, 1000
5.74, 0.000100, 0.200000, 0.470000, -9.810000, 6.000000, 0.000000, 0.000000, 0.000000, 10.000000, -1.000000, 1.000000, -1.000000, 0.100000, 0.000100, 1.000000, 0.001000, 0.000010, 0.000000, 0.000000, 0.950000, 0.000000, -15.097240, -0.000000, 150.562225, 0.000000, 7.622953, 0.000000, -34.960764, 1000, 0.000100, -1.000000, -1.000000, 0.100000, 0.000100, 5.000000, 1.000000, 0.001000, 0.000010, 0.000000, 0.000000, 0.950000, 5.000000, 0.000000, -35.036790, -0.000000, 150.183952, 1000, 0.000100, 2.000000, -1.000000, -1.000000, 0.100000, 0.000100, 1.000000, 0.001000, 0.000010, 0.000000, 0.000000, 0.950000, 0.000000, 7.586014, 0.000000, -15.172029, 1000
5.75, 0.000100, 0.200000, 0.470000, -9.810000, 6.000000, 0.000000, 0.000000, 0.000000, 10.000000, -1.000000, 1.000000, -1.000000, 0.100000, 0.000100, 1.000000, 0.001000, 0.000010, 0.000000, 0.000000, 0.950000, 0.000000, -15.172029, -0.000000, 150.183952, 0.000000, 7.659434, 0.000000, -34.884370, 1000, 0.000100, -1.000000, -1.000000, 0.100000, 0.000100, 5.000000, 1.000000, 0.001000, 0.000010, 0.000000, 0.000000, 0.950000, 5.000000, 0.000000, -34.960764, -0.000000, 149.803821, 1000, 0.000100, 2.000000, -1.000000, -1.000000, 0.100000, 0.000100, 1.000000, 0.001000, 0.000010, 0.000000, 0.000000, 0.950000, 0.000000, 7.622953, 0.000000, -15.245905, 1000
5.76, 0.000100, 0.200000, 0.470000, -9.810000, 6.000000, 0.000000, 0.000000, 0.000000, 10.000000, -1.000000, 1.000000, -1.000000, 0.100000, 0.000100, 1.000000, 0.001000, 0.000010, 0.000000, 0.000000, 0.950000, 0.000000, -15.245905, -0.000000, 149.803821, 0.000000, 7.695457, 0.000000, -34.807614, 1000, 0.000100, -1.000000, -1.000000, 0.100000, 0.000100, 5.000000, 1.000000, 0.001000, 0.000010, 0.000000, 0.000000, 0.950000, 5.000000, 0.000000, -34.884370, -0.000000, 149.421852, 1000, 0.000100, 2.000000, -1.000000, -1.000000, 0.100000, 0.000100, 1.000000, 0.001000, 0.000010, 0.000000, 0.000000, 0.950000, 0.000000, 7.659434, 0.000000, -15.318868, 1000
5.77, 0.000100, 0.200000, 0.470000, -9.810000, 6.000000, 0.000000, 0.000000, 0.000000, 10.000000, -1.000000, 1.000000, -1.000000, 0.100000, 0.000100, 1.000000, 0.001000, 0.000010, 0.000000, 0.000000, 0.950000, 0.000000, -15.318868, -0.000000, 149.421852, 0.000000, 7.731021, 0.000000, -34.730499, 1000, 0.000100, -1.000000, -1.000000, 0.100000, 0.000100, 5.000000, 1.000000, 0.001000, 0.000010, 0.000000, 0.000000, 0.950000, 5.000000, 0.000000, -34.807614, -0.000000, 149.038070, 1000, 0.000100, 2.000000, -1.000000, -1.000000, 0.100000, 0.000100, 1.000000, 0.001000, 0.000010, 0.000000, 0.000000, 0.950000, 0.000000, 7.695457, 0.000000, -15.390914, 1000
5.78, 0.000100, 0.200000, 0.470000, -9.810000, 6.000000, 0.000000, 0.000000, 0.000000, 10.000000, -1.000000, 1.000000, -1.000000, 0.100000, 0.000100, 1.000000, 0.001000, 0.000010, 0.000000, 0.000000, 0.950000, 0.000000, -15.390914, -0.000000, 149.038070, 0.000000, 7.766125, 0.000000, -34.653031, 1000, 0.000100, -1.000000, -1.000000, 0.100000, 0.000100, 5.000000, 1.000000, 0.001000, 0.000010, 0.000000, 0.000000, 0.950000, 5.000000, 0.000000, -34.730499, -0.000000, 148.652497, 1000, 0.000100, 2.000000, -1.000000, -1.000000, 0.100000, 0.000100, 1.000000, 0.001000, 0.000010, 0.000000, 0.000000, 0.950000, 0.000000, 7.731021, 0.000000, -15.462041, 1000
5.79, 0.000100, 0.200000, 0.470000, -9.810000, 6.000000, 0.000000, 0.000000, 0.000000, 10.000000, -1.000000, 1.000000, -1.000000, 0.100000, 0.000100, 1.000000, 0.001000, 0.000010, 0.000000, 0.000000, 0.950000, 0.000000, -15.462041, -0.000000, 148.652497, 0.000000, 7.800768, 0.000000, -34.575214, 1000, 0.000100, -1.000000, -1.000000, 0.100000, 0.000100, 5.000000, 1.000000, 0.001000, 0.000010, 0.000000, 0.000000, 0.950000, 5.000000, 0.000000, -34.653031, -0.000000, 148.265156, 1000, 0.000100, 2.000000, -1.000000, -1.000000, 0.100000, 0.000100, 1.000000, 0.001000, 0.000010, 0.000000, 0.000000, 0.950000, 0.000000, 7.766125, 0.000000, -15.532250, 1000
5.8, 0.000100, 0.200000, 0.470000, -9.810000, 6.000000, 0.000000, 0.000000, 0.000000, 10.000000, -1.000000, 1.000000, -1.000000, 0.100000, 0.000100, 1.000000, 0.001000, 0.000010, 0.000000, 0.000000, 0.950000, 0.000000, -15.532250, -0.000000, 148.265156, 0.000000, 7.834950, 0.000000, -34.497053, 1000, 0.000100, -1.000000, -1.000000, 0.100000, 0.000100, 5.000000, 1.000000, 0.001000, 0.000010, 0.000000, 0.000000, 0.950000, 5.000000, 0.000000, -34.575214, -0.000000, 147.876070, 1000, 0.000100, 2.000000, -1.000000, -1.000000, 0.100000, 0.000100, 1.000000, 0.001000, 0.000010, 0.000000, 0.000000, 0.950000, 0.000000, 7.800768, 0.000000, -15.601536, 1000
5.81, 0.000100, 0.200000, 0.470000, -9.810000, 6.000000, 0.000000, 0.000000, 0.000000, 10.000000, -1.000000, 1.000000, -1.000000, 0.100000, 0.000100, 1.000000, 0.001000, 0.000010, 0.000000, 0.000000, 0.950000, 0.000000, -15.601536, -0.000000, 147.876070, 0.000000, 7.868670, 0.000000, -34.418551, 1000, 0.000100, -1.000000, -1.000000, 0.100000, 0.000100, 5.000000, 1.000000, 0.001000, 0.000010, 0.000000, 0.000000, 0.950000, 5.000000, 0.000000, -34.497053, -0.000000, 147.485263, 1000, 0.000100, 2.000000, -1.000000, -1.000000, 0.100000, 0.000100, 1.000000, 0.001000, 0.000010, 0.000000, 0.000000, 0.950000, 0.000000, 7.834950, 0.000000, -15.669900, 1000
5.82, 0.000100, 0.200000, 0.470000, -9.810000, 6.000000, 0.000000, 0.000000, 0.000000, 10.000000, -1.000000, 1.000000, -1.000000, 0.100000, 0.000100, 1.000000, 0.001000, 0.000010, 0.000000, 0.000000, 0.950000, 0.000000, -15.669900, -0.000000, 147.485263, 0.000000, 7.901926, 0.000000, -34.339715, 1000, 0.000100, -1.000000, -1.000000, 0.100000, 0.000100, 5.000000, 1.000000, 0.001000, 0.000010, 0.000000, 0.000000, 0.950000, 5.000000, 0.000000, -34.418551, -0.000000, 147.092756, 1000, 0.000100, 2.000000, -1.000000, -1.000000, 0.100000, 0.000100, 1.000000, 0.001000, 0.000010, 0.000000, 0.000000, 0.950000, 0.000000, 7.868670, 0.000000, -15.737339, 1000
5.83, 0.000100, 0.200000, 0.470000, -9.810000, 6.000000, 0.000000, 0.000000, 0.000000, 10.000000, -1.000000, 1.000000, -1.000000, 0.100000, 0.000100, 1.000000, 0.001000, 0.000010, 0.000000, 0.000000, 0.950000, 0.000000, -15.737339, -0.000000, 147.092756, 0.000000, 7.934719, 0.000000, -34.260548, 1000, 0.000100, -1.000000, -1.000000, 0.100000, 0.000100, 5.000000, 1.000000, 0.001000, 0.000010, 0.000000, 0.000000, 0.950000, 5.000000, 0.000000, -34.339715, -0.000000, 146.698575, 1000, 0.000100, 2.000000, -1.000000, -1.000000, 0.100000, 0.000100, 1.000000, 0.001000, 0.000010, 0.000000, 0.000000, 0.950000, 0.000000, 7.901926, 0.000000, -15.803852, 1000
5.84, 0.000100, 0.200000, 0.470000, -9.810000, 6.000000, 0.000000, 0.000000, 0.000000, 10.000000, -1.000000, 1.000000, -1.000000, 0.100000, 0.000100, 1.000000, 0.001000, 0.000010, 0.000000, 0.000000, 0.950000, 0.000000, -15.803852, -0.000000, 146.698575, 0.000000, 7.967047, 0.000000, -34.181055, 1000, 0.000100, -1.000000, -1.000000, 0.100000, 0.000100, 5.000000, 1.000000, 0.001000, 0.000010, 0.000000, 0.000000, 0.950000, 5.000000, 0.000000, -34.260548, -0.000000, 146.302741, 1000, 0.000100, 2.000000, -1.000000, -1.000000, 0.100000, 0.000100, 1.000000, 0.001000, 0.000010, 0.000000, 0.000000, 0.950000, 0.000000, 7.934719, 0.000000, -15.869438, 1000
5.85, 0.000100, 0.200000, 0.470000, -9.810000, 6.000000, 0.000000, 0.000000, 0.000000, 10.000000, -1.000000, 1.000000, -1.000000, 0.100000, 0.000100, 1.000000, 0.001000, 0.000010, 0.000000, 0.000000, 0.950000, 0.000000, -15.869438, -0.000000, 146.302741, 0.000000, 7.998910, 0.000000, -34.101242, 1000, 0.000100, -1.000000, -1.000000, 0.100000, 0.000100, 5.000000, 1.000000, 0.001000, 0.000010, 0.000000, 0.000000, 0.950000, 5.000000, 0.000000, -34.181055, -0.000000, 145.905277, 1000, 0.000100, 2.000000, -1.000000, -1.000000, 0.100000, 0.000100, 1.000000, 0.001000, 0.000010, 0.000000, 0.000000, 0.950000, 0.000000, 7.967047, 0.000000, -15.934094, 1000
5.86, 0.000100, 0.200000, 0.470000, -9.810000, 6.000000, 0.000000, 0.000000, 0.000000, 10.000000, -1.000000, 1.000000, -1.000000, 0.100000, 0.000100, 1.000000, 0.001000, 0.000010, 0.000000, 0.000000, 0.950000, 0.000000, -15.934094, -0.000000, 145.905277, 0.000000, 8.030307, 0.000000, -34.021111, 1000, 0.000100, -1.000000, -1.000000, 0.100000, 0.000100, 5.000000, 1.000000, 0.001000, 0.000010, 0.000000, 0.000000, 0.950000, 5.000000, 0.000000, -34.101242, -0.000000, 145.506208, 1000, 0.000100, 2.000000, -1.000000, -1.000000, 0.100000, 0.000100, 1.000000, 0.001000, 0.000010, 0.000000, 0.000000, 0.950000, 0.000000, 7.998910, 0.000000, -15.997820, 1000
5.87, 0.000100, 0.200000, 0.470000, -9.810000, 6.000000, 0.000000, 0.000000, 0.000000, 10.000000, -1.000000, 1.000000, -1.000000, 0.100000, 0.000100, 1.000000, 0.001000, 0.000010, 0.000000, 0.000000, 0.950000, 0.000000, -15.997820, -0.000000, 145.506208, 0.000000, 8.061238, 0.000000, -33.940669, 1000, 0.000100, -1.000000, -1.000000, 0.100000, 0.000100, 5.000000, 1.000000, 0.001000, 0.000010, 0.000000, 0.000000, 0.950000, 5.000000, 0.000000, -34.021111, -0.000000, 145.105556, 1000, 0.000100, 2.000000, -1.000000, -1.000000, 0.100000, 0.000100, 1.000000, 0.001000, 0.000010, 0.000000, 0.000000, 0.950000, 0.000000, 8.030307, 0.000000, -16.060614, 1000
5.88, 0.000100, 0.200000, 0.470000, -9.810000, 6.000000, 0.000000, 0.000000, 0.000000, 10.000000, -1.000000, 1.000000, -1.000000, 0.100000, 0.000100, 1.000000, 0.001000, 0.000010, 0.000000, 0.000000, 0.950000, 0.000000, -16.060614, -0.000000, 145.105556, 0.000000, 8.091701, 0.000000, -33.859919, 1000, 0.000100, -1.000000, -1.000000, 0.100000, 0.000100, 5.000000, 1.000000, 0.001000, 0.000010, 0.000000, 0.000000, 0.950000, 5.000000, 0.000000, -33.940669, -0.000000, 144.703345, 1000, 0.000100, 2.000000, -1.000000, -1.000000, 0.100000, 0.000100, 1.000000, 0.001000, 0.000010, 0.000000, 0.000000, 0.950000, 0.000000, 8.061238, 0.000000, -16.122476, 1000
5.89, 0.000100, 0.200000, 0.470000, -9.810000, 6.000000, 0.000000, 0.000000, 0.000000, 10.000000, -1.000000, 1.000000, -1.000000, 0.100000, 0.000100, 1.000000, 0.001000, 0.000010, 0.000000, 0.000000, 0.950000, 0.000000, -16.122476, -0.000000, 144.703345, 0.000000, 8.121697, 0.000000, -33.778867, 1000, 0.000100, -1.000000, -1.000000, 0.100000, 0.000100, 5.000000, 1.000000, 0.001000, 0.000010, 0.000000, 0.000000, 0.950000, 5.000000, 0.000000, -33.859919, -0.000000, 144.299597, 1000, 0.000100, 2.000000, -1.000000, -1.000000, 0.100000, 0.000100, 1.000000, 0.001000, 0.000010, 0.000000, 0.000000, 0.950000, 0.000000, 8.091701, 0.000000, -16.183403, 1000
5.9, 0.000100, 0.200000, 0.470000, -9.810000, 6.000000, 0.000000, 0.000000, 0.000000, 10.000000, -1.000000, 1.000000, -1.000000, 0.100000, 0.000100, 1.000000, 0.001000, 0.000010, 0.000000, 0.000000, 0.950000, 0.000000, -16.183403, -0.000000, 144.299597, 0.000000, 8.151225, 0.000000, -33.697518, 1000, 0.000100, -1.000000, -1.000000, 0.100000, 0.000100, 5.000000, 1.000000, 0.001000, 0.000010, 0.000000, 0.000000, 0.950000, 5.000000, 0.000000, -33.778867, -0.000000, 143.894337, 1000, 0.000100, 2.000000, -1.000000, -1.000000, 0.100000, 0.000100, 1.000000, 0.001000, 0.000010, 0.000000, 0.000000, 0.950000, 0.000000, 8.121697, 0.000000, -16.243395, 1000
5.91, 0.000100, 0.200000, 0.470000, -9.810000, 6.000000, 0.000000, 0.000000, 0.000000, 10.000000, -1.000000, 1.000000, -1.000000, 0.100000, 0.000100, 1.000000, 0.001000, 0.000010, 0.000000, 0.000000, 0.950000, 0.000000, -16.243395, -0.000000, 143.894337, 0.000000, 8.180284, 0.000000, -33.615875, 1000, 0.000100, -1.000000, -1.000000, 0.100000, 0.000100, 5.000000, 1.000000, 0.001000, 0.000010, 0.000000, 0.000000, 0.950000, 5.000000, 0.000000, -33.697518, -0.000000, 143.487588, 1000, 0.000100, 2.000000, -1.000000, -1.000000, 0.100000, 0.000100, 1.000000, 0.001000, 0.000010, 0.000000, 0.000000, 0.950000, 0.000000, 8.151225, 0.000000, -16.302450, 1000
5.92, 0.000100, 0.200000, 0.470000, -9.810000, 6.000000, 0.000000, 0.000000, 0.000000, 10.000000, -1.000000, 1.000000, -1.000000, 0.100000, 0.000100, 1.000000, 0.001000, 0.000010, 0.000000, 0.000000, 0.950000, 0.000000, -16.302450, -0.000000, 143.487588, 0.000000, 8.208873, 0.000000, -33.533943, 1000, 0.000100, -1.000000, -1.000000, 0.100000, 0.000100, 5.000000, 1.000000, 0.001000, 0.000010, 0.000000, 0.000000, 0.950000, 5.000000, 0.000000, -33.615875, -0.000000, 143.079373, 1000, 0.000100, 2.000000, -1.000000, -1.000000, 0.100000, 0.000100, 1.000000, 0.001000, 0.000010, 0.000000, 0.000000, 0.950000, 0.000000, 8.180284, 0.000000, -16.360568, 1000
5.93, 0.000100, 0.200000, 0.470000, -9.810000, 6.000000, 0.000000, 0.000000, 0.000000, 10.000000, -1.000000, 1.000000, -1.000000, 0.100000, 0.000100, 1.000000, 0.001000, 0.000010, 0.000000, 0.000000, 0.950000, 0.000000, -16.360568, -0.000000, 143.079373, 0.000000, 8.236993, 0.000000, -33.451728, 1000, 0.000100, -1.000000, -1.000000, 0.100000, 0.000100, 5.000000, 1.000000, 0.001000, 0.000010, 0.000000, 0.000000, 0.950000, 5.000000, 0.000000, -33.533943, -0.000000, 142.669715, 1000, 0.000100, 2.000000, -1.000000, -1.000000, 0.100000, 0.000100, 1.000000, 0.001000, 0.000010, 0.000000, 0.000000, 0.950000, 0.000000, 8.208873, 0.000000, -16.417747, 1000
5.94, 0.000100, 0.200000, 0.470000, -9.810000, 6.000000, 0.000000, 0.000000, 0.000000, 10.000000, -1.000000, 1.000000, -1.000000, 0.100000, 0.000100, 1.000000, 0.001000, 0.000010, 0.000000, 0.000000, 0.950000, 0.000000, -16.417747, -0.000000, 142.669715, 0.000000, 8.264643, 0.000000, -33.369233, 1000, 0.000100, -1.000000, -1.000000, 0.100000, 0.000100, 5.000000, 1.000000, 0.001000, 0.000010, 0.000000, 0.000000, 0.950000, 5.000000, 0.000000, -33.451728, -0.000000, 142.258639, 1000, 0.000100, 2.000000, -1.000000, -1.000000, 0.100000, 0.000100, 1.000000, 0.001000, 0.000010, 0.000000, 0.000000, 0.950000, 0.000000, 8.236993, 0.000000, -16.473986, 1000
5.95, 0.000100, 0.200000, 0.470000, -9.810000, 6.000000, 0.000000, 0.000000, 0.000000, 10.000000, -1.000000, 1.000000, -1.000000, 0.100000, 0.000100, 1.000000, 0.001000, 0.000010, 0.000000, 0.000000, 0.950000, 0.000000, -16.473986, -0.000000, 142.258639, 0.000000, 8.291822, 0.000000, -33.286465, 1000, 0.000100, -1.000000, -1.000000, 0.100000, 0.000100, 5.000000, 1.000000, 0.001000, 0.000010, 0.000000, 0.000000, 0.950000, 5.000000, 0.000000, -33.369233, -0.000000, 141.846167, 1000, 0.000100, 2.000000, -1.000000, -1.000000, 0.100000, 0.000100, 1.000000, 0.001000, 0.000010, 0.000000, 0.000000, 0.950000, 0.000000, 8.264643, 0.000000, -16.529285, 1000
5.96, 0.000100, 0.200000, 0.470000, -9.810000, 6.000000, 0.000000, 0.000000, 0.000000, 10.000000, -1.000000, 1.000000, -1.000000, 0.100000, 0.000100, 1.000000, 0.001000, 0.000010, 0.000000, 0.000000, 0.950000, 0.000000, -16.529285, -0.000000, 141.846167, 0.000000, 8.318529, 0.000000, -33.203426, 1000, 0.000100, -1.000000, -1.000000, 0.100000, 0.000100, 5.000000, 1.000000, 0.001000, 0.000010, 0.000000, 0.000000, 0.950000, 5.000000, 0.000000, -33.286465, -0.000000, 141.432324, 1000, 0.000100, 2.000000, -1.000000, -1.000000, 0.100000, 0.000100, 1.000000, 0.001000, 0.000010, 0.000000, 0.000000, 0.950000, 0.000000, 8.291822, 0.000000, -16.583643, 1000
5.97, 0.000100, 0.200000, 0.470000, -9.810000, 6.000000, 0.000000, 0.000000, 0.000000, 10.000000, -1.000000, 1.000000, -1.000000, 0.100000, 0.000100, 1.000000, 0.001000, 0.000010, 0.000000, 0.000000, 0.950000, 0.000000, -16.583643, -0.000000, 141.432324, 0.000000, 8.344766, 0.000000, -33.120123, 1000, 0.000100, -1.000000, -1.000000, 0.100000, 0.000100, 5.000000, 1.000000, 0.001000, 0.000010, 0.000000, 0.000000, 0.950000, 5.000000, 0.000000, -33.203426, -0.000000, 141.017132, 1000, 0.000100, 2.000000, -1.000000, -1.000000, 0.100000, 0.000100, 1.000000, 0.001000, 0.000010, 0.000000, 0.000000, 0.950000, 0.000000, 8.318529, 0.000000, -16.637059, 1000
5.98, 0.000100, 0.200000, 0.470000, -9.810000, 6.000000, 0.000000, 0.000000, 0.000000, 10.000000, -1.000000, 1.000000, -1.000000, 0.100000, 0.000100, 1.000000, 0.001000, 0.000010, 0.000000, 0.000000, 0.950000, 0.000000, -16.637059, -0.000000, 141.017132, 0.000000, 8.370530, 0.000000, -33.036559, 1000, 0.000100, -1.000000, -1.000000, 0.100000, 0.000100, 5.000000, 1.000000, 0.001000, 0.000010, 0.000000, 0.000000, 0.950000, 5.000000, 0.000000, -33.120123, -0.000000, 140.600615, 1000, 0.000100, 2.000000, -1.000000, -1.000000, 0.100000, 0.000100, 1.000000, 0.001000, 0.000010, 0.000000, 0.000000, 0.950000, 0.000000, 8.344766, 0.000000, -16.689531, 1000
5.99, 0.000100, 0.200000, 0.470000, -9.810000, 6.000000, 0.000000, 0.000000, 0.000000, 10.000000, -1.000000, 1.000000, -1.000000, 0.100000, 0.000100, 1.000000, 0.001000, 0.000010, 0.000000, 0.000000, 0.950000, 0.000000, -16.689531, -0.000000, 140.600615, 0.000000, 8.395823, 0.000000, -32.952740, 1000, 0.000100, -1.000000, -1.000000, 0.100000, 0.000100, 5.000000, 1.000000, 0.001000, 0.000010, 0.000000, 0.000000, 0.950000, 5.000000, 0.000000, -33.036559, -0.000000, 140.182797, 1000, 0.000100, 2.000000, -1.000000, -1.000000, 0.100000, 0.000100, 1.000000, 0.001000, 0.000010, 0.000000, 0.000000, 0.950000, 0.000000, 8.370530, 0.000000, -16.741060, 1000
6, 0.000100, 0.200000, 0.470000, -9.810000, 6.000000, 0.000000, 0.000000, 0.000000, 10.000000, -1.000000, 1.000000, -1.000000, 0.100000, 0.000100, 1.000000, 0.001000, 0.000010, 0.000000, 0.000000, 0.950000, 0.000000, -16.741060, -0.000000, 140.182797, 0.000000, 8.420643, 0.000000, -32.868670, 1000, 0.000100, -1.000000, -1.000000, 0.100000, 0.000100, 5.000000, 1.000000, 0.001000, 0.000010, 0.000000, 0.000000, 0.950000, 5.000000, 0.000000, -32.952740, -0.000000, 139.763701, 1000, 0.000100, 2.000000, -1.000000, -1.000000, 0.100000, 0.000100, 1.000000, 0.001000, 0.000010, 0.000000, 0.000000, 0.950000, 0.000000, 8.395823, 0.000000, -16.791645, 1000
6.01, 0.000100, 0.200000, 0.470000, -9.810000, 6.000000, 0.000000, 0.000000, 0.000000, 10.000000, -1.000000, 1.000000, -1.000000, 0.100000, 0.000100, 1.000000, 0.001000, 0.000010, 0.000000, 0.000000, 0.950000, 0.000000, -16.791645, -0.000000, 139.763701, 0.000000, 8.444990, 0.000000, -32.784354, 1000, 0.000100, -1.000000, -1.000000, 0.100000, 0.000100, 5.000000, 1.000000, 0.001000, 0.000010, 0.000000, 0.000000, 0.950000, 5.000000, 0.000000, -32.868670, -0.000000, 139.343352, 1000, 0.000100, 2.000000, -1.000000, -1.000000, 0.100000, 0.000100, 1.000000, 0.001000, 0.000010, 0.000000, 0.000000, 0.950000, 0.000000, 8.420643, 0.000000, -16.841285, 1000
6.02, 0.000100, 0.200000, 0.470000, -9.810000, 6.000000, 0.000000, 0.000000, 0.000000, 10.000000, -1.000000, 1.000000, -1.000000, 0.100000, 0.000100, 1.000000, 0.001000, 0.000010, 0.000000, 0.000000, 0.950000, 0.000000, -16.841285, -0.000000, 139.343352, 0.000000, 8.468864, 0.000000, -32.699797, 1000, 0.000100, -1.000000, -1.000000, 0.100000, 0.000100, 5.000000, 1.000000, 0.001000, 0.000010, 0.000000, 0.000000, 0.950000, 5.000000, 0.000000, -32.784354, -0.000000, 138.921772, 1000, 0.000100, 2.000000, -1.000000, -1.000000, 0.100000, 0.000100, 1.000000, 0.001000, 0.000010, 0.000000, 0.000000, 0.950000, 0.000000, 8.444990, 0.000000, -16.889980, 1000
6.03, 0.000100, 0.200000, 0.470000, -9.810000, 6.000000, 0.000000, 0.000000, 0.000000, 10.000000, -1.000000, 1.000000, -1.000000, 0.100000, 0.000100, 1.000000, 0.001000, 0.000010, 0.000000, 0.000000, 0.950000, 0.000000, -16.889980, -0.000000, 138.921772, 0.000000, 8.492265, 0.000000, -32.615003, 1000, 0.000100, -1.000000, -1.000000, 0.100000, 0.000100, 5.000000, 1.000000, 0.001000, 0.000010, 0.000000, 0.000000, 0.950000, 5.000000, 0.000000, -32.699797, -0.000000, 138.498985, 1000, 0.000100, 2.000000, -1.000000, -1.000000, 0.100000, 0.000100, 1.000000, 0.001000, 0.000010, 0.000000, 0.000000, 0.950000, 0.000000, 8.468864, 0.000000, -16.937728, 1000
6.04, 0.000100, 0.200000, 0.470000, -9.810000, 6.000000, 0.000000, 0.000000, 0.000000, 10.000000, -1.000000, 1.000000, -1.000000, 0.100000, 0.000100, 1.000000, 0.001000, 0.000010, 0.000000, 0.000000, 0.950000, 0.000000, -16.937728, -0.000000, 138.498985, 0.000000, 8.515192, 0.000000, -32.529977, 1000, 0.000100, -1.000000, -1.000000, 0.100000, 0.000100, 5.000000, 1.000000, 0.001000, 0.000010, 0.000000, 0.000000, 0.950000, 5.000000, 0.000000, -32.615003, -0.000000, 138.075015, 1000, 0.000100, 2.000000, -1.000000, -1.000000, 0.100000, 0.000100, 1.000000, 0.001000, 0.000010, 0.000000, 0.000000, 0.950000, 0.000000, 8.492265, 0.000000, -16.984530, 1000
6.05, 0.000100, 0.200000, 0.470000, -9.810000, 6.000000, 0.000000, 0.000000, 0.000000, 10.000000, -1.000000, 1.000000, -1.000000, 0.100000, 0.000100, 1.000000, 0.001000, 0.000010, 0.000000, 0.000000, 0.950000, 0.000000, -16.984530, -0.000000, 138.075015, 0.000000, 8.537646, 0.000000, -32.444724, 1000, 0.000100, -1.000000, -1.000000, 0.100000, 0.000100, 5.000000, 1.000000, 0.001000, 0.000010, 0.000000, 0.000000, 0.950000, 5.000000, 0.000000, -32.529977, -0.000000, 137.649886, 1000, 0.000100, 2.000000, -1.000000, -1.000000, 0.100000, 0.000100, 1.000000, 0.001000, 0.000010, 0.000000, 0.000000, 0.950000, 0.000000, 8.515192, 0.000000, -17.030385, 1000
6.06, 0.000100, 0.200000, 0.470000, -9.810000, 6.000000, 0.000000, 0.000000, 0.000000, 10.000000, -1.000000, 1.000000, -1.000000, 0.100000, 0.000100, 1.000000, 0.001000, 0.000010, 0.000000, 0.000000, 0.950000, 0.000000, -17.030385, -0.000000, 137.649886, 0.000000, 8.559626, 0.000000, -32.359249, 1000, 0.000100, -1.000000, -1.000000, 0.100000, 0.000100, 5.000000, 1.000000, 0.001000, 0.000010, 0.000000, 0.000000, 0.950000, 5.000000, 0.000000, -32.444724, -0.000000, 137.223621, 1000, 0.000100, 2.000000, -1.000000, -1.000000, 0.100000, 0.000100, 1.000000, 0.001000, 0.000010, 0.000000, 0.000000, 0.950000, 0.000000, 8.537646, 0.000000, -17.075293, 1000
6.07, 0.000100, 0.200000, 0.470000, -9.810000, 6.000000, 0.000000, 0.000000, 0.000000, 10.000000, -1.000000, 1.000000, -1.000000, 0.100000, 0.000100, 1.000000, 0.001000, 0.000010, 0.000000, 0.000000, 0.950000, 0.000000, -17.075293, -0.000000, 137.223621, 0.000000, 8.581133, 0.000000, -32.273556, 1000, 0.000100, -1.000000, -1.000000, 0.100000, 0.000100, 5.000000, 1.000000, 0.001000, 0.000010, 0.000000, 0.000000, 0.950000, 5.000000, 0.000000, -32.359249, -0.000000, 136.796244, 1000, 0.000100, 2.000000, -1.000000, -1.000000, 0.100000, 0.000100, 1.000000, 0.001000, 0.000010, 0.000000, 0.000000, 0.950000, 0.000000, 8.559626, 0.000000, -17.119253, 1000
6.08, 0.000100, 0.200000, 0.470000, -9.810000, 6.000000, 0.000000, 0.000000, 0.000000, 10.000000, -1.000000, 1.000000, -1.000000, 0.100000, 0.000100, 1.000000, 0.001000, 0.000010, 0.000000, 0.000000, 0.950000, 0.000000, -17.119253, -0.000000, 136.796244, 0.000000, 8.602165, 0.000000, -32.187650, 1000, 0.000100, -1.000000, -1.000000, 0.100000, 0.000100, 5.000000, 1.000000, 0.001000, 0.000010, 0.000000, 0.000000, 0.950000, 5.000000, 0.000000, -32.273556, -0.000000, 136.367779, 1000, 0.000100, 2.000000, -1.000000, -1.000000, 0.100000, 0.000100, 1.000000, 0.001000, 0.000010, 0.000000, 0.000000, 0.950000, 0.000000, 8.581133, 0.000000, -17.162265, 1000
6.09, 0.000100, 0.200000, 0.470000, -9.810000, 6.000000, 0.000000, 0.000000, 0.000000, 10.000000, -1.000000, 1.000000, -1.000000, 0.100000, 0.000100, 1.000000, 0.001000, 0.000010, 0.000000, 0.000000, 0.950000, 0.000000, -17.162265, -0.000000, 136.367779, 0.000000, 8.622723, 0.000000, -32.101536, 1000, 0.000100, -1.000000, -1.000000, 0.100000, 0.000100, 5.000000, 1.000000, 0.001000, 0.000010, 0.000000, 0.000000, 0.950000, 5.000000, 0.000000, -32.187650, -0.000000, 135.938249, 1000, 0.000100, 2.000000, -1.000000, -1.000000, 0.100000, 0.000100, 1.000000, 0.001000, 0.000010, 0.000000, 0.000000, 0.950000, 0.000000, 8.602165, 0.000000, -17.204330, 1000
6.1, 0.000100, 0.200000, 0.470000, -9.810000, 6.000000, 0.000000, 0.000000, 0.000000, 10.000000, -1.000000, 1.000000, -1.000000, 0.100000, 0.000100, 1.000000, 0.001000, 0.000010, 0.000000, 0.000000, 0.950000, 0.000000, -17.204330, -0.000000, 135.938249, 0.000000, 8.642807, 0.000000, -32.015218, 1000, 0.000100, -1.000000, -1.000000, 0.100000, 0.000100, 5.000000, 1.000000, 0.001000, 0.000010, 0.000000, 0.000000, 0.950000, 5.000000, 0.000000, -32.101536, -0.000000, 135.507679, 1000, 0.000100, 2.000000, -1.000000, -1.000000, 0.100000, 0.000100, 1.000000, 0.001000, 0.000010, 0.000000, 0.000000, 0.950000, 0.000000, 8.622723, 0.000000, -17.245446, 1000
6.11, 0.000100, 0.200000, 0.470000, -9.810000, 6.000000, 0.000000, 0.000000, 0.000000, 10.000000, -1.000000, 1.000000, -1.000000, 0.100000, 0.000100, 1.000000, 0.001000, 0.000010, 0.000000, 0.000000, 0.950000, 0.000000, -17.245446, -0.000000, 135.507679, 0.000000, 8.662416, 0.000000, -31.928702, 1000, 0.000100, -1.000000, -1.000000, 0.100000, 0.000100, 5.000000, 1.000000, 0.001000, 0.000010, 0.000000, 0.000000, 0.950000, 5.000000, 0.000000, -32.015218, -0.000000, 135.076090, 1000, 0.000100, 2.000000, -1.000000, -1.000000, 0.100000, 0.000100, 1.000000, 0.001000, 0.000010, 0.000000, 0.000000, 0.950000, 0.000000, 8.642807, 0.000000, -17.285613, 1000
6.12, 0.000100, 0.200000, 0.470000, -9.810000, 6.000000, 0.000000, 0.000000, 0.000000, 10.000000, -1.000000, 1.000000, -1.000000, 0.100000, 0.000100, 1.000000, 0.001000, 0.000010, 0.000000, 0.000000, 0.950000, 0.000000, -17.285613, -0.000000, 135.076090, 0.000000, 8.681552, 0.000000, -31.841992, 1000, 0.000100, -1.000000, -1.000000, 0.100000, 0.000100, 5.000000, 1.000000, 0.001000, 0.000010, 0.000000, 0.000000, 0.950000, 5.000000, 0.000000, -31.928702, -0.000000, 134.643509, 1000, 0.000100, 2.000000, -1.000000, -1.000000, 0.100000, 0.000100, 1.000000, 0.001000, 0.000010, 0.000000, 0.000000, 0.950000, 0.000000, 8.662416, 0.000000, -17.324833, 1000
6.13, 0.000100, 0.200000, 0.470000, -9.810000, 6.000000, 0.000000, 0.000000, 0.000000, 10.000000, -1.000000, 1.000000, -1.000000, 0.100000, 0.000100, 1.000000, 0.001000, 0.000010, 0.000000, 0.000000, 0.950000, 0.000000, -17.324833, -0.000000, 134.643509, 0.000000, 8.700213, 0.000000, -31.755092, 1000, 0.000100, -1.000000, -1.000000, 0.100000, 0.000100, 5.000000, 1.000000, 0.001000, 0.000010, 0.000000, 0.000000, 0.950000, 5.000000, 0.000000, -31.841992, -0.000000, 134.209958, 1000, 0.000100, 2.000000, -1.000000, -1.000000, 0.100000, 0.000100, 1.000000, 0.001000, 0.000010, 0.000000, 0.000000, 0.950000, 0.000000, 8.681552, 0.000000, -17.363104, 1000
6.14, 0.000100, 0.200000, 0.470000, -9.810000, 6.000000, 0.000000, 0.000000, 0.000000, 10.000000, -1.000000, 1.000000, -1.000000, 0.100000, 0.000100, 1.000000, 0.001000, 0.000010, 0.000000, 0.000000, 0.950000, 0.000000, -17.363104, -0.000000, 134.209958, 0.000000, 8.718400, 0.000000, -31.668008, 1000, 0.000100, -1.000000, -1.000000, 0.100000, 0.000100, 5.000000, 1.000000, 0.001000, 0.000010, 0.000000, 0.000000, 0.950000, 5.000000, 0.000000, -31.755092, -0.000000, 133.775460, 1000, 0.000100, 2.000000, -1.000000, -1.000000, 0.100000, 0.000100, 1.000000, 0.001000, 0.000010, 0.000000, 0.000000, 0.950000, 0.000000, 8.700213, 0.000000, -17.400426, 1000
6.15, 0.000100, 0.200000, 0.470000, -9.810000, 6.000000, 0.000000, 0.000000, 0.000000, 10.000000, -1.000000, 1.000000, -1.000000, 0.100000, 0.000100, 1.000000, 0.001000, 0.000010, 0.000000, 0.000000, 0.950000, 0.000000, -17.400426, -0.000000, 133.775460, 0.000000, 8.736113, 0.000000, -31.580744, 1000, 0.000100, -1.000000, -1.000000, 0.100000, 0.000100, 5.000000, 1.000000, 0.001000, 0.000010, 0.000000, 0.000000, 0.950000, 5.000000, 0.000000, -31.668008, -0.000000, 133.340040, 1000, 0.000100, 2.000000, -1.000000, -1.000000, 0.100000, 0.000100, 1.000000, 0.001000, 0.000010, 0.000000, 0.000000, 0.950000, 0.000000, 8.718400, 0.000000, -17.436800, 1000
6.16, 0.000100, 0.200000, 0.470000, -9.810000, 6.000000, 0.000000, 0.000000, 0.000000, 10.000000, -1.000000, 1.000000, -1.000000, 0.100000, 0.000100, 1.000000, 0.001000, 0.000010, 0.000000, 0.000000, 0.950000, 0.000000, -17.436800, -0.000000, 133.340040, 0.000000, 8.753352, 0.000000, -31.493306, 1000, 0.000100, -1.000000, -1.000000, 0.100000, 0.000100, 5.000000, 1.000000, 0.001000, 0.000010, 0.000000, 0.000000, 0.950000, 5.000000, 0.000000, -31.580744, -0.000000, 132.903722, 1000, 0.000100, 2.000000, -1.000000, -1.000000, 0.100000, 0.000100, 1.000000, 0.001000, 0.000010, 0.000000, 0.000000, 0.950000, 0.000000, 8.736113, 0.000000, -17.472225, 1000
6.17, 0.000100, 0.200000, 0.470000, -9.810000, 6.000000, 0.000000, 0.000000, 0.000000, 10.000000, -1.000000, 1.000000, -1.000000, 0.100000, 0.000100, 1.000000, 0.001000, 0.000010, 0.000000, 0.000000, 0.950000, 0.000000, -17.472225, -0.000000, 132.903722, 0.000000, 8.770116, 0.000000, -31.405697, 1000, 0.000100, -1.000000, -1.000000, 0.100000, 0.000100, 5.000000, 1.000000, 0.001000, 0.000010, 0.000000, 0.000000, 0.950000, 5.000000, 0.000000, -31.493306, -0.000000, 132.466528, 1000, 0.000100, 2.000000, -1.000000, -1.000000, 0.100000, 0.000100, 1.000000, 0.001000, 0.000010, 0.000000, 0.000000, 0.950000, 0.000000, 8.753352, 0.000000, -17.506703, 1000
6.18, 0.000100, 0.200000, 0.470000, -9.810000, 6.000000, 0.000000, 0.000000, 0.000000, 10.000000, -1.000000, 1.000000, -1.000000, 0.100000, 0.000100, 1.000000, 0.001000, 0.000010, 0.000000, 0.000000, 0.950000, 0.000000, -17.506703, -0.000000, 132.466528, 0.000000, 8.786407, 0.000000, -31.317922, 1000, 0.000100, -1.000000, -1.000000, 0.100000, 0.000100, 5.000000, 1.000000, 0.001000, 0.000010, 0.000000, 0.000000, 0.950000, 5.000000, 0.000000, -31.405697, -0.000000, 132.028483, 1000, 0.000100, 2.000000, -1.000000, -1.000000, 0.100000, 0.000100, 1.000000, 0.001000, 0.000010, 0.000000, 0.000000, 0.950000, 0.000000, 8.770116, 0.000000, -17.540233, 1000
6.19, 0.000100, 0.200000, 0.470000, -9.810000, 6.000000, 0.000000, 0.000000, 0.000000, 10.000000, -1.000000, 1.000000, -1.000000, 0.100000, 0.000100, 1.000000, 0.001000, 0.000010, 0.000000, 0.000000, 0.950000, 0.000000, -17.540233, -0.000000, 132.028483, 0.000000, 8.802225, 0.000000, -31.229987, 1000, 0.000100, -1.000000, -1.000000, 0.100000, 0.000100, 5.000000, 1.000000, 0.001000, 0.000010, 0.000000, 0.000000, 0.950000, 5.000000, 0.000000, -31.317922, -0.000000, 131.589611, 1000, 0.000100, 2.000000, -1.000000, -1.000000, 0.100000, 0.000100, 1.000000, 0.001000, 0.000010, 0.000000, 0.000000, 0.950000, 0.000000, 8.786407, 0.000000, -17.572815, 1000
6.2, 0.000100, 0.200000, 0.470000, -9.810000, 6.000000, 0.000000, 0.000000, 0.000000, 10.000000, -1.000000, 1.000000, -1.000000, 0.100000, 0.000100, 1.000000, 0.001000, 0.000010, 0.000000, 0.000000, 0.950000, 0.000000, -17.572815, -0.000000, 131.589611, 0.000000, 8.817569, 0.000000, -31.141896, 1000, 0.000100, -1.000000, -1.000000, 0.100000, 0.000100, 5.000000, 1.000000, 0.001000, 0.000010, 0.000000, 0.000000, 0.950000, 5.000000, 0.000000, -31.229987, -0.000000, 131.149935, 1000, 0.000100, 2.000000, -1.000000, -1.000000, 0.100000, 0.000100, 1.000000, 0.001000, 0.000010, 0.000000, 0.000000, 0.950000, 0.000000, 8.802225, 0.000000, -17.604450, 1000
6.21, 0.000100, 0.200000, 0.470000, -9.810000, 6.000000, 0.000000, 0.000000, 0.000000, 10.000000, -1.000000, 1.000000, -1.000000, 0.100000, 0.000100, 1.000000, 0.001000, 0.000010, 0.000000, 0.000000, 0.950000, 0.000000, -17.604450, -0.000000, 131.149935, 0.000000, 8.832439, 0.000000, -31.053653, 1000, 0.000100, -1.000000, -1.000000, 0.100000, 0.000100, 5.000000, 1.000000, 0.001000, 0.000010, 0.000000, 0.000000, 0.950000, 5.000000, 0.000000, -31.141896, -0.000000, 130.709478, 1000, 0.000100, 2.000000, -1.000000, -1.000000, 0.100000, 0.000100, 1.000000, 0.001000, 0.000010, 0.000000, 0.000000, 0.950000, 0.000000, 8.817569, 0.000000, -17.635137, 1000
6.22, 0.000100, 0.200000, 0.470000, -9.810000, 6.000000, 0.000000, 0.000000, 0.000000, 10.000000, -1.000000, 1.000000, -1.000000, 0.100000, 0.000100, 1.000000, 0.001000, 0.000010, 0.000000, 0.000000, 0.950000, 0.000000, -17.635137, -0.000000, 130.709478, 0.000000, 8.846837, 0.000000, -30.965264, 1000, 0.000100, -1.000000, -1.000000, 0.100000, 0.000100, 5.000000, 1.000000, 0.001000, 0.000010, 0.000000, 0.000000, 0.950000, 5.000000, 0.000000, -31.053653, -0.000000, 130.268265, 1000, 0.000100, 2.000000, -1.000000, -1.000000, 0.100000, 0.000100, 1.000000, 0.001000, 0.000010, 0.000000, 0.000000, 0.950000, 0.000000, 8.832439, 0.000000, -17.664879, 1000
6.23, 0.000100, 0.200000, 0.470000, -9.810000, 6.000000, 0.000000, 0.000000, 0.000000, 10.000000, -1.000000, 1.000000, -1.000000, 0.100000, 0.000100, 1.000000, 0.001000, 0.000010, 0.000000, 0.000000, 0.950000, 0.000000, -17.664879, -0.000000, 130.268265, 0.000000, 8.860762, 0.000000, -30.876733, 1000, 0.000100, -1.000000, -1.000000, 0.100000, 0.000100, 5.000000, 1.000000, 0.001000, 0.000010, 0.000000, 0.000000, 0.950000, 5.000000, 0.000000, -30.965264, -0.000000, 129.826319, 1000, 0.000100, 2.000000, -1.000000, -1.000000, 0.100000, 0.000100, 1.000000, 0.001000, 0.000010, 0.000000, 0.000000, 0.950000, 0.000000, 8.846837, 0.000000, -17.693674, 1000
6.24, 0.000100, 0.200000, 0.470000, -9.810000, 6.000000, 0.000000, 0.000000, 0.000000, 10.000000, -1.000000, 1.000000, -1.000000, 0.100000, 0.000100, 1.000000, 0.001000, 0.000010, 0.000000, 0.000000, 0.950000, 0.000000, -17.693674, -0.000000, 129.826319, 0.000000, 8.874214, 0.000000, -30.788065, 1000, 0.000100, -1.000000, -1.000000, 0.100000, 0.000100, 5.000000, 1.000000, 0.001000, 0.000010, 0.000000, 0.000000, 0.950000, 5.000000, 0.000000, -30.876733, -0.000000, 129.383664, 1000, 0.000100, 2.000000, -1.000000, -1.000000, 0.100000, 0.000100, 1.000000, 0.001000, 0.000010, 0.000000, 0.000000, 0.950000, 0.000000, 8.860762, 0.000000, -17.721523, 1000
6.25, 0.000100, 0.200000, 0.470000, -9.810000, 6.000000, 0.000000, 0.000000, 0.000000, 10.000000, -1.000000, 1.000000, -1.000000, 0.100000, 0.000100, 1.000000, 0.001000, 0.000010, 0.000000, 0.000000, 0.950000, 0.000000, -17.721523, -0.000000, 129.383664, 0.000000, 8.887194, 0.000000, -30.699264, 1000, 0.000100, -1.000000, -1.000000, 0.100000, 0.000100, 5.000000, 1.000000, 0.001000, 0.000010, 0.000000, 0.000000, 0.950000, 5.000000, 0.000000, -30.788065, -0.000000, 128.940323, 1000, 0.000100, 2.000000, -1.000000, -1.000000, 0.100000, 0.000100, 1.000000, 0.001000, 0.000010, 0.000000, 0.000000, 0.950000, 0.000000, 8.874214, 0.000000, -17.748428, 1000
6.26, 0.000100, 0.200000, 0.470000, -9.810000, 6.000000, 0.000000, 0.000000, 0.000000, 10.000000, -1.000000, 1.000000, -1.000000, 0.100000, 0.000100, 1.000000, 0.001000, 0.000010, 0.000000, 0.000000, 0.950000, 0.000000, -17.748428, -0.000000, 128.940323, 0.000000, 8.899702, 0.000000, -30.610336, 1000, 0.000100, -1.000000, -1.000000, 0.100000, 0.000100, 5.000000, 1.000000, 0.001000, 0.000010, 0.000000, 0.000000, 0.950000, 5.000000, 0.000000, -30.699264, -0.000000, 128.496321, 1000, 0.000100, 2.000000, -1.000000, -1.000000, 0.100000, 0.000100, 1.000000, 0.001000, 0.000010, 0.000000, 0.000000, 0.950000, 0.000000, 8.887194, 0.000000, -17.774388, 1000
6.27, 0.000100, 0.200000, 0.470000, -9.810000, 6.000000, 0.000000, 0.000000, 0.000000, 10.000000, -1.000000, 1.000000, -1.000000, 0.100000, 0.000100, 1.000000, 0.001000, 0.000010, 0.000000, 0.000000, 0.950000, 0.000000, -17.774388, -0.000000, 128.496321, 0.000000, 8.911738, 0.000000, -30.521285, 1000, 0.000100, -1.000000, -1.000000, 0.100000, 0.000100, 5.000000, 1.000000, 0.001000, 0.000010, 0.000000, 0.000000, 0.950000, 5.000000, 0.000000, -30.610336, -0.000000, 128.051679, 1000, 0.000100, 2.000000, -1.000000, -1.000000, 0.100000, 0.000100, 1.000000, 0.001000, 0.000010, 0.000000, 0.000000, 0.950000, 0.000000, 8.899702, 0.000000, -17.799404, 1000
6.28, 0.000100, 0.200000, 0.470000, -9.810000, 6.000000, 0.000000, 0.000000, 0.000000, 10.000000, -1.000000, 1.000000, -1.000000, 0.100000, 0.000100, 1.000000, 0.001000, 0.000010, 0.000000, 0.000000, 0.950000, 0.000000, -17.799404, -0.000000, 128.051679, 0.000000, 8.923304, 0.000000, -30.432115, 1000, 0.000100, -1.000000, -1.000000, 0.100000, 0.000100, 5.000000, 1.000000, 0.001000, 0.000010, 0.000000, 0.000000, 0.950000, 5.000000, 0.000000, -30.521285, -0.000000, 127.606424, 1000, 0.000100, 2.000000, -1.000000, -1.000000, 0.100000, 0.000100, 1.000000, 0.001000, 0.000010, 0.000000, 0.000000, 0.950000, 0.000000, 8.911738, 0.000000, -17.823477, 1000
6.29, 0.000100, 0.200000, 0.470000, -9.810000, 6.000000, 0.000000, 0.000000, 0.000000, 10.000000, -1.000000, 1.000000, -1.000000, 0.100000, 0.000100, 1.000000, 0.001000, 0.000010, 0.000000, 0.000000, 0.950000, 0.000000, -17.823477, -0.000000, 127.606424, 0.000000, 8.934398, 0.000000, -30.342832, 1000, 0.000100, -1.000000, -1.000000, 0.100000, 0.000100, 5.000000, 1.000000, 0.001000, 0.000010, 0.000000, 0.000000, 0.950000, 5.000000, 0.000000, -30.432115, -0.000000, 127.160576, 1000, 0.000100, 2.000000, -1.000000, -1.000000, 0.100000, 0.000100, 1.000000, 0.001000, 0.000010, 0.000000, 0.000000, 0.950000, 0.000000, 8.923304, 0.000000, -17.846607, 1000
6.3, 0.000100, 0.200000, 0.470000, -9.810000, 6.000000, 0.000000, 0.000000, 0.000000, 10.000000, -1.000000, 1.000000, -1.000000, 0.100000, 0.000100, 1.000000, 0.001000, 0.000010, 0.000000, 0.000000, 0.950000, 0.000000, -17.846607, -0.000000, 127.160576, 0.000000, 8.945022, 0.000000, -30.253441, 1000, 0.000100, -1.000000, -1.000000, 0.100000, 0.000100, 5.000000, 1.000000, 0.001000, 0.000010, 0.000000, 0.000000, 0.950000, 5.000000, 0.000000, -30.342832, -0.000000, 126.714162, 1000, 0.000100, 2.000000, -1.000000, -1.000000, 0.100000, 0.000100, 1.000000, 0.001000, 0.000010, 0.000000, 0.000000, 0.950000, 0.000000, 8.934398, 0.000000, -17.868796, 1000
6.31, 0.000100, 0.200000, 0.470000, -9.810000, 6.000000, 0.000000, 0.000000, 0.000000, 10.000000, -1.000000, 1.000000, -1.000000, 0.100000, 0.000100, 1.000000, 0.001000, 0.000010, 0.000000, 0.000000, 0.950000, 0.000000, -17.868796, -0.000000, 126.714162, 0.000000, 8.955176, 0.000000, -30.163945, 1000, 0.000100, -1.000000, -1.000000, 0.100000, 0.000100, 5.000000, 1.000000, 0.001000, 0.000010, 0.000000, 0.000000, 0.950000, 5.000000, 0.000000, -30.253441, -0.000000, 126.267203, 1000, 0.000100, 2.000000, -1.000000, -1.000000, 0.100000, 0.000100, 1.000000, 0.001000, 0.000010, 0.000000, 0.000000, 0.950000, 0.000000, 8.945022, 0.000000, -17.890044, 1000
6.32, 0.000100, 0.200000, 0.470000, -9.810000, 6.000000, 0.000000, 0.000000, 0.000000, 10.000000, -1.000000, 1.000000, -1.000000, 0.100000, 0.000100, 1.000000, 0.001000, 0.000010, 0.000000, 0.000000, 0.950000, 0.000000, -17.890044, -0.000000, 126.267203, 0.000000, 8.964861, 0.000000, -30.074349, 1000, 0.000100, -1.000000, -1.000000, 0.100000, 0.000100, 5.000000, 1.000000, 0.001000, 0.000010, 0.000000, 0.000000, 0.950000, 5.000000, 0.000000, -30.163945, -0.000000, 125.819723, 1000, 0.000100, 2.000000, -1.000000, -1.000000, 0.100000, 0.000100, 1.000000, 0.001000, 0.000010, 0.000000, 0.000000, 0.950000, 0.000000, 8.955176, 0.000000, -17.910352, 1000
6.33, 0.000100, 0.200000, 0.470000, -9.810000, 6.000000, 0.000000, 0.000000, 0.000000, 10.000000, -1.000000, 1.000000, -1.000000, 0.100000, 0.000100, 1.000000, 0.001000, 0.000010, 0.000000, 0.000000, 0.950000, 0.000000, -17.910352, -0.000000, 125.819723, 0.000000, 8.974076, 0.000000, -29.984659, 1000, 0.000100, -1.000000, -1.000000, 0.100000, 0.000100, 5.000000, 1.000000, 0.001000, 0.000010, 0.000000, 0.000000, 0.950000, 5.000000, 0.000000, -30.074349, -0.000000, 125.371746, 1000, 0.000100, 2.000000, -1.000000, -1.000000, 0.100000, 0.000100, 1.000000, 0.001000, 0.000010, 0.000000, 0.000000, 0.950000, 0.000000, 8.964861, 0.000000, -17.929721, 1000
6.34, 0.000100, 0.200000, 0.470000, -9.810000, 6.000000, 0.000000, 0.000000, 0.000000, 10.000000, -1.000000, 1.000000, -1.000000, 0.100000, 0.000100, 1.000000, 0.001000, 0.000010, 0.000000, 0.000000, 0.950000, 0.000000, -17.929721, -0.000000, 125.371746, 0.000000, 8.982823, 0.000000, -29.894879, 1000, 0.000100, -1.000000, -1.000000, 0.100000, 0.000100, 5.000000, 1.000000, 0.001000, 0.000010, 0.000000, 0.000000, 0.950000, 5.000000, 0.000000, -29.984659, -0.000000, 124.923296, 1000, 0.000100, 2.000000, -1.000000, -1.000000, 0.100000, 0.000100, 1.000000, 0.001000, 0.000010, 0.000000, 0.000000, 0.950000, 0.000000, 8.974076, 0.000000, -17.948152, 1000
6.35, 0.000100, 0.200000, 0.470000, -9.810000, 6.000000, 0.000000, 0.000000, 0.000000, 10.000000, -1.000000, 1.000000, -1.000000, 0.100000, 0.000100, 1.000000, 0.001000, 0.000010, 0.000000, 0.000000, 0.950000, 0.000000, -17.948152, -0.000000, 124.923296, 0.000000, 8.991102, 0.000000, -29.805014, 1000, 0.000100, -1.000000, -1.000000, 0.100000, 0.000100, 5.000000, 1.000000, 0.001000, 0.000010, 0.000000, 0.000000, 0.950000, 5.000000, 0.000000, -29.894879, -0.000000, 124.474395, 1000, 0.000100, 2.000000, -1.000000, -1.000000, 0.100000, 0.000100, 1.000000, 0.001000, 0.000010, 0.000000, 0.000000, 0.950000, 0.000000, 8.982823, 0.000000, -17.965646, 1000
6.36, 0.000100, 0.200000, 0.470000, -9.810000, 6.000000, 0.000000, 0.000000, 0.000000, 10.000000, -1.000000, 1.000000, -1.000000, 0.100000, 0.000100, 1.000000, 0.001000, 0.000010, 0.000000, 0.000000, 0.950000, 0.000000, -17.965646, -0.000000, 124.474395, 0.000000, 8.998913, 0.000000, -29.715067, 1000, 0.000100, -1.000000, -1.000000, 0.100000, 0.000100, 5.000000, 1.000000, 0.001000, 0.000010, 0.000000, 0.000000, 0.950000, 5.000000, 0.000000, -29.805014, -0.000000, 124.025068, 1000, 0.000100, 2.000000, -1.000000, -1.000000, 0.100000, 0.000100, 1.000000, 0.001000, 0.000010, 0.000000, 0.000000, 0.950000, 0.000000, 8.991102, 0.000000, -17.982204, 1000
6.37, 0.000100, 0.200000, 0.470000, -9.810000, 6.000000, 0.000000, 0.000000, 0.000000, 10.000000, -1.000000, 1.000000, -1.000000, 0.100000, 0.000100, 1.000000, 0.001000, 0.000010, 0.000000, 0.000000, 0.950000, 0.000000, -17.982204, -0.000000, 124.025068, 0.000000, 9.006258, 0.000000, -29.625045, 1000, 0.000100, -1.000000, -1.000000, 0.100000, 0.000100, 5.000000, 1.000000, 0.001000, 0.000010, 0.000000, 0.000000, 0.950000, 5.000000, 0.000000, -29.715067, -0.000000, 123.575337, 1000, 0.000100, 2.000000, -1.000000, -1.000000, 0.100000, 0.000100, 1.000000, 0.001000, 0.000010, 0.000000, 0.000000, 0.950000, 0.000000, 8.998913, 0.000000, -17.997827, 1000
6.38, 0.000100, 0.200000, 0.470000, -9.810000, 6.000000, 0.000000, 0.000000, 0.000000, 10.000000, -1.000000, 1.000000, -1.000000, 0.100000, 0.000100, 1.000000, 0.001000, 0.000010, 0.000000, 0.000000, 0.950000, 0.000000, -17.997827, -0.000000, 123.575337, 0.000000, 9.013136, 0.000000, -29.534952, 1000, 0.000100, -1.000000, -1.000000, 0.100000, 0.000100, 5.000000, 1.000000, 0.001000, 0.000010, 0.000000, 0.000000, 0.950000, 5.000000, 0.000000, -29.625045, -0.000000, 123.125226, 1000, 0.000100, 2.000000, -1.000000, -1.000000, 0.100000, 0.000100, 1.000000, 0.001000, 0.000010, 0.000000, 0.000000, 0.950000, 0.000000, 9.006258, 0.000000, -18.012516, 1000
6.39, 0.000100, 0.200000, 0.470000, -9.810000, 6.000000, 0.000000, 0.000000, 0.000000, 10.000000, -1.000000, 1.000000, -1.000000, 0.100000, 0.000100, 1.000000, 0.001000, 0.000010, 0.000000, 0.000000, 0.950000, 0.000000, -18.012516, -0.000000, 123.125226, 0.000000, 9.019549, 0.000000, -29.444791, 1000, 0.000100, -1.000000, -1.000000, 0.100000, 0.000100, 5.000000, 1.000000, 0.001000, 0.000010, 0.000000, 0.000000, 0.950000, 5.000000, 0.000000, -29.534952, -0.000000, 122.674759, 1000, 0.000100, 2.000000, -1.000000, -1.000000, 0.100000, 0.000100, 1.000000, 0.001000, 0.000010, 0.000000, 0.000000, 0.950000, 0.000000, 9.013136, 0.000000, -18.026272, 1000
6.4, 0.000100, 0.200000, 0.470000, -9.810000, 6.000000, 0.000000, 0.000000, 0.000000, 10.000000, -1.000000, 1.000000, -1.000000, 0.100000, 0.000100, 1.000000, 0.001000, 0.000010, 0.000000, 0.000000, 0.950000, 0.000000, -18.026272, -0.000000, 122.674759, 0.000000, 9.025496, 0.000000, -29.354569, 1000, 0.000100, -1.000000, -1.000000, 0.100000, 0.000100, 5.000000, 1.000000, 0.001000, 0.000010, 0.000000, 0.000000, 0.950000, 5.000000, 0.000000, -29.444791, -0.000000, 122.223957, 1000, 0.000100, 2.000000, -1.000000, -1.000000, 0.100000, 0.000100, 1.000000, 0.001000, 0.000010, 0.000000, 0.000000, 0.950000, 0.000000, 9.019549, 0.000000, -18.039098, 1000
6.41, 0.000100, 0.200000, 0.470000, -9.810000, 6.000000, 0.000000, 0.000000, 0.000000, 10.000000, -1.000000, 1.000000, -1.000000, 0.100000, 0.000100, 1.000000, 0.001000, 0.000010, 0.000000, 0.000000, 0.950000, 0.000000, -18.039098, -0.000000, 122.223957, 0.000000, 9.030979, 0.000000, -29.264290, 1000, 0.000100, -1.000000, -1.000000, 0.100000, 0.000100, 5.000000, 1.000000, 0.001000, 0.000010, 0.000000, 0.000000, 0.950000, 5.000000, 0.000000, -29.354569, -0.000000, 121.772846, 1000, 0.000100, 2.000000, -1.000000, -1.000000, 0.100000, 0.000100, 1.000000, 0.001000, 0.000010, 0.000000, 0.000000, 0.950000, 0.000000, 9.025496, 0.000000, -18.050993, 1000
6.42, 0.000100, 0.200000, 0.470000, -9.810000, 6.000000, 0.000000, 0.000000, 0.000000, 10.000000, -1.000000, 1.000000, -1.000000, 0.100000, 0.000100, 1.000000, 0.001000, 0.000010, 0.000000, 0.000000, 0.950000, 0.000000, -18.050993, -0.000000, 121.772846, 0.000000, 9.035999, 0.000000, -29.173957, 1000, 0.000100, -1.000000, -1.000000, 0.100000, 0.000100, 5.000000, 1.000000, 0.001000, 0.000010, 0.000000, 0.000000, 0.950000, 5.000000, 0.000000, -29.264290, -0.000000, 121.321448, 1000, 0.000100, 2.000000, -1.000000, -1.000000, 0.100000, 0.000100, 1.000000, 0.001000, 0.000010, 0.000000, 0.000000, 0.950000, 0.000000, 9.030979, 0.000000, -18.061959, 1000
6.43, 0.000100, 0.200000, 0.470000, -9.810000, 6.000000, 0.000000, 0.000000, 0.000000, 10.000000, -1.000000, 1.000000, -1.000000, 0.100000, 0.000100, 1.000000, 0.001000, 0.000010, 0.000000, 0.000000, 0.950000, 0.000000, -18.061959, -0.000000, 121.321448, 0.000000, 9.040555, 0.000000, -29.083577, 1000, 0.000100, -1.000000, -1.000000, 0.100000, 0.000100, 5.000000, 1.000000, 0.001000, 0.000010, 0.000000, 0.000000, 0.950000, 5.000000, 0.000000, -29.173957, -0.000000, 120.869786, 1000, 0.000100, 2.000000, -1.000000, -1.000000, 0.100000, 0.000100, 1.000000, 0.001000, 0.000010, 0.000000, 0.000000, 0.950000, 0.000000, 9.035999, 0.000000, -18.071998, 1000
6.44, 0.000100, 0.200000, 0.470000, -9.810000, 6.000000, 0.000000, 0.000000, 0.000000, 10.000000, -1.000000, 1.000000, -1.000000, 0.100000, 0.000100, 1.000000, 0.001000, 0.000010, 0.000000, 0.000000, 0.950000, 0.000000, -18.071998, -0.000000, 120.869786, 0.000000, 9.044649, 0.000000, -28.993153, 1000, 0.000100, -1.000000, -1.000000, 0.100000, 0.000100, 5.000000, 1.000000, 0.001000, 0.000010, 0.000000, 0.000000, 0.950000, 5.000000, 0.000000, -29.083577, -0.000000, 120.417884, 1000, 0.000100, 2.000000, -1.000000, -1.000000, 0.100000, 0.000100, 1.000000, 0.001000, 0.000010, 0.000000, 0.000000, 0.950000, 0.000000, 9.040555, 0.000000, -18.081111, 1000
6.45, 0.000100, 0.200000, 0.470000, -9.810000, 6.000000, 0.000000, 0.000000, 0.000000, 10.000000, -1.000000, 1.000000, -1.000000, 0.100000, 0.000100, 1.000000, 0.001000, 0.000010, 0.000000, 0.000000, 0.950000, 0.000000, -18.081111, -0.000000, 120.417884, 0.000000, 9.048282, 0.000000, -28.902690, 1000, 0.000100, -1.000000, -1.000000, 0.100000, 0.000100, 5.000000, 1.000000, 0.001000, 0.000010, 0.000000, 0.000000, 0.950000, 5.000000, 0.000000, -28.993153, -0.000000, 119.965764, 1000, 0.000100, 2.000000, -1.000000, -1.000000, 0.100000, 0.000100, 1.000000, 0.001000, 0.000010, 0.000000, 0.000000, 0.950000, 0.000000, 9.044649, 0.000000, -18.089299, 1000
6.46, 0.000100, 0.200000, 0.470000, -9.810000, 6.000000, 0.000000, 0.000000, 0.000000, 10.000000, -1.000000, 1.000000, -1.000000, 0.100000, 0.000100, 1.000000, 0.001000, 0.000010, 0.000000, 0.000000, 0.950000, 0.000000, -18.089299, -0.000000, 119.965764, 0.000000, 9.051454, 0.000000, -28.812193, 1000, 0.000100, -1.000000, -1.000000, 0.100000, 0.000100, 5.000000, 1.000000, 0.001000, 0.000010, 0.000000, 0.000000, 0.950000, 5.000000, 0.000000, -28.902690, -0.000000, 119.513449, 1000, 0.000100, 2.000000, -1.000000, -1.000000, 0.100000, 0.000100, 1.000000, 0.001000, 0.000010, 0.000000, 0.000000, 0.950000, 0.000000, 9.048282, 0.000000, -18.096564, 1000
6.47, 0.000100, 0.200000, 0.470000, -9.810000, 6.000000, 0.000000, 0.000000, 0.000000, 10.000000, -1.000000, 1.000000, -1.000000, 0.100000, 0.000100, 1.000000, 0.001000, 0.000010, 0.000000, 0.000000, 0.950000, 0.000000, -18.096564, -0.000000, 119.513449, 0.000000, 9.054166, 0.000000, -28.721666, 1000, 0.000100, -1.000000, -1.000000, 0.100000, 0.000100, 5.000000, 1.000000, 0.001000, 0.000010, 0.000000, 0.000000, 0.950000, 5.000000, 0.000000, -28.812193, -0.000000, 119.060964, 1000, 0.000100, 2.000000, -1.000000, -1.000000, 0.100000, 0.000100, 1.000000, 0.001000, 0.000010, 0.000000, 0.000000, 0.950000, 0.000000, 9.051454, 0.000000, -18.102908, 1000
6.48, 0.000100, 0.200000, 0.470000, -9.810000, 6.000000, 0.000000, 0.000000, 0.000000, 10.000000, -1.000000, 1.000000, -1.000000, 0.100000, 0.000100, 1.000000, 0.001000, 0.000010, 0.000000, 0.000000, 0.950000, 0.000000, -18.102908, -0.000000, 119.060964, 0.000000, 9.056418, 0.000000, -28.631114, 1000, 0.000100, -1.000000, -1.000000, 0.100000, 0.000100, 5.000000, 1.000000, 0.001000, 0.000010, 0.000000, 0.000000, 0.950000, 5.000000, 0.000000, -28.721666, -0.000000, 118.608330, 1000, 0.000100, 2.000000, -1.000000, -1.000000, 0.100000, 0.000100, 1.000000, 0.001000, 0.000010, 0.000000, 0.000000, 0.950000, 0.000000, 9.054166, 0.000000, -18.108331, 1000
6.49, 0.000100, 0.200000, 0.470000, -9.810000, 6.000000, 0.000000, 0.000000, 0.000000, 10.000000, -1.000000, 1.000000, -1.000000, 0.100000, 0.000100, 1.000000, 0.001000, 0.000010, 0.000000, 0.000000, 0.950000, 0.000000, -18.108331, -0.000000, 118.608330, 0.000000, 9.058213, 0.000000, -28.540542, 1000, 0.000100, -1.000000, -1.000000, 0.100000, 0.000100, 5.000000, 1.000000, 0.001000, 0.000010, 0.000000, 0.000000, 0.950000, 5.000000, 0.000000, -28.631114, -0.000000, 118.155571, 1000, 0.000100, 2.000000, -1.000000, -1.000000, 0.100000, 0.000100, 1.000000, 0.001000, 0.000010, 0.000000, 0.000000, 0.950000, 0.000000, 9.056418, 0.000000, -18.112837, 1000
6.5, 0.000100, 0.200000, 0.470000, -9.810000, 6.000000, 0.000000, 0.000000, 0.000000, 10.000000, -1.000000, 1.000000, -1.000000, 0.100000, 0.000100, 1.000000, 0.001000, 0.000010, 0.000000, 0.000000, 0.950000, 0.000000, -18.112837, -0.000000, 118.155571, 0.000000, 9.059550, 0.000000, -28.449954, 1000, 0.000100, -1.000000, -1.000000, 0.100000, 0.000100, 5.000000, 1.000000, 0.001000, 0.000010, 0.000000, 0.000000, 0.950000, 5.000000, 0.000000, -28.540542, -0.000000, 117.702710, 1000, 0.000100, 2.000000, -1.000000, -1.000000, 0.100000, 0.000100, 1.000000, 0.001000, 0.000010, 0.000000, 0.000000, 0.950000, 0.000000, 9.058213, 0.000000, -18.116426, 1000
6.51, 0.000100, 0.200000, 0.470000, -9.810000, 6.000000, 0.000000, 0.000000, 0.000000, 10.000000, -1.000000, 1.000000, -1.000000, 0.100000, 0.000100, 1.000000, 0.001000, 0.000010, 0.000000, 0.000000, 0.950000, 0.000000, -18.116426, -0.000000, 117.702710, 0.000000, 9.060430, 0.000000, -28.359354, 1000, 0.000100, -1.000000, -1.000000, 0.100000, 0.000100, 5.000000, 1.000000, 0.001000, 0.000010, 0.000000, 0.000000, 0.950000, 5.000000, 0.000000, -28.449954, -0.000000, 117.249769, 1000, 0.000100, 2.000000, -1.000000, -1.000000, 0.100000, 0.000100, 1.000000, 0.001000, 0.000010, 0.000000, 0.000000, 0.950000, 0.000000, 9.059550, 0.000000, -18.119099, 1000
6.52, 0.000100, 0.200000, 0.470000, -9.810000, 6.000000, 0.000000, 0.000000, 0.000000, 10.000000, -1.000000, 1.000000, -1.000000, 0.100000, 0.000100, 1.000000, 0.001000, 0.000010, 0.000000, 0.000000, 0.950000, 0.000000, -18.119099, -0.000000, 117.249769, 0.000000, 9.060855, 0.000000, -28.268748, 1000, 0.000100, -1.000000, -1.000000, 0.100000, 0.000100, 5.000000, 1.000000, 0.001000, 0.000010, 0.000000, 0.000000, 0.950000, 5.000000, 0.000000, -28.359354, -0.000000, 116.796772, 1000, 0.000100, 2.000000, -1.000000, -1.000000, 0.100000, 0.000100, 1.000000, 0.001000, 0.000010, 0.000000, 0.000000, 0.950000, 0.000000, 9.060430, 0.000000, -18.120860, 1000
6.53, 0.000100, 0.200000, 0.470000, -9.810000, 6.000000, 0.000000, 0.000000, 0.000000, 10.000000, -1.000000, 1.000000, -1.000000, 0.100000, 0.000100, 1.000000, 0.001000, 0.000010, 0.000000, 0.000000, 0.950000, 0.000000, -18.120860, -0.000000, 116.796772, 0.000000, 9.060824, 0.000000, -28.178140, 1000, 0.000100, -1.000000, -1.000000, 0.100000, 0.000100, 5.000000, 1.000000, 0.001000, 0.000010, 0.000000, 0.000000, 0.950000, 5.000000, 0.000000, -28.268748, -0.000000, 116.343741, 1000, 0.000100, 2.000000, -1.000000, -1.000000, 0.100000, 0.000100, 1.000000, 0.001000, 0.000010, 0.000000, 0.000000, 0.950000, 0.000000, 9.060855, 0.000000, -18.121709, 1000
6.54, 0.000100, 0.200000, 0.470000, -9.810000, 6.000000, 0.000000, 0.000000, 0.000000, 10.000000, -1.000000, 1.000000, -1.000000, 0.100000, 0.000100, 1.000000, 0.001000, 0.000010, 0.000000, 0.000000, 0.950000, 0.000000, -18.121709, -0.000000, 116.343741, 0.000000, 9.060340, 0.000000, -28.087534, 1000, 0.000100, -1.000000, -1.000000, 0.100000, 0.000100, 5.000000, 1.000000, 0.001000, 0.000010, 0.000000, 0.000000, 0.950000, 5.000000, 0.000000, -28.178140, -0.000000, 115.890699, 1000, 0.000100, 2.000000, -1.000000, -1.000000, 0.100000, 0.000100, 1.000000, 0.001000, 0.000010, 0.000000, 0.000000, 0.950000, 0.000000, 9.060824, 0.000000, -18.121649, 1000
6.55, 0.000100, 0.200000, 0.470000, -9.810000, 6.000000, 0.000000, 0.000000, 0.000000, 10.000000, -1.000000, 1.000000, -1.000000, 0.100000, 0.000100, 1.000000, 0.001000, 0.000010, 0.000000, 0.000000, 0.950000, 0.000000, -18.121649, -0.000000, 115.890699, 0.000000, 9.059403, 0.000000, -27.996935, 1000, 0.000100, -1.000000, -1.000000, 0.100000, 0.000100, 5.000000, 1.000000, 0.001000, 0.000010, 0.000000, 0.000000, 0.950000, 5.000000, 0.000000, -28.087534, -0.000000, 115.437669, 1000, 0.000100, 2.000000, -1.000000, -1.000000, 0.100000, 0.000100, 1.000000, 0.001000, 0.000010, 0.000000, 0.000000, 0.950000, 0.000000, 9.060340, 0.000000, -18.120681, 1000
6.56, 0.000100, 0.200000, 0.470000, -9.810000, 6.000000, 0.000000, 0.000000, 0.000000, 10.000000, -1.000000, 1.000000, -1.000000, 0.100000, 0.000100, 1.000000, 0.001000, 0.000010, 0.000000, 0.000000, 0.950000, 0.000000, -18.120681, -0.000000, 115.437669, 0.000000, 9.058015, 0.000000, -27.906347, 1000, 0.000100, -1.000000, -1.000000, 0.100000, 0.000100, 5.000000, 1.000000, 0.001000, 0.000010, 0.000000, 0.000000, 0.950000, 5.000000, 0.000000, -27.996935, -0.000000, 114.984673, 1000, 0.000100, 2.000000, -1.000000, -1.000000, 0.100000, 0.000100, 1.000000, 0.001000, 0.000010, 0.000000, 0.000000, 0.950000, 0.000000, 9.059403, 0.000000, -18.118807, 1000
6.57, 0.000100, 0.200000, 0.470000, -9.810000, 6.000000, 0.000000, 0.000000, 0.000000, 10.000000, -1.000000, 1.000000, -1.000000, 0.100000, 0.000100, 1.000000, 0.001000, 0.000010, 0.000000, 0.000000, 0.950000, 0.000000, -18.118807, -0.000000, 114.984673, 0.000000, 9.056175, 0.000000, -27.815775, 1000, 0.000100, -1.000000, -1.000000, 0.100000, 0.000100, 5.000000, 1.000000, 0.001000, 0.000010, 0.000000, 0.000000, 0.950000, 5.000000, 0.000000, -27.906347, -0.000000, 114.531734, 1000, 0.000100, 2.000000, -1.000000, -1.000000, 0.100000, 0.000100, 1.000000, 0.001000, 0.000010, 0.000000, 0.000000, 0.950000, 0.000000, 9.058015, 0.000000, -18.116029, 1000
6.58, 0.000100, 0.200000, 0.470000, -9.810000, 6.000000, 0.000000, 0.000000, 0.000000, 10.000000, -1.000000, 1.000000, -1.000000, 0.100000, 0.000100, 1.000000, 0.001000, 0.000010, 0.000000, 0.000000, 0.950000, 0.000000, -18.116029, -0.000000, 114.531734, 0.000000, 9.053885, 0.000000, -27.725223, 1000, 0.000100, -1.000000, -1.000000, 0.100000, 0.000100, 5.000000, 1.000000, 0.001000, 0.000010, 0.000000, 0.000000, 0.950000, 5.000000, 0.000000, -27.815775, -0.000000, 114.078874, 1000, 0.000100, 2.000000, -1.000000, -1.000000, 0.100000, 0.000100, 1.000000, 0.001000, 0.000010, 0.000000, 0.000000, 0.950000, 0.000000, 9.056175, 0.000000, -18.112350, 1000
6.59, 0.000100, 0.200000, 0.470000, -9.810000, 6.000000, 0.000000, 0.000000, 0.000000, 10.000000, -1.000000, 1.000000, -1.000000, 0.100000, 0.000100, 1.000000, 0.001000, 0.000010, 0.000000, 0.000000, 0.950000, 0.000000, -18.112350, -0.000000, 114.078874, 0.000000, 9.051147, 0.000000, -27.634697, 1000, 0.000100, -1.000000, -1.000000, 0.100000, 0.000100, 5.000000, 1.000000, 0.001000, 0.000010, 0.000000, 0.000000, 0.950000, 5.000000, 0.000000, -27.725223, -0.000000, 113.626117, 1000, 0.000100, 2.000000, -1.000000, -1.000000, 0.100000, 0.000100, 1.000000, 0.001000, 0.000010, 0.000000, 0.000000, 0.950000, 0.000000, 9.053885, 0.000000, -18.107770, 1000
6.6, 0.000100, 0.200000, 0.470000, -9.810000, 6.000000, 0.000000, 0.000000, 0.000000, 10.000000, -1.000000, 1.000000, -1.000000, 0.100000, 0.000100, 1.000000, 0.001000, 0.000010, 0.000000, 0.000000, 0.950000, 0.000000, -18.107770, -0.000000, 113.626117, 0.000000, 9.047960, 0.000000, -27.544200, 1000, 0.000100, -1.000000, -1.000000, 0.100000, 0.000100, 5.000000, 1.000000, 0.001000, 0.000010, 0.000000, 0.000000, 0.950000, 5.000000, 0.000000, -27.634697, -0.000000, 113.173485, 1000, 0.000100, 2.000000, -1.000000, -1.000000, 0.100000, 0.000100, 1.000000, 0.001000, 0.000010, 0.000000, 0.000000, 0.950000, 0.000000, 9.051147, 0.000000, -18.102293, 1000
6.61, 0.000100, 0.200000, 0.470000, -9.810000, 6.000000, 0.000000, 0.000000, 0.000000, 10.000000, -1.000000, 1.000000, -1.000000, 0.100000, 0.000100, 1.000000, 0.001000, 0.000010, 0.000000, 0.000000, 0.950000, 0.000000, -18.102293, -0.000000, 113.173485, 0.000000, 9.044327, 0.000000, -27.453737, 1000, 0.000100, -1.000000, -1.000000, 0.100000, 0.000100, 5.000000, 1.000000, 0.001000, 0.000010, 0.000000, 0.000000, 0.950000, 5.000000, 0.000000, -27.544200, -0.000000, 112.720999, 1000, 0.000100, 2.000000, -1.000000, -1.000000, 0.100000, 0.000100, 1.000000, 0.001000, 0.000010, 0.000000, 0.000000, 0.950000, 0.000000, 9.047960, 0.000000, -18.095921, 1000
6.62, 0.000100, 0.200000, 0.470000, -9.810000, 6.000000, 0.000000, 0.000000, 0.000000, 10.000000, -1.000000, 1.000000, -1.000000, 0.100000, 0.000100, 1.000000, 0.001000, 0.000010, 0.000000, 0.000000, 0.950000, 0.000000, -18.095921, -0.000000, 112.720999, 0.000000, 9.040249, 0.000000, -27.363312, 1000, 0.000100, -1.000000, -1.000000, 0.100000, 0.000100, 5.000000, 1.000000, 0.001000, 0.000010, 0.000000, 0.000000, 0.950000, 5.000000, 0.000000, -27.453737, -0.000000, 112.268683, 1000, 0.000100, 2.000000, -1.000000, -1.000000, 0.100000, 0.000100, 1.000000, 0.001000, 0.000010, 0.000000, 0.000000, 0.950000, 0.000000, 9.044327, 0.000000, -18.088655, 1000
6.63, 0.000100, 0.200000, 0.470000, -9.810000, 6.000000, 0.000000, 0.000000, 0.000000, 10.000000, -1.000000, 1.000000, -1.000000, 0.100000, 0.000100, 1.000000, 0.001000, 0.000010, 0.000000, 0.000000, 0.950000, 0.000000, -18.088655, -0.000000, 112.268683, 0.000000, 9.035726, 0.000000, -27.272929, 1000, 0.000100, -1.000000, -1.000000, 0.100000, 0.000100, 5.000000, 1.000000, 0.001000, 0.000010, 0.000000, 0.000000, 0.950000, 5.000000, 0.000000, -27.363312, -0.000000, 111.816558, 1000, 0.000100, 2.000000, -1.000000, -1.000000, 0.100000, 0.000100, 1.000000, 0.001000, 0.000010, 0.000000, 0.000000, 0.950000, 0.000000, 9.040249, 0.000000, -18.080498, 1000
6.64, 0.000100, 0.200000, 0.470000, -9.810000, 6.000000, 0.000000, 0.000000, 0.000000, 10.000000, -1.000000, 1.000000, -1.000000, 0.100000, 0.000100, 1.000000, 0.001000, 0.000010, 0.000000, 0.000000, 0.950000, 0.000000, -18.080498, -0.000000, 111.816558, 0.000000, 9.030759, 0.000000, -27.182595, 1000, 0.000100, -1.000000, -1.000000, 0.100000, 0.000100, 5.000000, 1.000000, 0.001000, 0.000010, 0.000000, 0.000000, 0.950000, 5.000000, 0.000000, -27.272929, -0.000000, 111.364647, 1000, 0.000100, 2.000000, -1.000000, -1.000000, 0.100000, 0.000100, 1.000000, 0.001000, 0.000010, 0.000000, 0.000000, 0.950000, 0.000000, 9.035726, 0.000000, -18.071451, 1000
6.65, 0.000100, 0.200000, 0.470000, -9.810000, 6.000000, 0.000000, 0.000000, 0.000000, 10.000000, -1.000000, 1.000000, -1.000000, 0.100000, 0.000100, 1.000000, 0.001000, 0.000010, 0.000000, 0.000000, 0.950000, 0.000000, -18.071451, -0.000000, 111.364647, 0.000000, 9.025351, 0.000000, -27.092311, 1000, 0.000100, -1.000000, -1.000000, 0.100000, 0.000100, 5.000000, 1.000000, 0.001000, 0.000010, 0.000000, 0.000000, 0.950000, 5.000000, 0.000000, -27.182595, -0.000000, 110.912973, 1000, 0.000100, 2.000000, -1.000000, -1.000000, 0.100000, 0.000100, 1.000000, 0.001000, 0.000010, 0.000000, 0.000000, 0.950000, 0.000000, 9.030759, 0.000000, -18.061519, 1000
6.66, 0.000100, 0.200000, 0.470000, -9.810000, 6.000000, 0.000000, 0.000000, 0.000000, 10.000000, -1.000000, 1.000000, -1.000000, 0.100000, 0.000100, 1.000000, 0.001000, 0.000010, 0.000000, 0.000000, 0.950000, 0.000000, -18.061519, -0.000000, 110.912973, 0.000000, 9.019501, 0.000000, -27.002084, 1000, 0.000100, -1.000000, -1.000000, 0.100000, 0.000100, 5.000000, 1.000000, 0.001000, 0.000010, 0.000000, 0.000000, 0.950000, 5.000000, 0.000000, -27.092311, -0.000000, 110.461557, 1000, 0.000100, 2.000000, -1.000000, -1.000000, 0.100000, 0.000100, 1.000000, 0.001000, 0.000010, 0.000000, 0.000000, 0.950000, 0.000000, 9.025351, 0.000000, -18.050701, 1000
6.67, 0.000100, 0.200000, 0.470000, -9.810000, 6.000000, 0.000000, 0.000000, 0.000000, 10.000000, -1.000000, 1.000000, -1.000000, 0.100000, 0.000100, 1.000000, 0.001000, 0.000010, 0.000000, 0.000000, 0.950000, 0.000000, -18.050701, -0.000000, 110.461557, 0.000000, 9.013212, 0.000000, -26.911917, 1000, 0.000100, -1.000000, -1.000000, 0.100000, 0.000100, 5.000000, 1.000000, 0.001000, 0.000010, 0.000000, 0.000000, 0.950000, 5.000000, 0.000000, -27.002084, -0.000000, 110.010421, 1000, 0.000100, 2.000000, -1.000000, -1.000000, 0.100000, 0.000100, 1.000000, 0.001000, 0.000010, 0.000000, 0.000000, 0.950000, 0.000000, 9.019501, 0.000000, -18.039002, 1000
6.68, 0.000100, 0.200000, 0.470000, -9.810000, 6.000000, 0.000000, 0.000000, 0.000000, 10.000000, -1.000000, 1.000000, -1.000000, 0.100000, 0.000100, 1.000000, 0.001000, 0.000010, 0.000000, 0.000000, 0.950000, 0.000000, -18.039002, -0.000000, 110.010421, 0.000000, 9.006484, 0.000000, -26.821816, 1000, 0.000100, -1.000000, -1.000000, 0.100000, 0.000100, 5.000000, 1.000000, 0.001000, 0.000010, 0.000000, 0.000000, 0.950000, 5.000000, 0.000000, -26.911917, -0.000000, 109.559587, 1000, 0.000100, 2.000000, -1.000000, -1.000000, 0.100000, 0.000100, 1.000000, 0.001000, 0.000010, 0.000000, 0.000000, 0.950000, 0.000000, 9.013212, 0.000000, -18.026424, 1000
6.69, 0.000100, 0.200000, 0.470000, -9.810000, 6.000000, 0.000000, 0.000000, 0.000000, 10.000000, -1.000000, 1.000000, -1.000000, 0.100000, 0.000100, 1.000000, 0.001000, 0.000010, 0.000000, 0.000000, 0.950000, 0.000000, -18.026424, -0.000000, 109.559587, 0.000000, 8.999319, 0.000000, -26.731783, 1000, 0.000100, -1.000000, -1.000000, 0.100000, 0.000100, 5.000000, 1.000000, 0.001000, 0.000010, 0.000000, 0.000000, 0.950000, 5.000000, 0.000000, -26.821816, -0.000000, 109.109078, 1000, 0.000100, 2.000000, -1.000000, -1.000000, 0.100000, 0.000100, 1.000000, 0.001000, 0.000010, 0.000000, 0.000000, 0.950000, 0.000000, 9.006484, 0.000000, -18.012968, 1000
6.7, 0.000100, 0.200000, 0.470000, -9.810000, 6.000000, 0.000000, 0.000000, 0.000000, 10.000000, -1.000000, 1.000000, -1.000000, 0.100000, 0.000100, 1.000000, 0.001000, 0.000010, 0.000000, 0.000000, 0.950000, 0.000000, -18.012968, -0.000000, 109.109078, 0.000000, 8.991717, 0.000000, -26.641824, 1000, 0.000100, -1.000000, -1.000000, 0.100000, 0.000100, 5.000000, 1.000000, 0.001000, 0.000010, 0.000000, 0.000000, 0.950000, 5.000000, 0.000000, -26.731783, -0.000000, 108.658915, 1000, 0.000100, 2.000000, -1.000000, -1.000000, 0.100000, 0.000100, 1.000000, 0.001000, 0.000010, 0.000000, 0.000000, 0.950000, 0.000000, 8.999319, 0.000000, -17.998637, 1000
6.71, 0.000100, 0.200000, 0.470000, -9.810000, 6.000000, 0.000000, 0.000000, 0.000000, 10.000000, -1.000000, 1.000000, -1.000000, 0.100000, 0.000100, 1.000000, 0.001000, 0.000010, 0.000000, 0.000000, 0.950000, 0.000000, -17.998637, -0.000000, 108.658915, 0.000000, 8.983681, 0.000000, -26.551943, 1000, 0.000100, -1.000000, -1.000000, 0.100000, 0.000100, 5.000000, 1.000000, 0.001000, 0.000010, 0.000000, 0.000000, 0.950000, 5.000000, 0.000000, -26.641824, -0.000000, 108.209120, 1000, 0.000100, 2.000000, -1.000000, -1.000000, 0.100000, 0.000100, 1.000000, 0.001000, 0.000010, 0.000000, 0.000000, 0.950000, 0.000000, 8.991717, 0.000000, -17.983434, 1000
6.72, 0.000100, 0.200000, 0.470000, -9.810000, 6.000000, 0.000000, 0.000000, 0.000000, 10.000000, -1.000000, 1.000000, -1.000000, 0.100000, 0.000100, 1.000000, 0.001000, 0.000010, 0.000000, 0.000000, 0.950000, 0.000000, -17.983434, -0.000000, 108.209120, 0.000000, 8.975211, 0.000000, -26.462144, 1000, 0.000100, -1.000000, -1.000000, 0.100000, 0.000100, 5.000000, 1.000000, 0.001000, 0.000010, 0.000000, 0.000000, 0.950000, 5.000000, 0.000000, -26.551943, -0.000000, 107.759715, 1000, 0.000100, 2.000000, -1.000000, -1.000000, 0.100000, 0.000100, 1.000000, 0.001000, 0.000010, 0.000000, 0.000000, 0.950000, 0.000000, 8.983681, 0.000000, -17.967362, 1000
6.73, 0.000100, 0.200000, 0.470000, -9.810000, 6.000000, 0.000000, 0.000000, 0.000000, 10.000000, -1.000000, 1.000000, -1.000000, 0.100000, 0.000100, 1.000000, 0.001000, 0.000010, 0.000000, 0.000000, 0.950000, 0.000000, -17.967362, -0.000000, 107.759715, 0.000000, 8.966310, 0.000000, -26.372432, 1000, 0.000100, -1.000000, -1.000000, 0.100000, 0.000100, 5.000000, 1.000000, 0.001000, 0.000010, 0.000000, 0.000000, 0.950000, 5.000000, 0.000000, -26.462144, -0.000000, 107.310722, 1000, 0.000100, 2.000000, -1.000000, -1.000000, 0.100000, 0.000100, 1.000000, 0.001000, 0.000010, 0.000000, 0.000000, 0.950000, 0.000000, 8.975211, 0.000000, -17.950423, 1000
6.74, 0.000100, 0.200000, 0.470000, -9.810000, 6.000000, 0.000000, 0.000000, 0.000000, 10.000000, -1.000000, 1.000000, -1.000000, 0.100000, 0.000100, 1.000000, 0.001000, 0.000010, 0.000000, 0.000000, 0.950000, 0.000000, -17.950423, -0.000000, 107.310722, 0.000000, 8.956977, 0.000000, -26.282811, 1000, 0.000100, -1.000000, -1.000000, 0.100000, 0.000100, 5.000000, 1.000000, 0.001000, 0.000010, 0.000000, 0.000000, 0.950000, 5.000000, 0.000000, -26.372432, -0.000000, 106.862161, 1000, 0.000100, 2.000000, -1.000000, -1.000000, 0.100000, 0.000100, 1.000000, 0.001000, 0.000010, 0.000000, 0.000000, 0.950000, 0.000000, 8.966310, 0.000000, -17.932619, 1000
6.75, 0.000100, 0.200000, 0.470000, -9.810000, 6.000000, 0.000000, 0.000000, 0.000000, 10.000000, -1.000000, 1.000000, -1.000000, 0.100000, 0.000100, 1.000000, 0.001000, 0.000010, 0.000000, 0.000000, 0.950000, 0.000000, -17.932619, -0.000000, 106.862161, 0.000000, 8.947215, 0.000000, -26.193285, 1000, 0.000100, -1.000000, -1.000000, 0.100000, 0.000100, 5.000000, 1.000000, 0.001000, 0.000010, 0.000000, 0.000000, 0.950000, 5.000000, 0.000000, -26.282811, -0.000000, 106.414056, 1000, 0.000100, 2.000000, -1.000000, -1.000000, 0.100000, 0.000100, 1.000000, 0.001000, 0.000010, 0.000000, 0.000000, 0.950000, 0.000000, 8.956977, 0.000000, -17.913954, 1000
6.76, 0.000100, 0.200000, 0.470000, -9.810000, 6.000000, 0.000000, 0.000000, 0.000000, 10.000000, -1.000000, 1.000000, -1.000000, 0.100000, 0.000100, 1.000000, 0.001000, 0.000010, 0.000000, 0.000000, 0.950000, 0.000000, -17.913954, -0.000000, 106.414056, 0.000000, 8.937024, 0.000000, -26.103859, 1000, 0.000100, -1.000000, -1.000000, 0.100000, 0.000100, 5.000000, 1.000000, 0.001000, 0.000010, 0.000000, 0.000000, 0.950000, 5.000000, 0.000000, -26.193285, -0.000000, 105.966427, 1000, 0.000100, 2.000000, -1.000000, -1.000000, 0.100000, 0.000100, 1.000000, 0.001000, 0.000010, 0.000000, 0.000000, 0.950000, 0.000000, 8.947215, 0.000000, -17.894430, 1000
6.77, 0.000100, 0.200000, 0.470000, -9.810000, 6.000000, 0.000000, 0.000000, 0.000000, 10.000000, -1.000000, 1.000000, -1.000000, 0.100000, 0.000100, 1.000000, 0.001000, 0.000010, 0.000000, 0.000000, 0.950000, 0.000000, -17.894430, -0.000000, 105.966427, 0.000000, 8.926407, 0.000000, -26.014537, 1000, 0.000100, -1.000000, -1.000000, 0.100000, 0.000100, 5.000000, 1.000000, 0.001000, 0.000010, 0.000000, 0.000000, 0.950000, 5.000000, 0.000000, -26.103859, -0.000000, 105.519295, 1000, 0.000100, 2.000000, -1.000000, -1.000000, 0.100000, 0.000100, 1.000000, 0.001000, 0.000010, 0.000000, 0.000000, 0.950000, 0.000000, 8.937024, 0.000000, -17.874049, 1000
6.78, 0.000100, 0.200000, 0.470000, -9.810000, 6.000000, 0.000000, 0.000000, 0.000000, 10.000000, -1.000000, 1.000000, -1.000000, 0.100000, 0.000100, 1.000000, 0.001000, 0.000010, 0.000000, 0.000000, 0.950000, 0.000000, -17.874049, -0.000000, 105.519295, 0.000000, 8.915365, 0.000000, -25.925322, 1000, 0.000100, -1.000000, -1.000000, 0.100000, 0.000100, 5.000000, 1.000000, 0.001000, 0.000010, 0.000000, 0.000000, 0.950000, 5.000000, 0.000000, -26.014537, -0.000000, 105.072683, 1000, 0.000100, 2.000000, -1.000000, -1.000000, 0.100000, 0.000100, 1.000000, 0.001000, 0.000010, 0.000000, 0.000000, 0.950000, 0.000000, 8.926407, 0.000000, -17.852815, 1000
6.79, 0.000100, 0.200000, 0.470000, -9.810000, 6.000000, 0.000000, 0.000000, 0.000000, 10.000000, -1.000000, 1.000000, -1.000000, 0.100000, 0.000100, 1.000000, 0.001000, 0.000010, 0.000000, 0.000000, 0.950000, 0.000000, -17.852815, -0.000000, 105.072683, 0.000000, 8.903899, 0.000000, -25.836220, 1000, 0.000100, -1.000000, -1.000000, 0.100000, 0.000100, 5.000000, 1.000000, 0.001000, 0.000010, 0.000000, 0.000000, 0.950000, 5.000000, 0.000000, -25.925322, -0.000000, 104.626611, 1000, 0.000100, 2.000000, -1.000000, -1.000000, 0.100000, 0.000100, 1.000000, 0.001000, 0.000010, 0.000000, 0.000000, 0.950000, 0.000000, 8.915365, 0.000000, -17.830730, 1000
6.8, 0.000100, 0.200000, 0.470000, -9.810000, 6.000000, 0.000000, 0.000000, 0.000000, 10.000000, -1.000000, 1.000000, -1.000000, 0.100000, 0.000100, 1.000000, 0.001000, 0.000010, 0.000000, 0.000000, 0.950000, 0.000000, -17.830730, -0.000000, 104.626611, 0.000000, 8.892010, 0.000000, -25.747235, 1000, 0.000100, -1.000000, -1.000000, 0.100000, 0.000100, 5.000000, 1.000000, 0.001000, 0.000010, 0.000000, 0.000000, 0.950000, 5.000000, 0.000000, -25.836220, -0.000000, 104.181101, 1000, 0.000100, 2.000000, -1.000000, -1.000000, 0.100000, 0.000100, 1.000000, 0.001000, 0.000010, 0.000000, 0.000000, 0.950000, 0.000000, 8.903899, 0.000000, -17.807798, 1000
6.81, 0.000100, 0.200000, 0.470000, -9.810000, 6.000000, 0.000000, 0.000000, 0.000000, 10.000000, -1.000000, 1.000000, -1.000000, 0.100000, 0.000100, 1.000000, 0.001000, 0.000010, 0.000000, 0.000000, 0.950000, 0.000000, -17.807798, -0.000000, 104.181101, 0.000000, 8.879700, 0.000000, -25.658370, 1000, 0.000100, -1.000000, -1.000000, 0.100000, 0.000100, 5.000000, 1.000000, 0.001000, 0.000010, 0.000000, 0.000000, 0.950000, 5.000000, 0.000000, -25.747235, -0.000000, 103.736173, 1000, 0.000100, 2.000000, -1.000000, -1.000000, 0.100000, 0.000100, 1.000000, 0.001000, 0.000010, 0.000000, 0.000000, 0.950000, 0.000000, 8.892010, 0.000000, -17.784020, 1000
6.82, 0.000100, 0.200000, 0.470000, -9.810000, 6.000000, 0.000000, 0.000000, 0.000000, 10.000000, -1.000000, 1.000000, -1.000000, 0.100000, 0.000100, 1.000000, 0.001000, 0.000010, 0.000000, 0.000000, 0.950000, 0.000000, -17.784020, -0.000000, 103.736173, 0.000000, 8.866971, 0.000000, -25.569630, 1000, 0.000100, -1.000000, -1.000000, 0.100000, 0.000100, 5.000000, 1.000000, 0.001000, 0.000010, 0.000000, 0.000000, 0.950000, 5.000000, 0.000000, -25.658370, -0.000000, 103.291850, 1000, 0.000100, 2.000000, -1.000000, -1.000000, 0.100000, 0.000100, 1.000000, 0.001000, 0.000010, 0.000000, 0.000000, 0.950000, 0.000000, 8.879700, 0.000000, -17.759401, 1000
6.83, 0.000100, 0.200000, 0.470000, -9.810000, 6.000000, 0.000000, 0.000000, 0.000000, 10.000000, -1.000000, 1.000000, -1.000000, 0.100000, 0.000100, 1.000000, 0.001000, 0.000010, 0.000000, 0.000000, 0.950000, 0.000000, -17.759401, -0.000000, 103.291850, 0.000000, 8.853824, 0.000000, -25.481020, 1000, 0.000100, -1.000000, -1.000000, 0.100000, 0.000100, 5.000000, 1.000000, 0.001000, 0.000010, 0.000000, 0.000000, 0.950000, 5.000000, 0.000000, -25.569630, -0.000000, 102.848151, 1000, 0.000100, 2.000000, -1.000000, -1.000000, 0.100000, 0.000100, 1.000000, 0.001000, 0.000010, 0.000000, 0.000000, 0.950000, 0.000000, 8.866971, 0.000000, -17.733942, 1000
6.84, 0.000100, 0.200000, 0.470000, -9.810000, 6.000000, 0.000000, 0.000000, 0.000000, 10.000000, -1.000000, 1.000000, -1.000000, 0.100000, 0.000100, 1.000000, 0.001000, 0.000010, 0.000000, 0.000000, 0.950000, 0.000000, -17.733942, -0.000000, 102.848151, 0.000000, 8.840260, 0.000000, -25.392542, 1000, 0.000100, -1.000000, -1.000000, 0.100000, 0.000100, 5.000000, 1.000000, 0.001000, 0.000010, 0.000000, 0.000000, 0.950000, 5.000000, 0.000000, -25.481020, -0.000000, 102.405098, 1000, 0.000100, 2.000000, -1.000000, -1.000000, 0.100000, 0.000100, 1.000000, 0.001000, 0.000010, 0.000000, 0.000000, 0.950000, 0.000000, 8.853824, 0.000000, -17.707648, 1000
6.85, 0.000100, 0.200000, 0.470000, -9.810000, 6.000000, 0.000000, 0.000000, 0.000000, 10.000000, -1.000000, 1.000000, -1.000000, 0.100000, 0.000100, 1.000000, 0.001000, 0.000010, 0.000000, 0.000000, 0.950000, 0.000000, -17.707648, -0.000000, 102.405098, 0.000000, 8.826282, 0.000000, -25.304203, 1000, 0.000100, -1.000000, -1.000000, 0.100000, 0.000100, 5.000000, 1.000000, 0.001000, 0.000010, 0.000000, 0.000000, 0.950000, 5.000000, 0.000000, -25.392542, -0.000000, 101.962712, 1000, 0.000100, 2.000000, -1.000000, -1.000000, 0.100000, 0.000100, 1.000000, 0.001000, 0.000010, 0.000000, 0.000000, 0.950000, 0.000000, 8.840260, 0.000000, -17.680520, 1000
6.86, 0.000100, 0.200000, 0.470000, -9.810000, 6.000000, 0.000000, 0.000000, 0.000000, 10.000000, -1.000000, 1.000000, -1.000000, 0.100000, 0.000100, 1.000000, 0.001000, 0.000010, 0.000000, 0.000000, 0.950000, 0.000000, -17.680520, -0.000000, 101.962712, 0.000000, 8.811889, 0.000000, -25.216005, 1000, 0.000100, -1.000000, -1.000000, 0.100000, 0.000100, 5.000000, 1.000000, 0.001000, 0.000010, 0.000000, 0.000000, 0.950000, 5.000000, 0.000000, -25.304203, -0.000000, 101.521014, 1000, 0.000100, 2.000000, -1.000000, -1.000000, 0.100000, 0.000100, 1.000000, 0.001000, 0.000010, 0.000000, 0.000000, 0.950000, 0.000000, 8.826282, 0.000000, -17.652563, 1000
6.87, 0.000100, 0.200000, 0.470000, -9.810000, 6.000000, 0.000000, 0.000000, 0.000000, 10.000000, -1.000000, 1.000000, -1.000000, 0.100000, 0.000100, 1.000000, 0.001000, 0.000010, 0.000000, 0.000000, 0.950000, 0.000000, -17.652563, -0.000000, 101.521014, 0.000000, 8.797085, 0.000000, -25.127952, 1000, 0.000100, -1.000000, -1.000000, 0.100000, 0.000100, 5.000000, 1.000000, 0.001000, 0.000010, 0.000000, 0.000000, 0.950000, 5.000000, 0.000000, -25.216005, -0.000000, 101.080024, 1000, 0.000100, 2.000000, -1.000000, -1.000000, 0.100000, 0.000100, 1.000000, 0.001000, 0.000010, 0.000000, 0.000000, 0.950000, 0.000000, 8.811889, 0.000000, -17.623779, 1000
6.88, 0.000100, 0.200000, 0.470000, -9.810000, 6.000000, 0.000000, 0.000000, 0.000000, 10.000000, -1.000000, 1.000000, -1.000000, 0.100000, 0.000100, 1.000000, 0.001000, 0.000010, 0.000000, 0.000000, 0.950000, 0.000000, -17.623779, -0.000000, 101.080024, 0.000000, 8.781871, 0.000000, -25.040050, 1000, 0.000100, -1.000000, -1.000000, 0.100000, 0.000100, 5.000000, 1.000000, 0.001000, 0.000010, 0.000000, 0.000000, 0.950000, 5.000000, 0.000000, -25.127952, -0.000000, 100.639762, 1000, 0.000100, 2.000000, -1.000000, -1.000000, 0.100000, 0.000100, 1.000000, 0.001000, 0.000010, 0.000000, 0.000000, 0.950000, 0.000000, 8.797085, 0.000000, -17.594171, 1000
6.89, 0.000100, 0.200000, 0.470000, -9.810000, 6.000000, 0.000000, 0.000000, 0.000000, 10.000000, -1.000000, 1.000000, -1.000000, 0.100000, 0.000100, 1.000000, 0.001000, 0.000010, 0.000000, 0.000000, 0.950000, 0.000000, -17.594171, -0.000000, 100.639762, 0.000000, 8.766248, 0.000000, -24.952302, 1000, 0.000100, -1.000000, -1.000000, 0.100000, 0.000100, 5.000000, 1.000000, 0.001000, 0.000010, 0.000000, 0.000000, 0.950000, 5.000000, 0.000000, -25.040050, -0.000000, 100.200250, 1000, 0.000100, 2.000000, -1.000000, -1.000000, 0.100000, 0.000100, 1.000000, 0.001000, 0.000010, 0.000000, 0.000000, 0.950000, 0.000000, 8.781871, 0.000000, -17.563743, 1000
6.9, 0.000100, 0.200000, 0.470000, -9.810000, 6.000000, 0.000000, 0.000000, 0.000000, 10.000000, -1.000000, 1.000000, -1.000000, 0.100000, 0.000100, 1.000000, 0.001000, 0.000010, 0.000000, 0.000000, 0.950000, 0.000000, -17.563743, -0.000000, 100.200250, 0.000000, 8.750218, 0.000000, -24.864711, 1000, 0.000100, -1.000000, -1.000000, 0.100000, 0.000100, 5.000000, 1.000000, 0.001000, 0.000010, 0.000000, 0.000000, 0.950000, 5.000000, 0.000000, -24.952302, -0.000000, 99.761508, 1000, 0.000100, 2.000000, -1.000000, -1.000000, 0.100000, 0.000100, 1.000000, 0.001000, 0.000010, 0.000000, 0.000000, 0.950000, 0.000000, 8.766248, 0.000000, -17.532497, 1000
6.91, 0.000100, 0.200000, 0.470000, -9.810000, 6.000000, 0.000000, 0.000000, 0.000000, 10.000000, -1.000000, 1.000000, -1.000000, 0.100000, 0.000100, 1.000000, 0.001000, 0.000010, 0.000000, 0.000000, 0.950000, 0.000000, -17.532497, -0.000000, 99.761508, 0.000000, 8.733783, 0.000000, -24.777283, 1000, 0.000100, -1.000000, -1.000000, 0.100000, 0.000100, 5.000000, 1.000000, 0.001000, 0.000010, 0.000000, 0.000000, 0.950000, 5.000000, 0.000000, -24.864711, -0.000000, 99.323556, 1000, 0.000100, 2.000000, -1.000000, -1.000000, 0.100000, 0.000100, 1.000000, 0.001000, 0.000010, 0.000000, 0.000000, 0.950000, 0.000000, 8.750218, 0.000000, -17.500437, 1000
6.92, 0.000100, 0.200000, 0.470000, -9.810000, 6.000000, 0.000000, 0.000000, 0.000000, 10.000000, -1.000000, 1.000000, -1.000000, 0.100000, 0.000100, 1.000000, 0.001000, 0.000010, 0.000000, 0.000000, 0.950000, 0.000000, -17.500437, -0.000000, 99.323556, 0.000000, 8.716944, 0.000000, -24.690021, 1000, 0.000100, -1.000000, -1.000000, 0.100000, 0.000100, 5.000000, 1.000000, 0.001000, 0.000010, 0.000000, 0.000000, 0.950000, 5.000000, 0.000000, -24.777283, -0.000000, 98.886415, 1000, 0.000100, 2.000000, -1.000000, -1.000000, 0.100000, 0.000100, 1.000000, 0.001000, 0.000010, 0.000000, 0.000000, 0.950000, 0.000000, 8.733783, 0.000000, -17.467566, 1000
6.93, 0.000100, 0.200000, 0.470000, -9.810000, 6.000000, 0.000000, 0.000000, 0.000000, 10.000000, -1.000000, 1.000000, -1.000000, 0.100000, 0.000100, 1.000000, 0.001000, 0.000010, 0.000000, 0.000000, 0.950000, 0.000000, -17.467566, -0.000000, 98.886415, 0.000000, 8.699703, 0.000000, -24.602929, 1000, 0.000100, -1.000000, -1.000000, 0.100000, 0.000100, 5.000000, 1.000000, 0.001000, 0.000010, 0.000000, 0.000000, 0.950000, 5.000000, 0.000000, -24.690021, -0.000000, 98.450105, 1000, 0.000100, 2.000000, -1.000000, -1.000000, 0.100000, 0.000100, 1.000000, 0.001000, 0.000010, 0.000000, 0.000000, 0.950000, 0.000000, 8.716944, 0.000000, -17.433888, 1000
6.94, 0.000100, 0.200000, 0.470000, -9.810000, 6.000000, 0.000000, 0.000000, 0.000000, 10.000000, -1.000000, 1.000000, -1.000000, 0.100000, 0.000100, 1.000000, 0.001000, 0.000010, 0.000000, 0.000000, 0.950000, 0.000000, -17.433888, -0.000000, 98.450105, 0.000000, 8.682061, 0.000000, -24.516012, 1000, 0.000100, -1.000000, -1.000000, 0.100000, 0.000100, 5.000000, 1.000000, 0.001000, 0.000010, 0.000000, 0.000000, 0.950000, 5.000000, 0.000000, -24.602929, -0.000000, 98.014646, 1000, 0.000100, 2.000000, -1.000000, -1.000000, 0.100000, 0.000100, 1.000000, 0.001000, 0.000010, 0.000000, 0.000000, 0.950000, 0.000000, 8.699703, 0.000000, -17.399406, 1000
6.95, 0.000100, 0.200000, 0.470000, -9.810000, 6.000000, 0.000000, 0.000000, 0.000000, 10.000000, -1.000000, 1.000000, -1.000000, 0.100000, 0.000100, 1.000000, 0.001000, 0.000010, 0.000000, 0.000000, 0.950000, 0.000000, -17.399406, -0.000000, 98.014646, 0.000000, 8.664021, 0.000000, -24.429272, 1000, 0.000100, -1.000000, -1.000000, 0.100000, 0.000100, 5.000000, 1.000000, 0.001000, 0.000010, 0.000000, 0.000000, 0.950000, 5.000000, 0.000000, -24.516012, -0.000000, 97.580058, 1000, 0.000100, 2.000000, -1.000000, -1.000000, 0.100000, 0.000100, 1.000000, 0.001000, 0.000010, 0.000000, 0.000000, 0.950000, 0.000000, 8.682061, 0.000000, -17.364123, 1000
6.96, 0.000100, 0.200000, 0.470000, -9.810000, 6.000000, 0.000000, 0.000000, 0.000000, 10.000000, -1.000000, 1.000000, -1.000000, 0.100000, 0.000100, 1.000000, 0.001000, 0.000010, 0.000000, 0.000000, 0.950000, 0.000000, -17.364123, -0.000000, 97.580058, 0.000000, 8.645584, 0.000000, -24.342715, 1000, 0.000100, -1.000000, -1.000000, 0.100000, 0.000100, 5.000000, 1.000000, 0.001000, 0.000010, 0.000000, 0.000000, 0.950000, 5.000000, 0.000000, -24.429272, -0.000000, 97.146360, 1000, 0.000100, 2.000000, -1.000000, -1.000000, 0.100000, 0.000100, 1.000000, 0.001000, 0.000010, 0.000000, 0.000000, 0.950000, 0.000000, 8.664021, 0.000000, -17.328043, 1000
6.97, 0.000100, 0.200000, 0.470000, -9.810000, 6.000000, 0.000000, 0.000000, 0.000000, 10.000000, -1.000000, 1.000000, -1.000000, 0.100000, 0.000100, 1.000000, 0.001000, 0.000010, 0.000000, 0.000000, 0.950000, 0.000000, -17.328043, -0.000000, 97.146360, 0.000000, 8.626752, 0.000000, -24.256344, 1000, 0.000100, -1.000000, -1.000000, 0.100000, 0.000100, 5.000000, 1.000000, 0.001000, 0.000010, 0.000000, 0.000000, 0.950000, 5.000000, 0.000000, -24.342715, -0.000000, 96.713574, 1000, 0.000100, 2.000000, -1.000000, -1.000000, 0.100000, 0.000100, 1.000000, 0.001000, 0.000010, 0.000000, 0.000000, 0.950000, 0.000000, 8.645584, 0.000000, -17.291168, 1000
6.98, 0.000100, 0.200000, 0.470000, -9.810000, 6.000000, 0.000000, 0.000000, 0.000000, 10.000000, -1.000000, 1.000000, -1.000000, 0.100000, 0.000100, 1.000000, 0.001000, 0.000010, 0.000000, 0.000000, 0.950000, 0.000000, -17.291168, -0.000000, 96.713574, 0.000000, 8.607526, 0.000000, -24.170163, 1000, 0.000100, -1.000000, -1.000000, 0.100000, 0.000100, 5.000000, 1.000000, 0.001000, 0.000010, 0.000000, 0.000000, 0.950000, 5.000000, 0.000000, -24.256344, -0.000000, 96.281719, 1000, 0.000100, 2.000000, -1.000000, -1.000000, 0.100000, 0.000100, 1.000000, 0.001000, 0.000010, 0.000000, 0.000000, 0.950000, 0.000000, 8.626752, 0.000000, -17.253503, 1000
6.99, 0.000100, 0.200000, 0.470000, -9.810000, 6.000000, 0.000000, 0.000000, 0.000000, 10.000000, -1.000000, 1.000000, -1.000000, 0.100000, 0.000100, 1.000000, 0.001000, 0.000010, 0.000000, 0.000000, 0.950000, 0.000000, -17.253503, -0.000000, 96.281719, 0.000000, 8.587908, 0.000000, -24.084176, 1000, 0.000100, -1.000000, -1.000000, 0.100000, 0.000100, 5.000000, 1.000000, 0.001000, 0.000010, 0.000000, 0.000000, 0.950000, 5.000000, 0.000000, -24.170163, -0.000000, 95.850814, 1000, 0.000100, 2.000000, -1.000000, -1.000000, 0.100000, 0.000100, 1.000000, 0.001000, 0.000010, 0.000000, 0.000000, 0.950000, 0.000000, 8.607526, 0.000000, -17.215051, 1000
7, 0.000100, 0.200000, 0.470000, -9.810000, 6.000000, 0.000000, 0.000000, 0.000000, 10.000000, -1.000000, 1.000000, -1.000000, 0.100000, 0.000100, 1.000000, 0.001000, 0.000010, 0.000000, 0.000000, 0.950000, 0.000000, -17.215051, -0.000000, 95.850814, 0.000000, 8.567900, 0.000000, -23.998387, 1000, 0.000100, -1.000000, -1.000000, 0.100000, 0.000100, 5.000000, 1.000000, 0.001000, 0.000010, 0.000000, 0.000000, 0.950000, 5.000000, 0.000000, -24.084176, -0.000000, 95.420879, 1000, 0.000100, 2.000000, -1.000000, -1.000000, 0.100000, 0.000100, 1.000000, 0.001000, 0.000010, 0.000000, 0.000000, 0.950000, 0.000000, 8.587908, 0.000000, -17.175816, 1000
7.01, 0.000100, 0.200000, 0.470000, -9.810000, 6.000000, 0.000000, 0.000000, 0.000000, 10.000000, -1.000000, 1.000000, -1.000000, 0.100000, 0.000100, 1.000000, 0.001000, 0.000010, 0.000000, 0.000000, 0.950000, 0.000000, -17.175816, -0.000000, 95.420879, 0.000000, 8.547505, 0.000000, -23.912800, 1000, 0.000100, -1.000000, -1.000000, 0.100000, 0.000100, 5.000000, 1.000000, 0.001000, 0.000010, 0.000000, 0.000000, 0.950000, 5.000000, 0.000000, -23.998387, -0.000000, 94.991934, 1000, 0.000100, 2.000000, -1.000000, -1.000000, 0.100000, 0.000100, 1.000000, 0.001000, 0.000010, 0.000000, 0.000000, 0.950000, 0.000000, 8.567900, 0.000000, -17.135801, 1000
7.02, 0.000100, 0.200000, 0.470000, -9.810000, 6.000000, 0.000000, 0.000000, 0.000000, 10.000000, -1.000000, 1.000000, -1.000000, 0.100000, 0.000100, 1.000000, 0.001000, 0.000010, 0.000000, 0.000000, 0.950000, 0.000000, -17.135801, -0.000000, 94.991934, 0.000000, 8.526723, 0.000000, -23.827418, 1000, 0.000100, -1.000000, -1.000000, 0.100000, 0.000100, 5.000000, 1.000000, 0.001000, 0.000010, 0.000000, 0.000000, 0.950000, 5.000000, 0.000000, -23.912800, -0.000000, 94.563998, 1000, 0.000100, 2.000000, -1.000000, -1.000000, 0.100000, 0.000100, 1.000000, 0.001000, 0.000010, 0.000000, 0.000000, 0.950000, 0.000000, 8.547505, 0.000000, -17.095009, 1000
7.03, 0.000100, 0.200000, 0.470000, -9.810000, 6.000000, 0.000000, 0.000000, 0.000000, 10.000000, -1.000000, 1.000000, -1.000000, 0.100000, 0.000100, 1.000000, 0.001000, 0.000010, 0.000000, 0.000000, 0.950000, 0.000000, -17.095009, -0.000000, 94.563998, 0.000000, 8.505556, 0.000000, -23.742246, 1000, 0.000100, -1.000000, -1.000000, 0.100000, 0.000100, 5.000000, 1.000000, 0.001000, 0.000010, 0.000000, 0.000000, 0.950000, 5.000000, 0.000000, -23.827418, -0.000000, 94.137090, 1000, 0.000100, 2.000000, -1.000000, -1.000000, 0.100000, 0.000100, 1.000000, 0.001000, 0.000010, 0.000000, 0.000000, 0.950000, 0.000000, 8.526723, 0.000000, -17.053445, 1000
7.04, 0.000100, 0.200000, 0.470000, -9.810000, 6.000000, 0.000000, 0.000000, 0.000000, 10.000000, -1.000000, 1.000000, -1.000000, 0.100000, 0.000100, 1.000000, 0.001000, 0.000010, 0.000000, 0.000000, 0.950000, 0.000000, -17.053445, -0.000000, 94.137090, 0.000000, 8.484007, 0.000000, -23.657287, 1000, 0.000100, -1.000000, -1.000000, 0.100000, 0.000100, 5.000000, 1.000000, 0.001000, 0.000010, 0.000000, 0.000000, 0.950000, 5.000000, 0.000000, -23.742246, -0.000000, 93.711230, 1000, 0.000100, 2.000000, -1.000000, -1.000000, 0.100000, 0.000100, 1.000000, 0.001000, 0.000010, 0.000000, 0.000000, 0.950000, 0.000000, 8.505556, 0.000000, -17.011112, 1000
7.05, 0.000100, 0.200000, 0.470000, -9.810000, 6.000000, 0.000000, 0.000000, 0.000000, 10.000000, -1.000000, 1.000000, -1.000000, 0.100000, 0.000100, 1.000000, 0.001000, 0.000010, 0.000000, 0.000000, 0.950000, 0.000000, -17.011112, -0.000000, 93.711230, 0.000000, 8.462077, 0.000000, -23.572546, 1000, 0.000100, -1.000000, -1.000000, 0.100000, 0.000100, 5.000000, 1.000000, 0.001000, 0.000010, 0.000000, 0.000000, 0.950000, 5.000000, 0.000000, -23.657287, -0.000000, 93.286437, 1000, 0.000100, 2.000000, -1.000000, -1.000000, 0.100000, 0.000100, 1.000000, 0.001000, 0.000010, 0.000000, 0.000000, 0.950000, 0.000000, 8.484007, 0.000000, -16.968014, 1000
7.06, 0.000100, 0.200000, 0.470000, -9.810000, 6.000000, 0.000000, 0.000000, 0.000000, 10.000000, -1.000000, 1.000000, -1.000000, 0.100000, 0.000100, 1.000000, 0.001000, 0.000010, 0.000000, 0.000000, 0.950000, 0.000000, -16.968014, -0.000000, 93.286437, 0.000000, 8.439768, 0.000000, -23.488026, 1000, 0.000100, -1.000000, -1.000000, 0.100000, 0.000100, 5.000000, 1.000000, 0.001000, 0.000010, 0.000000, 0.000000, 0.950000, 5.000000, 0.000000, -23.572546, -0.000000, 92.862730, 1000, 0.000100, 2.000000, -1.000000, -1.000000, 0.100000, 0.000100, 1.000000, 0.001000, 0.000010, 0.000000, 0.000000, 0.950000, 0.000000, 8.462077, 0.000000, -16.924154, 1000
7.07, 0.000100, 0.200000, 0.470000, -9.810000, 6.000000, 0.000000, 0.000000, 0.000000, 10.000000, -1.000000, 1.000000, -1.000000, 0.100000, 0.000100, 1.000000, 0.001000, 0.000010, 0.000000, 0.000000, 0.950000, 0.000000, -16.924154, -0.000000, 92.862730, 0.000000, 8.417082, 0.000000, -23.403730, 1000, 0.000100, -1.000000, -1.000000, 0.100000, 0.000100, 5.000000, 1.000000, 0.001000, 0.000010, 0.000000, 0.000000, 0.950000, 5.000000, 0.000000, -23.488026, -0.000000, 92.440128, 1000, 0.000100, 2.000000, -1.000000, -1.000000, 0.100000, 0.000100, 1.000000, 0.001000, 0.000010, 0.000000, 0.000000, 0.950000, 0.000000, 8.439768, 0.000000, -16.879536, 1000
7.08, 0.000100, 0.200000, 0.470000, -9.810000, 6.000000, 0.000000, 0.000000, 0.000000, 10.000000, -1.000000, 1.000000, -1.000000, 0.100000, 0.000100, 1.000000, 0.001000, 0.000010, 0.000000, 0.000000, 0.950000, 0.000000, -16.879536, -0.000000, 92.440128, 0.000000, 8.394021, 0.000000, -23.319663, 1000, 0.000100, -1.000000, -1.000000, 0.100000, 0.000100, 5.000000, 1.000000, 0.001000, 0.000010, 0.000000, 0.000000, 0.950000, 5.000000, 0.000000, -23.403730, -0.000000, 92.018650, 1000, 0.000100, 2.000000, -1.000000, -1.000000, 0.100000, 0.000100, 1.000000, 0.001000, 0.000010, 0.000000, 0.000000, 0.950000, 0.000000, 8.417082, 0.000000, -16.834164, 1000
7.09, 0.000100, 0.200000, 0.470000, -9.810000, 6.000000, 0.000000, 0.000000, 0.000000, 10.000000, -1.000000, 1.000000, -1.000000, 0.100000, 0.000100, 1.000000, 0.001000, 0.000010, 0.000000, 0.000000, 0.950000, 0.000000, -16.834164, -0.000000, 92.018650, 0.000000, 8.370586, 0.000000, -23.235828, 1000, 0.000100, -1.000000, -1.000000, 0.100000, 0.000100, 5.000000, 1.000000, 0.001000, 0.000010, 0.000000, 0.000000, 0.950000, 5.000000, 0.000000, -23.319663, -0.000000, 91.598315, 1000, 0.000100, 2.000000, -1.000000, -1.000000, 0.100000, 0.000100, 1.000000, 0.001000, 0.000010, 0.000000, 0.000000, 0.950000, 0.000000, 8.394021, 0.000000, -16.788041, 1000
7.1, 0.000100, 0.200000, 0.470000, -9.810000, 6.000000, 0.000000, 0.000000, 0.000000, 10.000000, -1.000000, 1.000000, -1.000000, 0.100000, 0.000100, 1.000000, 0.001000, 0.000010, 0.000000, 0.000000, 0.950000, 0.000000, -16.788041, -0.000000, 91.598315, 0.000000, 8.346781, 0.000000, -23.152230, 1000, 0.000100, -1.000000, -1.000000, 0.100000, 0.000100, 5.000000, 1.000000, 0.001000, 0.000010, 0.000000, 0.000000, 0.950000, 5.000000, 0.000000, -23.235828, -0.000000, 91.179141, 1000, 0.000100, 2.000000, -1.000000, -1.000000, 0.100000, 0.000100, 1.000000, 0.001000, 0.000010, 0.000000, 0.000000, 0.950000, 0.000000, 8.370586, 0.000000, -16.741173, 1000
7.11, 0.000100, 0.200000, 0.470000, -9.810000, 6.000000, 0.000000, 0.000000, 0.000000, 10.000000, -1.000000, 1.000000, -1.000000, 0.100000, 0.000100, 1.000000, 0.001000, 0.000010, 0.000000, 0.000000, 0.950000, 0.000000, -16.741173, -0.000000, 91.179141, 0.000000, 8.322606, 0.000000, -23.068871, 1000, 0.000100, -1.000000, -1.000000, 0.100000, 0.000100, 5.000000, 1.000000, 0.001000, 0.000010, 0.000000, 0.000000, 0.950000, 5.000000, 0.000000, -23.152230, -0.000000, 90.761148, 1000, 0.000100, 2.000000, -1.000000, -1.000000, 0.100000, 0.000100, 1.000000, 0.001000, 0.000010, 0.000000, 0.000000, 0.950000, 0.000000, 8.346781, 0.000000, -16.693561, 1000
7.12, 0.000100, 0.200000, 0.470000, -9.810000, 6.000000, 0.000000, 0.000000, 0.000000, 10.000000, -1.000000, 1.000000, -1.000000, 0.100000, 0.000100, 1.000000, 0.001000, 0.000010, 0.000000, 0.000000, 0.950000, 0.000000, -16.693561, -0.000000, 90.761148, 0.000000, 8.298063, 0.000000, -22.985755, 1000, 0.000100, -1.000000, -1.000000, 0.100000, 0.000100, 5.000000, 1.000000, 0.001000, 0.000010, 0.000000, 0.000000, 0.950000, 5.000000, 0.000000, -23.068871, -0.000000, 90.344353, 1000, 0.000100, 2.000000, -1.000000, -1.000000, 0.100000, 0.000100, 1.000000, 0.001000, 0.000010, 0.000000, 0.000000, 0.950000, 0.000000, 8.322606, 0.000000, -16.645211, 1000
7.13, 0.000100, 0.200000, 0.470000, -9.810000, 6.000000, 0.000000, 0.000000, 0.000000, 10.000000, -1.000000, 1.000000, -1.000000, 0.100000, 0.000100, 1.000000, 0.001000, 0.000010, 0.000000, 0.000000, 0.950000, 0.000000, -16.645211, -0.000000, 90.344353, 0.000000, 8.273155, 0.000000, -22.902886, 1000, 0.000100, -1.000000, -1.000000, 0.100000, 0.000100, 5.000000, 1.000000, 0.001000, 0.000010, 0.000000, 0.000000, 0.950000, 5.000000, 0.000000, -22.985755, -0.000000, 89.928775, 1000, 0.000100, 2.000000, -1.000000, -1.000000, 0.100000, 0.000100, 1.000000, 0.001000, 0.000010, 0.000000, 0.000000, 0.950000, 0.000000, 8.298063, 0.000000, -16.596126, 1000
7.14, 0.000100, 0.200000, 0.470000, -9.810000, 6.000000, 0.000000, 0.000000, 0.000000, 10.000000, -1.000000, 1.000000, -1.000000, 0.100000, 0.000100, 1.000000, 0.001000, 0.000010, 0.000000, 0.000000, 0.950000, 0.000000, -16.596126, -0.000000, 89.928775, 0.000000, 8.247884, 0.000000, -22.820269, 1000, 0.000100, -1.000000, -1.000000, 0.100000, 0.000100, 5.000000, 1.000000, 0.001000, 0.000010, 0.000000, 0.000000, 0.950000, 5.000000, 0.000000, -22.902886, -0.000000, 89.514432, 1000, 0.000100, 2.000000, -1.000000, -1.000000, 0.100000, 0.000100, 1.000000, 0.001000, 0.000010, 0.000000, 0.000000, 0.950000, 0.000000, 8.273155, 0.000000, -16.546311, 1000
7.15, 0.000100, 0.200000, 0.470000, -9.810000, 6.000000, 0.000000, 0.000000, 0.000000, 10.000000, -1.000000, 1.000000, -1.000000, 0.100000, 0.000100, 1.000000, 0.001000, 0.000010, 0.000000, 0.000000, 0.950000, 0.000000, -16.546311, -0.000000, 89.514432, 0.000000, 8.222251, 0.000000, -22.737905, 1000, 0.000100, -1.000000, -1.000000, 0.100000, 0.000100, 5.000000, 1.000000, 0.001000, 0.000010, 0.000000, 0.000000, 0.950000, 5.000000, 0.000000, -22.820269, -0.000000, 89.101343, 1000, 0.000100, 2.000000, -1.000000, -1.000000, 0.100000, 0.000100, 1.000000, 0.001000, 0.000010, 0.000000, 0.000000, 0.950000, 0.000000, 8.247884, 0.000000, -16.495768, 1000
7.16, 0.000100, 0.200000, 0.470000, -9.810000, 6.000000, 0.000000, 0.000000, 0.000000, 10.000000, -1.000000, 1.000000, -1.000000, 0.100000, 0.000100, 1.000000, 0.001000, 0.000010, 0.000000, 0.000000, 0.950000, 0.000000, -16.495768, -0.000000, 89.101343, 0.000000, 8.196259, 0.000000, -22.655800, 1000, 0.000100, -1.000000, -1.000000, 0.100000, 0.000100, 5.000000, 1.000000, 0.001000, 0.000010, 0.000000, 0.000000, 0.950000, 5.000000, 0.000000, -22.737905, -0.000000, 88.689525, 1000, 0.000100, 2.000000, -1.000000, -1.000000, 0.100000, 0.000100, 1.000000, 0.001000, 0.000010, 0.000000, 0.000000, 0.950000, 0.000000, 8.222251, 0.000000, -16.444503, 1000
7.17, 0.000100, 0.200000, 0.470000, -9.810000, 6.000000, 0.000000, 0.000000, 0.000000, 10.000000, -1.000000, 1.000000, -1.000000, 0.100000, 0.000100, 1.000000, 0.001000, 0.000010, 0.000000, 0.000000, 0.950000, 0.000000, -16.444503, -0.000000, 88.689525, 0.000000, 8.169910, 0.000000, -22.573955, 1000, 0.000100, -1.000000, -1.000000, 0.100000, 0.000100, 5.000000, 1.000000, 0.001000, 0.000010, 0.000000, 0.000000, 0.950000, 5.000000, 0.000000, -22.655800, -0.000000, 88.278998, 1000, 0.000100, 2.000000, -1.000000, -1.000000, 0.100000, 0.000100, 1.000000, 0.001000, 0.000010, 0.000000, 0.000000, 0.950000, 0.000000, 8.196259, 0.000000, -16.392518, 1000
7.18, 0.000100, 0.200000, 0.470000, -9.810000, 6.000000, 0.000000, 0.000000, 0.000000, 10.000000, -1.000000, 1.000000, -1.000000, 0.100000, 0.000100, 1.000000, 0.001000, 0.000010, 0.000000, 0.000000, 0.950000, 0.000000, -16.392518, -0.000000, 88.278998, 0.000000, 8.143205, 0.000000, -22.492377, 1000, 0.000100, -1.000000, -1.000000, 0.100000, 0.000100, 5.000000, 1.000000, 0.001000, 0.000010, 0.000000, 0.000000, 0.950000, 5.000000, 0.000000, -22.573955, -0.000000, 87.869777, 1000, 0.000100, 2.000000, -1.000000, -1.000000, 0.100000, 0.000100, 1.000000, 0.001000, 0.000010, 0.000000, 0.000000, 0.950000, 0.000000, 8.169910, 0.000000, -16.339819, 1000
7.19, 0.000100, 0.200000, 0.470000, -9.810000, 6.000000, 0.000000, 0.000000, 0.000000, 10.000000, -1.000000, 1.000000, -1.000000, 0.100000, 0.000100, 1.000000, 0.001000, 0.000010, 0.000000, 0.000000, 0.950000, 0.000000, -16.339819, -0.000000, 87.869777, 0.000000, 8.116147, 0.000000, -22.411066, 1000, 0.000100, -1.000000, -1.000000, 0.100000, 0.000100, 5.000000, 1.000000, 0.001000, 0.000010, 0.000000, 0.000000, 0.950000, 5.000000, 0.000000, -22.492377, -0.000000, 87.461883, 1000, 0.000100, 2.000000, -1.000000, -1.000000, 0.100000, 0.000100, 1.000000, 0.001000, 0.000010, 0.000000, 0.000000, 0.950000, 0.000000, 8.143205, 0.000000, -16.286410, 1000
7.2, 0.000100, 0.200000, 0.470000, -9.810000, 6.000000, 0.000000, 0.000000, 0.000000, 10.000000, -1.000000, 1.000000, -1.000000, 0.100000, 0.000100, 1.000000, 0.001000, 0.000010, 0.000000, 0.000000, 0.950000, 0.000000, -16.286410, -0.000000, 87.461883, 0.000000, 8.088737, 0.000000, -22.330028, 1000, 0.000100, -1.000000, -1.000000, 0.100000, 0.000100, 5.000000, 1.000000, 0.001000, 0.000010, 0.000000, 0.000000, 0.950000, 5.000000, 0.000000, -22.411066, -0.000000, 87.055331, 1000, 0.000100, 2.000000, -1.000000, -1.000000, 0.100000, 0.000100, 1.000000, 0.001000, 0.000010, 0.000000, 0.000000, 0.950000, 0.000000, 8.116147, 0.000000, -16.232293, 1000
7.21, 0.000100, 0.200000, 0.470000, -9.810000, 6.000000, 0.000000, 0.000000, 0.000000, 10.000000, -1.000000, 1.000000, -1.000000, 0.100000, 0.000100, 1.000000, 0.001000, 0.000010, 0.000000, 0.000000, 0.950000, 0.000000, -16.232293, -0.000000, 87.055331, 0.000000, 8.060979, 0.000000, -22.249266, 1000, 0.000100, -1.000000, -1.000000, 0.100000, 0.000100, 5.000000, 1.000000, 0.001000, 0.000010, 0.000000, 0.000000, 0.950000, 5.000000, 0.000000, -22.330028, -0.000000, 86.650141, 1000, 0.000100, 2.000000, -1.000000, -1.000000, 0.100000, 0.000100, 1.000000, 0.001000, 0.000010, 0.000000, 0.000000, 0.950000, 0.000000, 8.088737, 0.000000, -16.177475, 1000
7.22, 0.000100, 0.200000, 0.470000, -9.810000, 6.000000, 0.000000, 0.000000, 0.000000, 10.000000, -1.000000, 1.000000, -1.000000, 0.100000, 0.000100, 1.000000, 0.001000, 0.000010, 0.000000, 0.000000, 0.950000, 0.000000, -16.177475, -0.000000, 86.650141, 0.000000, 8.032873, 0.000000, -22.168782, 1000, 0.000100, -1.000000, -1.000000, 0.100000, 0.000100, 5.000000, 1.000000, 0.001000, 0.000010, 0.000000, 0.000000, 0.950000, 5.000000, 0.000000, -22.249266, -0.000000, 86.246329, 1000, 0.000100, 2.000000, -1.000000, -1.000000, 0.100000, 0.000100, 1.000000, 0.001000, 0.000010, 0.000000, 0.000000, 0.950000, 0.000000, 8.060979, 0.000000, -16.121958, 1000
7.23, 0.000100, 0.200000, 0.470000, -9.810000, 6.000000, 0.000000, 0.000000, 0.000000, 10.000000, -1.000000, 1.000000, -1.000000, 0.100000, 0.000100, 1.000000, 0.001000, 0.000010, 0.000000, 0.000000, 0.950000, 0.000000, -16.121958, -0.000000, 86.246329, 0.000000, 8.004423, 0.000000, -22.088582, 1000, 0.000100, -1.000000, -1.000000, 0.100000, 0.000100, 5.000000, 1.000000, 0.001000, 0.000010, 0.000000, 0.000000, 0.950000, 5.000000, 0.000000, -22.168782, -0.000000, 85.843912, 1000, 0.000100, 2.000000, -1.000000, -1.000000, 0.100000, 0.000100, 1.000000, 0.001000, 0.000010, 0.000000, 0.000000, 0.950000, 0.000000, 8.032873, 0.000000, -16.065746, 1000
7.24, 0.000100, 0.200000, 0.470000, -9.810000, 6.000000, 0.000000, 0.000000, 0.000000, 10.000000, -1.000000, 1.000000, -1.000000, 0.100000, 0.000100, 1.000000, 0.001000, 0.000010, 0.000000, 0.000000, 0.950000, 0.000000, -16.065746, -0.000000, 85.843912, 0.000000, 7.975629, 0.000000, -22.008667, 1000, 0.000100, -1.000000, -1.000000, 0.100000, 0.000100, 5.000000, 1.000000, 0.001000, 0.000010, 0.000000, 0.000000, 0.950000, 5.000000, 0.000000, -22.088582, -0.000000, 85.442909, 1000, 0.000100, 2.000000, -1.000000, -1.000000, 0.100000, 0.000100, 1.000000, 0.001000, 0.000010, 0.000000, 0.000000, 0.950000, 0.000000, 8.004423, 0.000000, -16.008845, 1000
7.25, 0.000100, 0.200000, 0.470000, -9.810000, 6.000000, 0.000000, 0.000000, 0.000000, 10.000000, -1.000000, 1.000000, -1.000000, 0.100000, 0.000100, 1.000000, 0.001000, 0.000010, 0.000000, 0.000000, 0.950000, 0.000000, -16.008845, -0.000000, 85.442909, 0.000000, 7.946495, 0.000000, -21.929042, 1000, 0.000100, -1.000000, -1.000000, 0.100000, 0.000100, 5.000000, 1.000000, 0.001000, 0.000010, 0.000000, 0.000000, 0.950000, 5.000000, 0.000000, -22.008667, -0.000000, 85.043335, 1000, 0.000100, 2.000000, -1.000000, -1.000000, 0.100000, 0.000100, 1.000000, 0.001000, 0.000010, 0.000000, 0.000000, 0.950000, 0.000000, 7.975629, 0.000000, -15.951259, 1000
7.26, 0.000100, 0.200000, 0.470000, -9.810000, 6.000000, 0.000000, 0.000000, 0.000000, 10.000000, -1.000000, 1.000000, -1.000000, 0.100000, 0.000100, 1.000000, 0.001000, 0.000010, 0.000000, 0.000000, 0.950000, 0.000000, -15.951259, -0.000000, 85.043335, 0.000000, 7.917023, 0.000000, -21.849710, 1000, 0.000100, -1.000000, -1.000000, 0.100000, 0.000100, 5.000000, 1.000000, 0.001000, 0.000010, 0.000000, 0.000000, 0.950000, 5.000000, 0.000000, -21.929042, -0.000000, 84.645209, 1000, 0.000100, 2.000000, -1.000000, -1.000000, 0.100000, 0.000100, 1.000000, 0.001000, 0.000010, 0.000000, 0.000000, 0.950000, 0.000000, 7.946495, 0.000000, -15.892991, 1000
7.27, 0.000100, 0.200000, 0.470000, -9.810000, 6.000000, 0.000000, 0.000000, 0.000000, 10.000000, -1.000000, 1.000000, -1.000000, 0.100000, 0.000100, 1.000000, 0.001000, 0.000010, 0.000000, 0.000000, 0.950000, 0.000000, -15.892991, -0.000000, 84.645209, 0.000000, 7.887214, 0.000000, -21.770673, 1000, 0.000100, -1.000000, -1.000000, 0.100000, 0.000100, 5.000000, 1.000000, 0.001000, 0.000010, 0.000000, 0.000000, 0.950000, 5.000000, 0.000000, -21.849710, -0.000000, 84.248548, 1000, 0.000100, 2.000000, -1.000000, -1.000000, 0.100000, 0.000100, 1.000000, 0.001000, 0.000010, 0.000000, 0.000000, 0.950000, 0.000000, 7.917023, 0.000000, -15.834046, 1000
7.28, 0.000100, 0.200000, 0.470000, -9.810000, 6.000000, 0.000000, 0.000000, 0.000000, 10.000000, -1.000000, 1.000000, -1.000000, 0.100000, 0.000100, 1.000000, 0.001000, 0.000010, 0.000000, 0.000000, 0.950000, 0.000000, -15.834046, -0.000000, 84.248548, 0.000000, 7.857071, 0.000000, -21.691937, 1000, 0.000100, -1.000000, -1.000000, 0.100000, 0.000100, 5.000000, 1.000000, 0.001000, 0.000010, 0.000000, 0.000000, 0.950000, 5.000000, 0.000000, -21.770673, -0.000000, 83.853367, 1000, 0.000100, 2.000000, -1.000000, -1.000000, 0.100000, 0.000100, 1.000000, 0.001000, 0.000010, 0.000000, 0.000000, 0.950000, 0.000000, 7.887214, 0.000000, -15.774428, 1000
7.29, 0.000100, 0.200000, 0.470000, -9.810000, 6.000000, 0.000000, 0.000000, 0.000000, 10.000000, -1.000000, 1.000000, -1.000000, 0.100000, 0.000100, 1.000000, 0.001000, 0.000010, 0.000000, 0.000000, 0.950000, 0.000000, -15.774428, -0.000000, 83.853367, 0.000000, 7.826595, 0.000000, -21.613503, 1000, 0.000100, -1.000000, -1.000000, 0.100000, 0.000100, 5.000000, 1.000000, 0.001000, 0.000010, 0.000000, 0.000000, 0.950000, 5.000000, 0.000000, -21.691937, -0.000000, 83.459685, 1000, 0.000100, 2.000000, -1.000000, -1.000000, 0.100000, 0.000100, 1.000000, 0.001000, 0.000010, 0.000000, 0.000000, 0.950000, 0.000000, 7.857071, 0.000000, -15.714141, 1000
7.3, 0.000100, 0.200000, 0.470000, -9.810000, 6.000000, 0.000000, 0.000000, 0.000000, 10.000000, -1.000000, 1.000000, -1.000000, 0.100000, 0.000100, 1.000000, 0.001000, 0.000010, 0.000000, 0.000000, 0.950000, 0.000000, -15.714141, -0.000000, 83.459685, 0.000000, 7.795790, 0.000000, -21.535376, 1000, 0.000100, -1.000000, -1.000000, 0.100000, 0.000100, 5.000000, 1.000000, 0.001000, 0.000010, 0.000000, 0.000000, 0.950000, 5.000000, 0.000000, -21.613503, -0.000000, 83.067517, 1000, 0.000100, 2.000000, -1.000000, -1.000000, 0.100000, 0.000100, 1.000000, 0.001000, 0.000010, 0.000000, 0.000000, 0.950000, 0.000000, 7.826595, 0.000000, -15.653191, 1000
7.31, 0.000100, 0.200000, 0.470000, -9.810000, 6.000000, 0.000000, 0.000000, 0.000000, 10.000000, -1.000000, 1.000000, -1.000000, 0.100000, 0.000100, 1.000000, 0.001000, 0.000010, 0.000000, 0.000000, 0.950000, 0.000000, -15.653191, -0.000000, 83.067517, 0.000000, 7.764658, 0.000000, -21.457558, 1000, 0.000100, -1.000000, -1.000000, 0.100000, 0.000100, 5.000000, 1.000000, 0.001000, 0.000010, 0.000000, 0.000000, 0.950000, 5.000000, 0.000000, -21.535376, -0.000000, 82.676880, 1000, 0.000100, 2.000000, -1.000000, -1.000000, 0.100000, 0.000100, 1.000000, 0.001000, 0.000010, 0.000000, 0.000000, 0.950000, 0.000000, 7.795790, 0.000000, -15.591581, 1000
7.32, 0.000100, 0.200000, 0.470000, -9.810000, 6.000000, 0.000000, 0.000000, 0.000000, 10.000000, -1.000000, 1.000000, -1.000000, 0.100000, 0.000100, 1.000000, 0.001000, 0.000010, 0.000000, 0.000000, 0.950000, 0.000000, -15.591581, -0.000000, 82.676880, 0.000000, 7.733199, 0.000000, -21.380053, 1000, 0.000100, -1.000000, -1.000000, 0.100000, 0.000100, 5.000000, 1.000000, 0.001000, 0.000010, 0.000000, 0.000000, 0.950000, 5.000000, 0.000000, -21.457558, -0.000000, 82.287791, 1000, 0.000100, 2.000000, -1.000000, -1.000000, 0.100000, 0.000100, 1.000000, 0.001000, 0.000010, 0.000000, 0.000000, 0.950000, 0.000000, 7.764658, 0.000000, -15.529315, 1000
7.33, 0.000100, 0.200000, 0.470000, -9.810000, 6.000000, 0.000000, 0.000000, 0.000000, 10.000000, -1.000000, 1.000000, -1.000000, 0.100000, 0.000100, 1.000000, 0.001000, 0.000010, 0.000000, 0.000000, 0.950000, 0.000000, -15.529315, -0.000000, 82.287791, 0.000000, 7.701418, 0.000000, -21.302864, 1000, 0.000100, -1.000000, -1.000000, 0.100000, 0.000100, 5.000000, 1.000000, 0.001000, 0.000010, 0.000000, 0.000000, 0.950000, 5.000000, 0.000000, -21.380053, -0.000000, 81.900266, 1000, 0.000100, 2.000000, -1.000000, -1.000000, 0.100000, 0.000100, 1.000000, 0.001000, 0.000010, 0.000000, 0.000000, 0.950000, 0.000000, 7.733199, 0.000000, -15.466399, 1000
7.34, 0.000100, 0.200000, 0.470000, -9.810000, 6.000000, 0.000000, 0.000000, 0.000000, 10.000000, -1.000000, 1.000000, -1.000000, 0.100000, 0.000100, 1.000000, 0.001000, 0.000010, 0.000000, 0.000000, 0.950000, 0.000000, -15.466399, -0.000000, 81.900266, 0.000000, 7.669316, 0.000000, -21.225995, 1000, 0.000100, -1.000000, -1.000000, 0.100000, 0.000100, 5.000000, 1.000000, 0.001000, 0.000010, 0.000000, 0.000000, 0.950000, 5.000000, 0.000000, -21.302864, -0.000000, 81.514321, 1000, 0.000100, 2.000000, -1.000000, -1.000000, 0.100000, 0.000100, 1.000000, 0.001000, 0.000010, 0.000000, 0.000000, 0.950000, 0.000000, 7.701418, 0.000000, -15.402836, 1000
7.35, 0.000100, 0.200000, 0.470000, -9.810000, 6.000000, 0.000000, 0.000000, 0.000000, 10.000000, -1.000000, 1.000000, -1.000000, 0.100000, 0.000100, 1.000000, 0.001000, 0.000010, 0.000000, 0.000000, 0.950000, 0.000000, -15.402836, -0.000000, 81.514321, 0.000000, 7.636895, 0.000000, -21.149447, 1000, 0.000100, -1.000000, -1.000000, 0.100000, 0.000100, 5.000000, 1.000000, 0.001000, 0.000010, 0.000000, 0.000000, 0.950000, 5.000000, 0.000000, -21.225995, -0.000000, 81.129973, 1000, 0.000100, 2.000000, -1.000000, -1.000000, 0.100000, 0.000100, 1.000000, 0.001000, 0.000010, 0.000000, 0.000000, 0.950000, 0.000000, 7.669316, 0.000000, -15.338631, 1000
7.36, 0.000100, 0.200000, 0.470000, -9.810000, 6.000000, 0.000000, 0.000000, 0.000000, 10.000000, -1.000000, 1.000000, -1.000000, 0.100000, 0.000100, 1.000000, 0.001000, 0.000010, 0.000000, 0.000000, 0.950000, 0.000000, -15.338631, -0.000000, 81.129973, 0.000000, 7.604157, 0.000000, -21.073226, 1000, 0.000100, -1.000000, -1.000000, 0.100000, 0.000100, 5.000000, 1.000000, 0.001000, 0.000010, 0.000000, 0.000000, 0.950000, 5.000000, 0.000000, -21.149447, -0.000000, 80.747236, 1000, 0.000100, 2.000000, -1.000000, -1.000000, 0.100000, 0.000100, 1.000000, 0.001000, 0.000010, 0.000000, 0.000000, 0.950000, 0.000000, 7.636895, 0.000000, -15.273789, 1000
7.37, 0.000100, 0.200000, 0.470000, -9.810000, 6.000000, 0.000000, 0.000000, 0.000000, 10.000000, -1.000000, 1.000000, -1.000000, 0.100000, 0.000100, 1.000000, 0.001000, 0.000010, 0.000000, 0.000000, 0.950000, 0.000000, -15.273789, -0.000000, 80.747236, 0.000000, 7.571105, 0.000000, -20.997333, 1000, 0.000100, -1.000000, -1.000000, 0.100000, 0.000100, 5.000000, 1.000000, 0.001000, 0.000010, 0.000000, 0.000000, 0.950000, 5.000000, 0.000000, -21.073226, -0.000000, 80.366128, 1000, 0.000100, 2.000000, -1.000000, -1.000000, 0.100000, 0.000100, 1.000000, 0.001000, 0.000010, 0.000000, 0.000000, 0.950000, 0.000000, 7.604157, 0.000000, -15.208314, 1000
7.38, 0.000100, 0.200000, 0.470000, -9.810000, 6.000000, 0.000000, 0.000000, 0.000000, 10.000000, -1.000000, 1.000000, -1.000000, 0.100000, 0.000100, 1.000000, 0.001000, 0.000010, 0.000000, 0.000000, 0.950000, 0.000000, -15.208314, -0.000000, 80.366128, 0.000000, 7.537741, 0.000000, -20.921772, 1000, 0.000100, -1.000000, -1.000000, 0.100000, 0.000100, 5.000000, 1.000000, 0.001000, 0.000010, 0.000000, 0.000000, 0.950000, 5.000000, 0.000000, -20.997333, -0.000000, 79.986664, 1000, 0.000100, 2.000000, -1.000000, -1.000000, 0.100000, 0.000100, 1.000000, 0.001000, 0.000010, 0.000000, 0.000000, 0.950000, 0.000000, 7.571105, 0.000000, -15.142210, 1000
7.39, 0.000100, 0.200000, 0.470000, -9.810000, 6.000000, 0.000000, 0.000000, 0.000000, 10.000000, -1.000000, 1.000000, -1.000000, 0.100000, 0.000100, 1.000000, 0.001000, 0.000010, 0.000000, 0.000000, 0.950000, 0.000000, -15.142210, -0.000000, 79.986664, 0.000000, 7.504068, 0.000000, -20.846546, 1000, 0.000100, -1.000000, -1.000000, 0.100000, 0.000100, 5.000000, 1.000000, 0.001000, 0.000010, 0.000000, 0.000000, 0.950000, 5.000000, 0.000000, -20.921772, -0.000000, 79.608860, 1000, 0.000100, 2.000000, -1.000000, -1.000000, 0.100000, 0.000100, 1.000000, 0.001000, 0.000010, 0.000000, 0.000000, 0.950000, 0.000000, 7.537741, 0.000000, -15.075483, 1000
7.4, 0.000100, 0.200000, 0.470000, -9.810000, 6.000000, 0.000000, 0.000000, 0.000000, 10.000000, -1.000000, 1.000000, -1.000000, 0.100000, 0.000100, 1.000000, 0.001000, 0.000010, 0.000000, 0.000000, 0.950000, 0.000000, -15.075483, -0.000000, 79.608860, 0.000000, 7.470087, 0.000000, -20.771658, 1000, 0.000100, -1.000000, -1.000000, 0.100000, 0.000100, 5.000000, 1.000000, 0.001000, 0.000010, 0.000000, 0.000000, 0.950000, 5.000000, 0.000000, -20.846546, -0.000000, 79.232730, 1000, 0.000100, 2.000000, -1.000000, -1.000000, 0.100000, 0.000100, 1.000000, 0.001000, 0.000010, 0.000000, 0.000000, 0.950000, 0.000000, 7.504068, 0.000000, -15.008136, 1000
7.41, 0.000100, 0.200000, 0.470000, -9.810000, 6.000000, 0.000000, 0.000000, 0.000000, 10.000000, -1.000000, 1.000000, -1.000000, 0.100000, 0.000100, 1.000000, 0.001000, 0.000010, 0.000000, 0.000000, 0.950000, 0.000000, -15.008136, -0.000000, 79.232730, 0.000000, 7.435802, 0.000000, -20.697112, 1000, 0.000100, -1.000000, -1.000000, 0.100000, 0.000100, 5.000000, 1.000000, 0.001000, 0.000010, 0.000000, 0.000000, 0.950000, 5.000000, 0.000000, -20.771658, -0.000000, 78.858291, 1000, 0.000100, 2.000000, -1.000000, -1.000000, 0.100000, 0.000100, 1.000000, 0.001000, 0.000010, 0.000000, 0.000000, 0.950000, 0.000000, 7.470087, 0.000000, -14.940175, 1000
7.42, 0.000100, 0.200000, 0.470000, -9.810000, 6.000000, 0.000000, 0.000000, 0.000000, 10.000000, -1.000000, 1.000000, -1.000000, 0.100000, 0.000100, 1.000000, 0.001000, 0.000010, 0.000000, 0.000000, 0.950000, 0.000000, -14.940175, -0.000000, 78.858291, 0.000000, 7.401213, 0.000000, -20.622909, 1000, 0.000100, -1.000000, -1.000000, 0.100000, 0.000100, 5.000000, 1.000000, 0.001000, 0.000010, 0.000000, 0.000000, 0.950000, 5.000000, 0.000000, -20.697112, -0.000000, 78.485558, 1000, 0.000100, 2.000000, -1.000000, -1.000000, 0.100000, 0.000100, 1.000000, 0.001000, 0.000010, 0.000000, 0.000000, 0.950000, 0.000000, 7.435802, 0.000000, -14.871604, 1000
7.43, 0.000100, 0.200000, 0.470000, -9.810000, 6.000000, 0.000000, 0.000000, 0.000000, 10.000000, -1.000000, 1.000000, -1.000000, 0.100000, 0.000100, 1.000000, 0.001000, 0.000010, 0.000000, 0.000000, 0.950000, 0.000000, -14.871604, -0.000000, 78.485558, 0.000000, 7.366325, 0.000000, -20.549054, 1000, 0.000100, -1.000000, -1.000000, 0.100000, 0.000100, 5.000000, 1.000000, 0.001000, 0.000010, 0.000000, 0.000000, 0.950000, 5.000000, 0.000000, -20.622909, -0.000000, 78.114547, 1000, 0.000100, 2.000000, -1.000000, -1.000000, 0.100000, 0.000100, 1.000000, 0.001000, 0.000010, 0.000000, 0.000000, 0.950000, 0.000000, 7.401213, 0.000000, -14.802427, 1000
7.44, 0.000100, 0.200000, 0.470000, -9.810000, 6.000000, 0.000000, 0.000000, 0.000000, 10.000000, -1.000000, 1.000000, -1.000000, 0.100000, 0.000100, 1.000000, 0.001000, 0.000010, 0.000000, 0.000000, 0.950000, 0.000000, -14.802427, -0.000000, 78.114547, 0.000000, 7.331138, 0.000000, -20.475549, 1000, 0.000100, -1.000000, -1.000000, 0.100000, 0.000100, 5.000000, 1.000000, 0.001000, 0.000010, 0.000000, 0.000000, 0.950000, 5.000000, 0.000000, -20.549054, -0.000000, 77.745271, 1000, 0.000100, 2.000000, -1.000000, -1.000000, 0.100000, 0.000100, 1.000000, 0.001000, 0.000010, 0.000000, 0.000000, 0.950000, 0.000000, 7.366325, 0.000000, -14.732649, 1000
7.45, 0.000100, 0.200000, 0.470000, -9.810000, 6.000000, 0.000000, 0.000000, 0.000000, 10.000000, -1.000000, 1.000000, -1.000000, 0.100000, 0.000100, 1.000000, 0.001000, 0.000010, 0.000000, 0.000000, 0.950000, 0.000000, -14.732649, -0.000000, 77.745271, 0.000000, 7.295655, 0.000000, -20.402398, 1000, 0.000100, -1.000000, -1.000000, 0.100000, 0.000100, 5.000000, 1.000000, 0.001000, 0.000010, 0.000000, 0.000000, 0.950000, 5.000000, 0.000000, -20.475549, -0.000000, 77.377746, 1000, 0.000100, 2.000000, -1.000000, -1.000000, 0.100000, 0.000100, 1.000000, 0.001000, 0.000010, 0.000000, 0.000000, 0.950000, 0.000000, 7.331138, 0.000000, -14.662276, 1000
7.46, 0.000100, 0.200000, 0.470000, -9.810000, 6.000000, 0.000000, 0.000000, 0.000000, 10.000000, -1.000000, 1.000000, -1.000000, 0.100000, 0.000100, 1.000000, 0.001000, 0.000010, 0.000000, 0.000000, 0.950000, 0.000000, -14.662276, -0.000000, 77.377746, 0.000000, 7.259880, 0.000000, -20.329602, 1000, 0.000100, -1.000000, -1.000000, 0.100000, 0.000100, 5.000000, 1.000000, 0.001000, 0.000010, 0.000000, 0.000000, 0.950000, 5.000000, 0.000000, -20.402398, -0.000000, 77.011988, 1000, 0.000100, 2.000000, -1.000000, -1.000000, 0.100000, 0.000100, 1.000000, 0.001000, 0.000010, 0.000000, 0.000000, 0.950000, 0.000000, 7.295655, 0.000000, -14.591311, 1000
7.47, 0.000100, 0.200000, 0.470000, -9.810000, 6.000000, 0.000000, 0.000000, 0.000000, 10.000000, -1.000000, 1.000000, -1.000000, 0.100000, 0.000100, 1.000000, 0.001000, 0.000010, 0.000000, 0.000000, 0.950000, 0.000000, -14.591311, -0.000000, 77.011988, 0.000000, 7.223813, 0.000000, -20.257166, 1000, 0.000100, -1.000000, -1.000000, 0.100000, 0.000100, 5.000000, 1.000000, 0.001000, 0.000010, 0.000000, 0.000000, 0.950000, 5.000000, 0.000000, -20.329602, -0.000000, 76.648010, 1000, 0.000100, 2.000000, -1.000000, -1.000000, 0.100000, 0.000100, 1.000000, 0.001000, 0.000010, 0.000000, 0.000000, 0.950000, 0.000000, 7.259880, 0.000000, -14.519759, 1000
7.48, 0.000100, 0.200000, 0.470000, -9.810000, 6.000000, 0.000000, 0.000000, 0.000000, 10.000000, -1.000000, 1.000000, -1.000000, 0.100000, 0.000100, 1.000000, 0.001000, 0.000010, 0.000000, 0.000000, 0.950000, 0.000000, -14.519759, -0.000000, 76.648010, 0.000000, 7.187458, 0.000000, -20.185091, 1000, 0.000100, -1.000000, -1.000000, 0.100000, 0.000100, 5.000000, 1.000000, 0.001000, 0.000010, 0.000000, 0.000000, 0.950000, 5.000000, 0.000000, -20.257166, -0.000000, 76.285828, 1000, 0.000100, 2.000000, -1.000000, -1.000000, 0.100000, 0.000100, 1.000000, 0.001000, 0.000010, 0.000000, 0.000000, 0.950000, 0.000000, 7.223813, 0.000000, -14.447626, 1000
7.49, 0.000100, 0.200000, 0.470000, -9.810000, 6.000000, 0.000000, 0.000000, 0.000000, 10.000000, -1.000000, 1.000000, -1.000000, 0.100000, 0.000100, 1.000000, 0.001000, 0.000010, 0.000000, 0.000000, 0.950000, 0.000000, -14.447626, -0.000000, 76.285828, 0.000000, 7.150816, 0.000000, -20.113381, 1000, 0.000100, -1.000000, -1.000000, 0.100000, 0.000100, 5.000000, 1.000000, 0.001000, 0.000010, 0.000000, 0.000000, 0.950000, 5.000000, 0.000000, -20.185091, -0.000000, 75.925455, 1000, 0.000100, 2.000000, -1.000000, -1.000000, 0.100000, 0.000100, 1.000000, 0.001000, 0.000010, 0.000000, 0.000000, 0.950000, 0.000000, 7.187458, 0.000000, -14.374916, 1000
7.5, 0.000100, 0.200000, 0.470000, -9.810000, 6.000000, 0.000000, 0.000000, 0.000000, 10.000000, -1.000000, 1.000000, -1.000000, 0.100000, 0.000100, 1.000000, 0.001000, 0.000010, 0.000000, 0.000000, 0.950000, 0.000000, -14.374916, -0.000000, 75.925455, 0.000000, 7.113891, 0.000000, -20.042039, 1000, 0.000100, -1.000000, -1.000000, 0.100000, 0.000100, 5.000000, 1.000000, 0.001000, 0.000010, 0.000000, 0.000000, 0.950000, 5.000000, 0.000000, -20.113381, -0.000000, 75.566907, 1000, 0.000100, 2.000000, -1.000000, -1.000000, 0.100000, 0.000100, 1.000000, 0.001000, 0.000010, 0.000000, 0.000000, 0.950000, 0.000000, 7.150816, 0.000000, -14.301633, 1000
7.51, 0.000100, 0.200000, 0.470000, -9.810000, 6.000000, 0.000000, 0.000000, 0.000000, 10.000000, -1.000000, 1.000000, -1.000000, 0.100000, 0.000100, 1.000000, 0.001000, 0.000010, 0.000000, 0.000000, 0.950000, 0.000000, -14.301633, -0.000000, 75.566907, 0.000000, 7.076685, 0.000000, -19.971068, 1000, 0.000100, -1.000000, -1.000000, 0.100000, 0.000100, 5.000000, 1.000000, 0.001000, 0.000010, 0.000000, 0.000000, 0.950000, 5.000000, 0.000000, -20.042039, -0.000000, 75.210197, 1000, 0.000100, 2.000000, -1.000000, -1.000000, 0.100000, 0.000100, 1.000000, 0.001000, 0.000010, 0.000000, 0.000000, 0.950000, 0.000000, 7.113891, 0.000000, -14.227782, 1000
7.52, 0.000100, 0.200000, 0.470000, -9.810000, 6.000000, 0.000000, 0.000000, 0.000000, 10.000000, -1.000000, 1.000000, -1.000000, 0.100000, 0.000100, 1.000000, 0.001000, 0.000010, 0.000000, 0.000000, 0.950000, 0.000000, -14.227782, -0.000000, 75.210197, 0.000000, 7.039199, 0.000000, -19.900470, 1000, 0.000100, -1.000000, -1.000000, 0.100000, 0.000100, 5.000000, 1.000000, 0.001000, 0.000010, 0.000000, 0.000000, 0.950000, 5.000000, 0.000000, -19.971068, -0.000000, 74.855339, 1000, 0.000100, 2.000000, -1.000000, -1.000000, 0.100000, 0.000100, 1.000000, 0.001000, 0.000010, 0.000000, 0.000000, 0.950000, 0.000000, 7.076685, 0.000000, -14.153369, 1000
7.53, 0.000100, 0.200000, 0.470000, -9.810000, 6.000000, 0.000000, 0.000000, 0.000000, 10.000000, -1.000000, 1.000000, -1.000000, 0.100000, 0.000100, 1.000000, 0.001000, 0.000010, 0.000000, 0.000000, 0.950000, 0.000000, -14.153369, -0.000000, 74.855339, 0.000000, 7.001437, 0.000000, -19.830248, 1000, 0.000100, -1.000000, -1.000000, 0.100000, 0.000100, 5.000000, 1.000000, 0.001000, 0.000010, 0.000000, 0.000000, 0.950000, 5.000000, 0.000000, -19.900470, -0.000000, 74.502348, 1000, 0.000100, 2.000000, -1.000000, -1.000000, 0.100000, 0.000100, 1.000000, 0.001000, 0.000010, 0.000000, 0.000000, 0.950000, 0.000000, 7.039199, 0.000000, -14.078398, 1000
7.54, 0.000100, 0.200000, 0.470000, -9.810000, 6.000000, 0.000000, 0.000000, 0.000000, 10.000000, -1.000000, 1.000000, -1.000000, 0.100000, 0.000100, 1.000000, 0.001000, 0.000010, 0.000000, 0.000000, 0.950000, 0.000000, -14.078398, -0.000000, 74.502348, 0.000000, 6.963401, 0.000000, -19.760404, 1000, 0.000100, -1.000000, -1.000000, 0.100000, 0.000100, 5.000000, 1.000000, 0.001000, 0.000010, 0.000000, 0.000000, 0.950000, 5.000000, 0.000000, -19.830248, -0.000000, 74.151238, 1000, 0.000100, 2.000000, -1.000000, -1.000000, 0.100000, 0.000100, 1.000000, 0.001000, 0.000010, 0.000000, 0.000000, 0.950000, 0.000000, 7.001437, 0.000000, -14.002874, 1000
7.55, 0.000100, 0.200000, 0.470000, -9.810000, 6.000000, 0.000000, 0.000000, 0.000000, 10.000000, -1.000000, 1.000000, -1.000000, 0.100000, 0.000100, 1.000000, 0.001000, 0.000010, 0.000000, 0.000000, 0.950000, 0.000000, -14.002874, -0.000000, 74.151238, 0.000000, 6.925093, 0.000000, -19.690943, 1000, 0.000100, -1.000000, -1.000000, 0.100000, 0.000100, 5.000000, 1.000000, 0.001000, 0.000010, 0.000000, 0.000000, 0.950000, 5.000000, 0.000000, -19.760404, -0.000000, 73.802022, 1000, 0.000100, 2.000000, -1.000000, -1.000000, 0.100000, 0.000100, 1.000000, 0.001000, 0.000010, 0.000000, 0.000000, 0.950000, 0.000000, 6.963401, 0.000000, -13.926801, 1000
7.56, 0.000100, 0.200000, 0.470000, -9.810000, 6.000000, 0.000000, 0.000000, 0.000000, 10.000000, -1.000000, 1.000000, -1.000000, 0.100000, 0.000100, 1.000000, 0.001000, 0.000010, 0.000000, 0.000000, 0.950000, 0.000000, -13.926801, -0.000000, 73.802022, 0.000000, 6.886516, 0.000000, -19.621865, 1000, 0.000100, -1.000000, -1.000000, 0.100000, 0.000100, 5.000000, 1.000000, 0.001000, 0.000010, 0.000000, 0.000000, 0.950000, 5.000000, 0.000000, -19.690943, -0.000000, 73.454714, 1000, 0.000100, 2.000000, -1.000000, -1.000000, 0.100000, 0.000100, 1.000000, 0.001000, 0.000010, 0.000000, 0.000000, 0.950000, 0.000000, 6.925093, 0.000000, -13.850186, 1000
7.57, 0.000100, 0.200000, 0.470000, -9.810000, 6.000000, 0.000000, 0.000000, 0.000000, 10.000000, -1.000000, 1.000000, -1.000000, 0.100000, 0.000100, 1.000000, 0.001000, 0.000010, 0.000000, 0.000000, 0.950000, 0.000000, -13.850186, -0.000000, 73.454714, 0.000000, 6.847672, 0.000000, -19.553175, 1000, 0.000100, -1.000000, -1.000000, 0.100000, 0.000100, 5.000000, 1.000000, 0.001000, 0.000010, 0.000000, 0.000000, 0.950000, 5.000000, 0.000000, -19.621865, -0.000000, 73.109327, 1000, 0.000100, 2.000000, -1.000000, -1.000000, 0.100000, 0.000100, 1.000000, 0.001000, 0.000010, 0.000000, 0.000000, 0.950000, 0.000000, 6.886516, 0.000000, -13.773032, 1000
7.58, 0.000100, 0.200000, 0.470000, -9.810000, 6.000000, 0.000000, 0.000000, 0.000000, 10.000000, -1.000000, 1.000000, -1.000000, 0.100000, 0.000100, 1.000000, 0.001000, 0.000010, 0.000000, 0.000000, 0.950000, 0.000000, -13.773032, -0.000000, 73.109327, 0.000000, 6.808564, 0.000000, -19.484874, 1000, 0.000100, -1.000000, -1.000000, 0.100000, 0.000100, 5.000000, 1.000000, 0.001000, 0.000010, 0.000000, 0.000000, 0.950000, 5.000000, 0.000000, -19.553175, -0.000000, 72.765876, 1000, 0.000100, 2.000000, -1.000000, -1.000000, 0.100000, 0.000100, 1.000000, 0.001000, 0.000010, 0.000000, 0.000000, 0.950000, 0.000000, 6.847672, 0.000000, -13.695344, 1000
7.59, 0.000100, 0.200000, 0.470000, -9.810000, 6.000000, 0.000000, 0.000000, 0.000000, 10.000000, -1.000000, 1.000000, -1.000000, 0.100000, 0.000100, 1.000000, 0.001000, 0.000010, 0.000000, 0.000000, 0.950000, 0.000000, -13.695344, -0.000000, 72.765876, 0.000000, 6.769194, 0.000000, -19.416966, 1000, 0.000100, -1.000000, -1.000000, 0.100000, 0.000100, 5.000000, 1.000000, 0.001000, 0.000010, 0.000000, 0.000000, 0.950000, 5.000000, 0.000000, -19.484874, -0.000000, 72.424372, 1000, 0.000100, 2.000000, -1.000000, -1.000000, 0.100000, 0.000100, 1.000000, 0.001000, 0.000010, 0.000000, 0.000000, 0.950000, 0.000000, 6.808564, 0.000000, -13.617128, 1000
7.6, 0.000100, 0.200000, 0.470000, -9.810000, 6.000000, 0.000000, 0.000000, 0.000000, 10.000000, -1.000000, 1.000000, -1.000000, 0.100000, 0.000100, 1.000000, 0.001000, 0.000010, 0.000000, 0.000000, 0.950000, 0.000000, -13.617128, -0.000000, 72.424372, 0.000000, 6.729565, 0.000000, -19.349452, 1000, 0.000100, -1.000000, -1.000000, 0.100000, 0.000100, 5.000000, 1.000000, 0.001000, 0.000010, 0.000000, 0.000000, 0.950000, 5.000000, 0.000000, -19.416966, -0.000000, 72.084830, 1000, 0.000100, 2.000000, -1.000000, -1.000000, 0.100000, 0.000100, 1.000000, 0.001000, 0.000010, 0.000000, 0.000000, 0.950000, 0.000000, 6.769194, 0.000000, -13.538388, 1000
7.61, 0.000100, 0.200000, 0.470000, -9.810000, 6.000000, 0.000000, 0.000000, 0.000000, 10.000000, -1.000000, 1.000000, -1.000000, 0.100000, 0.000100, 1.000000, 0.001000, 0.000010, 0.000000, 0.000000, 0.950000, 0.000000, -13.538388, -0.000000, 72.084830, 0.000000, 6.689679, 0.000000, -19.282336, 1000, 0.000100, -1.000000, -1.000000, 0.100000, 0.000100, 5.000000, 1.000000, 0.001000, 0.000010, 0.000000, 0.000000, 0.950000, 5.000000, 0.000000, -19.349452, -0.000000, 71.747262, 1000, 0.000100, 2.000000, -1.000000, -1.000000, 0.100000, 0.000100, 1.000000, 0.001000, 0.000010, 0.000000, 0.000000, 0.950000, 0.000000, 6.729565, 0.000000, -13.459129, 1000
7.62, 0.000100, 0.200000, 0.470000, -9.810000, 6.000000, 0.000000, 0.000000, 0.000000, 10.000000, -1.000000, 1.000000, -1.000000, 0.100000, 0.000100, 1.000000, 0.001000, 0.000010, 0.000000, 0.000000, 0.950000, 0.000000, -13.459129, -0.000000, 71.747262, 0.000000, 6.649538, 0.000000, -19.215620, 1000, 0.000100, -1.000000, -1.000000, 0.100000, 0.000100, 5.000000, 1.000000, 0.001000, 0.000010, 0.000000, 0.000000, 0.950000, 5.000000, 0.000000, -19.282336, -0.000000, 71.411681, 1000, 0.000100, 2.000000, -1.000000, -1.000000, 0.100000, 0.000100, 1.000000, 0.001000, 0.000010, 0.000000, 0.000000, 0.950000, 0.000000, 6.689679, 0.000000, -13.379357, 1000
7.63, 0.000100, 0.200000, 0.470000, -9.810000, 6.000000, 0.000000, 0.000000, 0.000000, 10.000000, -1.000000, 1.000000, -1.000000, 0.100000, 0.000100, 1.000000, 0.001000, 0.000010, 0.000000, 0.000000, 0.950000, 0.000000, -13.379357, -0.000000, 71.411681, 0.000000, 6.609146, 0.000000, -19.149306, 1000, 0.000100, -1.000000, -1.000000, 0.100000, 0.000100, 5.000000, 1.000000, 0.001000, 0.000010, 0.000000, 0.000000, 0.950000, 5.000000, 0.000000, -19.215620, -0.000000, 71.078100, 1000, 0.000100, 2.000000, -1.000000, -1.000000, 0.100000, 0.000100, 1.000000, 0.001000, 0.000010, 0.000000, 0.000000, 0.950000, 0.000000, 6.649538, 0.000000, -13.299076, 1000
7.64, 0.000100, 0.200000, 0.470000, -9.810000, 6.000000, 0.000000, 0.000000, 0.000000, 10.000000, -1.000000, 1.000000, -1.000000, 0.100000, 0.000100, 1.000000, 0.001000, 0.000010, 0.000000, 0.000000, 0.950000, 0.000000, -13.299076, -0.000000, 71.078100, 0.000000, 6.568504, 0.000000, -19.083398, 1000, 0.000100, -1.000000, -1.000000, 0.100000, 0.000100, 5.000000, 1.000000, 0.001000, 0.000010, 0.000000, 0.000000, 0.950000, 5.000000, 0.000000, -19.149306, -0.000000, 70.746532, 1000, 0.000100, 2.000000, -1.000000, -1.000000, 0.100000, 0.000100, 1.000000, 0.001000, 0.000010, 0.000000, 0.000000, 0.950000, 0.000000, 6.609146, 0.000000, -13.218291, 1000
7.65, 0.000100, 0.200000, 0.470000, -9.810000, 6.000000, 0.000000, 0.000000, 0.000000, 10.000000, -1.000000, 1.000000, -1.000000, 0.100000, 0.000100, 1.000000, 0.001000, 0.000010, 0.000000, 0.000000, 0.950000, 0.000000, -13.218291, -0.000000, 70.746532, 0.000000, 6.527616, 0.000000, -19.017897, 1000, 0.000100, -1.000000, -1.000000, 0.100000, 0.000100, 5.000000, 1.000000, 0.001000, 0.000010, 0.000000, 0.000000, 0.950000, 5.000000, 0.000000, -19.083398, -0.000000, 70.416989, 1000, 0.000100, 2.000000, -1.000000, -1.000000, 0.100000, 0.000100, 1.000000, 0.001000, 0.000010, 0.000000, 0.000000, 0.950000, 0.000000, 6.568504, 0.000000, -13.137008, 1000
7.66, 0.000100, 0.200000, 0.470000, -9.810000, 6.000000, 0.000000, 0.000000, 0.000000, 10.000000, -1.000000, 1.000000, -1.000000, 0.100000, 0.000100, 1.000000, 0.001000, 0.000010, 0.000000, 0.000000, 0.950000, 0.000000, -13.137008, -0.000000, 70.416989, 0.000000, 6.486483, 0.000000, -18.952806, 1000, 0.000100, -1.000000, -1.000000, 0.100000, 0.000100, 5.000000, 1.000000, 0.001000, 0.000010, 0.000000, 0.000000, 0.950000, 5.000000, 0.000000, -19.017897, -0.000000, 70.089484, 1000, 0.000100, 2.000000, -1.000000, -1.000000, 0.100000, 0.000100, 1.000000, 0.001000, 0.000010, 0.000000, 0.000000, 0.950000, 0.000000, 6.527616, 0.000000, -13.055231, 1000
7.67, 0.000100, 0.200000, 0.470000, -9.810000, 6.000000, 0.000000, 0.000000, 0.000000, 10.000000, -1.000000, 1.000000, -1.000000, 0.100000, 0.000100, 1.000000, 0.001000, 0.000010, 0.000000, 0.000000, 0.950000, 0.000000, -13.055231, -0.000000, 70.089484, 0.000000, 6.445108, 0.000000, -18.888127, 1000, 0.000100, -1.000000, -1.000000, 0.100000, 0.000100, 5.000000, 1.000000, 0.001000, 0.000010, 0.000000, 0.000000, 0.950000, 5.000000, 0.000000, -18.952806, -0.000000, 69.764029, 1000, 0.000100, 2.000000, -1.000000, -1.000000, 0.100000, 0.000100, 1.000000, 0.001000, 0.000010, 0.000000, 0.000000, 0.950000, 0.000000, 6.486483, 0.000000, -12.972965, 1000
7.68, 0.000100, 0.200000, 0.470000, -9.810000, 6.000000, 0.000000, 0.000000, 0.000000, 10.000000, -1.000000, 1.000000, -1.000000, 0.100000, 0.000100, 1.000000, 0.001000, 0.000010, 0.000000, 0.000000, 0.950000, 0.000000, -12.972965, -0.000000, 69.764029, 0.000000, 6.403494, 0.000000, -18.823863, 1000, 0.000100, -1.000000, -1.000000, 0.100000, 0.000100, 5.000000, 1.000000, 0.001000, 0.000010, 0.000000, 0.000000, 0.950000, 5.000000, 0.000000, -18.888127, -0.000000, 69.440636, 1000, 0.000100, 2.000000, -1.000000, -1.000000, 0.100000, 0.000100, 1.000000, 0.001000, 0.000010, 0.000000, 0.000000, 0.950000, 0.000000, 6.445108, 0.000000, -12.890216, 1000
7.69, 0.000100, 0.200000, 0.470000, -9.810000, 6.000000, 0.000000, 0.000000, 0.000000, 10.000000, -1.000000, 1.000000, -1.000000, 0.100000, 0.000100, 1.000000, 0.001000, 0.000010, 0.000000, 0.000000, 0.950000, 0.000000, -12.890216, -0.000000, 69.440636, 0.000000, 6.361644, 0.000000, -18.760017, 1000, 0.000100, -1.000000, -1.000000, 0.100000, 0.000100, 5.000000, 1.000000, 0.001000, 0.000010, 0.000000, 0.000000, 0.950000, 5.000000, 0.000000, -18.823863, -0.000000, 69.119316, 1000, 0.000100, 2.000000, -1.000000, -1.000000, 0.100000, 0.000100, 1.000000, 0.001000, 0.000010, 0.000000, 0.000000, 0.950000, 0.000000, 6.403494, 0.000000, -12.806989, 1000
7.7, 0.000100, 0.200000, 0.470000, -9.810000, 6.000000, 0.000000, 0.000000, 0.000000, 10.000000, -1.000000, 1.000000, -1.000000, 0.100000, 0.000100, 1.000000, 0.001000, 0.000010, 0.000000, 0.000000, 0.950000, 0.000000, -12.806989, -0.000000, 69.119316, 0.000000, 6.319559, 0.000000, -18.696590, 1000, 0.000100, -1.000000, -1.000000, 0.100000, 0.000100, 5.000000, 1.000000, 0.001000, 0.000010, 0.000000, 0.000000, 0.950000, 5.000000, 0.000000, -18.760017, -0.000000, 68.800083, 1000, 0.000100, 2.000000, -1.000000, -1.000000, 0.100000, 0.000100, 1.000000, 0.001000, 0.000010, 0.000000, 0.000000, 0.950000, 0.000000, 6.361644, 0.000000, -12.723288, 1000
7.71, 0.000100, 0.200000, 0.470000, -9.810000, 6.000000, 0.000000, 0.000000, 0.000000, 10.000000, -1.000000, 1.000000, -1.000000, 0.100000, 0.000100, 1.000000, 0.001000, 0.000010, 0.000000, 0.000000, 0.950000, 0.000000, -12.723288, -0.000000, 68.800083, 0.000000, 6.277243, 0.000000, -18.633584, 1000, 0.000100, -1.000000, -1.000000, 0.100000, 0.000100, 5.000000, 1.000000, 0.001000, 0.000010, 0.000000, 0.000000, 0.950000, 5.000000, 0.000000, -18.696590, -0.000000, 68.482948, 1000, 0.000100, 2.000000, -1.000000, -1.000000, 0.100000, 0.000100, 1.000000, 0.001000, 0.000010, 0.000000, 0.000000, 0.950000, 0.000000, 6.319559, 0.000000, -12.639118, 1000
7.72, 0.000100, 0.200000, 0.470000, -9.810000, 6.000000, 0.000000, 0.000000, 0.000000, 10.000000, -1.000000, 1.000000, -1.000000, 0.100000, 0.000100, 1.000000, 0.001000, 0.000010, 0.000000, 0.000000, 0.950000, 0.000000, -12.639118, -0.000000, 68.482948, 0.000000, 6.234698, 0.000000, -18.571003, 1000, 0.000100, -1.000000, -1.000000, 0.100000, 0.000100, 5.000000, 1.000000, 0.001000, 0.000010, 0.000000, 0.000000, 0.950000, 5.000000, 0.000000, -18.633584, -0.000000, 68.167922, 1000, 0.000100, 2.000000, -1.000000, -1.000000, 0.100000, 0.000100, 1.000000, 0.001000, 0.000010, 0.000000, 0.000000, 0.950000, 0.000000, 6.277243, 0.000000, -12.554486, 1000
7.73, 0.000100, 0.200000, 0.470000, -9.810000, 6.000000, 0.000000, 0.000000, 0.000000, 10.000000, -1.000000, 1.000000, -1.000000, 0.100000, 0.000100, 1.000000, 0.001000, 0.000010, 0.000000, 0.000000, 0.950000, 0.000000, -12.554486, -0.000000, 68.167922, 0.000000, 6.191926, 0.000000, -18.508849, 1000, 0.000100, -1.000000, -1.000000, 0.100000, 0.000100, 5.000000, 1.000000, 0.001000, 0.000010, 0.000000, 0.000000, 0.950000, 5.000000, 0.000000, -18.571003, -0.000000, 67.855017, 1000, 0.000100, 2.000000, -1.000000, -1.000000, 0.100000, 0.000100, 1.000000, 0.001000, 0.000010, 0.000000, 0.000000, 0.950000, 0.000000, 6.234698, 0.000000, -12.469395, 1000
7.74, 0.000100, 0.200000, 0.470000, -9.810000, 6.000000, 0.000000, 0.000000, 0.000000, 10.000000, -1.000000, 1.000000, -1.000000, 0.100000, 0.000100, 1.000000, 0.001000, 0.000010, 0.000000, 0.000000, 0.950000, 0.000000, -12.469395, -0.000000, 67.855017, 0.000000, 6.148930, 0.000000, -18.447123, 1000, 0.000100, -1.000000, -1.000000, 0.100000, 0.000100, 5.000000, 1.000000, 0.001000, 0.000010, 0.000000, 0.000000, 0.950000, 5.000000, 0.000000, -18.508849, -0.000000, 67.544245, 1000, 0.000100, 2.000000, -1.000000, -1.000000, 0.100000, 0.000100, 1.000000, 0.001000, 0.000010, 0.000000, 0.000000, 0.950000, 0.000000, 6.191926, 0.000000, -12.383851, 1000
7.75, 0.000100, 0.200000, 0.470000, -9.810000, 6.000000, 0.000000, 0.000000, 0.000000, 10.000000, -1.000000, 1.000000, -1.000000, 0.100000, 0.000100, 1.000000, 0.001000, 0.000010, 0.000000, 0.000000, 0.950000, 0.000000, -12.383851, -0.000000, 67.544245, 0.000000, 6.105713, 0.000000, -18.385828, 1000, 0.000100, -1.000000, -1.000000, 0.100000, 0.000100, 5.000000, 1.000000, 0.001000, 0.000010, 0.000000, 0.000000, 0.950000, 5.000000, 0.000000, -18.447123, -0.000000, 67.235616, 1000, 0.000100, 2.000000, -1.000000, -1.000000, 0.100000, 0.000100, 1.000000, 0.001000, 0.000010, 0.000000, 0.000000, 0.950000, 0.000000, 6.148930, 0.000000, -12.297860, 1000
7.76, 0.000100, 0.200000, 0.470000, -9.810000, 6.000000, 0.000000, 0.000000, 0.000000, 10.000000, -1.000000, 1.000000, -1.000000, 0.100000, 0.000100, 1.000000, 0.001000, 0.000010, 0.000000, 0.000000, 0.950000, 0.000000, -12.297860, -0.000000, 67.235616, 0.000000, 6.062277, 0.000000, -18.324967, 1000, 0.000100, -1.000000, -1.000000, 0.100000, 0.000100, 5.000000, 1.000000, 0.001000, 0.000010, 0.000000, 0.000000, 0.950000, 5.000000, 0.000000, -18.385828, -0.000000, 66.929142, 1000, 0.000100, 2.000000, -1.000000, -1.000000, 0.100000, 0.000100, 1.000000, 0.001000, 0.000010, 0.000000, 0.000000, 0.950000, 0.000000, 6.105713, 0.000000, -12.211426, 1000
7.77, 0.000100, 0.200000, 0.470000, -9.810000, 6.000000, 0.000000, 0.000000, 0.000000, 10.000000, -1.000000, 1.000000, -1.000000, 0.100000, 0.000100, 1.000000, 0.001000, 0.000010, 0.000000, 0.000000, 0.950000, 0.000000, -12.211426, -0.000000, 66.929142, 0.000000, 6.018626, 0.000000, -18.264540, 1000, 0.000100, -1.000000, -1.000000, 0.100000, 0.000100, 5.000000, 1.000000, 0.001000, 0.000010, 0.000000, 0.000000, 0.950000, 5.000000, 0.000000, -18.324967, -0.000000, 66.624834, 1000, 0.000100, 2.000000, -1.000000, -1.000000, 0.100000, 0.000100, 1.000000, 0.001000, 0.000010, 0.000000, 0.000000, 0.950000, 0.000000, 6.062277, 0.000000, -12.124555, 1000
7.78, 0.000100, 0.200000, 0.470000, -9.810000, 6.000000, 0.000000, 0.000000, 0.000000, 10.000000, -1.000000, 1.000000, -1.000000, 0.100000, 0.000100, 1.000000, 0.001000, 0.000010, 0.000000, 0.000000, 0.950000, 0.000000, -12.124555, -0.000000, 66.624834, 0.000000, 5.974760, 0.000000, -18.204552, 1000, 0.000100, -1.000000, -1.000000, 0.100000, 0.000100, 5.000000, 1.000000, 0.001000, 0.000010, 0.000000, 0.000000, 0.950000, 5.000000, 0.000000, -18.264540, -0.000000, 66.322702, 1000, 0.000100, 2.000000, -1.000000, -1.000000, 0.100000, 0.000100, 1.000000, 0.001000, 0.000010, 0.000000, 0.000000, 0.950000, 0.000000, 6.018626, 0.000000, -12.037251, 1000
7.79, 0.000100, 0.200000, 0.470000, -9.810000, 6.000000, 0.000000, 0.000000, 0.000000, 10.000000, -1.000000, 1.000000, -1.000000, 0.100000, 0.000100, 1.000000, 0.001000, 0.000010, 0.000000, 0.000000, 0.950000, 0.000000, -12.037251, -0.000000, 66.322702, 0.000000, 5.930684, 0.000000, -18.145002, 1000, 0.000100, -1.000000, -1.000000, 0.100000, 0.000100, 5.000000, 1.000000, 0.001000, 0.000010, 0.000000, 0.000000, 0.950000, 5.000000, 0.000000, -18.204552, -0.000000, 66.022758, 1000, 0.000100, 2.000000, -1.000000, -1.000000, 0.100000, 0.000100, 1.000000, 0.001000, 0.000010, 0.000000, 0.000000, 0.950000, 0.000000, 5.974760, 0.000000, -11.949520, 1000
7.8, 0.000100, 0.200000, 0.470000, -9.810000, 6.000000, 0.000000, 0.000000, 0.000000, 10.000000, -1.000000, 1.000000, -1.000000, 0.100000, 0.000100, 1.000000, 0.001000, 0.000010, 0.000000, 0.000000, 0.950000, 0.000000, -11.949520, -0.000000, 66.022758, 0.000000, 5.886399, 0.000000, -18.085895, 1000, 0.000100, -1.000000, -1.000000, 0.100000, 0.000100, 5.000000, 1.000000, 0.001000, 0.000010, 0.000000, 0.000000, 0.950000, 5.000000, 0.000000, -18.145002, -0.000000, 65.725011, 1000, 0.000100, 2.000000, -1.000000, -1.000000, 0.100000, 0.000100, 1.000000, 0.001000, 0.000010, 0.000000, 0.000000, 0.950000, 0.000000, 5.930684, 0.000000, -11.861368, 1000
7.81, 0.000100, 0.200000, 0.470000, -9.810000, 6.000000, 0.000000, 0.000000, 0.000000, 10.000000, -1.000000, 1.000000, -1.000000, 0.100000, 0.000100, 1.000000, 0.001000, 0.000010, 0.000000, 0.000000, 0.950000, 0.000000, -11.861368, -0.000000, 65.725011, 0.000000, 5.841909, 0.000000, -18.027231, 1000, 0.000100, -1.000000, -1.000000, 0.100000, 0.000100, 5.000000, 1.000000, 0.001000, 0.000010, 0.000000, 0.000000, 0.950000, 5.000000, 0.000000, -18.085895, -0.000000, 65.429474, 1000, 0.000100, 2.000000, -1.000000, -1.000000, 0.100000, 0.000100, 1.000000, 0.001000, 0.000010, 0.000000, 0.000000, 0.950000, 0.000000, 5.886399, 0.000000, -11.772798, 1000
7.82, 0.000100, 0.200000, 0.470000, -9.810000, 6.000000, 0.000000, 0.000000, 0.000000, 10.000000, -1.000000, 1.000000, -1.000000, 0.100000, 0.000100, 1.000000, 0.001000, 0.000010, 0.000000, 0.000000, 0.950000, 0.000000, -11.772798, -0.000000, 65.429474, 0.000000, 5.797215, 0.000000, -17.969013, 1000, 0.000100, -1.000000, -1.000000, 0.100000, 0.000100, 5.000000, 1.000000, 0.001000, 0.000010, 0.000000, 0.000000, 0.950000, 5.000000, 0.000000, -18.027231, -0.000000, 65.136155, 1000, 0.000100, 2.000000, -1.000000, -1.000000, 0.100000, 0.000100, 1.000000, 0.001000, 0.000010, 0.000000, 0.000000, 0.950000, 0.000000, 5.841909, 0.000000, -11.683817, 1000
7.83, 0.000100, 0.200000, 0.470000, -9.810000, 6.000000, 0.000000, 0.000000, 0.000000, 10.000000, -1.000000, 1.000000, -1.000000, 0.100000, 0.000100, 1.000000, 0.001000, 0.000010, 0.000000, 0.000000, 0.950000, 0.000000, -11.683817, -0.000000, 65.136155, 0.000000, 5.752321, 0.000000, -17.911243, 1000, 0.000100, -1.000000, -1.000000, 0.100000, 0.000100, 5.000000, 1.000000, 0.001000, 0.000010, 0.000000, 0.000000, 0.950000, 5.000000, 0.000000, -17.969013, -0.000000, 64.845065, 1000, 0.000100, 2.000000, -1.000000, -1.000000, 0.100000, 0.000100, 1.000000, 0.001000, 0.000010, 0.000000, 0.000000, 0.950000, 0.000000, 5.797215, 0.000000, -11.594430, 1000
7.84, 0.000100, 0.200000, 0.470000, -9.810000, 6.000000, 0.000000, 0.000000, 0.000000, 10.000000, -1.000000, 1.000000, -1.000000, 0.100000, 0.000100, 1.000000, 0.001000, 0.000010, 0.000000, 0.000000, 0.950000, 0.000000, -11.594430, -0.000000, 64.845065, 0.000000, 5.707229, 0.000000, -17.853923, 1000, 0.000100, -1.000000, -1.000000, 0.100000, 0.000100, 5.000000, 1.000000, 0.001000, 0.000010, 0.000000, 0.000000, 0.950000, 5.000000, 0.000000, -17.911243, -0.000000, 64.556214, 1000, 0.000100, 2.000000, -1.000000, -1.000000, 0.100000, 0.000100, 1.000000, 0.001000, 0.000010, 0.000000, 0.000000, 0.950000, 0.000000, 5.752321, 0.000000, -11.504642, 1000
7.85, 0.000100, 0.200000, 0.470000, -9.810000, 6.000000, 0.000000, 0.000000, 0.000000, 10.000000, -1.000000, 1.000000, -1.000000, 0.100000, 0.000100, 1.000000, 0.001000, 0.000010, 0.000000, 0.000000, 0.950000, 0.000000, -11.504642, -0.000000, 64.556214, 0.000000, 5.661942, 0.000000, -17.797054, 1000, 0.000100, -1.000000, -1.000000, 0.100000, 0.000100, 5.000000, 1.000000, 0.001000, 0.000010, 0.000000, 0.000000, 0.950000, 5.000000, 0.000000, -17.853923, -0.000000, 64.269613, 1000, 0.000100, 2.000000, -1.000000, -1.000000, 0.100000, 0.000100, 1.000000, 0.001000, 0.000010, 0.000000, 0.000000, 0.950000, 0.000000, 5.707229, 0.000000, -11.414458, 1000
7.86, 0.000100, 0.200000, 0.470000, -9.810000, 6.000000, 0.000000, 0.000000, 0.000000, 10.000000, -1.000000, 1.000000, -1.000000, 0.100000, 0.000100, 1.000000, 0.001000, 0.000010, 0.000000, 0.000000, 0.950000, 0.000000, -11.414458, -0.000000, 64.269613, 0.000000, 5.616462, 0.000000, -17.740639, 1000, 0.000100, -1.000000, -1.000000, 0.100000, 0.000100, 5.000000, 1.000000, 0.001000, 0.000010, 0.000000, 0.000000, 0.950000, 5.000000, 0.000000, -17.797054, -0.000000, 63.985270, 1000, 0.000100, 2.000000, -1.000000, -1.000000, 0.100000, 0.000100, 1.000000, 0.001000, 0.000010, 0.000000, 0.000000, 0.950000, 0.000000, 5.661942, 0.000000, -11.323884, 1000
7.87, 0.000100, 0.200000, 0.470000, -9.810000, 6.000000, 0.000000, 0.000000, 0.000000, 10.000000, -1.000000, 1.000000, -1.000000, 0.100000, 0.000100, 1.000000, 0.001000, 0.000010, 0.000000, 0.000000, 0.950000, 0.000000, -11.323884, -0.000000, 63.985270, 0.000000, 5.570792, 0.000000, -17.684680, 1000, 0.000100, -1.000000, -1.000000, 0.100000, 0.000100, 5.000000, 1.000000, 0.001000, 0.000010, 0.000000, 0.000000, 0.950000, 5.000000, 0.000000, -17.740639, -0.000000, 63.703197, 1000, 0.000100, 2.000000, -1.000000, -1.000000, 0.100000, 0.000100, 1.000000, 0.001000, 0.000010, 0.000000, 0.000000, 0.950000, 0.000000, 5.616462, 0.000000, -11.232924, 1000
7.88, 0.000100, 0.200000, 0.470000, -9.810000, 6.000000, 0.000000, 0.000000, 0.000000, 10.000000, -1.000000, 1.000000, -1.000000, 0.100000, 0.000100, 1.000000, 0.001000, 0.000010, 0.000000, 0.000000, 0.950000, 0.000000, -11.232924, -0.000000, 63.703197, 0.000000, 5.524935, 0.000000, -17.629179, 1000, 0.000100, -1.000000, -1.000000, 0.100000, 0.000100, 5.000000, 1.000000, 0.001000, 0.000010, 0.000000, 0.000000, 0.950000, 5.000000, 0.000000, -17.684680, -0.000000, 63.423401, 1000, 0.000100, 2.000000, -1.000000, -1.000000, 0.100000, 0.000100, 1.000000, 0.001000, 0.000010, 0.000000, 0.000000, 0.950000, 0.000000, 5.570792, 0.000000, -11.141585, 1000
7.89, 0.000100, 0.200000, 0.470000, -9.810000, 6.000000, 0.000000, 0.000000, 0.000000, 10.000000, -1.000000, 1.000000, -1.000000, 0.100000, 0.000100, 1.000000, 0.001000, 0.000010, 0.000000, 0.000000, 0.950000, 0.000000, -11.141585, -0.000000, 63.423401, 0.000000, 5.478893, 0.000000, -17.574136, 1000, 0.000100, -1.000000, -1.000000, 0.100000, 0.000100, 5.000000, 1.000000, 0.001000, 0.000010, 0.000000, 0.000000, 0.950000, 5.000000, 0.000000, -17.629179, -0.000000, 63.145893, 1000, 0.000100, 2.000000, -1.000000, -1.000000, 0.100000, 0.000100, 1.000000, 0.001000, 0.000010, 0.000000, 0.000000, 0.950000, 0.000000, 5.524935, 0.000000, -11.049870, 1000
7.9, 0.000100, 0.200000, 0.470000, -9.810000, 6.000000, 0.000000, 0.000000, 0.000000, 10.000000, -1.000000, 1.000000, -1.000000, 0.100000, 0.000100, 1.000000, 0.001000, 0.000010, 0.000000, 0.000000, 0.950000, 0.000000, -11.049870, -0.000000, 63.145893, 0.000000, 5.432669, 0.000000, -17.519556, 1000, 0.000100, -1.000000, -1.000000, 0.100000, 0.000100, 5.000000, 1.000000, 0.001000, 0.000010, 0.000000, 0.000000, 0.950000, 5.000000, 0.000000, -17.574136, -0.000000, 62.870682, 1000, 0.000100, 2.000000, -1.000000, -1.000000, 0.100000, 0.000100, 1.000000, 0.001000, 0.000010, 0.000000, 0.000000, 0.950000, 0.000000, 5.478893, 0.000000, -10.957787, 1000
7.91, 0.000100, 0.200000, 0.470000, -9.810000, 6.000000, 0.000000, 0.000000, 0.000000, 10.000000, -1.000000, 1.000000, -1.000000, 0.100000, 0.000100, 1.000000, 0.001000, 0.000010, 0.000000, 0.000000, 0.950000, 0.000000, -10.957787, -0.000000, 62.870682, 0.000000, 5.386266, 0.000000, -17.465438, 1000, 0.000100, -1.000000, -1.000000, 0.100000, 0.000100, 5.000000, 1.000000, 0.001000, 0.000010, 0.000000, 0.000000, 0.950000, 5.000000, 0.000000, -17.519556, -0.000000, 62.597778, 1000, 0.000100, 2.000000, -1.000000, -1.000000, 0.100000, 0.000100, 1.000000, 0.001000, 0.000010, 0.000000, 0.000000, 0.950000, 0.000000, 5.432669, 0.000000, -10.865339, 1000
7.92, 0.000100, 0.200000, 0.470000, -9.810000, 6.000000, 0.000000, 0.000000, 0.000000, 10.000000, -1.000000, 1.000000, -1.000000, 0.100000, 0.000100, 1.000000, 0.001000, 0.000010, 0.000000, 0.000000, 0.950000, 0.000000, -10.865339, -0.000000, 62.597778, 0.000000, 5.339686, 0.000000, -17.411785, 1000, 0.000100, -1.000000, -1.000000, 0.100000, 0.000100, 5.000000, 1.000000, 0.001000, 0.000010, 0.000000, 0.000000, 0.950000, 5.000000, 0.000000, -17.465438, -0.000000, 62.327188, 1000, 0.000100, 2.000000, -1.000000, -1.000000, 0.100000, 0.000100, 1.000000, 0.001000, 0.000010, 0.000000, 0.000000, 0.950000, 0.000000, 5.386266, 0.000000, -10.772532, 1000
7.93, 0.000100, 0.200000, 0.470000, -9.810000, 6.000000, 0.000000, 0.000000, 0.000000, 10.000000, -1.000000, 1.000000, -1.000000, 0.100000, 0.000100, 1.000000, 0.001000, 0.000010, 0.000000, 0.000000, 0.950000, 0.000000, -10.772532, -0.000000, 62.327188, 0.000000, 5.292932, 0.000000, -17.358598, 1000, 0.000100, -1.000000, -1.000000, 0.100000, 0.000100, 5.000000, 1.000000, 0.001000, 0.000010, 0.000000, 0.000000, 0.950000, 5.000000, 0.000000, -17.411785, -0.000000, 62.058923, 1000, 0.000100, 2.000000, -1.000000, -1.000000, 0.100000, 0.000100, 1.000000, 0.001000, 0.000010, 0.000000, 0.000000, 0.950000, 0.000000, 5.339686, 0.000000, -10.679372, 1000
7.94, 0.000100, 0.200000, 0.470000, -9.810000, 6.000000, 0.000000, 0.000000, 0.000000, 10.000000, -1.000000, 1.000000, -1.000000, 0.100000, 0.000100, 1.000000, 0.001000, 0.000010, 0.000000, 0.000000, 0.950000, 0.000000, -10.679372, -0.000000, 62.058923, 0.000000, 5.246006, 0.000000, -17.305880, 1000, 0.000100, -1.000000, -1.000000, 0.100000, 0.000100, 5.000000, 1.000000, 0.001000, 0.000010, 0.000000, 0.000000, 0.950000, 5.000000, 0.000000, -17.358598, -0.000000, 61.792991, 1000, 0.000100, 2.000000, -1.000000, -1.000000, 0.100000, 0.000100, 1.000000, 0.001000, 0.000010, 0.000000, 0.000000, 0.950000, 0.000000, 5.292932, 0.000000, -10.585864, 1000
7.95, 0.000100, 0.200000, 0.470000, -9.810000, 6.000000, 0.000000, 0.000000, 0.000000, 10.000000, -1.000000, 1.000000, -1.000000, 0.100000, 0.000100, 1.000000, 0.001000, 0.000010, 0.000000, 0.000000, 0.950000, 0.000000, -10.585864, -0.000000, 61.792991, 0.000000, 5.198912, 0.000000, -17.253632, 1000, 0.000100, -1.000000, -1.000000, 0.100000, 0.000100, 5.000000, 1.000000, 0.001000, 0.000010, 0.000000, 0.000000, 0.950000, 5.000000, 0.000000, -17.305880, -0.000000, 61.529400, 1000, 0.000100, 2.000000, -1.000000, -1.000000, 0.100000, 0.000100, 1.000000, 0.001000, 0.000010, 0.000000, 0.000000, 0.950000, 0.000000, 5.246006, 0.000000, -10.492012, 1000
7.96, 0.000100, 0.200000, 0.470000, -9.810000, 6.000000, 0.000000, 0.000000, 0.000000, 10.000000, -1.000000, 1.000000, -1.000000, 0.100000, 0.000100, 1.000000, 0.001000, 0.000010, 0.000000, 0.000000, 0.950000, 0.000000, -10.492012, -0.000000, 61.529400, 0.000000, 5.151651, 0.000000, -17.201855, 1000, 0.000100, -1.000000, -1.000000, 0.100000, 0.000100, 5.000000, 1.000000, 0.001000, 0.000010, 0.000000, 0.000000, 0.950000, 5.000000, 0.000000, -17.253632, -0.000000, 61.268159, 1000, 0.000100, 2.000000, -1.000000, -1.000000, 0.100000, 0.000100, 1.000000, 0.001000, 0.000010, 0.000000, 0.000000, 0.950000, 0.000000, 5.198912, 0.000000, -10.397823, 1000
7.97, 0.000100, 0.200000, 0.470000, -9.810000, 6.000000, 0.000000, 0.000000, 0.000000, 10.000000, -1.000000, 1.000000, -1.000000, 0.100000, 0.000100, 1.000000, 0.001000, 0.000010, 0.000000, 0.000000, 0.950000, 0.000000, -10.397823, -0.000000, 61.268159, 0.000000, 5.104227, 0.000000, -17.150552, 1000, 0.000100, -1.000000, -1.000000, 0.100000, 0.000100, 5.000000, 1.000000, 0.001000, 0.000010, 0.000000, 0.000000, 0.950000, 5.000000, 0.000000, -17.201855, -0.000000, 61.009277, 1000, 0.000100, 2.000000, -1.000000, -1.000000, 0.100000, 0.000100, 1.000000, 0.001000, 0.000010, 0.000000, 0.000000, 0.950000, 0.000000, 5.151651, 0.000000, -10.303302, 1000
7.98, 0.000100, 0.200000, 0.470000, -9.810000, 6.000000, 0.000000, 0.000000, 0.000000, 10.000000, -1.000000, 1.000000, -1.000000, 0.100000, 0.000100, 1.000000, 0.001000, 0.000010, 0.000000, 0.000000, 0.950000, 0.000000, -10.303302, -0.000000, 61.009277, 0.000000, 5.056642, 0.000000, -17.099724, 1000, 0.000100, -1.000000, -1.000000, 0.100000, 0.000100, 5.000000, 1.000000, 0.001000, 0.000010, 0.000000, 0.000000, 0.950000, 5.000000, 0.000000, -17.150552, -0.000000, 60.752762, 1000, 0.000100, 2.000000, -1.000000, -1.000000, 0.100000, 0.000100, 1.000000, 0.001000, 0.000010, 0.000000, 0.000000, 0.950000, 0.000000, 5.104227, 0.000000, -10.208454, 1000
7.99, 0.000100, 0.200000, 0.470000, -9.810000, 6.000000, 0.000000, 0.000000, 0.000000, 10.000000, -1.000000, 1.000000, -1.000000, 0.100000, 0.000100, 1.000000, 0.001000, 0.000010, 0.000000, 0.000000, 0.950000, 0.000000, -10.208454, -0.000000, 60.752762, 0.000000, 5.008900, 0.000000, -17.049373, 1000, 0.000100, -1.000000, -1.000000, 0.100000, 0.000100, 5.000000, 1.000000, 0.001000, 0.000010, 0.000000, 0.000000, 0.950000, 5.000000, 0.000000, -17.099724, -0.000000, 60.498621, 1000, 0.000100, 2.000000, -1.000000, -1.000000, 0.100000, 0.000100, 1.000000, 0.001000, 0.000010, 0.000000, 0.000000, 0.950000, 0.000000, 5.056642, 0.000000, -10.113285, 1000
8, 0.000100, 0.200000, 0.470000, -9.810000, 6.000000, 0.000000, 0.000000, 0.000000, 10.000000, -1.000000, 1.000000, -1.000000, 0.100000, 0.000100, 1.000000, 0.001000, 0.000010, 0.000000, 0.000000, 0.950000, 0.000000, -10.113285, -0.000000, 60.498621, 0.000000, 4.961001, 0.000000, -16.999499, 1000, 0.000100, -1.000000, -1.000000, 0.100000, 0.000100, 5.000000, 1.000000, 0.001000, 0.000010, 0.000000, 0.000000, 0.950000, 5.000000, 0.000000, -17.049373, -0.000000, 60.246863, 1000, 0.000100, 2.000000, -1.000000, -1.000000, 0.100000, 0.000100, 1.000000, 0.001000, 0.000010, 0.000000, 0.000000, 0.950000, 0.000000, 5.008900, 0.000000, -10.017799, 1000
8.01, 0.000100, 0.200000, 0.470000, -9.810000, 6.000000, 0.000000, 0.000000, 0.000000, 10.000000, -1.000000, 1.000000, -1.000000, 0.100000, 0.000100, 1.000000, 0.001000, 0.000010, 0.000000, 0.000000, 0.950000, 0.000000, -10.017799, -0.000000, 60.246863, 0.000000, 4.912950, 0.000000, -16.950105, 1000, 0.000100, -1.000000, -1.000000, 0.100000, 0.000100, 5.000000, 1.000000, 0.001000, 0.000010, 0.000000, 0.000000, 0.950000, 5.000000, 0.000000, -16.999499, -0.000000, 59.997496, 1000, 0.000100, 2.000000, -1.000000, -1.000000, 0.100000, 0.000100, 1.000000, 0.001000, 0.000010, 0.000000, 0.000000, 0.950000, 0.000000, 4.961001, 0.000000, -9.922003, 1000
8.02, 0.000100, 0.200000, 0.470000, -9.810000, 6.000000, 0.000000, 0.000000, 0.000000, 10.000000, -1.000000, 1.000000, -1.000000, 0.100000, 0.000100, 1.000000, 0.001000, 0.000010, 0.000000, 0.000000, 0.950000, 0.000000, -9.922003, -0.000000, 59.997496, 0.000000, 4.864749, 0.000000, -16.901193, 1000, 0.000100, -1.000000, -1.000000, 0.100000, 0.000100, 5.000000, 1.000000, 0.001000, 0.000010, 0.000000, 0.000000, 0.950000, 5.000000, 0.000000, -16.950105, -0.000000, 59.750527, 1000, 0.000100, 2.000000, -1.000000, -1.000000, 0.100000, 0.000100, 1.000000, 0.001000, 0.000010, 0.000000, 0.000000, 0.950000, 0.000000, 4.912950, 0.000000, -9.825900, 1000
8.03, 0.000100, 0.200000, 0.470000, -9.810000, 6.000000, 0.000000, 0.000000, 0.000000, 10.000000, -1.000000, 1.000000, -1.000000, 0.100000, 0.000100, 1.000000, 0.001000, 0.000010, 0.000000, 0.000000, 0.950000, 0.000000, -9.825900, -0.000000, 59.750527, 0.000000, 4.816401, 0.000000, -16.852763, 1000, 0.000100, -1.000000, -1.000000, 0.100000, 0.000100, 5.000000, 1.000000, 0.001000, 0.000010, 0.000000, 0.000000, 0.950000, 5.000000, 0.000000, -16.901193, -0.000000, 59.505964, 1000, 0.000100, 2.000000, -1.000000, -1.000000, 0.100000, 0.000100, 1.000000, 0.001000, 0.000010, 0.000000, 0.000000, 0.950000, 0.000000, 4.864749, 0.000000, -9.729498, 1000
8.04, 0.000100, 0.200000, 0.470000, -9.810000, 6.000000, 0.000000, 0.000000, 0.000000, 10.000000, -1.000000, 1.000000, -1.000000, 0.100000, 0.000100, 1.000000, 0.001000, 0.000010, 0.000000, 0.000000, 0.950000, 0.000000, -9.729498, -0.000000, 59.505964, 0.000000, 4.767907, 0.000000, -16.804817, 1000, 0.000100, -1.000000, -1.000000, 0.100000, 0.000100, 5.000000, 1.000000, 0.001000, 0.000010, 0.000000, 0.000000, 0.950000, 5.000000, 0.000000, -16.852763, -0.000000, 59.263814, 1000, 0.000100, 2.000000, -1.000000, -1.000000, 0.100000, 0.000100, 1.000000, 0.001000, 0.000010, 0.000000, 0.000000, 0.950000, 0.000000, 4.816401, 0.000000, -9.632801, 1000
8.05, 0.000100, 0.200000, 0.470000, -9.810000, 6.000000, 0.000000, 0.000000, 0.000000, 10.000000, -1.000000, 1.000000, -1.000000, 0.100000, 0.000100, 1.000000, 0.001000, 0.000010, 0.000000, 0.000000, 0.950000, 0.000000, -9.632801, -0.000000, 59.263814, 0.000000, 4.719272, 0.000000, -16.757357, 1000, 0.000100, -1.000000, -1.000000, 0.100000, 0.000100, 5.000000, 1.000000, 0.001000, 0.000010, 0.000000, 0.000000, 0.950000, 5.000000, 0.000000, -16.804817, -0.000000, 59.024086, 1000, 0.000100, 2.000000, -1.000000, -1.000000, 0.100000, 0.000100, 1.000000, 0.001000, 0.000010, 0.000000, 0.000000, 0.950000, 0.000000, 4.767907, 0.000000, -9.535815, 1000
8.06, 0.000100, 0.200000, 0.470000, -9.810000, 6.000000, 0.000000, 0.000000, 0.000000, 10.000000, -1.000000, 1.000000, -1.000000, 0.100000, 0.000100, 1.000000, 0.001000, 0.000010, 0.000000, 0.000000, 0.950000, 0.000000, -9.535815, -0.000000, 59.024086, 0.000000, 4.670497, 0.000000, -16.710384, 1000, 0.000100, -1.000000, -1.000000, 0.100000, 0.000100, 5.000000, 1.000000, 0.001000, 0.000010, 0.000000, 0.000000, 0.950000, 5.000000, 0.000000, -16.757357, -0.000000, 58.786784, 1000, 0.000100, 2.000000, -1.000000, -1.000000, 0.100000, 0.000100, 1.000000, 0.001000, 0.000010, 0.000000, 0.000000, 0.950000, 0.000000, 4.719272, 0.000000, -9.438544, 1000
8.07, 0.000100, 0.200000, 0.470000, -9.810000, 6.000000, 0.000000, 0.000000, 0.000000, 10.000000, -1.000000, 1.000000, -1.000000, 0.100000, 0.000100, 1.000000, 0.001000, 0.000010, 0.000000, 0.000000, 0.950000, 0.000000, -9.438544, -0.000000, 58.786784, 0.000000, 4.621586, 0.000000, -16.663899, 1000, 0.000100, -1.000000, -1.000000, 0.100000, 0.000100, 5.000000, 1.000000, 0.001000, 0.000010, 0.000000, 0.000000, 0.950000, 5.000000, 0.000000, -16.710384, -0.000000, 58.551918, 1000, 0.000100, 2.000000, -1.000000, -1.000000, 0.100000, 0.000100, 1.000000, 0.001000, 0.000010, 0.000000, 0.000000, 0.950000, 0.000000, 4.670497, 0.000000, -9.340995, 1000
8.08, 0.000100, 0.200000, 0.470000, -9.810000, 6.000000, 0.000000, 0.000000, 0.000000, 10.000000, -1.000000, 1.000000, -1.000000, 0.100000, 0.000100, 1.000000, 0.001000, 0.000010, 0.000000, 0.000000, 0.950000, 0.000000, -9.340995, -0.000000, 58.551918, 0.000000, 4.572541, 0.000000, -16.617904, 1000, 0.000100, -1.000000, -1.000000, 0.100000, 0.000100, 5.000000, 1.000000, 0.001000, 0.000010, 0.000000, 0.000000, 0.950000, 5.000000, 0.000000, -16.663899, -0.000000, 58.319494, 1000, 0.000100, 2.000000, -1.000000, -1.000000, 0.100000, 0.000100, 1.000000, 0.001000, 0.000010, 0.000000, 0.000000, 0.950000, 0.000000, 4.621586, 0.000000, -9.243172, 1000
8.09, 0.000100, 0.200000, 0.470000, -9.810000, 6.000000, 0.000000, 0.000000, 0.000000, 10.000000, -1.000000, 1.000000, -1.000000, 0.100000, 0.000100, 1.000000, 0.001000, 0.000010, 0.000000, 0.000000, 0.950000, 0.000000, -9.243172, -0.000000, 58.319494, 0.000000, 4.523364, 0.000000, -16.572400, 1000, 0.000100, -1.000000, -1.000000, 0.100000, 0.000100, 5.000000, 1.000000, 0.001000, 0.000010, 0.000000, 0.000000, 0.950000, 5.000000, 0.000000, -16.617904, -0.000000, 58.089518, 1000, 0.000100, 2.000000, -1.000000, -1.000000, 0.100000, 0.000100, 1.000000, 0.001000, 0.000010, 0.000000, 0.000000, 0.950000, 0.000000, 4.572541, 0.000000, -9.145082, 1000
8.1, 0.000100, 0.200000, 0.470000, -9.810000, 6.000000, 0.000000, 0.000000, 0.000000, 10.000000, -1.000000, 1.000000, -1.000000, 0.100000, 0.000100, 1.000000, 0.001000, 0.000010, 0.000000, 0.000000, 0.950000, 0.000000, -9.145082, -0.000000, 58.089518, 0.000000, 4.474059, 0.000000, -16.527388, 1000, 0.000100, -1.000000, -1.000000, 0.100000, 0.000100, 5.000000, 1.000000, 0.001000, 0.000010, 0.000000, 0.000000, 0.950000, 5.000000, 0.000000, -16.572400, -0.000000, 57.861998, 1000, 0.000100, 2.000000, -1.000000, -1.000000, 0.100000, 0.000100, 1.000000, 0.001000, 0.000010, 0.000000, 0.000000, 0.950000, 0.000000, 4.523364, 0.000000, -9.046729, 1000
8.11, 0.000100, 0.200000, 0.470000, -9.810000, 6.000000, 0.000000, 0.000000, 0.000000, 10.000000, -1.000000, 1.000000, -1.000000, 0.100000, 0.000100, 1.000000, 0.001000, 0.000010, 0.000000, 0.000000, 0.950000, 0.000000, -9.046729, -0.000000, 57.861998, 0.000000, 4.424628, 0.000000, -16.482870, 1000, 0.000100, -1.000000, -1.000000, 0.100000, 0.000100, 5.000000, 1.000000, 0.001000, 0.000010, 0.000000, 0.000000, 0.950000, 5.000000, 0.000000, -16.527388, -0.000000, 57.636939, 1000, 0.000100, 2.000000, -1.000000, -1.000000, 0.100000, 0.000100, 1.000000, 0.001000, 0.000010, 0.000000, 0.000000, 0.950000, 0.000000, 4.474059, 0.000000, -8.948118, 1000
8.12, 0.000100, 0.200000, 0.470000, -9.810000, 6.000000, 0.000000, 0.000000, 0.000000, 10.000000, -1.000000, 1.000000, -1.000000, 0.100000, 0.000100, 1.000000, 0.001000, 0.000010, 0.000000, 0.000000, 0.950000, 0.000000, -8.948118, -0.000000, 57.636939, 0.000000, 4.375074, 0.000000, -16.438846, 1000, 0.000100, -1.000000, -1.000000, 0.100000, 0.000100, 5.000000, 1.000000, 0.001000, 0.000010, 0.000000, 0.000000, 0.950000, 5.000000, 0.000000, -16.482870, -0.000000, 57.414348, 1000, 0.000100, 2.000000, -1.000000, -1.000000, 0.100000, 0.000100, 1.000000, 0.001000, 0.000010, 0.000000, 0.000000, 0.950000, 0.000000, 4.424628, 0.000000, -8.849256, 1000
8.13, 0.000100, 0.200000, 0.470000, -9.810000, 6.000000, 0.000000, 0.000000, 0.000000, 10.000000, -1.000000, 1.000000, -1.000000, 0.100000, 0.000100, 1.000000, 0.001000, 0.000010, 0.000000, 0.000000, 0.950000, 0.000000, -8.849256, -0.000000, 57.414348, 0.000000, 4.325399, 0.000000, -16.395319, 1000, 0.000100, -1.000000, -1.000000, 0.100000, 0.000100, 5.000000, 1.000000, 0.001000, 0.000010, 0.000000, 0.000000, 0.950000, 5.000000, 0.000000, -16.438846, -0.000000, 57.194232, 1000, 0.000100, 2.000000, -1.000000, -1.000000, 0.100000, 0.000100, 1.000000, 0.001000, 0.000010, 0.000000, 0.000000, 0.950000, 0.000000, 4.375074, 0.000000, -8.750148, 1000
8.14, 0.000100, 0.200000, 0.470000, -9.810000, 6.000000, 0.000000, 0.000000, 0.000000, 10.000000, -1.000000, 1.000000, -1.000000, 0.100000, 0.000100, 1.000000, 0.001000, 0.000010, 0.000000, 0.000000, 0.950000, 0.000000, -8.750148, -0.000000, 57.194232, 0.000000, 4.275606, 0.000000, -16.352289, 1000, 0.000100, -1.000000, -1.000000, 0.100000, 0.000100, 5.000000, 1.000000, 0.001000, 0.000010, 0.000000, 0.000000, 0.950000, 5.000000, 0.000000, -16.395319, -0.000000, 56.976596, 1000, 0.000100, 2.000000, -1.000000, -1.000000, 0.100000, 0.000100, 1.000000, 0.001000, 0.000010, 0.000000, 0.000000, 0.950000, 0.000000, 4.325399, 0.000000, -8.650798, 1000
8.15, 0.000100, 0.200000, 0.470000, -9.810000, 6.000000, 0.000000, 0.000000, 0.000000, 10.000000, -1.000000, 1.000000, -1.000000, 0.100000, 0.000100, 1.000000, 0.001000, 0.000010, 0.000000, 0.000000, 0.950000, 0.000000, -8.650798, -0.000000, 56.976596, 0.000000, 4.225699, 0.000000, -16.309758, 1000, 0.000100, -1.000000, -1.000000, 0.100000, 0.000100, 5.000000, 1.000000, 0.001000, 0.000010, 0.000000, 0.000000, 0.950000, 5.000000, 0.000000, -16.352289, -0.000000, 56.761446, 1000, 0.000100, 2.000000, -1.000000, -1.000000, 0.100000, 0.000100, 1.000000, 0.001000, 0.000010, 0.000000, 0.000000, 0.950000, 0.000000, 4.275606, 0.000000, -8.551213, 1000
8.16, 0.000100, 0.200000, 0.470000, -9.810000, 6.000000, 0.000000, 0.000000, 0.000000, 10.000000, -1.000000, 1.000000, -1.000000, 0.100000, 0.000100, 1.000000, 0.001000, 0.000010, 0.000000, 0.000000, 0.950000, 0.000000, -8.551213, -0.000000, 56.761446, 0.000000, 4.175678, 0.000000, -16.267726, 1000, 0.000100, -1.000000, -1.000000, 0.100000, 0.000100, 5.000000, 1.000000, 0.001000, 0.000010, 0.000000, 0.000000, 0.950000, 5.000000, 0.000000, -16.309758, -0.000000, 56.548789, 1000, 0.000100, 2.000000, -1.000000, -1.000000, 0.100000, 0.000100, 1.000000, 0.001000, 0.000010, 0.000000, 0.000000, 0.950000, 0.000000, 4.225699, 0.000000, -8.451397, 1000
8.17, 0.000100, 0.200000, 0.470000, -9.810000, 6.000000, 0.000000, 0.000000, 0.000000, 10.000000, -1.000000, 1.000000, -1.000000, 0.100000, 0.000100, 1.000000, 0.001000, 0.000010, 0.000000, 0.000000, 0.950000, 0.000000, -8.451397, -0.000000, 56.548789, 0.000000, 4.125549, 0.000000, -16.226195, 1000, 0.000100, -1.000000, -1.000000, 0.100000, 0.000100, 5.000000, 1.000000, 0.001000, 0.000010, 0.000000, 0.000000, 0.950000, 5.000000, 0.000000, -16.267726, -0.000000, 56.338629, 1000, 0.000100, 2.000000, -1.000000, -1.000000, 0.100000, 0.000100, 1.000000, 0.001000, 0.000010, 0.000000, 0.000000, 0.950000, 0.000000, 4.175678, 0.000000, -8.351357, 1000
8.18, 0.000100, 0.200000, 0.470000, -9.810000, 6.000000, 0.000000, 0.000000, 0.000000, 10.000000, -1.000000, 1.000000, -1.000000, 0.100000, 0.000100, 1.000000, 0.001000, 0.000010, 0.000000, 0.000000, 0.950000, 0.000000, -8.351357, -0.000000, 56.338629, 0.000000, 4.075312, 0.000000, -16.185165, 1000, 0.000100, -1.000000, -1.000000, 0.100000, 0.000100, 5.000000, 1.000000, 0.001000, 0.000010, 0.000000, 0.000000, 0.950000, 5.000000, 0.000000, -16.226195, -0.000000, 56.130973, 1000, 0.000100, 2.000000, -1.000000, -1.000000, 0.100000, 0.000100, 1.000000, 0.001000, 0.000010, 0.000000, 0.000000, 0.950000, 0.000000, 4.125549, 0.000000, -8.251097, 1000
8.19, 0.000100, 0.200000, 0.470000, -9.810000, 6.000000, 0.000000, 0.000000, 0.000000, 10.000000, -1.000000, 1.000000, -1.000000, 0.100000, 0.000100, 1.000000, 0.001000, 0.000010, 0.000000, 0.000000, 0.950000, 0.000000, -8.251097, -0.000000, 56.130973, 0.000000, 4.024970, 0.000000, -16.144639, 1000, 0.000100, -1.000000, -1.000000, 0.100000, 0.000100, 5.000000, 1.000000, 0.001000, 0.000010, 0.000000, 0.000000, 0.950000, 5.000000, 0.000000, -16.185165, -0.000000, 55.925826, 1000, 0.000100, 2.000000, -1.000000, -1.000000, 0.100000, 0.000100, 1.000000, 0.001000, 0.000010, 0.000000, 0.000000, 0.950000, 0.000000, 4.075312, 0.000000, -8.150623, 1000
8.2, 0.000100, 0.200000, 0.470000, -9.810000, 6.000000, 0.000000, 0.000000, 0.000000, 10.000000, -1.000000, 1.000000, -1.000000, 0.100000, 0.000100, 1.000000, 0.001000, 0.000010, 0.000000, 0.000000, 0.950000, 0.000000, -8.150623, -0.000000, 55.925826, 0.000000, 3.974527, 0.000000, -16.104616, 1000, 0.000100, -1.000000, -1.000000, 0.100000, 0.000100, 5.000000, 1.000000, 0.001000, 0.000010, 0.000000, 0.000000, 0.950000, 5.000000, 0.000000, -16.144639, -0.000000, 55.723193, 1000, 0.000100, 2.000000, -1.000000, -1.000000, 0.100000, 0.000100, 1.000000, 0.001000, 0.000010, 0.000000, 0.000000, 0.950000, 0.000000, 4.024970, 0.000000, -8.049940, 1000
8.21, 0.000100, 0.200000, 0.470000, -9.810000, 6.000000, 0.000000, 0.000000, 0.000000, 10.000000, -1.000000, 1.000000, -1.000000, 0.100000, 0.000100, 1.000000, 0.001000, 0.000010, 0.000000, 0.000000, 0.950000, 0.000000, -8.049940, -0.000000, 55.723193, 0.000000, 3.923985, 0.000000, -16.065098, 1000, 0.000100, -1.000000, -1.000000, 0.100000, 0.000100, 5.000000, 1.000000, 0.001000, 0.000010, 0.000000, 0.000000, 0.950000, 5.000000, 0.000000, -16.104616, -0.000000, 55.523080, 1000, 0.000100, 2.000000, -1.000000, -1.000000, 0.100000, 0.000100, 1.000000, 0.001000, 0.000010, 0.000000, 0.000000, 0.950000, 0.000000, 3.974527, 0.000000, -7.949054, 1000
8.22, 0.000100, 0.200000, 0.470000, -9.810000, 6.000000, 0.000000, 0.000000, 0.000000, 10.000000, -1.000000, 1.000000, -1.000000, 0.100000, 0.000100, 1.000000, 0.001000, 0.000010, 0.000000, 0.000000, 0.950000, 0.000000, -7.949054, -0.000000, 55.523080, 0.000000, 3.873347, 0.000000, -16.026086, 1000, 0.000100, -1.000000, -1.000000, 0.100000, 0.000100, 5.000000, 1.000000, 0.001000, 0.000010, 0.000000, 0.000000, 0.950000, 5.000000, 0.000000, -16.065098, -0.000000, 55.325491, 1000, 0.000100, 2.000000, -1.000000, -1.000000, 0.100000, 0.000100, 1.000000, 0.001000, 0.000010, 0.000000, 0.000000, 0.950000, 0.000000, 3.923985, 0.000000, -7.847970, 1000
8.23, 0.000100, 0.200000, 0.470000, -9.810000, 6.000000, 0.000000, 0.000000, 0.000000, 10.000000, -1.000000, 1.000000, -1.000000, 0.100000, 0.000100, 1.000000, 0.001000, 0.000010, 0.000000, 0.000000, 0.950000, 0.000000, -7.847970, -0.000000, 55.325491, 0.000000, 3.822615, 0.000000, -15.987581, 1000, 0.000100, -1.000000, -1.000000, 0.100000, 0.000100, 5.000000, 1.000000, 0.001000, 0.000010, 0.000000, 0.000000, 0.950000, 5.000000, 0.000000, -16.026086, -0.000000, 55.130431, 1000, 0.000100, 2.000000, -1.000000, -1.000000, 0.100000, 0.000100, 1.000000, 0.001000, 0.000010, 0.000000, 0.000000, 0.950000, 0.000000, 3.873347, 0.000000, -7.746693, 1000
8.24, 0.000100, 0.200000, 0.470000, -9.810000, 6.000000, 0.000000, 0.000000, 0.000000, 10.000000, -1.000000, 1.000000, -1.000000, 0.100000, 0.000100, 1.000000, 0.001000, 0.000010, 0.000000, 0.000000, 0.950000, 0.000000, -7.746693, -0.000000, 55.130431, 0.000000, 3.771792, 0.000000, -15.949584, 1000, 0.000100, -1.000000, -1.000000, 0.100000, 0.000100, 5.000000, 1.000000, 0.001000, 0.000010, 0.000000, 0.000000, 0.950000, 5.000000, 0.000000, -15.987581, -0.000000, 54.937905, 1000, 0.000100, 2.000000, -1.000000, -1.000000, 0.100000, 0.000100, 1.000000, 0.001000, 0.000010, 0.000000, 0.000000, 0.950000, 0.000000, 3.822615, 0.000000, -7.645230, 1000
8.25, 0.000100, 0.200000, 0.470000, -9.810000, 6.000000, 0.000000, 0.000000, 0.000000, 10.000000, -1.000000, 1.000000, -1.000000, 0.100000, 0.000100, 1.000000, 0.001000, 0.000010, 0.000000, 0.000000, 0.950000, 0.000000, -7.645230, -0.000000, 54.937905, 0.000000, 3.720881, 0.000000, -15.912095, 1000, 0.000100, -1.000000, -1.000000, 0.100000, 0.000100, 5.000000, 1.000000, 0.001000, 0.000010, 0.000000, 0.000000, 0.950000, 5.000000, 0.000000, -15.949584, -0.000000, 54.747918, 1000, 0.000100, 2.000000, -1.000000, -1.000000, 0.100000, 0.000100, 1.000000, 0.001000, 0.000010, 0.000000, 0.000000, 0.950000, 0.000000, 3.771792, 0.000000, -7.543584, 1000
8.26, 0.000100, 0.200000, 0.470000, -9.810000, 6.000000, 0.000000, 0.000000, 0.000000, 10.000000, -1.000000, 1.000000, -1.000000, 0.100000, 0.000100, 1.000000, 0.001000, 0.000010, 0.000000, 0.000000, 0.950000, 0.000000, -7.543584, -0.000000, 54.747918, 0.000000, 3.669884, 0.000000, -15.875115, 1000, 0.000100, -1.000000, -1.000000, 0.100000, 0.000100, 5.000000, 1.000000, 0.001000, 0.000010, 0.000000, 0.000000, 0.950000, 5.000000, 0.000000, -15.912095, -0.000000, 54.560474, 1000, 0.000100, 2.000000, -1.000000, -1.000000, 0.100000, 0.000100, 1.000000, 0.001000, 0.000010, 0.000000, 0.000000, 0.950000, 0.000000, 3.720881, 0.000000, -7.441762, 1000
8.27, 0.000100, 0.200000, 0.470000, -9.810000, 6.000000, 0.000000, 0.000000, 0.000000, 10.000000, -1.000000, 1.000000, -1.000000, 0.100000, 0.000100, 1.000000, 0.001000, 0.000010, 0.000000, 0.000000, 0.950000, 0.000000, -7.441762, -0.000000, 54.560474, 0.000000, 3.618805, 0.000000, -15.838646, 1000, 0.000100, -1.000000, -1.000000, 0.100000, 0.000100, 5.000000, 1.000000, 0.001000, 0.000010, 0.000000, 0.000000, 0.950000, 5.000000, 0.000000, -15.875115, -0.000000, 54.375577, 1000, 0.000100, 2.000000, -1.000000, -1.000000, 0.100000, 0.000100, 1.000000, 0.001000, 0.000010, 0.000000, 0.000000, 0.950000, 0.000000, 3.669884, 0.000000, -7.339768, 1000
8.28, 0.000100, 0.200000, 0.470000, -9.810000, 6.000000, 0.000000, 0.000000, 0.000000, 10.000000, -1.000000, 1.000000, -1.000000, 0.100000, 0.000100, 1.000000, 0.001000, 0.000010, 0.000000, 0.000000, 0.950000, 0.000000, -7.339768, -0.000000, 54.375577, 0.000000, 3.567645, 0.000000, -15.802689, 1000, 0.000100, -1.000000, -1.000000, 0.100000, 0.000100, 5.000000, 1.000000, 0.001000, 0.000010, 0.000000, 0.000000, 0.950000, 5.000000, 0.000000, -15.838646, -0.000000, 54.193232, 1000, 0.000100, 2.000000, -1.000000, -1.000000, 0.100000, 0.000100, 1.000000, 0.001000, 0.000010, 0.000000, 0.000000, 0.950000, 0.000000, 3.618805, 0.000000, -7.237609, 1000
8.29, 0.000100, 0.200000, 0.470000, -9.810000, 6.000000, 0.000000, 0.000000, 0.000000, 10.000000, -1.000000, 1.000000, -1.000000, 0.100000, 0.000100, 1.000000, 0.001000, 0.000010, 0.000000, 0.000000, 0.950000, 0.000000, -7.237609, -0.000000, 54.193232, 0.000000, 3.516408, 0.000000, -15.767243, 1000, 0.000100, -1.000000, -1.000000, 0.100000, 0.000100, 5.000000, 1.000000, 0.001000, 0.000010, 0.000000, 0.000000, 0.950000, 5.000000, 0.000000, -15.802689, -0.000000, 54.013443, 1000, 0.000100, 2.000000, -1.000000, -1.000000, 0.100000, 0.000100, 1.000000, 0.001000, 0.000010, 0.000000, 0.000000, 0.950000, 0.000000, 3.567645, 0.000000, -7.135290, 1000
8.3, 0.000100, 0.200000, 0.470000, -9.810000, 6.000000, 0.000000, 0.000000, 0.000000, 10.000000, -1.000000, 1.000000, -1.000000, 0.100000, 0.000100, 1.000000, 0.001000, 0.000010, 0.000000, 0.000000, 0.950000, 0.000000, -7.135290, -0.000000, 54.013443, 0.000000, 3.465096, 0.000000, -15.732310, 1000, 0.000100, -1.000000, -1.000000, 0.100000, 0.000100, 5.000000, 1.000000, 0.001000, 0.000010, 0.000000, 0.000000, 0.950000, 5.000000, 0.000000, -15.767243, -0.000000, 53.836213, 1000, 0.000100, 2.000000, -1.000000, -1.000000, 0.100000, 0.000100, 1.000000, 0.001000, 0.000010, 0.000000, 0.000000, 0.950000, 0.000000, 3.516408, 0.000000, -7.032816, 1000
8.31, 0.000100, 0.200000, 0.470000, -9.810000, 6.000000, 0.000000, 0.000000, 0.000000, 10.000000, -1.000000, 1.000000, -1.000000, 0.100000, 0.000100, 1.000000, 0.001000, 0.000010, 0.000000, 0.000000, 0.950000, 0.000000, -7.032816, -0.000000, 53.836213, 0.000000, 3.413712, 0.000000, -15.697890, 1000, 0.000100, -1.000000, -1.000000, 0.100000, 0.000100, 5.000000, 1.000000, 0.001000, 0.000010, 0.000000, 0.000000, 0.950000, 5.000000, 0.000000, -15.732310, -0.000000, 53.661548, 1000, 0.000100, 2.000000, -1.000000, -1.000000, 0.100000, 0.000100, 1.000000, 0.001000, 0.000010, 0.000000, 0.000000, 0.950000, 0.000000, 3.465096, 0.000000, -6.930192, 1000
8.32, 0.000100, 0.200000, 0.470000, -9.810000, 6.000000, 0.000000, 0.000000, 0.000000, 10.000000, -1.000000, 1.000000, -1.000000, 0.100000, 0.000100, 1.000000, 0.001000, 0.000010, 0.000000, 0.000000, 0.950000, 0.000000, -6.930192, -0.000000, 53.661548, 0.000000, 3.362258, 0.000000, -15.663984, 1000, 0.000100, -1.000000, -1.000000, 0.100000, 0.000100, 5.000000, 1.000000, 0.001000, 0.000010, 0.000000, 0.000000, 0.950000, 5.000000, 0.000000, -15.697890, -0.000000, 53.489449, 1000, 0.000100, 2.000000, -1.000000, -1.000000, 0.100000, 0.000100, 1.000000, 0.001000, 0.000010, 0.000000, 0.000000, 0.950000, 0.000000, 3.413712, 0.000000, -6.827424, 1000
8.33, 0.000100, 0.200000, 0.470000, -9.810000, 6.000000, 0.000000, 0.000000, 0.000000, 10.000000, -1.000000, 1.000000, -1.000000, 0.100000, 0.000100, 1.000000, 0.001000, 0.000010, 0.000000, 0.000000, 0.950000, 0.000000, -6.827424, -0.000000, 53.489449, 0.000000, 3.310738, 0.000000, -15.630593, 1000, 0.000100, -1.000000, -1.000000, 0.100000, 0.000100, 5.000000, 1.000000, 0.001000, 0.000010, 0.000000, 0.000000, 0.950000, 5.000000, 0.000000, -15.663984, -0.000000, 53.319921, 1000, 0.000100, 2.000000, -1.000000, -1.000000, 0.100000, 0.000100, 1.000000, 0.001000, 0.000010, 0.000000, 0.000000, 0.950000, 0.000000, 3.362258, 0.000000, -6.724517, 1000
8.34, 0.000100, 0.200000, 0.470000, -9.810000, 6.000000, 0.000000, 0.000000, 0.000000, 10.000000, -1.000000, 1.000000, -1.000000, 0.100000, 0.000100, 1.000000, 0.001000, 0.000010, 0.000000, 0.000000, 0.950000, 0.000000, -6.724517, -0.000000, 53.319921, 0.000000, 3.259154, 0.000000, -15.597718, 1000, 0.000100, -1.000000, -1.000000, 0.100000, 0.000100, 5.000000, 1.000000, 0.001000, 0.000010, 0.000000, 0.000000, 0.950000, 5.000000, 0.000000, -15.630593, -0.000000, 53.152967, 1000, 0.000100, 2.000000, -1.000000, -1.000000, 0.100000, 0.000100, 1.000000, 0.001000, 0.000010, 0.000000, 0.000000, 0.950000, 0.000000, 3.310738, 0.000000, -6.621476, 1000
8.35, 0.000100, 0.200000, 0.470000, -9.810000, 6.000000, 0.000000, 0.000000, 0.000000, 10.000000, -1.000000, 1.000000, -1.000000, 0.100000, 0.000100, 1.000000, 0.001000, 0.000010, 0.000000, 0.000000, 0.950000, 0.000000, -6.621476, -0.000000, 53.152967, 0.000000, 3.207508, 0.000000, -15.565359, 1000, 0.000100, -1.000000, -1.000000, 0.100000, 0.000100, 5.000000, 1.000000, 0.001000, 0.000010, 0.000000, 0.000000, 0.950000, 5.000000, 0.000000, -15.597718, -0.000000, 52.988591, 1000, 0.000100, 2.000000, -1.000000, -1.000000, 0.100000, 0.000100, 1.000000, 0.001000, 0.000010, 0.000000, 0.000000, 0.950000, 0.000000, 3.259154, 0.000000, -6.518307, 1000
8.36, 0.000100, 0.200000, 0.470000, -9.810000, 6.000000, 0.000000, 0.000000, 0.000000, 10.000000, -1.000000, 1.000000, -1.000000, 0.100000, 0.000100, 1.000000, 0.001000, 0.000010, 0.000000, 0.000000, 0.950000, 0.000000, -6.518307, -0.000000, 52.988591, 0.000000, 3.155803, 0.000000, -15.533517, 1000, 0.000100, -1.000000, -1.000000, 0.100000, 0.000100, 5.000000, 1.000000, 0.001000, 0.000010, 0.000000, 0.000000, 0.950000, 5.000000, 0.000000, -15.565359, -0.000000, 52.826795, 1000, 0.000100, 2.000000, -1.000000, -1.000000, 0.100000, 0.000100, 1.000000, 0.001000, 0.000010, 0.000000, 0.000000, 0.950000, 0.000000, 3.207508, 0.000000, -6.415016, 1000
8.37, 0.000100, 0.200000, 0.470000, -9.810000, 6.000000, 0.000000, 0.000000, 0.000000, 10.000000, -1.000000, 1.000000, -1.000000, 0.100000, 0.000100, 1.000000, 0.001000, 0.000010, 0.000000, 0.000000, 0.950000, 0.000000, -6.415016, -0.000000, 52.826795, 0.000000, 3.104043, 0.000000, -15.502192, 1000, 0.000100, -1.000000, -1.000000, 0.100000, 0.000100, 5.000000, 1.000000, 0.001000, 0.000010, 0.000000, 0.000000, 0.950000, 5.000000, 0.000000, -15.533517, -0.000000, 52.667583, 1000, 0.000100, 2.000000, -1.000000, -1.000000, 0.100000, 0.000100, 1.000000, 0.001000, 0.000010, 0.000000, 0.000000, 0.950000, 0.000000, 3.155803, 0.000000, -6.311607, 1000
8.38, 0.000100, 0.200000, 0.470000, -9.810000, 6.000000, 0.000000, 0.000000, 0.000000, 10.000000, -1.000000, 1.000000, -1.000000, 0.100000, 0.000100, 1.000000, 0.001000, 0.000010, 0.000000, 0.000000, 0.950000, 0.000000, -6.311607, -0.000000, 52.667583, 0.000000, 3.052229, 0.000000, -15.471384, 1000, 0.000100, -1.000000, -1.000000, 0.100000, 0.000100, 5.000000, 1.000000, 0.001000, 0.000010, 0.000000, 0.000000, 0.950000, 5.000000, 0.000000, -15.502192, -0.000000, 52.510958, 1000, 0.000100, 2.000000, -1.000000, -1.000000, 0.100000, 0.000100, 1.000000, 0.001000, 0.000010, 0.000000, 0.000000, 0.950000, 0.000000, 3.104043, 0.000000, -6.208085, 1000
8.39, 0.000100, 0.200000, 0.470000, -9.810000, 6.000000, 0.000000, 0.000000, 0.000000, 10.000000, -1.000000, 1.000000, -1.000000, 0.100000, 0.000100, 1.000000, 0.001000, 0.000010, 0.000000, 0.000000, 0.950000, 0.000000, -6.208085, -0.000000, 52.510958, 0.000000, 3.000364, 0.000000, -15.441095, 1000, 0.000100, -1.000000, -1.000000, 0.100000, 0.000100, 5.000000, 1.000000, 0.001000, 0.000010, 0.000000, 0.000000, 0.950000, 5.000000, 0.000000, -15.471384, -0.000000, 52.356922, 1000, 0.000100, 2.000000, -1.000000, -1.000000, 0.100000, 0.000100, 1.000000, 0.001000, 0.000010, 0.000000, 0.000000, 0.950000, 0.000000, 3.052229, 0.000000, -6.104457, 1000
8.4, 0.000100, 0.200000, 0.470000, -9.810000, 6.000000, 0.000000, 0.000000, 0.000000, 10.000000, -1.000000, 1.000000, -1.000000, 0.100000, 0.000100, 1.000000, 0.001000, 0.000010, 0.000000, 0.000000, 0.950000, 0.000000, -6.104457, -0.000000, 52.356922, 0.000000, 2.948451, 0.000000, -15.411325, 1000, 0.000100, -1.000000, -1.000000, 0.100000, 0.000100, 5.000000, 1.000000, 0.001000, 0.000010, 0.000000, 0.000000, 0.950000, 5.000000, 0.000000, -15.441095, -0.000000, 52.205477, 1000, 0.000100, 2.000000, -1.000000, -1.000000, 0.100000, 0.000100, 1.000000, 0.001000, 0.000010, 0.000000, 0.000000, 0.950000, 0.000000, 3.000364, 0.000000, -6.000727, 1000
8.41, 0.000100, 0.200000, 0.470000, -9.810000, 6.000000, 0.000000, 0.000000, 0.000000, 10.000000, -1.000000, 1.000000, -1.000000, 0.100000, 0.000100, 1.000000, 0.001000, 0.000010, 0.000000, 0.000000, 0.950000, 0.000000, -6.000727, -0.000000, 52.205477, 0.000000, 2.896492, 0.000000, -15.382075, 1000, 0.000100, -1.000000, -1.000000, 0.100000, 0.000100, 5.000000, 1.000000, 0.001000, 0.000010, 0.000000, 0.000000, 0.950000, 5.000000, 0.000000, -15.411325, -0.000000, 52.056627, 1000, 0.000100, 2.000000, -1.000000, -1.000000, 0.100000, 0.000100, 1.000000, 0.001000, 0.000010, 0.000000, 0.000000, 0.950000, 0.000000, 2.948451, 0.000000, -5.896902, 1000
8.42, 0.000100, 0.200000, 0.470000, -9.810000, 6.000000, 0.000000, 0.000000, 0.000000, 10.000000, -1.000000, 1.000000, -1.000000, 0.100000, 0.000100, 1.000000, 0.001000, 0.000010, 0.000000, 0.000000, 0.950000, 0.000000, -5.896902, -0.000000, 52.056627, 0.000000, 2.844491, 0.000000, -15.353344, 1000, 0.000100, -1.000000, -1.000000, 0.100000, 0.000100, 5.000000, 1.000000, 0.001000, 0.000010, 0.000000, 0.000000, 0.950000, 5.000000, 0.000000, -15.382075, -0.000000, 51.910374, 1000, 0.000100, 2.000000, -1.000000, -1.000000, 0.100000, 0.000100, 1.000000, 0.001000, 0.000010, 0.000000, 0.000000, 0.950000, 0.000000, 2.896492, 0.000000, -5.792985, 1000
8.43, 0.000100, 0.200000, 0.470000, -9.810000, 6.000000, 0.000000, 0.000000, 0.000000, 10.000000, -1.000000, 1.000000, -1.000000, 0.100000, 0.000100, 1.000000, 0.001000, 0.000010, 0.000000, 0.000000, 0.950000, 0.000000, -5.792985, -0.000000, 51.910374, 0.000000, 2.792450, 0.000000, -15.325133, 1000, 0.000100, -1.000000, -1.000000, 0.100000, 0.000100, 5.000000, 1.000000, 0.001000, 0.000010, 0.000000, 0.000000, 0.950000, 5.000000, 0.000000, -15.353344, -0.000000, 51.766719, 1000, 0.000100, 2.000000, -1.000000, -1.000000, 0.100000, 0.000100, 1.000000, 0.001000, 0.000010, 0.000000, 0.000000, 0.950000, 0.000000, 2.844491, 0.000000, -5.688982, 1000
8.44, 0.000100, 0.200000, 0.470000, -9.810000, 6.000000, 0.000000, 0.000000, 0.000000, 10.000000, -1.000000, 1.000000, -1.000000, 0.100000, 0.000100, 1.000000, 0.001000, 0.000010, 0.000000, 0.000000, 0.950000, 0.000000, -5.688982, -0.000000, 51.766719, 0.000000, 2.740371, 0.000000, -15.297443, 1000, 0.000100, -1.000000, -1.000000, 0.100000, 0.000100, 5.000000, 1.000000, 0.001000, 0.000010, 0.000000, 0.000000, 0.950000, 5.000000, 0.000000, -15.325133, -0.000000, 51.625665, 1000, 0.000100, 2.000000, -1.000000, -1.000000, 0.100000, 0.000100, 1.000000, 0.001000, 0.000010, 0.000000, 0.000000, 0.950000, 0.000000, 2.792450, 0.000000, -5.584900, 1000
8.45, 0.000100, 0.200000, 0.470000, -9.810000, 6.000000, 0.000000, 0.000000, 0.000000, 10.000000, -1.000000, 1.000000, -1.000000, 0.100000, 0.000100, 1.000000, 0.001000, 0.000010, 0.000000, 0.000000, 0.950000, 0.000000, -5.584900, -0.000000, 51.625665, 0.000000, 2.688257, 0.000000, -15.270274, 1000, 0.000100, -1.000000, -1.000000, 0.100000, 0.000100, 5.000000, 1.000000, 0.001000, 0.000010, 0.000000, 0.000000, 0.950000, 5.000000, 0.000000, -15.297443, -0.000000, 51.487215, 1000, 0.000100, 2.000000, -1.000000, -1.000000, 0.100000, 0.000100, 1.000000, 0.001000, 0.000010, 0.000000, 0.000000, 0.950000, 0.000000, 2.740371, 0.000000, -5.480742, 1000
8.46, 0.000100, 0.200000, 0.470000, -9.810000, 6.000000, 0.000000, 0.000000, 0.000000, 10.000000, -1.000000, 1.000000, -1.000000, 0.100000, 0.000100, 1.000000, 0.001000, 0.000010, 0.000000, 0.000000, 0.950000, 0.000000, -5.480742, -0.000000, 51.487215, 0.000000, 2.636111, 0.000000, -15.243626, 1000, 0.000100, -1.000000, -1.000000, 0.100000, 0.000100, 5.000000, 1.000000, 0.001000, 0.000010, 0.000000, 0.000000, 0.950000, 5.000000, 0.000000, -15.270274, -0.000000, 51.351369, 1000, 0.000100, 2.000000, -1.000000, -1.000000, 0.100000, 0.000100, 1.000000, 0.001000, 0.000010, 0.000000, 0.000000, 0.950000, 0.000000, 2.688257, 0.000000, -5.376514, 1000
8.47, 0.000100, 0.200000, 0.470000, -9.810000, 6.000000, 0.000000, 0.000000, 0.000000, 10.000000, -1.000000, 1.000000, -1.000000, 0.100000, 0.000100, 1.000000, 0.001000, 0.000010, 0.000000, 0.000000, 0.950000, 0.000000, -5.376514, -0.000000, 51.351369, 0.000000, 2.583936, 0.000000, -15.217499, 1000, 0.000100, -1.000000, -1.000000, 0.100000, 0.000100, 5.000000, 1.000000, 0.001000, 0.000010, 0.000000, 0.000000, 0.950000, 5.000000, 0.000000, -15.243626, -0.000000, 51.218129, 1000, 0.000100, 2.000000, -1.000000, -1.000000, 0.100000, 0.000100, 1.000000, 0.001000, 0.000010, 0.000000, 0.000000, 0.950000, 0.000000, 2.636111, 0.000000, -5.272222, 1000
8.48, 0.000100, 0.200000, 0.470000, -9.810000, 6.000000, 0.000000, 0.000000, 0.000000, 10.000000, -1.000000, 1.000000, -1.000000, 0.100000, 0.000100, 1.000000, 0.001000, 0.000010, 0.000000, 0.000000, 0.950000, 0.000000, -5.272222, -0.000000, 51.218129, 0.000000, 2.531733, 0.000000, -15.191895, 1000, 0.000100, -1.000000, -1.000000, 0.100000, 0.000100, 5.000000, 1.000000, 0.001000, 0.000010, 0.000000, 0.000000, 0.950000, 5.000000, 0.000000, -15.217499, -0.000000, 51.087497, 1000, 0.000100, 2.000000, -1.000000, -1.000000, 0.100000, 0.000100, 1.000000, 0.001000, 0.000010, 0.000000, 0.000000, 0.950000, 0.000000, 2.583936, 0.000000, -5.167871, 1000
8.49, 0.000100, 0.200000, 0.470000, -9.810000, 6.000000, 0.000000, 0.000000, 0.000000, 10.000000, -1.000000, 1.000000, -1.000000, 0.100000, 0.000100, 1.000000, 0.001000, 0.000010, 0.000000, 0.000000, 0.950000, 0.000000, -5.167871, -0.000000, 51.087497, 0.000000, 2.479506, 0.000000, -15.166813, 1000, 0.000100, -1.000000, -1.000000, 0.100000, 0.000100, 5.000000, 1.000000, 0.001000, 0.000010, 0.000000, 0.000000, 0.950000, 5.000000, 0.000000, -15.191895, -0.000000, 50.959475, 1000, 0.000100, 2.000000, -1.000000, -1.000000, 0.100000, 0.000100, 1.000000, 0.001000, 0.000010, 0.000000, 0.000000, 0.950000, 0.000000, 2.531733, 0.000000, -5.063466, 1000
8.5, 0.000100, 0.200000, 0.470000, -9.810000, 6.000000, 0.000000, 0.000000, 0.000000, 10.000000, -1.000000, 1.000000, -1.000000, 0.100000, 0.000100, 1.000000, 0.001000, 0.000010, 0.000000, 0.000000, 0.950000, 0.000000, -5.063466, -0.000000, 50.959475, 0.000000, 2.427258, 0.000000, -15.142253, 1000, 0.000100, -1.000000, -1.000000, 0.100000, 0.000100, 5.000000, 1.000000, 0.001000, 0.000010, 0.000000, 0.000000, 0.950000, 5.000000, 0.000000, -15.166813, -0.000000, 50.834064, 1000, 0.000100, 2.000000, -1.000000, -1.000000, 0.100000, 0.000100, 1.000000, 0.001000, 0.000010, 0.000000, 0.000000, 0.950000, 0.000000, 2.479506, 0.000000, -4.959013, 1000
8.51, 0.000100, 0.200000, 0.470000, -9.810000, 6.000000, 0.000000, 0.000000, 0.000000, 10.000000, -1.000000, 1.000000, -1.000000, 0.100000, 0.000100, 1.000000, 0.001000, 0.000010, 0.000000, 0.000000, 0.950000, 0.000000, -4.959013, -0.000000, 50.834064, 0.000000, 2.374990, 0.000000, -15.118215, 1000, 0.000100, -1.000000, -1.000000, 0.100000, 0.000100, 5.000000, 1.000000, 0.001000, 0.000010, 0.000000, 0.000000, 0.950000, 5.000000, 0.000000, -15.142253, -0.000000, 50.711264, 1000, 0.000100, 2.000000, -1.000000, -1.000000, 0.100000, 0.000100, 1.000000, 0.001000, 0.000010, 0.000000, 0.000000, 0.950000, 0.000000, 2.427258, 0.000000, -4.854516, 1000
8.52, 0.000100, 0.200000, 0.470000, -9.810000, 6.000000, 0.000000, 0.000000, 0.000000, 10.000000, -1.000000, 1.000000, -1.000000, 0.100000, 0.000100, 1.000000, 0.001000, 0.000010, 0.000000, 0.000000, 0.950000, 0.000000, -4.854516, -0.000000, 50.711264, 0.000000, 2.322706, 0.000000, -15.094701, 1000, 0.000100, -1.000000, -1.000000, 0.100000, 0.000100, 5.000000, 1.000000, 0.001000, 0.000010, 0.000000, 0.000000, 0.950000, 5.000000, 0.000000, -15.118215, -0.000000, 50.591077, 1000, 0.000100, 2.000000, -1.000000, -1.000000, 0.100000, 0.000100, 1.000000, 0.001000, 0.000010, 0.000000, 0.000000, 0.950000, 0.000000, 2.374990, 0.000000, -4.749980, 1000
8.53, 0.000100, 0.200000, 0.470000, -9.810000, 6.000000, 0.000000, 0.000000, 0.000000, 10.000000, -1.000000, 1.000000, -1.000000, 0.100000, 0.000100, 1.000000, 0.001000, 0.000010, 0.000000, 0.000000, 0.950000, 0.000000, -4.749980, -0.000000, 50.591077, 0.000000, 2.270408, 0.000000, -15.071709, 1000, 0.000100, -1.000000, -1.000000, 0.100000, 0.000100, 5.000000, 1.000000, 0.001000, 0.000010, 0.000000, 0.000000, 0.950000, 5.000000, 0.000000, -15.094701, -0.000000, 50.473504, 1000, 0.000100, 2.000000, -1.000000, -1.000000, 0.100000, 0.000100, 1.000000, 0.001000, 0.000010, 0.000000, 0.000000, 0.950000, 0.000000, 2.322706, 0.000000, -4.645412, 1000
8.54, 0.000100, 0.200000, 0.470000, -9.810000, 6.000000, 0.000000, 0.000000, 0.000000, 10.000000, -1.000000, 1.000000, -1.000000, 0.100000, 0.000100, 1.000000, 0.001000, 0.000010, 0.000000, 0.000000, 0.950000, 0.000000, -4.645412, -0.000000, 50.473504, 0.000000, 2.218099, 0.000000, -15.049240, 1000, 0.000100, -1.000000, -1.000000, 0.100000, 0.000100, 5.000000, 1.000000, 0.001000, 0.000010, 0.000000, 0.000000, 0.950000, 5.000000, 0.000000, -15.071709, -0.000000, 50.358545, 1000, 0.000100, 2.000000, -1.000000, -1.000000, 0.100000, 0.000100, 1.000000, 0.001000, 0.000010, 0.000000, 0.000000, 0.950000, 0.000000, 2.270408, 0.000000, -4.540816, 1000
8.55, 0.000100, 0.200000, 0.470000, -9.810000, 6.000000, 0.000000, 0.000000, 0.000000, 10.000000, -1.000000, 1.000000, -1.000000, 0.100000, 0.000100, 1.000000, 0.001000, 0.000010, 0.000000, 0.000000, 0.950000, 0.000000, -4.540816, -0.000000, 50.358545, 0.000000, 2.165781, 0.000000, -15.027295, 1000, 0.000100, -1.000000, -1.000000, 0.100000, 0.000100, 5.000000, 1.000000, 0.001000, 0.000010, 0.000000, 0.000000, 0.950000, 5.000000, 0.000000, -15.049240, -0.000000, 50.246202, 1000, 0.000100, 2.000000, -1.000000, -1.000000, 0.100000, 0.000100, 1.000000, 0.001000, 0.000010, 0.000000, 0.000000, 0.950000, 0.000000, 2.218099, 0.000000, -4.436198, 1000
8.56, 0.000100, 0.200000, 0.470000, -9.810000, 6.000000, 0.000000, 0.000000, 0.000000, 10.000000, -1.000000, 1.000000, -1.000000, 0.100000, 0.000100, 1.000000, 0.001000, 0.000010, 0.000000, 0.000000, 0.950000, 0.000000, -4.436198, -0.000000, 50.246202, 0.000000, 2.113457, 0.000000, -15.005872, 1000, 0.000100, -1.000000, -1.000000, 0.100000, 0.000100, 5.000000, 1.000000, 0.001000, 0.000010, 0.000000, 0.000000, 0.950000, 5.000000, 0.000000, -15.027295, -0.000000, 50.136474, 1000, 0.000100, 2.000000, -1.000000, -1.000000, 0.100000, 0.000100, 1.000000, 0.001000, 0.000010, 0.000000, 0.000000, 0.950000, 0.000000, 2.165781, 0.000000, -4.331562, 1000
8.57, 0.000100, 0.200000, 0.470000, -9.810000, 6.000000, 0.000000, 0.000000, 0.000000, 10.000000, -1.000000, 1.000000, -1.000000, 0.100000, 0.000100, 1.000000, 0.001000, 0.000010, 0.000000, 0.000000, 0.950000, 0.000000, -4.331562, -0.000000, 50.136474, 0.000000, 2.061130, 0.000000, -14.984973, 1000, 0.000100, -1.000000, -1.000000, 0.100000, 0.000100, 5.000000, 1.000000, 0.001000, 0.000010, 0.000000, 0.000000, 0.950000, 5.000000, 0.000000, -15.005872, -0.000000, 50.029362, 1000, 0.000100, 2.000000, -1.000000, -1.000000, 0.100000, 0.000100, 1.000000, 0.001000, 0.000010, 0.000000, 0.000000, 0.950000, 0.000000, 2.113457, 0.000000, -4.226915, 1000
8.58, 0.000100, 0.200000, 0.470000, -9.810000, 6.000000, 0.000000, 0.000000, 0.000000, 10.000000, -1.000000, 1.000000, -1.000000, 0.100000, 0.000100, 1.000000, 0.001000, 0.000010, 0.000000, 0.000000, 0.950000, 0.000000, -4.226915, -0.000000, 50.029362, 0.000000, 2.008802, 0.000000, -14.964598, 1000, 0.000100, -1.000000, -1.000000, 0.100000, 0.000100, 5.000000, 1.000000, 0.001000, 0.000010, 0.000000, 0.000000, 0.950000, 5.000000, 0.000000, -14.984973, -0.000000, 49.924867, 1000, 0.000100, 2.000000, -1.000000, -1.000000, 0.100000, 0.000100, 1.000000, 0.001000, 0.000010, 0.000000, 0.000000, 0.950000, 0.000000, 2.061130, 0.000000, -4.122260, 1000
8.59, 0.000100, 0.200000, 0.470000, -9.810000, 6.000000, 0.000000, 0.000000, 0.000000, 10.000000, -1.000000, 1.000000, -1.000000, 0.100000, 0.000100, 1.000000, 0.001000, 0.000010, 0.000000, 0.000000, 0.950000, 0.000000, -4.122260, -0.000000, 49.924867, 0.000000, 1.956475, 0.000000, -14.944745, 1000, 0.000100, -1.000000, -1.000000, 0.100000, 0.000100, 5.000000, 1.000000, 0.001000, 0.000010, 0.000000, 0.000000, 0.950000, 5.000000, 0.000000, -14.964598, -0.000000, 49.822988, 1000, 0.000100, 2.000000, -1.000000, -1.000000, 0.100000, 0.000100, 1.000000, 0.001000, 0.000010, 0.000000, 0.000000, 0.950000, 0.000000, 2.008802, 0.000000, -4.017604, 1000
8.6, 0.000100, 0.200000, 0.470000, -9.810000, 6.000000, 0.000000, 0.000000, 0.000000, 10.000000, -1.000000, 1.000000, -1.000000, 0.100000, 0.000100, 1.000000, 0.001000, 0.000010, 0.000000, 0.000000, 0.950000, 0.000000, -4.017604, -0.000000, 49.822988, 0.000000, 1.904153, 0.000000, -14.925416, 1000, 0.000100, -1.000000, -1.000000, 0.100000, 0.000100, 5.000000, 1.000000, 0.001000, 0.000010, 0.000000, 0.000000, 0.950000, 5.000000, 0.000000, -14.944745, -0.000000, 49.723725, 1000, 0.000100, 2.000000, -1.000000, -1.000000, 0.100000, 0.000100, 1.000000, 0.001000, 0.000010, 0.000000, 0.000000, 0.950000, 0.000000, 1.956475, 0.000000, -3.912951, 1000
8.61, 0.000100, 0.200000, 0.470000, -9.810000, 6.000000, 0.000000, 0.000000, 0.000000, 10.000000, -1.000000, 1.000000, -1.000000, 0.100000, 0.000100, 1.000000, 0.001000, 0.000010, 0.000000, 0.000000, 0.950000, 0.000000, -3.912951, -0.000000, 49.723725, 0.000000, 1.851838, 0.000000, -14.906610, 1000, 0.000100, -1.000000, -1.000000, 0.100000, 0.000100, 5.000000, 1.000000, 0.001000, 0.000010, 0.000000, 0.000000, 0.950000, 5.000000, 0.000000, -14.925416, -0.000000, 49.627079, 1000, 0.000100, 2.000000, -1.000000, -1.000000, 0.100000, 0.000100, 1.000000, 0.001000, 0.000010, 0.000000, 0.000000, 0.950000, 0.000000, 1.904153, 0.000000, -3.808306, 1000
8.62, 0.000100, 0.200000, 0.470000, -9.810000, 6.000000, 0.000000, 0.000000, 0.000000, 10.000000, -1.000000, 1.000000, -1.000000, 0.100000, 0.000100, 1.000000, 0.001000, 0.000010, 0.000000, 0.000000, 0.950000, 0.000000, -3.808306, -0.000000, 49.627079, 0.000000, 1.799532, 0.000000, -14.888327, 1000, 0.000100, -1.000000, -1.000000, 0.100000, 0.000100, 5.000000, 1.000000, 0.001000, 0.000010, 0.000000, 0.000000, 0.950000, 5.000000, 0.000000, -14.906610, -0.000000, 49.533048, 1000, 0.000100, 2.000000, -1.000000, -1.000000, 0.100000, 0.000100, 1.000000, 0.001000, 0.000010, 0.000000, 0.000000, 0.950000, 0.000000, 1.851838, 0.000000, -3.703675, 1000
8.63, 0.000100, 0.200000, 0.470000, -9.810000, 6.000000, 0.000000, 0.000000, 0.000000, 10.000000, -1.000000, 1.000000, -1.000000, 0.100000, 0.000100, 1.000000, 0.001000, 0.000010, 0.000000, 0.000000, 0.950000, 0.000000, -3.703675, -0.000000, 49.533048, 0.000000, 1.747238, 0.000000, -14.870567, 1000, 0.000100, -1.000000, -1.000000, 0.100000, 0.000100, 5.000000, 1.000000, 0.001000, 0.000010, 0.000000, 0.000000, 0.950000, 5.000000, 0.000000, -14.888327, -0.000000, 49.441633, 1000, 0.000100, 2.000000, -1.000000, -1.000000, 0.100000, 0.000100, 1.000000, 0.001000, 0.000010, 0.000000, 0.000000, 0.950000, 0.000000, 1.799532, 0.000000, -3.599064, 1000
8.64, 0.000100, 0.200000, 0.470000, -9.810000, 6.000000, 0.000000, 0.000000, 0.000000, 10.000000, -1.000000, 1.000000, -1.000000, 0.100000, 0.000100, 1.000000, 0.001000, 0.000010, 0.000000, 0.000000, 0.950000, 0.000000, -3.599064, -0.000000, 49.441633, 0.000000, 1.694959, 0.000000, -14.853329, 1000, 0.000100, -1.000000, -1.000000, 0.100000, 0.000100, 5.000000, 1.000000, 0.001000, 0.000010, 0.000000, 0.000000, 0.950000, 5.000000, 0.000000, -14.870567, -0.000000, 49.352833, 1000, 0.000100, 2.000000, -1.000000, -1.000000, 0.100000, 0.000100, 1.000000, 0.001000, 0.000010, 0.000000, 0.000000, 0.950000, 0.000000, 1.747238, 0.000000, -3.494476, 1000
8.65, 0.000100, 0.200000, 0.470000, -9.810000, 6.000000, 0.000000, 0.000000, 0.000000, 10.000000, -1.000000, 1.000000, -1.000000, 0.100000, 0.000100, 1.000000, 0.001000, 0.000010, 0.000000, 0.000000, 0.950000, 0.000000, -3.494476, -0.000000, 49.352833, 0.000000, 1.642696, 0.000000, -14.836615, 1000, 0.000100, -1.000000, -1.000000, 0.100000, 0.000100, 5.000000, 1.000000, 0.001000, 0.000010, 0.000000, 0.000000, 0.950000, 5.000000, 0.000000, -14.853329, -0.000000, 49.266647, 1000, 0.000100, 2.000000, -1.000000, -1.000000, 0.100000, 0.000100, 1.000000, 0.001000, 0.000010, 0.000000, 0.000000, 0.950000, 0.000000, 1.694959, 0.000000, -3.389917, 1000
8.66, 0.000100, 0.200000, 0.470000, -9.810000, 6.000000, 0.000000, 0.000000, 0.000000, 10.000000, -1.000000, 1.000000, -1.000000, 0.100000, 0.000100, 1.000000, 0.001000, 0.000010, 0.000000, 0.000000, 0.950000, 0.000000, -3.389917, -0.000000, 49.266647, 0.000000, 1.590454, 0.000000, -14.820423, 1000, 0.000100, -1.000000, -1.000000, 0.100000, 0.000100, 5.000000, 1.000000, 0.001000, 0.000010, 0.000000, 0.000000, 0.950000, 5.000000, 0.000000, -14.836615, -0.000000, 49.183075, 1000, 0.000100, 2.000000, -1.000000, -1.000000, 0.100000, 0.000100, 1.000000, 0.001000, 0.000010, 0.000000, 0.000000, 0.950000, 0.000000, 1.642696, 0.000000, -3.285393, 1000
8.67, 0.000100, 0.200000, 0.470000, -9.810000, 6.000000, 0.000000, 0.000000, 0.000000, 10.000000, -1.000000, 1.000000, -1.000000, 0.100000, 0.000100, 1.000000, 0.001000, 0.000010, 0.000000, 0.000000, 0.950000, 0.000000, -3.285393, -0.000000, 49.183075, 0.000000, 1.538233, 0.000000, -14.804754, 1000, 0.000100, -1.000000, -1.000000, 0.100000, 0.000100, 5.000000, 1.000000, 0.001000, 0.000010, 0.000000, 0.000000, 0.950000, 5.000000, 0.000000, -14.820423, -0.000000, 49.102116, 1000, 0.000100, 2.000000, -1.000000, -1.000000, 0.100000, 0.000100, 1.000000, 0.001000, 0.000010, 0.000000, 0.000000, 0.950000, 0.000000, 1.590454, 0.000000, -3.180907, 1000
8.68, 0.000100, 0.200000, 0.470000, -9.810000, 6.000000, 0.000000, 0.000000, 0.000000, 10.000000, -1.000000, 1.000000, -1.000000, 0.100000, 0.000100, 1.000000, 0.001000, 0.000010, 0.000000, 0.000000, 0.950000, 0.000000, -3.180907, -0.000000, 49.102116, 0.000000, 1.486037, 0.000000, -14.789606, 1000, 0.000100, -1.000000, -1.000000, 0.100000, 0.000100, 5.000000, 1.000000, 0.001000, 0.000010, 0.000000, 0.000000, 0.950000, 5.000000, 0.000000, -14.804754, -0.000000, 49.023768, 1000, 0.000100, 2.000000, -1.000000, -1.000000, 0.100000, 0.000100, 1.000000, 0.001000, 0.000010, 0.000000, 0.000000, 0.950000, 0.000000, 1.538233, 0.000000, -3.076466, 1000
8.69, 0.000100, 0.200000, 0.470000, -9.810000, 6.000000, 0.000000, 0.000000, 0.000000, 10.000000, -1.000000, 1.000000, -1.000000, 0.100000, 0.000100, 1.000000, 0.001000, 0.000010, 0.000000, 0.000000, 0.950000, 0.000000, -3.076466, -0.000000, 49.023768, 0.000000, 1.433869, 0.000000, -14.774981, 1000, 0.000100, -1.000000, -1.000000, 0.100000, 0.000100, 5.000000, 1.000000, 0.001000, 0.000010, 0.000000, 0.000000, 0.950000, 5.000000, 0.000000, -14.789606, -0.000000, 48.948031, 1000, 0.000100, 2.000000, -1.000000, -1.000000, 0.100000, 0.000100, 1.000000, 0.001000, 0.000010, 0.000000, 0.000000, 0.950000, 0.000000, 1.486037, 0.000000, -2.972075, 1000
8.7, 0.000100, 0.200000, 0.470000, -9.810000, 6.000000, 0.000000, 0.000000, 0.000000, 10.000000, -1.000000, 1.000000, -1.000000, 0.100000, 0.000100, 1.000000, 0.001000, 0.000010, 0.000000, 0.000000, 0.950000, 0.000000, -2.972075, -0.000000, 48.948031, 0.000000, 1.381730, 0.000000, -14.760877, 1000, 0.000100, -1.000000, -1.000000, 0.100000, 0.000100, 5.000000, 1.000000, 0.001000, 0.000010, 0.000000, 0.000000, 0.950000, 5.000000, 0.000000, -14.774981, -0.000000, 48.874903, 1000, 0.000100, 2.000000, -1.000000, -1.000000, 0.100000, 0.000100, 1.000000, 0.001000, 0.000010, 0.000000, 0.000000, 0.950000, 0.000000, 1.433869, 0.000000, -2.867738, 1000
8.71, 0.000100, 0.200000, 0.470000, -9.810000, 6.000000, 0.000000, 0.000000, 0.000000, 10.000000, -1.000000, 1.000000, -1.000000, 0.100000, 0.000100, 1.000000, 0.001000, 0.000010, 0.000000, 0.000000, 0.950000, 0.000000, -2.867738, -0.000000, 48.874903, 0.000000, 1.329624, 0.000000, -14.747294, 1000, 0.000100, -1.000000, -1.000000, 0.100000, 0.000100, 5.000000, 1.000000, 0.001000, 0.000010, 0.000000, 0.000000, 0.950000, 5.000000, 0.000000, -14.760877, -0.000000, 48.804383, 1000, 0.000100, 2.000000, -1.000000, -1.000000, 0.100000, 0.000100, 1.000000, 0.001000, 0.000010, 0.000000, 0.000000, 0.950000, 0.000000, 1.381730, 0.000000, -2.763461, 1000
8.72, 0.000100, 0.200000, 0.470000, -9.810000, 6.000000, 0.000000, 0.000000, 0.000000, 10.000000, -1.000000, 1.000000, -1.000000, 0.100000, 0.000100, 1.000000, 0.001000, 0.000010, 0.000000, 0.000000, 0.950000, 0.000000, -2.763461, -0.000000, 48.804383, 0.000000, 1.277552, 0.000000, -14.734232, 1000, 0.000100, -1.000000, -1.000000, 0.100000, 0.000100, 5.000000, 1.000000, 0.001000, 0.000010, 0.000000, 0.000000, 0.950000, 5.000000, 0.000000, -14.747294, -0.000000, 48.736469, 1000, 0.000100, 2.000000, -1.000000, -1.000000, 0.100000, 0.000100, 1.000000, 0.001000, 0.000010, 0.000000, 0.000000, 0.950000, 0.000000, 1.329624, 0.000000, -2.659248, 1000
8.73, 0.000100, 0.200000, 0.470000, -9.810000, 6.000000, 0.000000, 0.000000, 0.000000, 10.000000, -1.000000, 1.000000, -1.000000, 0.100000, 0.000100, 1.000000, 0.001000, 0.000010, 0.000000, 0.000000, 0.950000, 0.000000, -2.659248, -0.000000, 48.736469, 0.000000, 1.225518, 0.000000, -14.721690, 1000, 0.000100, -1.000000, -1.000000, 0.100000, 0.000100, 5.000000, 1.000000, 0.001000, 0.000010, 0.000000, 0.000000, 0.950000, 5.000000, 0.000000, -14.734232, -0.000000, 48.671159, 1000, 0.000100, 2.000000, -1.000000, -1.000000, 0.100000, 0.000100, 1.000000, 0.001000, 0.000010, 0.000000, 0.000000, 0.950000, 0.000000, 1.277552, 0.000000, -2.555104, 1000
8.74, 0.000100, 0.200000, 0.470000, -9.810000, 6.000000, 0.000000, 0.000000, 0.000000, 10.000000, -1.000000, 1.000000, -1.000000, 0.100000, 0.000100, 1.000000, 0.001000, 0.000010, 0.000000, 0.000000, 0.950000, 0.000000, -2.555104, -0.000000, 48.671159, 0.000000, 1.173523, 0.000000, -14.709669, 1000, 0.000100, -1.000000, -1.000000, 0.100000, 0.000100, 5.000000, 1.000000, 0.001000, 0.000010, 0.000000, 0.000000, 0.950000, 5.000000, 0.000000, -14.721690, -0.000000, 48.608452, 1000, 0.000100, 2.000000, -1.000000, -1.000000, 0.100000, 0.000100, 1.000000, 0.001000, 0.000010, 0.000000, 0.000000, 0.950000, 0.000000, 1.225518, 0.000000, -2.451035, 1000
8.75, 0.000100, 0.200000, 0.470000, -9.810000, 6.000000, 0.000000, 0.000000, 0.000000, 10.000000, -1.000000, 1.000000, -1.000000, 0.100000, 0.000100, 1.000000, 0.001000, 0.000010, 0.000000, 0.000000, 0.950000, 0.000000, -2.451035, -0.000000, 48.608452, 0.000000, 1.121571, 0.000000, -14.698168, 1000, 0.000100, -1.000000, -1.000000, 0.100000, 0.000100, 5.000000, 1.000000, 0.001000, 0.000010, 0.000000, 0.000000, 0.950000, 5.000000, 0.000000, -14.709669, -0.000000, 48.548346, 1000, 0.000100, 2.000000, -1.000000, -1.000000, 0.100000, 0.000100, 1.000000, 0.001000, 0.000010, 0.000000, 0.000000, 0.950000, 0.000000, 1.173523, 0.000000, -2.347046, 1000
8.76, 0.000100, 0.200000, 0.470000, -9.810000, 6.000000, 0.000000, 0.000000, 0.000000, 10.000000, -1.000000, 1.000000, -1.000000, 0.100000, 0.000100, 1.000000, 0.001000, 0.000010, 0.000000, 0.000000, 0.950000, 0.000000, -2.347046, -0.000000, 48.548346, 0.000000, 1.069663, 0.000000, -14.687186, 1000, 0.000100, -1.000000, -1.000000, 0.100000, 0.000100, 5.000000, 1.000000, 0.001000, 0.000010, 0.000000, 0.000000, 0.950000, 5.000000, 0.000000, -14.698168, -0.000000, 48.490839, 1000, 0.000100, 2.000000, -1.000000, -1.000000, 0.100000, 0.000100, 1.000000, 0.001000, 0.000010, 0.000000, 0.000000, 0.950000, 0.000000, 1.121571, 0.000000, -2.243142, 1000
8.77, 0.000100, 0.200000, 0.470000, -9.810000, 6.000000, 0.000000, 0.000000, 0.000000, 10.000000, -1.000000, 1.000000, -1.000000, 0.100000, 0.000100, 1.000000, 0.001000, 0.000010, 0.000000, 0.000000, 0.950000, 0.000000, -2.243142, -0.000000, 48.490839, 0.000000, 1.017803, 0.000000, -14.676722, 1000, 0.000100, -1.000000, -1.000000, 0.100000, 0.000100, 5.000000, 1.000000, 0.001000, 0.000010, 0.000000, 0.000000, 0.950000, 5.000000, 0.000000, -14.687186, -0.000000, 48.435928, 1000, 0.000100, 2.000000, -1.000000, -1.000000, 0.100000, 0.000100, 1.000000, 0.001000, 0.000010, 0.000000, 0.000000, 0.950000, 0.000000, 1.069663, 0.000000, -2.139326, 1000
8.78, 0.000100, 0.200000, 0.470000, -9.810000, 6.000000, 0.000000, 0.000000, 0.000000, 10.000000, -1.000000, 1.000000, -1.000000, 0.100000, 0.000100, 1.000000, 0.001000, 0.000010, 0.000000, 0.000000, 0.950000, 0.000000, -2.139326, -0.000000, 48.435928, 0.000000, 0.965992, 0.000000, -14.666778, 1000, 0.000100, -1.000000, -1.000000, 0.100000, 0.000100, 5.000000, 1.000000, 0.001000, 0.000010, 0.000000, 0.000000, 0.950000, 5.000000, 0.000000, -14.676722, -0.000000, 48.383612, 1000, 0.000100, 2.000000, -1.000000, -1.000000, 0.100000, 0.000100, 1.000000, 0.001000, 0.000010, 0.000000, 0.000000, 0.950000, 0.000000, 1.017803, 0.000000, -2.035606, 1000
8.79, 0.000100, 0.200000, 0.470000, -9.810000, 6.000000, 0.000000, 0.000000, 0.000000, 10.000000, -1.000000, 1.000000, -1.000000, 0.100000, 0.000100, 1.000000, 0.001000, 0.000010, 0.000000, 0.000000, 0.950000, 0.000000, -2.035606, -0.000000, 48.383612, 0.000000, 0.914234, 0.000000, -14.657351, 1000, 0.000100, -1.000000, -1.000000, 0.100000, 0.000100, 5.000000, 1.000000, 0.001000, 0.000010, 0.000000, 0.000000, 0.950000, 5.000000, 0.000000, -14.666778, -0.000000, 48.333888, 1000, 0.000100, 2.000000, -1.000000, -1.000000, 0.100000, 0.000100, 1.000000, 0.001000, 0.000010, 0.000000, 0.000000, 0.950000, 0.000000, 0.965992, 0.000000, -1.931984, 1000
8.8, 0.000100, 0.200000, 0.470000, -9.810000, 6.000000, 0.000000, 0.000000, 0.000000, 10.000000, -1.000000, 1.000000, -1.000000, 0.100000, 0.000100, 1.000000, 0.001000, 0.000010, 0.000000, 0.000000, 0.950000, 0.000000, -1.931984, -0.000000, 48.333888, 0.000000, 0.862530, 0.000000, -14.648441, 1000, 0.000100, -1.000000, -1.000000, 0.100000, 0.000100, 5.000000, 1.000000, 0.001000, 0.000010, 0.000000, 0.000000, 0.950000, 5.000000, 0.000000, -14.657351, -0.000000, 48.286753, 1000, 0.000100, 2.000000, -1.000000, -1.000000, 0.100000, 0.000100, 1.000000, 0.001000, 0.000010, 0.000000, 0.000000, 0.950000, 0.000000, 0.914234, 0.000000, -1.828467, 1000
8.81, 0.000100, 0.200000, 0.470000, -9.810000, 6.000000, 0.000000, 0.000000, 0.000000, 10.000000, -1.000000, 1.000000, -1.000000, 0.100000, 0.000100, 1.000000, 0.001000, 0.000010, 0.000000, 0.000000, 0.950000, 0.000000, -1.828467, -0.000000, 48.286753, 0.000000, 0.810883, 0.000000, -14.640048, 1000, 0.000100, -1.000000, -1.000000, 0.100000, 0.000100, 5.000000, 1.000000, 0.001000, 0.000010, 0.000000, 0.000000, 0.950000, 5.000000, 0.000000, -14.648441, -0.000000, 48.242204, 1000, 0.000100, 2.000000, -1.000000, -1.000000, 0.100000, 0.000100, 1.000000, 0.001000, 0.000010, 0.000000, 0.000000, 0.950000, 0.000000, 0.862530, 0.000000, -1.725059, 1000
8.82, 0.000100, 0.200000, 0.470000, -9.810000, 6.000000, 0.000000, 0.000000, 0.000000, 10.000000, -1.000000, 1.000000, -1.000000, 0.100000, 0.000100, 1.000000, 0.001000, 0.000010, 0.000000, 0.000000, 0.950000, 0.000000, -1.725059, -0.000000, 48.242204, 0.000000, 0.759295, 0.000000, -14.632171, 1000, 0.000100, -1.000000, -1.000000, 0.100000, 0.000100, 5.000000, 1.000000, 0.001000, 0.000010, 0.000000, 0.000000, 0.950000, 5.000000, 0.000000, -14.640048, -0.000000, 48.200240, 1000, 0.000100, 2.000000, -1.000000, -1.000000, 0.100000, 0.000100, 1.000000, 0.001000, 0.000010, 0.000000, 0.000000, 0.950000, 0.000000, 0.810883, 0.000000, -1.621765, 1000
8.83, 0.000100, 0.200000, 0.470000, -9.810000, 6.000000, 0.000000, 0.000000, 0.000000, 10.000000, -1.000000, 1.000000, -1.000000, 0.100000, 0.000100, 1.000000, 0.001000, 0.000010, 0.000000, 0.000000, 0.950000, 0.000000, -1.621765, -0.000000, 48.200240, 0.000000, 0.707770, 0.000000, -14.624810, 1000, 0.000100, -1.000000, -1.000000, 0.100000, 0.000100, 5.000000, 1.000000, 0.001000, 0.000010, 0.000000, 0.000000, 0.950000, 5.000000, 0.000000, -14.632171, -0.000000, 48.160856, 1000, 0.000100, 2.000000, -1.000000, -1.000000, 0.100000, 0.000100, 1.000000, 0.001000, 0.000010, 0.000000, 0.000000, 0.950000, 0.000000, 0.759295, 0.000000, -1.518590, 1000
8.84, 0.000100, 0.200000, 0.470000, -9.810000, 6.000000, 0.000000, 0.000000, 0.000000, 10.000000, -1.000000, 1.000000, -1.000000, 0.100000, 0.000100, 1.000000, 0.001000, 0.000010, 0.000000, 0.000000, 0.950000, 0.000000, -1.518590, -0.000000, 48.160856, 0.000000, 0.656308, 0.000000, -14.617964, 1000, 0.000100, -1.000000, -1.000000, 0.100000, 0.000100, 5.000000, 1.000000, 0.001000, 0.000010, 0.000000, 0.000000, 0.950000, 5.000000, 0.000000, -14.624810, -0.000000, 48.124051, 1000, 0.000100, 2.000000, -1.000000, -1.000000, 0.100000, 0.000100, 1.000000, 0.001000, 0.000010, 0.000000, 0.000000, 0.950000, 0.000000, 0.707770, 0.000000, -1.415539, 1000
8.85, 0.000100, 0.200000, 0.470000, -9.810000, 6.000000, 0.000000, 0.000000, 0.000000, 10.000000, -1.000000, 1.000000, -1.000000, 0.100000, 0.000100, 1.000000, 0.001000, 0.000010, 0.000000, 0.000000, 0.950000, 0.000000, -1.415539, -0.000000, 48.124051, 0.000000, 0.604914, 0.000000, -14.611632, 1000, 0.000100, -1.000000, -1.000000, 0.100000, 0.000100, 5.000000, 1.000000, 0.001000, 0.000010, 0.000000, 0.000000, 0.950000, 5.000000, 0.000000, -14.617964, -0.000000, 48.089820, 1000, 0.000100, 2.000000, -1.000000, -1.000000, 0.100000, 0.000100, 1.000000, 0.001000, 0.000010, 0.000000, 0.000000, 0.950000, 0.000000, 0.656308, 0.000000, -1.312617, 1000
8.86, 0.000100, 0.200000, 0.470000, -9.810000, 6.000000, 0.000000, 0.000000, 0.000000, 10.000000, -1.000000, 1.000000, -1.000000, 0.100000, 0.000100, 1.000000, 0.001000, 0.000010, 0.000000, 0.000000, 0.950000, 0.000000, -1.312617, -0.000000, 48.089820, 0.000000, 0.553589, 0.000000, -14.605814, 1000, 0.000100, -1.000000, -1.000000, 0.100000, 0.000100, 5.000000, 1.000000, 0.001000, 0.000010, 0.000000, 0.000000, 0.950000, 5.000000, 0.000000, -14.611632, -0.000000, 48.058161, 1000, 0.000100, 2.000000, -1.000000, -1.000000, 0.100000, 0.000100, 1.000000, 0.001000, 0.000010, 0.000000, 0.000000, 0.950000, 0.000000, 0.604914, 0.000000, -1.209828, 1000
8.87, 0.000100, 0.200000, 0.470000, -9.810000, 6.000000, 0.000000, 0.000000, 0.000000, 10.000000, -1.000000, 1.000000, -1.000000, 0.100000, 0.000100, 1.000000, 0.001000, 0.000010, 0.000000, 0.000000, 0.950000, 0.000000, -1.209828, -0.000000, 48.058161, 0.000000, 0.502335, 0.000000, -14.600509, 1000, 0.000100, -1.000000, -1.000000, 0.100000, 0.000100, 5.000000, 1.000000, 0.001000, 0.000010, 0.000000, 0.000000, 0.950000, 5.000000, 0.000000, -14.605814, -0.000000, 48.029070, 1000, 0.000100, 2.000000, -1.000000, -1.000000, 0.100000, 0.000100, 1.000000, 0.001000, 0.000010, 0.000000, 0.000000, 0.950000, 0.000000, 0.553589, 0.000000, -1.107177, 1000
8.88, 0.000100, 0.200000, 0.470000, -9.810000, 6.000000, 0.000000, 0.000000, 0.000000, 10.000000, -1.000000, 1.000000, -1.000000, 0.100000, 0.000100, 1.000000, 0.001000, 0.000010, 0.000000, 0.000000, 0.950000, 0.000000, -1.107177, -0.000000, 48.029070, 0.000000, 0.451155, 0.000000, -14.595716, 1000, 0.000100, -1.000000, -1.000000, 0.100000, 0.000100, 5.000000, 1.000000, 0.001000, 0.000010, 0.000000, 0.000000, 0.950000, 5.000000, 0.000000, -14.600509, -0.000000, 48.002544, 1000, 0.000100, 2.000000, -1.000000, -1.000000, 0.100000, 0.000100, 1.000000, 0.001000, 0.000010, 0.000000, 0.000000, 0.950000, 0.000000, 0.502335, 0.000000, -1.004670, 1000
8.89, 0.000100, 0.200000, 0.470000, -9.810000, 6.000000, 0.000000, 0.000000, 0.000000, 10.000000, -1.000000, 1.000000, -1.000000, 0.100000, 0.000100, 1.000000, 0.001000, 0.000010, 0.000000, 0.000000, 0.950000, 0.000000, -1.004670, -0.000000, 48.002544, 0.000000, 0.400052, 0.000000, -14.591434, 1000, 0.000100, -1.000000, -1.000000, 0.100000, 0.000100, 5.000000, 1.000000, 0.001000, 0.000010, 0.000000, 0.000000, 0.950000, 5.000000, 0.000000, -14.595716, -0.000000, 47.978579, 1000, 0.000100, 2.000000, -1.000000, -1.000000, 0.100000, 0.000100, 1.000000, 0.001000, 0.000010, 0.000000, 0.000000, 0.950000, 0.000000, 0.451155, 0.000000, -0.902310, 1000
8.9, 0.000100, 0.200000, 0.470000, -9.810000, 6.000000, 0.000000, 0.000000, 0.000000, 10.000000, -1.000000, 1.000000, -1.000000, 0.100000, 0.000100, 1.000000, 0.001000, 0.000010, 0.000000, 0.000000, 0.950000, 0.000000, -0.902310, -0.000000, 47.978579, 0.000000, 0.349027, 0.000000, -14.587663, 1000, 0.000100, -1.000000, -1.000000, 0.100000, 0.000100, 5.000000, 1.000000, 0.001000, 0.000010, 0.000000, 0.000000, 0.950000, 5.000000, 0.000000, -14.591434, -0.000000, 47.957171, 1000, 0.000100, 2.000000, -1.000000, -1.000000, 0.100000, 0.000100, 1.000000, 0.001000, 0.000010, 0.000000, 0.000000, 0.950000, 0.000000, 0.400052, 0.000000, -0.800103, 1000
8.91, 0.000100, 0.200000, 0.470000, -9.810000, 6.000000, 0.000000, 0.000000, 0.000000, 10.000000, -1.000000, 1.000000, -1.000000, 0.100000, 0.000100, 1.000000, 0.001000, 0.000010, 0.000000, 0.000000, 0.950000, 0.000000, -0.800103, -0.000000, 47.957171, 0.000000, 0.298083, 0.000000, -14.584402, 1000, 0.000100, -1.000000, -1.000000, 0.100000, 0.000100, 5.000000, 1.000000, 0.001000, 0.000010, 0.000000, 0.000000, 0.950000, 5.000000, 0.000000, -14.587663, -0.000000, 47.938317, 1000, 0.000100, 2.000000, -1.000000, -1.000000, 0.100000, 0.000100, 1.000000, 0.001000, 0.000010, 0.000000, 0.000000, 0.950000, 0.000000, 0.349027, 0.000000, -0.698054, 1000
8.92, 0.000100, 0.200000, 0.470000, -9.810000, 6.000000, 0.000000, 0.000000, 0.000000, 10.000000, -1.000000, 1.000000, -1.000000, 0.100000, 0.000100, 1.000000, 0.001000, 0.000010, 0.000000, 0.000000, 0.950000, 0.000000, -0.698054, -0.000000, 47.938317, 0.000000, 0.247223, 0.000000, -14.581650, 1000, 0.000100, -1.000000, -1.000000, 0.100000, 0.000100, 5.000000, 1.000000, 0.001000, 0.000010, 0.000000, 0.000000, 0.950000, 5.000000, 0.000000, -14.584402, -0.000000, 47.922011, 1000, 0.000100, 2.000000, -1.000000, -1.000000, 0.100000, 0.000100, 1.000000, 0.001000, 0.000010, 0.000000, 0.000000, 0.950000, 0.000000, 0.298083, 0.000000, -0.596166, 1000
8.93, 0.000100, 0.200000, 0.470000, -9.810000, 6.000000, 0.000000, 0.000000, 0.000000, 10.000000, -1.000000, 1.000000, -1.000000, 0.100000, 0.000100, 1.000000, 0.001000, 0.000010, 0.000000, 0.000000, 0.950000, 0.000000, -0.596166, -0.000000, 47.922011, 0.000000, 0.196448, 0.000000, -14.579407, 1000, 0.000100, -1.000000, -1.000000, 0.100000, 0.000100, 5.000000, 1.000000, 0.001000, 0.000010, 0.000000, 0.000000, 0.950000, 5.000000, 0.000000, -14.581650, -0.000000, 47.908252, 1000, 0.000100, 2.000000, -1.000000, -1.000000, 0.100000, 0.000100, 1.000000, 0.001000, 0.000010, 0.000000, 0.000000, 0.950000, 0.000000, 0.247223, 0.000000, -0.494446, 1000
8.94, 0.000100, 0.200000, 0.470000, -9.810000, 6.000000, 0.000000, 0.000000, 0.000000, 10.000000, -1.000000, 1.000000, -1.000000, 0.100000, 0.000100, 1.000000, 0.001000, 0.000010, 0.000000, 0.000000, 0.950000, 0.000000, -0.494446, -0.000000, 47.908252, 0.000000, 0.145762, 0.000000, -14.577670, 1000, 0.000100, -1.000000, -1.000000, 0.100000, 0.000100, 5.000000, 1.000000, 0.001000, 0.000010, 0.000000, 0.000000, 0.950000, 5.000000, 0.000000, -14.579407, -0.000000, 47.897033, 1000, 0.000100, 2.000000, -1.000000, -1.000000, 0.100000, 0.000100, 1.000000, 0.001000, 0.000010, 0.000000, 0.000000, 0.950000, 0.000000, 0.196448, 0.000000, -0.392897, 1000
8.95, 0.000100, 0.200000, 0.470000, -9.810000, 6.000000, 0.000000, 0.000000, 0.000000, 10.000000, -1.000000, 1.000000, -1.000000, 0.100000, 0.000100, 1.000000, 0.001000, 0.000010, 0.000000, 0.000000, 0.950000, 0.000000, -0.392897, -0.000000, 47.897033, 0.000000, 0.095166, 0.000000, -14.576440, 1000, 0.000100, -1.000000, -1.000000, 0.100000, 0.000100, 5.000000, 1.000000, 0.001000, 0.000010, 0.000000, 0.000000, 0.950000, 5.000000, 0.000000, -14.577670, -0.000000, 47.888351, 1000, 0.000100, 2.000000, -1.000000, -1.000000, 0.100000, 0.000100, 1.000000, 0.001000, 0.000010, 0.000000, 0.000000, 0.950000, 0.000000, 0.145762, 0.000000, -0.291524, 1000
8.96, 0.000100, 0.200000, 0.470000, -9.810000, 6.000000, 0.000000, 0.000000, 0.000000, 10.000000, -1.000000, 1.000000, -1.000000, 0.100000, 0.000100, 1.000000, 0.001000, 0.000010, 0.000000, 0.000000, 0.950000, 0.000000, -0.291524, -0.000000, 47.888351, 0.000000, 0.044663, 0.000000, -14.575716, 1000, 0.000100, -1.000000, -1.000000, 0.100000, 0.000100, 5.000000, 1.000000, 0.001000, 0.000010, 0.000000, 0.000000, 0.950000, 5.000000, 0.000000, -14.576440, -0.000000, 47.882201, 1000, 0.000100, 2.000000, -1.000000, -1.000000, 0.100000, 0.000100, 1.000000, 0.001000, 0.000010, 0.000000, 0.000000, 0.950000, 0.000000, 0.095166, 0.000000, -0.190332, 1000
8.97, 0.000100, 0.200000, 0.470000, -9.810000, 6.000000, 0.000000, 0.000000, 0.000000, 10.000000, -1.000000, 1.000000, -1.000000, 0.100000, 0.000100, 1.000000, 0.001000, 0.000010, 0.000000, 0.000000, 0.950000, 0.000000, -0.190332, -0.000000, 47.882201, 0.000000, -0.005745, 0.000000, -14.575496, 1000, 0.000100, -1.000000, -1.000000, 0.100000, 0.000100, 5.000000, 1.000000, 0.001000, 0.000010, 0.000000, 0.000000, 0.950000, 5.000000, 0.000000, -14.575716, -0.000000, 47.878579, 1000, 0.000100, 2.000000, -1.000000, -1.000000, 0.100000, 0.000100, 1.000000, 0.001000, 0.000010, 0.000000, 0.000000, 0.950000, 0.000000, 0.044663, 0.000000, -0.089326, 1000
8.98, 0.000100, 0.200000, 0.470000, -9.810000, 6.000000, 0.000000, 0.000000, 0.000000, 10.000000, -1.000000, 1.000000, -1.000000, 0.100000, 0.000100, 1.000000, 0.001000, 0.000010, 0.000000, 0.000000, 0.950000, 0.000000, -0.089326, -0.000000, 47.878579, 0.000000, -0.056056, 0.000000, -14.575780, 1000, 0.000100, -1.000000, -1.000000, 0.100000, 0.000100, 5.000000, 1.000000, 0.001000, 0.000010, 0.000000, 0.000000, 0.950000, 5.000000, 0.000000, -14.575496, -0.000000, 47.877480, 1000, 0.000100, 2.000000, -1.000000, -1.000000, 0.100000, 0.000100, 1.000000, 0.001000, 0.000010, 0.000000, 0.000000, 0.950000, 0.000000, -0.005745, 0.000000, 0.011491, 1000
8.99, 0.000100, 0.200000, 0.470000, -9.810000, 6.000000, 0.000000, 0.000000, 0.000000, 10.000000, -1.000000, 1.000000, -1.000000, 0.100000, 0.000100, 1.000000, 0.001000, 0.000010, 0.000000, 0.000000, 0.950000, 0.000000, 0.011491, -0.000000, 47.877480, 0.000000, -0.106267, 0.000000, -14.576566, 1000, 0.000100, -1.000000, -1.000000, 0.100000, 0.000100, 5.000000, 1.000000, 0.001000, 0.000010, 0.000000, 0.000000, 0.950000, 5.000000, 0.000000, -14.575780, -0.000000, 47.878900, 1000, 0.000100, 2.000000, -1.000000, -1.000000, 0.100000, 0.000100, 1.000000, 0.001000, 0.000010, 0.000000, 0.000000, 0.950000, 0.000000, -0.056056, 0.000000, 0.112112, 1000
9, 0.000100, 0.200000, 0.470000, -9.810000, 6.000000, 0.000000, 0.000000, 0.000000, 10.000000, -1.000000, 1.000000, -1.000000, 0.100000, 0.000100, 1.000000, 0.001000, 0.000010, 0.000000, 0.000000, 0.950000, 0.000000, 0.112112, -0.000000, 47.878900, 0.000000, -0.156376, 0.000000, -14.577855, 1000, 0.000100, -1.000000, -1.000000, 0.100000, 0.000100, 5.000000, 1.000000, 0.001000, 0.000010, 0.000000, 0.000000, 0.950000, 5.000000, 0.000000, -14.576566, -0.000000, 47.882832, 1000, 0.000100, 2.000000, -1.000000, -1.000000, 0.100000, 0.000100, 1.000000, 0.001000, 0.000010, 0.000000, 0.000000, 0.950000, 0.000000, -0.106267, 0.000000, 0.212534, 1000
9.01, 0.000100, 0.200000, 0.470000, -9.810000, 6.000000, 0.000000, 0.000000, 0.000000, 10.000000, -1.000000, 1.000000, -1.000000, 0.100000, 0.000100, 1.000000, 0.001000, 0.000010, 0.000000, 0.000000, 0.950000, 0.000000, 0.212534, -0.000000, 47.882832, 0.000000, -0.206380, 0.000000, -14.579643, 1000, 0.000100, -1.000000, -1.000000, 0.100000, 0.000100, 5.000000, 1.000000, 0.001000, 0.000010, 0.000000, 0.000000, 0.950000, 5.000000, 0.000000, -14.577855, -0.000000, 47.889273, 1000, 0.000100, 2.000000, -1.000000, -1.000000, 0.100000, 0.000100, 1.000000, 0.001000, 0.000010, 0.000000, 0.000000, 0.950000, 0.000000, -0.156376, 0.000000, 0.312752, 1000
9.02, 0.000100, 0.200000, 0.470000, -9.810000, 6.000000, 0.000000, 0.000000, 0.000000, 10.000000, -1.000000, 1.000000, -1.000000, 0.100000, 0.000100, 1.000000, 0.001000, 0.000010, 0.000000, 0.000000, 0.950000, 0.000000, 0.312752, -0.000000, 47.889273, 0.000000, -0.256278, 0.000000, -14.581932, 1000, 0.000100, -1.000000, -1.000000, 0.100000, 0.000100, 5.000000, 1.000000, 0.001000, 0.000010, 0.000000, 0.000000, 0.950000, 5.000000, 0.000000, -14.579643, -0.000000, 47.898217, 1000, 0.000100, 2.000000, -1.000000, -1.000000, 0.100000, 0.000100, 1.000000, 0.001000, 0.000010, 0.000000, 0.000000, 0.950000, 0.000000, -0.206380, 0.000000, 0.412761, 1000
9.03, 0.000100, 0.200000, 0.470000, -9.810000, 6.000000, 0.000000, 0.000000, 0.000000, 10.000000, -1.000000, 1.000000, -1.000000, 0.100000, 0.000100, 1.000000, 0.001000, 0.000010, 0.000000, 0.000000, 0.950000, 0.000000, 0.412761, -0.000000, 47.898217, 0.000000, -0.306066, 0.000000, -14.584719, 1000, 0.000100, -1.000000, -1.000000, 0.100000, 0.000100, 5.000000, 1.000000, 0.001000, 0.000010, 0.000000, 0.000000, 0.950000, 5.000000, 0.000000, -14.581932, -0.000000, 47.909659, 1000, 0.000100, 2.000000, -1.000000, -1.000000, 0.100000, 0.000100, 1.000000, 0.001000, 0.000010, 0.000000, 0.000000, 0.950000, 0.000000, -0.256278, 0.000000, 0.512556, 1000
9.04, 0.000100, 0.200000, 0.470000, -9.810000, 6.000000, 0.000000, 0.000000, 0.000000, 10.000000, -1.000000, 1.000000, -1.000000, 0.100000, 0.000100, 1.000000, 0.001000, 0.000010, 0.000000, 0.000000, 0.950000, 0.000000, 0.512556, -0.000000, 47.909659, 0.000000, -0.355743, 0.000000, -14.588003, 1000, 0.000100, -1.000000, -1.000000, 0.100000, 0.000100, 5.000000, 1.000000, 0.001000, 0.000010, 0.000000, 0.000000, 0.950000, 5.000000, 0.000000, -14.584719, -0.000000, 47.923593, 1000, 0.000100, 2.000000, -1.000000, -1.000000, 0.100000, 0.000100, 1.000000, 0.001000, 0.000010, 0.000000, 0.000000, 0.950000, 0.000000, -0.306066, 0.000000, 0.612133, 1000
9.05, 0.000100, 0.200000, 0.470000, -9.810000, 6.000000, 0.000000, 0.000000, 0.000000, 10.000000, -1.000000, 1.000000, -1.000000, 0.100000, 0.000100, 1.000000, 0.001000, 0.000010, 0.000000, 0.000000, 0.950000, 0.000000, 0.612133, -0.000000, 47.923593, 0.000000, -0.405307, 0.000000, -14.591783, 1000, 0.000100, -1.000000, -1.000000, 0.100000, 0.000100, 5.000000, 1.000000, 0.001000, 0.000010, 0.000000, 0.000000, 0.950000, 5.000000, 0.000000, -14.588003, -0.000000, 47.940014, 1000, 0.000100, 2.000000, -1.000000, -1.000000, 0.100000, 0.000100, 1.000000, 0.001000, 0.000010, 0.000000, 0.000000, 0.950000, 0.000000, -0.355743, 0.000000, 0.711487, 1000
9.06, 0.000100, 0.200000, 0.470000, -9.810000, 6.000000, 0.000000, 0.000000, 0.000000, 10.000000, -1.000000, 1.000000, -1.000000, 0.100000, 0.000100, 1.000000, 0.001000, 0.000010, 0.000000, 0.000000, 0.950000, 0.000000, 0.711487, -0.000000, 47.940014, 0.000000, -0.454754, 0.000000, -14.596059, 1000, 0.000100, -1.000000, -1.000000, 0.100000, 0.000100, 5.000000, 1.000000, 0.001000, 0.000010, 0.000000, 0.000000, 0.950000, 5.000000, 0.000000, -14.591783, -0.000000, 47.958916, 1000, 0.000100, 2.000000, -1.000000, -1.000000, 0.100000, 0.000100, 1.000000, 0.001000, 0.000010, 0.000000, 0.000000, 0.950000, 0.000000, -0.405307, 0.000000, 0.810613, 1000
9.07, 0.000100, 0.200000, 0.470000, -9.810000, 6.000000, 0.000000, 0.000000, 0.000000, 10.000000, -1.000000, 1.000000, -1.000000, 0.100000, 0.000100, 1.000000, 0.001000, 0.000010, 0.000000, 0.000000, 0.950000, 0.000000, 0.810613, -0.000000, 47.958916, 0.000000, -0.504083, 0.000000, -14.600828, 1000, 0.000100, -1.000000, -1.000000, 0.100000, 0.000100, 5.000000, 1.000000, 0.001000, 0.000010, 0.000000, 0.000000, 0.950000, 5.000000, 0.000000, -14.596059, -0.000000, 47.980294, 1000, 0.000100, 2.000000, -1.000000, -1.000000, 0.100000, 0.000100, 1.000000, 0.001000, 0.000010, 0.000000, 0.000000, 0.950000, 0.000000, -0.454754, 0.000000, 0.909507, 1000
9.08, 0.000100, 0.200000, 0.470000, -9.810000, 6.000000, 0.000000, 0.000000, 0.000000, 10.000000, -1.000000, 1.000000, -1.000000, 0.100000, 0.000100, 1.000000, 0.001000, 0.000010, 0.000000, 0.000000, 0.950000, 0.000000, 0.909507, -0.000000, 47.980294, 0.000000, -0.553291, 0.000000, -14.606091, 1000, 0.000100, -1.000000, -1.000000, 0.100000, 0.000100, 5.000000, 1.000000, 0.001000, 0.000010, 0.000000, 0.000000, 0.950000, 5.000000, 0.000000, -14.600828, -0.000000, 48.004142, 1000, 0.000100, 2.000000, -1.000000, -1.000000, 0.100000, 0.000100, 1.000000, 0.001000, 0.000010, 0.000000, 0.000000, 0.950000, 0.000000, -0.504083, 0.000000, 1.008165, 1000
9.09, 0.000100, 0.200000, 0.470000, -9.810000, 6.000000, 0.000000, 0.000000, 0.000000, 10.000000, -1.000000, 1.000000, -1.000000, 0.100000, 0.000100, 1.000000, 0.001000, 0.000010, 0.000000, 0.000000, 0.950000, 0.000000, 1.008165, -0.000000, 48.004142, 0.000000, -0.602376, 0.000000, -14.611844, 1000, 0.000100, -1.000000, -1.000000, 0.100000, 0.000100, 5.000000, 1.000000, 0.001000, 0.000010, 0.000000, 0.000000, 0.950000, 5.000000, 0.000000, -14.606091, -0.000000, 48.030453, 1000, 0.000100, 2.000000, -1.000000, -1.000000, 0.100000, 0.000100, 1.000000, 0.001000, 0.000010, 0.000000, 0.000000, 0.950000, 0.000000, -0.553291, 0.000000, 1.106581, 1000
9.1, 0.000100, 0.200000, 0.470000, -9.810000, 6.000000, 0.000000, 0.000000, 0.000000, 10.000000, -1.000000, 1.000000, -1.000000, 0.100000, 0.000100, 1.000000, 0.001000, 0.000010, 0.000000, 0.000000, 0.950000, 0.000000, 1.106581, -0.000000, 48.030453, 0.000000, -0.651336, 0.000000, -14.618088, 1000, 0.000100, -1.000000, -1.000000, 0.100000, 0.000100, 5.000000, 1.000000, 0.001000, 0.000010, 0.000000, 0.000000, 0.950000, 5.000000, 0.000000, -14.611844, -0.000000, 48.059222, 1000, 0.000100, 2.000000, -1.000000, -1.000000, 0.100000, 0.000100, 1.000000, 0.001000, 0.000010, 0.000000, 0.000000, 0.950000, 0.000000, -0.602376, 0.000000, 1.204752, 1000
9.11, 0.000100, 0.200000, 0.470000, -9.810000, 6.000000, 0.000000, 0.000000, 0.000000, 10.000000, -1.000000, 1.000000, -1.000000, 0.100000, 0.000100, 1.000000, 0.001000, 0.000010, 0.000000, 0.000000, 0.950000, 0.000000, 1.204752, -0.000000, 48.059222, 0.000000, -0.700169, 0.000000, -14.624822, 1000, 0.000100, -1.000000, -1.000000, 0.100000, 0.000100, 5.000000, 1.000000, 0.001000, 0.000010, 0.000000, 0.000000, 0.950000, 5.000000, 0.000000, -14.618088, -0.000000, 48.090442, 1000, 0.000100, 2.000000, -1.000000, -1.000000, 0.100000, 0.000100, 1.000000, 0.001000, 0.000010, 0.000000, 0.000000, 0.950000, 0.000000, -0.651336, 0.000000, 1.302672, 1000
9.12, 0.000100, 0.200000, 0.470000, -9.810000, 6.000000, 0.000000, 0.000000, 0.000000, 10.000000, -1.000000, 1.000000, -1.000000, 0.100000, 0.000100, 1.000000, 0.001000, 0.000010, 0.000000, 0.000000, 0.950000, 0.000000, 1.302672, -0.000000, 48.090442, 0.000000, -0.748872, 0.000000, -14.632042, 1000, 0.000100, -1.000000, -1.000000, 0.100000, 0.000100, 5.000000, 1.000000, 0.001000, 0.000010, 0.000000, 0.000000, 0.950000, 5.000000, 0.000000, -14.624822, -0.000000, 48.124108, 1000, 0.000100, 2.000000, -1.000000, -1.000000, 0.100000, 0.000100, 1.000000, 0.001000, 0.000010, 0.000000, 0.000000, 0.950000, 0.000000, -0.700169, 0.000000, 1.400337, 1000
9.13, 0.000100, 0.200000, 0.470000, -9.810000, 6.000000, 0.000000, 0.000000, 0.000000, 10.000000, -1.000000, 1.000000, -1.000000, 0.100000, 0.000100, 1.000000, 0.001000, 0.000010, 0.000000, 0.000000, 0.950000, 0.000000, 1.400337, -0.000000, 48.124108, 0.000000, -0.797443, 0.000000, -14.639750, 1000, 0.000100, -1.000000, -1.000000, 0.100000, 0.000100, 5.000000, 1.000000, 0.001000, 0.000010, 0.000000, 0.000000, 0.950000, 5.000000, 0.000000, -14.632042, -0.000000, 48.160212, 1000, 0.000100, 2.000000, -1.000000, -1.000000, 0.100000, 0.000100, 1.000000, 0.001000, 0.000010, 0.000000, 0.000000, 0.950000, 0.000000, -0.748872, 0.000000, 1.497743, 1000
9.14, 0.000100, 0.200000, 0.470000, -9.810000, 6.000000, 0.000000, 0.000000, 0.000000, 10.000000, -1.000000, 1.000000, -1.000000, 0.100000, 0.000100, 1.000000, 0.001000, 0.000010, 0.000000, 0.000000, 0.950000, 0.000000, 1.497743, -0.000000, 48.160212, 0.000000, -0.845880, 0.000000, -14.647942, 1000, 0.000100, -1.000000, -1.000000, 0.100000, 0.000100, 5.000000, 1.000000, 0.001000, 0.000010, 0.000000, 0.000000, 0.950000, 5.000000, 0.000000, -14.639750, -0.000000, 48.198749, 1000, 0.000100, 2.000000, -1.000000, -1.000000, 0.100000, 0.000100, 1.000000, 0.001000, 0.000010, 0.000000, 0.000000, 0.950000, 0.000000, -0.797443, 0.000000, 1.594886, 1000
9.15, 0.000100, 0.200000, 0.470000, -9.810000, 6.000000, 0.000000, 0.000000, 0.000000, 10.000000, -1.000000, 1.000000, -1.000000, 0.100000, 0.000100, 1.000000, 0.001000, 0.000010, 0.000000, 0.000000, 0.950000, 0.000000, 1.594886, -0.000000, 48.198749, 0.000000, -0.894181, 0.000000, -14.656618, 1000, 0.000100, -1.000000, -1.000000, 0.100000, 0.000100, 5.000000, 1.000000, 0.001000, 0.000010, 0.000000, 0.000000, 0.950000, 5.000000, 0.000000, -14.647942, -0.000000, 48.239711, 1000, 0.000100, 2.000000, -1.000000, -1.000000, 0.100000, 0.000100, 1.000000, 0.001000, 0.000010, 0.000000, 0.000000, 0.950000, 0.000000, -0.845880, 0.000000, 1.691760, 1000
9.16, 0.000100, 0.200000, 0.470000, -9.810000, 6.000000, 0.000000, 0.000000, 0.000000, 10.000000, -1.000000, 1.000000, -1.000000, 0.100000, 0.000100, 1.000000, 0.001000, 0.000010, 0.000000, 0.000000, 0.950000, 0.000000, 1.691760, -0.000000, 48.239711, 0.000000, -0.942343, 0.000000, -14.665777, 1000, 0.000100, -1.000000, -1.000000, 0.100000, 0.000100, 5.000000, 1.000000, 0.001000, 0.000010, 0.000000, 0.000000, 0.950000, 5.000000, 0.000000, -14.656618, -0.000000, 48.283091, 1000, 0.000100, 2.000000, -1.000000, -1.000000, 0.100000, 0.000100, 1.000000, 0.001000, 0.000010, 0.000000, 0.000000, 0.950000, 0.000000, -0.894181, 0.000000, 1.788362, 1000
9.17, 0.000100, 0.200000, 0.470000, -9.810000, 6.000000, 0.000000, 0.000000, 0.000000, 10.000000, -1.000000, 1.000000, -1.000000, 0.100000, 0.000100, 1.000000, 0.001000, 0.000010, 0.000000, 0.000000, 0.950000, 0.000000, 1.788362, -0.000000, 48.283091, 0.000000, -0.990365, 0.000000, -14.675416, 1000, 0.000100, -1.000000, -1.000000, 0.100000, 0.000100, 5.000000, 1.000000, 0.001000, 0.000010, 0.000000, 0.000000, 0.950000, 5.000000, 0.000000, -14.665777, -0.000000, 48.328884, 1000, 0.000100, 2.000000, -1.000000, -1.000000, 0.100000, 0.000100, 1.000000, 0.001000, 0.000010, 0.000000, 0.000000, 0.950000, 0.000000, -0.942343, 0.000000, 1.884686, 1000
9.18, 0.000100, 0.200000, 0.470000, -9.810000, 6.000000, 0.000000, 0.000000, 0.000000, 10.000000, -1.000000, 1.000000, -1.000000, 0.100000, 0.000100, 1.000000, 0.001000, 0.000010, 0.000000, 0.000000, 0.950000, 0.000000, 1.884686, -0.000000, 48.328884, 0.000000, -1.038244, 0.000000, -14.685535, 1000, 0.000100, -1.000000, -1.000000, 0.100000, 0.000100, 5.000000, 1.000000, 0.001000, 0.000010, 0.000000, 0.000000, 0.950000, 5.000000, 0.000000, -14.675416, -0.000000, 48.377082, 1000, 0.000100, 2.000000, -1.000000, -1.000000, 0.100000, 0.000100, 1.000000, 0.001000, 0.000010, 0.000000, 0.000000, 0.950000, 0.000000, -0.990365, 0.000000, 1.980730, 1000
9.19, 0.000100, 0.200000, 0.470000, -9.810000, 6.000000, 0.000000, 0.000000, 0.000000, 10.000000, -1.000000, 1.000000, -1.000000, 0.100000, 0.000100, 1.000000, 0.001000, 0.000010, 0.000000, 0.000000, 0.950000, 0.000000, 1.980730, -0.000000, 48.377082, 0.000000, -1.085978, 0.000000, -14.696133, 1000, 0.000100, -1.000000, -1.000000, 0.100000, 0.000100, 5.000000, 1.000000, 0.001000, 0.000010, 0.000000, 0.000000, 0.950000, 5.000000, 0.000000, -14.685535, -0.000000, 48.427677, 1000, 0.000100, 2.000000, -1.000000, -1.000000, 0.100000, 0.000100, 1.000000, 0.001000, 0.000010, 0.000000, 0.000000, 0.950000, 0.000000, -1.038244, 0.000000, 2.076487, 1000
9.2, 0.000100, 0.200000, 0.470000, -9.810000, 6.000000, 0.000000, 0.000000, 0.000000, 10.000000, -1.000000, 1.000000, -1.000000, 0.100000, 0.000100, 1.000000, 0.001000, 0.000010, 0.000000, 0.000000, 0.950000, 0.000000, 2.076487, -0.000000, 48.427677, 0.000000, -1.133564, 0.000000, -14.707207, 1000, 0.000100, -1.000000, -1.000000, 0.100000, 0.000100, 5.000000, 1.000000, 0.001000, 0.000010, 0.000000, 0.000000, 0.950000, 5.000000, 0.000000, -14.696133, -0.000000, 48.480663, 1000, 0.000100, 2.000000, -1.000000, -1.000000, 0.100000, 0.000100, 1.000000, 0.001000, 0.000010, 0.000000, 0.000000, 0.950000, 0.000000, -1.085978, 0.000000, 2.171955, 1000
9.21, 0.000100, 0.200000, 0.470000, -9.810000, 6.000000, 0.000000, 0.000000, 0.000000, 10.000000, -1.000000, 1.000000, -1.000000, 0.100000, 0.000100, 1.000000, 0.001000, 0.000010, 0.000000, 0.000000, 0.950000, 0.000000, 2.171955, -0.000000, 48.480663, 0.000000, -1.181002, 0.000000, -14.718756, 1000, 0.000100, -1.000000, -1.000000, 0.100000, 0.000100, 5.000000, 1.000000, 0.001000, 0.000010, 0.000000, 0.000000, 0.950000, 5.000000, 0.000000, -14.707207, -0.000000, 48.536033, 1000, 0.000100, 2.000000, -1.000000, -1.000000, 0.100000, 0.000100, 1.000000, 0.001000, 0.000010, 0.000000, 0.000000, 0.950000, 0.000000, -1.133564, 0.000000, 2.267129, 1000
9.22, 0.000100, 0.200000, 0.470000, -9.810000, 6.000000, 0.000000, 0.000000, 0.000000, 10.000000, -1.000000, 1.000000, -1.000000, 0.100000, 0.000100, 1.000000, 0.001000, 0.000010, 0.000000, 0.000000, 0.950000, 0.000000, 2.267129, -0.000000, 48.536033, 0.000000, -1.228288, 0.000000, -14.730779, 1000, 0.000100, -1.000000, -1.000000, 0.100000, 0.000100, 5.000000, 1.000000, 0.001000, 0.000010, 0.000000, 0.000000, 0.950000, 5.000000, 0.000000, -14.718756, -0.000000, 48.593778, 1000, 0.000100, 2.000000, -1.000000, -1.000000, 0.100000, 0.000100, 1.000000, 0.001000, 0.000010, 0.000000, 0.000000, 0.950000, 0.000000, -1.181002, 0.000000, 2.362004, 1000
9.23, 0.000100, 0.200000, 0.470000, -9.810000, 6.000000, 0.000000, 0.000000, 0.000000, 10.000000, -1.000000, 1.000000, -1.000000, 0.100000, 0.000100, 1.000000, 0.001000, 0.000010, 0.000000, 0.000000, 0.950000, 0.000000, 2.362004, -0.000000, 48.593778, 0.000000, -1.275421, 0.000000, -14.743273, 1000, 0.000100, -1.000000, -1.000000, 0.100000, 0.000100, 5.000000, 1.000000, 0.001000, 0.000010, 0.000000, 0.000000, 0.950000, 5.000000, 0.000000, -14.730779, -0.000000, 48.653893, 1000, 0.000100, 2.000000, -1.000000, -1.000000, 0.100000, 0.000100, 1.000000, 0.001000, 0.000010, 0.000000, 0.000000, 0.950000, 0.000000, -1.228288, 0.000000, 2.456576, 1000
9.24, 0.000100, 0.200000, 0.470000, -9.810000, 6.000000, 0.000000, 0.000000, 0.000000, 10.000000, -1.000000, 1.000000, -1.000000, 0.100000, 0.000100, 1.000000, 0.001000, 0.000010, 0.000000, 0.000000, 0.950000, 0.000000, 2.456576, -0.000000, 48.653893, 0.000000, -1.322398, 0.000000, -14.756239, 1000, 0.000100, -1.000000, -1.000000, 0.100000, 0.000100, 5.000000, 1.000000, 0.001000, 0.000010, 0.000000, 0.000000, 0.950000, 5.000000, 0.000000, -14.743273, -0.000000, 48.716367, 1000, 0.000100, 2.000000, -1.000000, -1.000000, 0.100000, 0.000100, 1.000000, 0.001000, 0.000010, 0.000000, 0.000000, 0.950000, 0.000000, -1.275421, 0.000000, 2.550841, 1000
9.25, 0.000100, 0.200000, 0.470000, -9.810000, 6.000000, 0.000000, 0.000000, 0.000000, 10.000000, -1.000000, 1.000000, -1.000000, 0.100000, 0.000100, 1.000000, 0.001000, 0.000010, 0.000000, 0.000000, 0.950000, 0.000000, 2.550841, -0.000000, 48.716367, 0.000000, -1.369217, 0.000000, -14.769674, 1000, 0.000100, -1.000000, -1.000000, 0.100000, 0.000100, 5.000000, 1.000000, 0.001000, 0.000010, 0.000000, 0.000000, 0.950000, 5.000000, 0.000000, -14.756239, -0.000000, 48.781195, 1000, 0.000100, 2.000000, -1.000000, -1.000000, 0.100000, 0.000100, 1.000000, 0.001000, 0.000010, 0.000000, 0.000000, 0.950000, 0.000000, -1.322398, 0.000000, 2.644796, 1000
9.26, 0.000100, 0.200000, 0.470000, -9.810000, 6.000000, 0.000000, 0.000000, 0.000000, 10.000000, -1.000000, 1.000000, -1.000000, 0.100000, 0.000100, 1.000000, 0.001000, 0.000010, 0.000000, 0.000000, 0.950000, 0.000000, 2.644796, -0.000000, 48.781195, 0.000000, -1.415877, 0.000000, -14.783576, 1000, 0.000100, -1.000000, -1.000000, 0.100000, 0.000100, 5.000000, 1.000000, 0.001000, 0.000010, 0.000000, 0.000000, 0.950000, 5.000000, 0.000000, -14.769674, -0.000000, 48.848369, 1000, 0.000100, 2.000000, -1.000000, -1.000000, 0.100000, 0.000100, 1.000000, 0.001000, 0.000010, 0.000000, 0.000000, 0.950000, 0.000000, -1.369217, 0.000000, 2.738435, 1000
9.27, 0.000100, 0.200000, 0.470000, -9.810000, 6.000000, 0.000000, 0.000000, 0.000000, 10.000000, -1.000000, 1.000000, -1.000000, 0.100000, 0.000100, 1.000000, 0.001000, 0.000010, 0.000000, 0.000000, 0.950000, 0.000000, 2.738435, -0.000000, 48.848369, 0.000000, -1.462375, 0.000000, -14.797944, 1000, 0.000100, -1.000000, -1.000000, 0.100000, 0.000100, 5.000000, 1.000000, 0.001000, 0.000010, 0.000000, 0.000000, 0.950000, 5.000000, 0.000000, -14.783576, -0.000000, 48.917879, 1000, 0.000100, 2.000000, -1.000000, -1.000000, 0.100000, 0.000100, 1.000000, 0.001000, 0.000010, 0.000000, 0.000000, 0.950000, 0.000000, -1.415877, 0.000000, 2.831754, 1000
9.28, 0.000100, 0.200000, 0.470000, -9.810000, 6.000000, 0.000000, 0.000000, 0.000000, 10.000000, -1.000000, 1.000000, -1.000000, 0.100000, 0.000100, 1.000000, 0.001000, 0.000010, 0.000000, 0.000000, 0.950000, 0.000000, 2.831754, -0.000000, 48.917879, 0.000000, -1.508709, 0.000000, -14.812776, 1000, 0.000100, -1.000000, -1.000000, 0.100000, 0.000100, 5.000000, 1.000000, 0.001000, 0.000010, 0.000000, 0.000000, 0.950000, 5.000000, 0.000000, -14.797944, -0.000000, 48.989720, 1000, 0.000100, 2.000000, -1.000000, -1.000000, 0.100000, 0.000100, 1.000000, 0.001000, 0.000010, 0.000000, 0.000000, 0.950000, 0.000000, -1.462375, 0.000000, 2.924750, 1000
9.29, 0.000100, 0.200000, 0.470000, -9.810000, 6.000000, 0.000000, 0.000000, 0.000000, 10.000000, -1.000000, 1.000000, -1.000000, 0.100000, 0.000100, 1.000000, 0.001000, 0.000010, 0.000000, 0.000000, 0.950000, 0.000000, 2.924750, -0.000000, 48.989720, 0.000000, -1.554877, 0.000000, -14.828071, 1000, 0.000100, -1.000000, -1.000000, 0.100000, 0.000100, 5.000000, 1.000000, 0.001000, 0.000010, 0.000000, 0.000000, 0.950000, 5.000000, 0.000000, -14.812776, -0.000000, 49.063881, 1000, 0.000100, 2.000000, -1.000000, -1.000000, 0.100000, 0.000100, 1.000000, 0.001000, 0.000010, 0.000000, 0.000000, 0.950000, 0.000000, -1.508709, 0.000000, 3.017418, 1000
9.3, 0.000100, 0.200000, 0.470000, -9.810000, 6.000000, 0.000000, 0.000000, 0.000000, 10.000000, -1.000000, 1.000000, -1.000000, 0.100000, 0.000100, 1.000000, 0.001000, 0.000010, 0.000000, 0.000000, 0.950000, 0.000000, 3.017418, -0.000000, 49.063881, 0.000000, -1.600878, 0.000000, -14.843827, 1000, 0.000100, -1.000000, -1.000000, 0.100000, 0.000100, 5.000000, 1.000000, 0.001000, 0.000010, 0.000000, 0.000000, 0.950000, 5.000000, 0.000000, -14.828071, -0.000000, 49.140355, 1000, 0.000100, 2.000000, -1.000000, -1.000000, 0.100000, 0.000100, 1.000000, 0.001000, 0.000010, 0.000000, 0.000000, 0.950000, 0.000000, -1.554877, 0.000000, 3.109755, 1000
9.31, 0.000100, 0.200000, 0.470000, -9.810000, 6.000000, 0.000000, 0.000000, 0.000000, 10.000000, -1.000000, 1.000000, -1.000000, 0.100000, 0.000100, 1.000000, 0.001000, 0.000010, 0.000000, 0.000000, 0.950000, 0.000000, 3.109755, -0.000000, 49.140355, 0.000000, -1.646708, 0.000000, -14.860042, 1000, 0.000100, -1.000000, -1.000000, 0.100000, 0.000100, 5.000000, 1.000000, 0.001000, 0.000010, 0.000000, 0.000000, 0.950000, 5.000000, 0.000000, -14.843827, -0.000000, 49.219134, 1000, 0.000100, 2.000000, -1.000000, -1.000000, 0.100000, 0.000100, 1.000000, 0.001000, 0.000010, 0.000000, 0.000000, 0.950000, 0.000000, -1.600878, 0.000000, 3.201756, 1000
9.32, 0.000100, 0.200000, 0.470000, -9.810000, 6.000000, 0.000000, 0.000000, 0.000000, 10.000000, -1.000000, 1.000000, -1.000000, 0.100000, 0.000100, 1.000000, 0.001000, 0.000010, 0.000000, 0.000000, 0.950000, 0.000000, 3.201756, -0.000000, 49.219134, 0.000000, -1.692367, 0.000000, -14.876714, 1000, 0.000100, -1.000000, -1.000000, 0.100000, 0.000100, 5.000000, 1.000000, 0.001000, 0.000010, 0.000000, 0.000000, 0.950000, 5.000000, 0.000000, -14.860042, -0.000000, 49.300209, 1000, 0.000100, 2.000000, -1.000000, -1.000000, 0.100000, 0.000100, 1.000000, 0.001000, 0.000010, 0.000000, 0.000000, 0.950000, 0.000000, -1.646708, 0.000000, 3.293417, 1000
9.33, 0.000100, 0.200000, 0.470000, -9.810000, 6.000000, 0.000000, 0.000000, 0.000000, 10.000000, -1.000000, 1.000000, -1.000000, 0.100000, 0.000100, 1.000000, 0.001000, 0.000010, 0.000000, 0.000000, 0.950000, 0.000000, 3.293417, -0.000000, 49.300209, 0.000000, -1.737852, 0.000000, -14.893843, 1000, 0.000100, -1.000000, -1.000000, 0.100000, 0.000100, 5.000000, 1.000000, 0.001000, 0.000010, 0.000000, 0.000000, 0.950000, 5.000000, 0.000000, -14.876714, -0.000000, 49.383572, 1000, 0.000100, 2.000000, -1.000000, -1.000000, 0.100000, 0.000100, 1.000000, 0.001000, 0.000010, 0.000000, 0.000000, 0.950000, 0.000000, -1.692367, 0.000000, 3.384734, 1000
9.34, 0.000100, 0.200000, 0.470000, -9.810000, 6.000000, 0.000000, 0.000000, 0.000000, 10.000000, -1.000000, 1.000000, -1.000000, 0.100000, 0.000100, 1.000000, 0.001000, 0.000010, 0.000000, 0.000000, 0.950000, 0.000000, 3.384734, -0.000000, 49.383572, 0.000000, -1.783160, 0.000000, -14.911425, 1000, 0.000100, -1.000000, -1.000000, 0.100000, 0.000100, 5.000000, 1.000000, 0.001000, 0.000010, 0.000000, 0.000000, 0.950000, 5.000000, 0.000000, -14.893843, -0.000000, 49.469214, 1000, 0.000100, 2.000000, -1.000000, -1.000000, 0.100000, 0.000100, 1.000000, 0.001000, 0.000010, 0.000000, 0.000000, 0.950000, 0.000000, -1.737852, 0.000000, 3.475703, 1000
9.35, 0.000100, 0.200000, 0.470000, -9.810000, 6.000000, 0.000000, 0.000000, 0.000000, 10.000000, -1.000000, 1.000000, -1.000000, 0.100000, 0.000100, 1.000000, 0.001000, 0.000010, 0.000000, 0.000000, 0.950000, 0.000000, 3.475703, -0.000000, 49.469214, 0.000000, -1.828291, 0.000000, -14.929460, 1000, 0.000100, -1.000000, -1.000000, 0.100000, 0.000100, 5.000000, 1.000000, 0.001000, 0.000010, 0.000000, 0.000000, 0.950000, 5.000000, 0.000000, -14.911425, -0.000000, 49.557126, 1000, 0.000100, 2.000000, -1.000000, -1.000000, 0.100000, 0.000100, 1.000000, 0.001000, 0.000010, 0.000000, 0.000000, 0.950000, 0.000000, -1.783160, 0.000000, 3.566321, 1000
9.36, 0.000100, 0.200000, 0.470000, -9.810000, 6.000000, 0.000000, 0.000000, 0.000000, 10.000000, -1.000000, 1.000000, -1.000000, 0.100000, 0.000100, 1.000000, 0.001000, 0.000010, 0.000000, 0.000000, 0.950000, 0.000000, 3.566321, -0.000000, 49.557126, 0.000000, -1.873243, 0.000000, -14.947945, 1000, 0.000100, -1.000000, -1.000000, 0.100000, 0.000100, 5.000000, 1.000000, 0.001000, 0.000010, 0.000000, 0.000000, 0.950000, 5.000000, 0.000000, -14.929460, -0.000000, 49.647299, 1000, 0.000100, 2.000000, -1.000000, -1.000000, 0.100000, 0.000100, 1.000000, 0.001000, 0.000010, 0.000000, 0.000000, 0.950000, 0.000000, -1.828291, 0.000000, 3.656583, 1000
9.37, 0.000100, 0.200000, 0.470000, -9.810000, 6.000000, 0.000000, 0.000000, 0.000000, 10.000000, -1.000000, 1.000000, -1.000000, 0.100000, 0.000100, 1.000000, 0.001000, 0.000010, 0.000000, 0.000000, 0.950000, 0.000000, 3.656583, -0.000000, 49.647299, 0.000000, -1.918012, 0.000000, -14.966879, 1000, 0.000100, -1.000000, -1.000000, 0.100000, 0.000100, 5.000000, 1.000000, 0.001000, 0.000010, 0.000000, 0.000000, 0.950000, 5.000000, 0.000000, -14.947945, -0.000000, 49.739725, 1000, 0.000100, 2.000000, -1.000000, -1.000000, 0.100000, 0.000100, 1.000000, 0.001000, 0.000010, 0.000000, 0.000000, 0.950000, 0.000000, -1.873243, 0.000000, 3.746486, 1000
9.38, 0.000100, 0.200000, 0.470000, -9.810000, 6.000000, 0.000000, 0.000000, 0.000000, 10.000000, -1.000000, 1.000000, -1.000000, 0.100000, 0.000100, 1.000000, 0.001000, 0.000010, 0.000000, 0.000000, 0.950000, 0.000000, 3.746486, -0.000000, 49.739725, 0.000000, -1.962599, 0.000000, -14.986260, 1000, 0.000100, -1.000000, -1.000000, 0.100000, 0.000100, 5.000000, 1.000000, 0.001000, 0.000010, 0.000000, 0.000000, 0.950000, 5.000000, 0.000000, -14.966879, -0.000000, 49.834394, 1000, 0.000100, 2.000000, -1.000000, -1.000000, 0.100000, 0.000100, 1.000000, 0.001000, 0.000010, 0.000000, 0.000000, 0.950000, 0.000000, -1.918012, 0.000000, 3.836025, 1000
9.39, 0.000100, 0.200000, 0.470000, -9.810000, 6.000000, 0.000000, 0.000000, 0.000000, 10.000000, -1.000000, 1.000000, -1.000000, 0.100000, 0.000100, 1.000000, 0.001000, 0.000010, 0.000000, 0.000000, 0.950000, 0.000000, 3.836025, -0.000000, 49.834394, 0.000000, -2.006999, 0.000000, -15.006085, 1000, 0.000100, -1.000000, -1.000000, 0.100000, 0.000100, 5.000000, 1.000000, 0.001000, 0.000010, 0.000000, 0.000000, 0.950000, 5.000000, 0.000000, -14.986260, -0.000000, 49.931298, 1000, 0.000100, 2.000000, -1.000000, -1.000000, 0.100000, 0.000100, 1.000000, 0.001000, 0.000010, 0.000000, 0.000000, 0.950000, 0.000000, -1.962599, 0.000000, 3.925197, 1000
9.4, 0.000100, 0.200000, 0.470000, -9.810000, 6.000000, 0.000000, 0.000000, 0.000000, 10.000000, -1.000000, 1.000000, -1.000000, 0.100000, 0.000100, 1.000000, 0.001000, 0.000010, 0.000000, 0.000000, 0.950000, 0.000000, 3.925197, -0.000000, 49.931298, 0.000000, -2.051212, 0.000000, -15.026354, 1000, 0.000100, -1.000000, -1.000000, 0.100000, 0.000100, 5.000000, 1.000000, 0.001000, 0.000010, 0.000000, 0.000000, 0.950000, 5.000000, 0.000000, -15.006085, -0.000000, 50.030427, 1000, 0.000100, 2.000000, -1.000000, -1.000000, 0.100000, 0.000100, 1.000000, 0.001000, 0.000010, 0.000000, 0.000000, 0.950000, 0.000000, -2.006999, 0.000000, 4.013998, 1000
9.41, 0.000100, 0.200000, 0.470000, -9.810000, 6.000000, 0.000000, 0.000000, 0.000000, 10.000000, -1.000000, 1.000000, -1.000000, 0.100000, 0.000100, 1.000000, 0.001000, 0.000010, 0.000000, 0.000000, 0.950000, 0.000000, 4.013998, -0.000000, 50.030427, 0.000000, -2.095236, 0.000000, -15.047065, 1000, 0.000100, -1.000000, -1.000000, 0.100000, 0.000100, 5.000000, 1.000000, 0.001000, 0.000010, 0.000000, 0.000000, 0.950000, 5.000000, 0.000000, -15.026354, -0.000000, 50.131772, 1000, 0.000100, 2.000000, -1.000000, -1.000000, 0.100000, 0.000100, 1.000000, 0.001000, 0.000010, 0.000000, 0.000000, 0.950000, 0.000000, -2.051212, 0.000000, 4.102425, 1000
9.42, 0.000100, 0.200000, 0.470000, -9.810000, 6.000000, 0.000000, 0.000000, 0.000000, 10.000000, -1.000000, 1.000000, -1.000000, 0.100000, 0.000100, 1.000000, 0.001000, 0.000010, 0.000000, 0.000000, 0.950000, 0.000000, 4.102425, -0.000000, 50.131772, 0.000000, -2.139069, 0.000000, -15.068214, 1000, 0.000100, -1.000000, -1.000000, 0.100000, 0.000100, 5.000000, 1.000000, 0.001000, 0.000010, 0.000000, 0.000000, 0.950000, 5.000000, 0.000000, -15.047065, -0.000000, 50.235323, 1000, 0.000100, 2.000000, -1.000000, -1.000000, 0.100000, 0.000100, 1.000000, 0.001000, 0.000010, 0.000000, 0.000000, 0.950000, 0.000000, -2.095236, 0.000000, 4.190472, 1000
9.43, 0.000100, 0.200000, 0.470000, -9.810000, 6.000000, 0.000000, 0.000000, 0.000000, 10.000000, -1.000000, 1.000000, -1.000000, 0.100000, 0.000100, 1.000000, 0.001000, 0.000010, 0.000000, 0.000000, 0.950000, 0.000000, 4.190472, -0.000000, 50.235323, 0.000000, -2.182709, 0.000000, -15.089801, 1000, 0.000100, -1.000000, -1.000000, 0.100000, 0.000100, 5.000000, 1.000000, 0.001000, 0.000010, 0.000000, 0.000000, 0.950000, 5.000000, 0.000000, -15.068214, -0.000000, 50.341071, 1000, 0.000100, 2.000000, -1.000000, -1.000000, 0.100000, 0.000100, 1.000000, 0.001000, 0.000010, 0.000000, 0.000000, 0.950000, 0.000000, -2.139069, 0.000000, 4.278138, 1000
9.44, 0.000100, 0.200000, 0.470000, -9.810000, 6.000000, 0.000000, 0.000000, 0.000000, 10.000000, -1.000000, 1.000000, -1.000000, 0.100000, 0.000100, 1.000000, 0.001000, 0.000010, 0.000000, 0.000000, 0.950000, 0.000000, 4.278138, -0.000000, 50.341071, 0.000000, -2.226154, 0.000000, -15.111824, 1000, 0.000100, -1.000000, -1.000000, 0.100000, 0.000100, 5.000000, 1.000000, 0.001000, 0.000010, 0.000000, 0.000000, 0.950000, 5.000000, 0.000000, -15.089801, -0.000000, 50.449007, 1000, 0.000100, 2.000000, -1.000000, -1.000000, 0.100000, 0.000100, 1.000000, 0.001000, 0.000010, 0.000000, 0.000000, 0.950000, 0.000000, -2.182709, 0.000000, 4.365418, 1000
9.45, 0.000100, 0.200000, 0.470000, -9.810000, 6.000000, 0.000000, 0.000000, 0.000000, 10.000000, -1.000000, 1.000000, -1.000000, 0.100000, 0.000100, 1.000000, 0.001000, 0.000010, 0.000000, 0.000000, 0.950000, 0.000000, 4.365418, -0.000000, 50.449007, 0.000000, -2.269402, 0.000000, -15.134280, 1000, 0.000100, -1.000000, -1.000000, 0.100000, 0.000100, 5.000000, 1.000000, 0.001000, 0.000010, 0.000000, 0.000000, 0.950000, 5.000000, 0.000000, -15.111824, -0.000000, 50.559120, 1000, 0.000100, 2.000000, -1.000000, -1.000000, 0.100000, 0.000100, 1.000000, 0.001000, 0.000010, 0.000000, 0.000000, 0.950000, 0.000000, -2.226154, 0.000000, 4.452307, 1000
9.46, 0.000100, 0.200000, 0.470000, -9.810000, 6.000000, 0.000000, 0.000000, 0.000000, 10.000000, -1.000000, 1.000000, -1.000000, 0.100000, 0.000100, 1.000000, 0.001000, 0.000010, 0.000000, 0.000000, 0.950000, 0.000000, 4.452307, -0.000000, 50.559120, 0.000000, -2.312452, 0.000000, -15.157168, 1000, 0.000100, -1.000000, -1.000000, 0.100000, 0.000100, 5.000000, 1.000000, 0.001000, 0.000010, 0.000000, 0.000000, 0.950000, 5.000000, 0.000000, -15.134280, -0.000000, 50.671400, 1000, 0.000100, 2.000000, -1.000000, -1.000000, 0.100000, 0.000100, 1.000000, 0.001000, 0.000010, 0.000000, 0.000000, 0.950000, 0.000000, -2.269402, 0.000000, 4.538804, 1000
9.47, 0.000100, 0.200000, 0.470000, -9.810000, 6.000000, 0.000000, 0.000000, 0.000000, 10.000000, -1.000000, 1.000000, -1.000000, 0.100000, 0.000100, 1.000000, 0.001000, 0.000010, 0.000000, 0.000000, 0.950000, 0.000000, 4.538804, -0.000000, 50.671400, 0.000000, -2.355302, 0.000000, -15.180485, 1000, 0.000100, -1.000000, -1.000000, 0.100000, 0.000100, 5.000000, 1.000000, 0.001000, 0.000010, 0.000000, 0.000000, 0.950000, 5.000000, 0.000000, -15.157168, -0.000000, 50.785839, 1000, 0.000100, 2.000000, -1.000000, -1.000000, 0.100000, 0.000100, 1.000000, 0.001000, 0.000010, 0.000000, 0.000000, 0.950000, 0.000000, -2.312452, 0.000000, 4.624904, 1000
9.48, 0.000100, 0.200000, 0.470000, -9.810000, 6.000000, 0.000000, 0.000000, 0.000000, 10.000000, -1.000000, 1.000000, -1.000000, 0.100000, 0.000100, 1.000000, 0.001000, 0.000010, 0.000000, 0.000000, 0.950000, 0.000000, 4.624904, -0.000000, 50.785839, 0.000000, -2.397949, 0.000000, -15.204230, 1000, 0.000100, -1.000000, -1.000000, 0.100000, 0.000100, 5.000000, 1.000000, 0.001000, 0.000010, 0.000000, 0.000000, 0.950000, 5.000000, 0.000000, -15.180485, -0.000000, 50.902426, 1000, 0.000100, 2.000000, -1.000000, -1.000000, 0.100000, 0.000100, 1.000000, 0.001000, 0.000010, 0.000000, 0.000000, 0.950000, 0.000000, -2.355302, 0.000000, 4.710603, 1000
9.49, 0.000100, 0.200000, 0.470000, -9.810000, 6.000000, 0.000000, 0.000000, 0.000000, 10.000000, -1.000000, 1.000000, -1.000000, 0.100000, 0.000100, 1.000000, 0.001000, 0.000010, 0.000000, 0.000000, 0.950000, 0.000000, 4.710603, -0.000000, 50.902426, 0.000000, -2.440393, 0.000000, -15.228401, 1000, 0.000100, -1.000000, -1.000000, 0.100000, 0.000100, 5.000000, 1.000000, 0.001000, 0.000010, 0.000000, 0.000000, 0.950000, 5.000000, 0.000000, -15.204230, -0.000000, 51.021150, 1000, 0.000100, 2.000000, -1.000000, -1.000000, 0.100000, 0.000100, 1.000000, 0.001000, 0.000010, 0.000000, 0.000000, 0.950000, 0.000000, -2.397949, 0.000000, 4.795899, 1000
9.5, 0.000100, 0.200000, 0.470000, -9.810000, 6.000000, 0.000000, 0.000000, 0.000000, 10.000000, -1.000000, 1.000000, -1.000000, 0.100000, 0.000100, 1.000000, 0.001000, 0.000010, 0.000000, 0.000000, 0.950000, 0.000000, 4.795899, -0.000000, 51.021150, 0.000000, -2.482631, 0.000000, -15.252995, 1000, 0.000100, -1.000000, -1.000000, 0.100000, 0.000100, 5.000000, 1.000000, 0.001000, 0.000010, 0.000000, 0.000000, 0.950000, 5.000000, 0.000000, -15.228401, -0.000000, 51.142003, 1000, 0.000100, 2.000000, -1.000000, -1.000000, 0.100000, 0.000100, 1.000000, 0.001000, 0.000010, 0.000000, 0.000000, 0.950000, 0.000000, -2.440393, 0.000000, 4.880786, 1000
9.51, 0.000100, 0.200000, 0.470000, -9.810000, 6.000000, 0.000000, 0.000000, 0.000000, 10.000000, -1.000000, 1.000000, -1.000000, 0.100000, 0.000100, 1.000000, 0.001000, 0.000010, 0.000000, 0.000000, 0.950000, 0.000000, 4.880786, -0.000000, 51.142003, 0.000000, -2.524662, 0.000000, -15.278010, 1000, 0.000100, -1.000000, -1.000000, 0.100000, 0.000100, 5.000000, 1.000000, 0.001000, 0.000010, 0.000000, 0.000000, 0.950000, 5.000000, 0.000000, -15.252995, -0.000000, 51.264973, 1000, 0.000100, 2.000000, -1.000000, -1.000000, 0.100000, 0.000100, 1.000000, 0.001000, 0.000010, 0.000000, 0.000000, 0.950000, 0.000000, -2.482631, 0.000000, 4.965263, 1000
9.52, 0.000100, 0.200000, 0.470000, -9.810000, 6.000000, 0.000000, 0.000000, 0.000000, 10.000000, -1.000000, 1.000000, -1.000000, 0.100000, 0.000100, 1.000000, 0.001000, 0.000010, 0.000000, 0.000000, 0.950000, 0.000000, 4.965263, -0.000000, 51.264973, 0.000000, -2.566484, 0.000000, -15.303445, 1000, 0.000100, -1.000000, -1.000000, 0.100000, 0.000100, 5.000000, 1.000000, 0.001000, 0.000010, 0.000000, 0.000000, 0.950000, 5.000000, 0.000000, -15.278010, -0.000000, 51.390050, 1000, 0.000100, 2.000000, -1.000000, -1.000000, 0.100000, 0.000100, 1.000000, 0.001000, 0.000010, 0.000000, 0.000000, 0.950000, 0.000000, -2.524662, 0.000000, 5.049325, 1000
9.53, 0.000100, 0.200000, 0.470000, -9.810000, 6.000000, 0.000000, 0.000000, 0.000000, 10.000000, -1.000000, 1.000000, -1.000000, 0.100000, 0.000100, 1.000000, 0.001000, 0.000010, 0.000000, 0.000000, 0.950000, 0.000000, 5.049325, -0.000000, 51.390050, 0.000000, -2.608096, 0.000000, -15.329297, 1000, 0.000100, -1.000000, -1.000000, 0.100000, 0.000100, 5.000000, 1.000000, 0.001000, 0.000010, 0.000000, 0.000000, 0.950000, 5.000000, 0.000000, -15.303445, -0.000000, 51.517224, 1000, 0.000100, 2.000000, -1.000000, -1.000000, 0.100000, 0.000100, 1.000000, 0.001000, 0.000010, 0.000000, 0.000000, 0.950000, 0.000000, -2.566484, 0.000000, 5.132969, 1000
9.54, 0.000100, 0.200000, 0.470000, -9.810000, 6.000000, 0.000000, 0.000000, 0.000000, 10.000000, -1.000000, 1.000000, -1.000000, 0.100000, 0.000100, 1.000000, 0.001000, 0.000010, 0.000000, 0.000000, 0.950000, 0.000000, 5.132969, -0.000000, 51.517224, 0.000000, -2.649495, 0.000000, -15.355564, 1000, 0.000100, -1.000000, -1.000000, 0.100000, 0.000100, 5.000000, 1.000000, 0.001000, 0.000010, 0.000000, 0.000000, 0.950000, 5.000000, 0.000000, -15.329297, -0.000000, 51.646485, 1000, 0.000100, 2.000000, -1.000000, -1.000000, 0.100000, 0.000100, 1.000000, 0.001000, 0.000010, 0.000000, 0.000000, 0.950000, 0.000000, -2.608096, 0.000000, 5.216191, 1000
9.55, 0.000100, 0.200000, 0.470000, -9.810000, 6.000000, 0.000000, 0.000000, 0.000000, 10.000000, -1.000000, 1.000000, -1.000000, 0.100000, 0.000100, 1.000000, 0.001000, 0.000010, 0.000000, 0.000000, 0.950000, 0.000000, 5.216191, -0.000000, 51.646485, 0.000000, -2.690679, 0.000000, -15.382244, 1000, 0.000100, -1.000000, -1.000000, 0.100000, 0.000100, 5.000000, 1.000000, 0.001000, 0.000010, 0.000000, 0.000000, 0.950000, 5.000000, 0.000000, -15.355564, -0.000000, 51.777821, 1000, 0.000100, 2.000000, -1.000000, -1.000000, 0.100000, 0.000100, 1.000000, 0.001000, 0.000010, 0.000000, 0.000000, 0.950000, 0.000000, -2.649495, 0.000000, 5.298989, 1000
9.56, 0.000100, 0.200000, 0.470000, -9.810000, 6.000000, 0.000000, 0.000000, 0.000000, 10.000000, -1.000000, 1.000000, -1.000000, 0.100000, 0.000100, 1.000000, 0.001000, 0.000010, 0.000000, 0.000000, 0.950000, 0.000000, 5.298989, -0.000000, 51.777821, 0.000000, -2.731648, 0.000000, -15.409336, 1000, 0.000100, -1.000000, -1.000000, 0.100000, 0.000100, 5.000000, 1.000000, 0.001000, 0.000010, 0.000000, 0.000000, 0.950000, 5.000000, 0.000000, -15.382244, -0.000000, 51.911222, 1000, 0.000100, 2.000000, -1.000000, -1.000000, 0.100000, 0.000100, 1.000000, 0.001000, 0.000010, 0.000000, 0.000000, 0.950000, 0.000000, -2.690679, 0.000000, 5.381359, 1000
9.57, 0.000100, 0.200000, 0.470000, -9.810000, 6.000000, 0.000000, 0.000000, 0.000000, 10.000000, -1.000000, 1.000000, -1.000000, 0.100000, 0.000100, 1.000000, 0.001000, 0.000010, 0.000000, 0.000000, 0.950000, 0.000000, 5.381359, -0.000000, 51.911222, 0.000000, -2.772400, 0.000000, -15.436836, 1000, 0.000100, -1.000000, -1.000000, 0.100000, 0.000100, 5.000000, 1.000000, 0.001000, 0.000010, 0.000000, 0.000000, 0.950000, 5.000000, 0.000000, -15.409336, -0.000000, 52.046678, 1000, 0.000100, 2.000000, -1.000000, -1.000000, 0.100000, 0.000100, 1.000000, 0.001000, 0.000010, 0.000000, 0.000000, 0.950000, 0.000000, -2.731648, 0.000000, 5.463297, 1000
9.58, 0.000100, 0.200000, 0.470000, -9.810000, 6.000000, 0.000000, 0.000000, 0.000000, 10.000000, -1.000000, 1.000000, -1.000000, 0.100000, 0.000100, 1.000000, 0.001000, 0.000010, 0.000000, 0.000000, 0.950000, 0.000000, 5.463297, -0.000000, 52.046678, 0.000000, -2.812932, 0.000000, -15.464742, 1000, 0.000100, -1.000000, -1.000000, 0.100000, 0.000100, 5.000000, 1.000000, 0.001000, 0.000010, 0.000000, 0.000000, 0.950000, 5.000000, 0.000000, -15.436836, -0.000000, 52.184178, 1000, 0.000100, 2.000000, -1.000000, -1.000000, 0.100000, 0.000100, 1.000000, 0.001000, 0.000010, 0.000000, 0.000000, 0.950000, 0.000000, -2.772400, 0.000000, 5.544800, 1000
9.59, 0.000100, 0.200000, 0.470000, -9.810000, 6.000000, 0.000000, 0.000000, 0.000000, 10.000000, -1.000000, 1.000000, -1.000000, 0.100000, 0.000100, 1.000000, 0.001000, 0.000010, 0.000000, 0.000000, 0.950000, 0.000000, 5.544800, -0.000000, 52.184178, 0.000000, -2.853244, 0.000000, -15.493053, 1000, 0.000100, -1.000000, -1.000000, 0.100000, 0.000100, 5.000000, 1.000000, 0.001000, 0.000010, 0.000000, 0.000000, 0.950000, 5.000000, 0.000000, -15.464742, -0.000000, 52.323710, 1000, 0.000100, 2.000000, -1.000000, -1.000000, 0.100000, 0.000100, 1.000000, 0.001000, 0.000010, 0.000000, 0.000000, 0.950000, 0.000000, -2.812932, 0.000000, 5.625865, 1000
9.6, 0.000100, 0.200000, 0.470000, -9.810000, 6.000000, 0.000000, 0.000000, 0.000000, 10.000000, -1.000000, 1.000000, -1.000000, 0.100000, 0.000100, 1.000000, 0.001000, 0.000010, 0.000000, 0.000000, 0.950000, 0.000000, 5.625865, -0.000000, 52.323710, 0.000000, -2.893334, 0.000000, -15.521765, 1000, 0.000100, -1.000000, -1.000000, 0.100000, 0.000100, 5.000000, 1.000000, 0.001000, 0.000010, 0.000000, 0.000000, 0.950000, 5.000000, 0.000000, -15.493053, -0.000000, 52.465263, 1000, 0.000100, 2.000000, -1.000000, -1.000000, 0.100000, 0.000100, 1.000000, 0.001000, 0.000010, 0.000000, 0.000000, 0.950000, 0.000000, -2.853244, 0.000000, 5.706489, 1000
9.61, 0.000100, 0.200000, 0.470000, -9.810000, 6.000000, 0.000000, 0.000000, 0.000000, 10.000000, -1.000000, 1.000000, -1.000000, 0.100000, 0.000100, 1.000000, 0.001000, 0.000010, 0.000000, 0.000000, 0.950000, 0.000000, 5.706489, -0.000000, 52.465263, 0.000000, -2.933200, 0.000000, -15.550878, 1000, 0.000100, -1.000000, -1.000000, 0.100000, 0.000100, 5.000000, 1.000000, 0.001000, 0.000010, 0.000000, 0.000000, 0.950000, 5.000000, 0.000000, -15.521765, -0.000000, 52.608827, 1000, 0.000100, 2.000000, -1.000000, -1.000000, 0.100000, 0.000100, 1.000000, 0.001000, 0.000010, 0.000000, 0.000000, 0.950000, 0.000000, -2.893334, 0.000000, 5.786668, 1000
9.62, 0.000100, 0.200000, 0.470000, -9.810000, 6.000000, 0.000000, 0.000000, 0.000000, 10.000000, -1.000000, 1.000000, -1.000000, 0.100000, 0.000100, 1.000000, 0.001000, 0.000010, 0.000000, 0.000000, 0.950000, 0.000000, 5.786668, -0.000000, 52.608827, 0.000000, -2.972840, 0.000000, -15.580389, 1000, 0.000100, -1.000000, -1.000000, 0.100000, 0.000100, 5.000000, 1.000000, 0.001000, 0.000010, 0.000000, 0.000000, 0.950000, 5.000000, 0.000000, -15.550878, -0.000000, 52.754391, 1000, 0.000100, 2.000000, -1.000000, -1.000000, 0.100000, 0.000100, 1.000000, 0.001000, 0.000010, 0.000000, 0.000000, 0.950000, 0.000000, -2.933200, 0.000000, 5.866399, 1000
9.63, 0.000100, 0.200000, 0.470000, -9.810000, 6.000000, 0.000000, 0.000000, 0.000000, 10.000000, -1.000000, 1.000000, -1.000000, 0.100000, 0.000100, 1.000000, 0.001000, 0.000010, 0.000000, 0.000000, 0.950000, 0.000000, 5.866399, -0.000000, 52.754391, 0.000000, -3.012253, 0.000000, -15.610294, 1000, 0.000100, -1.000000, -1.000000, 0.100000, 0.000100, 5.000000, 1.000000, 0.001000, 0.000010, 0.000000, 0.000000, 0.950000, 5.000000, 0.000000, -15.580389, -0.000000, 52.901943, 1000, 0.000100, 2.000000, -1.000000, -1.000000, 0.100000, 0.000100, 1.000000, 0.001000, 0.000010, 0.000000, 0.000000, 0.950000, 0.000000, -2.972840, 0.000000, 5.945679, 1000
9.64, 0.000100, 0.200000, 0.470000, -9.810000, 6.000000, 0.000000, 0.000000, 0.000000, 10.000000, -1.000000, 1.000000, -1.000000, 0.100000, 0.000100, 1.000000, 0.001000, 0.000010, 0.000000, 0.000000, 0.950000, 0.000000, 5.945679, -0.000000, 52.901943, 0.000000, -3.051438, 0.000000, -15.640593, 1000, 0.000100, -1.000000, -1.000000, 0.100000, 0.000100, 5.000000, 1.000000, 0.001000, 0.000010, 0.000000, 0.000000, 0.950000, 5.000000, 0.000000, -15.610294, -0.000000, 53.051472, 1000, 0.000100, 2.000000, -1.000000, -1.000000, 0.100000, 0.000100, 1.000000, 0.001000, 0.000010, 0.000000, 0.000000, 0.950000, 0.000000, -3.012253, 0.000000, 6.024506, 1000
9.65, 0.000100, 0.200000, 0.470000, -9.810000, 6.000000, 0.000000, 0.000000, 0.000000, 10.000000, -1.000000, 1.000000, -1.000000, 0.100000, 0.000100, 1.000000, 0.001000, 0.000010, 0.000000, 0.000000, 0.950000, 0.000000, 6.024506, -0.000000, 53.051472, 0.000000, -3.090392, 0.000000, -15.671283, 1000, 0.000100, -1.000000, -1.000000, 0.100000, 0.000100, 5.000000, 1.000000, 0.001000, 0.000010, 0.000000, 0.000000, 0.950000, 5.000000, 0.000000, -15.640593, -0.000000, 53.202966, 1000, 0.000100, 2.000000, -1.000000, -1.000000, 0.100000, 0.000100, 1.000000, 0.001000, 0.000010, 0.000000, 0.000000, 0.950000, 0.000000, -3.051438, 0.000000, 6.102875, 1000
9.66, 0.000100, 0.200000, 0.470000, -9.810000, 6.000000, 0.000000, 0.000000, 0.000000, 10.000000, -1.000000, 1.000000, -1.000000, 0.100000, 0.000100, 1.000000, 0.001000, 0.000010, 0.000000, 0.000000, 0.950000, 0.000000, 6.102875, -0.000000, 53.202966, 0.000000, -3.129115, 0.000000, -15.702361, 1000, 0.000100, -1.000000, -1.000000, 0.100000, 0.000100, 5.000000, 1.000000, 0.001000, 0.000010, 0.000000, 0.000000, 0.950000, 5.000000, 0.000000, -15.671283, -0.000000, 53.356414, 1000, 0.000100, 2.000000, -1.000000, -1.000000, 0.100000, 0.000100, 1.000000, 0.001000, 0.000010, 0.000000, 0.000000, 0.950000, 0.000000, -3.090392, 0.000000, 6.180784, 1000
9.67, 0.000100, 0.200000, 0.470000, -9.810000, 6.000000, 0.000000, 0.000000, 0.000000, 10.000000, -1.000000, 1.000000, -1.000000, 0.100000, 0.000100, 1.000000, 0.001000, 0.000010, 0.000000, 0.000000, 0.950000, 0.000000, 6.180784, -0.000000, 53.356414, 0.000000, -3.167605, 0.000000, -15.733825, 1000, 0.000100, -1.000000, -1.000000, 0.100000, 0.000100, 5.000000, 1.000000, 0.001000, 0.000010, 0.000000, 0.000000, 0.950000, 5.000000, 0.000000, -15.702361, -0.000000, 53.511805, 1000, 0.000100, 2.000000, -1.000000, -1.000000, 0.100000, 0.000100, 1.000000, 0.001000, 0.000010, 0.000000, 0.000000, 0.950000, 0.000000, -3.129115, 0.000000, 6.258230, 1000
9.68, 0.000100, 0.200000, 0.470000, -9.810000, 6.000000, 0.000000, 0.000000, 0.000000, 10.000000, -1.000000, 1.000000, -1.000000, 0.100000, 0.000100, 1.000000, 0.001000, 0.000010, 0.000000, 0.000000, 0.950000, 0.000000, 6.258230, -0.000000, 53.511805, 0.000000, -3.205860, 0.000000, -15.765674, 1000, 0.000100, -1.000000, -1.000000, 0.100000, 0.000100, 5.000000, 1.000000, 0.001000, 0.000010, 0.000000, 0.000000, 0.950000, 5.000000, 0.000000, -15.733825, -0.000000, 53.669127, 1000, 0.000100, 2.000000, -1.000000, -1.000000, 0.100000, 0.000100, 1.000000, 0.001000, 0.000010, 0.000000, 0.000000, 0.950000, 0.000000, -3.167605, 0.000000, 6.335209, 1000
9.69, 0.000100, 0.200000, 0.470000, -9.810000, 6.000000, 0.000000, 0.000000, 0.000000, 10.000000, -1.000000, 1.000000, -1.000000, 0.100000, 0.000100, 1.000000, 0.001000, 0.000010, 0.000000, 0.000000, 0.950000, 0.000000, 6.335209, -0.000000, 53.669127, 0.000000, -3.243879, 0.000000, -15.797903, 1000, 0.000100, -1.000000, -1.000000, 0.100000, 0.000100, 5.000000, 1.000000, 0.001000, 0.000010, 0.000000, 0.000000, 0.950000, 5.000000, 0.000000, -15.765674, -0.000000, 53.828368, 1000, 0.000100, 2.000000, -1.000000, -1.000000, 0.100000, 0.000100, 1.000000, 0.001000, 0.000010, 0.000000, 0.000000, 0.950000, 0.000000, -3.205860, 0.000000, 6.411719, 1000
9.7, 0.000100, 0.200000, 0.470000, -9.810000, 6.000000, 0.000000, 0.000000, 0.000000, 10.000000, -1.000000, 1.000000, -1.000000, 0.100000, 0.000100, 1.000000, 0.001000, 0.000010, 0.000000, 0.000000, 0.950000, 0.000000, 6.411719, -0.000000, 53.828368, 0.000000, -3.281660, 0.000000, -15.830512, 1000, 0.000100, -1.000000, -1.000000, 0.100000, 0.000100, 5.000000, 1.000000, 0.001000, 0.000010, 0.000000, 0.000000, 0.950000, 5.000000, 0.000000, -15.797903, -0.000000, 53.989516, 1000, 0.000100, 2.000000, -1.000000, -1.000000, 0.100000, 0.000100, 1.000000, 0.001000, 0.000010, 0.000000, 0.000000, 0.950000, 0.000000, -3.243879, 0.000000, 6.487757, 1000
9.71, 0.000100, 0.200000, 0.470000, -9.810000, 6.000000, 0.000000, 0.000000, 0.000000, 10.000000, -1.000000, 1.000000, -1.000000, 0.100000, 0.000100, 1.000000, 0.001000, 0.000010, 0.000000, 0.000000, 0.950000, 0.000000, 6.487757, -0.000000, 53.989516, 0.000000, -3.319202, 0.000000, -15.863498, 1000, 0.000100, -1.000000, -1.000000, 0.100000, 0.000100, 5.000000, 1.000000, 0.001000, 0.000010, 0.000000, 0.000000, 0.950000, 5.000000, 0.000000, -15.830512, -0.000000, 54.152560, 1000, 0.000100, 2.000000, -1.000000, -1.000000, 0.100000, 0.000100, 1.000000, 0.001000, 0.000010, 0.000000, 0.000000, 0.950000, 0.000000, -3.281660, 0.000000, 6.563320, 1000
9.72, 0.000100, 0.200000, 0.470000, -9.810000, 6.000000, 0.000000, 0.000000, 0.000000, 10.000000, -1.000000, 1.000000, -1.000000, 0.100000, 0.000100, 1.000000, 0.001000, 0.000010, 0.000000, 0.000000, 0.950000, 0.000000, 6.563320, -0.000000, 54.152560, 0.000000, -3.356504, 0.000000, -15.896858, 1000, 0.000100, -1.000000, -1.000000, 0.100000, 0.000100, 5.000000, 1.000000, 0.001000, 0.000010, 0.000000, 0.000000, 0.950000, 5.000000, 0.000000, -15.863498, -0.000000, 54.317488, 1000, 0.000100, 2.000000, -1.000000, -1.000000, 0.100000, 0.000100, 1.000000, 0.001000, 0.000010, 0.000000, 0.000000, 0.950000, 0.000000, -3.319202, 0.000000, 6.638405, 1000
9.73, 0.000100, 0.200000, 0.470000, -9.810000, 6.000000, 0.000000, 0.000000, 0.000000, 10.000000, -1.000000, 1.000000, -1.000000, 0.100000, 0.000100, 1.000000, 0.001000, 0.000010, 0.000000, 0.000000, 0.950000, 0.000000, 6.638405, -0.000000, 54.317488, 0.000000, -3.393564, 0.000000, -15.930589, 1000, 0.000100, -1.000000, -1.000000, 0.100000, 0.000100, 5.000000, 1.000000, 0.001000, 0.000010, 0.000000, 0.000000, 0.950000, 5.000000, 0.000000, -15.896858, -0.000000, 54.484288, 1000, 0.000100, 2.000000, -1.000000, -1.000000, 0.100000, 0.000100, 1.000000, 0.001000, 0.000010, 0.000000, 0.000000, 0.950000, 0.000000, -3.356504, 0.000000, 6.713009, 1000
9.74, 0.000100, 0.200000, 0.470000, -9.810000, 6.000000, 0.000000, 0.000000, 0.000000, 10.000000, -1.000000, 1.000000, -1.000000, 0.100000, 0.000100, 1.000000, 0.001000, 0.000010, 0.000000, 0.000000, 0.950000, 0.000000, 6.713009, -0.000000, 54.484288, 0.000000, -3.430381, 0.000000, -15.964691, 1000, 0.000100, -1.000000, -1.000000, 0.100000, 0.000100, 5.000000, 1.000000, 0.001000, 0.000010, 0.000000, 0.000000, 0.950000, 5.000000, 0.000000, -15.930589, -0.000000, 54.652947, 1000, 0.000100, 2.000000, -1.000000, -1.000000, 0.100000, 0.000100, 1.000000, 0.001000, 0.000010, 0.000000, 0.000000, 0.950000, 0.000000, -3.393564, 0.000000, 6.787129, 1000
9.75, 0.000100, 0.200000, 0.470000, -9.810000, 6.000000, 0.000000, 0.000000, 0.000000, 10.000000, -1.000000, 1.000000, -1.000000, 0.100000, 0.000100, 1.000000, 0.001000, 0.000010, 0.000000, 0.000000, 0.950000, 0.000000, 6.787129, -0.000000, 54.652947, 0.000000, -3.466954, 0.000000, -15.999159, 1000, 0.000100, -1.000000, -1.000000, 0.100000, 0.000100, 5.000000, 1.000000, 0.001000, 0.000010, 0.000000, 0.000000, 0.950000, 5.000000, 0.000000, -15.964691, -0.000000, 54.823453, 1000, 0.000100, 2.000000, -1.000000, -1.000000, 0.100000, 0.000100, 1.000000, 0.001000, 0.000010, 0.000000, 0.000000, 0.950000, 0.000000, -3.430381, 0.000000, 6.860763, 1000
9.76, 0.000100, 0.200000, 0.470000, -9.810000, 6.000000, 0.000000, 0.000000, 0.000000, 10.000000, -1.000000, 1.000000, -1.000000, 0.100000, 0.000100, 1.000000, 0.001000, 0.000010, 0.000000, 0.000000, 0.950000, 0.000000, 6.860763, -0.000000, 54.823453, 0.000000, -3.503280, 0.000000, -16.033992, 1000, 0.000100, -1.000000, -1.000000, 0.100000, 0.000100, 5.000000, 1.000000, 0.001000, 0.000010, 0.000000, 0.000000, 0.950000, 5.000000, 0.000000, -15.999159, -0.000000, 54.995795, 1000, 0.000100, 2.000000, -1.000000, -1.000000, 0.100000, 0.000100, 1.000000, 0.001000, 0.000010, 0.000000, 0.000000, 0.950000, 0.000000, -3.466954, 0.000000, 6.933907, 1000
9.77, 0.000100, 0.200000, 0.470000, -9.810000, 6.000000, 0.000000, 0.000000, 0.000000, 10.000000, -1.000000, 1.000000, -1.000000, 0.100000, 0.000100, 1.000000, 0.001000, 0.000010, 0.000000, 0.000000, 0.950000, 0.000000, 6.933907, -0.000000, 54.995795, 0.000000, -3.539359, 0.000000, -16.069187, 1000, 0.000100, -1.000000, -1.000000, 0.100000, 0.000100, 5.000000, 1.000000, 0.001000, 0.000010, 0.000000, 0.000000, 0.950000, 5.000000, 0.000000, -16.033992, -0.000000, 55.169960, 1000, 0.000100, 2.000000, -1.000000, -1.000000, 0.100000, 0.000100, 1.000000, 0.001000, 0.000010, 0.000000, 0.000000, 0.950000, 0.000000, -3.503280, 0.000000, 7.006560, 1000
9.78, 0.000100, 0.200000, 0.470000, -9.810000, 6.000000, 0.000000, 0.000000, 0.000000, 10.000000, -1.000000, 1.000000, -1.000000, 0.100000, 0.000100, 1.000000, 0.001000, 0.000010, 0.000000, 0.000000, 0.950000, 0.000000, 7.006560, -0.000000, 55.169960, 0.000000, -3.575189, 0.000000, -16.104742, 1000, 0.000100, -1.000000, -1.000000, 0.100000, 0.000100, 5.000000, 1.000000, 0.001000, 0.000010, 0.000000, 0.000000, 0.950000, 5.000000, 0.000000, -16.069187, -0.000000, 55.345936, 1000, 0.000100, 2.000000, -1.000000, -1.000000, 0.100000, 0.000100, 1.000000, 0.001000, 0.000010, 0.000000, 0.000000, 0.950000, 0.000000, -3.539359, 0.000000, 7.078717, 1000
9.79, 0.000100, 0.200000, 0.470000, -9.810000, 6.000000, 0.000000, 0.000000, 0.000000, 10.000000, -1.000000, 1.000000, -1.000000, 0.100000, 0.000100, 1.000000, 0.001000, 0.000010, 0.000000, 0.000000, 0.950000, 0.000000, 7.078717, -0.000000, 55.345936, 0.000000, -3.610769, 0.000000, -16.140654, 1000, 0.000100, -1.000000, -1.000000, 0.100000, 0.000100, 5.000000, 1.000000, 0.001000, 0.000010, 0.000000, 0.000000, 0.950000, 5.000000, 0.000000, -16.104742, -0.000000, 55.523710, 1000, 0.000100, 2.000000, -1.000000, -1.000000, 0.100000, 0.000100, 1.000000, 0.001000, 0.000010, 0.000000, 0.000000, 0.950000, 0.000000, -3.575189, 0.000000, 7.150378, 1000
9.8, 0.000100, 0.200000, 0.470000, -9.810000, 6.000000, 0.000000, 0.000000, 0.000000, 10.000000, -1.000000, 1.000000, -1.000000, 0.100000, 0.000100, 1.000000, 0.001000, 0.000010, 0.000000, 0.000000, 0.950000, 0.000000, 7.150378, -0.000000, 55.523710, 0.000000, -3.646098, 0.000000, -16.176921, 1000, 0.000100, -1.000000, -1.000000, 0.100000, 0.000100, 5.000000, 1.000000, 0.001000, 0.000010, 0.000000, 0.000000, 0.950000, 5.000000, 0.000000, -16.140654, -0.000000, 55.703270, 1000, 0.000100, 2.000000, -1.000000, -1.000000, 0.100000, 0.000100, 1.000000, 0.001000, 0.000010, 0.000000, 0.000000, 0.950000, 0.000000, -3.610769, 0.000000, 7.221538, 1000
9.81, 0.000100, 0.200000, 0.470000, -9.810000, 6.000000, 0.000000, 0.000000, 0.000000, 10.000000, -1.000000, 1.000000, -1.000000, 0.100000, 0.000100, 1.000000, 0.001000, 0.000010, 0.000000, 0.000000, 0.950000, 0.000000, 7.221538, -0.000000, 55.703270, 0.000000, -3.681174, 0.000000, -16.213540, 1000, 0.000100, -1.000000, -1.000000, 0.100000, 0.000100, 5.000000, 1.000000, 0.001000, 0.000010, 0.000000, 0.000000, 0.950000, 5.000000, 0.000000, -16.176921, -0.000000, 55.884604, 1000, 0.000100, 2.000000, -1.000000, -1.000000, 0.100000, 0.000100, 1.000000, 0.001000, 0.000010, 0.000000, 0.000000, 0.950000, 0.000000, -3.646098, 0.000000, 7.292195, 1000
9.82, 0.000100, 0.200000, 0.470000, -9.810000, 6.000000, 0.000000, 0.000000, 0.000000, 10.000000, -1.000000, 1.000000, -1.000000, 0.100000, 0.000100, 1.000000, 0.001000, 0.000010, 0.000000, 0.000000, 0.950000, 0.000000, 7.292195, -0.000000, 55.884604, 0.000000, -3.715996, 0.000000, -16.250508, 1000, 0.000100, -1.000000, -1.000000, 0.100000, 0.000100, 5.000000, 1.000000, 0.001000, 0.000010, 0.000000, 0.000000, 0.950000, 5.000000, 0.000000, -16.213540, -0.000000, 56.067698, 1000, 0.000100, 2.000000, -1.000000, -1.000000, 0.100000, 0.000100, 1.000000, 0.001000, 0.000010, 0.000000, 0.000000, 0.950000, 0.000000, -3.681174, 0.000000, 7.362348, 1000
9.83, 0.000100, 0.200000, 0.470000, -9.810000, 6.000000, 0.000000, 0.000000, 0.000000, 10.000000, -1.000000, 1.000000, -1.000000, 0.100000, 0.000100, 1.000000, 0.001000, 0.000010, 0.000000, 0.000000, 0.950000, 0.000000, 7.362348, -0.000000, 56.067698, 0.000000, -3.750563, 0.000000, -16.287823, 1000, 0.000100, -1.000000, -1.000000, 0.100000, 0.000100, 5.000000, 1.000000, 0.001000, 0.000010, 0.000000, 0.000000, 0.950000, 5.000000, 0.000000, -16.250508, -0.000000, 56.252540, 1000, 0.000100, 2.000000, -1.000000, -1.000000, 0.100000, 0.000100, 1.000000, 0.001000, 0.000010, 0.000000, 0.000000, 0.950000, 0.000000, -3.715996, 0.000000, 7.431992, 1000
9.84, 0.000100, 0.200000, 0.470000, -9.810000, 6.000000, 0.000000, 0.000000, 0.000000, 10.000000, -1.000000, 1.000000, -1.000000, 0.100000, 0.000100, 1.000000, 0.001000, 0.000010, 0.000000, 0.000000, 0.950000, 0.000000, 7.431992, -0.000000, 56.252540, 0.000000, -3.784874, 0.000000, -16.325484, 1000, 0.000100, -1.000000, -1.000000, 0.100000, 0.000100, 5.000000, 1.000000, 0.001000, 0.000010, 0.000000, 0.000000, 0.950000, 5.000000, 0.000000, -16.287823, -0.000000, 56.439117, 1000, 0.000100, 2.000000, -1.000000, -1.000000, 0.100000, 0.000100, 1.000000, 0.001000, 0.000010, 0.000000, 0.000000, 0.950000, 0.000000, -3.750563, 0.000000, 7.501127, 1000
9.85, 0.000100, 0.200000, 0.470000, -9.810000, 6.000000, 0.000000, 0.000000, 0.000000, 10.000000, -1.000000, 1.000000, -1.000000, 0.100000, 0.000100, 1.000000, 0.001000, 0.000010, 0.000000, 0.000000, 0.950000, 0.000000, 7.501127, -0.000000, 56.439117, 0.000000, -3.818927, 0.000000, -16.363485, 1000, 0.000100, -1.000000, -1.000000, 0.100000, 0.000100, 5.000000, 1.000000, 0.001000, 0.000010, 0.000000, 0.000000, 0.950000, 5.000000, 0.000000, -16.325484, -0.000000, 56.627418, 1000, 0.000100, 2.000000, -1.000000, -1.000000, 0.100000, 0.000100, 1.000000, 0.001000, 0.000010, 0.000000, 0.000000, 0.950000, 0.000000, -3.784874, 0.000000, 7.569748, 1000
9.86, 0.000100, 0.200000, 0.470000, -9.810000, 6.000000, 0.000000, 0.000000, 0.000000, 10.000000, -1.000000, 1.000000, -1.000000, 0.100000, 0.000100, 1.000000, 0.001000, 0.000010, 0.000000, 0.000000, 0.950000, 0.000000, 7.569748, -0.000000, 56.627418, 0.000000, -3.852722, 0.000000, -16.401827, 1000, 0.000100, -1.000000, -1.000000, 0.100000, 0.000100, 5.000000, 1.000000, 0.001000, 0.000010, 0.000000, 0.000000, 0.950000, 5.000000, 0.000000, -16.363485, -0.000000, 56.817427, 1000, 0.000100, 2.000000, -1.000000, -1.000000, 0.100000, 0.000100, 1.000000, 0.001000, 0.000010, 0.000000, 0.000000, 0.950000, 0.000000, -3.818927, 0.000000, 7.637854, 1000
9.87, 0.000100, 0.200000, 0.470000, -9.810000, 6.000000, 0.000000, 0.000000, 0.000000, 10.000000, -1.000000, 1.000000, -1.000000, 0.100000, 0.000100, 1.000000, 0.001000, 0.000010, 0.000000, 0.000000, 0.950000, 0.000000, 7.637854, -0.000000, 56.817427, 0.000000, -3.886256, 0.000000, -16.440505, 1000, 0.000100, -1.000000, -1.000000, 0.100000, 0.000100, 5.000000, 1.000000, 0.001000, 0.000010, 0.000000, 0.000000, 0.950000, 5.000000, 0.000000, -16.401827, -0.000000, 57.009134, 1000, 0.000100, 2.000000, -1.000000, -1.000000, 0.100000, 0.000100, 1.000000, 0.001000, 0.000010, 0.000000, 0.000000, 0.950000, 0.000000, -3.852722, 0.000000, 7.705443, 1000
9.88, 0.000100, 0.200000, 0.470000, -9.810000, 6.000000, 0.000000, 0.000000, 0.000000, 10.000000, -1.000000, 1.000000, -1.000000, 0.100000, 0.000100, 1.000000, 0.001000, 0.000010, 0.000000, 0.000000, 0.950000, 0.000000, 7.705443, -0.000000, 57.009134, 0.000000, -3.919529, 0.000000, -16.479517, 1000, 0.000100, -1.000000, -1.000000, 0.100000, 0.000100, 5.000000, 1.000000, 0.001000, 0.000010, 0.000000, 0.000000, 0.950000, 5.000000, 0.000000, -16.440505, -0.000000, 57.202525, 1000, 0.000100, 2.000000, -1.000000, -1.000000, 0.100000, 0.000100, 1.000000, 0.001000, 0.000010, 0.000000, 0.000000, 0.950000, 0.000000, -3.886256, 0.000000, 7.772512, 1000
9.89, 0.000100, 0.200000, 0.470000, -9.810000, 6.000000, 0.000000, 0.000000, 0.000000, 10.000000, -1.000000, 1.000000, -1.000000, 0.100000, 0.000100, 1.000000, 0.001000, 0.000010, 0.000000, 0.000000, 0.950000, 0.000000, 7.772512, -0.000000, 57.202525, 0.000000, -3.952540, 0.000000, -16.518861, 1000, 0.000100, -1.000000, -1.000000, 0.100000, 0.000100, 5.000000, 1.000000, 0.001000, 0.000010, 0.000000, 0.000000, 0.950000, 5.000000, 0.000000, -16.479517, -0.000000, 57.397586, 1000, 0.000100, 2.000000, -1.000000, -1.000000, 0.100000, 0.000100, 1.000000, 0.001000, 0.000010, 0.000000, 0.000000, 0.950000, 0.000000, -3.919529, 0.000000, 7.839058, 1000
9.9, 0.000100, 0.200000, 0.470000, -9.810000, 6.000000, 0.000000, 0.000000, 0.000000, 10.000000, -1.000000, 1.000000, -1.000000, 0.100000, 0.000100, 1.000000, 0.001000, 0.000010, 0.000000, 0.000000, 0.950000, 0.000000, 7.839058, -0.000000, 57.397586, 0.000000, -3.985287, 0.000000, -16.558534, 1000, 0.000100, -1.000000, -1.000000, 0.100000, 0.000100, 5.000000, 1.000000, 0.001000, 0.000010, 0.000000, 0.000000, 0.950000, 5.000000, 0.000000, -16.518861, -0.000000, 57.594305, 1000, 0.000100, 2.000000, -1.000000, -1.000000, 0.100000, 0.000100, 1.000000, 0.001000, 0.000010, 0.000000, 0.000000, 0.950000, 0.000000, -3.952540, 0.000000, 7.905079, 1000
9.91, 0.000100, 0.200000, 0.470000, -9.810000, 6.000000, 0.000000, 0.000000, 0.000000, 10.000000, -1.000000, 1.000000, -1.000000, 0.100000, 0.000100, 1.000000, 0.001000, 0.000010, 0.000000, 0.000000, 0.950000, 0.000000, 7.905079, -0.000000, 57.594305, 0.000000, -4.017769, 0.000000, -16.598533, 1000, 0.000100, -1.000000, -1.000000, 0.100000, 0.000100, 5.000000, 1.000000, 0.001000, 0.000010, 0.000000, 0.000000, 0.950000, 5.000000, 0.000000, -16.558534, -0.000000, 57.792669, 1000, 0.000100, 2.000000, -1.000000, -1.000000, 0.100000, 0.000100, 1.000000, 0.001000, 0.000010, 0.000000, 0.000000, 0.950000, 0.000000, -3.985287, 0.000000, 7.970573, 1000
9.92, 0.000100, 0.200000, 0.470000, -9.810000, 6.000000, 0.000000, 0.000000, 0.000000, 10.000000, -1.000000, 1.000000, -1.000000, 0.100000, 0.000100, 1.000000, 0.001000, 0.000010, 0.000000, 0.000000, 0.950000, 0.000000, 7.970573, -0.000000, 57.792669, 0.000000, -4.049986, 0.000000, -16.638856, 1000, 0.000100, -1.000000, -1.000000, 0.100000, 0.000100, 5.000000, 1.000000, 0.001000, 0.000010, 0.000000, 0.000000, 0.950000, 5.000000, 0.000000, -16.598533, -0.000000, 57.992664, 1000, 0.000100, 2.000000, -1.000000, -1.000000, 0.100000, 0.000100, 1.000000, 0.001000, 0.000010, 0.000000, 0.000000, 0.950000, 0.000000, -4.017769, 0.000000, 8.035538, 1000
9.93, 0.000100, 0.200000, 0.470000, -9.810000, 6.000000, 0.000000, 0.000000, 0.000000, 10.000000, -1.000000, 1.000000, -1.000000, 0.100000, 0.000100, 1.000000, 0.001000, 0.000010, 0.000000, 0.000000, 0.950000, 0.000000, 8.035538, -0.000000, 57.992664, 0.000000, -4.081936, 0.000000, -16.679499, 1000, 0.000100, -1.000000, -1.000000, 0.100000, 0.000100, 5.000000, 1.000000, 0.001000, 0.000010, 0.000000, 0.000000, 0.950000, 5.000000, 0.000000, -16.638856, -0.000000, 58.194278, 1000, 0.000100, 2.000000, -1.000000, -1.000000, 0.100000, 0.000100, 1.000000, 0.001000, 0.000010, 0.000000, 0.000000, 0.950000, 0.000000, -4.049986, 0.000000, 8.099972, 1000
9.94, 0.000100, 0.200000, 0.470000, -9.810000, 6.000000, 0.000000, 0.000000, 0.000000, 10.000000, -1.000000, 1.000000, -1.000000, 0.100000, 0.000100, 1.000000, 0.001000, 0.000010, 0.000000, 0.000000, 0.950000, 0.000000, 8.099972, -0.000000, 58.194278, 0.000000, -4.113618, 0.000000, -16.720461, 1000, 0.000100, -1.000000, -1.000000, 0.100000, 0.000100, 5.000000, 1.000000, 0.001000, 0.000010, 0.000000, 0.000000, 0.950000, 5.000000, 0.000000, -16.679499, -0.000000, 58.397496, 1000, 0.000100, 2.000000, -1.000000, -1.000000, 0.100000, 0.000100, 1.000000, 0.001000, 0.000010, 0.000000, 0.000000, 0.950000, 0.000000, -4.081936, 0.000000, 8.163872, 1000
9.95, 0.000100, 0.200000, 0.470000, -9.810000, 6.000000, 0.000000, 0.000000, 0.000000, 10.000000, -1.000000, 1.000000, -1.000000, 0.100000, 0.000100, 1.000000, 0.001000, 0.000010, 0.000000, 0.000000, 0.950000, 0.000000, 8.163872, -0.000000, 58.397496, 0.000000, -4.145030, 0.000000, -16.761739, 1000, 0.000100, -1.000000, -1.000000, 0.100000, 0.000100, 5.000000, 1.000000, 0.001000, 0.000010, 0.000000, 0.000000, 0.950000, 5.000000, 0.000000, -16.720461, -0.000000, 58.602306, 1000, 0.000100, 2.000000, -1.000000, -1.000000, 0.100000, 0.000100, 1.000000, 0.001000, 0.000010, 0.000000, 0.000000, 0.950000, 0.000000, -4.113618, 0.000000, 8.227235, 1000
9.96, 0.000100, 0.200000, 0.470000, -9.810000, 6.000000, 0.000000, 0.000000, 0.000000, 10.000000, -1.000000, 1.000000, -1.000000, 0.100000, 0.000100, 1.000000, 0.001000, 0.000010, 0.000000, 0.000000, 0.950000, 0.000000, 8.227235, -0.000000, 58.602306, 0.000000, -4.176173, 0.000000, -16.803329, 1000, 0.000100, -1.000000, -1.000000, 0.100000, 0.000100, 5.000000, 1.000000, 0.001000, 0.000010, 0.000000, 0.000000, 0.950000, 5.000000, 0.000000, -16.761739, -0.000000, 58.808693, 1000, 0.000100, 2.000000, -1.000000, -1.000000, 0.100000, 0.000100, 1.000000, 0.001000, 0.000010, 0.000000, 0.000000, 0.950000, 0.000000, -4.145030, 0.000000, 8.290061, 1000
9.97, 0.000100, 0.200000, 0.470000, -9.810000, 6.000000, 0.000000, 0.000000, 0.000000, 10.000000, -1.000000, 1.000000, -1.000000, 0.100000, 0.000100, 1.000000, 0.001000, 0.000010, 0.000000, 0.000000, 0.950000, 0.000000, 8.290061, -0.000000, 58.808693, 0.000000, -4.207045, 0.000000, -16.845230, 1000, 0.000100, -1.000000, -1.000000, 0.100000, 0.000100, 5.000000, 1.000000, 0.001000, 0.000010, 0.000000, 0.000000, 0.950000, 5.000000, 0.000000, -16.803329, -0.000000, 59.016646, 1000, 0.000100, 2.000000, -1.000000, -1.000000, 0.100000, 0.000100, 1.000000, 0.001000, 0.000010, 0.000000, 0.000000, 0.950000, 0.000000, -4.176173, 0.000000, 8.352346, 1000
9.98, 0.000100, 0.200000, 0.470000, -9.810000, 6.000000, 0.000000, 0.000000, 0.000000, 10.000000, -1.000000, 1.000000, -1.000000, 0.100000, 0.000100, 1.000000, 0.001000, 0.000010, 0.000000, 0.000000, 0.950000, 0.000000, 8.352346, -0.000000, 59.016646, 0.000000, -4.237644, 0.000000, -16.887438, 1000, 0.000100, -1.000000, -1.000000, 0.100000, 0.000100, 5.000000, 1.000000, 0.001000, 0.000010, 0.000000, 0.000000, 0.950000, 5.000000, 0.000000, -16.845230, -0.000000, 59.226149, 1000, 0.000100, 2.000000, -1.000000, -1.000000, 0.100000, 0.000100, 1.000000, 0.001000, 0.000010, 0.000000, 0.000000, 0.950000, 0.000000, -4.207045, 0.000000, 8.414090, 1000
9.99, 0.000100, 0.200000, 0.470000, -9.810000, 6.000000, 0.000000, 0.000000, 0.000000, 10.000000, -1.000000, 1.000000, -1.000000, 0.100000, 0.000100, 1.000000, 0.001000, 0.000010, 0.000000, 0.000000, 0.950000, 0.000000, 8.414090, -0.000000, 59.226149, 0.000000, -4.267971, 0.000000, -16.929951, 1000, 0.000100, -1.000000, -1.000000, 0.100000, 0.000100, 5.000000, 1.000000, 0.001000, 0.000010, 0.000000, 0.000000, 0.950000, 5.000000, 0.000000, -16.887438, -0.000000, 59.437190, 1000, 0.000100, 2.000000, -1.000000, -1.000000, 0.100000, 0.000100, 1.000000, 0.001000, 0.000010, 0.000000, 0.000000, 0.950000, 0.000000, -4.237644, 0.000000, 8.475289, 1000
10, 0.000100, 0.200000, 0.470000, -9.810000, 6.000000, 0.000000, 0.000000, 0.000000, 10.000000, -1.000000, 1.000000, -1.000000, 0.100000, 0.000100, 1.000000, 0.001000, 0.000010, 0.000000, 0.000000, 0.950000, 0.000000, 8.475289, -0.000000, 59.437190, 0.000000, -4.298023, 0.000000, -16.972766, 1000, 0.000100, -1.000000, -1.000000, 0.100000, 0.000100, 5.000000, 1.000000, 0.001000, 0.000010, 0.000000, 0.000000, 0.950000, 5.000000, 0.000000, -16.929951, -0.000000, 59.649754, 1000, 0.000100, 2.000000, -1.000000, -1.000000, 0.100000, 0.000100, 1.000000, 0.001000, 0.000010, 0.000000, 0.000000, 0.950000, 0.000000, -4.267971, 0.000000, 8.535941, 1000
