time, slave::Switch.Ground1.p.u[REAL], slave::HeatCapacity1.p.T[REAL], slave::Ground.p1.u[REAL], slave::Switch.Ground1.p1.u[REAL], slave::Ground.p2.u[REAL], slave::Ramp.stop_time[REAL], slave::Switch.Ground1.p.i[REAL], slave::Ground.p1.i[REAL], slave::Switch.Ground1.p1.i[REAL], slave::Ground.p2.i[REAL], slave::HeatCapacity1.E[REAL], slave::Switch.Node1.p2.u[REAL], slave::HeatCapacity1.p1.T[REAL], slave::Switch.Resistance12.vt[REAL], slave::Ground.p.u[REAL], slave::Ground.p.i[REAL], slave::Thermistor.alpha[REAL], slave::HeatCapacity1.p2.T[REAL], slave::Ramp.slope[REAL], slave::ThermalConductor.p_low.dQ[REAL], slave::HeatCapacity1.p3.T[REAL], slave::Switch.Ground2.p.i[REAL], slave::HeatCapacity1.p1.dQ[REAL], slave::Switch.R1.p.u[REAL], slave::HeatCapacity1.p2.dQ[REAL], slave::HeatCapacity1.p3.dQ[REAL], slave::HeatCapacity1.C[REAL], slave::Switch.Ground2.p1.u[REAL], slave::HeatCapacity1.T0[REAL], slave::Switch.Ground2.p.u[REAL], slave::Switch.input[REAL], slave::OnOffController.input[REAL], slave::OnOffController.output[REAL], slave::Switch.R1.p_low.u[REAL], slave::OnOffController.reference[REAL], slave::OnOffController.bandwidth[REAL], slave::Switch.Resistance12.Roff[REAL], slave::Switch.Node1.p1.i[REAL], slave::Ramp.output[REAL], slave::Switch.Node2.p3.i[REAL], slave::ZeroJunction.p1.dQ[REAL], slave::Ramp.start_time[REAL], slave::Splitter2.output1[REAL], slave::Switch.Node2.p2.i[REAL], slave::Ramp.offset[REAL], slave::Switch.Node2.p1.u[REAL], slave::Splitter2.output2[REAL], slave::Splitter1.input[REAL], slave::Splitter1.output1[REAL], slave::Splitter1.output2[REAL], slave::Switch.R1.p_high.i[REAL], slave::ThermalConductor.p_high.T[REAL], slave::Splitter2.input[REAL], slave::Switch.R1.R[REAL], slave::Switch.Ground2.p1.i[REAL], slave::Switch.Node1.p1.u[REAL], slave::Switch.Node1.p3.u[REAL], slave::Switch.Node1.p2.i[REAL], slave::Switch.Node2.p2.u[REAL], slave::Switch.Node2.p3.u[REAL], slave::Switch.Node2.p1.i[REAL], slave::Switch.R1.p.i[REAL], slave::Switch.R1.p_high.u[REAL], slave::Switch.R1.p_low.i[REAL], slave::Switch.R2.p.u[REAL], slave::Switch.R2.p.i[REAL], slave::Switch.R2.p_high.u[REAL], slave::Switch.R2.p_high.i[REAL], slave::Switch.R2.p_low.u[REAL], slave::Switch.R2.p_low.i[REAL], slave::Switch.R2.R[REAL], slave::Switch.Resistance12.p.u[REAL], slave::Switch.Resistance12.p.i[REAL], slave::Switch.Resistance12.p_high.u[REAL], slave::Switch.Resistance12.p_high.i[REAL], slave::Switch.Resistance12.p_low.u[REAL], slave::Switch.Resistance12.p_low.i[REAL], slave::Switch.Resistance12.input[REAL], slave::Switch.Resistance12.Ron[REAL], slave::Switch.Resistance12.R[REAL], slave::Thermistor.R[REAL], slave::Switch.p2.u[REAL], slave::Switch.p2.i[REAL], slave::Switch.p1.u[REAL], slave::Switch.p1.i[REAL], slave::TemperatureSource.p.T[REAL], slave::TemperatureSource.p.dQ[REAL], slave::Thermistor.p_th.dQ[REAL], slave::TemperatureSource.T[REAL], slave::ThermalConductor.p.T[REAL], slave::ThermalConductor.p.dQ[REAL], slave::ThermalConductor.p_high.dQ[REAL], slave::ThermalConductor.p_low.T[REAL], slave::ThermalConductor.G[REAL], slave::Thermistor.p_el.u[REAL], slave::Thermistor.p_el.i[REAL], slave::Thermistor.p_el_high.u[REAL], slave::Thermistor.p_el_high.i[REAL], slave::Thermistor.p_el_low.u[REAL], slave::Thermistor.p_el_low.i[REAL], slave::Thermistor.p_th.T[REAL], slave::Thermistor.R_ref[REAL], slave::Thermistor.T_ref[REAL], slave::VoltageSource.p.u[REAL], slave::VoltageSource.p.i[REAL], slave::VoltageSource.p_high.u[REAL], slave::VoltageSource.p_high.i[REAL], slave::VoltageSource.p_low.u[REAL], slave::VoltageSource.p_low.i[REAL], slave::VoltageSource.U[REAL], slave::ZeroJunction.effort[REAL], slave::ZeroJunction.p1.T[REAL], slave::Temperature_Reference[REAL], slave::Temperature_Room[REAL], slave::HeatCapacity1.p.dQ[REAL], slave::HeatCapacity1.p.dQ_int[REAL], slave::HeatCapacity1.p.dQ_int_initial[REAL], slave::Switch.Node1.p3.i[REAL], slave::OnOffController.currentState[BOOL], slave::OnOffController.newState[BOOL]
0, 0.000000, 298.000000, 0.000000, 0.000000, 0.000000, 16.000000, 0.000002, 0.000100, 0.000002, 0.000102, 29.800000, 0.001019, 298.000000, 0.500000, 0.000000, -0.000002, 0.004000, 298.000000, 4.166670, -0.485000, 298.000000, 0.000000, -0.485000, 10.000000, 0.000000, 0.000000, 0.100000, 0.000000, 298.000000, 0.000000, 0.000000, 298.000000, 0.000000, 0.000000, 298.150000, 2.000000, 100000.000000, 0.000100, 298.150000, 0.000102, 0.000000, 8.000000, 298.000000, 0.000100, 298.150000, 10.000000, 298.000000, 298.150000, 298.150000, 298.150000, 0.000002, 293.150000, 298.000000, 5000000.000000, 0.000000, 0.001019, 0.001019, 0.000000, 10.000000, 10.000000, 0.000002, 0.000002, 10.000000, 0.000002, 0.001019, 0.000000, 0.001019, 0.000000, 0.000000, 0.000000, 5000000.000000, 9.998981, 0.000100, 10.000000, 0.000100, 0.001019, 0.000100, 0.000000, 0.000010, 100000.000000, 10.194000, 0.001019, 0.000100, 10.000000, 0.000102, 293.150000, -0.485000, 0.000000, 293.150000, -4.850000, -0.485000, -0.485000, 298.000000, 0.100000, 0.001019, 0.000100, 0.001019, 0.000100, 0.000000, 0.000100, 298.000000, 10.000000, 293.150000, 10.000000, 0.000102, 10.000000, 0.000102, 0.000000, 0.000102, 10.000000, 298.000000, 298.000000, 25.000000, 24.850000, -0.485000, 0.000000, 0.000000, 0.000100, 0, 0
0.02, 0.000000, 297.903964, 0.000000, 0.000000, 0.000000, 16.000000, 0.000002, 0.000100, 0.000002, 0.000102, 29.790396, 0.001019, 297.903964, 0.500000, 0.000000, -0.000002, 0.004000, 297.903964, 4.166670, -0.475396, 297.903964, 0.000000, -0.475396, 10.000000, 0.000000, 0.000000, 0.100000, 0.000000, 298.000000, 0.000000, 0.000000, 297.903964, 0.000000, 0.000000, 298.150000, 2.000000, 100000.000000, 0.000100, 298.150000, 0.000102, 0.000000, 8.000000, 297.903964, 0.000100, 298.150000, 10.000000, 297.903964, 298.150000, 298.150000, 298.150000, 0.000002, 293.150000, 297.903964, 5000000.000000, 0.000000, 0.001019, 0.001019, 0.000000, 10.000000, 10.000000, 0.000002, 0.000002, 10.000000, 0.000002, 0.001019, 0.000000, 0.001019, 0.000000, 0.000000, 0.000000, 5000000.000000, 9.998981, 0.000100, 10.000000, 0.000100, 0.001019, 0.000100, 0.000000, 0.000010, 100000.000000, 10.190159, 0.001019, 0.000100, 10.000000, 0.000102, 293.150000, -0.475396, 0.000000, 293.150000, -4.753964, -0.475396, -0.475396, 297.903964, 0.100000, 0.001019, 0.000100, 0.001019, 0.000100, 0.000000, 0.000100, 297.903964, 10.000000, 293.150000, 10.000000, 0.000102, 10.000000, 0.000102, 0.000000, 0.000102, 10.000000, 297.903964, 297.903964, 25.000000, 24.753964, -0.475396, -0.009604, 0.000000, 0.000100, 0, 0
0.04, 0.000000, 297.809829, 0.000000, 0.000000, 0.000000, 16.000000, 0.000002, 0.000100, 0.000002, 0.000102, 29.780983, 0.001019, 297.809829, 0.500000, 0.000000, -0.000002, 0.004000, 297.809829, 4.166670, -0.465983, 297.809829, 0.000000, -0.465983, 10.000000, 0.000000, 0.000000, 0.100000, 0.000000, 298.000000, 0.000000, 0.000000, 297.809829, 0.000000, 0.000000, 298.150000, 2.000000, 100000.000000, 0.000100, 298.150000, 0.000102, 0.000000, 8.000000, 297.809829, 0.000100, 298.150000, 10.000000, 297.809829, 298.150000, 298.150000, 298.150000, 0.000002, 293.150000, 297.809829, 5000000.000000, 0.000000, 0.001019, 0.001019, 0.000000, 10.000000, 10.000000, 0.000002, 0.000002, 10.000000, 0.000002, 0.001019, 0.000000, 0.001019, 0.000000, 0.000000, 0.000000, 5000000.000000, 9.998981, 0.000100, 10.000000, 0.000100, 0.001019, 0.000100, 0.000000, 0.000010, 100000.000000, 10.186393, 0.001019, 0.000100, 10.000000, 0.000102, 293.150000, -0.465983, 0.000000, 293.150000, -4.659829, -0.465983, -0.465983, 297.809829, 0.100000, 0.001019, 0.000100, 0.001019, 0.000100, 0.000000, 0.000100, 297.809829, 10.000000, 293.150000, 10.000000, 0.000102, 10.000000, 0.000102, 0.000000, 0.000102, 10.000000, 297.809829, 297.809829, 25.000000, 24.659829, -0.465983, -0.019017, 0.000000, 0.000100, 0, 0
0.06, 0.000000, 297.717558, 0.000000, 0.000000, 0.000000, 16.000000, 0.000002, 0.000100, 0.000002, 0.000102, 29.771756, 0.001018, 297.717558, 0.500000, 0.000000, -0.000002, 0.004000, 297.717558, 4.166670, -0.456756, 297.717558, 0.000000, -0.456756, 10.000000, 0.000000, 0.000000, 0.100000, 0.000000, 298.000000, 0.000000, 0.000000, 297.717558, 0.000000, 0.000000, 298.150000, 2.000000, 100000.000000, 0.000100, 298.150000, 0.000102, 0.000000, 8.000000, 297.717558, 0.000100, 298.150000, 10.000000, 297.717558, 298.150000, 298.150000, 298.150000, 0.000002, 293.150000, 297.717558, 5000000.000000, 0.000000, 0.001018, 0.001018, 0.000000, 10.000000, 10.000000, 0.000002, 0.000002, 10.000000, 0.000002, 0.001018, 0.000000, 0.001018, 0.000000, 0.000000, 0.000000, 5000000.000000, 9.998982, 0.000100, 10.000000, 0.000100, 0.001018, 0.000100, 0.000000, 0.000010, 100000.000000, 10.182702, 0.001018, 0.000100, 10.000000, 0.000102, 293.150000, -0.456756, 0.000000, 293.150000, -4.567558, -0.456756, -0.456756, 297.717558, 0.100000, 0.001018, 0.000100, 0.001018, 0.000100, 0.000000, 0.000100, 297.717558, 10.000000, 293.150000, 10.000000, 0.000102, 10.000000, 0.000102, 0.000000, 0.000102, 10.000000, 297.717558, 297.717558, 25.000000, 24.567558, -0.456756, -0.028244, 0.000000, 0.000100, 0, 0
0.08, 0.000000, 297.627114, 0.000000, 0.000000, 0.000000, 16.000000, 0.000002, 0.000100, 0.000002, 0.000102, 29.762711, 0.001018, 297.627114, 0.500000, 0.000000, -0.000002, 0.004000, 297.627114, 4.166670, -0.447711, 297.627114, 0.000000, -0.447711, 10.000000, 0.000000, 0.000000, 0.100000, 0.000000, 298.000000, 0.000000, 0.000000, 297.627114, 0.000000, 0.000000, 298.150000, 2.000000, 100000.000000, 0.000100, 298.150000, 0.000102, 0.000000, 8.000000, 297.627114, 0.000100, 298.150000, 10.000000, 297.627114, 298.150000, 298.150000, 298.150000, 0.000002, 293.150000, 297.627114, 5000000.000000, 0.000000, 0.001018, 0.001018, 0.000000, 10.000000, 10.000000, 0.000002, 0.000002, 10.000000, 0.000002, 0.001018, 0.000000, 0.001018, 0.000000, 0.000000, 0.000000, 5000000.000000, 9.998982, 0.000100, 10.000000, 0.000100, 0.001018, 0.000100, 0.000000, 0.000010, 100000.000000, 10.179085, 0.001018, 0.000100, 10.000000, 0.000102, 293.150000, -0.447711, 0.000000, 293.150000, -4.477114, -0.447711, -0.447711, 297.627114, 0.100000, 0.001018, 0.000100, 0.001018, 0.000100, 0.000000, 0.000100, 297.627114, 10.000000, 293.150000, 10.000000, 0.000102, 10.000000, 0.000102, 0.000000, 0.000102, 10.000000, 297.627114, 297.627114, 25.000000, 24.477114, -0.447711, -0.037289, 0.000000, 0.000100, 0, 0
0.1, 0.000000, 297.538462, 0.000000, 0.000000, 0.000000, 16.000000, 0.000002, 0.000100, 0.000002, 0.000102, 29.753846, 0.001017, 297.538462, 0.500000, 0.000000, -0.000002, 0.004000, 297.538462, 4.166670, -0.438846, 297.538462, 0.000000, -0.438846, 10.000000, 0.000000, 0.000000, 0.100000, 0.000000, 298.000000, 0.000000, 0.000000, 297.538462, 0.000000, 0.000000, 298.150000, 2.000000, 100000.000000, 0.000100, 298.150000, 0.000102, 0.000000, 8.000000, 297.538462, 0.000100, 298.150000, 10.000000, 297.538462, 298.150000, 298.150000, 298.150000, 0.000002, 293.150000, 297.538462, 5000000.000000, 0.000000, 0.001017, 0.001017, 0.000000, 10.000000, 10.000000, 0.000002, 0.000002, 10.000000, 0.000002, 0.001017, 0.000000, 0.001017, 0.000000, 0.000000, 0.000000, 5000000.000000, 9.998983, 0.000100, 10.000000, 0.000100, 0.001017, 0.000100, 0.000000, 0.000010, 100000.000000, 10.175538, 0.001017, 0.000100, 10.000000, 0.000102, 293.150000, -0.438846, 0.000000, 293.150000, -4.388462, -0.438846, -0.438846, 297.538462, 0.100000, 0.001017, 0.000100, 0.001017, 0.000100, 0.000000, 0.000100, 297.538462, 10.000000, 293.150000, 10.000000, 0.000102, 10.000000, 0.000102, 0.000000, 0.000102, 10.000000, 297.538462, 297.538462, 25.000000, 24.388462, -0.438846, -0.046154, 0.000000, 0.000100, 0, 0
0.12, 0.000000, 297.451564, 0.000000, 0.000000, 0.000000, 16.000000, 0.000002, 0.000100, 0.000002, 0.000102, 29.745156, 0.001017, 297.451564, 0.500000, 0.000000, -0.000002, 0.004000, 297.451564, 4.166670, -0.430156, 297.451564, 0.000000, -0.430156, 10.000000, 0.000000, 0.000000, 0.100000, 0.000000, 298.000000, 0.000000, 0.000000, 297.451564, 0.000000, 0.000000, 298.150000, 2.000000, 100000.000000, 0.000100, 298.150000, 0.000102, 0.000000, 8.000000, 297.451564, 0.000100, 298.150000, 10.000000, 297.451564, 298.150000, 298.150000, 298.150000, 0.000002, 293.150000, 297.451564, 5000000.000000, 0.000000, 0.001017, 0.001017, 0.000000, 10.000000, 10.000000, 0.000002, 0.000002, 10.000000, 0.000002, 0.001017, 0.000000, 0.001017, 0.000000, 0.000000, 0.000000, 5000000.000000, 9.998983, 0.000100, 10.000000, 0.000100, 0.001017, 0.000100, 0.000000, 0.000010, 100000.000000, 10.172063, 0.001017, 0.000100, 10.000000, 0.000102, 293.150000, -0.430156, 0.000000, 293.150000, -4.301564, -0.430156, -0.430156, 297.451564, 0.100000, 0.001017, 0.000100, 0.001017, 0.000100, 0.000000, 0.000100, 297.451564, 10.000000, 293.150000, 10.000000, 0.000102, 10.000000, 0.000102, 0.000000, 0.000102, 10.000000, 297.451564, 297.451564, 25.000000, 24.301564, -0.430156, -0.054844, 0.000000, 0.000100, 0, 0
0.14, 0.000000, 297.366388, 0.000000, 0.000000, 0.000000, 16.000000, 0.000002, 0.000100, 0.000002, 0.000102, 29.736639, 0.001017, 297.366388, 0.500000, 0.000000, -0.000002, 0.004000, 297.366388, 4.166670, -0.421639, 297.366388, 0.000000, -0.421639, 10.000000, 0.000000, 0.000000, 0.100000, 0.000000, 298.000000, 0.000000, 0.000000, 297.366388, 0.000000, 0.000000, 298.150000, 2.000000, 100000.000000, 0.000100, 298.150000, 0.000102, 0.000000, 8.000000, 297.366388, 0.000100, 298.150000, 10.000000, 297.366388, 298.150000, 298.150000, 298.150000, 0.000002, 293.150000, 297.366388, 5000000.000000, 0.000000, 0.001017, 0.001017, 0.000000, 10.000000, 10.000000, 0.000002, 0.000002, 10.000000, 0.000002, 0.001017, 0.000000, 0.001017, 0.000000, 0.000000, 0.000000, 5000000.000000, 9.998983, 0.000100, 10.000000, 0.000100, 0.001017, 0.000100, 0.000000, 0.000010, 100000.000000, 10.168656, 0.001017, 0.000100, 10.000000, 0.000102, 293.150000, -0.421639, 0.000000, 293.150000, -4.216388, -0.421639, -0.421639, 297.366388, 0.100000, 0.001017, 0.000100, 0.001017, 0.000100, 0.000000, 0.000100, 297.366388, 10.000000, 293.150000, 10.000000, 0.000102, 10.000000, 0.000102, 0.000000, 0.000102, 10.000000, 297.366388, 297.366388, 25.000000, 24.216388, -0.421639, -0.063361, 0.000000, 0.000100, 0, 0
0.16, 0.000000, 297.282898, 0.000000, 0.000000, 0.000000, 16.000000, 0.000002, 0.000100, 0.000002, 0.000102, 29.728290, 0.001016, 297.282898, 0.500000, 0.000000, -0.000002, 0.004000, 297.282898, 4.166670, -0.413290, 297.282898, 0.000000, -0.413290, 10.000000, 0.000000, 0.000000, 0.100000, 0.000000, 298.000000, 0.000000, 0.000000, 297.282898, 0.000000, 0.000000, 298.150000, 2.000000, 100000.000000, 0.000100, 298.150000, 0.000102, 0.000000, 8.000000, 297.282898, 0.000100, 298.150000, 10.000000, 297.282898, 298.150000, 298.150000, 298.150000, 0.000002, 293.150000, 297.282898, 5000000.000000, 0.000000, 0.001016, 0.001016, 0.000000, 10.000000, 10.000000, 0.000002, 0.000002, 10.000000, 0.000002, 0.001016, 0.000000, 0.001016, 0.000000, 0.000000, 0.000000, 5000000.000000, 9.998984, 0.000100, 10.000000, 0.000100, 0.001016, 0.000100, 0.000000, 0.000010, 100000.000000, 10.165316, 0.001016, 0.000100, 10.000000, 0.000102, 293.150000, -0.413290, 0.000000, 293.150000, -4.132898, -0.413290, -0.413290, 297.282898, 0.100000, 0.001016, 0.000100, 0.001016, 0.000100, 0.000000, 0.000100, 297.282898, 10.000000, 293.150000, 10.000000, 0.000102, 10.000000, 0.000102, 0.000000, 0.000102, 10.000000, 297.282898, 297.282898, 25.000000, 24.132898, -0.413290, -0.071710, 0.000000, 0.000100, 0, 0
0.18, 0.000000, 297.201061, 0.000000, 0.000000, 0.000000, 16.000000, 0.000002, 0.000100, 0.000002, 0.000102, 29.720106, 0.001016, 297.201061, 0.500000, 0.000000, -0.000002, 0.004000, 297.201061, 4.166670, -0.405106, 297.201061, 0.000000, -0.405106, 10.000000, 0.000000, 0.000000, 0.100000, 0.000000, 298.000000, 0.000000, 0.000000, 297.201061, 0.000000, 0.000000, 298.150000, 2.000000, 100000.000000, 0.000100, 298.150000, 0.000102, 0.000000, 8.000000, 297.201061, 0.000100, 298.150000, 10.000000, 297.201061, 298.150000, 298.150000, 298.150000, 0.000002, 293.150000, 297.201061, 5000000.000000, 0.000000, 0.001016, 0.001016, 0.000000, 10.000000, 10.000000, 0.000002, 0.000002, 10.000000, 0.000002, 0.001016, 0.000000, 0.001016, 0.000000, 0.000000, 0.000000, 5000000.000000, 9.998984, 0.000100, 10.000000, 0.000100, 0.001016, 0.000100, 0.000000, 0.000010, 100000.000000, 10.162042, 0.001016, 0.000100, 10.000000, 0.000102, 293.150000, -0.405106, 0.000000, 293.150000, -4.051061, -0.405106, -0.405106, 297.201061, 0.100000, 0.001016, 0.000100, 0.001016, 0.000100, 0.000000, 0.000100, 297.201061, 10.000000, 293.150000, 10.000000, 0.000102, 10.000000, 0.000102, 0.000000, 0.000102, 10.000000, 297.201061, 297.201061, 25.000000, 24.051061, -0.405106, -0.079894, 0.000000, 0.000100, 0, 0
0.2, 0.000000, 297.835763, 0.000000, 0.000000, 0.000000, 16.000000, 0.000002, 0.981601, 0.000002, 0.981605, 29.783576, 9.999990, 297.835763, 0.500000, 0.000000, -0.000004, 0.004000, 297.835763, 4.166670, -0.468576, 297.835763, 0.000002, -0.468576, 10.000000, 0.000000, 9.815999, 0.100000, 0.000000, 298.000000, 0.000000, 1.000000, 297.835763, 1.000000, 0.000000, 298.150000, 2.000000, 100000.000000, 0.981601, 298.150000, 0.981605, 0.000000, 8.000000, 297.835763, 0.981603, 298.150000, 10.000000, 297.835763, 298.150000, 298.150000, 298.150000, 0.000002, 293.150000, 297.835763, 5000000.000000, 0.000002, 9.999990, 9.999990, 0.000002, 10.000000, 10.000000, 0.000002, 0.000002, 10.000000, 0.000002, 9.999990, 0.000002, 9.999990, 0.000002, 0.000000, 0.000002, 5000000.000000, 0.000010, 0.981603, 10.000000, 0.981603, 9.999990, 0.981603, 1.000000, 0.000010, 0.000010, 10.187431, 9.999990, 0.981601, 10.000000, 0.981605, 293.150000, -0.468576, 9.815999, 293.150000, -4.685763, -0.468576, -0.468576, 297.835763, 0.100000, 9.999990, 0.981601, 9.999990, 0.981601, 0.000000, 0.981601, 297.835763, 10.000000, 293.150000, 10.000000, 0.981605, 10.000000, 0.981605, 0.000000, 0.981605, 10.000000, 297.835763, 297.835763, 25.000000, 24.685763, 9.347422, -0.016424, 0.000000, 0.981603, 1, 1
0.22, 0.000000, 299.115438, 0.000000, 0.000000, 0.000000, 16.000000, 0.000002, 0.000100, 0.000002, 0.000102, 29.911544, 0.001024, 299.115438, 0.500000, 0.000000, -0.000002, 0.004000, 299.115438, 4.166670, -0.596544, 299.115438, 0.000000, -0.596544, 10.000000, 0.000000, 0.000000, 0.100000, 0.000000, 298.000000, 0.000000, 0.000000, 299.115438, 0.000000, 0.000000, 298.150000, 2.000000, 100000.000000, 0.000100, 298.150000, 0.000102, 0.000000, 8.000000, 299.115438, 0.000100, 298.150000, 10.000000, 299.115438, 298.150000, 298.150000, 298.150000, 0.000002, 293.150000, 299.115438, 5000000.000000, 0.000000, 0.001024, 0.001024, 0.000000, 10.000000, 10.000000, 0.000002, 0.000002, 10.000000, 0.000002, 0.001024, 0.000000, 0.001024, 0.000000, 0.000000, 0.000000, 5000000.000000, 9.998976, 0.000100, 10.000000, 0.000100, 0.001024, 0.000100, 0.000000, 0.000010, 100000.000000, 10.238618, 0.001024, 0.000100, 10.000000, 0.000102, 293.150000, -0.596544, 0.000000, 293.150000, -5.965438, -0.596544, -0.596544, 299.115438, 0.100000, 0.001024, 0.000100, 0.001024, 0.000100, 0.000000, 0.000100, 299.115438, 10.000000, 293.150000, 10.000000, 0.000102, 10.000000, 0.000102, 0.000000, 0.000102, 10.000000, 299.115438, 299.115438, 25.000000, 25.965438, -0.596544, 0.111544, 0.000000, 0.000100, 0, 0
0.24, 0.000000, 298.997315, 0.000000, 0.000000, 0.000000, 16.000000, 0.000002, 0.000100, 0.000002, 0.000102, 29.899731, 0.001023, 298.997315, 0.500000, 0.000000, -0.000002, 0.004000, 298.997315, 4.166670, -0.584731, 298.997315, 0.000000, -0.584731, 10.000000, 0.000000, 0.000000, 0.100000, 0.000000, 298.000000, 0.000000, 0.000000, 298.997315, 0.000000, 0.000000, 298.150000, 2.000000, 100000.000000, 0.000100, 298.150000, 0.000102, 0.000000, 8.000000, 298.997315, 0.000100, 298.150000, 10.000000, 298.997315, 298.150000, 298.150000, 298.150000, 0.000002, 293.150000, 298.997315, 5000000.000000, 0.000000, 0.001023, 0.001023, 0.000000, 10.000000, 10.000000, 0.000002, 0.000002, 10.000000, 0.000002, 0.001023, 0.000000, 0.001023, 0.000000, 0.000000, 0.000000, 5000000.000000, 9.998977, 0.000100, 10.000000, 0.000100, 0.001023, 0.000100, 0.000000, 0.000010, 100000.000000, 10.233893, 0.001023, 0.000100, 10.000000, 0.000102, 293.150000, -0.584731, 0.000000, 293.150000, -5.847315, -0.584731, -0.584731, 298.997315, 0.100000, 0.001023, 0.000100, 0.001023, 0.000100, 0.000000, 0.000100, 298.997315, 10.000000, 293.150000, 10.000000, 0.000102, 10.000000, 0.000102, 0.000000, 0.000102, 10.000000, 298.997315, 298.997315, 25.000000, 25.847315, -0.584731, 0.099731, 0.000000, 0.000100, 0, 0
0.26, 0.000000, 298.881530, 0.000000, 0.000000, 0.000000, 16.000000, 0.000002, 0.000100, 0.000002, 0.000102, 29.888153, 0.001023, 298.881530, 0.500000, 0.000000, -0.000002, 0.004000, 298.881530, 4.166670, -0.573153, 298.881530, 0.000000, -0.573153, 10.000000, 0.000000, 0.000000, 0.100000, 0.000000, 298.000000, 0.000000, 0.000000, 298.881530, 0.000000, 0.000000, 298.150000, 2.000000, 100000.000000, 0.000100, 298.150000, 0.000102, 0.000000, 8.000000, 298.881530, 0.000100, 298.150000, 10.000000, 298.881530, 298.150000, 298.150000, 298.150000, 0.000002, 293.150000, 298.881530, 5000000.000000, 0.000000, 0.001023, 0.001023, 0.000000, 10.000000, 10.000000, 0.000002, 0.000002, 10.000000, 0.000002, 0.001023, 0.000000, 0.001023, 0.000000, 0.000000, 0.000000, 5000000.000000, 9.998977, 0.000100, 10.000000, 0.000100, 0.001023, 0.000100, 0.000000, 0.000010, 100000.000000, 10.229261, 0.001023, 0.000100, 10.000000, 0.000102, 293.150000, -0.573153, 0.000000, 293.150000, -5.731530, -0.573153, -0.573153, 298.881530, 0.100000, 0.001023, 0.000100, 0.001023, 0.000100, 0.000000, 0.000100, 298.881530, 10.000000, 293.150000, 10.000000, 0.000102, 10.000000, 0.000102, 0.000000, 0.000102, 10.000000, 298.881530, 298.881530, 25.000000, 25.731530, -0.573153, 0.088153, 0.000000, 0.000100, 0, 0
0.28, 0.000000, 298.768038, 0.000000, 0.000000, 0.000000, 16.000000, 0.000002, 0.000100, 0.000002, 0.000102, 29.876804, 0.001022, 298.768038, 0.500000, 0.000000, -0.000002, 0.004000, 298.768038, 4.166670, -0.561804, 298.768038, 0.000000, -0.561804, 10.000000, 0.000000, 0.000000, 0.100000, 0.000000, 298.000000, 0.000000, 0.000000, 298.768038, 0.000000, 0.000000, 298.150000, 2.000000, 100000.000000, 0.000100, 298.150000, 0.000102, 0.000000, 8.000000, 298.768038, 0.000100, 298.150000, 10.000000, 298.768038, 298.150000, 298.150000, 298.150000, 0.000002, 293.150000, 298.768038, 5000000.000000, 0.000000, 0.001022, 0.001022, 0.000000, 10.000000, 10.000000, 0.000002, 0.000002, 10.000000, 0.000002, 0.001022, 0.000000, 0.001022, 0.000000, 0.000000, 0.000000, 5000000.000000, 9.998978, 0.000100, 10.000000, 0.000100, 0.001022, 0.000100, 0.000000, 0.000010, 100000.000000, 10.224722, 0.001022, 0.000100, 10.000000, 0.000102, 293.150000, -0.561804, 0.000000, 293.150000, -5.618038, -0.561804, -0.561804, 298.768038, 0.100000, 0.001022, 0.000100, 0.001022, 0.000100, 0.000000, 0.000100, 298.768038, 10.000000, 293.150000, 10.000000, 0.000102, 10.000000, 0.000102, 0.000000, 0.000102, 10.000000, 298.768038, 298.768038, 25.000000, 25.618038, -0.561804, 0.076804, 0.000000, 0.000100, 0, 0
0.3, 0.000000, 298.656794, 0.000000, 0.000000, 0.000000, 16.000000, 0.000002, 0.000100, 0.000002, 0.000102, 29.865679, 0.001022, 298.656794, 0.500000, 0.000000, -0.000002, 0.004000, 298.656794, 4.166670, -0.550679, 298.656794, 0.000000, -0.550679, 10.000000, 0.000000, 0.000000, 0.100000, 0.000000, 298.000000, 0.000000, 0.000000, 298.656794, 0.000000, 0.000000, 298.150000, 2.000000, 100000.000000, 0.000100, 298.150000, 0.000102, 0.000000, 8.000000, 298.656794, 0.000100, 298.150000, 10.000000, 298.656794, 298.150000, 298.150000, 298.150000, 0.000002, 293.150000, 298.656794, 5000000.000000, 0.000000, 0.001022, 0.001022, 0.000000, 10.000000, 10.000000, 0.000002, 0.000002, 10.000000, 0.000002, 0.001022, 0.000000, 0.001022, 0.000000, 0.000000, 0.000000, 5000000.000000, 9.998978, 0.000100, 10.000000, 0.000100, 0.001022, 0.000100, 0.000000, 0.000010, 100000.000000, 10.220272, 0.001022, 0.000100, 10.000000, 0.000102, 293.150000, -0.550679, 0.000000, 293.150000, -5.506794, -0.550679, -0.550679, 298.656794, 0.100000, 0.001022, 0.000100, 0.001022, 0.000100, 0.000000, 0.000100, 298.656794, 10.000000, 293.150000, 10.000000, 0.000102, 10.000000, 0.000102, 0.000000, 0.000102, 10.000000, 298.656794, 298.656794, 25.000000, 25.506794, -0.550679, 0.065679, 0.000000, 0.000100, 0, 0
0.32, 0.000000, 298.547752, 0.000000, 0.000000, 0.000000, 16.000000, 0.000002, 0.000100, 0.000002, 0.000102, 29.854775, 0.001021, 298.547752, 0.500000, 0.000000, -0.000002, 0.004000, 298.547752, 4.166670, -0.539775, 298.547752, 0.000000, -0.539775, 10.000000, 0.000000, 0.000000, 0.100000, 0.000000, 298.000000, 0.000000, 0.000000, 298.547752, 0.000000, 0.000000, 298.150000, 2.000000, 100000.000000, 0.000100, 298.150000, 0.000102, 0.000000, 8.000000, 298.547752, 0.000100, 298.150000, 10.000000, 298.547752, 298.150000, 298.150000, 298.150000, 0.000002, 293.150000, 298.547752, 5000000.000000, 0.000000, 0.001021, 0.001021, 0.000000, 10.000000, 10.000000, 0.000002, 0.000002, 10.000000, 0.000002, 0.001021, 0.000000, 0.001021, 0.000000, 0.000000, 0.000000, 5000000.000000, 9.998979, 0.000100, 10.000000, 0.000100, 0.001021, 0.000100, 0.000000, 0.000010, 100000.000000, 10.215910, 0.001021, 0.000100, 10.000000, 0.000102, 293.150000, -0.539775, 0.000000, 293.150000, -5.397752, -0.539775, -0.539775, 298.547752, 0.100000, 0.001021, 0.000100, 0.001021, 0.000100, 0.000000, 0.000100, 298.547752, 10.000000, 293.150000, 10.000000, 0.000102, 10.000000, 0.000102, 0.000000, 0.000102, 10.000000, 298.547752, 298.547752, 25.000000, 25.397752, -0.539775, 0.054775, 0.000000, 0.000100, 0, 0
0.34, 0.000000, 298.440869, 0.000000, 0.000000, 0.000000, 16.000000, 0.000002, 0.000100, 0.000002, 0.000102, 29.844087, 0.001021, 298.440869, 0.500000, 0.000000, -0.000002, 0.004000, 298.440869, 4.166670, -0.529087, 298.440869, 0.000000, -0.529087, 10.000000, 0.000000, 0.000000, 0.100000, 0.000000, 298.000000, 0.000000, 0.000000, 298.440869, 0.000000, 0.000000, 298.150000, 2.000000, 100000.000000, 0.000100, 298.150000, 0.000102, 0.000000, 8.000000, 298.440869, 0.000100, 298.150000, 10.000000, 298.440869, 298.150000, 298.150000, 298.150000, 0.000002, 293.150000, 298.440869, 5000000.000000, 0.000000, 0.001021, 0.001021, 0.000000, 10.000000, 10.000000, 0.000002, 0.000002, 10.000000, 0.000002, 0.001021, 0.000000, 0.001021, 0.000000, 0.000000, 0.000000, 5000000.000000, 9.998979, 0.000100, 10.000000, 0.000100, 0.001021, 0.000100, 0.000000, 0.000010, 100000.000000, 10.211635, 0.001021, 0.000100, 10.000000, 0.000102, 293.150000, -0.529087, 0.000000, 293.150000, -5.290869, -0.529087, -0.529087, 298.440869, 0.100000, 0.001021, 0.000100, 0.001021, 0.000100, 0.000000, 0.000100, 298.440869, 10.000000, 293.150000, 10.000000, 0.000102, 10.000000, 0.000102, 0.000000, 0.000102, 10.000000, 298.440869, 298.440869, 25.000000, 25.290869, -0.529087, 0.044087, 0.000000, 0.000100, 0, 0
0.36, 0.000000, 298.336103, 0.000000, 0.000000, 0.000000, 16.000000, 0.000002, 0.000100, 0.000002, 0.000102, 29.833610, 0.001021, 298.336103, 0.500000, 0.000000, -0.000002, 0.004000, 298.336103, 4.166670, -0.518610, 298.336103, 0.000000, -0.518610, 10.000000, 0.000000, 0.000000, 0.100000, 0.000000, 298.000000, 0.000000, 0.000000, 298.336103, 0.000000, 0.000000, 298.150000, 2.000000, 100000.000000, 0.000100, 298.150000, 0.000102, 0.000000, 8.000000, 298.336103, 0.000100, 298.150000, 10.000000, 298.336103, 298.150000, 298.150000, 298.150000, 0.000002, 293.150000, 298.336103, 5000000.000000, 0.000000, 0.001021, 0.001021, 0.000000, 10.000000, 10.000000, 0.000002, 0.000002, 10.000000, 0.000002, 0.001021, 0.000000, 0.001021, 0.000000, 0.000000, 0.000000, 5000000.000000, 9.998979, 0.000100, 10.000000, 0.000100, 0.001021, 0.000100, 0.000000, 0.000010, 100000.000000, 10.207444, 0.001021, 0.000100, 10.000000, 0.000102, 293.150000, -0.518610, 0.000000, 293.150000, -5.186103, -0.518610, -0.518610, 298.336103, 0.100000, 0.001021, 0.000100, 0.001021, 0.000100, 0.000000, 0.000100, 298.336103, 10.000000, 293.150000, 10.000000, 0.000102, 10.000000, 0.000102, 0.000000, 0.000102, 10.000000, 298.336103, 298.336103, 25.000000, 25.186103, -0.518610, 0.033610, 0.000000, 0.000100, 0, 0
0.38, 0.000000, 298.233412, 0.000000, 0.000000, 0.000000, 16.000000, 0.000002, 0.000100, 0.000002, 0.000102, 29.823341, 0.001020, 298.233412, 0.500000, 0.000000, -0.000002, 0.004000, 298.233412, 4.166670, -0.508341, 298.233412, 0.000000, -0.508341, 10.000000, 0.000000, 0.000000, 0.100000, 0.000000, 298.000000, 0.000000, 0.000000, 298.233412, 0.000000, 0.000000, 298.150000, 2.000000, 100000.000000, 0.000100, 298.150000, 0.000102, 0.000000, 8.000000, 298.233412, 0.000100, 298.150000, 10.000000, 298.233412, 298.150000, 298.150000, 298.150000, 0.000002, 293.150000, 298.233412, 5000000.000000, 0.000000, 0.001020, 0.001020, 0.000000, 10.000000, 10.000000, 0.000002, 0.000002, 10.000000, 0.000002, 0.001020, 0.000000, 0.001020, 0.000000, 0.000000, 0.000000, 5000000.000000, 9.998980, 0.000100, 10.000000, 0.000100, 0.001020, 0.000100, 0.000000, 0.000010, 100000.000000, 10.203336, 0.001020, 0.000100, 10.000000, 0.000102, 293.150000, -0.508341, 0.000000, 293.150000, -5.083412, -0.508341, -0.508341, 298.233412, 0.100000, 0.001020, 0.000100, 0.001020, 0.000100, 0.000000, 0.000100, 298.233412, 10.000000, 293.150000, 10.000000, 0.000102, 10.000000, 0.000102, 0.000000, 0.000102, 10.000000, 298.233412, 298.233412, 25.000000, 25.083412, -0.508341, 0.023341, 0.000000, 0.000100, 0, 0
0.4, 0.000000, 298.132753, 0.000000, 0.000000, 0.000000, 16.000000, 0.000002, 0.000100, 0.000002, 0.000102, 29.813275, 0.001020, 298.132753, 0.500000, 0.000000, -0.000002, 0.004000, 298.132753, 4.166670, -0.498275, 298.132753, 0.000000, -0.498275, 10.000000, 0.000000, 0.000000, 0.100000, 0.000000, 298.000000, 0.000000, 0.000000, 298.132753, 0.000000, 0.000000, 298.150000, 2.000000, 100000.000000, 0.000100, 298.150000, 0.000102, 0.000000, 8.000000, 298.132753, 0.000100, 298.150000, 10.000000, 298.132753, 298.150000, 298.150000, 298.150000, 0.000002, 293.150000, 298.132753, 5000000.000000, 0.000000, 0.001020, 0.001020, 0.000000, 10.000000, 10.000000, 0.000002, 0.000002, 10.000000, 0.000002, 0.001020, 0.000000, 0.001020, 0.000000, 0.000000, 0.000000, 5000000.000000, 9.998980, 0.000100, 10.000000, 0.000100, 0.001020, 0.000100, 0.000000, 0.000010, 100000.000000, 10.199310, 0.001020, 0.000100, 10.000000, 0.000102, 293.150000, -0.498275, 0.000000, 293.150000, -4.982753, -0.498275, -0.498275, 298.132753, 0.100000, 0.001020, 0.000100, 0.001020, 0.000100, 0.000000, 0.000100, 298.132753, 10.000000, 293.150000, 10.000000, 0.000102, 10.000000, 0.000102, 0.000000, 0.000102, 10.000000, 298.132753, 298.132753, 25.000000, 24.982753, -0.498275, 0.013275, 0.000000, 0.000100, 0, 0
0.42, 0.000000, 298.034088, 0.000000, 0.000000, 0.000000, 16.000000, 0.000002, 0.000100, 0.000002, 0.000102, 29.803409, 0.001019, 298.034088, 0.500000, 0.000000, -0.000002, 0.004000, 298.034088, 4.166670, -0.488409, 298.034088, 0.000000, -0.488409, 10.000000, 0.000000, 0.000000, 0.100000, 0.000000, 298.000000, 0.000000, 0.000000, 298.034088, 0.000000, 0.000000, 298.150000, 2.000000, 100000.000000, 0.000100, 298.150000, 0.000102, 0.000000, 8.000000, 298.034088, 0.000100, 298.150000, 10.000000, 298.034088, 298.150000, 298.150000, 298.150000, 0.000002, 293.150000, 298.034088, 5000000.000000, 0.000000, 0.001019, 0.001019, 0.000000, 10.000000, 10.000000, 0.000002, 0.000002, 10.000000, 0.000002, 0.001019, 0.000000, 0.001019, 0.000000, 0.000000, 0.000000, 5000000.000000, 9.998981, 0.000100, 10.000000, 0.000100, 0.001019, 0.000100, 0.000000, 0.000010, 100000.000000, 10.195364, 0.001019, 0.000100, 10.000000, 0.000102, 293.150000, -0.488409, 0.000000, 293.150000, -4.884088, -0.488409, -0.488409, 298.034088, 0.100000, 0.001019, 0.000100, 0.001019, 0.000100, 0.000000, 0.000100, 298.034088, 10.000000, 293.150000, 10.000000, 0.000102, 10.000000, 0.000102, 0.000000, 0.000102, 10.000000, 298.034088, 298.034088, 25.000000, 24.884088, -0.488409, 0.003409, 0.000000, 0.000100, 0, 0
0.44, 0.000000, 297.937377, 0.000000, 0.000000, 0.000000, 16.000000, 0.000002, 0.000100, 0.000002, 0.000102, 29.793738, 0.001019, 297.937377, 0.500000, 0.000000, -0.000002, 0.004000, 297.937377, 4.166670, -0.478738, 297.937377, 0.000000, -0.478738, 10.000000, 0.000000, 0.000000, 0.100000, 0.000000, 298.000000, 0.000000, 0.000000, 297.937377, 0.000000, 0.000000, 298.150000, 2.000000, 100000.000000, 0.000100, 298.150000, 0.000102, 0.000000, 8.000000, 297.937377, 0.000100, 298.150000, 10.000000, 297.937377, 298.150000, 298.150000, 298.150000, 0.000002, 293.150000, 297.937377, 5000000.000000, 0.000000, 0.001019, 0.001019, 0.000000, 10.000000, 10.000000, 0.000002, 0.000002, 10.000000, 0.000002, 0.001019, 0.000000, 0.001019, 0.000000, 0.000000, 0.000000, 5000000.000000, 9.998981, 0.000100, 10.000000, 0.000100, 0.001019, 0.000100, 0.000000, 0.000010, 100000.000000, 10.191495, 0.001019, 0.000100, 10.000000, 0.000102, 293.150000, -0.478738, 0.000000, 293.150000, -4.787377, -0.478738, -0.478738, 297.937377, 0.100000, 0.001019, 0.000100, 0.001019, 0.000100, 0.000000, 0.000100, 297.937377, 10.000000, 293.150000, 10.000000, 0.000102, 10.000000, 0.000102, 0.000000, 0.000102, 10.000000, 297.937377, 297.937377, 25.000000, 24.787377, -0.478738, -0.006262, 0.000000, 0.000100, 0, 0
0.46, 0.000000, 297.842580, 0.000000, 0.000000, 0.000000, 16.000000, 0.000002, 0.000100, 0.000002, 0.000102, 29.784258, 0.001019, 297.842580, 0.500000, 0.000000, -0.000002, 0.004000, 297.842580, 4.166670, -0.469258, 297.842580, 0.000000, -0.469258, 10.000000, 0.000000, 0.000000, 0.100000, 0.000000, 298.000000, 0.000000, 0.000000, 297.842580, 0.000000, 0.000000, 298.150000, 2.000000, 100000.000000, 0.000100, 298.150000, 0.000102, 0.000000, 8.000000, 297.842580, 0.000100, 298.150000, 10.000000, 297.842580, 298.150000, 298.150000, 298.150000, 0.000002, 293.150000, 297.842580, 5000000.000000, 0.000000, 0.001019, 0.001019, 0.000000, 10.000000, 10.000000, 0.000002, 0.000002, 10.000000, 0.000002, 0.001019, 0.000000, 0.001019, 0.000000, 0.000000, 0.000000, 5000000.000000, 9.998981, 0.000100, 10.000000, 0.000100, 0.001019, 0.000100, 0.000000, 0.000010, 100000.000000, 10.187703, 0.001019, 0.000100, 10.000000, 0.000102, 293.150000, -0.469258, 0.000000, 293.150000, -4.692580, -0.469258, -0.469258, 297.842580, 0.100000, 0.001019, 0.000100, 0.001019, 0.000100, 0.000000, 0.000100, 297.842580, 10.000000, 293.150000, 10.000000, 0.000102, 10.000000, 0.000102, 0.000000, 0.000102, 10.000000, 297.842580, 297.842580, 25.000000, 24.692580, -0.469258, -0.015742, 0.000000, 0.000100, 0, 0
0.48, 0.000000, 297.749661, 0.000000, 0.000000, 0.000000, 16.000000, 0.000002, 0.000100, 0.000002, 0.000102, 29.774966, 0.001018, 297.749661, 0.500000, 0.000000, -0.000002, 0.004000, 297.749661, 4.166670, -0.459966, 297.749661, 0.000000, -0.459966, 10.000000, 0.000000, 0.000000, 0.100000, 0.000000, 298.000000, 0.000000, 0.000000, 297.749661, 0.000000, 0.000000, 298.150000, 2.000000, 100000.000000, 0.000100, 298.150000, 0.000102, 0.000000, 8.000000, 297.749661, 0.000100, 298.150000, 10.000000, 297.749661, 298.150000, 298.150000, 298.150000, 0.000002, 293.150000, 297.749661, 5000000.000000, 0.000000, 0.001018, 0.001018, 0.000000, 10.000000, 10.000000, 0.000002, 0.000002, 10.000000, 0.000002, 0.001018, 0.000000, 0.001018, 0.000000, 0.000000, 0.000000, 5000000.000000, 9.998982, 0.000100, 10.000000, 0.000100, 0.001018, 0.000100, 0.000000, 0.000010, 100000.000000, 10.183986, 0.001018, 0.000100, 10.000000, 0.000102, 293.150000, -0.459966, 0.000000, 293.150000, -4.599661, -0.459966, -0.459966, 297.749661, 0.100000, 0.001018, 0.000100, 0.001018, 0.000100, 0.000000, 0.000100, 297.749661, 10.000000, 293.150000, 10.000000, 0.000102, 10.000000, 0.000102, 0.000000, 0.000102, 10.000000, 297.749661, 297.749661, 25.000000, 24.599661, -0.459966, -0.025034, 0.000000, 0.000100, 0, 0
0.5, 0.000000, 297.658582, 0.000000, 0.000000, 0.000000, 16.000000, 0.000002, 0.000100, 0.000002, 0.000102, 29.765858, 0.001018, 297.658582, 0.500000, 0.000000, -0.000002, 0.004000, 297.658582, 4.166670, -0.450858, 297.658582, 0.000000, -0.450858, 10.000000, 0.000000, 0.000000, 0.100000, 0.000000, 298.000000, 0.000000, 0.000000, 297.658582, 0.000000, 0.000000, 298.150000, 2.000000, 100000.000000, 0.000100, 298.150000, 0.000102, 0.000000, 8.000000, 297.658582, 0.000100, 298.150000, 10.000000, 297.658582, 298.150000, 298.150000, 298.150000, 0.000002, 293.150000, 297.658582, 5000000.000000, 0.000000, 0.001018, 0.001018, 0.000000, 10.000000, 10.000000, 0.000002, 0.000002, 10.000000, 0.000002, 0.001018, 0.000000, 0.001018, 0.000000, 0.000000, 0.000000, 5000000.000000, 9.998982, 0.000100, 10.000000, 0.000100, 0.001018, 0.000100, 0.000000, 0.000010, 100000.000000, 10.180343, 0.001018, 0.000100, 10.000000, 0.000102, 293.150000, -0.450858, 0.000000, 293.150000, -4.508582, -0.450858, -0.450858, 297.658582, 0.100000, 0.001018, 0.000100, 0.001018, 0.000100, 0.000000, 0.000100, 297.658582, 10.000000, 293.150000, 10.000000, 0.000102, 10.000000, 0.000102, 0.000000, 0.000102, 10.000000, 297.658582, 297.658582, 25.000000, 24.508582, -0.450858, -0.034142, 0.000000, 0.000100, 0, 0
0.52, 0.000000, 297.569306, 0.000000, 0.000000, 0.000000, 16.000000, 0.000002, 0.000100, 0.000002, 0.000102, 29.756931, 0.001018, 297.569306, 0.500000, 0.000000, -0.000002, 0.004000, 297.569306, 4.166670, -0.441931, 297.569306, 0.000000, -0.441931, 10.000000, 0.000000, 0.000000, 0.100000, 0.000000, 298.000000, 0.000000, 0.000000, 297.569306, 0.000000, 0.000000, 298.150000, 2.000000, 100000.000000, 0.000100, 298.150000, 0.000102, 0.000000, 8.000000, 297.569306, 0.000100, 298.150000, 10.000000, 297.569306, 298.150000, 298.150000, 298.150000, 0.000002, 293.150000, 297.569306, 5000000.000000, 0.000000, 0.001018, 0.001018, 0.000000, 10.000000, 10.000000, 0.000002, 0.000002, 10.000000, 0.000002, 0.001018, 0.000000, 0.001018, 0.000000, 0.000000, 0.000000, 5000000.000000, 9.998982, 0.000100, 10.000000, 0.000100, 0.001018, 0.000100, 0.000000, 0.000010, 100000.000000, 10.176772, 0.001018, 0.000100, 10.000000, 0.000102, 293.150000, -0.441931, 0.000000, 293.150000, -4.419306, -0.441931, -0.441931, 297.569306, 0.100000, 0.001018, 0.000100, 0.001018, 0.000100, 0.000000, 0.000100, 297.569306, 10.000000, 293.150000, 10.000000, 0.000102, 10.000000, 0.000102, 0.000000, 0.000102, 10.000000, 297.569306, 297.569306, 25.000000, 24.419306, -0.441930, -0.043069, 0.000000, 0.000100, 0, 0
0.54, 0.000000, 297.481798, 0.000000, 0.000000, 0.000000, 16.000000, 0.000002, 0.000100, 0.000002, 0.000102, 29.748180, 0.001017, 297.481798, 0.500000, 0.000000, -0.000002, 0.004000, 297.481798, 4.166670, -0.433180, 297.481798, 0.000000, -0.433180, 10.000000, 0.000000, 0.000000, 0.100000, 0.000000, 298.000000, 0.000000, 0.000000, 297.481798, 0.000000, 0.000000, 298.150000, 2.000000, 100000.000000, 0.000100, 298.150000, 0.000102, 0.000000, 8.000000, 297.481798, 0.000100, 298.150000, 10.000000, 297.481798, 298.150000, 298.150000, 298.150000, 0.000002, 293.150000, 297.481798, 5000000.000000, 0.000000, 0.001017, 0.001017, 0.000000, 10.000000, 10.000000, 0.000002, 0.000002, 10.000000, 0.000002, 0.001017, 0.000000, 0.001017, 0.000000, 0.000000, 0.000000, 5000000.000000, 9.998983, 0.000100, 10.000000, 0.000100, 0.001017, 0.000100, 0.000000, 0.000010, 100000.000000, 10.173272, 0.001017, 0.000100, 10.000000, 0.000102, 293.150000, -0.433180, 0.000000, 293.150000, -4.331798, -0.433180, -0.433180, 297.481798, 0.100000, 0.001017, 0.000100, 0.001017, 0.000100, 0.000000, 0.000100, 297.481798, 10.000000, 293.150000, 10.000000, 0.000102, 10.000000, 0.000102, 0.000000, 0.000102, 10.000000, 297.481798, 297.481798, 25.000000, 24.331798, -0.433180, -0.051820, 0.000000, 0.000100, 0, 0
0.56, 0.000000, 297.396022, 0.000000, 0.000000, 0.000000, 16.000000, 0.000002, 0.000100, 0.000002, 0.000102, 29.739602, 0.001017, 297.396022, 0.500000, 0.000000, -0.000002, 0.004000, 297.396022, 4.166670, -0.424602, 297.396022, 0.000000, -0.424602, 10.000000, 0.000000, 0.000000, 0.100000, 0.000000, 298.000000, 0.000000, 0.000000, 297.396022, 0.000000, 0.000000, 298.150000, 2.000000, 100000.000000, 0.000100, 298.150000, 0.000102, 0.000000, 8.000000, 297.396022, 0.000100, 298.150000, 10.000000, 297.396022, 298.150000, 298.150000, 298.150000, 0.000002, 293.150000, 297.396022, 5000000.000000, 0.000000, 0.001017, 0.001017, 0.000000, 10.000000, 10.000000, 0.000002, 0.000002, 10.000000, 0.000002, 0.001017, 0.000000, 0.001017, 0.000000, 0.000000, 0.000000, 5000000.000000, 9.998983, 0.000100, 10.000000, 0.000100, 0.001017, 0.000100, 0.000000, 0.000010, 100000.000000, 10.169841, 0.001017, 0.000100, 10.000000, 0.000102, 293.150000, -0.424602, 0.000000, 293.150000, -4.246022, -0.424602, -0.424602, 297.396022, 0.100000, 0.001017, 0.000100, 0.001017, 0.000100, 0.000000, 0.000100, 297.396022, 10.000000, 293.150000, 10.000000, 0.000102, 10.000000, 0.000102, 0.000000, 0.000102, 10.000000, 297.396022, 297.396022, 25.000000, 24.246022, -0.424602, -0.060398, 0.000000, 0.000100, 0, 0
0.58, 0.000000, 297.311946, 0.000000, 0.000000, 0.000000, 16.000000, 0.000002, 0.000100, 0.000002, 0.000102, 29.731195, 0.001017, 297.311946, 0.500000, 0.000000, -0.000002, 0.004000, 297.311946, 4.166670, -0.416195, 297.311946, 0.000000, -0.416195, 10.000000, 0.000000, 0.000000, 0.100000, 0.000000, 298.000000, 0.000000, 0.000000, 297.311946, 0.000000, 0.000000, 298.150000, 2.000000, 100000.000000, 0.000100, 298.150000, 0.000102, 0.000000, 8.000000, 297.311946, 0.000100, 298.150000, 10.000000, 297.311946, 298.150000, 298.150000, 298.150000, 0.000002, 293.150000, 297.311946, 5000000.000000, 0.000000, 0.001017, 0.001017, 0.000000, 10.000000, 10.000000, 0.000002, 0.000002, 10.000000, 0.000002, 0.001017, 0.000000, 0.001017, 0.000000, 0.000000, 0.000000, 5000000.000000, 9.998983, 0.000100, 10.000000, 0.000100, 0.001017, 0.000100, 0.000000, 0.000010, 100000.000000, 10.166478, 0.001017, 0.000100, 10.000000, 0.000102, 293.150000, -0.416195, 0.000000, 293.150000, -4.161946, -0.416195, -0.416195, 297.311946, 0.100000, 0.001017, 0.000100, 0.001017, 0.000100, 0.000000, 0.000100, 297.311946, 10.000000, 293.150000, 10.000000, 0.000102, 10.000000, 0.000102, 0.000000, 0.000102, 10.000000, 297.311946, 297.311946, 25.000000, 24.161946, -0.416194, -0.068805, 0.000000, 0.000100, 0, 0
0.6, 0.000000, 297.229533, 0.000000, 0.000000, 0.000000, 16.000000, 0.000002, 0.000100, 0.000002, 0.000102, 29.722953, 0.001016, 297.229533, 0.500000, 0.000000, -0.000002, 0.004000, 297.229533, 4.166670, -0.407953, 297.229533, 0.000000, -0.407953, 10.000000, 0.000000, 0.000000, 0.100000, 0.000000, 298.000000, 0.000000, 0.000000, 297.229533, 0.000000, 0.000000, 298.150000, 2.000000, 100000.000000, 0.000100, 298.150000, 0.000102, 0.000000, 8.000000, 297.229533, 0.000100, 298.150000, 10.000000, 297.229533, 298.150000, 298.150000, 298.150000, 0.000002, 293.150000, 297.229533, 5000000.000000, 0.000000, 0.001016, 0.001016, 0.000000, 10.000000, 10.000000, 0.000002, 0.000002, 10.000000, 0.000002, 0.001016, 0.000000, 0.001016, 0.000000, 0.000000, 0.000000, 5000000.000000, 9.998984, 0.000100, 10.000000, 0.000100, 0.001016, 0.000100, 0.000000, 0.000010, 100000.000000, 10.163181, 0.001016, 0.000100, 10.000000, 0.000102, 293.150000, -0.407953, 0.000000, 293.150000, -4.079533, -0.407953, -0.407953, 297.229533, 0.100000, 0.001016, 0.000100, 0.001016, 0.000100, 0.000000, 0.000100, 297.229533, 10.000000, 293.150000, 10.000000, 0.000102, 10.000000, 0.000102, 0.000000, 0.000102, 10.000000, 297.229533, 297.229533, 25.000000, 24.079533, -0.407953, -0.077047, 0.000000, 0.000100, 0, 0
0.62, 0.000000, 297.178275, 0.000000, 0.000000, 0.000000, 16.000000, 0.000002, 0.984141, 0.000002, 0.984145, 29.717827, 9.999990, 297.178275, 0.500000, 0.000000, -0.000004, 0.004000, 297.178275, 4.166670, -0.402827, 297.178275, 0.000002, -0.402827, 10.000000, 0.000000, 9.841405, 0.100000, 0.000000, 298.000000, 0.000000, 1.000000, 297.178275, 1.000000, 0.000000, 298.150000, 2.000000, 100000.000000, 0.984141, 298.150000, 0.984145, 0.000000, 8.000000, 297.178275, 0.984143, 298.150000, 10.000000, 297.178275, 298.150000, 298.150000, 298.150000, 0.000002, 293.150000, 297.178275, 5000000.000000, 0.000002, 9.999990, 9.999990, 0.000002, 10.000000, 10.000000, 0.000002, 0.000002, 10.000000, 0.000002, 9.999990, 0.000002, 9.999990, 0.000002, 0.000000, 0.000002, 5000000.000000, 0.000010, 0.984143, 10.000000, 0.984143, 9.999990, 0.984143, 1.000000, 0.000010, 0.000010, 10.161131, 9.999990, 0.984141, 10.000000, 0.984145, 293.150000, -0.402827, 9.841405, 293.150000, -4.028275, -0.402827, -0.402827, 297.178275, 0.100000, 9.999990, 0.984141, 9.999990, 0.984141, 0.000000, 0.984141, 297.178275, 10.000000, 293.150000, 10.000000, 0.984145, 10.000000, 0.984145, 0.000000, 0.984145, 10.000000, 297.178275, 297.178275, 25.000000, 24.028275, 9.438577, -0.082173, 0.000000, 0.984143, 1, 1
0.64, 0.000000, 299.040075, 0.000000, 0.000000, 0.000000, 16.000000, 0.000002, 0.976981, 0.000002, 0.976985, 29.904008, 9.999990, 299.040075, 0.500000, 0.000000, -0.000004, 0.004000, 299.040075, 4.166670, -0.589008, 299.040075, 0.000002, -0.589008, 10.000000, 0.000000, 9.769801, 0.100000, 0.000000, 298.000000, 0.000000, 1.000000, 299.040075, 1.000000, 0.000000, 298.150000, 2.000000, 100000.000000, 0.976981, 298.150000, 0.976985, 0.000000, 8.000000, 299.040075, 0.976983, 298.150000, 10.000000, 299.040075, 298.150000, 298.150000, 298.150000, 0.000002, 293.150000, 299.040075, 5000000.000000, 0.000002, 9.999990, 9.999990, 0.000002, 10.000000, 10.000000, 0.000002, 0.000002, 10.000000, 0.000002, 9.999990, 0.000002, 9.999990, 0.000002, 0.000000, 0.000002, 5000000.000000, 0.000010, 0.976983, 10.000000, 0.976983, 9.999990, 0.976983, 1.000000, 0.000010, 0.000010, 10.235603, 9.999990, 0.976981, 10.000000, 0.976985, 293.150000, -0.589008, 9.769801, 293.150000, -5.890075, -0.589008, -0.589008, 299.040075, 0.100000, 9.999990, 0.976981, 9.999990, 0.976981, 0.000000, 0.976981, 299.040075, 10.000000, 293.150000, 10.000000, 0.976985, 10.000000, 0.976985, 0.000000, 0.976985, 10.000000, 299.040075, 299.040075, 25.000000, 25.890075, 9.180793, 0.104008, 0.000000, 0.976983, 1, 1
0.66, 0.000000, 299.038405, 0.000000, 0.000000, 0.000000, 16.000000, 0.000002, 0.000100, 0.000002, 0.000102, 29.903840, 0.001023, 299.038405, 0.500000, 0.000000, -0.000002, 0.004000, 299.038405, 4.166670, -0.588840, 299.038405, 0.000000, -0.588840, 10.000000, 0.000000, 0.000000, 0.100000, 0.000000, 298.000000, 0.000000, 0.000000, 299.038405, 0.000000, 0.000000, 298.150000, 2.000000, 100000.000000, 0.000100, 298.150000, 0.000102, 0.000000, 8.000000, 299.038405, 0.000100, 298.150000, 10.000000, 299.038405, 298.150000, 298.150000, 298.150000, 0.000002, 293.150000, 299.038405, 5000000.000000, 0.000000, 0.001023, 0.001023, 0.000000, 10.000000, 10.000000, 0.000002, 0.000002, 10.000000, 0.000002, 0.001023, 0.000000, 0.001023, 0.000000, 0.000000, 0.000000, 5000000.000000, 9.998977, 0.000100, 10.000000, 0.000100, 0.001023, 0.000100, 0.000000, 0.000010, 100000.000000, 10.235536, 0.001023, 0.000100, 10.000000, 0.000102, 293.150000, -0.588840, 0.000000, 293.150000, -5.888405, -0.588840, -0.588840, 299.038405, 0.100000, 0.001023, 0.000100, 0.001023, 0.000100, 0.000000, 0.000100, 299.038405, 10.000000, 293.150000, 10.000000, 0.000102, 10.000000, 0.000102, 0.000000, 0.000102, 10.000000, 299.038405, 299.038405, 25.000000, 25.888405, -0.588840, 0.103840, 0.000000, 0.000100, 0, 0
0.68, 0.000000, 298.921806, 0.000000, 0.000000, 0.000000, 16.000000, 0.000002, 0.000100, 0.000002, 0.000102, 29.892181, 0.001023, 298.921806, 0.500000, 0.000000, -0.000002, 0.004000, 298.921806, 4.166670, -0.577181, 298.921806, 0.000000, -0.577181, 10.000000, 0.000000, 0.000000, 0.100000, 0.000000, 298.000000, 0.000000, 0.000000, 298.921806, 0.000000, 0.000000, 298.150000, 2.000000, 100000.000000, 0.000100, 298.150000, 0.000102, 0.000000, 8.000000, 298.921806, 0.000100, 298.150000, 10.000000, 298.921806, 298.150000, 298.150000, 298.150000, 0.000002, 293.150000, 298.921806, 5000000.000000, 0.000000, 0.001023, 0.001023, 0.000000, 10.000000, 10.000000, 0.000002, 0.000002, 10.000000, 0.000002, 0.001023, 0.000000, 0.001023, 0.000000, 0.000000, 0.000000, 5000000.000000, 9.998977, 0.000100, 10.000000, 0.000100, 0.001023, 0.000100, 0.000000, 0.000010, 100000.000000, 10.230872, 0.001023, 0.000100, 10.000000, 0.000102, 293.150000, -0.577181, 0.000000, 293.150000, -5.771806, -0.577181, -0.577181, 298.921806, 0.100000, 0.001023, 0.000100, 0.001023, 0.000100, 0.000000, 0.000100, 298.921806, 10.000000, 293.150000, 10.000000, 0.000102, 10.000000, 0.000102, 0.000000, 0.000102, 10.000000, 298.921806, 298.921806, 25.000000, 25.771806, -0.577181, 0.092181, 0.000000, 0.000100, 0, 0
0.7, 0.000000, 298.807517, 0.000000, 0.000000, 0.000000, 16.000000, 0.000002, 0.000100, 0.000002, 0.000102, 29.880752, 0.001023, 298.807517, 0.500000, 0.000000, -0.000002, 0.004000, 298.807517, 4.166670, -0.565752, 298.807517, 0.000000, -0.565752, 10.000000, 0.000000, 0.000000, 0.100000, 0.000000, 298.000000, 0.000000, 0.000000, 298.807517, 0.000000, 0.000000, 298.150000, 2.000000, 100000.000000, 0.000100, 298.150000, 0.000102, 0.000000, 8.000000, 298.807517, 0.000100, 298.150000, 10.000000, 298.807517, 298.150000, 298.150000, 298.150000, 0.000002, 293.150000, 298.807517, 5000000.000000, 0.000000, 0.001023, 0.001023, 0.000000, 10.000000, 10.000000, 0.000002, 0.000002, 10.000000, 0.000002, 0.001023, 0.000000, 0.001023, 0.000000, 0.000000, 0.000000, 5000000.000000, 9.998977, 0.000100, 10.000000, 0.000100, 0.001023, 0.000100, 0.000000, 0.000010, 100000.000000, 10.226301, 0.001023, 0.000100, 10.000000, 0.000102, 293.150000, -0.565752, 0.000000, 293.150000, -5.657517, -0.565752, -0.565752, 298.807517, 0.100000, 0.001023, 0.000100, 0.001023, 0.000100, 0.000000, 0.000100, 298.807517, 10.000000, 293.150000, 10.000000, 0.000102, 10.000000, 0.000102, 0.000000, 0.000102, 10.000000, 298.807517, 298.807517, 25.000000, 25.657517, -0.565752, 0.080752, 0.000000, 0.000100, 0, 0
0.72, 0.000000, 298.695491, 0.000000, 0.000000, 0.000000, 16.000000, 0.000002, 0.000100, 0.000002, 0.000102, 29.869549, 0.001022, 298.695491, 0.500000, 0.000000, -0.000002, 0.004000, 298.695491, 4.166670, -0.554549, 298.695491, 0.000000, -0.554549, 10.000000, 0.000000, 0.000000, 0.100000, 0.000000, 298.000000, 0.000000, 0.000000, 298.695491, 0.000000, 0.000000, 298.150000, 2.000000, 100000.000000, 0.000100, 298.150000, 0.000102, 0.000000, 8.000000, 298.695491, 0.000100, 298.150000, 10.000000, 298.695491, 298.150000, 298.150000, 298.150000, 0.000002, 293.150000, 298.695491, 5000000.000000, 0.000000, 0.001022, 0.001022, 0.000000, 10.000000, 10.000000, 0.000002, 0.000002, 10.000000, 0.000002, 0.001022, 0.000000, 0.001022, 0.000000, 0.000000, 0.000000, 5000000.000000, 9.998978, 0.000100, 10.000000, 0.000100, 0.001022, 0.000100, 0.000000, 0.000010, 100000.000000, 10.221820, 0.001022, 0.000100, 10.000000, 0.000102, 293.150000, -0.554549, 0.000000, 293.150000, -5.545491, -0.554549, -0.554549, 298.695491, 0.100000, 0.001022, 0.000100, 0.001022, 0.000100, 0.000000, 0.000100, 298.695491, 10.000000, 293.150000, 10.000000, 0.000102, 10.000000, 0.000102, 0.000000, 0.000102, 10.000000, 298.695491, 298.695491, 25.000000, 25.545491, -0.554549, 0.069549, 0.000000, 0.000100, 0, 0
0.74, 0.000000, 298.585683, 0.000000, 0.000000, 0.000000, 16.000000, 0.000002, 0.000100, 0.000002, 0.000102, 29.858568, 0.001022, 298.585683, 0.500000, 0.000000, -0.000002, 0.004000, 298.585683, 4.166670, -0.543568, 298.585683, 0.000000, -0.543568, 10.000000, 0.000000, 0.000000, 0.100000, 0.000000, 298.000000, 0.000000, 0.000000, 298.585683, 0.000000, 0.000000, 298.150000, 2.000000, 100000.000000, 0.000100, 298.150000, 0.000102, 0.000000, 8.000000, 298.585683, 0.000100, 298.150000, 10.000000, 298.585683, 298.150000, 298.150000, 298.150000, 0.000002, 293.150000, 298.585683, 5000000.000000, 0.000000, 0.001022, 0.001022, 0.000000, 10.000000, 10.000000, 0.000002, 0.000002, 10.000000, 0.000002, 0.001022, 0.000000, 0.001022, 0.000000, 0.000000, 0.000000, 5000000.000000, 9.998978, 0.000100, 10.000000, 0.000100, 0.001022, 0.000100, 0.000000, 0.000010, 100000.000000, 10.217427, 0.001022, 0.000100, 10.000000, 0.000102, 293.150000, -0.543568, 0.000000, 293.150000, -5.435683, -0.543568, -0.543568, 298.585683, 0.100000, 0.001022, 0.000100, 0.001022, 0.000100, 0.000000, 0.000100, 298.585683, 10.000000, 293.150000, 10.000000, 0.000102, 10.000000, 0.000102, 0.000000, 0.000102, 10.000000, 298.585683, 298.585683, 25.000000, 25.435683, -0.543568, 0.058568, 0.000000, 0.000100, 0, 0
0.76, 0.000000, 298.478049, 0.000000, 0.000000, 0.000000, 16.000000, 0.000002, 0.000100, 0.000002, 0.000102, 29.847805, 0.001021, 298.478049, 0.500000, 0.000000, -0.000002, 0.004000, 298.478049, 4.166670, -0.532805, 298.478049, 0.000000, -0.532805, 10.000000, 0.000000, 0.000000, 0.100000, 0.000000, 298.000000, 0.000000, 0.000000, 298.478049, 0.000000, 0.000000, 298.150000, 2.000000, 100000.000000, 0.000100, 298.150000, 0.000102, 0.000000, 8.000000, 298.478049, 0.000100, 298.150000, 10.000000, 298.478049, 298.150000, 298.150000, 298.150000, 0.000002, 293.150000, 298.478049, 5000000.000000, 0.000000, 0.001021, 0.001021, 0.000000, 10.000000, 10.000000, 0.000002, 0.000002, 10.000000, 0.000002, 0.001021, 0.000000, 0.001021, 0.000000, 0.000000, 0.000000, 5000000.000000, 9.998979, 0.000100, 10.000000, 0.000100, 0.001021, 0.000100, 0.000000, 0.000010, 100000.000000, 10.213122, 0.001021, 0.000100, 10.000000, 0.000102, 293.150000, -0.532805, 0.000000, 293.150000, -5.328049, -0.532805, -0.532805, 298.478049, 0.100000, 0.001021, 0.000100, 0.001021, 0.000100, 0.000000, 0.000100, 298.478049, 10.000000, 293.150000, 10.000000, 0.000102, 10.000000, 0.000102, 0.000000, 0.000102, 10.000000, 298.478049, 298.478049, 25.000000, 25.328049, -0.532805, 0.047805, 0.000000, 0.000100, 0, 0
0.78, 0.000000, 298.372546, 0.000000, 0.000000, 0.000000, 16.000000, 0.000002, 0.000100, 0.000002, 0.000102, 29.837255, 0.001021, 298.372546, 0.500000, 0.000000, -0.000002, 0.004000, 298.372546, 4.166670, -0.522255, 298.372546, 0.000000, -0.522255, 10.000000, 0.000000, 0.000000, 0.100000, 0.000000, 298.000000, 0.000000, 0.000000, 298.372546, 0.000000, 0.000000, 298.150000, 2.000000, 100000.000000, 0.000100, 298.150000, 0.000102, 0.000000, 8.000000, 298.372546, 0.000100, 298.150000, 10.000000, 298.372546, 298.150000, 298.150000, 298.150000, 0.000002, 293.150000, 298.372546, 5000000.000000, 0.000000, 0.001021, 0.001021, 0.000000, 10.000000, 10.000000, 0.000002, 0.000002, 10.000000, 0.000002, 0.001021, 0.000000, 0.001021, 0.000000, 0.000000, 0.000000, 5000000.000000, 9.998979, 0.000100, 10.000000, 0.000100, 0.001021, 0.000100, 0.000000, 0.000010, 100000.000000, 10.208902, 0.001021, 0.000100, 10.000000, 0.000102, 293.150000, -0.522255, 0.000000, 293.150000, -5.222546, -0.522255, -0.522255, 298.372546, 0.100000, 0.001021, 0.000100, 0.001021, 0.000100, 0.000000, 0.000100, 298.372546, 10.000000, 293.150000, 10.000000, 0.000102, 10.000000, 0.000102, 0.000000, 0.000102, 10.000000, 298.372546, 298.372546, 25.000000, 25.222546, -0.522255, 0.037255, 0.000000, 0.000100, 0, 0
0.8, 0.000000, 298.269133, 0.000000, 0.000000, 0.000000, 16.000000, 0.000002, 0.000100, 0.000002, 0.000102, 29.826913, 0.001020, 298.269133, 0.500000, 0.000000, -0.000002, 0.004000, 298.269133, 4.166670, -0.511913, 298.269133, 0.000000, -0.511913, 10.000000, 0.000000, 0.000000, 0.100000, 0.000000, 298.000000, 0.000000, 0.000000, 298.269133, 0.000000, 0.000000, 298.150000, 2.000000, 100000.000000, 0.000100, 298.150000, 0.000102, 0.000000, 8.000000, 298.269133, 0.000100, 298.150000, 10.000000, 298.269133, 298.150000, 298.150000, 298.150000, 0.000002, 293.150000, 298.269133, 5000000.000000, 0.000000, 0.001020, 0.001020, 0.000000, 10.000000, 10.000000, 0.000002, 0.000002, 10.000000, 0.000002, 0.001020, 0.000000, 0.001020, 0.000000, 0.000000, 0.000000, 5000000.000000, 9.998980, 0.000100, 10.000000, 0.000100, 0.001020, 0.000100, 0.000000, 0.000010, 100000.000000, 10.204765, 0.001020, 0.000100, 10.000000, 0.000102, 293.150000, -0.511913, 0.000000, 293.150000, -5.119133, -0.511913, -0.511913, 298.269133, 0.100000, 0.001020, 0.000100, 0.001020, 0.000100, 0.000000, 0.000100, 298.269133, 10.000000, 293.150000, 10.000000, 0.000102, 10.000000, 0.000102, 0.000000, 0.000102, 10.000000, 298.269133, 298.269133, 25.000000, 25.119133, -0.511913, 0.026913, 0.000000, 0.000100, 0, 0
0.82, 0.000000, 298.167768, 0.000000, 0.000000, 0.000000, 16.000000, 0.000002, 0.000100, 0.000002, 0.000102, 29.816777, 0.001020, 298.167768, 0.500000, 0.000000, -0.000002, 0.004000, 298.167768, 4.166670, -0.501777, 298.167768, 0.000000, -0.501777, 10.000000, 0.000000, 0.000000, 0.100000, 0.000000, 298.000000, 0.000000, 0.000000, 298.167768, 0.000000, 0.000000, 298.150000, 2.000000, 100000.000000, 0.000100, 298.150000, 0.000102, 0.000000, 8.000000, 298.167768, 0.000100, 298.150000, 10.000000, 298.167768, 298.150000, 298.150000, 298.150000, 0.000002, 293.150000, 298.167768, 5000000.000000, 0.000000, 0.001020, 0.001020, 0.000000, 10.000000, 10.000000, 0.000002, 0.000002, 10.000000, 0.000002, 0.001020, 0.000000, 0.001020, 0.000000, 0.000000, 0.000000, 5000000.000000, 9.998980, 0.000100, 10.000000, 0.000100, 0.001020, 0.000100, 0.000000, 0.000010, 100000.000000, 10.200711, 0.001020, 0.000100, 10.000000, 0.000102, 293.150000, -0.501777, 0.000000, 293.150000, -5.017768, -0.501777, -0.501777, 298.167768, 0.100000, 0.001020, 0.000100, 0.001020, 0.000100, 0.000000, 0.000100, 298.167768, 10.000000, 293.150000, 10.000000, 0.000102, 10.000000, 0.000102, 0.000000, 0.000102, 10.000000, 298.167768, 298.167768, 25.000000, 25.017768, -0.501777, 0.016777, 0.000000, 0.000100, 0, 0
0.84, 0.000000, 298.068409, 0.000000, 0.000000, 0.000000, 16.000000, 0.000002, 0.000100, 0.000002, 0.000102, 29.806841, 0.001020, 298.068409, 0.500000, 0.000000, -0.000002, 0.004000, 298.068409, 4.166670, -0.491841, 298.068409, 0.000000, -0.491841, 10.000000, 0.000000, 0.000000, 0.100000, 0.000000, 298.000000, 0.000000, 0.000000, 298.068409, 0.000000, 0.000000, 298.150000, 2.000000, 100000.000000, 0.000100, 298.150000, 0.000102, 0.000000, 8.000000, 298.068409, 0.000100, 298.150000, 10.000000, 298.068409, 298.150000, 298.150000, 298.150000, 0.000002, 293.150000, 298.068409, 5000000.000000, 0.000000, 0.001020, 0.001020, 0.000000, 10.000000, 10.000000, 0.000002, 0.000002, 10.000000, 0.000002, 0.001020, 0.000000, 0.001020, 0.000000, 0.000000, 0.000000, 5000000.000000, 9.998980, 0.000100, 10.000000, 0.000100, 0.001020, 0.000100, 0.000000, 0.000010, 100000.000000, 10.196736, 0.001020, 0.000100, 10.000000, 0.000102, 293.150000, -0.491841, 0.000000, 293.150000, -4.918409, -0.491841, -0.491841, 298.068409, 0.100000, 0.001020, 0.000100, 0.001020, 0.000100, 0.000000, 0.000100, 298.068409, 10.000000, 293.150000, 10.000000, 0.000102, 10.000000, 0.000102, 0.000000, 0.000102, 10.000000, 298.068409, 298.068409, 25.000000, 24.918409, -0.491841, 0.006841, 0.000000, 0.000100, 0, 0
0.86, 0.000000, 297.971018, 0.000000, 0.000000, 0.000000, 16.000000, 0.000002, 0.000100, 0.000002, 0.000102, 29.797102, 0.001019, 297.971018, 0.500000, 0.000000, -0.000002, 0.004000, 297.971018, 4.166670, -0.482102, 297.971018, 0.000000, -0.482102, 10.000000, 0.000000, 0.000000, 0.100000, 0.000000, 298.000000, 0.000000, 0.000000, 297.971018, 0.000000, 0.000000, 298.150000, 2.000000, 100000.000000, 0.000100, 298.150000, 0.000102, 0.000000, 8.000000, 297.971018, 0.000100, 298.150000, 10.000000, 297.971018, 298.150000, 298.150000, 298.150000, 0.000002, 293.150000, 297.971018, 5000000.000000, 0.000000, 0.001019, 0.001019, 0.000000, 10.000000, 10.000000, 0.000002, 0.000002, 10.000000, 0.000002, 0.001019, 0.000000, 0.001019, 0.000000, 0.000000, 0.000000, 5000000.000000, 9.998981, 0.000100, 10.000000, 0.000100, 0.001019, 0.000100, 0.000000, 0.000010, 100000.000000, 10.192841, 0.001019, 0.000100, 10.000000, 0.000102, 293.150000, -0.482102, 0.000000, 293.150000, -4.821018, -0.482102, -0.482102, 297.971018, 0.100000, 0.001019, 0.000100, 0.001019, 0.000100, 0.000000, 0.000100, 297.971018, 10.000000, 293.150000, 10.000000, 0.000102, 10.000000, 0.000102, 0.000000, 0.000102, 10.000000, 297.971018, 297.971018, 25.000000, 24.821018, -0.482102, -0.002898, 0.000000, 0.000100, 0, 0
0.88, 0.000000, 297.875556, 0.000000, 0.000000, 0.000000, 16.000000, 0.000002, 0.000100, 0.000002, 0.000102, 29.787556, 0.001019, 297.875556, 0.500000, 0.000000, -0.000002, 0.004000, 297.875556, 4.166670, -0.472556, 297.875556, 0.000000, -0.472556, 10.000000, 0.000000, 0.000000, 0.100000, 0.000000, 298.000000, 0.000000, 0.000000, 297.875556, 0.000000, 0.000000, 298.150000, 2.000000, 100000.000000, 0.000100, 298.150000, 0.000102, 0.000000, 8.000000, 297.875556, 0.000100, 298.150000, 10.000000, 297.875556, 298.150000, 298.150000, 298.150000, 0.000002, 293.150000, 297.875556, 5000000.000000, 0.000000, 0.001019, 0.001019, 0.000000, 10.000000, 10.000000, 0.000002, 0.000002, 10.000000, 0.000002, 0.001019, 0.000000, 0.001019, 0.000000, 0.000000, 0.000000, 5000000.000000, 9.998981, 0.000100, 10.000000, 0.000100, 0.001019, 0.000100, 0.000000, 0.000010, 100000.000000, 10.189022, 0.001019, 0.000100, 10.000000, 0.000102, 293.150000, -0.472556, 0.000000, 293.150000, -4.725556, -0.472556, -0.472556, 297.875556, 0.100000, 0.001019, 0.000100, 0.001019, 0.000100, 0.000000, 0.000100, 297.875556, 10.000000, 293.150000, 10.000000, 0.000102, 10.000000, 0.000102, 0.000000, 0.000102, 10.000000, 297.875556, 297.875556, 25.000000, 24.725556, -0.472555, -0.012444, 0.000000, 0.000100, 0, 0
0.9, 0.000000, 297.781983, 0.000000, 0.000000, 0.000000, 16.000000, 0.000002, 0.000100, 0.000002, 0.000102, 29.778198, 0.001018, 297.781983, 0.500000, 0.000000, -0.000002, 0.004000, 297.781983, 4.166670, -0.463198, 297.781983, 0.000000, -0.463198, 10.000000, 0.000000, 0.000000, 0.100000, 0.000000, 298.000000, 0.000000, 0.000000, 297.781983, 0.000000, 0.000000, 298.150000, 2.000000, 100000.000000, 0.000100, 298.150000, 0.000102, 0.000000, 8.000000, 297.781983, 0.000100, 298.150000, 10.000000, 297.781983, 298.150000, 298.150000, 298.150000, 0.000002, 293.150000, 297.781983, 5000000.000000, 0.000000, 0.001018, 0.001018, 0.000000, 10.000000, 10.000000, 0.000002, 0.000002, 10.000000, 0.000002, 0.001018, 0.000000, 0.001018, 0.000000, 0.000000, 0.000000, 5000000.000000, 9.998982, 0.000100, 10.000000, 0.000100, 0.001018, 0.000100, 0.000000, 0.000010, 100000.000000, 10.185279, 0.001018, 0.000100, 10.000000, 0.000102, 293.150000, -0.463198, 0.000000, 293.150000, -4.631983, -0.463198, -0.463198, 297.781983, 0.100000, 0.001018, 0.000100, 0.001018, 0.000100, 0.000000, 0.000100, 297.781983, 10.000000, 293.150000, 10.000000, 0.000102, 10.000000, 0.000102, 0.000000, 0.000102, 10.000000, 297.781983, 297.781983, 25.000000, 24.631983, -0.463198, -0.021802, 0.000000, 0.000100, 0, 0
0.92, 0.000000, 297.690264, 0.000000, 0.000000, 0.000000, 16.000000, 0.000002, 0.000100, 0.000002, 0.000102, 29.769026, 0.001018, 297.690264, 0.500000, 0.000000, -0.000002, 0.004000, 297.690264, 4.166670, -0.454026, 297.690264, 0.000000, -0.454026, 10.000000, 0.000000, 0.000000, 0.100000, 0.000000, 298.000000, 0.000000, 0.000000, 297.690264, 0.000000, 0.000000, 298.150000, 2.000000, 100000.000000, 0.000100, 298.150000, 0.000102, 0.000000, 8.000000, 297.690264, 0.000100, 298.150000, 10.000000, 297.690264, 298.150000, 298.150000, 298.150000, 0.000002, 293.150000, 297.690264, 5000000.000000, 0.000000, 0.001018, 0.001018, 0.000000, 10.000000, 10.000000, 0.000002, 0.000002, 10.000000, 0.000002, 0.001018, 0.000000, 0.001018, 0.000000, 0.000000, 0.000000, 5000000.000000, 9.998982, 0.000100, 10.000000, 0.000100, 0.001018, 0.000100, 0.000000, 0.000010, 100000.000000, 10.181611, 0.001018, 0.000100, 10.000000, 0.000102, 293.150000, -0.454026, 0.000000, 293.150000, -4.540264, -0.454026, -0.454026, 297.690264, 0.100000, 0.001018, 0.000100, 0.001018, 0.000100, 0.000000, 0.000100, 297.690264, 10.000000, 293.150000, 10.000000, 0.000102, 10.000000, 0.000102, 0.000000, 0.000102, 10.000000, 297.690264, 297.690264, 25.000000, 24.540264, -0.454026, -0.030974, 0.000000, 0.000100, 0, 0
0.94, 0.000000, 297.600361, 0.000000, 0.000000, 0.000000, 16.000000, 0.000002, 0.000100, 0.000002, 0.000102, 29.760036, 0.001018, 297.600361, 0.500000, 0.000000, -0.000002, 0.004000, 297.600361, 4.166670, -0.445036, 297.600361, 0.000000, -0.445036, 10.000000, 0.000000, 0.000000, 0.100000, 0.000000, 298.000000, 0.000000, 0.000000, 297.600361, 0.000000, 0.000000, 298.150000, 2.000000, 100000.000000, 0.000100, 298.150000, 0.000102, 0.000000, 8.000000, 297.600361, 0.000100, 298.150000, 10.000000, 297.600361, 298.150000, 298.150000, 298.150000, 0.000002, 293.150000, 297.600361, 5000000.000000, 0.000000, 0.001018, 0.001018, 0.000000, 10.000000, 10.000000, 0.000002, 0.000002, 10.000000, 0.000002, 0.001018, 0.000000, 0.001018, 0.000000, 0.000000, 0.000000, 5000000.000000, 9.998982, 0.000100, 10.000000, 0.000100, 0.001018, 0.000100, 0.000000, 0.000010, 100000.000000, 10.178014, 0.001018, 0.000100, 10.000000, 0.000102, 293.150000, -0.445036, 0.000000, 293.150000, -4.450361, -0.445036, -0.445036, 297.600361, 0.100000, 0.001018, 0.000100, 0.001018, 0.000100, 0.000000, 0.000100, 297.600361, 10.000000, 293.150000, 10.000000, 0.000102, 10.000000, 0.000102, 0.000000, 0.000102, 10.000000, 297.600361, 297.600361, 25.000000, 24.450361, -0.445036, -0.039964, 0.000000, 0.000100, 0, 0
0.96, 0.000000, 297.512238, 0.000000, 0.000000, 0.000000, 16.000000, 0.000002, 0.000100, 0.000002, 0.000102, 29.751224, 0.001017, 297.512238, 0.500000, 0.000000, -0.000002, 0.004000, 297.512238, 4.166670, -0.436224, 297.512238, 0.000000, -0.436224, 10.000000, 0.000000, 0.000000, 0.100000, 0.000000, 298.000000, 0.000000, 0.000000, 297.512238, 0.000000, 0.000000, 298.150000, 2.000000, 100000.000000, 0.000100, 298.150000, 0.000102, 0.000000, 8.000000, 297.512238, 0.000100, 298.150000, 10.000000, 297.512238, 298.150000, 298.150000, 298.150000, 0.000002, 293.150000, 297.512238, 5000000.000000, 0.000000, 0.001017, 0.001017, 0.000000, 10.000000, 10.000000, 0.000002, 0.000002, 10.000000, 0.000002, 0.001017, 0.000000, 0.001017, 0.000000, 0.000000, 0.000000, 5000000.000000, 9.998983, 0.000100, 10.000000, 0.000100, 0.001017, 0.000100, 0.000000, 0.000010, 100000.000000, 10.174490, 0.001017, 0.000100, 10.000000, 0.000102, 293.150000, -0.436224, 0.000000, 293.150000, -4.362238, -0.436224, -0.436224, 297.512238, 0.100000, 0.001017, 0.000100, 0.001017, 0.000100, 0.000000, 0.000100, 297.512238, 10.000000, 293.150000, 10.000000, 0.000102, 10.000000, 0.000102, 0.000000, 0.000102, 10.000000, 297.512238, 297.512238, 25.000000, 24.362238, -0.436224, -0.048776, 0.000000, 0.000100, 0, 0
0.98, 0.000000, 297.425860, 0.000000, 0.000000, 0.000000, 16.000000, 0.000002, 0.000100, 0.000002, 0.000102, 29.742586, 0.001017, 297.425860, 0.500000, 0.000000, -0.000002, 0.004000, 297.425860, 4.166670, -0.427586, 297.425860, 0.000000, -0.427586, 10.000000, 0.000000, 0.000000, 0.100000, 0.000000, 298.000000, 0.000000, 0.000000, 297.425860, 0.000000, 0.000000, 298.150000, 2.000000, 100000.000000, 0.000100, 298.150000, 0.000102, 0.000000, 8.000000, 297.425860, 0.000100, 298.150000, 10.000000, 297.425860, 298.150000, 298.150000, 298.150000, 0.000002, 293.150000, 297.425860, 5000000.000000, 0.000000, 0.001017, 0.001017, 0.000000, 10.000000, 10.000000, 0.000002, 0.000002, 10.000000, 0.000002, 0.001017, 0.000000, 0.001017, 0.000000, 0.000000, 0.000000, 5000000.000000, 9.998983, 0.000100, 10.000000, 0.000100, 0.001017, 0.000100, 0.000000, 0.000010, 100000.000000, 10.171034, 0.001017, 0.000100, 10.000000, 0.000102, 293.150000, -0.427586, 0.000000, 293.150000, -4.275860, -0.427586, -0.427586, 297.425860, 0.100000, 0.001017, 0.000100, 0.001017, 0.000100, 0.000000, 0.000100, 297.425860, 10.000000, 293.150000, 10.000000, 0.000102, 10.000000, 0.000102, 0.000000, 0.000102, 10.000000, 297.425860, 297.425860, 25.000000, 24.275860, -0.427586, -0.057414, 0.000000, 0.000100, 0, 0
1, 0.000000, 297.341192, 0.000000, 0.000000, 0.000000, 16.000000, 0.000002, 0.000100, 0.000002, 0.000102, 29.734119, 0.001017, 297.341192, 0.500000, 0.000000, -0.000002, 0.004000, 297.341192, 4.166670, -0.419119, 297.341192, 0.000000, -0.419119, 10.000000, 0.000000, 0.000000, 0.100000, 0.000000, 298.000000, 0.000000, 0.000000, 297.341192, 0.000000, 0.000000, 298.150000, 2.000000, 100000.000000, 0.000100, 298.150000, 0.000102, 0.000000, 8.000000, 297.341192, 0.000100, 298.150000, 10.000000, 297.341192, 298.150000, 298.150000, 298.150000, 0.000002, 293.150000, 297.341192, 5000000.000000, 0.000000, 0.001017, 0.001017, 0.000000, 10.000000, 10.000000, 0.000002, 0.000002, 10.000000, 0.000002, 0.001017, 0.000000, 0.001017, 0.000000, 0.000000, 0.000000, 5000000.000000, 9.998983, 0.000100, 10.000000, 0.000100, 0.001017, 0.000100, 0.000000, 0.000010, 100000.000000, 10.167648, 0.001017, 0.000100, 10.000000, 0.000102, 293.150000, -0.419119, 0.000000, 293.150000, -4.191192, -0.419119, -0.419119, 297.341192, 0.100000, 0.001017, 0.000100, 0.001017, 0.000100, 0.000000, 0.000100, 297.341192, 10.000000, 293.150000, 10.000000, 0.000102, 10.000000, 0.000102, 0.000000, 0.000102, 10.000000, 297.341192, 297.341192, 25.000000, 24.191192, -0.419119, -0.065881, 0.000000, 0.000100, 0, 0
1.02, 0.000000, 297.258201, 0.000000, 0.000000, 0.000000, 16.000000, 0.000002, 0.000100, 0.000002, 0.000102, 29.725820, 0.001016, 297.258201, 0.500000, 0.000000, -0.000002, 0.004000, 297.258201, 4.166670, -0.410820, 297.258201, 0.000000, -0.410820, 10.000000, 0.000000, 0.000000, 0.100000, 0.000000, 298.000000, 0.000000, 0.000000, 297.258201, 0.000000, 0.000000, 298.150000, 2.000000, 100000.000000, 0.000100, 298.150000, 0.000102, 0.000000, 8.000000, 297.258201, 0.000100, 298.150000, 10.000000, 297.258201, 298.150000, 298.150000, 298.150000, 0.000002, 293.150000, 297.258201, 5000000.000000, 0.000000, 0.001016, 0.001016, 0.000000, 10.000000, 10.000000, 0.000002, 0.000002, 10.000000, 0.000002, 0.001016, 0.000000, 0.001016, 0.000000, 0.000000, 0.000000, 5000000.000000, 9.998984, 0.000100, 10.000000, 0.000100, 0.001016, 0.000100, 0.000000, 0.000010, 100000.000000, 10.164328, 0.001016, 0.000100, 10.000000, 0.000102, 293.150000, -0.410820, 0.000000, 293.150000, -4.108201, -0.410820, -0.410820, 297.258201, 0.100000, 0.001016, 0.000100, 0.001016, 0.000100, 0.000000, 0.000100, 297.258201, 10.000000, 293.150000, 10.000000, 0.000102, 10.000000, 0.000102, 0.000000, 0.000102, 10.000000, 297.258201, 297.258201, 25.000000, 24.108201, -0.410820, -0.074180, 0.000000, 0.000100, 0, 0
1.04, 0.000000, 297.176853, 0.000000, 0.000000, 0.000000, 16.000000, 0.000002, 0.000100, 0.000002, 0.000102, 29.717685, 0.001016, 297.176853, 0.500000, 0.000000, -0.000002, 0.004000, 297.176853, 4.166670, -0.402685, 297.176853, 0.000000, -0.402685, 10.000000, 0.000000, 0.000000, 0.100000, 0.000000, 298.000000, 0.000000, 0.000000, 297.176853, 0.000000, 0.000000, 298.150000, 2.000000, 100000.000000, 0.000100, 298.150000, 0.000102, 0.000000, 8.000000, 297.176853, 0.000100, 298.150000, 10.000000, 297.176853, 298.150000, 298.150000, 298.150000, 0.000002, 293.150000, 297.176853, 5000000.000000, 0.000000, 0.001016, 0.001016, 0.000000, 10.000000, 10.000000, 0.000002, 0.000002, 10.000000, 0.000002, 0.001016, 0.000000, 0.001016, 0.000000, 0.000000, 0.000000, 5000000.000000, 9.998984, 0.000100, 10.000000, 0.000100, 0.001016, 0.000100, 0.000000, 0.000010, 100000.000000, 10.161074, 0.001016, 0.000100, 10.000000, 0.000102, 293.150000, -0.402685, 0.000000, 293.150000, -4.026853, -0.402685, -0.402685, 297.176853, 0.100000, 0.001016, 0.000100, 0.001016, 0.000100, 0.000000, 0.000100, 297.176853, 10.000000, 293.150000, 10.000000, 0.000102, 10.000000, 0.000102, 0.000000, 0.000102, 10.000000, 297.176853, 297.176853, 25.000000, 24.026853, -0.402685, -0.082315, 0.000000, 0.000100, 0, 0
1.06, 0.000000, 298.394310, 0.000000, 0.000000, 0.000000, 16.000000, 0.000002, 0.979453, 0.000002, 0.979457, 29.839431, 9.999990, 298.394310, 0.500000, 0.000000, -0.000004, 0.004000, 298.394310, 4.166670, -0.524431, 298.394310, 0.000002, -0.524431, 10.000000, 0.000000, 9.794518, 0.100000, 0.000000, 298.000000, 0.000000, 1.000000, 298.394310, 1.000000, 0.000000, 298.150000, 2.000000, 100000.000000, 0.979453, 298.150000, 0.979457, 0.000000, 8.000000, 298.394310, 0.979455, 298.150000, 10.000000, 298.394310, 298.150000, 298.150000, 298.150000, 0.000002, 293.150000, 298.394310, 5000000.000000, 0.000002, 9.999990, 9.999990, 0.000002, 10.000000, 10.000000, 0.000002, 0.000002, 10.000000, 0.000002, 9.999990, 0.000002, 9.999990, 0.000002, 0.000000, 0.000002, 5000000.000000, 0.000010, 0.979455, 10.000000, 0.979455, 9.999990, 0.979455, 1.000000, 0.000010, 0.000010, 10.209772, 9.999990, 0.979453, 10.000000, 0.979457, 293.150000, -0.524431, 9.794518, 293.150000, -5.244310, -0.524431, -0.524431, 298.394310, 0.100000, 9.999990, 0.979453, 9.999990, 0.979453, 0.000000, 0.979453, 298.394310, 10.000000, 293.150000, 10.000000, 0.979457, 10.000000, 0.979457, 0.000000, 0.979457, 10.000000, 298.394310, 298.394310, 25.000000, 25.244310, 9.270087, 0.039431, 0.000000, 0.979455, 1, 1
1.08, 0.000000, 299.079778, 0.000000, 0.000000, 0.000000, 16.000000, 0.000002, 0.000100, 0.000002, 0.000102, 29.907978, 0.001024, 299.079778, 0.500000, 0.000000, -0.000002, 0.004000, 299.079778, 4.166670, -0.592978, 299.079778, 0.000000, -0.592978, 10.000000, 0.000000, 0.000000, 0.100000, 0.000000, 298.000000, 0.000000, 0.000000, 299.079778, 0.000000, 0.000000, 298.150000, 2.000000, 100000.000000, 0.000100, 298.150000, 0.000102, 0.000000, 8.000000, 299.079778, 0.000100, 298.150000, 10.000000, 299.079778, 298.150000, 298.150000, 298.150000, 0.000002, 293.150000, 299.079778, 5000000.000000, 0.000000, 0.001024, 0.001024, 0.000000, 10.000000, 10.000000, 0.000002, 0.000002, 10.000000, 0.000002, 0.001024, 0.000000, 0.001024, 0.000000, 0.000000, 0.000000, 5000000.000000, 9.998976, 0.000100, 10.000000, 0.000100, 0.001024, 0.000100, 0.000000, 0.000010, 100000.000000, 10.237191, 0.001024, 0.000100, 10.000000, 0.000102, 293.150000, -0.592978, 0.000000, 293.150000, -5.929778, -0.592978, -0.592978, 299.079778, 0.100000, 0.001024, 0.000100, 0.001024, 0.000100, 0.000000, 0.000100, 299.079778, 10.000000, 293.150000, 10.000000, 0.000102, 10.000000, 0.000102, 0.000000, 0.000102, 10.000000, 299.079778, 299.079778, 25.000000, 25.929778, -0.592978, 0.107978, 0.000000, 0.000100, 0, 0
1.1, 0.000000, 298.962360, 0.000000, 0.000000, 0.000000, 16.000000, 0.000002, 0.000100, 0.000002, 0.000102, 29.896236, 0.001023, 298.962360, 0.500000, 0.000000, -0.000002, 0.004000, 298.962360, 4.166670, -0.581236, 298.962360, 0.000000, -0.581236, 10.000000, 0.000000, 0.000000, 0.100000, 0.000000, 298.000000, 0.000000, 0.000000, 298.962360, 0.000000, 0.000000, 298.150000, 2.000000, 100000.000000, 0.000100, 298.150000, 0.000102, 0.000000, 8.000000, 298.962360, 0.000100, 298.150000, 10.000000, 298.962360, 298.150000, 298.150000, 298.150000, 0.000002, 293.150000, 298.962360, 5000000.000000, 0.000000, 0.001023, 0.001023, 0.000000, 10.000000, 10.000000, 0.000002, 0.000002, 10.000000, 0.000002, 0.001023, 0.000000, 0.001023, 0.000000, 0.000000, 0.000000, 5000000.000000, 9.998977, 0.000100, 10.000000, 0.000100, 0.001023, 0.000100, 0.000000, 0.000010, 100000.000000, 10.232494, 0.001023, 0.000100, 10.000000, 0.000102, 293.150000, -0.581236, 0.000000, 293.150000, -5.812360, -0.581236, -0.581236, 298.962360, 0.100000, 0.001023, 0.000100, 0.001023, 0.000100, 0.000000, 0.000100, 298.962360, 10.000000, 293.150000, 10.000000, 0.000102, 10.000000, 0.000102, 0.000000, 0.000102, 10.000000, 298.962360, 298.962360, 25.000000, 25.812360, -0.581236, 0.096236, 0.000000, 0.000100, 0, 0
1.12, 0.000000, 298.847268, 0.000000, 0.000000, 0.000000, 16.000000, 0.000002, 0.000100, 0.000002, 0.000102, 29.884727, 0.001023, 298.847268, 0.500000, 0.000000, -0.000002, 0.004000, 298.847268, 4.166670, -0.569727, 298.847268, 0.000000, -0.569727, 10.000000, 0.000000, 0.000000, 0.100000, 0.000000, 298.000000, 0.000000, 0.000000, 298.847268, 0.000000, 0.000000, 298.150000, 2.000000, 100000.000000, 0.000100, 298.150000, 0.000102, 0.000000, 8.000000, 298.847268, 0.000100, 298.150000, 10.000000, 298.847268, 298.150000, 298.150000, 298.150000, 0.000002, 293.150000, 298.847268, 5000000.000000, 0.000000, 0.001023, 0.001023, 0.000000, 10.000000, 10.000000, 0.000002, 0.000002, 10.000000, 0.000002, 0.001023, 0.000000, 0.001023, 0.000000, 0.000000, 0.000000, 5000000.000000, 9.998977, 0.000100, 10.000000, 0.000100, 0.001023, 0.000100, 0.000000, 0.000010, 100000.000000, 10.227891, 0.001023, 0.000100, 10.000000, 0.000102, 293.150000, -0.569727, 0.000000, 293.150000, -5.697268, -0.569727, -0.569727, 298.847268, 0.100000, 0.001023, 0.000100, 0.001023, 0.000100, 0.000000, 0.000100, 298.847268, 10.000000, 293.150000, 10.000000, 0.000102, 10.000000, 0.000102, 0.000000, 0.000102, 10.000000, 298.847268, 298.847268, 25.000000, 25.697268, -0.569727, 0.084727, 0.000000, 0.000100, 0, 0
1.14, 0.000000, 298.734454, 0.000000, 0.000000, 0.000000, 16.000000, 0.000002, 0.000100, 0.000002, 0.000102, 29.873445, 0.001022, 298.734454, 0.500000, 0.000000, -0.000002, 0.004000, 298.734454, 4.166670, -0.558445, 298.734454, 0.000000, -0.558445, 10.000000, 0.000000, 0.000000, 0.100000, 0.000000, 298.000000, 0.000000, 0.000000, 298.734454, 0.000000, 0.000000, 298.150000, 2.000000, 100000.000000, 0.000100, 298.150000, 0.000102, 0.000000, 8.000000, 298.734454, 0.000100, 298.150000, 10.000000, 298.734454, 298.150000, 298.150000, 298.150000, 0.000002, 293.150000, 298.734454, 5000000.000000, 0.000000, 0.001022, 0.001022, 0.000000, 10.000000, 10.000000, 0.000002, 0.000002, 10.000000, 0.000002, 0.001022, 0.000000, 0.001022, 0.000000, 0.000000, 0.000000, 5000000.000000, 9.998978, 0.000100, 10.000000, 0.000100, 0.001022, 0.000100, 0.000000, 0.000010, 100000.000000, 10.223378, 0.001022, 0.000100, 10.000000, 0.000102, 293.150000, -0.558445, 0.000000, 293.150000, -5.584454, -0.558445, -0.558445, 298.734454, 0.100000, 0.001022, 0.000100, 0.001022, 0.000100, 0.000000, 0.000100, 298.734454, 10.000000, 293.150000, 10.000000, 0.000102, 10.000000, 0.000102, 0.000000, 0.000102, 10.000000, 298.734454, 298.734454, 25.000000, 25.584454, -0.558445, 0.073445, 0.000000, 0.000100, 0, 0
1.16, 0.000000, 298.623875, 0.000000, 0.000000, 0.000000, 16.000000, 0.000002, 0.000100, 0.000002, 0.000102, 29.862387, 0.001022, 298.623875, 0.500000, 0.000000, -0.000002, 0.004000, 298.623875, 4.166670, -0.547387, 298.623875, 0.000000, -0.547387, 10.000000, 0.000000, 0.000000, 0.100000, 0.000000, 298.000000, 0.000000, 0.000000, 298.623875, 0.000000, 0.000000, 298.150000, 2.000000, 100000.000000, 0.000100, 298.150000, 0.000102, 0.000000, 8.000000, 298.623875, 0.000100, 298.150000, 10.000000, 298.623875, 298.150000, 298.150000, 298.150000, 0.000002, 293.150000, 298.623875, 5000000.000000, 0.000000, 0.001022, 0.001022, 0.000000, 10.000000, 10.000000, 0.000002, 0.000002, 10.000000, 0.000002, 0.001022, 0.000000, 0.001022, 0.000000, 0.000000, 0.000000, 5000000.000000, 9.998978, 0.000100, 10.000000, 0.000100, 0.001022, 0.000100, 0.000000, 0.000010, 100000.000000, 10.218955, 0.001022, 0.000100, 10.000000, 0.000102, 293.150000, -0.547387, 0.000000, 293.150000, -5.473875, -0.547387, -0.547387, 298.623875, 0.100000, 0.001022, 0.000100, 0.001022, 0.000100, 0.000000, 0.000100, 298.623875, 10.000000, 293.150000, 10.000000, 0.000102, 10.000000, 0.000102, 0.000000, 0.000102, 10.000000, 298.623875, 298.623875, 25.000000, 25.473875, -0.547387, 0.062387, 0.000000, 0.000100, 0, 0
1.18, 0.000000, 298.515485, 0.000000, 0.000000, 0.000000, 16.000000, 0.000002, 0.000100, 0.000002, 0.000102, 29.851548, 0.001021, 298.515485, 0.500000, 0.000000, -0.000002, 0.004000, 298.515485, 4.166670, -0.536548, 298.515485, 0.000000, -0.536548, 10.000000, 0.000000, 0.000000, 0.100000, 0.000000, 298.000000, 0.000000, 0.000000, 298.515485, 0.000000, 0.000000, 298.150000, 2.000000, 100000.000000, 0.000100, 298.150000, 0.000102, 0.000000, 8.000000, 298.515485, 0.000100, 298.150000, 10.000000, 298.515485, 298.150000, 298.150000, 298.150000, 0.000002, 293.150000, 298.515485, 5000000.000000, 0.000000, 0.001021, 0.001021, 0.000000, 10.000000, 10.000000, 0.000002, 0.000002, 10.000000, 0.000002, 0.001021, 0.000000, 0.001021, 0.000000, 0.000000, 0.000000, 5000000.000000, 9.998979, 0.000100, 10.000000, 0.000100, 0.001021, 0.000100, 0.000000, 0.000010, 100000.000000, 10.214619, 0.001021, 0.000100, 10.000000, 0.000102, 293.150000, -0.536548, 0.000000, 293.150000, -5.365485, -0.536548, -0.536548, 298.515485, 0.100000, 0.001021, 0.000100, 0.001021, 0.000100, 0.000000, 0.000100, 298.515485, 10.000000, 293.150000, 10.000000, 0.000102, 10.000000, 0.000102, 0.000000, 0.000102, 10.000000, 298.515485, 298.515485, 25.000000, 25.365485, -0.536548, 0.051548, 0.000000, 0.000100, 0, 0
1.2, 0.000000, 298.409241, 0.000000, 0.000000, 0.000000, 16.000000, 0.000002, 0.000100, 0.000002, 0.000102, 29.840924, 0.001021, 298.409241, 0.500000, 0.000000, -0.000002, 0.004000, 298.409241, 4.166670, -0.525924, 298.409241, 0.000000, -0.525924, 10.000000, 0.000000, 0.000000, 0.100000, 0.000000, 298.000000, 0.000000, 0.000000, 298.409241, 0.000000, 0.000000, 298.150000, 2.000000, 100000.000000, 0.000100, 298.150000, 0.000102, 0.000000, 8.000000, 298.409241, 0.000100, 298.150000, 10.000000, 298.409241, 298.150000, 298.150000, 298.150000, 0.000002, 293.150000, 298.409241, 5000000.000000, 0.000000, 0.001021, 0.001021, 0.000000, 10.000000, 10.000000, 0.000002, 0.000002, 10.000000, 0.000002, 0.001021, 0.000000, 0.001021, 0.000000, 0.000000, 0.000000, 5000000.000000, 9.998979, 0.000100, 10.000000, 0.000100, 0.001021, 0.000100, 0.000000, 0.000010, 100000.000000, 10.210370, 0.001021, 0.000100, 10.000000, 0.000102, 293.150000, -0.525924, 0.000000, 293.150000, -5.259241, -0.525924, -0.525924, 298.409241, 0.100000, 0.001021, 0.000100, 0.001021, 0.000100, 0.000000, 0.000100, 298.409241, 10.000000, 293.150000, 10.000000, 0.000102, 10.000000, 0.000102, 0.000000, 0.000102, 10.000000, 298.409241, 298.409241, 25.000000, 25.259241, -0.525924, 0.040924, 0.000000, 0.000100, 0, 0
1.22, 0.000000, 298.305101, 0.000000, 0.000000, 0.000000, 16.000000, 0.000002, 0.000100, 0.000002, 0.000102, 29.830510, 0.001021, 298.305101, 0.500000, 0.000000, -0.000002, 0.004000, 298.305101, 4.166670, -0.515510, 298.305101, 0.000000, -0.515510, 10.000000, 0.000000, 0.000000, 0.100000, 0.000000, 298.000000, 0.000000, 0.000000, 298.305101, 0.000000, 0.000000, 298.150000, 2.000000, 100000.000000, 0.000100, 298.150000, 0.000102, 0.000000, 8.000000, 298.305101, 0.000100, 298.150000, 10.000000, 298.305101, 298.150000, 298.150000, 298.150000, 0.000002, 293.150000, 298.305101, 5000000.000000, 0.000000, 0.001021, 0.001021, 0.000000, 10.000000, 10.000000, 0.000002, 0.000002, 10.000000, 0.000002, 0.001021, 0.000000, 0.001021, 0.000000, 0.000000, 0.000000, 5000000.000000, 9.998979, 0.000100, 10.000000, 0.000100, 0.001021, 0.000100, 0.000000, 0.000010, 100000.000000, 10.206204, 0.001021, 0.000100, 10.000000, 0.000102, 293.150000, -0.515510, 0.000000, 293.150000, -5.155101, -0.515510, -0.515510, 298.305101, 0.100000, 0.001021, 0.000100, 0.001021, 0.000100, 0.000000, 0.000100, 298.305101, 10.000000, 293.150000, 10.000000, 0.000102, 10.000000, 0.000102, 0.000000, 0.000102, 10.000000, 298.305101, 298.305101, 25.000000, 25.155101, -0.515510, 0.030510, 0.000000, 0.000100, 0, 0
1.24, 0.000000, 298.203023, 0.000000, 0.000000, 0.000000, 16.000000, 0.000002, 0.000100, 0.000002, 0.000102, 29.820302, 0.001020, 298.203023, 0.500000, 0.000000, -0.000002, 0.004000, 298.203023, 4.166670, -0.505302, 298.203023, 0.000000, -0.505302, 10.000000, 0.000000, 0.000000, 0.100000, 0.000000, 298.000000, 0.000000, 0.000000, 298.203023, 0.000000, 0.000000, 298.150000, 2.000000, 100000.000000, 0.000100, 298.150000, 0.000102, 0.000000, 8.000000, 298.203023, 0.000100, 298.150000, 10.000000, 298.203023, 298.150000, 298.150000, 298.150000, 0.000002, 293.150000, 298.203023, 5000000.000000, 0.000000, 0.001020, 0.001020, 0.000000, 10.000000, 10.000000, 0.000002, 0.000002, 10.000000, 0.000002, 0.001020, 0.000000, 0.001020, 0.000000, 0.000000, 0.000000, 5000000.000000, 9.998980, 0.000100, 10.000000, 0.000100, 0.001020, 0.000100, 0.000000, 0.000010, 100000.000000, 10.202121, 0.001020, 0.000100, 10.000000, 0.000102, 293.150000, -0.505302, 0.000000, 293.150000, -5.053023, -0.505302, -0.505302, 298.203023, 0.100000, 0.001020, 0.000100, 0.001020, 0.000100, 0.000000, 0.000100, 298.203023, 10.000000, 293.150000, 10.000000, 0.000102, 10.000000, 0.000102, 0.000000, 0.000102, 10.000000, 298.203023, 298.203023, 25.000000, 25.053023, -0.505302, 0.020302, 0.000000, 0.000100, 0, 0
1.26, 0.000000, 298.102967, 0.000000, 0.000000, 0.000000, 16.000000, 0.000002, 0.000100, 0.000002, 0.000102, 29.810297, 0.001020, 298.102967, 0.500000, 0.000000, -0.000002, 0.004000, 298.102967, 4.166670, -0.495297, 298.102967, 0.000000, -0.495297, 10.000000, 0.000000, 0.000000, 0.100000, 0.000000, 298.000000, 0.000000, 0.000000, 298.102967, 0.000000, 0.000000, 298.150000, 2.000000, 100000.000000, 0.000100, 298.150000, 0.000102, 0.000000, 8.000000, 298.102967, 0.000100, 298.150000, 10.000000, 298.102967, 298.150000, 298.150000, 298.150000, 0.000002, 293.150000, 298.102967, 5000000.000000, 0.000000, 0.001020, 0.001020, 0.000000, 10.000000, 10.000000, 0.000002, 0.000002, 10.000000, 0.000002, 0.001020, 0.000000, 0.001020, 0.000000, 0.000000, 0.000000, 5000000.000000, 9.998980, 0.000100, 10.000000, 0.000100, 0.001020, 0.000100, 0.000000, 0.000010, 100000.000000, 10.198119, 0.001020, 0.000100, 10.000000, 0.000102, 293.150000, -0.495297, 0.000000, 293.150000, -4.952967, -0.495297, -0.495297, 298.102967, 0.100000, 0.001020, 0.000100, 0.001020, 0.000100, 0.000000, 0.000100, 298.102967, 10.000000, 293.150000, 10.000000, 0.000102, 10.000000, 0.000102, 0.000000, 0.000102, 10.000000, 298.102967, 298.102967, 25.000000, 24.952967, -0.495297, 0.010297, 0.000000, 0.000100, 0, 0
1.28, 0.000000, 298.004892, 0.000000, 0.000000, 0.000000, 16.000000, 0.000002, 0.000100, 0.000002, 0.000102, 29.800489, 0.001019, 298.004892, 0.500000, 0.000000, -0.000002, 0.004000, 298.004892, 4.166670, -0.485489, 298.004892, 0.000000, -0.485489, 10.000000, 0.000000, 0.000000, 0.100000, 0.000000, 298.000000, 0.000000, 0.000000, 298.004892, 0.000000, 0.000000, 298.150000, 2.000000, 100000.000000, 0.000100, 298.150000, 0.000102, 0.000000, 8.000000, 298.004892, 0.000100, 298.150000, 10.000000, 298.004892, 298.150000, 298.150000, 298.150000, 0.000002, 293.150000, 298.004892, 5000000.000000, 0.000000, 0.001019, 0.001019, 0.000000, 10.000000, 10.000000, 0.000002, 0.000002, 10.000000, 0.000002, 0.001019, 0.000000, 0.001019, 0.000000, 0.000000, 0.000000, 5000000.000000, 9.998981, 0.000100, 10.000000, 0.000100, 0.001019, 0.000100, 0.000000, 0.000010, 100000.000000, 10.194196, 0.001019, 0.000100, 10.000000, 0.000102, 293.150000, -0.485489, 0.000000, 293.150000, -4.854892, -0.485489, -0.485489, 298.004892, 0.100000, 0.001019, 0.000100, 0.001019, 0.000100, 0.000000, 0.000100, 298.004892, 10.000000, 293.150000, 10.000000, 0.000102, 10.000000, 0.000102, 0.000000, 0.000102, 10.000000, 298.004892, 298.004892, 25.000000, 24.854892, -0.485489, 0.000489, 0.000000, 0.000100, 0, 0
1.3, 0.000000, 297.908758, 0.000000, 0.000000, 0.000000, 16.000000, 0.000002, 0.000100, 0.000002, 0.000102, 29.790876, 0.001019, 297.908758, 0.500000, 0.000000, -0.000002, 0.004000, 297.908758, 4.166670, -0.475876, 297.908758, 0.000000, -0.475876, 10.000000, 0.000000, 0.000000, 0.100000, 0.000000, 298.000000, 0.000000, 0.000000, 297.908758, 0.000000, 0.000000, 298.150000, 2.000000, 100000.000000, 0.000100, 298.150000, 0.000102, 0.000000, 8.000000, 297.908758, 0.000100, 298.150000, 10.000000, 297.908758, 298.150000, 298.150000, 298.150000, 0.000002, 293.150000, 297.908758, 5000000.000000, 0.000000, 0.001019, 0.001019, 0.000000, 10.000000, 10.000000, 0.000002, 0.000002, 10.000000, 0.000002, 0.001019, 0.000000, 0.001019, 0.000000, 0.000000, 0.000000, 5000000.000000, 9.998981, 0.000100, 10.000000, 0.000100, 0.001019, 0.000100, 0.000000, 0.000010, 100000.000000, 10.190350, 0.001019, 0.000100, 10.000000, 0.000102, 293.150000, -0.475876, 0.000000, 293.150000, -4.758758, -0.475876, -0.475876, 297.908758, 0.100000, 0.001019, 0.000100, 0.001019, 0.000100, 0.000000, 0.000100, 297.908758, 10.000000, 293.150000, 10.000000, 0.000102, 10.000000, 0.000102, 0.000000, 0.000102, 10.000000, 297.908758, 297.908758, 25.000000, 24.758758, -0.475876, -0.009124, 0.000000, 0.000100, 0, 0
1.32, 0.000000, 297.814529, 0.000000, 0.000000, 0.000000, 16.000000, 0.000002, 0.000100, 0.000002, 0.000102, 29.781453, 0.001019, 297.814529, 0.500000, 0.000000, -0.000002, 0.004000, 297.814529, 4.166670, -0.466453, 297.814529, 0.000000, -0.466453, 10.000000, 0.000000, 0.000000, 0.100000, 0.000000, 298.000000, 0.000000, 0.000000, 297.814529, 0.000000, 0.000000, 298.150000, 2.000000, 100000.000000, 0.000100, 298.150000, 0.000102, 0.000000, 8.000000, 297.814529, 0.000100, 298.150000, 10.000000, 297.814529, 298.150000, 298.150000, 298.150000, 0.000002, 293.150000, 297.814529, 5000000.000000, 0.000000, 0.001019, 0.001019, 0.000000, 10.000000, 10.000000, 0.000002, 0.000002, 10.000000, 0.000002, 0.001019, 0.000000, 0.001019, 0.000000, 0.000000, 0.000000, 5000000.000000, 9.998981, 0.000100, 10.000000, 0.000100, 0.001019, 0.000100, 0.000000, 0.000010, 100000.000000, 10.186581, 0.001019, 0.000100, 10.000000, 0.000102, 293.150000, -0.466453, 0.000000, 293.150000, -4.664529, -0.466453, -0.466453, 297.814529, 0.100000, 0.001019, 0.000100, 0.001019, 0.000100, 0.000000, 0.000100, 297.814529, 10.000000, 293.150000, 10.000000, 0.000102, 10.000000, 0.000102, 0.000000, 0.000102, 10.000000, 297.814529, 297.814529, 25.000000, 24.664529, -0.466453, -0.018547, 0.000000, 0.000100, 0, 0
1.34, 0.000000, 297.722165, 0.000000, 0.000000, 0.000000, 16.000000, 0.000002, 0.000100, 0.000002, 0.000102, 29.772216, 0.001018, 297.722165, 0.500000, 0.000000, -0.000002, 0.004000, 297.722165, 4.166670, -0.457216, 297.722165, 0.000000, -0.457216, 10.000000, 0.000000, 0.000000, 0.100000, 0.000000, 298.000000, 0.000000, 0.000000, 297.722165, 0.000000, 0.000000, 298.150000, 2.000000, 100000.000000, 0.000100, 298.150000, 0.000102, 0.000000, 8.000000, 297.722165, 0.000100, 298.150000, 10.000000, 297.722165, 298.150000, 298.150000, 298.150000, 0.000002, 293.150000, 297.722165, 5000000.000000, 0.000000, 0.001018, 0.001018, 0.000000, 10.000000, 10.000000, 0.000002, 0.000002, 10.000000, 0.000002, 0.001018, 0.000000, 0.001018, 0.000000, 0.000000, 0.000000, 5000000.000000, 9.998982, 0.000100, 10.000000, 0.000100, 0.001018, 0.000100, 0.000000, 0.000010, 100000.000000, 10.182887, 0.001018, 0.000100, 10.000000, 0.000102, 293.150000, -0.457216, 0.000000, 293.150000, -4.572165, -0.457216, -0.457216, 297.722165, 0.100000, 0.001018, 0.000100, 0.001018, 0.000100, 0.000000, 0.000100, 297.722165, 10.000000, 293.150000, 10.000000, 0.000102, 10.000000, 0.000102, 0.000000, 0.000102, 10.000000, 297.722165, 297.722165, 25.000000, 24.572165, -0.457216, -0.027784, 0.000000, 0.000100, 0, 0
1.36, 0.000000, 297.631630, 0.000000, 0.000000, 0.000000, 16.000000, 0.000002, 0.000100, 0.000002, 0.000102, 29.763163, 0.001018, 297.631630, 0.500000, 0.000000, -0.000002, 0.004000, 297.631630, 4.166670, -0.448163, 297.631630, 0.000000, -0.448163, 10.000000, 0.000000, 0.000000, 0.100000, 0.000000, 298.000000, 0.000000, 0.000000, 297.631630, 0.000000, 0.000000, 298.150000, 2.000000, 100000.000000, 0.000100, 298.150000, 0.000102, 0.000000, 8.000000, 297.631630, 0.000100, 298.150000, 10.000000, 297.631630, 298.150000, 298.150000, 298.150000, 0.000002, 293.150000, 297.631630, 5000000.000000, 0.000000, 0.001018, 0.001018, 0.000000, 10.000000, 10.000000, 0.000002, 0.000002, 10.000000, 0.000002, 0.001018, 0.000000, 0.001018, 0.000000, 0.000000, 0.000000, 5000000.000000, 9.998982, 0.000100, 10.000000, 0.000100, 0.001018, 0.000100, 0.000000, 0.000010, 100000.000000, 10.179265, 0.001018, 0.000100, 10.000000, 0.000102, 293.150000, -0.448163, 0.000000, 293.150000, -4.481630, -0.448163, -0.448163, 297.631630, 0.100000, 0.001018, 0.000100, 0.001018, 0.000100, 0.000000, 0.000100, 297.631630, 10.000000, 293.150000, 10.000000, 0.000102, 10.000000, 0.000102, 0.000000, 0.000102, 10.000000, 297.631630, 297.631630, 25.000000, 24.481630, -0.448163, -0.036837, 0.000000, 0.000100, 0, 0
1.38, 0.000000, 297.542888, 0.000000, 0.000000, 0.000000, 16.000000, 0.000002, 0.000100, 0.000002, 0.000102, 29.754289, 0.001017, 297.542888, 0.500000, 0.000000, -0.000002, 0.004000, 297.542888, 4.166670, -0.439289, 297.542888, 0.000000, -0.439289, 10.000000, 0.000000, 0.000000, 0.100000, 0.000000, 298.000000, 0.000000, 0.000000, 297.542888, 0.000000, 0.000000, 298.150000, 2.000000, 100000.000000, 0.000100, 298.150000, 0.000102, 0.000000, 8.000000, 297.542888, 0.000100, 298.150000, 10.000000, 297.542888, 298.150000, 298.150000, 298.150000, 0.000002, 293.150000, 297.542888, 5000000.000000, 0.000000, 0.001017, 0.001017, 0.000000, 10.000000, 10.000000, 0.000002, 0.000002, 10.000000, 0.000002, 0.001017, 0.000000, 0.001017, 0.000000, 0.000000, 0.000000, 5000000.000000, 9.998983, 0.000100, 10.000000, 0.000100, 0.001017, 0.000100, 0.000000, 0.000010, 100000.000000, 10.175716, 0.001017, 0.000100, 10.000000, 0.000102, 293.150000, -0.439289, 0.000000, 293.150000, -4.392888, -0.439289, -0.439289, 297.542888, 0.100000, 0.001017, 0.000100, 0.001017, 0.000100, 0.000000, 0.000100, 297.542888, 10.000000, 293.150000, 10.000000, 0.000102, 10.000000, 0.000102, 0.000000, 0.000102, 10.000000, 297.542888, 297.542888, 25.000000, 24.392888, -0.439289, -0.045711, 0.000000, 0.000100, 0, 0
1.4, 0.000000, 297.455903, 0.000000, 0.000000, 0.000000, 16.000000, 0.000002, 0.000100, 0.000002, 0.000102, 29.745590, 0.001017, 297.455903, 0.500000, 0.000000, -0.000002, 0.004000, 297.455903, 4.166670, -0.430590, 297.455903, 0.000000, -0.430590, 10.000000, 0.000000, 0.000000, 0.100000, 0.000000, 298.000000, 0.000000, 0.000000, 297.455903, 0.000000, 0.000000, 298.150000, 2.000000, 100000.000000, 0.000100, 298.150000, 0.000102, 0.000000, 8.000000, 297.455903, 0.000100, 298.150000, 10.000000, 297.455903, 298.150000, 298.150000, 298.150000, 0.000002, 293.150000, 297.455903, 5000000.000000, 0.000000, 0.001017, 0.001017, 0.000000, 10.000000, 10.000000, 0.000002, 0.000002, 10.000000, 0.000002, 0.001017, 0.000000, 0.001017, 0.000000, 0.000000, 0.000000, 5000000.000000, 9.998983, 0.000100, 10.000000, 0.000100, 0.001017, 0.000100, 0.000000, 0.000010, 100000.000000, 10.172236, 0.001017, 0.000100, 10.000000, 0.000102, 293.150000, -0.430590, 0.000000, 293.150000, -4.305903, -0.430590, -0.430590, 297.455903, 0.100000, 0.001017, 0.000100, 0.001017, 0.000100, 0.000000, 0.000100, 297.455903, 10.000000, 293.150000, 10.000000, 0.000102, 10.000000, 0.000102, 0.000000, 0.000102, 10.000000, 297.455903, 297.455903, 25.000000, 24.305903, -0.430590, -0.054410, 0.000000, 0.000100, 0, 0
1.42, 0.000000, 297.370640, 0.000000, 0.000000, 0.000000, 16.000000, 0.000002, 0.000100, 0.000002, 0.000102, 29.737064, 0.001017, 297.370640, 0.500000, 0.000000, -0.000002, 0.004000, 297.370640, 4.166670, -0.422064, 297.370640, 0.000000, -0.422064, 10.000000, 0.000000, 0.000000, 0.100000, 0.000000, 298.000000, 0.000000, 0.000000, 297.370640, 0.000000, 0.000000, 298.150000, 2.000000, 100000.000000, 0.000100, 298.150000, 0.000102, 0.000000, 8.000000, 297.370640, 0.000100, 298.150000, 10.000000, 297.370640, 298.150000, 298.150000, 298.150000, 0.000002, 293.150000, 297.370640, 5000000.000000, 0.000000, 0.001017, 0.001017, 0.000000, 10.000000, 10.000000, 0.000002, 0.000002, 10.000000, 0.000002, 0.001017, 0.000000, 0.001017, 0.000000, 0.000000, 0.000000, 5000000.000000, 9.998983, 0.000100, 10.000000, 0.000100, 0.001017, 0.000100, 0.000000, 0.000010, 100000.000000, 10.168826, 0.001017, 0.000100, 10.000000, 0.000102, 293.150000, -0.422064, 0.000000, 293.150000, -4.220640, -0.422064, -0.422064, 297.370640, 0.100000, 0.001017, 0.000100, 0.001017, 0.000100, 0.000000, 0.000100, 297.370640, 10.000000, 293.150000, 10.000000, 0.000102, 10.000000, 0.000102, 0.000000, 0.000102, 10.000000, 297.370640, 297.370640, 25.000000, 24.220640, -0.422064, -0.062936, 0.000000, 0.000100, 0, 0
1.44, 0.000000, 297.287066, 0.000000, 0.000000, 0.000000, 16.000000, 0.000002, 0.000100, 0.000002, 0.000102, 29.728707, 0.001016, 297.287066, 0.500000, 0.000000, -0.000002, 0.004000, 297.287066, 4.166670, -0.413707, 297.287066, 0.000000, -0.413707, 10.000000, 0.000000, 0.000000, 0.100000, 0.000000, 298.000000, 0.000000, 0.000000, 297.287066, 0.000000, 0.000000, 298.150000, 2.000000, 100000.000000, 0.000100, 298.150000, 0.000102, 0.000000, 8.000000, 297.287066, 0.000100, 298.150000, 10.000000, 297.287066, 298.150000, 298.150000, 298.150000, 0.000002, 293.150000, 297.287066, 5000000.000000, 0.000000, 0.001016, 0.001016, 0.000000, 10.000000, 10.000000, 0.000002, 0.000002, 10.000000, 0.000002, 0.001016, 0.000000, 0.001016, 0.000000, 0.000000, 0.000000, 5000000.000000, 9.998984, 0.000100, 10.000000, 0.000100, 0.001016, 0.000100, 0.000000, 0.000010, 100000.000000, 10.165483, 0.001016, 0.000100, 10.000000, 0.000102, 293.150000, -0.413707, 0.000000, 293.150000, -4.137066, -0.413707, -0.413707, 297.287066, 0.100000, 0.001016, 0.000100, 0.001016, 0.000100, 0.000000, 0.000100, 297.287066, 10.000000, 293.150000, 10.000000, 0.000102, 10.000000, 0.000102, 0.000000, 0.000102, 10.000000, 297.287066, 297.287066, 25.000000, 24.137066, -0.413706, -0.071293, 0.000000, 0.000100, 0, 0
1.46, 0.000000, 297.205146, 0.000000, 0.000000, 0.000000, 16.000000, 0.000002, 0.000100, 0.000002, 0.000102, 29.720515, 0.001016, 297.205146, 0.500000, 0.000000, -0.000002, 0.004000, 297.205146, 4.166670, -0.405515, 297.205146, 0.000000, -0.405515, 10.000000, 0.000000, 0.000000, 0.100000, 0.000000, 298.000000, 0.000000, 0.000000, 297.205146, 0.000000, 0.000000, 298.150000, 2.000000, 100000.000000, 0.000100, 298.150000, 0.000102, 0.000000, 8.000000, 297.205146, 0.000100, 298.150000, 10.000000, 297.205146, 298.150000, 298.150000, 298.150000, 0.000002, 293.150000, 297.205146, 5000000.000000, 0.000000, 0.001016, 0.001016, 0.000000, 10.000000, 10.000000, 0.000002, 0.000002, 10.000000, 0.000002, 0.001016, 0.000000, 0.001016, 0.000000, 0.000000, 0.000000, 5000000.000000, 9.998984, 0.000100, 10.000000, 0.000100, 0.001016, 0.000100, 0.000000, 0.000010, 100000.000000, 10.162206, 0.001016, 0.000100, 10.000000, 0.000102, 293.150000, -0.405515, 0.000000, 293.150000, -4.055146, -0.405515, -0.405515, 297.205146, 0.100000, 0.001016, 0.000100, 0.001016, 0.000100, 0.000000, 0.000100, 297.205146, 10.000000, 293.150000, 10.000000, 0.000102, 10.000000, 0.000102, 0.000000, 0.000102, 10.000000, 297.205146, 297.205146, 25.000000, 24.055146, -0.405515, -0.079485, 0.000000, 0.000100, 0, 0
1.48, 0.000000, 297.742256, 0.000000, 0.000000, 0.000000, 16.000000, 0.000002, 0.981961, 0.000002, 0.981965, 29.774226, 9.999990, 297.742256, 0.500000, 0.000000, -0.000004, 0.004000, 297.742256, 4.166670, -0.459226, 297.742256, 0.000002, -0.459226, 10.000000, 0.000000, 9.819604, 0.100000, 0.000000, 298.000000, 0.000000, 1.000000, 297.742256, 1.000000, 0.000000, 298.150000, 2.000000, 100000.000000, 0.981961, 298.150000, 0.981965, 0.000000, 8.000000, 297.742256, 0.981963, 298.150000, 10.000000, 297.742256, 298.150000, 298.150000, 298.150000, 0.000002, 293.150000, 297.742256, 5000000.000000, 0.000002, 9.999990, 9.999990, 0.000002, 10.000000, 10.000000, 0.000002, 0.000002, 10.000000, 0.000002, 9.999990, 0.000002, 9.999990, 0.000002, 0.000000, 0.000002, 5000000.000000, 0.000010, 0.981963, 10.000000, 0.981963, 9.999990, 0.981963, 1.000000, 0.000010, 0.000010, 10.183690, 9.999990, 0.981961, 10.000000, 0.981965, 293.150000, -0.459226, 9.819604, 293.150000, -4.592256, -0.459226, -0.459226, 297.742256, 0.100000, 9.999990, 0.981961, 9.999990, 0.981961, 0.000000, 0.981961, 297.742256, 10.000000, 293.150000, 10.000000, 0.981965, 10.000000, 0.981965, 0.000000, 0.981965, 10.000000, 297.742256, 297.742256, 25.000000, 24.592256, 9.360378, -0.025774, 0.000000, 0.981963, 1, 1
1.5, 0.000000, 299.121438, 0.000000, 0.000000, 0.000000, 16.000000, 0.000002, 0.000100, 0.000002, 0.000102, 29.912144, 0.001024, 299.121438, 0.500000, 0.000000, -0.000002, 0.004000, 299.121438, 4.166670, -0.597144, 299.121438, 0.000000, -0.597144, 10.000000, 0.000000, 0.000000, 0.100000, 0.000000, 298.000000, 0.000000, 0.000000, 299.121438, 0.000000, 0.000000, 298.150000, 2.000000, 100000.000000, 0.000100, 298.150000, 0.000102, 0.000000, 8.000000, 299.121438, 0.000100, 298.150000, 10.000000, 299.121438, 298.150000, 298.150000, 298.150000, 0.000002, 293.150000, 299.121438, 5000000.000000, 0.000000, 0.001024, 0.001024, 0.000000, 10.000000, 10.000000, 0.000002, 0.000002, 10.000000, 0.000002, 0.001024, 0.000000, 0.001024, 0.000000, 0.000000, 0.000000, 5000000.000000, 9.998976, 0.000100, 10.000000, 0.000100, 0.001024, 0.000100, 0.000000, 0.000010, 100000.000000, 10.238858, 0.001024, 0.000100, 10.000000, 0.000102, 293.150000, -0.597144, 0.000000, 293.150000, -5.971438, -0.597144, -0.597144, 299.121438, 0.100000, 0.001024, 0.000100, 0.001024, 0.000100, 0.000000, 0.000100, 299.121438, 10.000000, 293.150000, 10.000000, 0.000102, 10.000000, 0.000102, 0.000000, 0.000102, 10.000000, 299.121438, 299.121438, 25.000000, 25.971438, -0.597144, 0.112144, 0.000000, 0.000100, 0, 0
1.52, 0.000000, 299.003196, 0.000000, 0.000000, 0.000000, 16.000000, 0.000002, 0.000100, 0.000002, 0.000102, 29.900320, 0.001023, 299.003196, 0.500000, 0.000000, -0.000002, 0.004000, 299.003196, 4.166670, -0.585320, 299.003196, 0.000000, -0.585320, 10.000000, 0.000000, 0.000000, 0.100000, 0.000000, 298.000000, 0.000000, 0.000000, 299.003196, 0.000000, 0.000000, 298.150000, 2.000000, 100000.000000, 0.000100, 298.150000, 0.000102, 0.000000, 8.000000, 299.003196, 0.000100, 298.150000, 10.000000, 299.003196, 298.150000, 298.150000, 298.150000, 0.000002, 293.150000, 299.003196, 5000000.000000, 0.000000, 0.001023, 0.001023, 0.000000, 10.000000, 10.000000, 0.000002, 0.000002, 10.000000, 0.000002, 0.001023, 0.000000, 0.001023, 0.000000, 0.000000, 0.000000, 5000000.000000, 9.998977, 0.000100, 10.000000, 0.000100, 0.001023, 0.000100, 0.000000, 0.000010, 100000.000000, 10.234128, 0.001023, 0.000100, 10.000000, 0.000102, 293.150000, -0.585320, 0.000000, 293.150000, -5.853196, -0.585320, -0.585320, 299.003196, 0.100000, 0.001023, 0.000100, 0.001023, 0.000100, 0.000000, 0.000100, 299.003196, 10.000000, 293.150000, 10.000000, 0.000102, 10.000000, 0.000102, 0.000000, 0.000102, 10.000000, 299.003196, 299.003196, 25.000000, 25.853196, -0.585319, 0.100320, 0.000000, 0.000100, 0, 0
1.54, 0.000000, 298.887295, 0.000000, 0.000000, 0.000000, 16.000000, 0.000002, 0.000100, 0.000002, 0.000102, 29.888729, 0.001023, 298.887295, 0.500000, 0.000000, -0.000002, 0.004000, 298.887295, 4.166670, -0.573729, 298.887295, 0.000000, -0.573729, 10.000000, 0.000000, 0.000000, 0.100000, 0.000000, 298.000000, 0.000000, 0.000000, 298.887295, 0.000000, 0.000000, 298.150000, 2.000000, 100000.000000, 0.000100, 298.150000, 0.000102, 0.000000, 8.000000, 298.887295, 0.000100, 298.150000, 10.000000, 298.887295, 298.150000, 298.150000, 298.150000, 0.000002, 293.150000, 298.887295, 5000000.000000, 0.000000, 0.001023, 0.001023, 0.000000, 10.000000, 10.000000, 0.000002, 0.000002, 10.000000, 0.000002, 0.001023, 0.000000, 0.001023, 0.000000, 0.000000, 0.000000, 5000000.000000, 9.998977, 0.000100, 10.000000, 0.000100, 0.001023, 0.000100, 0.000000, 0.000010, 100000.000000, 10.229492, 0.001023, 0.000100, 10.000000, 0.000102, 293.150000, -0.573729, 0.000000, 293.150000, -5.737295, -0.573729, -0.573729, 298.887295, 0.100000, 0.001023, 0.000100, 0.001023, 0.000100, 0.000000, 0.000100, 298.887295, 10.000000, 293.150000, 10.000000, 0.000102, 10.000000, 0.000102, 0.000000, 0.000102, 10.000000, 298.887295, 298.887295, 25.000000, 25.737295, -0.573729, 0.088729, 0.000000, 0.000100, 0, 0
1.56, 0.000000, 298.773689, 0.000000, 0.000000, 0.000000, 16.000000, 0.000002, 0.000100, 0.000002, 0.000102, 29.877369, 0.001022, 298.773689, 0.500000, 0.000000, -0.000002, 0.004000, 298.773689, 4.166670, -0.562369, 298.773689, 0.000000, -0.562369, 10.000000, 0.000000, 0.000000, 0.100000, 0.000000, 298.000000, 0.000000, 0.000000, 298.773689, 0.000000, 0.000000, 298.150000, 2.000000, 100000.000000, 0.000100, 298.150000, 0.000102, 0.000000, 8.000000, 298.773689, 0.000100, 298.150000, 10.000000, 298.773689, 298.150000, 298.150000, 298.150000, 0.000002, 293.150000, 298.773689, 5000000.000000, 0.000000, 0.001022, 0.001022, 0.000000, 10.000000, 10.000000, 0.000002, 0.000002, 10.000000, 0.000002, 0.001022, 0.000000, 0.001022, 0.000000, 0.000000, 0.000000, 5000000.000000, 9.998978, 0.000100, 10.000000, 0.000100, 0.001022, 0.000100, 0.000000, 0.000010, 100000.000000, 10.224948, 0.001022, 0.000100, 10.000000, 0.000102, 293.150000, -0.562369, 0.000000, 293.150000, -5.623689, -0.562369, -0.562369, 298.773689, 0.100000, 0.001022, 0.000100, 0.001022, 0.000100, 0.000000, 0.000100, 298.773689, 10.000000, 293.150000, 10.000000, 0.000102, 10.000000, 0.000102, 0.000000, 0.000102, 10.000000, 298.773689, 298.773689, 25.000000, 25.623689, -0.562369, 0.077369, 0.000000, 0.000100, 0, 0
1.58, 0.000000, 298.662332, 0.000000, 0.000000, 0.000000, 16.000000, 0.000002, 0.000100, 0.000002, 0.000102, 29.866233, 0.001022, 298.662332, 0.500000, 0.000000, -0.000002, 0.004000, 298.662332, 4.166670, -0.551233, 298.662332, 0.000000, -0.551233, 10.000000, 0.000000, 0.000000, 0.100000, 0.000000, 298.000000, 0.000000, 0.000000, 298.662332, 0.000000, 0.000000, 298.150000, 2.000000, 100000.000000, 0.000100, 298.150000, 0.000102, 0.000000, 8.000000, 298.662332, 0.000100, 298.150000, 10.000000, 298.662332, 298.150000, 298.150000, 298.150000, 0.000002, 293.150000, 298.662332, 5000000.000000, 0.000000, 0.001022, 0.001022, 0.000000, 10.000000, 10.000000, 0.000002, 0.000002, 10.000000, 0.000002, 0.001022, 0.000000, 0.001022, 0.000000, 0.000000, 0.000000, 5000000.000000, 9.998978, 0.000100, 10.000000, 0.000100, 0.001022, 0.000100, 0.000000, 0.000010, 100000.000000, 10.220493, 0.001022, 0.000100, 10.000000, 0.000102, 293.150000, -0.551233, 0.000000, 293.150000, -5.512332, -0.551233, -0.551233, 298.662332, 0.100000, 0.001022, 0.000100, 0.001022, 0.000100, 0.000000, 0.000100, 298.662332, 10.000000, 293.150000, 10.000000, 0.000102, 10.000000, 0.000102, 0.000000, 0.000102, 10.000000, 298.662332, 298.662332, 25.000000, 25.512332, -0.551233, 0.066233, 0.000000, 0.000100, 0, 0
1.6, 0.000000, 298.553181, 0.000000, 0.000000, 0.000000, 16.000000, 0.000002, 0.000100, 0.000002, 0.000102, 29.855318, 0.001022, 298.553181, 0.500000, 0.000000, -0.000002, 0.004000, 298.553181, 4.166670, -0.540318, 298.553181, 0.000000, -0.540318, 10.000000, 0.000000, 0.000000, 0.100000, 0.000000, 298.000000, 0.000000, 0.000000, 298.553181, 0.000000, 0.000000, 298.150000, 2.000000, 100000.000000, 0.000100, 298.150000, 0.000102, 0.000000, 8.000000, 298.553181, 0.000100, 298.150000, 10.000000, 298.553181, 298.150000, 298.150000, 298.150000, 0.000002, 293.150000, 298.553181, 5000000.000000, 0.000000, 0.001022, 0.001022, 0.000000, 10.000000, 10.000000, 0.000002, 0.000002, 10.000000, 0.000002, 0.001022, 0.000000, 0.001022, 0.000000, 0.000000, 0.000000, 5000000.000000, 9.998978, 0.000100, 10.000000, 0.000100, 0.001022, 0.000100, 0.000000, 0.000010, 100000.000000, 10.216127, 0.001022, 0.000100, 10.000000, 0.000102, 293.150000, -0.540318, 0.000000, 293.150000, -5.403181, -0.540318, -0.540318, 298.553181, 0.100000, 0.001022, 0.000100, 0.001022, 0.000100, 0.000000, 0.000100, 298.553181, 10.000000, 293.150000, 10.000000, 0.000102, 10.000000, 0.000102, 0.000000, 0.000102, 10.000000, 298.553181, 298.553181, 25.000000, 25.403181, -0.540318, 0.055318, 0.000000, 0.000100, 0, 0
1.62, 0.000000, 298.446191, 0.000000, 0.000000, 0.000000, 16.000000, 0.000002, 0.000100, 0.000002, 0.000102, 29.844619, 0.001021, 298.446191, 0.500000, 0.000000, -0.000002, 0.004000, 298.446191, 4.166670, -0.529619, 298.446191, 0.000000, -0.529619, 10.000000, 0.000000, 0.000000, 0.100000, 0.000000, 298.000000, 0.000000, 0.000000, 298.446191, 0.000000, 0.000000, 298.150000, 2.000000, 100000.000000, 0.000100, 298.150000, 0.000102, 0.000000, 8.000000, 298.446191, 0.000100, 298.150000, 10.000000, 298.446191, 298.150000, 298.150000, 298.150000, 0.000002, 293.150000, 298.446191, 5000000.000000, 0.000000, 0.001021, 0.001021, 0.000000, 10.000000, 10.000000, 0.000002, 0.000002, 10.000000, 0.000002, 0.001021, 0.000000, 0.001021, 0.000000, 0.000000, 0.000000, 5000000.000000, 9.998979, 0.000100, 10.000000, 0.000100, 0.001021, 0.000100, 0.000000, 0.000010, 100000.000000, 10.211848, 0.001021, 0.000100, 10.000000, 0.000102, 293.150000, -0.529619, 0.000000, 293.150000, -5.296191, -0.529619, -0.529619, 298.446191, 0.100000, 0.001021, 0.000100, 0.001021, 0.000100, 0.000000, 0.000100, 298.446191, 10.000000, 293.150000, 10.000000, 0.000102, 10.000000, 0.000102, 0.000000, 0.000102, 10.000000, 298.446191, 298.446191, 25.000000, 25.296191, -0.529619, 0.044619, 0.000000, 0.000100, 0, 0
1.64, 0.000000, 298.341319, 0.000000, 0.000000, 0.000000, 16.000000, 0.000002, 0.000100, 0.000002, 0.000102, 29.834132, 0.001021, 298.341319, 0.500000, 0.000000, -0.000002, 0.004000, 298.341319, 4.166670, -0.519132, 298.341319, 0.000000, -0.519132, 10.000000, 0.000000, 0.000000, 0.100000, 0.000000, 298.000000, 0.000000, 0.000000, 298.341319, 0.000000, 0.000000, 298.150000, 2.000000, 100000.000000, 0.000100, 298.150000, 0.000102, 0.000000, 8.000000, 298.341319, 0.000100, 298.150000, 10.000000, 298.341319, 298.150000, 298.150000, 298.150000, 0.000002, 293.150000, 298.341319, 5000000.000000, 0.000000, 0.001021, 0.001021, 0.000000, 10.000000, 10.000000, 0.000002, 0.000002, 10.000000, 0.000002, 0.001021, 0.000000, 0.001021, 0.000000, 0.000000, 0.000000, 5000000.000000, 9.998979, 0.000100, 10.000000, 0.000100, 0.001021, 0.000100, 0.000000, 0.000010, 100000.000000, 10.207653, 0.001021, 0.000100, 10.000000, 0.000102, 293.150000, -0.519132, 0.000000, 293.150000, -5.191319, -0.519132, -0.519132, 298.341319, 0.100000, 0.001021, 0.000100, 0.001021, 0.000100, 0.000000, 0.000100, 298.341319, 10.000000, 293.150000, 10.000000, 0.000102, 10.000000, 0.000102, 0.000000, 0.000102, 10.000000, 298.341319, 298.341319, 25.000000, 25.191319, -0.519132, 0.034132, 0.000000, 0.000100, 0, 0
1.66, 0.000000, 298.238524, 0.000000, 0.000000, 0.000000, 16.000000, 0.000002, 0.000100, 0.000002, 0.000102, 29.823852, 0.001020, 298.238524, 0.500000, 0.000000, -0.000002, 0.004000, 298.238524, 4.166670, -0.508852, 298.238524, 0.000000, -0.508852, 10.000000, 0.000000, 0.000000, 0.100000, 0.000000, 298.000000, 0.000000, 0.000000, 298.238524, 0.000000, 0.000000, 298.150000, 2.000000, 100000.000000, 0.000100, 298.150000, 0.000102, 0.000000, 8.000000, 298.238524, 0.000100, 298.150000, 10.000000, 298.238524, 298.150000, 298.150000, 298.150000, 0.000002, 293.150000, 298.238524, 5000000.000000, 0.000000, 0.001020, 0.001020, 0.000000, 10.000000, 10.000000, 0.000002, 0.000002, 10.000000, 0.000002, 0.001020, 0.000000, 0.001020, 0.000000, 0.000000, 0.000000, 5000000.000000, 9.998980, 0.000100, 10.000000, 0.000100, 0.001020, 0.000100, 0.000000, 0.000010, 100000.000000, 10.203541, 0.001020, 0.000100, 10.000000, 0.000102, 293.150000, -0.508852, 0.000000, 293.150000, -5.088524, -0.508852, -0.508852, 298.238524, 0.100000, 0.001020, 0.000100, 0.001020, 0.000100, 0.000000, 0.000100, 298.238524, 10.000000, 293.150000, 10.000000, 0.000102, 10.000000, 0.000102, 0.000000, 0.000102, 10.000000, 298.238524, 298.238524, 25.000000, 25.088524, -0.508852, 0.023852, 0.000000, 0.000100, 0, 0
1.68, 0.000000, 298.137764, 0.000000, 0.000000, 0.000000, 16.000000, 0.000002, 0.000100, 0.000002, 0.000102, 29.813776, 0.001020, 298.137764, 0.500000, 0.000000, -0.000002, 0.004000, 298.137764, 4.166670, -0.498776, 298.137764, 0.000000, -0.498776, 10.000000, 0.000000, 0.000000, 0.100000, 0.000000, 298.000000, 0.000000, 0.000000, 298.137764, 0.000000, 0.000000, 298.150000, 2.000000, 100000.000000, 0.000100, 298.150000, 0.000102, 0.000000, 8.000000, 298.137764, 0.000100, 298.150000, 10.000000, 298.137764, 298.150000, 298.150000, 298.150000, 0.000002, 293.150000, 298.137764, 5000000.000000, 0.000000, 0.001020, 0.001020, 0.000000, 10.000000, 10.000000, 0.000002, 0.000002, 10.000000, 0.000002, 0.001020, 0.000000, 0.001020, 0.000000, 0.000000, 0.000000, 5000000.000000, 9.998980, 0.000100, 10.000000, 0.000100, 0.001020, 0.000100, 0.000000, 0.000010, 100000.000000, 10.199511, 0.001020, 0.000100, 10.000000, 0.000102, 293.150000, -0.498776, 0.000000, 293.150000, -4.987764, -0.498776, -0.498776, 298.137764, 0.100000, 0.001020, 0.000100, 0.001020, 0.000100, 0.000000, 0.000100, 298.137764, 10.000000, 293.150000, 10.000000, 0.000102, 10.000000, 0.000102, 0.000000, 0.000102, 10.000000, 298.137764, 298.137764, 25.000000, 24.987764, -0.498776, 0.013776, 0.000000, 0.000100, 0, 0
1.7, 0.000000, 298.039000, 0.000000, 0.000000, 0.000000, 16.000000, 0.000002, 0.000100, 0.000002, 0.000102, 29.803900, 0.001019, 298.039000, 0.500000, 0.000000, -0.000002, 0.004000, 298.039000, 4.166670, -0.488900, 298.039000, 0.000000, -0.488900, 10.000000, 0.000000, 0.000000, 0.100000, 0.000000, 298.000000, 0.000000, 0.000000, 298.039000, 0.000000, 0.000000, 298.150000, 2.000000, 100000.000000, 0.000100, 298.150000, 0.000102, 0.000000, 8.000000, 298.039000, 0.000100, 298.150000, 10.000000, 298.039000, 298.150000, 298.150000, 298.150000, 0.000002, 293.150000, 298.039000, 5000000.000000, 0.000000, 0.001019, 0.001019, 0.000000, 10.000000, 10.000000, 0.000002, 0.000002, 10.000000, 0.000002, 0.001019, 0.000000, 0.001019, 0.000000, 0.000000, 0.000000, 5000000.000000, 9.998981, 0.000100, 10.000000, 0.000100, 0.001019, 0.000100, 0.000000, 0.000010, 100000.000000, 10.195560, 0.001019, 0.000100, 10.000000, 0.000102, 293.150000, -0.488900, 0.000000, 293.150000, -4.889000, -0.488900, -0.488900, 298.039000, 0.100000, 0.001019, 0.000100, 0.001019, 0.000100, 0.000000, 0.000100, 298.039000, 10.000000, 293.150000, 10.000000, 0.000102, 10.000000, 0.000102, 0.000000, 0.000102, 10.000000, 298.039000, 298.039000, 25.000000, 24.889000, -0.488900, 0.003900, 0.000000, 0.000100, 0, 0
1.72, 0.000000, 297.942191, 0.000000, 0.000000, 0.000000, 16.000000, 0.000002, 0.000100, 0.000002, 0.000102, 29.794219, 0.001019, 297.942191, 0.500000, 0.000000, -0.000002, 0.004000, 297.942191, 4.166670, -0.479219, 297.942191, 0.000000, -0.479219, 10.000000, 0.000000, 0.000000, 0.100000, 0.000000, 298.000000, 0.000000, 0.000000, 297.942191, 0.000000, 0.000000, 298.150000, 2.000000, 100000.000000, 0.000100, 298.150000, 0.000102, 0.000000, 8.000000, 297.942191, 0.000100, 298.150000, 10.000000, 297.942191, 298.150000, 298.150000, 298.150000, 0.000002, 293.150000, 297.942191, 5000000.000000, 0.000000, 0.001019, 0.001019, 0.000000, 10.000000, 10.000000, 0.000002, 0.000002, 10.000000, 0.000002, 0.001019, 0.000000, 0.001019, 0.000000, 0.000000, 0.000000, 5000000.000000, 9.998981, 0.000100, 10.000000, 0.000100, 0.001019, 0.000100, 0.000000, 0.000010, 100000.000000, 10.191688, 0.001019, 0.000100, 10.000000, 0.000102, 293.150000, -0.479219, 0.000000, 293.150000, -4.792191, -0.479219, -0.479219, 297.942191, 0.100000, 0.001019, 0.000100, 0.001019, 0.000100, 0.000000, 0.000100, 297.942191, 10.000000, 293.150000, 10.000000, 0.000102, 10.000000, 0.000102, 0.000000, 0.000102, 10.000000, 297.942191, 297.942191, 25.000000, 24.792191, -0.479219, -0.005781, 0.000000, 0.000100, 0, 0
1.74, 0.000000, 297.847300, 0.000000, 0.000000, 0.000000, 16.000000, 0.000002, 0.000100, 0.000002, 0.000102, 29.784730, 0.001019, 297.847300, 0.500000, 0.000000, -0.000002, 0.004000, 297.847300, 4.166670, -0.469730, 297.847300, 0.000000, -0.469730, 10.000000, 0.000000, 0.000000, 0.100000, 0.000000, 298.000000, 0.000000, 0.000000, 297.847300, 0.000000, 0.000000, 298.150000, 2.000000, 100000.000000, 0.000100, 298.150000, 0.000102, 0.000000, 8.000000, 297.847300, 0.000100, 298.150000, 10.000000, 297.847300, 298.150000, 298.150000, 298.150000, 0.000002, 293.150000, 297.847300, 5000000.000000, 0.000000, 0.001019, 0.001019, 0.000000, 10.000000, 10.000000, 0.000002, 0.000002, 10.000000, 0.000002, 0.001019, 0.000000, 0.001019, 0.000000, 0.000000, 0.000000, 5000000.000000, 9.998981, 0.000100, 10.000000, 0.000100, 0.001019, 0.000100, 0.000000, 0.000010, 100000.000000, 10.187892, 0.001019, 0.000100, 10.000000, 0.000102, 293.150000, -0.469730, 0.000000, 293.150000, -4.697300, -0.469730, -0.469730, 297.847300, 0.100000, 0.001019, 0.000100, 0.001019, 0.000100, 0.000000, 0.000100, 297.847300, 10.000000, 293.150000, 10.000000, 0.000102, 10.000000, 0.000102, 0.000000, 0.000102, 10.000000, 297.847300, 297.847300, 25.000000, 24.697300, -0.469730, -0.015270, 0.000000, 0.000100, 0, 0
1.76, 0.000000, 297.754287, 0.000000, 0.000000, 0.000000, 16.000000, 0.000002, 0.000100, 0.000002, 0.000102, 29.775429, 0.001018, 297.754287, 0.500000, 0.000000, -0.000002, 0.004000, 297.754287, 4.166670, -0.460429, 297.754287, 0.000000, -0.460429, 10.000000, 0.000000, 0.000000, 0.100000, 0.000000, 298.000000, 0.000000, 0.000000, 297.754287, 0.000000, 0.000000, 298.150000, 2.000000, 100000.000000, 0.000100, 298.150000, 0.000102, 0.000000, 8.000000, 297.754287, 0.000100, 298.150000, 10.000000, 297.754287, 298.150000, 298.150000, 298.150000, 0.000002, 293.150000, 297.754287, 5000000.000000, 0.000000, 0.001018, 0.001018, 0.000000, 10.000000, 10.000000, 0.000002, 0.000002, 10.000000, 0.000002, 0.001018, 0.000000, 0.001018, 0.000000, 0.000000, 0.000000, 5000000.000000, 9.998982, 0.000100, 10.000000, 0.000100, 0.001018, 0.000100, 0.000000, 0.000010, 100000.000000, 10.184171, 0.001018, 0.000100, 10.000000, 0.000102, 293.150000, -0.460429, 0.000000, 293.150000, -4.604287, -0.460429, -0.460429, 297.754287, 0.100000, 0.001018, 0.000100, 0.001018, 0.000100, 0.000000, 0.000100, 297.754287, 10.000000, 293.150000, 10.000000, 0.000102, 10.000000, 0.000102, 0.000000, 0.000102, 10.000000, 297.754287, 297.754287, 25.000000, 24.604287, -0.460429, -0.024571, 0.000000, 0.000100, 0, 0
1.78, 0.000000, 297.663116, 0.000000, 0.000000, 0.000000, 16.000000, 0.000002, 0.000100, 0.000002, 0.000102, 29.766312, 0.001018, 297.663116, 0.500000, 0.000000, -0.000002, 0.004000, 297.663116, 4.166670, -0.451312, 297.663116, 0.000000, -0.451312, 10.000000, 0.000000, 0.000000, 0.100000, 0.000000, 298.000000, 0.000000, 0.000000, 297.663116, 0.000000, 0.000000, 298.150000, 2.000000, 100000.000000, 0.000100, 298.150000, 0.000102, 0.000000, 8.000000, 297.663116, 0.000100, 298.150000, 10.000000, 297.663116, 298.150000, 298.150000, 298.150000, 0.000002, 293.150000, 297.663116, 5000000.000000, 0.000000, 0.001018, 0.001018, 0.000000, 10.000000, 10.000000, 0.000002, 0.000002, 10.000000, 0.000002, 0.001018, 0.000000, 0.001018, 0.000000, 0.000000, 0.000000, 5000000.000000, 9.998982, 0.000100, 10.000000, 0.000100, 0.001018, 0.000100, 0.000000, 0.000010, 100000.000000, 10.180525, 0.001018, 0.000100, 10.000000, 0.000102, 293.150000, -0.451312, 0.000000, 293.150000, -4.513116, -0.451312, -0.451312, 297.663116, 0.100000, 0.001018, 0.000100, 0.001018, 0.000100, 0.000000, 0.000100, 297.663116, 10.000000, 293.150000, 10.000000, 0.000102, 10.000000, 0.000102, 0.000000, 0.000102, 10.000000, 297.663116, 297.663116, 25.000000, 24.513116, -0.451311, -0.033688, 0.000000, 0.000100, 0, 0
1.8, 0.000000, 297.573750, 0.000000, 0.000000, 0.000000, 16.000000, 0.000002, 0.000100, 0.000002, 0.000102, 29.757375, 0.001018, 297.573750, 0.500000, 0.000000, -0.000002, 0.004000, 297.573750, 4.166670, -0.442375, 297.573750, 0.000000, -0.442375, 10.000000, 0.000000, 0.000000, 0.100000, 0.000000, 298.000000, 0.000000, 0.000000, 297.573750, 0.000000, 0.000000, 298.150000, 2.000000, 100000.000000, 0.000100, 298.150000, 0.000102, 0.000000, 8.000000, 297.573750, 0.000100, 298.150000, 10.000000, 297.573750, 298.150000, 298.150000, 298.150000, 0.000002, 293.150000, 297.573750, 5000000.000000, 0.000000, 0.001018, 0.001018, 0.000000, 10.000000, 10.000000, 0.000002, 0.000002, 10.000000, 0.000002, 0.001018, 0.000000, 0.001018, 0.000000, 0.000000, 0.000000, 5000000.000000, 9.998982, 0.000100, 10.000000, 0.000100, 0.001018, 0.000100, 0.000000, 0.000010, 100000.000000, 10.176950, 0.001018, 0.000100, 10.000000, 0.000102, 293.150000, -0.442375, 0.000000, 293.150000, -4.423750, -0.442375, -0.442375, 297.573750, 0.100000, 0.001018, 0.000100, 0.001018, 0.000100, 0.000000, 0.000100, 297.573750, 10.000000, 293.150000, 10.000000, 0.000102, 10.000000, 0.000102, 0.000000, 0.000102, 10.000000, 297.573750, 297.573750, 25.000000, 24.423750, -0.442375, -0.042625, 0.000000, 0.000100, 0, 0
1.82, 0.000000, 297.486154, 0.000000, 0.000000, 0.000000, 16.000000, 0.000002, 0.000100, 0.000002, 0.000102, 29.748615, 0.001017, 297.486154, 0.500000, 0.000000, -0.000002, 0.004000, 297.486154, 4.166670, -0.433615, 297.486154, 0.000000, -0.433615, 10.000000, 0.000000, 0.000000, 0.100000, 0.000000, 298.000000, 0.000000, 0.000000, 297.486154, 0.000000, 0.000000, 298.150000, 2.000000, 100000.000000, 0.000100, 298.150000, 0.000102, 0.000000, 8.000000, 297.486154, 0.000100, 298.150000, 10.000000, 297.486154, 298.150000, 298.150000, 298.150000, 0.000002, 293.150000, 297.486154, 5000000.000000, 0.000000, 0.001017, 0.001017, 0.000000, 10.000000, 10.000000, 0.000002, 0.000002, 10.000000, 0.000002, 0.001017, 0.000000, 0.001017, 0.000000, 0.000000, 0.000000, 5000000.000000, 9.998983, 0.000100, 10.000000, 0.000100, 0.001017, 0.000100, 0.000000, 0.000010, 100000.000000, 10.173446, 0.001017, 0.000100, 10.000000, 0.000102, 293.150000, -0.433615, 0.000000, 293.150000, -4.336154, -0.433615, -0.433615, 297.486154, 0.100000, 0.001017, 0.000100, 0.001017, 0.000100, 0.000000, 0.000100, 297.486154, 10.000000, 293.150000, 10.000000, 0.000102, 10.000000, 0.000102, 0.000000, 0.000102, 10.000000, 297.486154, 297.486154, 25.000000, 24.336154, -0.433615, -0.051385, 0.000000, 0.000100, 0, 0
1.84, 0.000000, 297.400293, 0.000000, 0.000000, 0.000000, 16.000000, 0.000002, 0.000100, 0.000002, 0.000102, 29.740029, 0.001017, 297.400293, 0.500000, 0.000000, -0.000002, 0.004000, 297.400293, 4.166670, -0.425029, 297.400293, 0.000000, -0.425029, 10.000000, 0.000000, 0.000000, 0.100000, 0.000000, 298.000000, 0.000000, 0.000000, 297.400293, 0.000000, 0.000000, 298.150000, 2.000000, 100000.000000, 0.000100, 298.150000, 0.000102, 0.000000, 8.000000, 297.400293, 0.000100, 298.150000, 10.000000, 297.400293, 298.150000, 298.150000, 298.150000, 0.000002, 293.150000, 297.400293, 5000000.000000, 0.000000, 0.001017, 0.001017, 0.000000, 10.000000, 10.000000, 0.000002, 0.000002, 10.000000, 0.000002, 0.001017, 0.000000, 0.001017, 0.000000, 0.000000, 0.000000, 5000000.000000, 9.998983, 0.000100, 10.000000, 0.000100, 0.001017, 0.000100, 0.000000, 0.000010, 100000.000000, 10.170012, 0.001017, 0.000100, 10.000000, 0.000102, 293.150000, -0.425029, 0.000000, 293.150000, -4.250293, -0.425029, -0.425029, 297.400293, 0.100000, 0.001017, 0.000100, 0.001017, 0.000100, 0.000000, 0.000100, 297.400293, 10.000000, 293.150000, 10.000000, 0.000102, 10.000000, 0.000102, 0.000000, 0.000102, 10.000000, 297.400293, 297.400293, 25.000000, 24.250293, -0.425029, -0.059971, 0.000000, 0.000100, 0, 0
1.86, 0.000000, 297.316131, 0.000000, 0.000000, 0.000000, 16.000000, 0.000002, 0.000100, 0.000002, 0.000102, 29.731613, 0.001017, 297.316131, 0.500000, 0.000000, -0.000002, 0.004000, 297.316131, 4.166670, -0.416613, 297.316131, 0.000000, -0.416613, 10.000000, 0.000000, 0.000000, 0.100000, 0.000000, 298.000000, 0.000000, 0.000000, 297.316131, 0.000000, 0.000000, 298.150000, 2.000000, 100000.000000, 0.000100, 298.150000, 0.000102, 0.000000, 8.000000, 297.316131, 0.000100, 298.150000, 10.000000, 297.316131, 298.150000, 298.150000, 298.150000, 0.000002, 293.150000, 297.316131, 5000000.000000, 0.000000, 0.001017, 0.001017, 0.000000, 10.000000, 10.000000, 0.000002, 0.000002, 10.000000, 0.000002, 0.001017, 0.000000, 0.001017, 0.000000, 0.000000, 0.000000, 5000000.000000, 9.998983, 0.000100, 10.000000, 0.000100, 0.001017, 0.000100, 0.000000, 0.000010, 100000.000000, 10.166645, 0.001017, 0.000100, 10.000000, 0.000102, 293.150000, -0.416613, 0.000000, 293.150000, -4.166131, -0.416613, -0.416613, 297.316131, 0.100000, 0.001017, 0.000100, 0.001017, 0.000100, 0.000000, 0.000100, 297.316131, 10.000000, 293.150000, 10.000000, 0.000102, 10.000000, 0.000102, 0.000000, 0.000102, 10.000000, 297.316131, 297.316131, 25.000000, 24.166131, -0.416613, -0.068387, 0.000000, 0.000100, 0, 0
1.88, 0.000000, 297.233636, 0.000000, 0.000000, 0.000000, 16.000000, 0.000002, 0.000100, 0.000002, 0.000102, 29.723364, 0.001016, 297.233636, 0.500000, 0.000000, -0.000002, 0.004000, 297.233636, 4.166670, -0.408364, 297.233636, 0.000000, -0.408364, 10.000000, 0.000000, 0.000000, 0.100000, 0.000000, 298.000000, 0.000000, 0.000000, 297.233636, 0.000000, 0.000000, 298.150000, 2.000000, 100000.000000, 0.000100, 298.150000, 0.000102, 0.000000, 8.000000, 297.233636, 0.000100, 298.150000, 10.000000, 297.233636, 298.150000, 298.150000, 298.150000, 0.000002, 293.150000, 297.233636, 5000000.000000, 0.000000, 0.001016, 0.001016, 0.000000, 10.000000, 10.000000, 0.000002, 0.000002, 10.000000, 0.000002, 0.001016, 0.000000, 0.001016, 0.000000, 0.000000, 0.000000, 5000000.000000, 9.998984, 0.000100, 10.000000, 0.000100, 0.001016, 0.000100, 0.000000, 0.000010, 100000.000000, 10.163345, 0.001016, 0.000100, 10.000000, 0.000102, 293.150000, -0.408364, 0.000000, 293.150000, -4.083636, -0.408364, -0.408364, 297.233636, 0.100000, 0.001016, 0.000100, 0.001016, 0.000100, 0.000000, 0.000100, 297.233636, 10.000000, 293.150000, 10.000000, 0.000102, 10.000000, 0.000102, 0.000000, 0.000102, 10.000000, 297.233636, 297.233636, 25.000000, 24.083636, -0.408364, -0.076636, 0.000000, 0.000100, 0, 0
1.9, 0.000000, 297.152775, 0.000000, 0.000000, 0.000000, 16.000000, 0.000002, 0.000100, 0.000002, 0.000102, 29.715277, 0.001016, 297.152775, 0.500000, 0.000000, -0.000002, 0.004000, 297.152775, 4.166670, -0.400277, 297.152775, 0.000000, -0.400277, 10.000000, 0.000000, 0.000000, 0.100000, 0.000000, 298.000000, 0.000000, 0.000000, 297.152775, 0.000000, 0.000000, 298.150000, 2.000000, 100000.000000, 0.000100, 298.150000, 0.000102, 0.000000, 8.000000, 297.152775, 0.000100, 298.150000, 10.000000, 297.152775, 298.150000, 298.150000, 298.150000, 0.000002, 293.150000, 297.152775, 5000000.000000, 0.000000, 0.001016, 0.001016, 0.000000, 10.000000, 10.000000, 0.000002, 0.000002, 10.000000, 0.000002, 0.001016, 0.000000, 0.001016, 0.000000, 0.000000, 0.000000, 5000000.000000, 9.998984, 0.000100, 10.000000, 0.000100, 0.001016, 0.000100, 0.000000, 0.000010, 100000.000000, 10.160111, 0.001016, 0.000100, 10.000000, 0.000102, 293.150000, -0.400277, 0.000000, 293.150000, -4.002775, -0.400277, -0.400277, 297.152775, 0.100000, 0.001016, 0.000100, 0.001016, 0.000100, 0.000000, 0.000100, 297.152775, 10.000000, 293.150000, 10.000000, 0.000102, 10.000000, 0.000102, 0.000000, 0.000102, 10.000000, 297.152775, 297.152775, 25.000000, 24.002775, -0.400277, -0.084723, 0.000000, 0.000100, 0, 0
1.92, 0.000000, 298.948224, 0.000000, 0.000000, 0.000000, 16.000000, 0.000002, 0.977332, 0.000002, 0.977336, 29.894822, 9.999990, 298.948224, 0.500000, 0.000000, -0.000004, 0.004000, 298.948224, 4.166670, -0.579822, 298.948224, 0.000002, -0.579822, 10.000000, 0.000000, 9.773309, 0.100000, 0.000000, 298.000000, 0.000000, 1.000000, 298.948224, 1.000000, 0.000000, 298.150000, 2.000000, 100000.000000, 0.977332, 298.150000, 0.977336, 0.000000, 8.000000, 298.948224, 0.977334, 298.150000, 10.000000, 298.948224, 298.150000, 298.150000, 298.150000, 0.000002, 293.150000, 298.948224, 5000000.000000, 0.000002, 9.999990, 9.999990, 0.000002, 10.000000, 10.000000, 0.000002, 0.000002, 10.000000, 0.000002, 9.999990, 0.000002, 9.999990, 0.000002, 0.000000, 0.000002, 5000000.000000, 0.000010, 0.977334, 10.000000, 0.977334, 9.999990, 0.977334, 1.000000, 0.000010, 0.000010, 10.231929, 9.999990, 0.977332, 10.000000, 0.977336, 293.150000, -0.579822, 9.773309, 293.150000, -5.798224, -0.579822, -0.579822, 298.948224, 0.100000, 9.999990, 0.977332, 9.999990, 0.977332, 0.000000, 0.977332, 298.948224, 10.000000, 293.150000, 10.000000, 0.977336, 10.000000, 0.977336, 0.000000, 0.977336, 10.000000, 298.948224, 298.948224, 25.000000, 25.798224, 9.193487, 0.094822, 0.000000, 0.977334, 1, 1
1.94, 0.000000, 299.044316, 0.000000, 0.000000, 0.000000, 16.000000, 0.000002, 0.000100, 0.000002, 0.000102, 29.904432, 0.001023, 299.044316, 0.500000, 0.000000, -0.000002, 0.004000, 299.044316, 4.166670, -0.589432, 299.044316, 0.000000, -0.589432, 10.000000, 0.000000, 0.000000, 0.100000, 0.000000, 298.000000, 0.000000, 0.000000, 299.044316, 0.000000, 0.000000, 298.150000, 2.000000, 100000.000000, 0.000100, 298.150000, 0.000102, 0.000000, 8.000000, 299.044316, 0.000100, 298.150000, 10.000000, 299.044316, 298.150000, 298.150000, 298.150000, 0.000002, 293.150000, 299.044316, 5000000.000000, 0.000000, 0.001023, 0.001023, 0.000000, 10.000000, 10.000000, 0.000002, 0.000002, 10.000000, 0.000002, 0.001023, 0.000000, 0.001023, 0.000000, 0.000000, 0.000000, 5000000.000000, 9.998977, 0.000100, 10.000000, 0.000100, 0.001023, 0.000100, 0.000000, 0.000010, 100000.000000, 10.235773, 0.001023, 0.000100, 10.000000, 0.000102, 293.150000, -0.589432, 0.000000, 293.150000, -5.894316, -0.589432, -0.589432, 299.044316, 0.100000, 0.001023, 0.000100, 0.001023, 0.000100, 0.000000, 0.000100, 299.044316, 10.000000, 293.150000, 10.000000, 0.000102, 10.000000, 0.000102, 0.000000, 0.000102, 10.000000, 299.044316, 299.044316, 25.000000, 25.894316, -0.589431, 0.104432, 0.000000, 0.000100, 0, 0
1.96, 0.000000, 298.927601, 0.000000, 0.000000, 0.000000, 16.000000, 0.000002, 0.000100, 0.000002, 0.000102, 29.892760, 0.001023, 298.927601, 0.500000, 0.000000, -0.000002, 0.004000, 298.927601, 4.166670, -0.577760, 298.927601, 0.000000, -0.577760, 10.000000, 0.000000, 0.000000, 0.100000, 0.000000, 298.000000, 0.000000, 0.000000, 298.927601, 0.000000, 0.000000, 298.150000, 2.000000, 100000.000000, 0.000100, 298.150000, 0.000102, 0.000000, 8.000000, 298.927601, 0.000100, 298.150000, 10.000000, 298.927601, 298.150000, 298.150000, 298.150000, 0.000002, 293.150000, 298.927601, 5000000.000000, 0.000000, 0.001023, 0.001023, 0.000000, 10.000000, 10.000000, 0.000002, 0.000002, 10.000000, 0.000002, 0.001023, 0.000000, 0.001023, 0.000000, 0.000000, 0.000000, 5000000.000000, 9.998977, 0.000100, 10.000000, 0.000100, 0.001023, 0.000100, 0.000000, 0.000010, 100000.000000, 10.231104, 0.001023, 0.000100, 10.000000, 0.000102, 293.150000, -0.577760, 0.000000, 293.150000, -5.777601, -0.577760, -0.577760, 298.927601, 0.100000, 0.001023, 0.000100, 0.001023, 0.000100, 0.000000, 0.000100, 298.927601, 10.000000, 293.150000, 10.000000, 0.000102, 10.000000, 0.000102, 0.000000, 0.000102, 10.000000, 298.927601, 298.927601, 25.000000, 25.777601, -0.577760, 0.092760, 0.000000, 0.000100, 0, 0
1.98, 0.000000, 298.813196, 0.000000, 0.000000, 0.000000, 16.000000, 0.000002, 0.000100, 0.000002, 0.000102, 29.881320, 0.001023, 298.813196, 0.500000, 0.000000, -0.000002, 0.004000, 298.813196, 4.166670, -0.566320, 298.813196, 0.000000, -0.566320, 10.000000, 0.000000, 0.000000, 0.100000, 0.000000, 298.000000, 0.000000, 0.000000, 298.813196, 0.000000, 0.000000, 298.150000, 2.000000, 100000.000000, 0.000100, 298.150000, 0.000102, 0.000000, 8.000000, 298.813196, 0.000100, 298.150000, 10.000000, 298.813196, 298.150000, 298.150000, 298.150000, 0.000002, 293.150000, 298.813196, 5000000.000000, 0.000000, 0.001023, 0.001023, 0.000000, 10.000000, 10.000000, 0.000002, 0.000002, 10.000000, 0.000002, 0.001023, 0.000000, 0.001023, 0.000000, 0.000000, 0.000000, 5000000.000000, 9.998977, 0.000100, 10.000000, 0.000100, 0.001023, 0.000100, 0.000000, 0.000010, 100000.000000, 10.226528, 0.001023, 0.000100, 10.000000, 0.000102, 293.150000, -0.566320, 0.000000, 293.150000, -5.663196, -0.566320, -0.566320, 298.813196, 0.100000, 0.001023, 0.000100, 0.001023, 0.000100, 0.000000, 0.000100, 298.813196, 10.000000, 293.150000, 10.000000, 0.000102, 10.000000, 0.000102, 0.000000, 0.000102, 10.000000, 298.813196, 298.813196, 25.000000, 25.663196, -0.566320, 0.081320, 0.000000, 0.000100, 0, 0
2, 0.000000, 298.701058, 0.000000, 0.000000, 0.000000, 16.000000, 0.000002, 0.000100, 0.000002, 0.000102, 29.870106, 0.001022, 298.701058, 0.500000, 0.000000, -0.000002, 0.004000, 298.701058, 4.166670, -0.555106, 298.701058, 0.000000, -0.555106, 10.000000, 0.000000, 0.000000, 0.100000, 0.000000, 298.000000, 0.000000, 0.000000, 298.701058, 0.000000, 0.000000, 298.150000, 2.000000, 100000.000000, 0.000100, 298.150000, 0.000102, 0.000000, 8.000000, 298.701058, 0.000100, 298.150000, 10.000000, 298.701058, 298.150000, 298.150000, 298.150000, 0.000002, 293.150000, 298.701058, 5000000.000000, 0.000000, 0.001022, 0.001022, 0.000000, 10.000000, 10.000000, 0.000002, 0.000002, 10.000000, 0.000002, 0.001022, 0.000000, 0.001022, 0.000000, 0.000000, 0.000000, 5000000.000000, 9.998978, 0.000100, 10.000000, 0.000100, 0.001022, 0.000100, 0.000000, 0.000010, 100000.000000, 10.222042, 0.001022, 0.000100, 10.000000, 0.000102, 293.150000, -0.555106, 0.000000, 293.150000, -5.551058, -0.555106, -0.555106, 298.701058, 0.100000, 0.001022, 0.000100, 0.001022, 0.000100, 0.000000, 0.000100, 298.701058, 10.000000, 293.150000, 10.000000, 0.000102, 10.000000, 0.000102, 0.000000, 0.000102, 10.000000, 298.701058, 298.701058, 25.000000, 25.551058, -0.555106, 0.070106, 0.000000, 0.000100, 0, 0
2.02, 0.000000, 298.591139, 0.000000, 0.000000, 0.000000, 16.000000, 0.000002, 0.000100, 0.000002, 0.000102, 29.859114, 0.001022, 298.591139, 0.500000, 0.000000, -0.000002, 0.004000, 298.591139, 4.166670, -0.544114, 298.591139, 0.000000, -0.544114, 10.000000, 0.000000, 0.000000, 0.100000, 0.000000, 298.000000, 0.000000, 0.000000, 298.591139, 0.000000, 0.000000, 298.150000, 2.000000, 100000.000000, 0.000100, 298.150000, 0.000102, 0.000000, 8.000000, 298.591139, 0.000100, 298.150000, 10.000000, 298.591139, 298.150000, 298.150000, 298.150000, 0.000002, 293.150000, 298.591139, 5000000.000000, 0.000000, 0.001022, 0.001022, 0.000000, 10.000000, 10.000000, 0.000002, 0.000002, 10.000000, 0.000002, 0.001022, 0.000000, 0.001022, 0.000000, 0.000000, 0.000000, 5000000.000000, 9.998978, 0.000100, 10.000000, 0.000100, 0.001022, 0.000100, 0.000000, 0.000010, 100000.000000, 10.217646, 0.001022, 0.000100, 10.000000, 0.000102, 293.150000, -0.544114, 0.000000, 293.150000, -5.441139, -0.544114, -0.544114, 298.591139, 0.100000, 0.001022, 0.000100, 0.001022, 0.000100, 0.000000, 0.000100, 298.591139, 10.000000, 293.150000, 10.000000, 0.000102, 10.000000, 0.000102, 0.000000, 0.000102, 10.000000, 298.591139, 298.591139, 25.000000, 25.441139, -0.544114, 0.059114, 0.000000, 0.000100, 0, 0
2.04, 0.000000, 298.483398, 0.000000, 0.000000, 0.000000, 16.000000, 0.000002, 0.000100, 0.000002, 0.000102, 29.848340, 0.001021, 298.483398, 0.500000, 0.000000, -0.000002, 0.004000, 298.483398, 4.166670, -0.533340, 298.483398, 0.000000, -0.533340, 10.000000, 0.000000, 0.000000, 0.100000, 0.000000, 298.000000, 0.000000, 0.000000, 298.483398, 0.000000, 0.000000, 298.150000, 2.000000, 100000.000000, 0.000100, 298.150000, 0.000102, 0.000000, 8.000000, 298.483398, 0.000100, 298.150000, 10.000000, 298.483398, 298.150000, 298.150000, 298.150000, 0.000002, 293.150000, 298.483398, 5000000.000000, 0.000000, 0.001021, 0.001021, 0.000000, 10.000000, 10.000000, 0.000002, 0.000002, 10.000000, 0.000002, 0.001021, 0.000000, 0.001021, 0.000000, 0.000000, 0.000000, 5000000.000000, 9.998979, 0.000100, 10.000000, 0.000100, 0.001021, 0.000100, 0.000000, 0.000010, 100000.000000, 10.213336, 0.001021, 0.000100, 10.000000, 0.000102, 293.150000, -0.533340, 0.000000, 293.150000, -5.333398, -0.533340, -0.533340, 298.483398, 0.100000, 0.001021, 0.000100, 0.001021, 0.000100, 0.000000, 0.000100, 298.483398, 10.000000, 293.150000, 10.000000, 0.000102, 10.000000, 0.000102, 0.000000, 0.000102, 10.000000, 298.483398, 298.483398, 25.000000, 25.333398, -0.533340, 0.048340, 0.000000, 0.000100, 0, 0
2.06, 0.000000, 298.377789, 0.000000, 0.000000, 0.000000, 16.000000, 0.000002, 0.000100, 0.000002, 0.000102, 29.837779, 0.001021, 298.377789, 0.500000, 0.000000, -0.000002, 0.004000, 298.377789, 4.166670, -0.522779, 298.377789, 0.000000, -0.522779, 10.000000, 0.000000, 0.000000, 0.100000, 0.000000, 298.000000, 0.000000, 0.000000, 298.377789, 0.000000, 0.000000, 298.150000, 2.000000, 100000.000000, 0.000100, 298.150000, 0.000102, 0.000000, 8.000000, 298.377789, 0.000100, 298.150000, 10.000000, 298.377789, 298.150000, 298.150000, 298.150000, 0.000002, 293.150000, 298.377789, 5000000.000000, 0.000000, 0.001021, 0.001021, 0.000000, 10.000000, 10.000000, 0.000002, 0.000002, 10.000000, 0.000002, 0.001021, 0.000000, 0.001021, 0.000000, 0.000000, 0.000000, 5000000.000000, 9.998979, 0.000100, 10.000000, 0.000100, 0.001021, 0.000100, 0.000000, 0.000010, 100000.000000, 10.209112, 0.001021, 0.000100, 10.000000, 0.000102, 293.150000, -0.522779, 0.000000, 293.150000, -5.227789, -0.522779, -0.522779, 298.377789, 0.100000, 0.001021, 0.000100, 0.001021, 0.000100, 0.000000, 0.000100, 298.377789, 10.000000, 293.150000, 10.000000, 0.000102, 10.000000, 0.000102, 0.000000, 0.000102, 10.000000, 298.377789, 298.377789, 25.000000, 25.227789, -0.522779, 0.037779, 0.000000, 0.000100, 0, 0
2.08, 0.000000, 298.274272, 0.000000, 0.000000, 0.000000, 16.000000, 0.000002, 0.000100, 0.000002, 0.000102, 29.827427, 0.001020, 298.274272, 0.500000, 0.000000, -0.000002, 0.004000, 298.274272, 4.166670, -0.512427, 298.274272, 0.000000, -0.512427, 10.000000, 0.000000, 0.000000, 0.100000, 0.000000, 298.000000, 0.000000, 0.000000, 298.274272, 0.000000, 0.000000, 298.150000, 2.000000, 100000.000000, 0.000100, 298.150000, 0.000102, 0.000000, 8.000000, 298.274272, 0.000100, 298.150000, 10.000000, 298.274272, 298.150000, 298.150000, 298.150000, 0.000002, 293.150000, 298.274272, 5000000.000000, 0.000000, 0.001020, 0.001020, 0.000000, 10.000000, 10.000000, 0.000002, 0.000002, 10.000000, 0.000002, 0.001020, 0.000000, 0.001020, 0.000000, 0.000000, 0.000000, 5000000.000000, 9.998980, 0.000100, 10.000000, 0.000100, 0.001020, 0.000100, 0.000000, 0.000010, 100000.000000, 10.204971, 0.001020, 0.000100, 10.000000, 0.000102, 293.150000, -0.512427, 0.000000, 293.150000, -5.124272, -0.512427, -0.512427, 298.274272, 0.100000, 0.001020, 0.000100, 0.001020, 0.000100, 0.000000, 0.000100, 298.274272, 10.000000, 293.150000, 10.000000, 0.000102, 10.000000, 0.000102, 0.000000, 0.000102, 10.000000, 298.274272, 298.274272, 25.000000, 25.124272, -0.512427, 0.027427, 0.000000, 0.000100, 0, 0
2.1, 0.000000, 298.172805, 0.000000, 0.000000, 0.000000, 16.000000, 0.000002, 0.000100, 0.000002, 0.000102, 29.817280, 0.001020, 298.172805, 0.500000, 0.000000, -0.000002, 0.004000, 298.172805, 4.166670, -0.502280, 298.172805, 0.000000, -0.502280, 10.000000, 0.000000, 0.000000, 0.100000, 0.000000, 298.000000, 0.000000, 0.000000, 298.172805, 0.000000, 0.000000, 298.150000, 2.000000, 100000.000000, 0.000100, 298.150000, 0.000102, 0.000000, 8.000000, 298.172805, 0.000100, 298.150000, 10.000000, 298.172805, 298.150000, 298.150000, 298.150000, 0.000002, 293.150000, 298.172805, 5000000.000000, 0.000000, 0.001020, 0.001020, 0.000000, 10.000000, 10.000000, 0.000002, 0.000002, 10.000000, 0.000002, 0.001020, 0.000000, 0.001020, 0.000000, 0.000000, 0.000000, 5000000.000000, 9.998980, 0.000100, 10.000000, 0.000100, 0.001020, 0.000100, 0.000000, 0.000010, 100000.000000, 10.200912, 0.001020, 0.000100, 10.000000, 0.000102, 293.150000, -0.502280, 0.000000, 293.150000, -5.022805, -0.502280, -0.502280, 298.172805, 0.100000, 0.001020, 0.000100, 0.001020, 0.000100, 0.000000, 0.000100, 298.172805, 10.000000, 293.150000, 10.000000, 0.000102, 10.000000, 0.000102, 0.000000, 0.000102, 10.000000, 298.172805, 298.172805, 25.000000, 25.022805, -0.502280, 0.017280, 0.000000, 0.000100, 0, 0
2.12, 0.000000, 298.073347, 0.000000, 0.000000, 0.000000, 16.000000, 0.000002, 0.000100, 0.000002, 0.000102, 29.807335, 0.001020, 298.073347, 0.500000, 0.000000, -0.000002, 0.004000, 298.073347, 4.166670, -0.492335, 298.073347, 0.000000, -0.492335, 10.000000, 0.000000, 0.000000, 0.100000, 0.000000, 298.000000, 0.000000, 0.000000, 298.073347, 0.000000, 0.000000, 298.150000, 2.000000, 100000.000000, 0.000100, 298.150000, 0.000102, 0.000000, 8.000000, 298.073347, 0.000100, 298.150000, 10.000000, 298.073347, 298.150000, 298.150000, 298.150000, 0.000002, 293.150000, 298.073347, 5000000.000000, 0.000000, 0.001020, 0.001020, 0.000000, 10.000000, 10.000000, 0.000002, 0.000002, 10.000000, 0.000002, 0.001020, 0.000000, 0.001020, 0.000000, 0.000000, 0.000000, 5000000.000000, 9.998980, 0.000100, 10.000000, 0.000100, 0.001020, 0.000100, 0.000000, 0.000010, 100000.000000, 10.196934, 0.001020, 0.000100, 10.000000, 0.000102, 293.150000, -0.492335, 0.000000, 293.150000, -4.923347, -0.492335, -0.492335, 298.073347, 0.100000, 0.001020, 0.000100, 0.001020, 0.000100, 0.000000, 0.000100, 298.073347, 10.000000, 293.150000, 10.000000, 0.000102, 10.000000, 0.000102, 0.000000, 0.000102, 10.000000, 298.073347, 298.073347, 25.000000, 24.923347, -0.492335, 0.007335, 0.000000, 0.000100, 0, 0
2.14, 0.000000, 297.975858, 0.000000, 0.000000, 0.000000, 16.000000, 0.000002, 0.000100, 0.000002, 0.000102, 29.797586, 0.001019, 297.975858, 0.500000, 0.000000, -0.000002, 0.004000, 297.975858, 4.166670, -0.482586, 297.975858, 0.000000, -0.482586, 10.000000, 0.000000, 0.000000, 0.100000, 0.000000, 298.000000, 0.000000, 0.000000, 297.975858, 0.000000, 0.000000, 298.150000, 2.000000, 100000.000000, 0.000100, 298.150000, 0.000102, 0.000000, 8.000000, 297.975858, 0.000100, 298.150000, 10.000000, 297.975858, 298.150000, 298.150000, 298.150000, 0.000002, 293.150000, 297.975858, 5000000.000000, 0.000000, 0.001019, 0.001019, 0.000000, 10.000000, 10.000000, 0.000002, 0.000002, 10.000000, 0.000002, 0.001019, 0.000000, 0.001019, 0.000000, 0.000000, 0.000000, 5000000.000000, 9.998981, 0.000100, 10.000000, 0.000100, 0.001019, 0.000100, 0.000000, 0.000010, 100000.000000, 10.193034, 0.001019, 0.000100, 10.000000, 0.000102, 293.150000, -0.482586, 0.000000, 293.150000, -4.825858, -0.482586, -0.482586, 297.975858, 0.100000, 0.001019, 0.000100, 0.001019, 0.000100, 0.000000, 0.000100, 297.975858, 10.000000, 293.150000, 10.000000, 0.000102, 10.000000, 0.000102, 0.000000, 0.000102, 10.000000, 297.975858, 297.975858, 25.000000, 24.825858, -0.482586, -0.002414, 0.000000, 0.000100, 0, 0
2.16, 0.000000, 297.880299, 0.000000, 0.000000, 0.000000, 16.000000, 0.000002, 0.000100, 0.000002, 0.000102, 29.788030, 0.001019, 297.880299, 0.500000, 0.000000, -0.000002, 0.004000, 297.880299, 4.166670, -0.473030, 297.880299, 0.000000, -0.473030, 10.000000, 0.000000, 0.000000, 0.100000, 0.000000, 298.000000, 0.000000, 0.000000, 297.880299, 0.000000, 0.000000, 298.150000, 2.000000, 100000.000000, 0.000100, 298.150000, 0.000102, 0.000000, 8.000000, 297.880299, 0.000100, 298.150000, 10.000000, 297.880299, 298.150000, 298.150000, 298.150000, 0.000002, 293.150000, 297.880299, 5000000.000000, 0.000000, 0.001019, 0.001019, 0.000000, 10.000000, 10.000000, 0.000002, 0.000002, 10.000000, 0.000002, 0.001019, 0.000000, 0.001019, 0.000000, 0.000000, 0.000000, 5000000.000000, 9.998981, 0.000100, 10.000000, 0.000100, 0.001019, 0.000100, 0.000000, 0.000010, 100000.000000, 10.189212, 0.001019, 0.000100, 10.000000, 0.000102, 293.150000, -0.473030, 0.000000, 293.150000, -4.730299, -0.473030, -0.473030, 297.880299, 0.100000, 0.001019, 0.000100, 0.001019, 0.000100, 0.000000, 0.000100, 297.880299, 10.000000, 293.150000, 10.000000, 0.000102, 10.000000, 0.000102, 0.000000, 0.000102, 10.000000, 297.880299, 297.880299, 25.000000, 24.730299, -0.473030, -0.011970, 0.000000, 0.000100, 0, 0
2.18, 0.000000, 297.786633, 0.000000, 0.000000, 0.000000, 16.000000, 0.000002, 0.000100, 0.000002, 0.000102, 29.778663, 0.001018, 297.786633, 0.500000, 0.000000, -0.000002, 0.004000, 297.786633, 4.166670, -0.463663, 297.786633, 0.000000, -0.463663, 10.000000, 0.000000, 0.000000, 0.100000, 0.000000, 298.000000, 0.000000, 0.000000, 297.786633, 0.000000, 0.000000, 298.150000, 2.000000, 100000.000000, 0.000100, 298.150000, 0.000102, 0.000000, 8.000000, 297.786633, 0.000100, 298.150000, 10.000000, 297.786633, 298.150000, 298.150000, 298.150000, 0.000002, 293.150000, 297.786633, 5000000.000000, 0.000000, 0.001018, 0.001018, 0.000000, 10.000000, 10.000000, 0.000002, 0.000002, 10.000000, 0.000002, 0.001018, 0.000000, 0.001018, 0.000000, 0.000000, 0.000000, 5000000.000000, 9.998982, 0.000100, 10.000000, 0.000100, 0.001018, 0.000100, 0.000000, 0.000010, 100000.000000, 10.185465, 0.001018, 0.000100, 10.000000, 0.000102, 293.150000, -0.463663, 0.000000, 293.150000, -4.636633, -0.463663, -0.463663, 297.786633, 0.100000, 0.001018, 0.000100, 0.001018, 0.000100, 0.000000, 0.000100, 297.786633, 10.000000, 293.150000, 10.000000, 0.000102, 10.000000, 0.000102, 0.000000, 0.000102, 10.000000, 297.786633, 297.786633, 25.000000, 24.636633, -0.463663, -0.021337, 0.000000, 0.000100, 0, 0
2.2, 0.000000, 297.694822, 0.000000, 0.000000, 0.000000, 16.000000, 0.000002, 0.000100, 0.000002, 0.000102, 29.769482, 0.001018, 297.694822, 0.500000, 0.000000, -0.000002, 0.004000, 297.694822, 4.166670, -0.454482, 297.694822, 0.000000, -0.454482, 10.000000, 0.000000, 0.000000, 0.100000, 0.000000, 298.000000, 0.000000, 0.000000, 297.694822, 0.000000, 0.000000, 298.150000, 2.000000, 100000.000000, 0.000100, 298.150000, 0.000102, 0.000000, 8.000000, 297.694822, 0.000100, 298.150000, 10.000000, 297.694822, 298.150000, 298.150000, 298.150000, 0.000002, 293.150000, 297.694822, 5000000.000000, 0.000000, 0.001018, 0.001018, 0.000000, 10.000000, 10.000000, 0.000002, 0.000002, 10.000000, 0.000002, 0.001018, 0.000000, 0.001018, 0.000000, 0.000000, 0.000000, 5000000.000000, 9.998982, 0.000100, 10.000000, 0.000100, 0.001018, 0.000100, 0.000000, 0.000010, 100000.000000, 10.181793, 0.001018, 0.000100, 10.000000, 0.000102, 293.150000, -0.454482, 0.000000, 293.150000, -4.544822, -0.454482, -0.454482, 297.694822, 0.100000, 0.001018, 0.000100, 0.001018, 0.000100, 0.000000, 0.000100, 297.694822, 10.000000, 293.150000, 10.000000, 0.000102, 10.000000, 0.000102, 0.000000, 0.000102, 10.000000, 297.694822, 297.694822, 25.000000, 24.544822, -0.454482, -0.030518, 0.000000, 0.000100, 0, 0
2.22, 0.000000, 297.604828, 0.000000, 0.000000, 0.000000, 16.000000, 0.000002, 0.000100, 0.000002, 0.000102, 29.760483, 0.001018, 297.604828, 0.500000, 0.000000, -0.000002, 0.004000, 297.604828, 4.166670, -0.445483, 297.604828, 0.000000, -0.445483, 10.000000, 0.000000, 0.000000, 0.100000, 0.000000, 298.000000, 0.000000, 0.000000, 297.604828, 0.000000, 0.000000, 298.150000, 2.000000, 100000.000000, 0.000100, 298.150000, 0.000102, 0.000000, 8.000000, 297.604828, 0.000100, 298.150000, 10.000000, 297.604828, 298.150000, 298.150000, 298.150000, 0.000002, 293.150000, 297.604828, 5000000.000000, 0.000000, 0.001018, 0.001018, 0.000000, 10.000000, 10.000000, 0.000002, 0.000002, 10.000000, 0.000002, 0.001018, 0.000000, 0.001018, 0.000000, 0.000000, 0.000000, 5000000.000000, 9.998982, 0.000100, 10.000000, 0.000100, 0.001018, 0.000100, 0.000000, 0.000010, 100000.000000, 10.178193, 0.001018, 0.000100, 10.000000, 0.000102, 293.150000, -0.445483, 0.000000, 293.150000, -4.454828, -0.445483, -0.445483, 297.604828, 0.100000, 0.001018, 0.000100, 0.001018, 0.000100, 0.000000, 0.000100, 297.604828, 10.000000, 293.150000, 10.000000, 0.000102, 10.000000, 0.000102, 0.000000, 0.000102, 10.000000, 297.604828, 297.604828, 25.000000, 24.454828, -0.445483, -0.039517, 0.000000, 0.000100, 0, 0
2.24, 0.000000, 297.516617, 0.000000, 0.000000, 0.000000, 16.000000, 0.000002, 0.000100, 0.000002, 0.000102, 29.751662, 0.001017, 297.516617, 0.500000, 0.000000, -0.000002, 0.004000, 297.516617, 4.166670, -0.436662, 297.516617, 0.000000, -0.436662, 10.000000, 0.000000, 0.000000, 0.100000, 0.000000, 298.000000, 0.000000, 0.000000, 297.516617, 0.000000, 0.000000, 298.150000, 2.000000, 100000.000000, 0.000100, 298.150000, 0.000102, 0.000000, 8.000000, 297.516617, 0.000100, 298.150000, 10.000000, 297.516617, 298.150000, 298.150000, 298.150000, 0.000002, 293.150000, 297.516617, 5000000.000000, 0.000000, 0.001017, 0.001017, 0.000000, 10.000000, 10.000000, 0.000002, 0.000002, 10.000000, 0.000002, 0.001017, 0.000000, 0.001017, 0.000000, 0.000000, 0.000000, 5000000.000000, 9.998983, 0.000100, 10.000000, 0.000100, 0.001017, 0.000100, 0.000000, 0.000010, 100000.000000, 10.174665, 0.001017, 0.000100, 10.000000, 0.000102, 293.150000, -0.436662, 0.000000, 293.150000, -4.366617, -0.436662, -0.436662, 297.516617, 0.100000, 0.001017, 0.000100, 0.001017, 0.000100, 0.000000, 0.000100, 297.516617, 10.000000, 293.150000, 10.000000, 0.000102, 10.000000, 0.000102, 0.000000, 0.000102, 10.000000, 297.516617, 297.516617, 25.000000, 24.366617, -0.436662, -0.048338, 0.000000, 0.000100, 0, 0
2.26, 0.000000, 297.430152, 0.000000, 0.000000, 0.000000, 16.000000, 0.000002, 0.000100, 0.000002, 0.000102, 29.743015, 0.001017, 297.430152, 0.500000, 0.000000, -0.000002, 0.004000, 297.430152, 4.166670, -0.428015, 297.430152, 0.000000, -0.428015, 10.000000, 0.000000, 0.000000, 0.100000, 0.000000, 298.000000, 0.000000, 0.000000, 297.430152, 0.000000, 0.000000, 298.150000, 2.000000, 100000.000000, 0.000100, 298.150000, 0.000102, 0.000000, 8.000000, 297.430152, 0.000100, 298.150000, 10.000000, 297.430152, 298.150000, 298.150000, 298.150000, 0.000002, 293.150000, 297.430152, 5000000.000000, 0.000000, 0.001017, 0.001017, 0.000000, 10.000000, 10.000000, 0.000002, 0.000002, 10.000000, 0.000002, 0.001017, 0.000000, 0.001017, 0.000000, 0.000000, 0.000000, 5000000.000000, 9.998983, 0.000100, 10.000000, 0.000100, 0.001017, 0.000100, 0.000000, 0.000010, 100000.000000, 10.171206, 0.001017, 0.000100, 10.000000, 0.000102, 293.150000, -0.428015, 0.000000, 293.150000, -4.280152, -0.428015, -0.428015, 297.430152, 0.100000, 0.001017, 0.000100, 0.001017, 0.000100, 0.000000, 0.000100, 297.430152, 10.000000, 293.150000, 10.000000, 0.000102, 10.000000, 0.000102, 0.000000, 0.000102, 10.000000, 297.430152, 297.430152, 25.000000, 24.280152, -0.428015, -0.056985, 0.000000, 0.000100, 0, 0
2.28, 0.000000, 297.345399, 0.000000, 0.000000, 0.000000, 16.000000, 0.000002, 0.000100, 0.000002, 0.000102, 29.734540, 0.001017, 297.345399, 0.500000, 0.000000, -0.000002, 0.004000, 297.345399, 4.166670, -0.419540, 297.345399, 0.000000, -0.419540, 10.000000, 0.000000, 0.000000, 0.100000, 0.000000, 298.000000, 0.000000, 0.000000, 297.345399, 0.000000, 0.000000, 298.150000, 2.000000, 100000.000000, 0.000100, 298.150000, 0.000102, 0.000000, 8.000000, 297.345399, 0.000100, 298.150000, 10.000000, 297.345399, 298.150000, 298.150000, 298.150000, 0.000002, 293.150000, 297.345399, 5000000.000000, 0.000000, 0.001017, 0.001017, 0.000000, 10.000000, 10.000000, 0.000002, 0.000002, 10.000000, 0.000002, 0.001017, 0.000000, 0.001017, 0.000000, 0.000000, 0.000000, 5000000.000000, 9.998983, 0.000100, 10.000000, 0.000100, 0.001017, 0.000100, 0.000000, 0.000010, 100000.000000, 10.167816, 0.001017, 0.000100, 10.000000, 0.000102, 293.150000, -0.419540, 0.000000, 293.150000, -4.195399, -0.419540, -0.419540, 297.345399, 0.100000, 0.001017, 0.000100, 0.001017, 0.000100, 0.000000, 0.000100, 297.345399, 10.000000, 293.150000, 10.000000, 0.000102, 10.000000, 0.000102, 0.000000, 0.000102, 10.000000, 297.345399, 297.345399, 25.000000, 24.195399, -0.419540, -0.065460, 0.000000, 0.000100, 0, 0
2.3, 0.000000, 297.262325, 0.000000, 0.000000, 0.000000, 16.000000, 0.000002, 0.000100, 0.000002, 0.000102, 29.726232, 0.001016, 297.262325, 0.500000, 0.000000, -0.000002, 0.004000, 297.262325, 4.166670, -0.411232, 297.262325, 0.000000, -0.411232, 10.000000, 0.000000, 0.000000, 0.100000, 0.000000, 298.000000, 0.000000, 0.000000, 297.262325, 0.000000, 0.000000, 298.150000, 2.000000, 100000.000000, 0.000100, 298.150000, 0.000102, 0.000000, 8.000000, 297.262325, 0.000100, 298.150000, 10.000000, 297.262325, 298.150000, 298.150000, 298.150000, 0.000002, 293.150000, 297.262325, 5000000.000000, 0.000000, 0.001016, 0.001016, 0.000000, 10.000000, 10.000000, 0.000002, 0.000002, 10.000000, 0.000002, 0.001016, 0.000000, 0.001016, 0.000000, 0.000000, 0.000000, 5000000.000000, 9.998984, 0.000100, 10.000000, 0.000100, 0.001016, 0.000100, 0.000000, 0.000010, 100000.000000, 10.164493, 0.001016, 0.000100, 10.000000, 0.000102, 293.150000, -0.411232, 0.000000, 293.150000, -4.112325, -0.411232, -0.411232, 297.262325, 0.100000, 0.001016, 0.000100, 0.001016, 0.000100, 0.000000, 0.000100, 297.262325, 10.000000, 293.150000, 10.000000, 0.000102, 10.000000, 0.000102, 0.000000, 0.000102, 10.000000, 297.262325, 297.262325, 25.000000, 24.112325, -0.411232, -0.073768, 0.000000, 0.000100, 0, 0
2.32, 0.000000, 297.180895, 0.000000, 0.000000, 0.000000, 16.000000, 0.000002, 0.000100, 0.000002, 0.000102, 29.718090, 0.001016, 297.180895, 0.500000, 0.000000, -0.000002, 0.004000, 297.180895, 4.166670, -0.403090, 297.180895, 0.000000, -0.403090, 10.000000, 0.000000, 0.000000, 0.100000, 0.000000, 298.000000, 0.000000, 0.000000, 297.180895, 0.000000, 0.000000, 298.150000, 2.000000, 100000.000000, 0.000100, 298.150000, 0.000102, 0.000000, 8.000000, 297.180895, 0.000100, 298.150000, 10.000000, 297.180895, 298.150000, 298.150000, 298.150000, 0.000002, 293.150000, 297.180895, 5000000.000000, 0.000000, 0.001016, 0.001016, 0.000000, 10.000000, 10.000000, 0.000002, 0.000002, 10.000000, 0.000002, 0.001016, 0.000000, 0.001016, 0.000000, 0.000000, 0.000000, 5000000.000000, 9.998984, 0.000100, 10.000000, 0.000100, 0.001016, 0.000100, 0.000000, 0.000010, 100000.000000, 10.161236, 0.001016, 0.000100, 10.000000, 0.000102, 293.150000, -0.403090, 0.000000, 293.150000, -4.030895, -0.403090, -0.403090, 297.180895, 0.100000, 0.001016, 0.000100, 0.001016, 0.000100, 0.000000, 0.000100, 297.180895, 10.000000, 293.150000, 10.000000, 0.000102, 10.000000, 0.000102, 0.000000, 0.000102, 10.000000, 297.180895, 297.180895, 25.000000, 24.030895, -0.403089, -0.081910, 0.000000, 0.000100, 0, 0
2.34, 0.000000, 298.301558, 0.000000, 0.000000, 0.000000, 16.000000, 0.000002, 0.979809, 0.000002, 0.979813, 29.830156, 9.999990, 298.301558, 0.500000, 0.000000, -0.000004, 0.004000, 298.301558, 4.166670, -0.515156, 298.301558, 0.000002, -0.515156, 10.000000, 0.000000, 9.798079, 0.100000, 0.000000, 298.000000, 0.000000, 1.000000, 298.301558, 1.000000, 0.000000, 298.150000, 2.000000, 100000.000000, 0.979809, 298.150000, 0.979813, 0.000000, 8.000000, 298.301558, 0.979811, 298.150000, 10.000000, 298.301558, 298.150000, 298.150000, 298.150000, 0.000002, 293.150000, 298.301558, 5000000.000000, 0.000002, 9.999990, 9.999990, 0.000002, 10.000000, 10.000000, 0.000002, 0.000002, 10.000000, 0.000002, 9.999990, 0.000002, 9.999990, 0.000002, 0.000000, 0.000002, 5000000.000000, 0.000010, 0.979811, 10.000000, 0.979811, 9.999990, 0.979811, 1.000000, 0.000010, 0.000010, 10.206062, 9.999990, 0.979809, 10.000000, 0.979813, 293.150000, -0.515156, 9.798079, 293.150000, -5.151558, -0.515156, -0.515156, 298.301558, 0.100000, 9.999990, 0.979809, 9.999990, 0.979809, 0.000000, 0.979809, 298.301558, 10.000000, 293.150000, 10.000000, 0.979813, 10.000000, 0.979813, 0.000000, 0.979813, 10.000000, 298.301558, 298.301558, 25.000000, 25.151558, 9.282923, 0.030156, 0.000000, 0.979811, 1, 1
2.36, 0.000000, 299.085723, 0.000000, 0.000000, 0.000000, 16.000000, 0.000002, 0.000100, 0.000002, 0.000102, 29.908572, 0.001024, 299.085723, 0.500000, 0.000000, -0.000002, 0.004000, 299.085723, 4.166670, -0.593572, 299.085723, 0.000000, -0.593572, 10.000000, 0.000000, 0.000000, 0.100000, 0.000000, 298.000000, 0.000000, 0.000000, 299.085723, 0.000000, 0.000000, 298.150000, 2.000000, 100000.000000, 0.000100, 298.150000, 0.000102, 0.000000, 8.000000, 299.085723, 0.000100, 298.150000, 10.000000, 299.085723, 298.150000, 298.150000, 298.150000, 0.000002, 293.150000, 299.085723, 5000000.000000, 0.000000, 0.001024, 0.001024, 0.000000, 10.000000, 10.000000, 0.000002, 0.000002, 10.000000, 0.000002, 0.001024, 0.000000, 0.001024, 0.000000, 0.000000, 0.000000, 5000000.000000, 9.998976, 0.000100, 10.000000, 0.000100, 0.001024, 0.000100, 0.000000, 0.000010, 100000.000000, 10.237429, 0.001024, 0.000100, 10.000000, 0.000102, 293.150000, -0.593572, 0.000000, 293.150000, -5.935723, -0.593572, -0.593572, 299.085723, 0.100000, 0.001024, 0.000100, 0.001024, 0.000100, 0.000000, 0.000100, 299.085723, 10.000000, 293.150000, 10.000000, 0.000102, 10.000000, 0.000102, 0.000000, 0.000102, 10.000000, 299.085723, 299.085723, 25.000000, 25.935723, -0.593572, 0.108572, 0.000000, 0.000100, 0, 0
2.38, 0.000000, 298.968188, 0.000000, 0.000000, 0.000000, 16.000000, 0.000002, 0.000100, 0.000002, 0.000102, 29.896819, 0.001023, 298.968188, 0.500000, 0.000000, -0.000002, 0.004000, 298.968188, 4.166670, -0.581819, 298.968188, 0.000000, -0.581819, 10.000000, 0.000000, 0.000000, 0.100000, 0.000000, 298.000000, 0.000000, 0.000000, 298.968188, 0.000000, 0.000000, 298.150000, 2.000000, 100000.000000, 0.000100, 298.150000, 0.000102, 0.000000, 8.000000, 298.968188, 0.000100, 298.150000, 10.000000, 298.968188, 298.150000, 298.150000, 298.150000, 0.000002, 293.150000, 298.968188, 5000000.000000, 0.000000, 0.001023, 0.001023, 0.000000, 10.000000, 10.000000, 0.000002, 0.000002, 10.000000, 0.000002, 0.001023, 0.000000, 0.001023, 0.000000, 0.000000, 0.000000, 5000000.000000, 9.998977, 0.000100, 10.000000, 0.000100, 0.001023, 0.000100, 0.000000, 0.000010, 100000.000000, 10.232728, 0.001023, 0.000100, 10.000000, 0.000102, 293.150000, -0.581819, 0.000000, 293.150000, -5.818188, -0.581819, -0.581819, 298.968188, 0.100000, 0.001023, 0.000100, 0.001023, 0.000100, 0.000000, 0.000100, 298.968188, 10.000000, 293.150000, 10.000000, 0.000102, 10.000000, 0.000102, 0.000000, 0.000102, 10.000000, 298.968188, 298.968188, 25.000000, 25.818188, -0.581819, 0.096819, 0.000000, 0.000100, 0, 0
2.4, 0.000000, 298.852980, 0.000000, 0.000000, 0.000000, 16.000000, 0.000002, 0.000100, 0.000002, 0.000102, 29.885298, 0.001023, 298.852980, 0.500000, 0.000000, -0.000002, 0.004000, 298.852980, 4.166670, -0.570298, 298.852980, 0.000000, -0.570298, 10.000000, 0.000000, 0.000000, 0.100000, 0.000000, 298.000000, 0.000000, 0.000000, 298.852980, 0.000000, 0.000000, 298.150000, 2.000000, 100000.000000, 0.000100, 298.150000, 0.000102, 0.000000, 8.000000, 298.852980, 0.000100, 298.150000, 10.000000, 298.852980, 298.150000, 298.150000, 298.150000, 0.000002, 293.150000, 298.852980, 5000000.000000, 0.000000, 0.001023, 0.001023, 0.000000, 10.000000, 10.000000, 0.000002, 0.000002, 10.000000, 0.000002, 0.001023, 0.000000, 0.001023, 0.000000, 0.000000, 0.000000, 5000000.000000, 9.998977, 0.000100, 10.000000, 0.000100, 0.001023, 0.000100, 0.000000, 0.000010, 100000.000000, 10.228119, 0.001023, 0.000100, 10.000000, 0.000102, 293.150000, -0.570298, 0.000000, 293.150000, -5.702980, -0.570298, -0.570298, 298.852980, 0.100000, 0.001023, 0.000100, 0.001023, 0.000100, 0.000000, 0.000100, 298.852980, 10.000000, 293.150000, 10.000000, 0.000102, 10.000000, 0.000102, 0.000000, 0.000102, 10.000000, 298.852980, 298.852980, 25.000000, 25.702980, -0.570298, 0.085298, 0.000000, 0.000100, 0, 0
2.42, 0.000000, 298.740054, 0.000000, 0.000000, 0.000000, 16.000000, 0.000002, 0.000100, 0.000002, 0.000102, 29.874005, 0.001022, 298.740054, 0.500000, 0.000000, -0.000002, 0.004000, 298.740054, 4.166670, -0.559005, 298.740054, 0.000000, -0.559005, 10.000000, 0.000000, 0.000000, 0.100000, 0.000000, 298.000000, 0.000000, 0.000000, 298.740054, 0.000000, 0.000000, 298.150000, 2.000000, 100000.000000, 0.000100, 298.150000, 0.000102, 0.000000, 8.000000, 298.740054, 0.000100, 298.150000, 10.000000, 298.740054, 298.150000, 298.150000, 298.150000, 0.000002, 293.150000, 298.740054, 5000000.000000, 0.000000, 0.001022, 0.001022, 0.000000, 10.000000, 10.000000, 0.000002, 0.000002, 10.000000, 0.000002, 0.001022, 0.000000, 0.001022, 0.000000, 0.000000, 0.000000, 5000000.000000, 9.998978, 0.000100, 10.000000, 0.000100, 0.001022, 0.000100, 0.000000, 0.000010, 100000.000000, 10.223602, 0.001022, 0.000100, 10.000000, 0.000102, 293.150000, -0.559005, 0.000000, 293.150000, -5.590054, -0.559005, -0.559005, 298.740054, 0.100000, 0.001022, 0.000100, 0.001022, 0.000100, 0.000000, 0.000100, 298.740054, 10.000000, 293.150000, 10.000000, 0.000102, 10.000000, 0.000102, 0.000000, 0.000102, 10.000000, 298.740054, 298.740054, 25.000000, 25.590054, -0.559005, 0.074005, 0.000000, 0.000100, 0, 0
2.44, 0.000000, 298.629363, 0.000000, 0.000000, 0.000000, 16.000000, 0.000002, 0.000100, 0.000002, 0.000102, 29.862936, 0.001022, 298.629363, 0.500000, 0.000000, -0.000002, 0.004000, 298.629363, 4.166670, -0.547936, 298.629363, 0.000000, -0.547936, 10.000000, 0.000000, 0.000000, 0.100000, 0.000000, 298.000000, 0.000000, 0.000000, 298.629363, 0.000000, 0.000000, 298.150000, 2.000000, 100000.000000, 0.000100, 298.150000, 0.000102, 0.000000, 8.000000, 298.629363, 0.000100, 298.150000, 10.000000, 298.629363, 298.150000, 298.150000, 298.150000, 0.000002, 293.150000, 298.629363, 5000000.000000, 0.000000, 0.001022, 0.001022, 0.000000, 10.000000, 10.000000, 0.000002, 0.000002, 10.000000, 0.000002, 0.001022, 0.000000, 0.001022, 0.000000, 0.000000, 0.000000, 5000000.000000, 9.998978, 0.000100, 10.000000, 0.000100, 0.001022, 0.000100, 0.000000, 0.000010, 100000.000000, 10.219175, 0.001022, 0.000100, 10.000000, 0.000102, 293.150000, -0.547936, 0.000000, 293.150000, -5.479363, -0.547936, -0.547936, 298.629363, 0.100000, 0.001022, 0.000100, 0.001022, 0.000100, 0.000000, 0.000100, 298.629363, 10.000000, 293.150000, 10.000000, 0.000102, 10.000000, 0.000102, 0.000000, 0.000102, 10.000000, 298.629363, 298.629363, 25.000000, 25.479363, -0.547936, 0.062936, 0.000000, 0.000100, 0, 0
2.46, 0.000000, 298.520865, 0.000000, 0.000000, 0.000000, 16.000000, 0.000002, 0.000100, 0.000002, 0.000102, 29.852086, 0.001021, 298.520865, 0.500000, 0.000000, -0.000002, 0.004000, 298.520865, 4.166670, -0.537086, 298.520865, 0.000000, -0.537086, 10.000000, 0.000000, 0.000000, 0.100000, 0.000000, 298.000000, 0.000000, 0.000000, 298.520865, 0.000000, 0.000000, 298.150000, 2.000000, 100000.000000, 0.000100, 298.150000, 0.000102, 0.000000, 8.000000, 298.520865, 0.000100, 298.150000, 10.000000, 298.520865, 298.150000, 298.150000, 298.150000, 0.000002, 293.150000, 298.520865, 5000000.000000, 0.000000, 0.001021, 0.001021, 0.000000, 10.000000, 10.000000, 0.000002, 0.000002, 10.000000, 0.000002, 0.001021, 0.000000, 0.001021, 0.000000, 0.000000, 0.000000, 5000000.000000, 9.998979, 0.000100, 10.000000, 0.000100, 0.001021, 0.000100, 0.000000, 0.000010, 100000.000000, 10.214835, 0.001021, 0.000100, 10.000000, 0.000102, 293.150000, -0.537086, 0.000000, 293.150000, -5.370865, -0.537086, -0.537086, 298.520865, 0.100000, 0.001021, 0.000100, 0.001021, 0.000100, 0.000000, 0.000100, 298.520865, 10.000000, 293.150000, 10.000000, 0.000102, 10.000000, 0.000102, 0.000000, 0.000102, 10.000000, 298.520865, 298.520865, 25.000000, 25.370865, -0.537086, 0.052086, 0.000000, 0.000100, 0, 0
2.48, 0.000000, 298.414514, 0.000000, 0.000000, 0.000000, 16.000000, 0.000002, 0.000100, 0.000002, 0.000102, 29.841451, 0.001021, 298.414514, 0.500000, 0.000000, -0.000002, 0.004000, 298.414514, 4.166670, -0.526451, 298.414514, 0.000000, -0.526451, 10.000000, 0.000000, 0.000000, 0.100000, 0.000000, 298.000000, 0.000000, 0.000000, 298.414514, 0.000000, 0.000000, 298.150000, 2.000000, 100000.000000, 0.000100, 298.150000, 0.000102, 0.000000, 8.000000, 298.414514, 0.000100, 298.150000, 10.000000, 298.414514, 298.150000, 298.150000, 298.150000, 0.000002, 293.150000, 298.414514, 5000000.000000, 0.000000, 0.001021, 0.001021, 0.000000, 10.000000, 10.000000, 0.000002, 0.000002, 10.000000, 0.000002, 0.001021, 0.000000, 0.001021, 0.000000, 0.000000, 0.000000, 5000000.000000, 9.998979, 0.000100, 10.000000, 0.000100, 0.001021, 0.000100, 0.000000, 0.000010, 100000.000000, 10.210581, 0.001021, 0.000100, 10.000000, 0.000102, 293.150000, -0.526451, 0.000000, 293.150000, -5.264514, -0.526451, -0.526451, 298.414514, 0.100000, 0.001021, 0.000100, 0.001021, 0.000100, 0.000000, 0.000100, 298.414514, 10.000000, 293.150000, 10.000000, 0.000102, 10.000000, 0.000102, 0.000000, 0.000102, 10.000000, 298.414514, 298.414514, 25.000000, 25.264514, -0.526451, 0.041451, 0.000000, 0.000100, 0, 0
2.5, 0.000000, 298.310270, 0.000000, 0.000000, 0.000000, 16.000000, 0.000002, 0.000100, 0.000002, 0.000102, 29.831027, 0.001021, 298.310270, 0.500000, 0.000000, -0.000002, 0.004000, 298.310270, 4.166670, -0.516027, 298.310270, 0.000000, -0.516027, 10.000000, 0.000000, 0.000000, 0.100000, 0.000000, 298.000000, 0.000000, 0.000000, 298.310270, 0.000000, 0.000000, 298.150000, 2.000000, 100000.000000, 0.000100, 298.150000, 0.000102, 0.000000, 8.000000, 298.310270, 0.000100, 298.150000, 10.000000, 298.310270, 298.150000, 298.150000, 298.150000, 0.000002, 293.150000, 298.310270, 5000000.000000, 0.000000, 0.001021, 0.001021, 0.000000, 10.000000, 10.000000, 0.000002, 0.000002, 10.000000, 0.000002, 0.001021, 0.000000, 0.001021, 0.000000, 0.000000, 0.000000, 5000000.000000, 9.998979, 0.000100, 10.000000, 0.000100, 0.001021, 0.000100, 0.000000, 0.000010, 100000.000000, 10.206411, 0.001021, 0.000100, 10.000000, 0.000102, 293.150000, -0.516027, 0.000000, 293.150000, -5.160270, -0.516027, -0.516027, 298.310270, 0.100000, 0.001021, 0.000100, 0.001021, 0.000100, 0.000000, 0.000100, 298.310270, 10.000000, 293.150000, 10.000000, 0.000102, 10.000000, 0.000102, 0.000000, 0.000102, 10.000000, 298.310270, 298.310270, 25.000000, 25.160270, -0.516027, 0.031027, 0.000000, 0.000100, 0, 0
2.52, 0.000000, 298.208090, 0.000000, 0.000000, 0.000000, 16.000000, 0.000002, 0.000100, 0.000002, 0.000102, 29.820809, 0.001020, 298.208090, 0.500000, 0.000000, -0.000002, 0.004000, 298.208090, 4.166670, -0.505809, 298.208090, 0.000000, -0.505809, 10.000000, 0.000000, 0.000000, 0.100000, 0.000000, 298.000000, 0.000000, 0.000000, 298.208090, 0.000000, 0.000000, 298.150000, 2.000000, 100000.000000, 0.000100, 298.150000, 0.000102, 0.000000, 8.000000, 298.208090, 0.000100, 298.150000, 10.000000, 298.208090, 298.150000, 298.150000, 298.150000, 0.000002, 293.150000, 298.208090, 5000000.000000, 0.000000, 0.001020, 0.001020, 0.000000, 10.000000, 10.000000, 0.000002, 0.000002, 10.000000, 0.000002, 0.001020, 0.000000, 0.001020, 0.000000, 0.000000, 0.000000, 5000000.000000, 9.998980, 0.000100, 10.000000, 0.000100, 0.001020, 0.000100, 0.000000, 0.000010, 100000.000000, 10.202324, 0.001020, 0.000100, 10.000000, 0.000102, 293.150000, -0.505809, 0.000000, 293.150000, -5.058090, -0.505809, -0.505809, 298.208090, 0.100000, 0.001020, 0.000100, 0.001020, 0.000100, 0.000000, 0.000100, 298.208090, 10.000000, 293.150000, 10.000000, 0.000102, 10.000000, 0.000102, 0.000000, 0.000102, 10.000000, 298.208090, 298.208090, 25.000000, 25.058090, -0.505809, 0.020809, 0.000000, 0.000100, 0, 0
2.54, 0.000000, 298.107933, 0.000000, 0.000000, 0.000000, 16.000000, 0.000002, 0.000100, 0.000002, 0.000102, 29.810793, 0.001020, 298.107933, 0.500000, 0.000000, -0.000002, 0.004000, 298.107933, 4.166670, -0.495793, 298.107933, 0.000000, -0.495793, 10.000000, 0.000000, 0.000000, 0.100000, 0.000000, 298.000000, 0.000000, 0.000000, 298.107933, 0.000000, 0.000000, 298.150000, 2.000000, 100000.000000, 0.000100, 298.150000, 0.000102, 0.000000, 8.000000, 298.107933, 0.000100, 298.150000, 10.000000, 298.107933, 298.150000, 298.150000, 298.150000, 0.000002, 293.150000, 298.107933, 5000000.000000, 0.000000, 0.001020, 0.001020, 0.000000, 10.000000, 10.000000, 0.000002, 0.000002, 10.000000, 0.000002, 0.001020, 0.000000, 0.001020, 0.000000, 0.000000, 0.000000, 5000000.000000, 9.998980, 0.000100, 10.000000, 0.000100, 0.001020, 0.000100, 0.000000, 0.000010, 100000.000000, 10.198317, 0.001020, 0.000100, 10.000000, 0.000102, 293.150000, -0.495793, 0.000000, 293.150000, -4.957933, -0.495793, -0.495793, 298.107933, 0.100000, 0.001020, 0.000100, 0.001020, 0.000100, 0.000000, 0.000100, 298.107933, 10.000000, 293.150000, 10.000000, 0.000102, 10.000000, 0.000102, 0.000000, 0.000102, 10.000000, 298.107933, 298.107933, 25.000000, 24.957933, -0.495793, 0.010793, 0.000000, 0.000100, 0, 0
2.56, 0.000000, 298.009759, 0.000000, 0.000000, 0.000000, 16.000000, 0.000002, 0.000100, 0.000002, 0.000102, 29.800976, 0.001019, 298.009759, 0.500000, 0.000000, -0.000002, 0.004000, 298.009759, 4.166670, -0.485976, 298.009759, 0.000000, -0.485976, 10.000000, 0.000000, 0.000000, 0.100000, 0.000000, 298.000000, 0.000000, 0.000000, 298.009759, 0.000000, 0.000000, 298.150000, 2.000000, 100000.000000, 0.000100, 298.150000, 0.000102, 0.000000, 8.000000, 298.009759, 0.000100, 298.150000, 10.000000, 298.009759, 298.150000, 298.150000, 298.150000, 0.000002, 293.150000, 298.009759, 5000000.000000, 0.000000, 0.001019, 0.001019, 0.000000, 10.000000, 10.000000, 0.000002, 0.000002, 10.000000, 0.000002, 0.001019, 0.000000, 0.001019, 0.000000, 0.000000, 0.000000, 5000000.000000, 9.998981, 0.000100, 10.000000, 0.000100, 0.001019, 0.000100, 0.000000, 0.000010, 100000.000000, 10.194390, 0.001019, 0.000100, 10.000000, 0.000102, 293.150000, -0.485976, 0.000000, 293.150000, -4.859759, -0.485976, -0.485976, 298.009759, 0.100000, 0.001019, 0.000100, 0.001019, 0.000100, 0.000000, 0.000100, 298.009759, 10.000000, 293.150000, 10.000000, 0.000102, 10.000000, 0.000102, 0.000000, 0.000102, 10.000000, 298.009759, 298.009759, 25.000000, 24.859759, -0.485976, 0.000976, 0.000000, 0.000100, 0, 0
2.58, 0.000000, 297.913530, 0.000000, 0.000000, 0.000000, 16.000000, 0.000002, 0.000100, 0.000002, 0.000102, 29.791353, 0.001019, 297.913530, 0.500000, 0.000000, -0.000002, 0.004000, 297.913530, 4.166670, -0.476353, 297.913530, 0.000000, -0.476353, 10.000000, 0.000000, 0.000000, 0.100000, 0.000000, 298.000000, 0.000000, 0.000000, 297.913530, 0.000000, 0.000000, 298.150000, 2.000000, 100000.000000, 0.000100, 298.150000, 0.000102, 0.000000, 8.000000, 297.913530, 0.000100, 298.150000, 10.000000, 297.913530, 298.150000, 298.150000, 298.150000, 0.000002, 293.150000, 297.913530, 5000000.000000, 0.000000, 0.001019, 0.001019, 0.000000, 10.000000, 10.000000, 0.000002, 0.000002, 10.000000, 0.000002, 0.001019, 0.000000, 0.001019, 0.000000, 0.000000, 0.000000, 5000000.000000, 9.998981, 0.000100, 10.000000, 0.000100, 0.001019, 0.000100, 0.000000, 0.000010, 100000.000000, 10.190541, 0.001019, 0.000100, 10.000000, 0.000102, 293.150000, -0.476353, 0.000000, 293.150000, -4.763530, -0.476353, -0.476353, 297.913530, 0.100000, 0.001019, 0.000100, 0.001019, 0.000100, 0.000000, 0.000100, 297.913530, 10.000000, 293.150000, 10.000000, 0.000102, 10.000000, 0.000102, 0.000000, 0.000102, 10.000000, 297.913530, 297.913530, 25.000000, 24.763530, -0.476353, -0.008647, 0.000000, 0.000100, 0, 0
2.6, 0.000000, 297.819206, 0.000000, 0.000000, 0.000000, 16.000000, 0.000002, 0.000100, 0.000002, 0.000102, 29.781921, 0.001019, 297.819206, 0.500000, 0.000000, -0.000002, 0.004000, 297.819206, 4.166670, -0.466921, 297.819206, 0.000000, -0.466921, 10.000000, 0.000000, 0.000000, 0.100000, 0.000000, 298.000000, 0.000000, 0.000000, 297.819206, 0.000000, 0.000000, 298.150000, 2.000000, 100000.000000, 0.000100, 298.150000, 0.000102, 0.000000, 8.000000, 297.819206, 0.000100, 298.150000, 10.000000, 297.819206, 298.150000, 298.150000, 298.150000, 0.000002, 293.150000, 297.819206, 5000000.000000, 0.000000, 0.001019, 0.001019, 0.000000, 10.000000, 10.000000, 0.000002, 0.000002, 10.000000, 0.000002, 0.001019, 0.000000, 0.001019, 0.000000, 0.000000, 0.000000, 5000000.000000, 9.998981, 0.000100, 10.000000, 0.000100, 0.001019, 0.000100, 0.000000, 0.000010, 100000.000000, 10.186768, 0.001019, 0.000100, 10.000000, 0.000102, 293.150000, -0.466921, 0.000000, 293.150000, -4.669206, -0.466921, -0.466921, 297.819206, 0.100000, 0.001019, 0.000100, 0.001019, 0.000100, 0.000000, 0.000100, 297.819206, 10.000000, 293.150000, 10.000000, 0.000102, 10.000000, 0.000102, 0.000000, 0.000102, 10.000000, 297.819206, 297.819206, 25.000000, 24.669206, -0.466920, -0.018079, 0.000000, 0.000100, 0, 0
2.62, 0.000000, 297.726749, 0.000000, 0.000000, 0.000000, 16.000000, 0.000002, 0.000100, 0.000002, 0.000102, 29.772675, 0.001018, 297.726749, 0.500000, 0.000000, -0.000002, 0.004000, 297.726749, 4.166670, -0.457675, 297.726749, 0.000000, -0.457675, 10.000000, 0.000000, 0.000000, 0.100000, 0.000000, 298.000000, 0.000000, 0.000000, 297.726749, 0.000000, 0.000000, 298.150000, 2.000000, 100000.000000, 0.000100, 298.150000, 0.000102, 0.000000, 8.000000, 297.726749, 0.000100, 298.150000, 10.000000, 297.726749, 298.150000, 298.150000, 298.150000, 0.000002, 293.150000, 297.726749, 5000000.000000, 0.000000, 0.001018, 0.001018, 0.000000, 10.000000, 10.000000, 0.000002, 0.000002, 10.000000, 0.000002, 0.001018, 0.000000, 0.001018, 0.000000, 0.000000, 0.000000, 5000000.000000, 9.998982, 0.000100, 10.000000, 0.000100, 0.001018, 0.000100, 0.000000, 0.000010, 100000.000000, 10.183070, 0.001018, 0.000100, 10.000000, 0.000102, 293.150000, -0.457675, 0.000000, 293.150000, -4.576749, -0.457675, -0.457675, 297.726749, 0.100000, 0.001018, 0.000100, 0.001018, 0.000100, 0.000000, 0.000100, 297.726749, 10.000000, 293.150000, 10.000000, 0.000102, 10.000000, 0.000102, 0.000000, 0.000102, 10.000000, 297.726749, 297.726749, 25.000000, 24.576749, -0.457675, -0.027325, 0.000000, 0.000100, 0, 0
2.64, 0.000000, 297.636123, 0.000000, 0.000000, 0.000000, 16.000000, 0.000002, 0.000100, 0.000002, 0.000102, 29.763612, 0.001018, 297.636123, 0.500000, 0.000000, -0.000002, 0.004000, 297.636123, 4.166670, -0.448612, 297.636123, 0.000000, -0.448612, 10.000000, 0.000000, 0.000000, 0.100000, 0.000000, 298.000000, 0.000000, 0.000000, 297.636123, 0.000000, 0.000000, 298.150000, 2.000000, 100000.000000, 0.000100, 298.150000, 0.000102, 0.000000, 8.000000, 297.636123, 0.000100, 298.150000, 10.000000, 297.636123, 298.150000, 298.150000, 298.150000, 0.000002, 293.150000, 297.636123, 5000000.000000, 0.000000, 0.001018, 0.001018, 0.000000, 10.000000, 10.000000, 0.000002, 0.000002, 10.000000, 0.000002, 0.001018, 0.000000, 0.001018, 0.000000, 0.000000, 0.000000, 5000000.000000, 9.998982, 0.000100, 10.000000, 0.000100, 0.001018, 0.000100, 0.000000, 0.000010, 100000.000000, 10.179445, 0.001018, 0.000100, 10.000000, 0.000102, 293.150000, -0.448612, 0.000000, 293.150000, -4.486123, -0.448612, -0.448612, 297.636123, 0.100000, 0.001018, 0.000100, 0.001018, 0.000100, 0.000000, 0.000100, 297.636123, 10.000000, 293.150000, 10.000000, 0.000102, 10.000000, 0.000102, 0.000000, 0.000102, 10.000000, 297.636123, 297.636123, 25.000000, 24.486123, -0.448612, -0.036388, 0.000000, 0.000100, 0, 0
2.66, 0.000000, 297.547292, 0.000000, 0.000000, 0.000000, 16.000000, 0.000002, 0.000100, 0.000002, 0.000102, 29.754729, 0.001017, 297.547292, 0.500000, 0.000000, -0.000002, 0.004000, 297.547292, 4.166670, -0.439729, 297.547292, 0.000000, -0.439729, 10.000000, 0.000000, 0.000000, 0.100000, 0.000000, 298.000000, 0.000000, 0.000000, 297.547292, 0.000000, 0.000000, 298.150000, 2.000000, 100000.000000, 0.000100, 298.150000, 0.000102, 0.000000, 8.000000, 297.547292, 0.000100, 298.150000, 10.000000, 297.547292, 298.150000, 298.150000, 298.150000, 0.000002, 293.150000, 297.547292, 5000000.000000, 0.000000, 0.001017, 0.001017, 0.000000, 10.000000, 10.000000, 0.000002, 0.000002, 10.000000, 0.000002, 0.001017, 0.000000, 0.001017, 0.000000, 0.000000, 0.000000, 5000000.000000, 9.998983, 0.000100, 10.000000, 0.000100, 0.001017, 0.000100, 0.000000, 0.000010, 100000.000000, 10.175892, 0.001017, 0.000100, 10.000000, 0.000102, 293.150000, -0.439729, 0.000000, 293.150000, -4.397292, -0.439729, -0.439729, 297.547292, 0.100000, 0.001017, 0.000100, 0.001017, 0.000100, 0.000000, 0.000100, 297.547292, 10.000000, 293.150000, 10.000000, 0.000102, 10.000000, 0.000102, 0.000000, 0.000102, 10.000000, 297.547292, 297.547292, 25.000000, 24.397292, -0.439729, -0.045271, 0.000000, 0.000100, 0, 0
2.68, 0.000000, 297.460220, 0.000000, 0.000000, 0.000000, 16.000000, 0.000002, 0.000100, 0.000002, 0.000102, 29.746022, 0.001017, 297.460220, 0.500000, 0.000000, -0.000002, 0.004000, 297.460220, 4.166670, -0.431022, 297.460220, 0.000000, -0.431022, 10.000000, 0.000000, 0.000000, 0.100000, 0.000000, 298.000000, 0.000000, 0.000000, 297.460220, 0.000000, 0.000000, 298.150000, 2.000000, 100000.000000, 0.000100, 298.150000, 0.000102, 0.000000, 8.000000, 297.460220, 0.000100, 298.150000, 10.000000, 297.460220, 298.150000, 298.150000, 298.150000, 0.000002, 293.150000, 297.460220, 5000000.000000, 0.000000, 0.001017, 0.001017, 0.000000, 10.000000, 10.000000, 0.000002, 0.000002, 10.000000, 0.000002, 0.001017, 0.000000, 0.001017, 0.000000, 0.000000, 0.000000, 5000000.000000, 9.998983, 0.000100, 10.000000, 0.000100, 0.001017, 0.000100, 0.000000, 0.000010, 100000.000000, 10.172409, 0.001017, 0.000100, 10.000000, 0.000102, 293.150000, -0.431022, 0.000000, 293.150000, -4.310220, -0.431022, -0.431022, 297.460220, 0.100000, 0.001017, 0.000100, 0.001017, 0.000100, 0.000000, 0.000100, 297.460220, 10.000000, 293.150000, 10.000000, 0.000102, 10.000000, 0.000102, 0.000000, 0.000102, 10.000000, 297.460220, 297.460220, 25.000000, 24.310220, -0.431022, -0.053978, 0.000000, 0.000100, 0, 0
2.7, 0.000000, 297.374872, 0.000000, 0.000000, 0.000000, 16.000000, 0.000002, 0.000100, 0.000002, 0.000102, 29.737487, 0.001017, 297.374872, 0.500000, 0.000000, -0.000002, 0.004000, 297.374872, 4.166670, -0.422487, 297.374872, 0.000000, -0.422487, 10.000000, 0.000000, 0.000000, 0.100000, 0.000000, 298.000000, 0.000000, 0.000000, 297.374872, 0.000000, 0.000000, 298.150000, 2.000000, 100000.000000, 0.000100, 298.150000, 0.000102, 0.000000, 8.000000, 297.374872, 0.000100, 298.150000, 10.000000, 297.374872, 298.150000, 298.150000, 298.150000, 0.000002, 293.150000, 297.374872, 5000000.000000, 0.000000, 0.001017, 0.001017, 0.000000, 10.000000, 10.000000, 0.000002, 0.000002, 10.000000, 0.000002, 0.001017, 0.000000, 0.001017, 0.000000, 0.000000, 0.000000, 5000000.000000, 9.998983, 0.000100, 10.000000, 0.000100, 0.001017, 0.000100, 0.000000, 0.000010, 100000.000000, 10.168995, 0.001017, 0.000100, 10.000000, 0.000102, 293.150000, -0.422487, 0.000000, 293.150000, -4.224872, -0.422487, -0.422487, 297.374872, 0.100000, 0.001017, 0.000100, 0.001017, 0.000100, 0.000000, 0.000100, 297.374872, 10.000000, 293.150000, 10.000000, 0.000102, 10.000000, 0.000102, 0.000000, 0.000102, 10.000000, 297.374872, 297.374872, 25.000000, 24.224872, -0.422487, -0.062513, 0.000000, 0.000100, 0, 0
2.72, 0.000000, 297.291214, 0.000000, 0.000000, 0.000000, 16.000000, 0.000002, 0.000100, 0.000002, 0.000102, 29.729121, 0.001016, 297.291214, 0.500000, 0.000000, -0.000002, 0.004000, 297.291214, 4.166670, -0.414121, 297.291214, 0.000000, -0.414121, 10.000000, 0.000000, 0.000000, 0.100000, 0.000000, 298.000000, 0.000000, 0.000000, 297.291214, 0.000000, 0.000000, 298.150000, 2.000000, 100000.000000, 0.000100, 298.150000, 0.000102, 0.000000, 8.000000, 297.291214, 0.000100, 298.150000, 10.000000, 297.291214, 298.150000, 298.150000, 298.150000, 0.000002, 293.150000, 297.291214, 5000000.000000, 0.000000, 0.001016, 0.001016, 0.000000, 10.000000, 10.000000, 0.000002, 0.000002, 10.000000, 0.000002, 0.001016, 0.000000, 0.001016, 0.000000, 0.000000, 0.000000, 5000000.000000, 9.998984, 0.000100, 10.000000, 0.000100, 0.001016, 0.000100, 0.000000, 0.000010, 100000.000000, 10.165649, 0.001016, 0.000100, 10.000000, 0.000102, 293.150000, -0.414121, 0.000000, 293.150000, -4.141214, -0.414121, -0.414121, 297.291214, 0.100000, 0.001016, 0.000100, 0.001016, 0.000100, 0.000000, 0.000100, 297.291214, 10.000000, 293.150000, 10.000000, 0.000102, 10.000000, 0.000102, 0.000000, 0.000102, 10.000000, 297.291214, 297.291214, 25.000000, 24.141214, -0.414121, -0.070879, 0.000000, 0.000100, 0, 0
2.74, 0.000000, 297.209212, 0.000000, 0.000000, 0.000000, 16.000000, 0.000002, 0.000100, 0.000002, 0.000102, 29.720921, 0.001016, 297.209212, 0.500000, 0.000000, -0.000002, 0.004000, 297.209212, 4.166670, -0.405921, 297.209212, 0.000000, -0.405921, 10.000000, 0.000000, 0.000000, 0.100000, 0.000000, 298.000000, 0.000000, 0.000000, 297.209212, 0.000000, 0.000000, 298.150000, 2.000000, 100000.000000, 0.000100, 298.150000, 0.000102, 0.000000, 8.000000, 297.209212, 0.000100, 298.150000, 10.000000, 297.209212, 298.150000, 298.150000, 298.150000, 0.000002, 293.150000, 297.209212, 5000000.000000, 0.000000, 0.001016, 0.001016, 0.000000, 10.000000, 10.000000, 0.000002, 0.000002, 10.000000, 0.000002, 0.001016, 0.000000, 0.001016, 0.000000, 0.000000, 0.000000, 5000000.000000, 9.998984, 0.000100, 10.000000, 0.000100, 0.001016, 0.000100, 0.000000, 0.000010, 100000.000000, 10.162368, 0.001016, 0.000100, 10.000000, 0.000102, 293.150000, -0.405921, 0.000000, 293.150000, -4.059212, -0.405921, -0.405921, 297.209212, 0.100000, 0.001016, 0.000100, 0.001016, 0.000100, 0.000000, 0.000100, 297.209212, 10.000000, 293.150000, 10.000000, 0.000102, 10.000000, 0.000102, 0.000000, 0.000102, 10.000000, 297.209212, 297.209212, 25.000000, 24.059212, -0.405921, -0.079079, 0.000000, 0.000100, 0, 0
2.76, 0.000000, 297.648596, 0.000000, 0.000000, 0.000000, 16.000000, 0.000002, 0.982323, 0.000002, 0.982327, 29.764860, 9.999990, 297.648596, 0.500000, 0.000000, -0.000004, 0.004000, 297.648596, 4.166670, -0.449860, 297.648596, 0.000002, -0.449860, 10.000000, 0.000000, 9.823218, 0.100000, 0.000000, 298.000000, 0.000000, 1.000000, 297.648596, 1.000000, 0.000000, 298.150000, 2.000000, 100000.000000, 0.982323, 298.150000, 0.982327, 0.000000, 8.000000, 297.648596, 0.982325, 298.150000, 10.000000, 297.648596, 298.150000, 298.150000, 298.150000, 0.000002, 293.150000, 297.648596, 5000000.000000, 0.000002, 9.999990, 9.999990, 0.000002, 10.000000, 10.000000, 0.000002, 0.000002, 10.000000, 0.000002, 9.999990, 0.000002, 9.999990, 0.000002, 0.000000, 0.000002, 5000000.000000, 0.000010, 0.982325, 10.000000, 0.982325, 9.999990, 0.982325, 1.000000, 0.000010, 0.000010, 10.179944, 9.999990, 0.982323, 10.000000, 0.982327, 293.150000, -0.449860, 9.823218, 293.150000, -4.498596, -0.449860, -0.449860, 297.648596, 0.100000, 9.999990, 0.982323, 9.999990, 0.982323, 0.000000, 0.982323, 297.648596, 10.000000, 293.150000, 10.000000, 0.982327, 10.000000, 0.982327, 0.000000, 0.982327, 10.000000, 297.648596, 297.648596, 25.000000, 24.498596, 9.373358, -0.035140, 0.000000, 0.982325, 1, 1
2.78, 0.000000, 299.127421, 0.000000, 0.000000, 0.000000, 16.000000, 0.000002, 0.000100, 0.000002, 0.000102, 29.912742, 0.001024, 299.127421, 0.500000, 0.000000, -0.000002, 0.004000, 299.127421, 4.166670, -0.597742, 299.127421, 0.000000, -0.597742, 10.000000, 0.000000, 0.000000, 0.100000, 0.000000, 298.000000, 0.000000, 0.000000, 299.127421, 0.000000, 0.000000, 298.150000, 2.000000, 100000.000000, 0.000100, 298.150000, 0.000102, 0.000000, 8.000000, 299.127421, 0.000100, 298.150000, 10.000000, 299.127421, 298.150000, 298.150000, 298.150000, 0.000002, 293.150000, 299.127421, 5000000.000000, 0.000000, 0.001024, 0.001024, 0.000000, 10.000000, 10.000000, 0.000002, 0.000002, 10.000000, 0.000002, 0.001024, 0.000000, 0.001024, 0.000000, 0.000000, 0.000000, 5000000.000000, 9.998976, 0.000100, 10.000000, 0.000100, 0.001024, 0.000100, 0.000000, 0.000010, 100000.000000, 10.239097, 0.001024, 0.000100, 10.000000, 0.000102, 293.150000, -0.597742, 0.000000, 293.150000, -5.977421, -0.597742, -0.597742, 299.127421, 0.100000, 0.001024, 0.000100, 0.001024, 0.000100, 0.000000, 0.000100, 299.127421, 10.000000, 293.150000, 10.000000, 0.000102, 10.000000, 0.000102, 0.000000, 0.000102, 10.000000, 299.127421, 299.127421, 25.000000, 25.977421, -0.597742, 0.112742, 0.000000, 0.000100, 0, 0
2.8, 0.000000, 299.009060, 0.000000, 0.000000, 0.000000, 16.000000, 0.000002, 0.000100, 0.000002, 0.000102, 29.900906, 0.001023, 299.009060, 0.500000, 0.000000, -0.000002, 0.004000, 299.009060, 4.166670, -0.585906, 299.009060, 0.000000, -0.585906, 10.000000, 0.000000, 0.000000, 0.100000, 0.000000, 298.000000, 0.000000, 0.000000, 299.009060, 0.000000, 0.000000, 298.150000, 2.000000, 100000.000000, 0.000100, 298.150000, 0.000102, 0.000000, 8.000000, 299.009060, 0.000100, 298.150000, 10.000000, 299.009060, 298.150000, 298.150000, 298.150000, 0.000002, 293.150000, 299.009060, 5000000.000000, 0.000000, 0.001023, 0.001023, 0.000000, 10.000000, 10.000000, 0.000002, 0.000002, 10.000000, 0.000002, 0.001023, 0.000000, 0.001023, 0.000000, 0.000000, 0.000000, 5000000.000000, 9.998977, 0.000100, 10.000000, 0.000100, 0.001023, 0.000100, 0.000000, 0.000010, 100000.000000, 10.234362, 0.001023, 0.000100, 10.000000, 0.000102, 293.150000, -0.585906, 0.000000, 293.150000, -5.859060, -0.585906, -0.585906, 299.009060, 0.100000, 0.001023, 0.000100, 0.001023, 0.000100, 0.000000, 0.000100, 299.009060, 10.000000, 293.150000, 10.000000, 0.000102, 10.000000, 0.000102, 0.000000, 0.000102, 10.000000, 299.009060, 299.009060, 25.000000, 25.859060, -0.585906, 0.100906, 0.000000, 0.000100, 0, 0
2.82, 0.000000, 298.893043, 0.000000, 0.000000, 0.000000, 16.000000, 0.000002, 0.000100, 0.000002, 0.000102, 29.889304, 0.001023, 298.893043, 0.500000, 0.000000, -0.000002, 0.004000, 298.893043, 4.166670, -0.574304, 298.893043, 0.000000, -0.574304, 10.000000, 0.000000, 0.000000, 0.100000, 0.000000, 298.000000, 0.000000, 0.000000, 298.893043, 0.000000, 0.000000, 298.150000, 2.000000, 100000.000000, 0.000100, 298.150000, 0.000102, 0.000000, 8.000000, 298.893043, 0.000100, 298.150000, 10.000000, 298.893043, 298.150000, 298.150000, 298.150000, 0.000002, 293.150000, 298.893043, 5000000.000000, 0.000000, 0.001023, 0.001023, 0.000000, 10.000000, 10.000000, 0.000002, 0.000002, 10.000000, 0.000002, 0.001023, 0.000000, 0.001023, 0.000000, 0.000000, 0.000000, 5000000.000000, 9.998977, 0.000100, 10.000000, 0.000100, 0.001023, 0.000100, 0.000000, 0.000010, 100000.000000, 10.229722, 0.001023, 0.000100, 10.000000, 0.000102, 293.150000, -0.574304, 0.000000, 293.150000, -5.743043, -0.574304, -0.574304, 298.893043, 0.100000, 0.001023, 0.000100, 0.001023, 0.000100, 0.000000, 0.000100, 298.893043, 10.000000, 293.150000, 10.000000, 0.000102, 10.000000, 0.000102, 0.000000, 0.000102, 10.000000, 298.893043, 298.893043, 25.000000, 25.743043, -0.574304, 0.089304, 0.000000, 0.000100, 0, 0
2.84, 0.000000, 298.779323, 0.000000, 0.000000, 0.000000, 16.000000, 0.000002, 0.000100, 0.000002, 0.000102, 29.877932, 0.001022, 298.779323, 0.500000, 0.000000, -0.000002, 0.004000, 298.779323, 4.166670, -0.562932, 298.779323, 0.000000, -0.562932, 10.000000, 0.000000, 0.000000, 0.100000, 0.000000, 298.000000, 0.000000, 0.000000, 298.779323, 0.000000, 0.000000, 298.150000, 2.000000, 100000.000000, 0.000100, 298.150000, 0.000102, 0.000000, 8.000000, 298.779323, 0.000100, 298.150000, 10.000000, 298.779323, 298.150000, 298.150000, 298.150000, 0.000002, 293.150000, 298.779323, 5000000.000000, 0.000000, 0.001022, 0.001022, 0.000000, 10.000000, 10.000000, 0.000002, 0.000002, 10.000000, 0.000002, 0.001022, 0.000000, 0.001022, 0.000000, 0.000000, 0.000000, 5000000.000000, 9.998978, 0.000100, 10.000000, 0.000100, 0.001022, 0.000100, 0.000000, 0.000010, 100000.000000, 10.225173, 0.001022, 0.000100, 10.000000, 0.000102, 293.150000, -0.562932, 0.000000, 293.150000, -5.629323, -0.562932, -0.562932, 298.779323, 0.100000, 0.001022, 0.000100, 0.001022, 0.000100, 0.000000, 0.000100, 298.779323, 10.000000, 293.150000, 10.000000, 0.000102, 10.000000, 0.000102, 0.000000, 0.000102, 10.000000, 298.779323, 298.779323, 25.000000, 25.629323, -0.562932, 0.077932, 0.000000, 0.000100, 0, 0
2.86, 0.000000, 298.667855, 0.000000, 0.000000, 0.000000, 16.000000, 0.000002, 0.000100, 0.000002, 0.000102, 29.866785, 0.001022, 298.667855, 0.500000, 0.000000, -0.000002, 0.004000, 298.667855, 4.166670, -0.551785, 298.667855, 0.000000, -0.551785, 10.000000, 0.000000, 0.000000, 0.100000, 0.000000, 298.000000, 0.000000, 0.000000, 298.667855, 0.000000, 0.000000, 298.150000, 2.000000, 100000.000000, 0.000100, 298.150000, 0.000102, 0.000000, 8.000000, 298.667855, 0.000100, 298.150000, 10.000000, 298.667855, 298.150000, 298.150000, 298.150000, 0.000002, 293.150000, 298.667855, 5000000.000000, 0.000000, 0.001022, 0.001022, 0.000000, 10.000000, 10.000000, 0.000002, 0.000002, 10.000000, 0.000002, 0.001022, 0.000000, 0.001022, 0.000000, 0.000000, 0.000000, 5000000.000000, 9.998978, 0.000100, 10.000000, 0.000100, 0.001022, 0.000100, 0.000000, 0.000010, 100000.000000, 10.220714, 0.001022, 0.000100, 10.000000, 0.000102, 293.150000, -0.551785, 0.000000, 293.150000, -5.517855, -0.551785, -0.551785, 298.667855, 0.100000, 0.001022, 0.000100, 0.001022, 0.000100, 0.000000, 0.000100, 298.667855, 10.000000, 293.150000, 10.000000, 0.000102, 10.000000, 0.000102, 0.000000, 0.000102, 10.000000, 298.667855, 298.667855, 25.000000, 25.517855, -0.551785, 0.066785, 0.000000, 0.000100, 0, 0
2.88, 0.000000, 298.558594, 0.000000, 0.000000, 0.000000, 16.000000, 0.000002, 0.000100, 0.000002, 0.000102, 29.855859, 0.001022, 298.558594, 0.500000, 0.000000, -0.000002, 0.004000, 298.558594, 4.166670, -0.540859, 298.558594, 0.000000, -0.540859, 10.000000, 0.000000, 0.000000, 0.100000, 0.000000, 298.000000, 0.000000, 0.000000, 298.558594, 0.000000, 0.000000, 298.150000, 2.000000, 100000.000000, 0.000100, 298.150000, 0.000102, 0.000000, 8.000000, 298.558594, 0.000100, 298.150000, 10.000000, 298.558594, 298.150000, 298.150000, 298.150000, 0.000002, 293.150000, 298.558594, 5000000.000000, 0.000000, 0.001022, 0.001022, 0.000000, 10.000000, 10.000000, 0.000002, 0.000002, 10.000000, 0.000002, 0.001022, 0.000000, 0.001022, 0.000000, 0.000000, 0.000000, 5000000.000000, 9.998978, 0.000100, 10.000000, 0.000100, 0.001022, 0.000100, 0.000000, 0.000010, 100000.000000, 10.216344, 0.001022, 0.000100, 10.000000, 0.000102, 293.150000, -0.540859, 0.000000, 293.150000, -5.408594, -0.540859, -0.540859, 298.558594, 0.100000, 0.001022, 0.000100, 0.001022, 0.000100, 0.000000, 0.000100, 298.558594, 10.000000, 293.150000, 10.000000, 0.000102, 10.000000, 0.000102, 0.000000, 0.000102, 10.000000, 298.558594, 298.558594, 25.000000, 25.408594, -0.540859, 0.055859, 0.000000, 0.000100, 0, 0
2.9, 0.000000, 298.451497, 0.000000, 0.000000, 0.000000, 16.000000, 0.000002, 0.000100, 0.000002, 0.000102, 29.845150, 0.001021, 298.451497, 0.500000, 0.000000, -0.000002, 0.004000, 298.451497, 4.166670, -0.530150, 298.451497, 0.000000, -0.530150, 10.000000, 0.000000, 0.000000, 0.100000, 0.000000, 298.000000, 0.000000, 0.000000, 298.451497, 0.000000, 0.000000, 298.150000, 2.000000, 100000.000000, 0.000100, 298.150000, 0.000102, 0.000000, 8.000000, 298.451497, 0.000100, 298.150000, 10.000000, 298.451497, 298.150000, 298.150000, 298.150000, 0.000002, 293.150000, 298.451497, 5000000.000000, 0.000000, 0.001021, 0.001021, 0.000000, 10.000000, 10.000000, 0.000002, 0.000002, 10.000000, 0.000002, 0.001021, 0.000000, 0.001021, 0.000000, 0.000000, 0.000000, 5000000.000000, 9.998979, 0.000100, 10.000000, 0.000100, 0.001021, 0.000100, 0.000000, 0.000010, 100000.000000, 10.212060, 0.001021, 0.000100, 10.000000, 0.000102, 293.150000, -0.530150, 0.000000, 293.150000, -5.301497, -0.530150, -0.530150, 298.451497, 0.100000, 0.001021, 0.000100, 0.001021, 0.000100, 0.000000, 0.000100, 298.451497, 10.000000, 293.150000, 10.000000, 0.000102, 10.000000, 0.000102, 0.000000, 0.000102, 10.000000, 298.451497, 298.451497, 25.000000, 25.301497, -0.530150, 0.045150, 0.000000, 0.000100, 0, 0
2.92, 0.000000, 298.346520, 0.000000, 0.000000, 0.000000, 16.000000, 0.000002, 0.000100, 0.000002, 0.000102, 29.834652, 0.001021, 298.346520, 0.500000, 0.000000, -0.000002, 0.004000, 298.346520, 4.166670, -0.519652, 298.346520, 0.000000, -0.519652, 10.000000, 0.000000, 0.000000, 0.100000, 0.000000, 298.000000, 0.000000, 0.000000, 298.346520, 0.000000, 0.000000, 298.150000, 2.000000, 100000.000000, 0.000100, 298.150000, 0.000102, 0.000000, 8.000000, 298.346520, 0.000100, 298.150000, 10.000000, 298.346520, 298.150000, 298.150000, 298.150000, 0.000002, 293.150000, 298.346520, 5000000.000000, 0.000000, 0.001021, 0.001021, 0.000000, 10.000000, 10.000000, 0.000002, 0.000002, 10.000000, 0.000002, 0.001021, 0.000000, 0.001021, 0.000000, 0.000000, 0.000000, 5000000.000000, 9.998979, 0.000100, 10.000000, 0.000100, 0.001021, 0.000100, 0.000000, 0.000010, 100000.000000, 10.207861, 0.001021, 0.000100, 10.000000, 0.000102, 293.150000, -0.519652, 0.000000, 293.150000, -5.196520, -0.519652, -0.519652, 298.346520, 0.100000, 0.001021, 0.000100, 0.001021, 0.000100, 0.000000, 0.000100, 298.346520, 10.000000, 293.150000, 10.000000, 0.000102, 10.000000, 0.000102, 0.000000, 0.000102, 10.000000, 298.346520, 298.346520, 25.000000, 25.196520, -0.519652, 0.034652, 0.000000, 0.000100, 0, 0
2.94, 0.000000, 298.243622, 0.000000, 0.000000, 0.000000, 16.000000, 0.000002, 0.000100, 0.000002, 0.000102, 29.824362, 0.001020, 298.243622, 0.500000, 0.000000, -0.000002, 0.004000, 298.243622, 4.166670, -0.509362, 298.243622, 0.000000, -0.509362, 10.000000, 0.000000, 0.000000, 0.100000, 0.000000, 298.000000, 0.000000, 0.000000, 298.243622, 0.000000, 0.000000, 298.150000, 2.000000, 100000.000000, 0.000100, 298.150000, 0.000102, 0.000000, 8.000000, 298.243622, 0.000100, 298.150000, 10.000000, 298.243622, 298.150000, 298.150000, 298.150000, 0.000002, 293.150000, 298.243622, 5000000.000000, 0.000000, 0.001020, 0.001020, 0.000000, 10.000000, 10.000000, 0.000002, 0.000002, 10.000000, 0.000002, 0.001020, 0.000000, 0.001020, 0.000000, 0.000000, 0.000000, 5000000.000000, 9.998980, 0.000100, 10.000000, 0.000100, 0.001020, 0.000100, 0.000000, 0.000010, 100000.000000, 10.203745, 0.001020, 0.000100, 10.000000, 0.000102, 293.150000, -0.509362, 0.000000, 293.150000, -5.093622, -0.509362, -0.509362, 298.243622, 0.100000, 0.001020, 0.000100, 0.001020, 0.000100, 0.000000, 0.000100, 298.243622, 10.000000, 293.150000, 10.000000, 0.000102, 10.000000, 0.000102, 0.000000, 0.000102, 10.000000, 298.243622, 298.243622, 25.000000, 25.093622, -0.509362, 0.024362, 0.000000, 0.000100, 0, 0
2.96, 0.000000, 298.142762, 0.000000, 0.000000, 0.000000, 16.000000, 0.000002, 0.000100, 0.000002, 0.000102, 29.814276, 0.001020, 298.142762, 0.500000, 0.000000, -0.000002, 0.004000, 298.142762, 4.166670, -0.499276, 298.142762, 0.000000, -0.499276, 10.000000, 0.000000, 0.000000, 0.100000, 0.000000, 298.000000, 0.000000, 0.000000, 298.142762, 0.000000, 0.000000, 298.150000, 2.000000, 100000.000000, 0.000100, 298.150000, 0.000102, 0.000000, 8.000000, 298.142762, 0.000100, 298.150000, 10.000000, 298.142762, 298.150000, 298.150000, 298.150000, 0.000002, 293.150000, 298.142762, 5000000.000000, 0.000000, 0.001020, 0.001020, 0.000000, 10.000000, 10.000000, 0.000002, 0.000002, 10.000000, 0.000002, 0.001020, 0.000000, 0.001020, 0.000000, 0.000000, 0.000000, 5000000.000000, 9.998980, 0.000100, 10.000000, 0.000100, 0.001020, 0.000100, 0.000000, 0.000010, 100000.000000, 10.199710, 0.001020, 0.000100, 10.000000, 0.000102, 293.150000, -0.499276, 0.000000, 293.150000, -4.992762, -0.499276, -0.499276, 298.142762, 0.100000, 0.001020, 0.000100, 0.001020, 0.000100, 0.000000, 0.000100, 298.142762, 10.000000, 293.150000, 10.000000, 0.000102, 10.000000, 0.000102, 0.000000, 0.000102, 10.000000, 298.142762, 298.142762, 25.000000, 24.992762, -0.499276, 0.014276, 0.000000, 0.000100, 0, 0
2.98, 0.000000, 298.043898, 0.000000, 0.000000, 0.000000, 16.000000, 0.000002, 0.000100, 0.000002, 0.000102, 29.804390, 0.001019, 298.043898, 0.500000, 0.000000, -0.000002, 0.004000, 298.043898, 4.166670, -0.489390, 298.043898, 0.000000, -0.489390, 10.000000, 0.000000, 0.000000, 0.100000, 0.000000, 298.000000, 0.000000, 0.000000, 298.043898, 0.000000, 0.000000, 298.150000, 2.000000, 100000.000000, 0.000100, 298.150000, 0.000102, 0.000000, 8.000000, 298.043898, 0.000100, 298.150000, 10.000000, 298.043898, 298.150000, 298.150000, 298.150000, 0.000002, 293.150000, 298.043898, 5000000.000000, 0.000000, 0.001019, 0.001019, 0.000000, 10.000000, 10.000000, 0.000002, 0.000002, 10.000000, 0.000002, 0.001019, 0.000000, 0.001019, 0.000000, 0.000000, 0.000000, 5000000.000000, 9.998981, 0.000100, 10.000000, 0.000100, 0.001019, 0.000100, 0.000000, 0.000010, 100000.000000, 10.195756, 0.001019, 0.000100, 10.000000, 0.000102, 293.150000, -0.489390, 0.000000, 293.150000, -4.893898, -0.489390, -0.489390, 298.043898, 0.100000, 0.001019, 0.000100, 0.001019, 0.000100, 0.000000, 0.000100, 298.043898, 10.000000, 293.150000, 10.000000, 0.000102, 10.000000, 0.000102, 0.000000, 0.000102, 10.000000, 298.043898, 298.043898, 25.000000, 24.893898, -0.489390, 0.004390, 0.000000, 0.000100, 0, 0
3, 0.000000, 297.946993, 0.000000, 0.000000, 0.000000, 16.000000, 0.000002, 0.000100, 0.000002, 0.000102, 29.794699, 0.001019, 297.946993, 0.500000, 0.000000, -0.000002, 0.004000, 297.946993, 4.166670, -0.479699, 297.946993, 0.000000, -0.479699, 10.000000, 0.000000, 0.000000, 0.100000, 0.000000, 298.000000, 0.000000, 0.000000, 297.946993, 0.000000, 0.000000, 298.150000, 2.000000, 100000.000000, 0.000100, 298.150000, 0.000102, 0.000000, 8.000000, 297.946993, 0.000100, 298.150000, 10.000000, 297.946993, 298.150000, 298.150000, 298.150000, 0.000002, 293.150000, 297.946993, 5000000.000000, 0.000000, 0.001019, 0.001019, 0.000000, 10.000000, 10.000000, 0.000002, 0.000002, 10.000000, 0.000002, 0.001019, 0.000000, 0.001019, 0.000000, 0.000000, 0.000000, 5000000.000000, 9.998981, 0.000100, 10.000000, 0.000100, 0.001019, 0.000100, 0.000000, 0.000010, 100000.000000, 10.191880, 0.001019, 0.000100, 10.000000, 0.000102, 293.150000, -0.479699, 0.000000, 293.150000, -4.796993, -0.479699, -0.479699, 297.946993, 0.100000, 0.001019, 0.000100, 0.001019, 0.000100, 0.000000, 0.000100, 297.946993, 10.000000, 293.150000, 10.000000, 0.000102, 10.000000, 0.000102, 0.000000, 0.000102, 10.000000, 297.946993, 297.946993, 25.000000, 24.796993, -0.479699, -0.005301, 0.000000, 0.000100, 0, 0
3.02, 0.000000, 297.852006, 0.000000, 0.000000, 0.000000, 16.000000, 0.000002, 0.000100, 0.000002, 0.000102, 29.785201, 0.001019, 297.852006, 0.500000, 0.000000, -0.000002, 0.004000, 297.852006, 4.166670, -0.470201, 297.852006, 0.000000, -0.470201, 10.000000, 0.000000, 0.000000, 0.100000, 0.000000, 298.000000, 0.000000, 0.000000, 297.852006, 0.000000, 0.000000, 298.150000, 2.000000, 100000.000000, 0.000100, 298.150000, 0.000102, 0.000000, 8.000000, 297.852006, 0.000100, 298.150000, 10.000000, 297.852006, 298.150000, 298.150000, 298.150000, 0.000002, 293.150000, 297.852006, 5000000.000000, 0.000000, 0.001019, 0.001019, 0.000000, 10.000000, 10.000000, 0.000002, 0.000002, 10.000000, 0.000002, 0.001019, 0.000000, 0.001019, 0.000000, 0.000000, 0.000000, 5000000.000000, 9.998981, 0.000100, 10.000000, 0.000100, 0.001019, 0.000100, 0.000000, 0.000010, 100000.000000, 10.188080, 0.001019, 0.000100, 10.000000, 0.000102, 293.150000, -0.470201, 0.000000, 293.150000, -4.702006, -0.470201, -0.470201, 297.852006, 0.100000, 0.001019, 0.000100, 0.001019, 0.000100, 0.000000, 0.000100, 297.852006, 10.000000, 293.150000, 10.000000, 0.000102, 10.000000, 0.000102, 0.000000, 0.000102, 10.000000, 297.852006, 297.852006, 25.000000, 24.702006, -0.470200, -0.014799, 0.000000, 0.000100, 0, 0
3.04, 0.000000, 297.758900, 0.000000, 0.000000, 0.000000, 16.000000, 0.000002, 0.000100, 0.000002, 0.000102, 29.775890, 0.001018, 297.758900, 0.500000, 0.000000, -0.000002, 0.004000, 297.758900, 4.166670, -0.460890, 297.758900, 0.000000, -0.460890, 10.000000, 0.000000, 0.000000, 0.100000, 0.000000, 298.000000, 0.000000, 0.000000, 297.758900, 0.000000, 0.000000, 298.150000, 2.000000, 100000.000000, 0.000100, 298.150000, 0.000102, 0.000000, 8.000000, 297.758900, 0.000100, 298.150000, 10.000000, 297.758900, 298.150000, 298.150000, 298.150000, 0.000002, 293.150000, 297.758900, 5000000.000000, 0.000000, 0.001018, 0.001018, 0.000000, 10.000000, 10.000000, 0.000002, 0.000002, 10.000000, 0.000002, 0.001018, 0.000000, 0.001018, 0.000000, 0.000000, 0.000000, 5000000.000000, 9.998982, 0.000100, 10.000000, 0.000100, 0.001018, 0.000100, 0.000000, 0.000010, 100000.000000, 10.184356, 0.001018, 0.000100, 10.000000, 0.000102, 293.150000, -0.460890, 0.000000, 293.150000, -4.608900, -0.460890, -0.460890, 297.758900, 0.100000, 0.001018, 0.000100, 0.001018, 0.000100, 0.000000, 0.000100, 297.758900, 10.000000, 293.150000, 10.000000, 0.000102, 10.000000, 0.000102, 0.000000, 0.000102, 10.000000, 297.758900, 297.758900, 25.000000, 24.608900, -0.460890, -0.024110, 0.000000, 0.000100, 0, 0
3.06, 0.000000, 297.667638, 0.000000, 0.000000, 0.000000, 16.000000, 0.000002, 0.000100, 0.000002, 0.000102, 29.766764, 0.001018, 297.667638, 0.500000, 0.000000, -0.000002, 0.004000, 297.667638, 4.166670, -0.451764, 297.667638, 0.000000, -0.451764, 10.000000, 0.000000, 0.000000, 0.100000, 0.000000, 298.000000, 0.000000, 0.000000, 297.667638, 0.000000, 0.000000, 298.150000, 2.000000, 100000.000000, 0.000100, 298.150000, 0.000102, 0.000000, 8.000000, 297.667638, 0.000100, 298.150000, 10.000000, 297.667638, 298.150000, 298.150000, 298.150000, 0.000002, 293.150000, 297.667638, 5000000.000000, 0.000000, 0.001018, 0.001018, 0.000000, 10.000000, 10.000000, 0.000002, 0.000002, 10.000000, 0.000002, 0.001018, 0.000000, 0.001018, 0.000000, 0.000000, 0.000000, 5000000.000000, 9.998982, 0.000100, 10.000000, 0.000100, 0.001018, 0.000100, 0.000000, 0.000010, 100000.000000, 10.180706, 0.001018, 0.000100, 10.000000, 0.000102, 293.150000, -0.451764, 0.000000, 293.150000, -4.517638, -0.451764, -0.451764, 297.667638, 0.100000, 0.001018, 0.000100, 0.001018, 0.000100, 0.000000, 0.000100, 297.667638, 10.000000, 293.150000, 10.000000, 0.000102, 10.000000, 0.000102, 0.000000, 0.000102, 10.000000, 297.667638, 297.667638, 25.000000, 24.517638, -0.451764, -0.033236, 0.000000, 0.000100, 0, 0
3.08, 0.000000, 297.578183, 0.000000, 0.000000, 0.000000, 16.000000, 0.000002, 0.000100, 0.000002, 0.000102, 29.757818, 0.001018, 297.578183, 0.500000, 0.000000, -0.000002, 0.004000, 297.578183, 4.166670, -0.442818, 297.578183, 0.000000, -0.442818, 10.000000, 0.000000, 0.000000, 0.100000, 0.000000, 298.000000, 0.000000, 0.000000, 297.578183, 0.000000, 0.000000, 298.150000, 2.000000, 100000.000000, 0.000100, 298.150000, 0.000102, 0.000000, 8.000000, 297.578183, 0.000100, 298.150000, 10.000000, 297.578183, 298.150000, 298.150000, 298.150000, 0.000002, 293.150000, 297.578183, 5000000.000000, 0.000000, 0.001018, 0.001018, 0.000000, 10.000000, 10.000000, 0.000002, 0.000002, 10.000000, 0.000002, 0.001018, 0.000000, 0.001018, 0.000000, 0.000000, 0.000000, 5000000.000000, 9.998982, 0.000100, 10.000000, 0.000100, 0.001018, 0.000100, 0.000000, 0.000010, 100000.000000, 10.177127, 0.001018, 0.000100, 10.000000, 0.000102, 293.150000, -0.442818, 0.000000, 293.150000, -4.428183, -0.442818, -0.442818, 297.578183, 0.100000, 0.001018, 0.000100, 0.001018, 0.000100, 0.000000, 0.000100, 297.578183, 10.000000, 293.150000, 10.000000, 0.000102, 10.000000, 0.000102, 0.000000, 0.000102, 10.000000, 297.578183, 297.578183, 25.000000, 24.428183, -0.442818, -0.042182, 0.000000, 0.000100, 0, 0
3.1, 0.000000, 297.490499, 0.000000, 0.000000, 0.000000, 16.000000, 0.000002, 0.000100, 0.000002, 0.000102, 29.749050, 0.001017, 297.490499, 0.500000, 0.000000, -0.000002, 0.004000, 297.490499, 4.166670, -0.434050, 297.490499, 0.000000, -0.434050, 10.000000, 0.000000, 0.000000, 0.100000, 0.000000, 298.000000, 0.000000, 0.000000, 297.490499, 0.000000, 0.000000, 298.150000, 2.000000, 100000.000000, 0.000100, 298.150000, 0.000102, 0.000000, 8.000000, 297.490499, 0.000100, 298.150000, 10.000000, 297.490499, 298.150000, 298.150000, 298.150000, 0.000002, 293.150000, 297.490499, 5000000.000000, 0.000000, 0.001017, 0.001017, 0.000000, 10.000000, 10.000000, 0.000002, 0.000002, 10.000000, 0.000002, 0.001017, 0.000000, 0.001017, 0.000000, 0.000000, 0.000000, 5000000.000000, 9.998983, 0.000100, 10.000000, 0.000100, 0.001017, 0.000100, 0.000000, 0.000010, 100000.000000, 10.173620, 0.001017, 0.000100, 10.000000, 0.000102, 293.150000, -0.434050, 0.000000, 293.150000, -4.340499, -0.434050, -0.434050, 297.490499, 0.100000, 0.001017, 0.000100, 0.001017, 0.000100, 0.000000, 0.000100, 297.490499, 10.000000, 293.150000, 10.000000, 0.000102, 10.000000, 0.000102, 0.000000, 0.000102, 10.000000, 297.490499, 297.490499, 25.000000, 24.340499, -0.434050, -0.050950, 0.000000, 0.000100, 0, 0
3.12, 0.000000, 297.404551, 0.000000, 0.000000, 0.000000, 16.000000, 0.000002, 0.000100, 0.000002, 0.000102, 29.740455, 0.001017, 297.404551, 0.500000, 0.000000, -0.000002, 0.004000, 297.404551, 4.166670, -0.425455, 297.404551, 0.000000, -0.425455, 10.000000, 0.000000, 0.000000, 0.100000, 0.000000, 298.000000, 0.000000, 0.000000, 297.404551, 0.000000, 0.000000, 298.150000, 2.000000, 100000.000000, 0.000100, 298.150000, 0.000102, 0.000000, 8.000000, 297.404551, 0.000100, 298.150000, 10.000000, 297.404551, 298.150000, 298.150000, 298.150000, 0.000002, 293.150000, 297.404551, 5000000.000000, 0.000000, 0.001017, 0.001017, 0.000000, 10.000000, 10.000000, 0.000002, 0.000002, 10.000000, 0.000002, 0.001017, 0.000000, 0.001017, 0.000000, 0.000000, 0.000000, 5000000.000000, 9.998983, 0.000100, 10.000000, 0.000100, 0.001017, 0.000100, 0.000000, 0.000010, 100000.000000, 10.170182, 0.001017, 0.000100, 10.000000, 0.000102, 293.150000, -0.425455, 0.000000, 293.150000, -4.254551, -0.425455, -0.425455, 297.404551, 0.100000, 0.001017, 0.000100, 0.001017, 0.000100, 0.000000, 0.000100, 297.404551, 10.000000, 293.150000, 10.000000, 0.000102, 10.000000, 0.000102, 0.000000, 0.000102, 10.000000, 297.404551, 297.404551, 25.000000, 24.254551, -0.425455, -0.059545, 0.000000, 0.000100, 0, 0
3.14, 0.000000, 297.320305, 0.000000, 0.000000, 0.000000, 16.000000, 0.000002, 0.000100, 0.000002, 0.000102, 29.732031, 0.001017, 297.320305, 0.500000, 0.000000, -0.000002, 0.004000, 297.320305, 4.166670, -0.417031, 297.320305, 0.000000, -0.417031, 10.000000, 0.000000, 0.000000, 0.100000, 0.000000, 298.000000, 0.000000, 0.000000, 297.320305, 0.000000, 0.000000, 298.150000, 2.000000, 100000.000000, 0.000100, 298.150000, 0.000102, 0.000000, 8.000000, 297.320305, 0.000100, 298.150000, 10.000000, 297.320305, 298.150000, 298.150000, 298.150000, 0.000002, 293.150000, 297.320305, 5000000.000000, 0.000000, 0.001017, 0.001017, 0.000000, 10.000000, 10.000000, 0.000002, 0.000002, 10.000000, 0.000002, 0.001017, 0.000000, 0.001017, 0.000000, 0.000000, 0.000000, 5000000.000000, 9.998983, 0.000100, 10.000000, 0.000100, 0.001017, 0.000100, 0.000000, 0.000010, 100000.000000, 10.166812, 0.001017, 0.000100, 10.000000, 0.000102, 293.150000, -0.417031, 0.000000, 293.150000, -4.170305, -0.417031, -0.417031, 297.320305, 0.100000, 0.001017, 0.000100, 0.001017, 0.000100, 0.000000, 0.000100, 297.320305, 10.000000, 293.150000, 10.000000, 0.000102, 10.000000, 0.000102, 0.000000, 0.000102, 10.000000, 297.320305, 297.320305, 25.000000, 24.170305, -0.417030, -0.067969, 0.000000, 0.000100, 0, 0
3.16, 0.000000, 297.237728, 0.000000, 0.000000, 0.000000, 16.000000, 0.000002, 0.000100, 0.000002, 0.000102, 29.723773, 0.001016, 297.237728, 0.500000, 0.000000, -0.000002, 0.004000, 297.237728, 4.166670, -0.408773, 297.237728, 0.000000, -0.408773, 10.000000, 0.000000, 0.000000, 0.100000, 0.000000, 298.000000, 0.000000, 0.000000, 297.237728, 0.000000, 0.000000, 298.150000, 2.000000, 100000.000000, 0.000100, 298.150000, 0.000102, 0.000000, 8.000000, 297.237728, 0.000100, 298.150000, 10.000000, 297.237728, 298.150000, 298.150000, 298.150000, 0.000002, 293.150000, 297.237728, 5000000.000000, 0.000000, 0.001016, 0.001016, 0.000000, 10.000000, 10.000000, 0.000002, 0.000002, 10.000000, 0.000002, 0.001016, 0.000000, 0.001016, 0.000000, 0.000000, 0.000000, 5000000.000000, 9.998984, 0.000100, 10.000000, 0.000100, 0.001016, 0.000100, 0.000000, 0.000010, 100000.000000, 10.163509, 0.001016, 0.000100, 10.000000, 0.000102, 293.150000, -0.408773, 0.000000, 293.150000, -4.087728, -0.408773, -0.408773, 297.237728, 0.100000, 0.001016, 0.000100, 0.001016, 0.000100, 0.000000, 0.000100, 297.237728, 10.000000, 293.150000, 10.000000, 0.000102, 10.000000, 0.000102, 0.000000, 0.000102, 10.000000, 297.237728, 297.237728, 25.000000, 24.087728, -0.408773, -0.076227, 0.000000, 0.000100, 0, 0
3.18, 0.000000, 297.156785, 0.000000, 0.000000, 0.000000, 16.000000, 0.000002, 0.000100, 0.000002, 0.000102, 29.715679, 0.001016, 297.156785, 0.500000, 0.000000, -0.000002, 0.004000, 297.156785, 4.166670, -0.400679, 297.156785, 0.000000, -0.400679, 10.000000, 0.000000, 0.000000, 0.100000, 0.000000, 298.000000, 0.000000, 0.000000, 297.156785, 0.000000, 0.000000, 298.150000, 2.000000, 100000.000000, 0.000100, 298.150000, 0.000102, 0.000000, 8.000000, 297.156785, 0.000100, 298.150000, 10.000000, 297.156785, 298.150000, 298.150000, 298.150000, 0.000002, 293.150000, 297.156785, 5000000.000000, 0.000000, 0.001016, 0.001016, 0.000000, 10.000000, 10.000000, 0.000002, 0.000002, 10.000000, 0.000002, 0.001016, 0.000000, 0.001016, 0.000000, 0.000000, 0.000000, 5000000.000000, 9.998984, 0.000100, 10.000000, 0.000100, 0.001016, 0.000100, 0.000000, 0.000010, 100000.000000, 10.160271, 0.001016, 0.000100, 10.000000, 0.000102, 293.150000, -0.400679, 0.000000, 293.150000, -4.006785, -0.400679, -0.400679, 297.156785, 0.100000, 0.001016, 0.000100, 0.001016, 0.000100, 0.000000, 0.000100, 297.156785, 10.000000, 293.150000, 10.000000, 0.000102, 10.000000, 0.000102, 0.000000, 0.000102, 10.000000, 297.156785, 297.156785, 25.000000, 24.006785, -0.400678, -0.084321, 0.000000, 0.000100, 0, 0
3.2, 0.000000, 298.856231, 0.000000, 0.000000, 0.000000, 16.000000, 0.000002, 0.977683, 0.000002, 0.977687, 29.885623, 9.999990, 298.856231, 0.500000, 0.000000, -0.000004, 0.004000, 298.856231, 4.166670, -0.570623, 298.856231, 0.000002, -0.570623, 10.000000, 0.000000, 9.776825, 0.100000, 0.000000, 298.000000, 0.000000, 1.000000, 298.856231, 1.000000, 0.000000, 298.150000, 2.000000, 100000.000000, 0.977683, 298.150000, 0.977687, 0.000000, 8.000000, 298.856231, 0.977685, 298.150000, 10.000000, 298.856231, 298.150000, 298.150000, 298.150000, 0.000002, 293.150000, 298.856231, 5000000.000000, 0.000002, 9.999990, 9.999990, 0.000002, 10.000000, 10.000000, 0.000002, 0.000002, 10.000000, 0.000002, 9.999990, 0.000002, 9.999990, 0.000002, 0.000000, 0.000002, 5000000.000000, 0.000010, 0.977685, 10.000000, 0.977685, 9.999990, 0.977685, 1.000000, 0.000010, 0.000010, 10.228249, 9.999990, 0.977683, 10.000000, 0.977687, 293.150000, -0.570623, 9.776825, 293.150000, -5.706231, -0.570623, -0.570623, 298.856231, 0.100000, 9.999990, 0.977683, 9.999990, 0.977683, 0.000000, 0.977683, 298.856231, 10.000000, 293.150000, 10.000000, 0.977687, 10.000000, 0.977687, 0.000000, 0.977687, 10.000000, 298.856231, 298.856231, 25.000000, 25.706231, 9.206202, 0.085623, 0.000000, 0.977685, 1, 1
3.22, 0.000000, 299.050218, 0.000000, 0.000000, 0.000000, 16.000000, 0.000002, 0.000100, 0.000002, 0.000102, 29.905022, 0.001023, 299.050218, 0.500000, 0.000000, -0.000002, 0.004000, 299.050218, 4.166670, -0.590022, 299.050218, 0.000000, -0.590022, 10.000000, 0.000000, 0.000000, 0.100000, 0.000000, 298.000000, 0.000000, 0.000000, 299.050218, 0.000000, 0.000000, 298.150000, 2.000000, 100000.000000, 0.000100, 298.150000, 0.000102, 0.000000, 8.000000, 299.050218, 0.000100, 298.150000, 10.000000, 299.050218, 298.150000, 298.150000, 298.150000, 0.000002, 293.150000, 299.050218, 5000000.000000, 0.000000, 0.001023, 0.001023, 0.000000, 10.000000, 10.000000, 0.000002, 0.000002, 10.000000, 0.000002, 0.001023, 0.000000, 0.001023, 0.000000, 0.000000, 0.000000, 5000000.000000, 9.998977, 0.000100, 10.000000, 0.000100, 0.001023, 0.000100, 0.000000, 0.000010, 100000.000000, 10.236009, 0.001023, 0.000100, 10.000000, 0.000102, 293.150000, -0.590022, 0.000000, 293.150000, -5.900218, -0.590022, -0.590022, 299.050218, 0.100000, 0.001023, 0.000100, 0.001023, 0.000100, 0.000000, 0.000100, 299.050218, 10.000000, 293.150000, 10.000000, 0.000102, 10.000000, 0.000102, 0.000000, 0.000102, 10.000000, 299.050218, 299.050218, 25.000000, 25.900218, -0.590022, 0.105022, 0.000000, 0.000100, 0, 0
3.24, 0.000000, 298.933386, 0.000000, 0.000000, 0.000000, 16.000000, 0.000002, 0.000100, 0.000002, 0.000102, 29.893339, 0.001023, 298.933386, 0.500000, 0.000000, -0.000002, 0.004000, 298.933386, 4.166670, -0.578339, 298.933386, 0.000000, -0.578339, 10.000000, 0.000000, 0.000000, 0.100000, 0.000000, 298.000000, 0.000000, 0.000000, 298.933386, 0.000000, 0.000000, 298.150000, 2.000000, 100000.000000, 0.000100, 298.150000, 0.000102, 0.000000, 8.000000, 298.933386, 0.000100, 298.150000, 10.000000, 298.933386, 298.150000, 298.150000, 298.150000, 0.000002, 293.150000, 298.933386, 5000000.000000, 0.000000, 0.001023, 0.001023, 0.000000, 10.000000, 10.000000, 0.000002, 0.000002, 10.000000, 0.000002, 0.001023, 0.000000, 0.001023, 0.000000, 0.000000, 0.000000, 5000000.000000, 9.998977, 0.000100, 10.000000, 0.000100, 0.001023, 0.000100, 0.000000, 0.000010, 100000.000000, 10.231335, 0.001023, 0.000100, 10.000000, 0.000102, 293.150000, -0.578339, 0.000000, 293.150000, -5.783386, -0.578339, -0.578339, 298.933386, 0.100000, 0.001023, 0.000100, 0.001023, 0.000100, 0.000000, 0.000100, 298.933386, 10.000000, 293.150000, 10.000000, 0.000102, 10.000000, 0.000102, 0.000000, 0.000102, 10.000000, 298.933386, 298.933386, 25.000000, 25.783386, -0.578339, 0.093339, 0.000000, 0.000100, 0, 0
3.26, 0.000000, 298.818868, 0.000000, 0.000000, 0.000000, 16.000000, 0.000002, 0.000100, 0.000002, 0.000102, 29.881887, 0.001023, 298.818868, 0.500000, 0.000000, -0.000002, 0.004000, 298.818868, 4.166670, -0.566887, 298.818868, 0.000000, -0.566887, 10.000000, 0.000000, 0.000000, 0.100000, 0.000000, 298.000000, 0.000000, 0.000000, 298.818868, 0.000000, 0.000000, 298.150000, 2.000000, 100000.000000, 0.000100, 298.150000, 0.000102, 0.000000, 8.000000, 298.818868, 0.000100, 298.150000, 10.000000, 298.818868, 298.150000, 298.150000, 298.150000, 0.000002, 293.150000, 298.818868, 5000000.000000, 0.000000, 0.001023, 0.001023, 0.000000, 10.000000, 10.000000, 0.000002, 0.000002, 10.000000, 0.000002, 0.001023, 0.000000, 0.001023, 0.000000, 0.000000, 0.000000, 5000000.000000, 9.998977, 0.000100, 10.000000, 0.000100, 0.001023, 0.000100, 0.000000, 0.000010, 100000.000000, 10.226755, 0.001023, 0.000100, 10.000000, 0.000102, 293.150000, -0.566887, 0.000000, 293.150000, -5.668868, -0.566887, -0.566887, 298.818868, 0.100000, 0.001023, 0.000100, 0.001023, 0.000100, 0.000000, 0.000100, 298.818868, 10.000000, 293.150000, 10.000000, 0.000102, 10.000000, 0.000102, 0.000000, 0.000102, 10.000000, 298.818868, 298.818868, 25.000000, 25.668868, -0.566887, 0.081887, 0.000000, 0.000100, 0, 0
3.28, 0.000000, 298.706616, 0.000000, 0.000000, 0.000000, 16.000000, 0.000002, 0.000100, 0.000002, 0.000102, 29.870662, 0.001022, 298.706616, 0.500000, 0.000000, -0.000002, 0.004000, 298.706616, 4.166670, -0.555662, 298.706616, 0.000000, -0.555662, 10.000000, 0.000000, 0.000000, 0.100000, 0.000000, 298.000000, 0.000000, 0.000000, 298.706616, 0.000000, 0.000000, 298.150000, 2.000000, 100000.000000, 0.000100, 298.150000, 0.000102, 0.000000, 8.000000, 298.706616, 0.000100, 298.150000, 10.000000, 298.706616, 298.150000, 298.150000, 298.150000, 0.000002, 293.150000, 298.706616, 5000000.000000, 0.000000, 0.001022, 0.001022, 0.000000, 10.000000, 10.000000, 0.000002, 0.000002, 10.000000, 0.000002, 0.001022, 0.000000, 0.001022, 0.000000, 0.000000, 0.000000, 5000000.000000, 9.998978, 0.000100, 10.000000, 0.000100, 0.001022, 0.000100, 0.000000, 0.000010, 100000.000000, 10.222265, 0.001022, 0.000100, 10.000000, 0.000102, 293.150000, -0.555662, 0.000000, 293.150000, -5.556616, -0.555662, -0.555662, 298.706616, 0.100000, 0.001022, 0.000100, 0.001022, 0.000100, 0.000000, 0.000100, 298.706616, 10.000000, 293.150000, 10.000000, 0.000102, 10.000000, 0.000102, 0.000000, 0.000102, 10.000000, 298.706616, 298.706616, 25.000000, 25.556616, -0.555662, 0.070662, 0.000000, 0.000100, 0, 0
3.3, 0.000000, 298.596588, 0.000000, 0.000000, 0.000000, 16.000000, 0.000002, 0.000100, 0.000002, 0.000102, 29.859659, 0.001022, 298.596588, 0.500000, 0.000000, -0.000002, 0.004000, 298.596588, 4.166670, -0.544659, 298.596588, 0.000000, -0.544659, 10.000000, 0.000000, 0.000000, 0.100000, 0.000000, 298.000000, 0.000000, 0.000000, 298.596588, 0.000000, 0.000000, 298.150000, 2.000000, 100000.000000, 0.000100, 298.150000, 0.000102, 0.000000, 8.000000, 298.596588, 0.000100, 298.150000, 10.000000, 298.596588, 298.150000, 298.150000, 298.150000, 0.000002, 293.150000, 298.596588, 5000000.000000, 0.000000, 0.001022, 0.001022, 0.000000, 10.000000, 10.000000, 0.000002, 0.000002, 10.000000, 0.000002, 0.001022, 0.000000, 0.001022, 0.000000, 0.000000, 0.000000, 5000000.000000, 9.998978, 0.000100, 10.000000, 0.000100, 0.001022, 0.000100, 0.000000, 0.000010, 100000.000000, 10.217864, 0.001022, 0.000100, 10.000000, 0.000102, 293.150000, -0.544659, 0.000000, 293.150000, -5.446588, -0.544659, -0.544659, 298.596588, 0.100000, 0.001022, 0.000100, 0.001022, 0.000100, 0.000000, 0.000100, 298.596588, 10.000000, 293.150000, 10.000000, 0.000102, 10.000000, 0.000102, 0.000000, 0.000102, 10.000000, 298.596588, 298.596588, 25.000000, 25.446588, -0.544659, 0.059659, 0.000000, 0.000100, 0, 0
3.32, 0.000000, 298.488738, 0.000000, 0.000000, 0.000000, 16.000000, 0.000002, 0.000100, 0.000002, 0.000102, 29.848874, 0.001021, 298.488738, 0.500000, 0.000000, -0.000002, 0.004000, 298.488738, 4.166670, -0.533874, 298.488738, 0.000000, -0.533874, 10.000000, 0.000000, 0.000000, 0.100000, 0.000000, 298.000000, 0.000000, 0.000000, 298.488738, 0.000000, 0.000000, 298.150000, 2.000000, 100000.000000, 0.000100, 298.150000, 0.000102, 0.000000, 8.000000, 298.488738, 0.000100, 298.150000, 10.000000, 298.488738, 298.150000, 298.150000, 298.150000, 0.000002, 293.150000, 298.488738, 5000000.000000, 0.000000, 0.001021, 0.001021, 0.000000, 10.000000, 10.000000, 0.000002, 0.000002, 10.000000, 0.000002, 0.001021, 0.000000, 0.001021, 0.000000, 0.000000, 0.000000, 5000000.000000, 9.998979, 0.000100, 10.000000, 0.000100, 0.001021, 0.000100, 0.000000, 0.000010, 100000.000000, 10.213550, 0.001021, 0.000100, 10.000000, 0.000102, 293.150000, -0.533874, 0.000000, 293.150000, -5.338738, -0.533874, -0.533874, 298.488738, 0.100000, 0.001021, 0.000100, 0.001021, 0.000100, 0.000000, 0.000100, 298.488738, 10.000000, 293.150000, 10.000000, 0.000102, 10.000000, 0.000102, 0.000000, 0.000102, 10.000000, 298.488738, 298.488738, 25.000000, 25.338738, -0.533874, 0.048874, 0.000000, 0.000100, 0, 0
3.34, 0.000000, 298.383024, 0.000000, 0.000000, 0.000000, 16.000000, 0.000002, 0.000100, 0.000002, 0.000102, 29.838302, 0.001021, 298.383024, 0.500000, 0.000000, -0.000002, 0.004000, 298.383024, 4.166670, -0.523302, 298.383024, 0.000000, -0.523302, 10.000000, 0.000000, 0.000000, 0.100000, 0.000000, 298.000000, 0.000000, 0.000000, 298.383024, 0.000000, 0.000000, 298.150000, 2.000000, 100000.000000, 0.000100, 298.150000, 0.000102, 0.000000, 8.000000, 298.383024, 0.000100, 298.150000, 10.000000, 298.383024, 298.150000, 298.150000, 298.150000, 0.000002, 293.150000, 298.383024, 5000000.000000, 0.000000, 0.001021, 0.001021, 0.000000, 10.000000, 10.000000, 0.000002, 0.000002, 10.000000, 0.000002, 0.001021, 0.000000, 0.001021, 0.000000, 0.000000, 0.000000, 5000000.000000, 9.998979, 0.000100, 10.000000, 0.000100, 0.001021, 0.000100, 0.000000, 0.000010, 100000.000000, 10.209321, 0.001021, 0.000100, 10.000000, 0.000102, 293.150000, -0.523302, 0.000000, 293.150000, -5.233024, -0.523302, -0.523302, 298.383024, 0.100000, 0.001021, 0.000100, 0.001021, 0.000100, 0.000000, 0.000100, 298.383024, 10.000000, 293.150000, 10.000000, 0.000102, 10.000000, 0.000102, 0.000000, 0.000102, 10.000000, 298.383024, 298.383024, 25.000000, 25.233024, -0.523302, 0.038302, 0.000000, 0.000100, 0, 0
3.36, 0.000000, 298.279404, 0.000000, 0.000000, 0.000000, 16.000000, 0.000002, 0.000100, 0.000002, 0.000102, 29.827940, 0.001020, 298.279404, 0.500000, 0.000000, -0.000002, 0.004000, 298.279404, 4.166670, -0.512940, 298.279404, 0.000000, -0.512940, 10.000000, 0.000000, 0.000000, 0.100000, 0.000000, 298.000000, 0.000000, 0.000000, 298.279404, 0.000000, 0.000000, 298.150000, 2.000000, 100000.000000, 0.000100, 298.150000, 0.000102, 0.000000, 8.000000, 298.279404, 0.000100, 298.150000, 10.000000, 298.279404, 298.150000, 298.150000, 298.150000, 0.000002, 293.150000, 298.279404, 5000000.000000, 0.000000, 0.001020, 0.001020, 0.000000, 10.000000, 10.000000, 0.000002, 0.000002, 10.000000, 0.000002, 0.001020, 0.000000, 0.001020, 0.000000, 0.000000, 0.000000, 5000000.000000, 9.998980, 0.000100, 10.000000, 0.000100, 0.001020, 0.000100, 0.000000, 0.000010, 100000.000000, 10.205176, 0.001020, 0.000100, 10.000000, 0.000102, 293.150000, -0.512940, 0.000000, 293.150000, -5.129404, -0.512940, -0.512940, 298.279404, 0.100000, 0.001020, 0.000100, 0.001020, 0.000100, 0.000000, 0.000100, 298.279404, 10.000000, 293.150000, 10.000000, 0.000102, 10.000000, 0.000102, 0.000000, 0.000102, 10.000000, 298.279404, 298.279404, 25.000000, 25.129404, -0.512940, 0.027940, 0.000000, 0.000100, 0, 0
3.38, 0.000000, 298.177835, 0.000000, 0.000000, 0.000000, 16.000000, 0.000002, 0.000100, 0.000002, 0.000102, 29.817783, 0.001020, 298.177835, 0.500000, 0.000000, -0.000002, 0.004000, 298.177835, 4.166670, -0.502783, 298.177835, 0.000000, -0.502783, 10.000000, 0.000000, 0.000000, 0.100000, 0.000000, 298.000000, 0.000000, 0.000000, 298.177835, 0.000000, 0.000000, 298.150000, 2.000000, 100000.000000, 0.000100, 298.150000, 0.000102, 0.000000, 8.000000, 298.177835, 0.000100, 298.150000, 10.000000, 298.177835, 298.150000, 298.150000, 298.150000, 0.000002, 293.150000, 298.177835, 5000000.000000, 0.000000, 0.001020, 0.001020, 0.000000, 10.000000, 10.000000, 0.000002, 0.000002, 10.000000, 0.000002, 0.001020, 0.000000, 0.001020, 0.000000, 0.000000, 0.000000, 5000000.000000, 9.998980, 0.000100, 10.000000, 0.000100, 0.001020, 0.000100, 0.000000, 0.000010, 100000.000000, 10.201113, 0.001020, 0.000100, 10.000000, 0.000102, 293.150000, -0.502783, 0.000000, 293.150000, -5.027835, -0.502783, -0.502783, 298.177835, 0.100000, 0.001020, 0.000100, 0.001020, 0.000100, 0.000000, 0.000100, 298.177835, 10.000000, 293.150000, 10.000000, 0.000102, 10.000000, 0.000102, 0.000000, 0.000102, 10.000000, 298.177835, 298.177835, 25.000000, 25.027835, -0.502783, 0.017783, 0.000000, 0.000100, 0, 0
3.4, 0.000000, 298.078277, 0.000000, 0.000000, 0.000000, 16.000000, 0.000002, 0.000100, 0.000002, 0.000102, 29.807828, 0.001020, 298.078277, 0.500000, 0.000000, -0.000002, 0.004000, 298.078277, 4.166670, -0.492828, 298.078277, 0.000000, -0.492828, 10.000000, 0.000000, 0.000000, 0.100000, 0.000000, 298.000000, 0.000000, 0.000000, 298.078277, 0.000000, 0.000000, 298.150000, 2.000000, 100000.000000, 0.000100, 298.150000, 0.000102, 0.000000, 8.000000, 298.078277, 0.000100, 298.150000, 10.000000, 298.078277, 298.150000, 298.150000, 298.150000, 0.000002, 293.150000, 298.078277, 5000000.000000, 0.000000, 0.001020, 0.001020, 0.000000, 10.000000, 10.000000, 0.000002, 0.000002, 10.000000, 0.000002, 0.001020, 0.000000, 0.001020, 0.000000, 0.000000, 0.000000, 5000000.000000, 9.998980, 0.000100, 10.000000, 0.000100, 0.001020, 0.000100, 0.000000, 0.000010, 100000.000000, 10.197131, 0.001020, 0.000100, 10.000000, 0.000102, 293.150000, -0.492828, 0.000000, 293.150000, -4.928277, -0.492828, -0.492828, 298.078277, 0.100000, 0.001020, 0.000100, 0.001020, 0.000100, 0.000000, 0.000100, 298.078277, 10.000000, 293.150000, 10.000000, 0.000102, 10.000000, 0.000102, 0.000000, 0.000102, 10.000000, 298.078277, 298.078277, 25.000000, 24.928277, -0.492828, 0.007828, 0.000000, 0.000100, 0, 0
3.42, 0.000000, 297.980690, 0.000000, 0.000000, 0.000000, 16.000000, 0.000002, 0.000100, 0.000002, 0.000102, 29.798069, 0.001019, 297.980690, 0.500000, 0.000000, -0.000002, 0.004000, 297.980690, 4.166670, -0.483069, 297.980690, 0.000000, -0.483069, 10.000000, 0.000000, 0.000000, 0.100000, 0.000000, 298.000000, 0.000000, 0.000000, 297.980690, 0.000000, 0.000000, 298.150000, 2.000000, 100000.000000, 0.000100, 298.150000, 0.000102, 0.000000, 8.000000, 297.980690, 0.000100, 298.150000, 10.000000, 297.980690, 298.150000, 298.150000, 298.150000, 0.000002, 293.150000, 297.980690, 5000000.000000, 0.000000, 0.001019, 0.001019, 0.000000, 10.000000, 10.000000, 0.000002, 0.000002, 10.000000, 0.000002, 0.001019, 0.000000, 0.001019, 0.000000, 0.000000, 0.000000, 5000000.000000, 9.998981, 0.000100, 10.000000, 0.000100, 0.001019, 0.000100, 0.000000, 0.000010, 100000.000000, 10.193228, 0.001019, 0.000100, 10.000000, 0.000102, 293.150000, -0.483069, 0.000000, 293.150000, -4.830690, -0.483069, -0.483069, 297.980690, 0.100000, 0.001019, 0.000100, 0.001019, 0.000100, 0.000000, 0.000100, 297.980690, 10.000000, 293.150000, 10.000000, 0.000102, 10.000000, 0.000102, 0.000000, 0.000102, 10.000000, 297.980690, 297.980690, 25.000000, 24.830690, -0.483069, -0.001931, 0.000000, 0.000100, 0, 0
3.44, 0.000000, 297.885036, 0.000000, 0.000000, 0.000000, 16.000000, 0.000002, 0.000100, 0.000002, 0.000102, 29.788504, 0.001019, 297.885036, 0.500000, 0.000000, -0.000002, 0.004000, 297.885036, 4.166670, -0.473504, 297.885036, 0.000000, -0.473504, 10.000000, 0.000000, 0.000000, 0.100000, 0.000000, 298.000000, 0.000000, 0.000000, 297.885036, 0.000000, 0.000000, 298.150000, 2.000000, 100000.000000, 0.000100, 298.150000, 0.000102, 0.000000, 8.000000, 297.885036, 0.000100, 298.150000, 10.000000, 297.885036, 298.150000, 298.150000, 298.150000, 0.000002, 293.150000, 297.885036, 5000000.000000, 0.000000, 0.001019, 0.001019, 0.000000, 10.000000, 10.000000, 0.000002, 0.000002, 10.000000, 0.000002, 0.001019, 0.000000, 0.001019, 0.000000, 0.000000, 0.000000, 5000000.000000, 9.998981, 0.000100, 10.000000, 0.000100, 0.001019, 0.000100, 0.000000, 0.000010, 100000.000000, 10.189401, 0.001019, 0.000100, 10.000000, 0.000102, 293.150000, -0.473504, 0.000000, 293.150000, -4.735036, -0.473504, -0.473504, 297.885036, 0.100000, 0.001019, 0.000100, 0.001019, 0.000100, 0.000000, 0.000100, 297.885036, 10.000000, 293.150000, 10.000000, 0.000102, 10.000000, 0.000102, 0.000000, 0.000102, 10.000000, 297.885036, 297.885036, 25.000000, 24.735036, -0.473504, -0.011496, 0.000000, 0.000100, 0, 0
3.46, 0.000000, 297.791276, 0.000000, 0.000000, 0.000000, 16.000000, 0.000002, 0.000100, 0.000002, 0.000102, 29.779128, 0.001018, 297.791276, 0.500000, 0.000000, -0.000002, 0.004000, 297.791276, 4.166670, -0.464128, 297.791276, 0.000000, -0.464128, 10.000000, 0.000000, 0.000000, 0.100000, 0.000000, 298.000000, 0.000000, 0.000000, 297.791276, 0.000000, 0.000000, 298.150000, 2.000000, 100000.000000, 0.000100, 298.150000, 0.000102, 0.000000, 8.000000, 297.791276, 0.000100, 298.150000, 10.000000, 297.791276, 298.150000, 298.150000, 298.150000, 0.000002, 293.150000, 297.791276, 5000000.000000, 0.000000, 0.001018, 0.001018, 0.000000, 10.000000, 10.000000, 0.000002, 0.000002, 10.000000, 0.000002, 0.001018, 0.000000, 0.001018, 0.000000, 0.000000, 0.000000, 5000000.000000, 9.998982, 0.000100, 10.000000, 0.000100, 0.001018, 0.000100, 0.000000, 0.000010, 100000.000000, 10.185651, 0.001018, 0.000100, 10.000000, 0.000102, 293.150000, -0.464128, 0.000000, 293.150000, -4.641276, -0.464128, -0.464128, 297.791276, 0.100000, 0.001018, 0.000100, 0.001018, 0.000100, 0.000000, 0.000100, 297.791276, 10.000000, 293.150000, 10.000000, 0.000102, 10.000000, 0.000102, 0.000000, 0.000102, 10.000000, 297.791276, 297.791276, 25.000000, 24.641276, -0.464128, -0.020872, 0.000000, 0.000100, 0, 0
3.48, 0.000000, 297.699373, 0.000000, 0.000000, 0.000000, 16.000000, 0.000002, 0.000100, 0.000002, 0.000102, 29.769937, 0.001018, 297.699373, 0.500000, 0.000000, -0.000002, 0.004000, 297.699373, 4.166670, -0.454937, 297.699373, 0.000000, -0.454937, 10.000000, 0.000000, 0.000000, 0.100000, 0.000000, 298.000000, 0.000000, 0.000000, 297.699373, 0.000000, 0.000000, 298.150000, 2.000000, 100000.000000, 0.000100, 298.150000, 0.000102, 0.000000, 8.000000, 297.699373, 0.000100, 298.150000, 10.000000, 297.699373, 298.150000, 298.150000, 298.150000, 0.000002, 293.150000, 297.699373, 5000000.000000, 0.000000, 0.001018, 0.001018, 0.000000, 10.000000, 10.000000, 0.000002, 0.000002, 10.000000, 0.000002, 0.001018, 0.000000, 0.001018, 0.000000, 0.000000, 0.000000, 5000000.000000, 9.998982, 0.000100, 10.000000, 0.000100, 0.001018, 0.000100, 0.000000, 0.000010, 100000.000000, 10.181975, 0.001018, 0.000100, 10.000000, 0.000102, 293.150000, -0.454937, 0.000000, 293.150000, -4.549373, -0.454937, -0.454937, 297.699373, 0.100000, 0.001018, 0.000100, 0.001018, 0.000100, 0.000000, 0.000100, 297.699373, 10.000000, 293.150000, 10.000000, 0.000102, 10.000000, 0.000102, 0.000000, 0.000102, 10.000000, 297.699373, 297.699373, 25.000000, 24.549373, -0.454937, -0.030063, 0.000000, 0.000100, 0, 0
3.5, 0.000000, 297.609289, 0.000000, 0.000000, 0.000000, 16.000000, 0.000002, 0.000100, 0.000002, 0.000102, 29.760929, 0.001018, 297.609289, 0.500000, 0.000000, -0.000002, 0.004000, 297.609289, 4.166670, -0.445929, 297.609289, 0.000000, -0.445929, 10.000000, 0.000000, 0.000000, 0.100000, 0.000000, 298.000000, 0.000000, 0.000000, 297.609289, 0.000000, 0.000000, 298.150000, 2.000000, 100000.000000, 0.000100, 298.150000, 0.000102, 0.000000, 8.000000, 297.609289, 0.000100, 298.150000, 10.000000, 297.609289, 298.150000, 298.150000, 298.150000, 0.000002, 293.150000, 297.609289, 5000000.000000, 0.000000, 0.001018, 0.001018, 0.000000, 10.000000, 10.000000, 0.000002, 0.000002, 10.000000, 0.000002, 0.001018, 0.000000, 0.001018, 0.000000, 0.000000, 0.000000, 5000000.000000, 9.998982, 0.000100, 10.000000, 0.000100, 0.001018, 0.000100, 0.000000, 0.000010, 100000.000000, 10.178372, 0.001018, 0.000100, 10.000000, 0.000102, 293.150000, -0.445929, 0.000000, 293.150000, -4.459289, -0.445929, -0.445929, 297.609289, 0.100000, 0.001018, 0.000100, 0.001018, 0.000100, 0.000000, 0.000100, 297.609289, 10.000000, 293.150000, 10.000000, 0.000102, 10.000000, 0.000102, 0.000000, 0.000102, 10.000000, 297.609289, 297.609289, 25.000000, 24.459289, -0.445929, -0.039071, 0.000000, 0.000100, 0, 0
3.52, 0.000000, 297.520990, 0.000000, 0.000000, 0.000000, 16.000000, 0.000002, 0.000100, 0.000002, 0.000102, 29.752099, 0.001017, 297.520990, 0.500000, 0.000000, -0.000002, 0.004000, 297.520990, 4.166670, -0.437099, 297.520990, 0.000000, -0.437099, 10.000000, 0.000000, 0.000000, 0.100000, 0.000000, 298.000000, 0.000000, 0.000000, 297.520990, 0.000000, 0.000000, 298.150000, 2.000000, 100000.000000, 0.000100, 298.150000, 0.000102, 0.000000, 8.000000, 297.520990, 0.000100, 298.150000, 10.000000, 297.520990, 298.150000, 298.150000, 298.150000, 0.000002, 293.150000, 297.520990, 5000000.000000, 0.000000, 0.001017, 0.001017, 0.000000, 10.000000, 10.000000, 0.000002, 0.000002, 10.000000, 0.000002, 0.001017, 0.000000, 0.001017, 0.000000, 0.000000, 0.000000, 5000000.000000, 9.998983, 0.000100, 10.000000, 0.000100, 0.001017, 0.000100, 0.000000, 0.000010, 100000.000000, 10.174840, 0.001017, 0.000100, 10.000000, 0.000102, 293.150000, -0.437099, 0.000000, 293.150000, -4.370990, -0.437099, -0.437099, 297.520990, 0.100000, 0.001017, 0.000100, 0.001017, 0.000100, 0.000000, 0.000100, 297.520990, 10.000000, 293.150000, 10.000000, 0.000102, 10.000000, 0.000102, 0.000000, 0.000102, 10.000000, 297.520990, 297.520990, 25.000000, 24.370990, -0.437099, -0.047901, 0.000000, 0.000100, 0, 0
3.54, 0.000000, 297.434438, 0.000000, 0.000000, 0.000000, 16.000000, 0.000002, 0.000100, 0.000002, 0.000102, 29.743444, 0.001017, 297.434438, 0.500000, 0.000000, -0.000002, 0.004000, 297.434438, 4.166670, -0.428444, 297.434438, 0.000000, -0.428444, 10.000000, 0.000000, 0.000000, 0.100000, 0.000000, 298.000000, 0.000000, 0.000000, 297.434438, 0.000000, 0.000000, 298.150000, 2.000000, 100000.000000, 0.000100, 298.150000, 0.000102, 0.000000, 8.000000, 297.434438, 0.000100, 298.150000, 10.000000, 297.434438, 298.150000, 298.150000, 298.150000, 0.000002, 293.150000, 297.434438, 5000000.000000, 0.000000, 0.001017, 0.001017, 0.000000, 10.000000, 10.000000, 0.000002, 0.000002, 10.000000, 0.000002, 0.001017, 0.000000, 0.001017, 0.000000, 0.000000, 0.000000, 5000000.000000, 9.998983, 0.000100, 10.000000, 0.000100, 0.001017, 0.000100, 0.000000, 0.000010, 100000.000000, 10.171378, 0.001017, 0.000100, 10.000000, 0.000102, 293.150000, -0.428444, 0.000000, 293.150000, -4.284438, -0.428444, -0.428444, 297.434438, 0.100000, 0.001017, 0.000100, 0.001017, 0.000100, 0.000000, 0.000100, 297.434438, 10.000000, 293.150000, 10.000000, 0.000102, 10.000000, 0.000102, 0.000000, 0.000102, 10.000000, 297.434438, 297.434438, 25.000000, 24.284438, -0.428444, -0.056556, 0.000000, 0.000100, 0, 0
3.56, 0.000000, 297.349601, 0.000000, 0.000000, 0.000000, 16.000000, 0.000002, 0.000100, 0.000002, 0.000102, 29.734960, 0.001017, 297.349601, 0.500000, 0.000000, -0.000002, 0.004000, 297.349601, 4.166670, -0.419960, 297.349601, 0.000000, -0.419960, 10.000000, 0.000000, 0.000000, 0.100000, 0.000000, 298.000000, 0.000000, 0.000000, 297.349601, 0.000000, 0.000000, 298.150000, 2.000000, 100000.000000, 0.000100, 298.150000, 0.000102, 0.000000, 8.000000, 297.349601, 0.000100, 298.150000, 10.000000, 297.349601, 298.150000, 298.150000, 298.150000, 0.000002, 293.150000, 297.349601, 5000000.000000, 0.000000, 0.001017, 0.001017, 0.000000, 10.000000, 10.000000, 0.000002, 0.000002, 10.000000, 0.000002, 0.001017, 0.000000, 0.001017, 0.000000, 0.000000, 0.000000, 5000000.000000, 9.998983, 0.000100, 10.000000, 0.000100, 0.001017, 0.000100, 0.000000, 0.000010, 100000.000000, 10.167984, 0.001017, 0.000100, 10.000000, 0.000102, 293.150000, -0.419960, 0.000000, 293.150000, -4.199601, -0.419960, -0.419960, 297.349601, 0.100000, 0.001017, 0.000100, 0.001017, 0.000100, 0.000000, 0.000100, 297.349601, 10.000000, 293.150000, 10.000000, 0.000102, 10.000000, 0.000102, 0.000000, 0.000102, 10.000000, 297.349601, 297.349601, 25.000000, 24.199601, -0.419960, -0.065040, 0.000000, 0.000100, 0, 0
3.58, 0.000000, 297.266443, 0.000000, 0.000000, 0.000000, 16.000000, 0.000002, 0.000100, 0.000002, 0.000102, 29.726644, 0.001016, 297.266443, 0.500000, 0.000000, -0.000002, 0.004000, 297.266443, 4.166670, -0.411644, 297.266443, 0.000000, -0.411644, 10.000000, 0.000000, 0.000000, 0.100000, 0.000000, 298.000000, 0.000000, 0.000000, 297.266443, 0.000000, 0.000000, 298.150000, 2.000000, 100000.000000, 0.000100, 298.150000, 0.000102, 0.000000, 8.000000, 297.266443, 0.000100, 298.150000, 10.000000, 297.266443, 298.150000, 298.150000, 298.150000, 0.000002, 293.150000, 297.266443, 5000000.000000, 0.000000, 0.001016, 0.001016, 0.000000, 10.000000, 10.000000, 0.000002, 0.000002, 10.000000, 0.000002, 0.001016, 0.000000, 0.001016, 0.000000, 0.000000, 0.000000, 5000000.000000, 9.998984, 0.000100, 10.000000, 0.000100, 0.001016, 0.000100, 0.000000, 0.000010, 100000.000000, 10.164658, 0.001016, 0.000100, 10.000000, 0.000102, 293.150000, -0.411644, 0.000000, 293.150000, -4.116443, -0.411644, -0.411644, 297.266443, 0.100000, 0.001016, 0.000100, 0.001016, 0.000100, 0.000000, 0.000100, 297.266443, 10.000000, 293.150000, 10.000000, 0.000102, 10.000000, 0.000102, 0.000000, 0.000102, 10.000000, 297.266443, 297.266443, 25.000000, 24.116443, -0.411644, -0.073356, 0.000000, 0.000100, 0, 0
3.6, 0.000000, 297.184932, 0.000000, 0.000000, 0.000000, 16.000000, 0.000002, 0.000100, 0.000002, 0.000102, 29.718493, 0.001016, 297.184932, 0.500000, 0.000000, -0.000002, 0.004000, 297.184932, 4.166670, -0.403493, 297.184932, 0.000000, -0.403493, 10.000000, 0.000000, 0.000000, 0.100000, 0.000000, 298.000000, 0.000000, 0.000000, 297.184932, 0.000000, 0.000000, 298.150000, 2.000000, 100000.000000, 0.000100, 298.150000, 0.000102, 0.000000, 8.000000, 297.184932, 0.000100, 298.150000, 10.000000, 297.184932, 298.150000, 298.150000, 298.150000, 0.000002, 293.150000, 297.184932, 5000000.000000, 0.000000, 0.001016, 0.001016, 0.000000, 10.000000, 10.000000, 0.000002, 0.000002, 10.000000, 0.000002, 0.001016, 0.000000, 0.001016, 0.000000, 0.000000, 0.000000, 5000000.000000, 9.998984, 0.000100, 10.000000, 0.000100, 0.001016, 0.000100, 0.000000, 0.000010, 100000.000000, 10.161397, 0.001016, 0.000100, 10.000000, 0.000102, 293.150000, -0.403493, 0.000000, 293.150000, -4.034932, -0.403493, -0.403493, 297.184932, 0.100000, 0.001016, 0.000100, 0.001016, 0.000100, 0.000000, 0.000100, 297.184932, 10.000000, 293.150000, 10.000000, 0.000102, 10.000000, 0.000102, 0.000000, 0.000102, 10.000000, 297.184932, 297.184932, 25.000000, 24.034932, -0.403493, -0.081507, 0.000000, 0.000100, 0, 0
3.62, 0.000000, 298.208669, 0.000000, 0.000000, 0.000000, 16.000000, 0.000002, 0.980166, 0.000002, 0.980170, 29.820867, 9.999990, 298.208669, 0.500000, 0.000000, -0.000004, 0.004000, 298.208669, 4.166670, -0.505867, 298.208669, 0.000002, -0.505867, 10.000000, 0.000000, 9.801647, 0.100000, 0.000000, 298.000000, 0.000000, 1.000000, 298.208669, 1.000000, 0.000000, 298.150000, 2.000000, 100000.000000, 0.980166, 298.150000, 0.980170, 0.000000, 8.000000, 298.208669, 0.980168, 298.150000, 10.000000, 298.208669, 298.150000, 298.150000, 298.150000, 0.000002, 293.150000, 298.208669, 5000000.000000, 0.000002, 9.999990, 9.999990, 0.000002, 10.000000, 10.000000, 0.000002, 0.000002, 10.000000, 0.000002, 9.999990, 0.000002, 9.999990, 0.000002, 0.000000, 0.000002, 5000000.000000, 0.000010, 0.980168, 10.000000, 0.980168, 9.999990, 0.980168, 1.000000, 0.000010, 0.000010, 10.202347, 9.999990, 0.980166, 10.000000, 0.980170, 293.150000, -0.505867, 9.801647, 293.150000, -5.058669, -0.505867, -0.505867, 298.208669, 0.100000, 9.999990, 0.980166, 9.999990, 0.980166, 0.000000, 0.980166, 298.208669, 10.000000, 293.150000, 10.000000, 0.980170, 10.000000, 0.980170, 0.000000, 0.980170, 10.000000, 298.208669, 298.208669, 25.000000, 25.058669, 9.295780, 0.020867, 0.000000, 0.980168, 1, 1
3.64, 0.000000, 299.091666, 0.000000, 0.000000, 0.000000, 16.000000, 0.000002, 0.000100, 0.000002, 0.000102, 29.909167, 0.001024, 299.091666, 0.500000, 0.000000, -0.000002, 0.004000, 299.091666, 4.166670, -0.594167, 299.091666, 0.000000, -0.594167, 10.000000, 0.000000, 0.000000, 0.100000, 0.000000, 298.000000, 0.000000, 0.000000, 299.091666, 0.000000, 0.000000, 298.150000, 2.000000, 100000.000000, 0.000100, 298.150000, 0.000102, 0.000000, 8.000000, 299.091666, 0.000100, 298.150000, 10.000000, 299.091666, 298.150000, 298.150000, 298.150000, 0.000002, 293.150000, 299.091666, 5000000.000000, 0.000000, 0.001024, 0.001024, 0.000000, 10.000000, 10.000000, 0.000002, 0.000002, 10.000000, 0.000002, 0.001024, 0.000000, 0.001024, 0.000000, 0.000000, 0.000000, 5000000.000000, 9.998976, 0.000100, 10.000000, 0.000100, 0.001024, 0.000100, 0.000000, 0.000010, 100000.000000, 10.237667, 0.001024, 0.000100, 10.000000, 0.000102, 293.150000, -0.594167, 0.000000, 293.150000, -5.941666, -0.594167, -0.594167, 299.091666, 0.100000, 0.001024, 0.000100, 0.001024, 0.000100, 0.000000, 0.000100, 299.091666, 10.000000, 293.150000, 10.000000, 0.000102, 10.000000, 0.000102, 0.000000, 0.000102, 10.000000, 299.091666, 299.091666, 25.000000, 25.941666, -0.594166, 0.109167, 0.000000, 0.000100, 0, 0
3.66, 0.000000, 298.974013, 0.000000, 0.000000, 0.000000, 16.000000, 0.000002, 0.000100, 0.000002, 0.000102, 29.897401, 0.001023, 298.974013, 0.500000, 0.000000, -0.000002, 0.004000, 298.974013, 4.166670, -0.582401, 298.974013, 0.000000, -0.582401, 10.000000, 0.000000, 0.000000, 0.100000, 0.000000, 298.000000, 0.000000, 0.000000, 298.974013, 0.000000, 0.000000, 298.150000, 2.000000, 100000.000000, 0.000100, 298.150000, 0.000102, 0.000000, 8.000000, 298.974013, 0.000100, 298.150000, 10.000000, 298.974013, 298.150000, 298.150000, 298.150000, 0.000002, 293.150000, 298.974013, 5000000.000000, 0.000000, 0.001023, 0.001023, 0.000000, 10.000000, 10.000000, 0.000002, 0.000002, 10.000000, 0.000002, 0.001023, 0.000000, 0.001023, 0.000000, 0.000000, 0.000000, 5000000.000000, 9.998977, 0.000100, 10.000000, 0.000100, 0.001023, 0.000100, 0.000000, 0.000010, 100000.000000, 10.232961, 0.001023, 0.000100, 10.000000, 0.000102, 293.150000, -0.582401, 0.000000, 293.150000, -5.824013, -0.582401, -0.582401, 298.974013, 0.100000, 0.001023, 0.000100, 0.001023, 0.000100, 0.000000, 0.000100, 298.974013, 10.000000, 293.150000, 10.000000, 0.000102, 10.000000, 0.000102, 0.000000, 0.000102, 10.000000, 298.974013, 298.974013, 25.000000, 25.824013, -0.582401, 0.097401, 0.000000, 0.000100, 0, 0
3.68, 0.000000, 298.858690, 0.000000, 0.000000, 0.000000, 16.000000, 0.000002, 0.000100, 0.000002, 0.000102, 29.885869, 0.001023, 298.858690, 0.500000, 0.000000, -0.000002, 0.004000, 298.858690, 4.166670, -0.570869, 298.858690, 0.000000, -0.570869, 10.000000, 0.000000, 0.000000, 0.100000, 0.000000, 298.000000, 0.000000, 0.000000, 298.858690, 0.000000, 0.000000, 298.150000, 2.000000, 100000.000000, 0.000100, 298.150000, 0.000102, 0.000000, 8.000000, 298.858690, 0.000100, 298.150000, 10.000000, 298.858690, 298.150000, 298.150000, 298.150000, 0.000002, 293.150000, 298.858690, 5000000.000000, 0.000000, 0.001023, 0.001023, 0.000000, 10.000000, 10.000000, 0.000002, 0.000002, 10.000000, 0.000002, 0.001023, 0.000000, 0.001023, 0.000000, 0.000000, 0.000000, 5000000.000000, 9.998977, 0.000100, 10.000000, 0.000100, 0.001023, 0.000100, 0.000000, 0.000010, 100000.000000, 10.228348, 0.001023, 0.000100, 10.000000, 0.000102, 293.150000, -0.570869, 0.000000, 293.150000, -5.708690, -0.570869, -0.570869, 298.858690, 0.100000, 0.001023, 0.000100, 0.001023, 0.000100, 0.000000, 0.000100, 298.858690, 10.000000, 293.150000, 10.000000, 0.000102, 10.000000, 0.000102, 0.000000, 0.000102, 10.000000, 298.858690, 298.858690, 25.000000, 25.708690, -0.570869, 0.085869, 0.000000, 0.000100, 0, 0
3.7, 0.000000, 298.745650, 0.000000, 0.000000, 0.000000, 16.000000, 0.000002, 0.000100, 0.000002, 0.000102, 29.874565, 0.001022, 298.745650, 0.500000, 0.000000, -0.000002, 0.004000, 298.745650, 4.166670, -0.559565, 298.745650, 0.000000, -0.559565, 10.000000, 0.000000, 0.000000, 0.100000, 0.000000, 298.000000, 0.000000, 0.000000, 298.745650, 0.000000, 0.000000, 298.150000, 2.000000, 100000.000000, 0.000100, 298.150000, 0.000102, 0.000000, 8.000000, 298.745650, 0.000100, 298.150000, 10.000000, 298.745650, 298.150000, 298.150000, 298.150000, 0.000002, 293.150000, 298.745650, 5000000.000000, 0.000000, 0.001022, 0.001022, 0.000000, 10.000000, 10.000000, 0.000002, 0.000002, 10.000000, 0.000002, 0.001022, 0.000000, 0.001022, 0.000000, 0.000000, 0.000000, 5000000.000000, 9.998978, 0.000100, 10.000000, 0.000100, 0.001022, 0.000100, 0.000000, 0.000010, 100000.000000, 10.223826, 0.001022, 0.000100, 10.000000, 0.000102, 293.150000, -0.559565, 0.000000, 293.150000, -5.595650, -0.559565, -0.559565, 298.745650, 0.100000, 0.001022, 0.000100, 0.001022, 0.000100, 0.000000, 0.000100, 298.745650, 10.000000, 293.150000, 10.000000, 0.000102, 10.000000, 0.000102, 0.000000, 0.000102, 10.000000, 298.745650, 298.745650, 25.000000, 25.595650, -0.559565, 0.074565, 0.000000, 0.000100, 0, 0
3.72, 0.000000, 298.634849, 0.000000, 0.000000, 0.000000, 16.000000, 0.000002, 0.000100, 0.000002, 0.000102, 29.863485, 0.001022, 298.634849, 0.500000, 0.000000, -0.000002, 0.004000, 298.634849, 4.166670, -0.548485, 298.634849, 0.000000, -0.548485, 10.000000, 0.000000, 0.000000, 0.100000, 0.000000, 298.000000, 0.000000, 0.000000, 298.634849, 0.000000, 0.000000, 298.150000, 2.000000, 100000.000000, 0.000100, 298.150000, 0.000102, 0.000000, 8.000000, 298.634849, 0.000100, 298.150000, 10.000000, 298.634849, 298.150000, 298.150000, 298.150000, 0.000002, 293.150000, 298.634849, 5000000.000000, 0.000000, 0.001022, 0.001022, 0.000000, 10.000000, 10.000000, 0.000002, 0.000002, 10.000000, 0.000002, 0.001022, 0.000000, 0.001022, 0.000000, 0.000000, 0.000000, 5000000.000000, 9.998978, 0.000100, 10.000000, 0.000100, 0.001022, 0.000100, 0.000000, 0.000010, 100000.000000, 10.219394, 0.001022, 0.000100, 10.000000, 0.000102, 293.150000, -0.548485, 0.000000, 293.150000, -5.484849, -0.548485, -0.548485, 298.634849, 0.100000, 0.001022, 0.000100, 0.001022, 0.000100, 0.000000, 0.000100, 298.634849, 10.000000, 293.150000, 10.000000, 0.000102, 10.000000, 0.000102, 0.000000, 0.000102, 10.000000, 298.634849, 298.634849, 25.000000, 25.484849, -0.548485, 0.063485, 0.000000, 0.000100, 0, 0
3.74, 0.000000, 298.526241, 0.000000, 0.000000, 0.000000, 16.000000, 0.000002, 0.000100, 0.000002, 0.000102, 29.852624, 0.001021, 298.526241, 0.500000, 0.000000, -0.000002, 0.004000, 298.526241, 4.166670, -0.537624, 298.526241, 0.000000, -0.537624, 10.000000, 0.000000, 0.000000, 0.100000, 0.000000, 298.000000, 0.000000, 0.000000, 298.526241, 0.000000, 0.000000, 298.150000, 2.000000, 100000.000000, 0.000100, 298.150000, 0.000102, 0.000000, 8.000000, 298.526241, 0.000100, 298.150000, 10.000000, 298.526241, 298.150000, 298.150000, 298.150000, 0.000002, 293.150000, 298.526241, 5000000.000000, 0.000000, 0.001021, 0.001021, 0.000000, 10.000000, 10.000000, 0.000002, 0.000002, 10.000000, 0.000002, 0.001021, 0.000000, 0.001021, 0.000000, 0.000000, 0.000000, 5000000.000000, 9.998979, 0.000100, 10.000000, 0.000100, 0.001021, 0.000100, 0.000000, 0.000010, 100000.000000, 10.215050, 0.001021, 0.000100, 10.000000, 0.000102, 293.150000, -0.537624, 0.000000, 293.150000, -5.376241, -0.537624, -0.537624, 298.526241, 0.100000, 0.001021, 0.000100, 0.001021, 0.000100, 0.000000, 0.000100, 298.526241, 10.000000, 293.150000, 10.000000, 0.000102, 10.000000, 0.000102, 0.000000, 0.000102, 10.000000, 298.526241, 298.526241, 25.000000, 25.376241, -0.537624, 0.052624, 0.000000, 0.000100, 0, 0
3.76, 0.000000, 298.419785, 0.000000, 0.000000, 0.000000, 16.000000, 0.000002, 0.000100, 0.000002, 0.000102, 29.841978, 0.001021, 298.419785, 0.500000, 0.000000, -0.000002, 0.004000, 298.419785, 4.166670, -0.526978, 298.419785, 0.000000, -0.526978, 10.000000, 0.000000, 0.000000, 0.100000, 0.000000, 298.000000, 0.000000, 0.000000, 298.419785, 0.000000, 0.000000, 298.150000, 2.000000, 100000.000000, 0.000100, 298.150000, 0.000102, 0.000000, 8.000000, 298.419785, 0.000100, 298.150000, 10.000000, 298.419785, 298.150000, 298.150000, 298.150000, 0.000002, 293.150000, 298.419785, 5000000.000000, 0.000000, 0.001021, 0.001021, 0.000000, 10.000000, 10.000000, 0.000002, 0.000002, 10.000000, 0.000002, 0.001021, 0.000000, 0.001021, 0.000000, 0.000000, 0.000000, 5000000.000000, 9.998979, 0.000100, 10.000000, 0.000100, 0.001021, 0.000100, 0.000000, 0.000010, 100000.000000, 10.210791, 0.001021, 0.000100, 10.000000, 0.000102, 293.150000, -0.526978, 0.000000, 293.150000, -5.269785, -0.526978, -0.526978, 298.419785, 0.100000, 0.001021, 0.000100, 0.001021, 0.000100, 0.000000, 0.000100, 298.419785, 10.000000, 293.150000, 10.000000, 0.000102, 10.000000, 0.000102, 0.000000, 0.000102, 10.000000, 298.419785, 298.419785, 25.000000, 25.269785, -0.526978, 0.041978, 0.000000, 0.000100, 0, 0
3.78, 0.000000, 298.315436, 0.000000, 0.000000, 0.000000, 16.000000, 0.000002, 0.000100, 0.000002, 0.000102, 29.831544, 0.001021, 298.315436, 0.500000, 0.000000, -0.000002, 0.004000, 298.315436, 4.166670, -0.516544, 298.315436, 0.000000, -0.516544, 10.000000, 0.000000, 0.000000, 0.100000, 0.000000, 298.000000, 0.000000, 0.000000, 298.315436, 0.000000, 0.000000, 298.150000, 2.000000, 100000.000000, 0.000100, 298.150000, 0.000102, 0.000000, 8.000000, 298.315436, 0.000100, 298.150000, 10.000000, 298.315436, 298.150000, 298.150000, 298.150000, 0.000002, 293.150000, 298.315436, 5000000.000000, 0.000000, 0.001021, 0.001021, 0.000000, 10.000000, 10.000000, 0.000002, 0.000002, 10.000000, 0.000002, 0.001021, 0.000000, 0.001021, 0.000000, 0.000000, 0.000000, 5000000.000000, 9.998979, 0.000100, 10.000000, 0.000100, 0.001021, 0.000100, 0.000000, 0.000010, 100000.000000, 10.206617, 0.001021, 0.000100, 10.000000, 0.000102, 293.150000, -0.516544, 0.000000, 293.150000, -5.165436, -0.516544, -0.516544, 298.315436, 0.100000, 0.001021, 0.000100, 0.001021, 0.000100, 0.000000, 0.000100, 298.315436, 10.000000, 293.150000, 10.000000, 0.000102, 10.000000, 0.000102, 0.000000, 0.000102, 10.000000, 298.315436, 298.315436, 25.000000, 25.165436, -0.516543, 0.031544, 0.000000, 0.000100, 0, 0
3.8, 0.000000, 298.213154, 0.000000, 0.000000, 0.000000, 16.000000, 0.000002, 0.000100, 0.000002, 0.000102, 29.821315, 0.001020, 298.213154, 0.500000, 0.000000, -0.000002, 0.004000, 298.213154, 4.166670, -0.506315, 298.213154, 0.000000, -0.506315, 10.000000, 0.000000, 0.000000, 0.100000, 0.000000, 298.000000, 0.000000, 0.000000, 298.213154, 0.000000, 0.000000, 298.150000, 2.000000, 100000.000000, 0.000100, 298.150000, 0.000102, 0.000000, 8.000000, 298.213154, 0.000100, 298.150000, 10.000000, 298.213154, 298.150000, 298.150000, 298.150000, 0.000002, 293.150000, 298.213154, 5000000.000000, 0.000000, 0.001020, 0.001020, 0.000000, 10.000000, 10.000000, 0.000002, 0.000002, 10.000000, 0.000002, 0.001020, 0.000000, 0.001020, 0.000000, 0.000000, 0.000000, 5000000.000000, 9.998980, 0.000100, 10.000000, 0.000100, 0.001020, 0.000100, 0.000000, 0.000010, 100000.000000, 10.202526, 0.001020, 0.000100, 10.000000, 0.000102, 293.150000, -0.506315, 0.000000, 293.150000, -5.063154, -0.506315, -0.506315, 298.213154, 0.100000, 0.001020, 0.000100, 0.001020, 0.000100, 0.000000, 0.000100, 298.213154, 10.000000, 293.150000, 10.000000, 0.000102, 10.000000, 0.000102, 0.000000, 0.000102, 10.000000, 298.213154, 298.213154, 25.000000, 25.063154, -0.506315, 0.021315, 0.000000, 0.000100, 0, 0
3.82, 0.000000, 298.112896, 0.000000, 0.000000, 0.000000, 16.000000, 0.000002, 0.000100, 0.000002, 0.000102, 29.811290, 0.001020, 298.112896, 0.500000, 0.000000, -0.000002, 0.004000, 298.112896, 4.166670, -0.496290, 298.112896, 0.000000, -0.496290, 10.000000, 0.000000, 0.000000, 0.100000, 0.000000, 298.000000, 0.000000, 0.000000, 298.112896, 0.000000, 0.000000, 298.150000, 2.000000, 100000.000000, 0.000100, 298.150000, 0.000102, 0.000000, 8.000000, 298.112896, 0.000100, 298.150000, 10.000000, 298.112896, 298.150000, 298.150000, 298.150000, 0.000002, 293.150000, 298.112896, 5000000.000000, 0.000000, 0.001020, 0.001020, 0.000000, 10.000000, 10.000000, 0.000002, 0.000002, 10.000000, 0.000002, 0.001020, 0.000000, 0.001020, 0.000000, 0.000000, 0.000000, 5000000.000000, 9.998980, 0.000100, 10.000000, 0.000100, 0.001020, 0.000100, 0.000000, 0.000010, 100000.000000, 10.198516, 0.001020, 0.000100, 10.000000, 0.000102, 293.150000, -0.496290, 0.000000, 293.150000, -4.962896, -0.496290, -0.496290, 298.112896, 0.100000, 0.001020, 0.000100, 0.001020, 0.000100, 0.000000, 0.000100, 298.112896, 10.000000, 293.150000, 10.000000, 0.000102, 10.000000, 0.000102, 0.000000, 0.000102, 10.000000, 298.112896, 298.112896, 25.000000, 24.962896, -0.496290, 0.011290, 0.000000, 0.000100, 0, 0
3.84, 0.000000, 298.014624, 0.000000, 0.000000, 0.000000, 16.000000, 0.000002, 0.000100, 0.000002, 0.000102, 29.801462, 0.001019, 298.014624, 0.500000, 0.000000, -0.000002, 0.004000, 298.014624, 4.166670, -0.486462, 298.014624, 0.000000, -0.486462, 10.000000, 0.000000, 0.000000, 0.100000, 0.000000, 298.000000, 0.000000, 0.000000, 298.014624, 0.000000, 0.000000, 298.150000, 2.000000, 100000.000000, 0.000100, 298.150000, 0.000102, 0.000000, 8.000000, 298.014624, 0.000100, 298.150000, 10.000000, 298.014624, 298.150000, 298.150000, 298.150000, 0.000002, 293.150000, 298.014624, 5000000.000000, 0.000000, 0.001019, 0.001019, 0.000000, 10.000000, 10.000000, 0.000002, 0.000002, 10.000000, 0.000002, 0.001019, 0.000000, 0.001019, 0.000000, 0.000000, 0.000000, 5000000.000000, 9.998981, 0.000100, 10.000000, 0.000100, 0.001019, 0.000100, 0.000000, 0.000010, 100000.000000, 10.194585, 0.001019, 0.000100, 10.000000, 0.000102, 293.150000, -0.486462, 0.000000, 293.150000, -4.864624, -0.486462, -0.486462, 298.014624, 0.100000, 0.001019, 0.000100, 0.001019, 0.000100, 0.000000, 0.000100, 298.014624, 10.000000, 293.150000, 10.000000, 0.000102, 10.000000, 0.000102, 0.000000, 0.000102, 10.000000, 298.014624, 298.014624, 25.000000, 24.864624, -0.486462, 0.001462, 0.000000, 0.000100, 0, 0
3.86, 0.000000, 297.918298, 0.000000, 0.000000, 0.000000, 16.000000, 0.000002, 0.000100, 0.000002, 0.000102, 29.791830, 0.001019, 297.918298, 0.500000, 0.000000, -0.000002, 0.004000, 297.918298, 4.166670, -0.476830, 297.918298, 0.000000, -0.476830, 10.000000, 0.000000, 0.000000, 0.100000, 0.000000, 298.000000, 0.000000, 0.000000, 297.918298, 0.000000, 0.000000, 298.150000, 2.000000, 100000.000000, 0.000100, 298.150000, 0.000102, 0.000000, 8.000000, 297.918298, 0.000100, 298.150000, 10.000000, 297.918298, 298.150000, 298.150000, 298.150000, 0.000002, 293.150000, 297.918298, 5000000.000000, 0.000000, 0.001019, 0.001019, 0.000000, 10.000000, 10.000000, 0.000002, 0.000002, 10.000000, 0.000002, 0.001019, 0.000000, 0.001019, 0.000000, 0.000000, 0.000000, 5000000.000000, 9.998981, 0.000100, 10.000000, 0.000100, 0.001019, 0.000100, 0.000000, 0.000010, 100000.000000, 10.190732, 0.001019, 0.000100, 10.000000, 0.000102, 293.150000, -0.476830, 0.000000, 293.150000, -4.768298, -0.476830, -0.476830, 297.918298, 0.100000, 0.001019, 0.000100, 0.001019, 0.000100, 0.000000, 0.000100, 297.918298, 10.000000, 293.150000, 10.000000, 0.000102, 10.000000, 0.000102, 0.000000, 0.000102, 10.000000, 297.918298, 297.918298, 25.000000, 24.768298, -0.476830, -0.008170, 0.000000, 0.000100, 0, 0
3.88, 0.000000, 297.823880, 0.000000, 0.000000, 0.000000, 16.000000, 0.000002, 0.000100, 0.000002, 0.000102, 29.782388, 0.001019, 297.823880, 0.500000, 0.000000, -0.000002, 0.004000, 297.823880, 4.166670, -0.467388, 297.823880, 0.000000, -0.467388, 10.000000, 0.000000, 0.000000, 0.100000, 0.000000, 298.000000, 0.000000, 0.000000, 297.823880, 0.000000, 0.000000, 298.150000, 2.000000, 100000.000000, 0.000100, 298.150000, 0.000102, 0.000000, 8.000000, 297.823880, 0.000100, 298.150000, 10.000000, 297.823880, 298.150000, 298.150000, 298.150000, 0.000002, 293.150000, 297.823880, 5000000.000000, 0.000000, 0.001019, 0.001019, 0.000000, 10.000000, 10.000000, 0.000002, 0.000002, 10.000000, 0.000002, 0.001019, 0.000000, 0.001019, 0.000000, 0.000000, 0.000000, 5000000.000000, 9.998981, 0.000100, 10.000000, 0.000100, 0.001019, 0.000100, 0.000000, 0.000010, 100000.000000, 10.186955, 0.001019, 0.000100, 10.000000, 0.000102, 293.150000, -0.467388, 0.000000, 293.150000, -4.673880, -0.467388, -0.467388, 297.823880, 0.100000, 0.001019, 0.000100, 0.001019, 0.000100, 0.000000, 0.000100, 297.823880, 10.000000, 293.150000, 10.000000, 0.000102, 10.000000, 0.000102, 0.000000, 0.000102, 10.000000, 297.823880, 297.823880, 25.000000, 24.673880, -0.467388, -0.017612, 0.000000, 0.000100, 0, 0
3.9, 0.000000, 297.731331, 0.000000, 0.000000, 0.000000, 16.000000, 0.000002, 0.000100, 0.000002, 0.000102, 29.773133, 0.001018, 297.731331, 0.500000, 0.000000, -0.000002, 0.004000, 297.731331, 4.166670, -0.458133, 297.731331, 0.000000, -0.458133, 10.000000, 0.000000, 0.000000, 0.100000, 0.000000, 298.000000, 0.000000, 0.000000, 297.731331, 0.000000, 0.000000, 298.150000, 2.000000, 100000.000000, 0.000100, 298.150000, 0.000102, 0.000000, 8.000000, 297.731331, 0.000100, 298.150000, 10.000000, 297.731331, 298.150000, 298.150000, 298.150000, 0.000002, 293.150000, 297.731331, 5000000.000000, 0.000000, 0.001018, 0.001018, 0.000000, 10.000000, 10.000000, 0.000002, 0.000002, 10.000000, 0.000002, 0.001018, 0.000000, 0.001018, 0.000000, 0.000000, 0.000000, 5000000.000000, 9.998982, 0.000100, 10.000000, 0.000100, 0.001018, 0.000100, 0.000000, 0.000010, 100000.000000, 10.183253, 0.001018, 0.000100, 10.000000, 0.000102, 293.150000, -0.458133, 0.000000, 293.150000, -4.581331, -0.458133, -0.458133, 297.731331, 0.100000, 0.001018, 0.000100, 0.001018, 0.000100, 0.000000, 0.000100, 297.731331, 10.000000, 293.150000, 10.000000, 0.000102, 10.000000, 0.000102, 0.000000, 0.000102, 10.000000, 297.731331, 297.731331, 25.000000, 24.581331, -0.458133, -0.026867, 0.000000, 0.000100, 0, 0
3.92, 0.000000, 297.640614, 0.000000, 0.000000, 0.000000, 16.000000, 0.000002, 0.000100, 0.000002, 0.000102, 29.764061, 0.001018, 297.640614, 0.500000, 0.000000, -0.000002, 0.004000, 297.640614, 4.166670, -0.449061, 297.640614, 0.000000, -0.449061, 10.000000, 0.000000, 0.000000, 0.100000, 0.000000, 298.000000, 0.000000, 0.000000, 297.640614, 0.000000, 0.000000, 298.150000, 2.000000, 100000.000000, 0.000100, 298.150000, 0.000102, 0.000000, 8.000000, 297.640614, 0.000100, 298.150000, 10.000000, 297.640614, 298.150000, 298.150000, 298.150000, 0.000002, 293.150000, 297.640614, 5000000.000000, 0.000000, 0.001018, 0.001018, 0.000000, 10.000000, 10.000000, 0.000002, 0.000002, 10.000000, 0.000002, 0.001018, 0.000000, 0.001018, 0.000000, 0.000000, 0.000000, 5000000.000000, 9.998982, 0.000100, 10.000000, 0.000100, 0.001018, 0.000100, 0.000000, 0.000010, 100000.000000, 10.179625, 0.001018, 0.000100, 10.000000, 0.000102, 293.150000, -0.449061, 0.000000, 293.150000, -4.490614, -0.449061, -0.449061, 297.640614, 0.100000, 0.001018, 0.000100, 0.001018, 0.000100, 0.000000, 0.000100, 297.640614, 10.000000, 293.150000, 10.000000, 0.000102, 10.000000, 0.000102, 0.000000, 0.000102, 10.000000, 297.640614, 297.640614, 25.000000, 24.490614, -0.449061, -0.035939, 0.000000, 0.000100, 0, 0
3.94, 0.000000, 297.551694, 0.000000, 0.000000, 0.000000, 16.000000, 0.000002, 0.000100, 0.000002, 0.000102, 29.755169, 0.001018, 297.551694, 0.500000, 0.000000, -0.000002, 0.004000, 297.551694, 4.166670, -0.440169, 297.551694, 0.000000, -0.440169, 10.000000, 0.000000, 0.000000, 0.100000, 0.000000, 298.000000, 0.000000, 0.000000, 297.551694, 0.000000, 0.000000, 298.150000, 2.000000, 100000.000000, 0.000100, 298.150000, 0.000102, 0.000000, 8.000000, 297.551694, 0.000100, 298.150000, 10.000000, 297.551694, 298.150000, 298.150000, 298.150000, 0.000002, 293.150000, 297.551694, 5000000.000000, 0.000000, 0.001018, 0.001018, 0.000000, 10.000000, 10.000000, 0.000002, 0.000002, 10.000000, 0.000002, 0.001018, 0.000000, 0.001018, 0.000000, 0.000000, 0.000000, 5000000.000000, 9.998982, 0.000100, 10.000000, 0.000100, 0.001018, 0.000100, 0.000000, 0.000010, 100000.000000, 10.176068, 0.001018, 0.000100, 10.000000, 0.000102, 293.150000, -0.440169, 0.000000, 293.150000, -4.401694, -0.440169, -0.440169, 297.551694, 0.100000, 0.001018, 0.000100, 0.001018, 0.000100, 0.000000, 0.000100, 297.551694, 10.000000, 293.150000, 10.000000, 0.000102, 10.000000, 0.000102, 0.000000, 0.000102, 10.000000, 297.551694, 297.551694, 25.000000, 24.401694, -0.440169, -0.044831, 0.000000, 0.000100, 0, 0
3.96, 0.000000, 297.464535, 0.000000, 0.000000, 0.000000, 16.000000, 0.000002, 0.000100, 0.000002, 0.000102, 29.746453, 0.001017, 297.464535, 0.500000, 0.000000, -0.000002, 0.004000, 297.464535, 4.166670, -0.431453, 297.464535, 0.000000, -0.431453, 10.000000, 0.000000, 0.000000, 0.100000, 0.000000, 298.000000, 0.000000, 0.000000, 297.464535, 0.000000, 0.000000, 298.150000, 2.000000, 100000.000000, 0.000100, 298.150000, 0.000102, 0.000000, 8.000000, 297.464535, 0.000100, 298.150000, 10.000000, 297.464535, 298.150000, 298.150000, 298.150000, 0.000002, 293.150000, 297.464535, 5000000.000000, 0.000000, 0.001017, 0.001017, 0.000000, 10.000000, 10.000000, 0.000002, 0.000002, 10.000000, 0.000002, 0.001017, 0.000000, 0.001017, 0.000000, 0.000000, 0.000000, 5000000.000000, 9.998983, 0.000100, 10.000000, 0.000100, 0.001017, 0.000100, 0.000000, 0.000010, 100000.000000, 10.172581, 0.001017, 0.000100, 10.000000, 0.000102, 293.150000, -0.431453, 0.000000, 293.150000, -4.314535, -0.431453, -0.431453, 297.464535, 0.100000, 0.001017, 0.000100, 0.001017, 0.000100, 0.000000, 0.000100, 297.464535, 10.000000, 293.150000, 10.000000, 0.000102, 10.000000, 0.000102, 0.000000, 0.000102, 10.000000, 297.464535, 297.464535, 25.000000, 24.314535, -0.431453, -0.053547, 0.000000, 0.000100, 0, 0
3.98, 0.000000, 297.379101, 0.000000, 0.000000, 0.000000, 16.000000, 0.000002, 0.000100, 0.000002, 0.000102, 29.737910, 0.001017, 297.379101, 0.500000, 0.000000, -0.000002, 0.004000, 297.379101, 4.166670, -0.422910, 297.379101, 0.000000, -0.422910, 10.000000, 0.000000, 0.000000, 0.100000, 0.000000, 298.000000, 0.000000, 0.000000, 297.379101, 0.000000, 0.000000, 298.150000, 2.000000, 100000.000000, 0.000100, 298.150000, 0.000102, 0.000000, 8.000000, 297.379101, 0.000100, 298.150000, 10.000000, 297.379101, 298.150000, 298.150000, 298.150000, 0.000002, 293.150000, 297.379101, 5000000.000000, 0.000000, 0.001017, 0.001017, 0.000000, 10.000000, 10.000000, 0.000002, 0.000002, 10.000000, 0.000002, 0.001017, 0.000000, 0.001017, 0.000000, 0.000000, 0.000000, 5000000.000000, 9.998983, 0.000100, 10.000000, 0.000100, 0.001017, 0.000100, 0.000000, 0.000010, 100000.000000, 10.169164, 0.001017, 0.000100, 10.000000, 0.000102, 293.150000, -0.422910, 0.000000, 293.150000, -4.229101, -0.422910, -0.422910, 297.379101, 0.100000, 0.001017, 0.000100, 0.001017, 0.000100, 0.000000, 0.000100, 297.379101, 10.000000, 293.150000, 10.000000, 0.000102, 10.000000, 0.000102, 0.000000, 0.000102, 10.000000, 297.379101, 297.379101, 25.000000, 24.229101, -0.422910, -0.062090, 0.000000, 0.000100, 0, 0
4, 0.000000, 297.295360, 0.000000, 0.000000, 0.000000, 16.000000, 0.000002, 0.000100, 0.000002, 0.000102, 29.729536, 0.001016, 297.295360, 0.500000, 0.000000, -0.000002, 0.004000, 297.295360, 4.166670, -0.414536, 297.295360, 0.000000, -0.414536, 10.000000, 0.000000, 0.000000, 0.100000, 0.000000, 298.000000, 0.000000, 0.000000, 297.295360, 0.000000, 0.000000, 298.150000, 2.000000, 100000.000000, 0.000100, 298.150000, 0.000102, 0.000000, 8.000000, 297.295360, 0.000100, 298.150000, 10.000000, 297.295360, 298.150000, 298.150000, 298.150000, 0.000002, 293.150000, 297.295360, 5000000.000000, 0.000000, 0.001016, 0.001016, 0.000000, 10.000000, 10.000000, 0.000002, 0.000002, 10.000000, 0.000002, 0.001016, 0.000000, 0.001016, 0.000000, 0.000000, 0.000000, 5000000.000000, 9.998984, 0.000100, 10.000000, 0.000100, 0.001016, 0.000100, 0.000000, 0.000010, 100000.000000, 10.165814, 0.001016, 0.000100, 10.000000, 0.000102, 293.150000, -0.414536, 0.000000, 293.150000, -4.145360, -0.414536, -0.414536, 297.295360, 0.100000, 0.001016, 0.000100, 0.001016, 0.000100, 0.000000, 0.000100, 297.295360, 10.000000, 293.150000, 10.000000, 0.000102, 10.000000, 0.000102, 0.000000, 0.000102, 10.000000, 297.295360, 297.295360, 25.000000, 24.145360, -0.414536, -0.070464, 0.000000, 0.000100, 0, 0
4.02, 0.000000, 297.213276, 0.000000, 0.000000, 0.000000, 16.000000, 0.000002, 0.000100, 0.000002, 0.000102, 29.721328, 0.001016, 297.213276, 0.500000, 0.000000, -0.000002, 0.004000, 297.213276, 4.166670, -0.406328, 297.213276, 0.000000, -0.406328, 10.000000, 0.000000, 0.000000, 0.100000, 0.000000, 298.000000, 0.000000, 0.000000, 297.213276, 0.000000, 0.000000, 298.150000, 2.000000, 100000.000000, 0.000100, 298.150000, 0.000102, 0.000000, 8.000000, 297.213276, 0.000100, 298.150000, 10.000000, 297.213276, 298.150000, 298.150000, 298.150000, 0.000002, 293.150000, 297.213276, 5000000.000000, 0.000000, 0.001016, 0.001016, 0.000000, 10.000000, 10.000000, 0.000002, 0.000002, 10.000000, 0.000002, 0.001016, 0.000000, 0.001016, 0.000000, 0.000000, 0.000000, 5000000.000000, 9.998984, 0.000100, 10.000000, 0.000100, 0.001016, 0.000100, 0.000000, 0.000010, 100000.000000, 10.162531, 0.001016, 0.000100, 10.000000, 0.000102, 293.150000, -0.406328, 0.000000, 293.150000, -4.063276, -0.406328, -0.406328, 297.213276, 0.100000, 0.001016, 0.000100, 0.001016, 0.000100, 0.000000, 0.000100, 297.213276, 10.000000, 293.150000, 10.000000, 0.000102, 10.000000, 0.000102, 0.000000, 0.000102, 10.000000, 297.213276, 297.213276, 25.000000, 24.063276, -0.406328, -0.078672, 0.000000, 0.000100, 0, 0
4.04, 0.000000, 297.554800, 0.000000, 0.000000, 0.000000, 16.000000, 0.000002, 0.982685, 0.000002, 0.982689, 29.755480, 9.999990, 297.554800, 0.500000, 0.000000, -0.000004, 0.004000, 297.554800, 4.166670, -0.440480, 297.554800, 0.000002, -0.440480, 10.000000, 0.000000, 9.826839, 0.100000, 0.000000, 298.000000, 0.000000, 1.000000, 297.554800, 1.000000, 0.000000, 298.150000, 2.000000, 100000.000000, 0.982685, 298.150000, 0.982689, 0.000000, 8.000000, 297.554800, 0.982687, 298.150000, 10.000000, 297.554800, 298.150000, 298.150000, 298.150000, 0.000002, 293.150000, 297.554800, 5000000.000000, 0.000002, 9.999990, 9.999990, 0.000002, 10.000000, 10.000000, 0.000002, 0.000002, 10.000000, 0.000002, 9.999990, 0.000002, 9.999990, 0.000002, 0.000000, 0.000002, 5000000.000000, 0.000010, 0.982687, 10.000000, 0.982687, 9.999990, 0.982687, 1.000000, 0.000010, 0.000010, 10.176192, 9.999990, 0.982685, 10.000000, 0.982689, 293.150000, -0.440480, 9.826839, 293.150000, -4.404800, -0.440480, -0.440480, 297.554800, 0.100000, 9.999990, 0.982685, 9.999990, 0.982685, 0.000000, 0.982685, 297.554800, 10.000000, 293.150000, 10.000000, 0.982689, 10.000000, 0.982689, 0.000000, 0.982689, 10.000000, 297.554800, 297.554800, 25.000000, 24.404800, 9.386359, -0.044520, 0.000000, 0.982687, 1, 1
4.06, 0.000000, 299.133404, 0.000000, 0.000000, 0.000000, 16.000000, 0.000002, 0.000100, 0.000002, 0.000102, 29.913340, 0.001024, 299.133404, 0.500000, 0.000000, -0.000002, 0.004000, 299.133404, 4.166670, -0.598340, 299.133404, 0.000000, -0.598340, 10.000000, 0.000000, 0.000000, 0.100000, 0.000000, 298.000000, 0.000000, 0.000000, 299.133404, 0.000000, 0.000000, 298.150000, 2.000000, 100000.000000, 0.000100, 298.150000, 0.000102, 0.000000, 8.000000, 299.133404, 0.000100, 298.150000, 10.000000, 299.133404, 298.150000, 298.150000, 298.150000, 0.000002, 293.150000, 299.133404, 5000000.000000, 0.000000, 0.001024, 0.001024, 0.000000, 10.000000, 10.000000, 0.000002, 0.000002, 10.000000, 0.000002, 0.001024, 0.000000, 0.001024, 0.000000, 0.000000, 0.000000, 5000000.000000, 9.998976, 0.000100, 10.000000, 0.000100, 0.001024, 0.000100, 0.000000, 0.000010, 100000.000000, 10.239336, 0.001024, 0.000100, 10.000000, 0.000102, 293.150000, -0.598340, 0.000000, 293.150000, -5.983404, -0.598340, -0.598340, 299.133404, 0.100000, 0.001024, 0.000100, 0.001024, 0.000100, 0.000000, 0.000100, 299.133404, 10.000000, 293.150000, 10.000000, 0.000102, 10.000000, 0.000102, 0.000000, 0.000102, 10.000000, 299.133404, 299.133404, 25.000000, 25.983404, -0.598340, 0.113340, 0.000000, 0.000100, 0, 0
4.08, 0.000000, 299.014924, 0.000000, 0.000000, 0.000000, 16.000000, 0.000002, 0.000100, 0.000002, 0.000102, 29.901492, 0.001023, 299.014924, 0.500000, 0.000000, -0.000002, 0.004000, 299.014924, 4.166670, -0.586492, 299.014924, 0.000000, -0.586492, 10.000000, 0.000000, 0.000000, 0.100000, 0.000000, 298.000000, 0.000000, 0.000000, 299.014924, 0.000000, 0.000000, 298.150000, 2.000000, 100000.000000, 0.000100, 298.150000, 0.000102, 0.000000, 8.000000, 299.014924, 0.000100, 298.150000, 10.000000, 299.014924, 298.150000, 298.150000, 298.150000, 0.000002, 293.150000, 299.014924, 5000000.000000, 0.000000, 0.001023, 0.001023, 0.000000, 10.000000, 10.000000, 0.000002, 0.000002, 10.000000, 0.000002, 0.001023, 0.000000, 0.001023, 0.000000, 0.000000, 0.000000, 5000000.000000, 9.998977, 0.000100, 10.000000, 0.000100, 0.001023, 0.000100, 0.000000, 0.000010, 100000.000000, 10.234597, 0.001023, 0.000100, 10.000000, 0.000102, 293.150000, -0.586492, 0.000000, 293.150000, -5.864924, -0.586492, -0.586492, 299.014924, 0.100000, 0.001023, 0.000100, 0.001023, 0.000100, 0.000000, 0.000100, 299.014924, 10.000000, 293.150000, 10.000000, 0.000102, 10.000000, 0.000102, 0.000000, 0.000102, 10.000000, 299.014924, 299.014924, 25.000000, 25.864924, -0.586492, 0.101492, 0.000000, 0.000100, 0, 0
4.1, 0.000000, 298.898791, 0.000000, 0.000000, 0.000000, 16.000000, 0.000002, 0.000100, 0.000002, 0.000102, 29.889879, 0.001023, 298.898791, 0.500000, 0.000000, -0.000002, 0.004000, 298.898791, 4.166670, -0.574879, 298.898791, 0.000000, -0.574879, 10.000000, 0.000000, 0.000000, 0.100000, 0.000000, 298.000000, 0.000000, 0.000000, 298.898791, 0.000000, 0.000000, 298.150000, 2.000000, 100000.000000, 0.000100, 298.150000, 0.000102, 0.000000, 8.000000, 298.898791, 0.000100, 298.150000, 10.000000, 298.898791, 298.150000, 298.150000, 298.150000, 0.000002, 293.150000, 298.898791, 5000000.000000, 0.000000, 0.001023, 0.001023, 0.000000, 10.000000, 10.000000, 0.000002, 0.000002, 10.000000, 0.000002, 0.001023, 0.000000, 0.001023, 0.000000, 0.000000, 0.000000, 5000000.000000, 9.998977, 0.000100, 10.000000, 0.000100, 0.001023, 0.000100, 0.000000, 0.000010, 100000.000000, 10.229952, 0.001023, 0.000100, 10.000000, 0.000102, 293.150000, -0.574879, 0.000000, 293.150000, -5.748791, -0.574879, -0.574879, 298.898791, 0.100000, 0.001023, 0.000100, 0.001023, 0.000100, 0.000000, 0.000100, 298.898791, 10.000000, 293.150000, 10.000000, 0.000102, 10.000000, 0.000102, 0.000000, 0.000102, 10.000000, 298.898791, 298.898791, 25.000000, 25.748791, -0.574879, 0.089879, 0.000000, 0.000100, 0, 0
4.12, 0.000000, 298.784957, 0.000000, 0.000000, 0.000000, 16.000000, 0.000002, 0.000100, 0.000002, 0.000102, 29.878496, 0.001022, 298.784957, 0.500000, 0.000000, -0.000002, 0.004000, 298.784957, 4.166670, -0.563496, 298.784957, 0.000000, -0.563496, 10.000000, 0.000000, 0.000000, 0.100000, 0.000000, 298.000000, 0.000000, 0.000000, 298.784957, 0.000000, 0.000000, 298.150000, 2.000000, 100000.000000, 0.000100, 298.150000, 0.000102, 0.000000, 8.000000, 298.784957, 0.000100, 298.150000, 10.000000, 298.784957, 298.150000, 298.150000, 298.150000, 0.000002, 293.150000, 298.784957, 5000000.000000, 0.000000, 0.001022, 0.001022, 0.000000, 10.000000, 10.000000, 0.000002, 0.000002, 10.000000, 0.000002, 0.001022, 0.000000, 0.001022, 0.000000, 0.000000, 0.000000, 5000000.000000, 9.998978, 0.000100, 10.000000, 0.000100, 0.001022, 0.000100, 0.000000, 0.000010, 100000.000000, 10.225398, 0.001022, 0.000100, 10.000000, 0.000102, 293.150000, -0.563496, 0.000000, 293.150000, -5.634957, -0.563496, -0.563496, 298.784957, 0.100000, 0.001022, 0.000100, 0.001022, 0.000100, 0.000000, 0.000100, 298.784957, 10.000000, 293.150000, 10.000000, 0.000102, 10.000000, 0.000102, 0.000000, 0.000102, 10.000000, 298.784957, 298.784957, 25.000000, 25.634957, -0.563496, 0.078496, 0.000000, 0.000100, 0, 0
4.14, 0.000000, 298.673378, 0.000000, 0.000000, 0.000000, 16.000000, 0.000002, 0.000100, 0.000002, 0.000102, 29.867338, 0.001022, 298.673378, 0.500000, 0.000000, -0.000002, 0.004000, 298.673378, 4.166670, -0.552338, 298.673378, 0.000000, -0.552338, 10.000000, 0.000000, 0.000000, 0.100000, 0.000000, 298.000000, 0.000000, 0.000000, 298.673378, 0.000000, 0.000000, 298.150000, 2.000000, 100000.000000, 0.000100, 298.150000, 0.000102, 0.000000, 8.000000, 298.673378, 0.000100, 298.150000, 10.000000, 298.673378, 298.150000, 298.150000, 298.150000, 0.000002, 293.150000, 298.673378, 5000000.000000, 0.000000, 0.001022, 0.001022, 0.000000, 10.000000, 10.000000, 0.000002, 0.000002, 10.000000, 0.000002, 0.001022, 0.000000, 0.001022, 0.000000, 0.000000, 0.000000, 5000000.000000, 9.998978, 0.000100, 10.000000, 0.000100, 0.001022, 0.000100, 0.000000, 0.000010, 100000.000000, 10.220935, 0.001022, 0.000100, 10.000000, 0.000102, 293.150000, -0.552338, 0.000000, 293.150000, -5.523378, -0.552338, -0.552338, 298.673378, 0.100000, 0.001022, 0.000100, 0.001022, 0.000100, 0.000000, 0.000100, 298.673378, 10.000000, 293.150000, 10.000000, 0.000102, 10.000000, 0.000102, 0.000000, 0.000102, 10.000000, 298.673378, 298.673378, 25.000000, 25.523378, -0.552338, 0.067338, 0.000000, 0.000100, 0, 0
4.16, 0.000000, 298.564008, 0.000000, 0.000000, 0.000000, 16.000000, 0.000002, 0.000100, 0.000002, 0.000102, 29.856401, 0.001022, 298.564008, 0.500000, 0.000000, -0.000002, 0.004000, 298.564008, 4.166670, -0.541401, 298.564008, 0.000000, -0.541401, 10.000000, 0.000000, 0.000000, 0.100000, 0.000000, 298.000000, 0.000000, 0.000000, 298.564008, 0.000000, 0.000000, 298.150000, 2.000000, 100000.000000, 0.000100, 298.150000, 0.000102, 0.000000, 8.000000, 298.564008, 0.000100, 298.150000, 10.000000, 298.564008, 298.150000, 298.150000, 298.150000, 0.000002, 293.150000, 298.564008, 5000000.000000, 0.000000, 0.001022, 0.001022, 0.000000, 10.000000, 10.000000, 0.000002, 0.000002, 10.000000, 0.000002, 0.001022, 0.000000, 0.001022, 0.000000, 0.000000, 0.000000, 5000000.000000, 9.998978, 0.000100, 10.000000, 0.000100, 0.001022, 0.000100, 0.000000, 0.000010, 100000.000000, 10.216560, 0.001022, 0.000100, 10.000000, 0.000102, 293.150000, -0.541401, 0.000000, 293.150000, -5.414008, -0.541401, -0.541401, 298.564008, 0.100000, 0.001022, 0.000100, 0.001022, 0.000100, 0.000000, 0.000100, 298.564008, 10.000000, 293.150000, 10.000000, 0.000102, 10.000000, 0.000102, 0.000000, 0.000102, 10.000000, 298.564008, 298.564008, 25.000000, 25.414008, -0.541401, 0.056401, 0.000000, 0.000100, 0, 0
4.18, 0.000000, 298.456803, 0.000000, 0.000000, 0.000000, 16.000000, 0.000002, 0.000100, 0.000002, 0.000102, 29.845680, 0.001021, 298.456803, 0.500000, 0.000000, -0.000002, 0.004000, 298.456803, 4.166670, -0.530680, 298.456803, 0.000000, -0.530680, 10.000000, 0.000000, 0.000000, 0.100000, 0.000000, 298.000000, 0.000000, 0.000000, 298.456803, 0.000000, 0.000000, 298.150000, 2.000000, 100000.000000, 0.000100, 298.150000, 0.000102, 0.000000, 8.000000, 298.456803, 0.000100, 298.150000, 10.000000, 298.456803, 298.150000, 298.150000, 298.150000, 0.000002, 293.150000, 298.456803, 5000000.000000, 0.000000, 0.001021, 0.001021, 0.000000, 10.000000, 10.000000, 0.000002, 0.000002, 10.000000, 0.000002, 0.001021, 0.000000, 0.001021, 0.000000, 0.000000, 0.000000, 5000000.000000, 9.998979, 0.000100, 10.000000, 0.000100, 0.001021, 0.000100, 0.000000, 0.000010, 100000.000000, 10.212272, 0.001021, 0.000100, 10.000000, 0.000102, 293.150000, -0.530680, 0.000000, 293.150000, -5.306803, -0.530680, -0.530680, 298.456803, 0.100000, 0.001021, 0.000100, 0.001021, 0.000100, 0.000000, 0.000100, 298.456803, 10.000000, 293.150000, 10.000000, 0.000102, 10.000000, 0.000102, 0.000000, 0.000102, 10.000000, 298.456803, 298.456803, 25.000000, 25.306803, -0.530680, 0.045680, 0.000000, 0.000100, 0, 0
4.2, 0.000000, 298.351721, 0.000000, 0.000000, 0.000000, 16.000000, 0.000002, 0.000100, 0.000002, 0.000102, 29.835172, 0.001021, 298.351721, 0.500000, 0.000000, -0.000002, 0.004000, 298.351721, 4.166670, -0.520172, 298.351721, 0.000000, -0.520172, 10.000000, 0.000000, 0.000000, 0.100000, 0.000000, 298.000000, 0.000000, 0.000000, 298.351721, 0.000000, 0.000000, 298.150000, 2.000000, 100000.000000, 0.000100, 298.150000, 0.000102, 0.000000, 8.000000, 298.351721, 0.000100, 298.150000, 10.000000, 298.351721, 298.150000, 298.150000, 298.150000, 0.000002, 293.150000, 298.351721, 5000000.000000, 0.000000, 0.001021, 0.001021, 0.000000, 10.000000, 10.000000, 0.000002, 0.000002, 10.000000, 0.000002, 0.001021, 0.000000, 0.001021, 0.000000, 0.000000, 0.000000, 5000000.000000, 9.998979, 0.000100, 10.000000, 0.000100, 0.001021, 0.000100, 0.000000, 0.000010, 100000.000000, 10.208069, 0.001021, 0.000100, 10.000000, 0.000102, 293.150000, -0.520172, 0.000000, 293.150000, -5.201721, -0.520172, -0.520172, 298.351721, 0.100000, 0.001021, 0.000100, 0.001021, 0.000100, 0.000000, 0.000100, 298.351721, 10.000000, 293.150000, 10.000000, 0.000102, 10.000000, 0.000102, 0.000000, 0.000102, 10.000000, 298.351721, 298.351721, 25.000000, 25.201721, -0.520172, 0.035172, 0.000000, 0.000100, 0, 0
4.22, 0.000000, 298.248720, 0.000000, 0.000000, 0.000000, 16.000000, 0.000002, 0.000100, 0.000002, 0.000102, 29.824872, 0.001020, 298.248720, 0.500000, 0.000000, -0.000002, 0.004000, 298.248720, 4.166670, -0.509872, 298.248720, 0.000000, -0.509872, 10.000000, 0.000000, 0.000000, 0.100000, 0.000000, 298.000000, 0.000000, 0.000000, 298.248720, 0.000000, 0.000000, 298.150000, 2.000000, 100000.000000, 0.000100, 298.150000, 0.000102, 0.000000, 8.000000, 298.248720, 0.000100, 298.150000, 10.000000, 298.248720, 298.150000, 298.150000, 298.150000, 0.000002, 293.150000, 298.248720, 5000000.000000, 0.000000, 0.001020, 0.001020, 0.000000, 10.000000, 10.000000, 0.000002, 0.000002, 10.000000, 0.000002, 0.001020, 0.000000, 0.001020, 0.000000, 0.000000, 0.000000, 5000000.000000, 9.998980, 0.000100, 10.000000, 0.000100, 0.001020, 0.000100, 0.000000, 0.000010, 100000.000000, 10.203949, 0.001020, 0.000100, 10.000000, 0.000102, 293.150000, -0.509872, 0.000000, 293.150000, -5.098720, -0.509872, -0.509872, 298.248720, 0.100000, 0.001020, 0.000100, 0.001020, 0.000100, 0.000000, 0.000100, 298.248720, 10.000000, 293.150000, 10.000000, 0.000102, 10.000000, 0.000102, 0.000000, 0.000102, 10.000000, 298.248720, 298.248720, 25.000000, 25.098720, -0.509872, 0.024872, 0.000000, 0.000100, 0, 0
4.24, 0.000000, 298.147759, 0.000000, 0.000000, 0.000000, 16.000000, 0.000002, 0.000100, 0.000002, 0.000102, 29.814776, 0.001020, 298.147759, 0.500000, 0.000000, -0.000002, 0.004000, 298.147759, 4.166670, -0.499776, 298.147759, 0.000000, -0.499776, 10.000000, 0.000000, 0.000000, 0.100000, 0.000000, 298.000000, 0.000000, 0.000000, 298.147759, 0.000000, 0.000000, 298.150000, 2.000000, 100000.000000, 0.000100, 298.150000, 0.000102, 0.000000, 8.000000, 298.147759, 0.000100, 298.150000, 10.000000, 298.147759, 298.150000, 298.150000, 298.150000, 0.000002, 293.150000, 298.147759, 5000000.000000, 0.000000, 0.001020, 0.001020, 0.000000, 10.000000, 10.000000, 0.000002, 0.000002, 10.000000, 0.000002, 0.001020, 0.000000, 0.001020, 0.000000, 0.000000, 0.000000, 5000000.000000, 9.998980, 0.000100, 10.000000, 0.000100, 0.001020, 0.000100, 0.000000, 0.000010, 100000.000000, 10.199910, 0.001020, 0.000100, 10.000000, 0.000102, 293.150000, -0.499776, 0.000000, 293.150000, -4.997759, -0.499776, -0.499776, 298.147759, 0.100000, 0.001020, 0.000100, 0.001020, 0.000100, 0.000000, 0.000100, 298.147759, 10.000000, 293.150000, 10.000000, 0.000102, 10.000000, 0.000102, 0.000000, 0.000102, 10.000000, 298.147759, 298.147759, 25.000000, 24.997759, -0.499776, 0.014776, 0.000000, 0.000100, 0, 0
4.26, 0.000000, 298.048797, 0.000000, 0.000000, 0.000000, 16.000000, 0.000002, 0.000100, 0.000002, 0.000102, 29.804880, 0.001019, 298.048797, 0.500000, 0.000000, -0.000002, 0.004000, 298.048797, 4.166670, -0.489880, 298.048797, 0.000000, -0.489880, 10.000000, 0.000000, 0.000000, 0.100000, 0.000000, 298.000000, 0.000000, 0.000000, 298.048797, 0.000000, 0.000000, 298.150000, 2.000000, 100000.000000, 0.000100, 298.150000, 0.000102, 0.000000, 8.000000, 298.048797, 0.000100, 298.150000, 10.000000, 298.048797, 298.150000, 298.150000, 298.150000, 0.000002, 293.150000, 298.048797, 5000000.000000, 0.000000, 0.001019, 0.001019, 0.000000, 10.000000, 10.000000, 0.000002, 0.000002, 10.000000, 0.000002, 0.001019, 0.000000, 0.001019, 0.000000, 0.000000, 0.000000, 5000000.000000, 9.998981, 0.000100, 10.000000, 0.000100, 0.001019, 0.000100, 0.000000, 0.000010, 100000.000000, 10.195952, 0.001019, 0.000100, 10.000000, 0.000102, 293.150000, -0.489880, 0.000000, 293.150000, -4.898797, -0.489880, -0.489880, 298.048797, 0.100000, 0.001019, 0.000100, 0.001019, 0.000100, 0.000000, 0.000100, 298.048797, 10.000000, 293.150000, 10.000000, 0.000102, 10.000000, 0.000102, 0.000000, 0.000102, 10.000000, 298.048797, 298.048797, 25.000000, 24.898797, -0.489880, 0.004880, 0.000000, 0.000100, 0, 0
4.28, 0.000000, 297.951794, 0.000000, 0.000000, 0.000000, 16.000000, 0.000002, 0.000100, 0.000002, 0.000102, 29.795179, 0.001019, 297.951794, 0.500000, 0.000000, -0.000002, 0.004000, 297.951794, 4.166670, -0.480179, 297.951794, 0.000000, -0.480179, 10.000000, 0.000000, 0.000000, 0.100000, 0.000000, 298.000000, 0.000000, 0.000000, 297.951794, 0.000000, 0.000000, 298.150000, 2.000000, 100000.000000, 0.000100, 298.150000, 0.000102, 0.000000, 8.000000, 297.951794, 0.000100, 298.150000, 10.000000, 297.951794, 298.150000, 298.150000, 298.150000, 0.000002, 293.150000, 297.951794, 5000000.000000, 0.000000, 0.001019, 0.001019, 0.000000, 10.000000, 10.000000, 0.000002, 0.000002, 10.000000, 0.000002, 0.001019, 0.000000, 0.001019, 0.000000, 0.000000, 0.000000, 5000000.000000, 9.998981, 0.000100, 10.000000, 0.000100, 0.001019, 0.000100, 0.000000, 0.000010, 100000.000000, 10.192072, 0.001019, 0.000100, 10.000000, 0.000102, 293.150000, -0.480179, 0.000000, 293.150000, -4.801794, -0.480179, -0.480179, 297.951794, 0.100000, 0.001019, 0.000100, 0.001019, 0.000100, 0.000000, 0.000100, 297.951794, 10.000000, 293.150000, 10.000000, 0.000102, 10.000000, 0.000102, 0.000000, 0.000102, 10.000000, 297.951794, 297.951794, 25.000000, 24.801794, -0.480179, -0.004821, 0.000000, 0.000100, 0, 0
4.3, 0.000000, 297.856712, 0.000000, 0.000000, 0.000000, 16.000000, 0.000002, 0.000100, 0.000002, 0.000102, 29.785671, 0.001019, 297.856712, 0.500000, 0.000000, -0.000002, 0.004000, 297.856712, 4.166670, -0.470671, 297.856712, 0.000000, -0.470671, 10.000000, 0.000000, 0.000000, 0.100000, 0.000000, 298.000000, 0.000000, 0.000000, 297.856712, 0.000000, 0.000000, 298.150000, 2.000000, 100000.000000, 0.000100, 298.150000, 0.000102, 0.000000, 8.000000, 297.856712, 0.000100, 298.150000, 10.000000, 297.856712, 298.150000, 298.150000, 298.150000, 0.000002, 293.150000, 297.856712, 5000000.000000, 0.000000, 0.001019, 0.001019, 0.000000, 10.000000, 10.000000, 0.000002, 0.000002, 10.000000, 0.000002, 0.001019, 0.000000, 0.001019, 0.000000, 0.000000, 0.000000, 5000000.000000, 9.998981, 0.000100, 10.000000, 0.000100, 0.001019, 0.000100, 0.000000, 0.000010, 100000.000000, 10.188268, 0.001019, 0.000100, 10.000000, 0.000102, 293.150000, -0.470671, 0.000000, 293.150000, -4.706712, -0.470671, -0.470671, 297.856712, 0.100000, 0.001019, 0.000100, 0.001019, 0.000100, 0.000000, 0.000100, 297.856712, 10.000000, 293.150000, 10.000000, 0.000102, 10.000000, 0.000102, 0.000000, 0.000102, 10.000000, 297.856712, 297.856712, 25.000000, 24.706712, -0.470671, -0.014329, 0.000000, 0.000100, 0, 0
4.32, 0.000000, 297.763513, 0.000000, 0.000000, 0.000000, 16.000000, 0.000002, 0.000100, 0.000002, 0.000102, 29.776351, 0.001018, 297.763513, 0.500000, 0.000000, -0.000002, 0.004000, 297.763513, 4.166670, -0.461351, 297.763513, 0.000000, -0.461351, 10.000000, 0.000000, 0.000000, 0.100000, 0.000000, 298.000000, 0.000000, 0.000000, 297.763513, 0.000000, 0.000000, 298.150000, 2.000000, 100000.000000, 0.000100, 298.150000, 0.000102, 0.000000, 8.000000, 297.763513, 0.000100, 298.150000, 10.000000, 297.763513, 298.150000, 298.150000, 298.150000, 0.000002, 293.150000, 297.763513, 5000000.000000, 0.000000, 0.001018, 0.001018, 0.000000, 10.000000, 10.000000, 0.000002, 0.000002, 10.000000, 0.000002, 0.001018, 0.000000, 0.001018, 0.000000, 0.000000, 0.000000, 5000000.000000, 9.998982, 0.000100, 10.000000, 0.000100, 0.001018, 0.000100, 0.000000, 0.000010, 100000.000000, 10.184541, 0.001018, 0.000100, 10.000000, 0.000102, 293.150000, -0.461351, 0.000000, 293.150000, -4.613513, -0.461351, -0.461351, 297.763513, 0.100000, 0.001018, 0.000100, 0.001018, 0.000100, 0.000000, 0.000100, 297.763513, 10.000000, 293.150000, 10.000000, 0.000102, 10.000000, 0.000102, 0.000000, 0.000102, 10.000000, 297.763513, 297.763513, 25.000000, 24.613513, -0.461351, -0.023649, 0.000000, 0.000100, 0, 0
4.34, 0.000000, 297.672159, 0.000000, 0.000000, 0.000000, 16.000000, 0.000002, 0.000100, 0.000002, 0.000102, 29.767216, 0.001018, 297.672159, 0.500000, 0.000000, -0.000002, 0.004000, 297.672159, 4.166670, -0.452216, 297.672159, 0.000000, -0.452216, 10.000000, 0.000000, 0.000000, 0.100000, 0.000000, 298.000000, 0.000000, 0.000000, 297.672159, 0.000000, 0.000000, 298.150000, 2.000000, 100000.000000, 0.000100, 298.150000, 0.000102, 0.000000, 8.000000, 297.672159, 0.000100, 298.150000, 10.000000, 297.672159, 298.150000, 298.150000, 298.150000, 0.000002, 293.150000, 297.672159, 5000000.000000, 0.000000, 0.001018, 0.001018, 0.000000, 10.000000, 10.000000, 0.000002, 0.000002, 10.000000, 0.000002, 0.001018, 0.000000, 0.001018, 0.000000, 0.000000, 0.000000, 5000000.000000, 9.998982, 0.000100, 10.000000, 0.000100, 0.001018, 0.000100, 0.000000, 0.000010, 100000.000000, 10.180886, 0.001018, 0.000100, 10.000000, 0.000102, 293.150000, -0.452216, 0.000000, 293.150000, -4.522159, -0.452216, -0.452216, 297.672159, 0.100000, 0.001018, 0.000100, 0.001018, 0.000100, 0.000000, 0.000100, 297.672159, 10.000000, 293.150000, 10.000000, 0.000102, 10.000000, 0.000102, 0.000000, 0.000102, 10.000000, 297.672159, 297.672159, 25.000000, 24.522159, -0.452216, -0.032784, 0.000000, 0.000100, 0, 0
4.36, 0.000000, 297.582615, 0.000000, 0.000000, 0.000000, 16.000000, 0.000002, 0.000100, 0.000002, 0.000102, 29.758261, 0.001018, 297.582615, 0.500000, 0.000000, -0.000002, 0.004000, 297.582615, 4.166670, -0.443261, 297.582615, 0.000000, -0.443261, 10.000000, 0.000000, 0.000000, 0.100000, 0.000000, 298.000000, 0.000000, 0.000000, 297.582615, 0.000000, 0.000000, 298.150000, 2.000000, 100000.000000, 0.000100, 298.150000, 0.000102, 0.000000, 8.000000, 297.582615, 0.000100, 298.150000, 10.000000, 297.582615, 298.150000, 298.150000, 298.150000, 0.000002, 293.150000, 297.582615, 5000000.000000, 0.000000, 0.001018, 0.001018, 0.000000, 10.000000, 10.000000, 0.000002, 0.000002, 10.000000, 0.000002, 0.001018, 0.000000, 0.001018, 0.000000, 0.000000, 0.000000, 5000000.000000, 9.998982, 0.000100, 10.000000, 0.000100, 0.001018, 0.000100, 0.000000, 0.000010, 100000.000000, 10.177305, 0.001018, 0.000100, 10.000000, 0.000102, 293.150000, -0.443261, 0.000000, 293.150000, -4.432615, -0.443261, -0.443261, 297.582615, 0.100000, 0.001018, 0.000100, 0.001018, 0.000100, 0.000000, 0.000100, 297.582615, 10.000000, 293.150000, 10.000000, 0.000102, 10.000000, 0.000102, 0.000000, 0.000102, 10.000000, 297.582615, 297.582615, 25.000000, 24.432615, -0.443261, -0.041739, 0.000000, 0.000100, 0, 0
4.38, 0.000000, 297.494843, 0.000000, 0.000000, 0.000000, 16.000000, 0.000002, 0.000100, 0.000002, 0.000102, 29.749484, 0.001017, 297.494843, 0.500000, 0.000000, -0.000002, 0.004000, 297.494843, 4.166670, -0.434484, 297.494843, 0.000000, -0.434484, 10.000000, 0.000000, 0.000000, 0.100000, 0.000000, 298.000000, 0.000000, 0.000000, 297.494843, 0.000000, 0.000000, 298.150000, 2.000000, 100000.000000, 0.000100, 298.150000, 0.000102, 0.000000, 8.000000, 297.494843, 0.000100, 298.150000, 10.000000, 297.494843, 298.150000, 298.150000, 298.150000, 0.000002, 293.150000, 297.494843, 5000000.000000, 0.000000, 0.001017, 0.001017, 0.000000, 10.000000, 10.000000, 0.000002, 0.000002, 10.000000, 0.000002, 0.001017, 0.000000, 0.001017, 0.000000, 0.000000, 0.000000, 5000000.000000, 9.998983, 0.000100, 10.000000, 0.000100, 0.001017, 0.000100, 0.000000, 0.000010, 100000.000000, 10.173794, 0.001017, 0.000100, 10.000000, 0.000102, 293.150000, -0.434484, 0.000000, 293.150000, -4.344843, -0.434484, -0.434484, 297.494843, 0.100000, 0.001017, 0.000100, 0.001017, 0.000100, 0.000000, 0.000100, 297.494843, 10.000000, 293.150000, 10.000000, 0.000102, 10.000000, 0.000102, 0.000000, 0.000102, 10.000000, 297.494843, 297.494843, 25.000000, 24.344843, -0.434484, -0.050516, 0.000000, 0.000100, 0, 0
4.4, 0.000000, 297.408809, 0.000000, 0.000000, 0.000000, 16.000000, 0.000002, 0.000100, 0.000002, 0.000102, 29.740881, 0.001017, 297.408809, 0.500000, 0.000000, -0.000002, 0.004000, 297.408809, 4.166670, -0.425881, 297.408809, 0.000000, -0.425881, 10.000000, 0.000000, 0.000000, 0.100000, 0.000000, 298.000000, 0.000000, 0.000000, 297.408809, 0.000000, 0.000000, 298.150000, 2.000000, 100000.000000, 0.000100, 298.150000, 0.000102, 0.000000, 8.000000, 297.408809, 0.000100, 298.150000, 10.000000, 297.408809, 298.150000, 298.150000, 298.150000, 0.000002, 293.150000, 297.408809, 5000000.000000, 0.000000, 0.001017, 0.001017, 0.000000, 10.000000, 10.000000, 0.000002, 0.000002, 10.000000, 0.000002, 0.001017, 0.000000, 0.001017, 0.000000, 0.000000, 0.000000, 5000000.000000, 9.998983, 0.000100, 10.000000, 0.000100, 0.001017, 0.000100, 0.000000, 0.000010, 100000.000000, 10.170352, 0.001017, 0.000100, 10.000000, 0.000102, 293.150000, -0.425881, 0.000000, 293.150000, -4.258809, -0.425881, -0.425881, 297.408809, 0.100000, 0.001017, 0.000100, 0.001017, 0.000100, 0.000000, 0.000100, 297.408809, 10.000000, 293.150000, 10.000000, 0.000102, 10.000000, 0.000102, 0.000000, 0.000102, 10.000000, 297.408809, 297.408809, 25.000000, 24.258809, -0.425881, -0.059119, 0.000000, 0.000100, 0, 0
4.42, 0.000000, 297.324479, 0.000000, 0.000000, 0.000000, 16.000000, 0.000002, 0.000100, 0.000002, 0.000102, 29.732448, 0.001017, 297.324479, 0.500000, 0.000000, -0.000002, 0.004000, 297.324479, 4.166670, -0.417448, 297.324479, 0.000000, -0.417448, 10.000000, 0.000000, 0.000000, 0.100000, 0.000000, 298.000000, 0.000000, 0.000000, 297.324479, 0.000000, 0.000000, 298.150000, 2.000000, 100000.000000, 0.000100, 298.150000, 0.000102, 0.000000, 8.000000, 297.324479, 0.000100, 298.150000, 10.000000, 297.324479, 298.150000, 298.150000, 298.150000, 0.000002, 293.150000, 297.324479, 5000000.000000, 0.000000, 0.001017, 0.001017, 0.000000, 10.000000, 10.000000, 0.000002, 0.000002, 10.000000, 0.000002, 0.001017, 0.000000, 0.001017, 0.000000, 0.000000, 0.000000, 5000000.000000, 9.998983, 0.000100, 10.000000, 0.000100, 0.001017, 0.000100, 0.000000, 0.000010, 100000.000000, 10.166979, 0.001017, 0.000100, 10.000000, 0.000102, 293.150000, -0.417448, 0.000000, 293.150000, -4.174479, -0.417448, -0.417448, 297.324479, 0.100000, 0.001017, 0.000100, 0.001017, 0.000100, 0.000000, 0.000100, 297.324479, 10.000000, 293.150000, 10.000000, 0.000102, 10.000000, 0.000102, 0.000000, 0.000102, 10.000000, 297.324479, 297.324479, 25.000000, 24.174479, -0.417448, -0.067552, 0.000000, 0.000100, 0, 0
4.44, 0.000000, 297.241819, 0.000000, 0.000000, 0.000000, 16.000000, 0.000002, 0.000100, 0.000002, 0.000102, 29.724182, 0.001016, 297.241819, 0.500000, 0.000000, -0.000002, 0.004000, 297.241819, 4.166670, -0.409182, 297.241819, 0.000000, -0.409182, 10.000000, 0.000000, 0.000000, 0.100000, 0.000000, 298.000000, 0.000000, 0.000000, 297.241819, 0.000000, 0.000000, 298.150000, 2.000000, 100000.000000, 0.000100, 298.150000, 0.000102, 0.000000, 8.000000, 297.241819, 0.000100, 298.150000, 10.000000, 297.241819, 298.150000, 298.150000, 298.150000, 0.000002, 293.150000, 297.241819, 5000000.000000, 0.000000, 0.001016, 0.001016, 0.000000, 10.000000, 10.000000, 0.000002, 0.000002, 10.000000, 0.000002, 0.001016, 0.000000, 0.001016, 0.000000, 0.000000, 0.000000, 5000000.000000, 9.998984, 0.000100, 10.000000, 0.000100, 0.001016, 0.000100, 0.000000, 0.000010, 100000.000000, 10.163673, 0.001016, 0.000100, 10.000000, 0.000102, 293.150000, -0.409182, 0.000000, 293.150000, -4.091819, -0.409182, -0.409182, 297.241819, 0.100000, 0.001016, 0.000100, 0.001016, 0.000100, 0.000000, 0.000100, 297.241819, 10.000000, 293.150000, 10.000000, 0.000102, 10.000000, 0.000102, 0.000000, 0.000102, 10.000000, 297.241819, 297.241819, 25.000000, 24.091819, -0.409182, -0.075818, 0.000000, 0.000100, 0, 0
4.46, 0.000000, 297.160796, 0.000000, 0.000000, 0.000000, 16.000000, 0.000002, 0.000100, 0.000002, 0.000102, 29.716080, 0.001016, 297.160796, 0.500000, 0.000000, -0.000002, 0.004000, 297.160796, 4.166670, -0.401080, 297.160796, 0.000000, -0.401080, 10.000000, 0.000000, 0.000000, 0.100000, 0.000000, 298.000000, 0.000000, 0.000000, 297.160796, 0.000000, 0.000000, 298.150000, 2.000000, 100000.000000, 0.000100, 298.150000, 0.000102, 0.000000, 8.000000, 297.160796, 0.000100, 298.150000, 10.000000, 297.160796, 298.150000, 298.150000, 298.150000, 0.000002, 293.150000, 297.160796, 5000000.000000, 0.000000, 0.001016, 0.001016, 0.000000, 10.000000, 10.000000, 0.000002, 0.000002, 10.000000, 0.000002, 0.001016, 0.000000, 0.001016, 0.000000, 0.000000, 0.000000, 5000000.000000, 9.998984, 0.000100, 10.000000, 0.000100, 0.001016, 0.000100, 0.000000, 0.000010, 100000.000000, 10.160432, 0.001016, 0.000100, 10.000000, 0.000102, 293.150000, -0.401080, 0.000000, 293.150000, -4.010796, -0.401080, -0.401080, 297.160796, 0.100000, 0.001016, 0.000100, 0.001016, 0.000100, 0.000000, 0.000100, 297.160796, 10.000000, 293.150000, 10.000000, 0.000102, 10.000000, 0.000102, 0.000000, 0.000102, 10.000000, 297.160796, 297.160796, 25.000000, 24.010796, -0.401079, -0.083920, 0.000000, 0.000100, 0, 0
4.48, 0.000000, 298.764107, 0.000000, 0.000000, 0.000000, 16.000000, 0.000002, 0.978036, 0.000002, 0.978040, 29.876411, 9.999990, 298.764107, 0.500000, 0.000000, -0.000004, 0.004000, 298.764107, 4.166670, -0.561411, 298.764107, 0.000002, -0.561411, 10.000000, 0.000000, 9.780349, 0.100000, 0.000000, 298.000000, 0.000000, 1.000000, 298.764107, 1.000000, 0.000000, 298.150000, 2.000000, 100000.000000, 0.978036, 298.150000, 0.978040, 0.000000, 8.000000, 298.764107, 0.978038, 298.150000, 10.000000, 298.764107, 298.150000, 298.150000, 298.150000, 0.000002, 293.150000, 298.764107, 5000000.000000, 0.000002, 9.999990, 9.999990, 0.000002, 10.000000, 10.000000, 0.000002, 0.000002, 10.000000, 0.000002, 9.999990, 0.000002, 9.999990, 0.000002, 0.000000, 0.000002, 5000000.000000, 0.000010, 0.978038, 10.000000, 0.978038, 9.999990, 0.978038, 1.000000, 0.000010, 0.000010, 10.224564, 9.999990, 0.978036, 10.000000, 0.978040, 293.150000, -0.561411, 9.780349, 293.150000, -5.614107, -0.561411, -0.561411, 298.764107, 0.100000, 9.999990, 0.978036, 9.999990, 0.978036, 0.000000, 0.978036, 298.764107, 10.000000, 293.150000, 10.000000, 0.978040, 10.000000, 0.978040, 0.000000, 0.978040, 10.000000, 298.764107, 298.764107, 25.000000, 25.614107, 9.218938, 0.076411, 0.000000, 0.978038, 1, 1
4.5, 0.000000, 299.056123, 0.000000, 0.000000, 0.000000, 16.000000, 0.000002, 0.000100, 0.000002, 0.000102, 29.905612, 0.001024, 299.056123, 0.500000, 0.000000, -0.000002, 0.004000, 299.056123, 4.166670, -0.590612, 299.056123, 0.000000, -0.590612, 10.000000, 0.000000, 0.000000, 0.100000, 0.000000, 298.000000, 0.000000, 0.000000, 299.056123, 0.000000, 0.000000, 298.150000, 2.000000, 100000.000000, 0.000100, 298.150000, 0.000102, 0.000000, 8.000000, 299.056123, 0.000100, 298.150000, 10.000000, 299.056123, 298.150000, 298.150000, 298.150000, 0.000002, 293.150000, 299.056123, 5000000.000000, 0.000000, 0.001024, 0.001024, 0.000000, 10.000000, 10.000000, 0.000002, 0.000002, 10.000000, 0.000002, 0.001024, 0.000000, 0.001024, 0.000000, 0.000000, 0.000000, 5000000.000000, 9.998976, 0.000100, 10.000000, 0.000100, 0.001024, 0.000100, 0.000000, 0.000010, 100000.000000, 10.236245, 0.001024, 0.000100, 10.000000, 0.000102, 293.150000, -0.590612, 0.000000, 293.150000, -5.906123, -0.590612, -0.590612, 299.056123, 0.100000, 0.001024, 0.000100, 0.001024, 0.000100, 0.000000, 0.000100, 299.056123, 10.000000, 293.150000, 10.000000, 0.000102, 10.000000, 0.000102, 0.000000, 0.000102, 10.000000, 299.056123, 299.056123, 25.000000, 25.906123, -0.590612, 0.105612, 0.000000, 0.000100, 0, 0
4.52, 0.000000, 298.939174, 0.000000, 0.000000, 0.000000, 16.000000, 0.000002, 0.000100, 0.000002, 0.000102, 29.893917, 0.001023, 298.939174, 0.500000, 0.000000, -0.000002, 0.004000, 298.939174, 4.166670, -0.578917, 298.939174, 0.000000, -0.578917, 10.000000, 0.000000, 0.000000, 0.100000, 0.000000, 298.000000, 0.000000, 0.000000, 298.939174, 0.000000, 0.000000, 298.150000, 2.000000, 100000.000000, 0.000100, 298.150000, 0.000102, 0.000000, 8.000000, 298.939174, 0.000100, 298.150000, 10.000000, 298.939174, 298.150000, 298.150000, 298.150000, 0.000002, 293.150000, 298.939174, 5000000.000000, 0.000000, 0.001023, 0.001023, 0.000000, 10.000000, 10.000000, 0.000002, 0.000002, 10.000000, 0.000002, 0.001023, 0.000000, 0.001023, 0.000000, 0.000000, 0.000000, 5000000.000000, 9.998977, 0.000100, 10.000000, 0.000100, 0.001023, 0.000100, 0.000000, 0.000010, 100000.000000, 10.231567, 0.001023, 0.000100, 10.000000, 0.000102, 293.150000, -0.578917, 0.000000, 293.150000, -5.789174, -0.578917, -0.578917, 298.939174, 0.100000, 0.001023, 0.000100, 0.001023, 0.000100, 0.000000, 0.000100, 298.939174, 10.000000, 293.150000, 10.000000, 0.000102, 10.000000, 0.000102, 0.000000, 0.000102, 10.000000, 298.939174, 298.939174, 25.000000, 25.789174, -0.578917, 0.093917, 0.000000, 0.000100, 0, 0
4.54, 0.000000, 298.824541, 0.000000, 0.000000, 0.000000, 16.000000, 0.000002, 0.000100, 0.000002, 0.000102, 29.882454, 0.001023, 298.824541, 0.500000, 0.000000, -0.000002, 0.004000, 298.824541, 4.166670, -0.567454, 298.824541, 0.000000, -0.567454, 10.000000, 0.000000, 0.000000, 0.100000, 0.000000, 298.000000, 0.000000, 0.000000, 298.824541, 0.000000, 0.000000, 298.150000, 2.000000, 100000.000000, 0.000100, 298.150000, 0.000102, 0.000000, 8.000000, 298.824541, 0.000100, 298.150000, 10.000000, 298.824541, 298.150000, 298.150000, 298.150000, 0.000002, 293.150000, 298.824541, 5000000.000000, 0.000000, 0.001023, 0.001023, 0.000000, 10.000000, 10.000000, 0.000002, 0.000002, 10.000000, 0.000002, 0.001023, 0.000000, 0.001023, 0.000000, 0.000000, 0.000000, 5000000.000000, 9.998977, 0.000100, 10.000000, 0.000100, 0.001023, 0.000100, 0.000000, 0.000010, 100000.000000, 10.226982, 0.001023, 0.000100, 10.000000, 0.000102, 293.150000, -0.567454, 0.000000, 293.150000, -5.674541, -0.567454, -0.567454, 298.824541, 0.100000, 0.001023, 0.000100, 0.001023, 0.000100, 0.000000, 0.000100, 298.824541, 10.000000, 293.150000, 10.000000, 0.000102, 10.000000, 0.000102, 0.000000, 0.000102, 10.000000, 298.824541, 298.824541, 25.000000, 25.674541, -0.567454, 0.082454, 0.000000, 0.000100, 0, 0
4.56, 0.000000, 298.712177, 0.000000, 0.000000, 0.000000, 16.000000, 0.000002, 0.000100, 0.000002, 0.000102, 29.871218, 0.001022, 298.712177, 0.500000, 0.000000, -0.000002, 0.004000, 298.712177, 4.166670, -0.556218, 298.712177, 0.000000, -0.556218, 10.000000, 0.000000, 0.000000, 0.100000, 0.000000, 298.000000, 0.000000, 0.000000, 298.712177, 0.000000, 0.000000, 298.150000, 2.000000, 100000.000000, 0.000100, 298.150000, 0.000102, 0.000000, 8.000000, 298.712177, 0.000100, 298.150000, 10.000000, 298.712177, 298.150000, 298.150000, 298.150000, 0.000002, 293.150000, 298.712177, 5000000.000000, 0.000000, 0.001022, 0.001022, 0.000000, 10.000000, 10.000000, 0.000002, 0.000002, 10.000000, 0.000002, 0.001022, 0.000000, 0.001022, 0.000000, 0.000000, 0.000000, 5000000.000000, 9.998978, 0.000100, 10.000000, 0.000100, 0.001022, 0.000100, 0.000000, 0.000010, 100000.000000, 10.222487, 0.001022, 0.000100, 10.000000, 0.000102, 293.150000, -0.556218, 0.000000, 293.150000, -5.562177, -0.556218, -0.556218, 298.712177, 0.100000, 0.001022, 0.000100, 0.001022, 0.000100, 0.000000, 0.000100, 298.712177, 10.000000, 293.150000, 10.000000, 0.000102, 10.000000, 0.000102, 0.000000, 0.000102, 10.000000, 298.712177, 298.712177, 25.000000, 25.562177, -0.556218, 0.071218, 0.000000, 0.000100, 0, 0
4.58, 0.000000, 298.602039, 0.000000, 0.000000, 0.000000, 16.000000, 0.000002, 0.000100, 0.000002, 0.000102, 29.860204, 0.001022, 298.602039, 0.500000, 0.000000, -0.000002, 0.004000, 298.602039, 4.166670, -0.545204, 298.602039, 0.000000, -0.545204, 10.000000, 0.000000, 0.000000, 0.100000, 0.000000, 298.000000, 0.000000, 0.000000, 298.602039, 0.000000, 0.000000, 298.150000, 2.000000, 100000.000000, 0.000100, 298.150000, 0.000102, 0.000000, 8.000000, 298.602039, 0.000100, 298.150000, 10.000000, 298.602039, 298.150000, 298.150000, 298.150000, 0.000002, 293.150000, 298.602039, 5000000.000000, 0.000000, 0.001022, 0.001022, 0.000000, 10.000000, 10.000000, 0.000002, 0.000002, 10.000000, 0.000002, 0.001022, 0.000000, 0.001022, 0.000000, 0.000000, 0.000000, 5000000.000000, 9.998978, 0.000100, 10.000000, 0.000100, 0.001022, 0.000100, 0.000000, 0.000010, 100000.000000, 10.218082, 0.001022, 0.000100, 10.000000, 0.000102, 293.150000, -0.545204, 0.000000, 293.150000, -5.452039, -0.545204, -0.545204, 298.602039, 0.100000, 0.001022, 0.000100, 0.001022, 0.000100, 0.000000, 0.000100, 298.602039, 10.000000, 293.150000, 10.000000, 0.000102, 10.000000, 0.000102, 0.000000, 0.000102, 10.000000, 298.602039, 298.602039, 25.000000, 25.452039, -0.545204, 0.060204, 0.000000, 0.000100, 0, 0
4.6, 0.000000, 298.494081, 0.000000, 0.000000, 0.000000, 16.000000, 0.000002, 0.000100, 0.000002, 0.000102, 29.849408, 0.001021, 298.494081, 0.500000, 0.000000, -0.000002, 0.004000, 298.494081, 4.166670, -0.534408, 298.494081, 0.000000, -0.534408, 10.000000, 0.000000, 0.000000, 0.100000, 0.000000, 298.000000, 0.000000, 0.000000, 298.494081, 0.000000, 0.000000, 298.150000, 2.000000, 100000.000000, 0.000100, 298.150000, 0.000102, 0.000000, 8.000000, 298.494081, 0.000100, 298.150000, 10.000000, 298.494081, 298.150000, 298.150000, 298.150000, 0.000002, 293.150000, 298.494081, 5000000.000000, 0.000000, 0.001021, 0.001021, 0.000000, 10.000000, 10.000000, 0.000002, 0.000002, 10.000000, 0.000002, 0.001021, 0.000000, 0.001021, 0.000000, 0.000000, 0.000000, 5000000.000000, 9.998979, 0.000100, 10.000000, 0.000100, 0.001021, 0.000100, 0.000000, 0.000010, 100000.000000, 10.213763, 0.001021, 0.000100, 10.000000, 0.000102, 293.150000, -0.534408, 0.000000, 293.150000, -5.344081, -0.534408, -0.534408, 298.494081, 0.100000, 0.001021, 0.000100, 0.001021, 0.000100, 0.000000, 0.000100, 298.494081, 10.000000, 293.150000, 10.000000, 0.000102, 10.000000, 0.000102, 0.000000, 0.000102, 10.000000, 298.494081, 298.494081, 25.000000, 25.344081, -0.534408, 0.049408, 0.000000, 0.000100, 0, 0
4.62, 0.000000, 298.388261, 0.000000, 0.000000, 0.000000, 16.000000, 0.000002, 0.000100, 0.000002, 0.000102, 29.838826, 0.001021, 298.388261, 0.500000, 0.000000, -0.000002, 0.004000, 298.388261, 4.166670, -0.523826, 298.388261, 0.000000, -0.523826, 10.000000, 0.000000, 0.000000, 0.100000, 0.000000, 298.000000, 0.000000, 0.000000, 298.388261, 0.000000, 0.000000, 298.150000, 2.000000, 100000.000000, 0.000100, 298.150000, 0.000102, 0.000000, 8.000000, 298.388261, 0.000100, 298.150000, 10.000000, 298.388261, 298.150000, 298.150000, 298.150000, 0.000002, 293.150000, 298.388261, 5000000.000000, 0.000000, 0.001021, 0.001021, 0.000000, 10.000000, 10.000000, 0.000002, 0.000002, 10.000000, 0.000002, 0.001021, 0.000000, 0.001021, 0.000000, 0.000000, 0.000000, 5000000.000000, 9.998979, 0.000100, 10.000000, 0.000100, 0.001021, 0.000100, 0.000000, 0.000010, 100000.000000, 10.209530, 0.001021, 0.000100, 10.000000, 0.000102, 293.150000, -0.523826, 0.000000, 293.150000, -5.238261, -0.523826, -0.523826, 298.388261, 0.100000, 0.001021, 0.000100, 0.001021, 0.000100, 0.000000, 0.000100, 298.388261, 10.000000, 293.150000, 10.000000, 0.000102, 10.000000, 0.000102, 0.000000, 0.000102, 10.000000, 298.388261, 298.388261, 25.000000, 25.238261, -0.523826, 0.038826, 0.000000, 0.000100, 0, 0
4.64, 0.000000, 298.284537, 0.000000, 0.000000, 0.000000, 16.000000, 0.000002, 0.000100, 0.000002, 0.000102, 29.828454, 0.001020, 298.284537, 0.500000, 0.000000, -0.000002, 0.004000, 298.284537, 4.166670, -0.513454, 298.284537, 0.000000, -0.513454, 10.000000, 0.000000, 0.000000, 0.100000, 0.000000, 298.000000, 0.000000, 0.000000, 298.284537, 0.000000, 0.000000, 298.150000, 2.000000, 100000.000000, 0.000100, 298.150000, 0.000102, 0.000000, 8.000000, 298.284537, 0.000100, 298.150000, 10.000000, 298.284537, 298.150000, 298.150000, 298.150000, 0.000002, 293.150000, 298.284537, 5000000.000000, 0.000000, 0.001020, 0.001020, 0.000000, 10.000000, 10.000000, 0.000002, 0.000002, 10.000000, 0.000002, 0.001020, 0.000000, 0.001020, 0.000000, 0.000000, 0.000000, 5000000.000000, 9.998980, 0.000100, 10.000000, 0.000100, 0.001020, 0.000100, 0.000000, 0.000010, 100000.000000, 10.205381, 0.001020, 0.000100, 10.000000, 0.000102, 293.150000, -0.513454, 0.000000, 293.150000, -5.134537, -0.513454, -0.513454, 298.284537, 0.100000, 0.001020, 0.000100, 0.001020, 0.000100, 0.000000, 0.000100, 298.284537, 10.000000, 293.150000, 10.000000, 0.000102, 10.000000, 0.000102, 0.000000, 0.000102, 10.000000, 298.284537, 298.284537, 25.000000, 25.134537, -0.513454, 0.028454, 0.000000, 0.000100, 0, 0
4.66, 0.000000, 298.182866, 0.000000, 0.000000, 0.000000, 16.000000, 0.000002, 0.000100, 0.000002, 0.000102, 29.818287, 0.001020, 298.182866, 0.500000, 0.000000, -0.000002, 0.004000, 298.182866, 4.166670, -0.503287, 298.182866, 0.000000, -0.503287, 10.000000, 0.000000, 0.000000, 0.100000, 0.000000, 298.000000, 0.000000, 0.000000, 298.182866, 0.000000, 0.000000, 298.150000, 2.000000, 100000.000000, 0.000100, 298.150000, 0.000102, 0.000000, 8.000000, 298.182866, 0.000100, 298.150000, 10.000000, 298.182866, 298.150000, 298.150000, 298.150000, 0.000002, 293.150000, 298.182866, 5000000.000000, 0.000000, 0.001020, 0.001020, 0.000000, 10.000000, 10.000000, 0.000002, 0.000002, 10.000000, 0.000002, 0.001020, 0.000000, 0.001020, 0.000000, 0.000000, 0.000000, 5000000.000000, 9.998980, 0.000100, 10.000000, 0.000100, 0.001020, 0.000100, 0.000000, 0.000010, 100000.000000, 10.201315, 0.001020, 0.000100, 10.000000, 0.000102, 293.150000, -0.503287, 0.000000, 293.150000, -5.032866, -0.503287, -0.503287, 298.182866, 0.100000, 0.001020, 0.000100, 0.001020, 0.000100, 0.000000, 0.000100, 298.182866, 10.000000, 293.150000, 10.000000, 0.000102, 10.000000, 0.000102, 0.000000, 0.000102, 10.000000, 298.182866, 298.182866, 25.000000, 25.032866, -0.503287, 0.018287, 0.000000, 0.000100, 0, 0
4.68, 0.000000, 298.083209, 0.000000, 0.000000, 0.000000, 16.000000, 0.000002, 0.000100, 0.000002, 0.000102, 29.808321, 0.001020, 298.083209, 0.500000, 0.000000, -0.000002, 0.004000, 298.083209, 4.166670, -0.493321, 298.083209, 0.000000, -0.493321, 10.000000, 0.000000, 0.000000, 0.100000, 0.000000, 298.000000, 0.000000, 0.000000, 298.083209, 0.000000, 0.000000, 298.150000, 2.000000, 100000.000000, 0.000100, 298.150000, 0.000102, 0.000000, 8.000000, 298.083209, 0.000100, 298.150000, 10.000000, 298.083209, 298.150000, 298.150000, 298.150000, 0.000002, 293.150000, 298.083209, 5000000.000000, 0.000000, 0.001020, 0.001020, 0.000000, 10.000000, 10.000000, 0.000002, 0.000002, 10.000000, 0.000002, 0.001020, 0.000000, 0.001020, 0.000000, 0.000000, 0.000000, 5000000.000000, 9.998980, 0.000100, 10.000000, 0.000100, 0.001020, 0.000100, 0.000000, 0.000010, 100000.000000, 10.197328, 0.001020, 0.000100, 10.000000, 0.000102, 293.150000, -0.493321, 0.000000, 293.150000, -4.933209, -0.493321, -0.493321, 298.083209, 0.100000, 0.001020, 0.000100, 0.001020, 0.000100, 0.000000, 0.000100, 298.083209, 10.000000, 293.150000, 10.000000, 0.000102, 10.000000, 0.000102, 0.000000, 0.000102, 10.000000, 298.083209, 298.083209, 25.000000, 24.933209, -0.493321, 0.008321, 0.000000, 0.000100, 0, 0
4.7, 0.000000, 297.985525, 0.000000, 0.000000, 0.000000, 16.000000, 0.000002, 0.000100, 0.000002, 0.000102, 29.798552, 0.001019, 297.985525, 0.500000, 0.000000, -0.000002, 0.004000, 297.985525, 4.166670, -0.483552, 297.985525, 0.000000, -0.483552, 10.000000, 0.000000, 0.000000, 0.100000, 0.000000, 298.000000, 0.000000, 0.000000, 297.985525, 0.000000, 0.000000, 298.150000, 2.000000, 100000.000000, 0.000100, 298.150000, 0.000102, 0.000000, 8.000000, 297.985525, 0.000100, 298.150000, 10.000000, 297.985525, 298.150000, 298.150000, 298.150000, 0.000002, 293.150000, 297.985525, 5000000.000000, 0.000000, 0.001019, 0.001019, 0.000000, 10.000000, 10.000000, 0.000002, 0.000002, 10.000000, 0.000002, 0.001019, 0.000000, 0.001019, 0.000000, 0.000000, 0.000000, 5000000.000000, 9.998981, 0.000100, 10.000000, 0.000100, 0.001019, 0.000100, 0.000000, 0.000010, 100000.000000, 10.193421, 0.001019, 0.000100, 10.000000, 0.000102, 293.150000, -0.483552, 0.000000, 293.150000, -4.835525, -0.483552, -0.483552, 297.985525, 0.100000, 0.001019, 0.000100, 0.001019, 0.000100, 0.000000, 0.000100, 297.985525, 10.000000, 293.150000, 10.000000, 0.000102, 10.000000, 0.000102, 0.000000, 0.000102, 10.000000, 297.985525, 297.985525, 25.000000, 24.835525, -0.483552, -0.001448, 0.000000, 0.000100, 0, 0
4.72, 0.000000, 297.889775, 0.000000, 0.000000, 0.000000, 16.000000, 0.000002, 0.000100, 0.000002, 0.000102, 29.788977, 0.001019, 297.889775, 0.500000, 0.000000, -0.000002, 0.004000, 297.889775, 4.166670, -0.473977, 297.889775, 0.000000, -0.473977, 10.000000, 0.000000, 0.000000, 0.100000, 0.000000, 298.000000, 0.000000, 0.000000, 297.889775, 0.000000, 0.000000, 298.150000, 2.000000, 100000.000000, 0.000100, 298.150000, 0.000102, 0.000000, 8.000000, 297.889775, 0.000100, 298.150000, 10.000000, 297.889775, 298.150000, 298.150000, 298.150000, 0.000002, 293.150000, 297.889775, 5000000.000000, 0.000000, 0.001019, 0.001019, 0.000000, 10.000000, 10.000000, 0.000002, 0.000002, 10.000000, 0.000002, 0.001019, 0.000000, 0.001019, 0.000000, 0.000000, 0.000000, 5000000.000000, 9.998981, 0.000100, 10.000000, 0.000100, 0.001019, 0.000100, 0.000000, 0.000010, 100000.000000, 10.189591, 0.001019, 0.000100, 10.000000, 0.000102, 293.150000, -0.473977, 0.000000, 293.150000, -4.739775, -0.473977, -0.473977, 297.889775, 0.100000, 0.001019, 0.000100, 0.001019, 0.000100, 0.000000, 0.000100, 297.889775, 10.000000, 293.150000, 10.000000, 0.000102, 10.000000, 0.000102, 0.000000, 0.000102, 10.000000, 297.889775, 297.889775, 25.000000, 24.739775, -0.473977, -0.011023, 0.000000, 0.000100, 0, 0
4.74, 0.000000, 297.795921, 0.000000, 0.000000, 0.000000, 16.000000, 0.000002, 0.000100, 0.000002, 0.000102, 29.779592, 0.001018, 297.795921, 0.500000, 0.000000, -0.000002, 0.004000, 297.795921, 4.166670, -0.464592, 297.795921, 0.000000, -0.464592, 10.000000, 0.000000, 0.000000, 0.100000, 0.000000, 298.000000, 0.000000, 0.000000, 297.795921, 0.000000, 0.000000, 298.150000, 2.000000, 100000.000000, 0.000100, 298.150000, 0.000102, 0.000000, 8.000000, 297.795921, 0.000100, 298.150000, 10.000000, 297.795921, 298.150000, 298.150000, 298.150000, 0.000002, 293.150000, 297.795921, 5000000.000000, 0.000000, 0.001018, 0.001018, 0.000000, 10.000000, 10.000000, 0.000002, 0.000002, 10.000000, 0.000002, 0.001018, 0.000000, 0.001018, 0.000000, 0.000000, 0.000000, 5000000.000000, 9.998982, 0.000100, 10.000000, 0.000100, 0.001018, 0.000100, 0.000000, 0.000010, 100000.000000, 10.185837, 0.001018, 0.000100, 10.000000, 0.000102, 293.150000, -0.464592, 0.000000, 293.150000, -4.645921, -0.464592, -0.464592, 297.795921, 0.100000, 0.001018, 0.000100, 0.001018, 0.000100, 0.000000, 0.000100, 297.795921, 10.000000, 293.150000, 10.000000, 0.000102, 10.000000, 0.000102, 0.000000, 0.000102, 10.000000, 297.795921, 297.795921, 25.000000, 24.645921, -0.464592, -0.020408, 0.000000, 0.000100, 0, 0
4.76, 0.000000, 297.703926, 0.000000, 0.000000, 0.000000, 16.000000, 0.000002, 0.000100, 0.000002, 0.000102, 29.770393, 0.001018, 297.703926, 0.500000, 0.000000, -0.000002, 0.004000, 297.703926, 4.166670, -0.455393, 297.703926, 0.000000, -0.455393, 10.000000, 0.000000, 0.000000, 0.100000, 0.000000, 298.000000, 0.000000, 0.000000, 297.703926, 0.000000, 0.000000, 298.150000, 2.000000, 100000.000000, 0.000100, 298.150000, 0.000102, 0.000000, 8.000000, 297.703926, 0.000100, 298.150000, 10.000000, 297.703926, 298.150000, 298.150000, 298.150000, 0.000002, 293.150000, 297.703926, 5000000.000000, 0.000000, 0.001018, 0.001018, 0.000000, 10.000000, 10.000000, 0.000002, 0.000002, 10.000000, 0.000002, 0.001018, 0.000000, 0.001018, 0.000000, 0.000000, 0.000000, 5000000.000000, 9.998982, 0.000100, 10.000000, 0.000100, 0.001018, 0.000100, 0.000000, 0.000010, 100000.000000, 10.182157, 0.001018, 0.000100, 10.000000, 0.000102, 293.150000, -0.455393, 0.000000, 293.150000, -4.553926, -0.455393, -0.455393, 297.703926, 0.100000, 0.001018, 0.000100, 0.001018, 0.000100, 0.000000, 0.000100, 297.703926, 10.000000, 293.150000, 10.000000, 0.000102, 10.000000, 0.000102, 0.000000, 0.000102, 10.000000, 297.703926, 297.703926, 25.000000, 24.553926, -0.455392, -0.029607, 0.000000, 0.000100, 0, 0
4.78, 0.000000, 297.613752, 0.000000, 0.000000, 0.000000, 16.000000, 0.000002, 0.000100, 0.000002, 0.000102, 29.761375, 0.001018, 297.613752, 0.500000, 0.000000, -0.000002, 0.004000, 297.613752, 4.166670, -0.446375, 297.613752, 0.000000, -0.446375, 10.000000, 0.000000, 0.000000, 0.100000, 0.000000, 298.000000, 0.000000, 0.000000, 297.613752, 0.000000, 0.000000, 298.150000, 2.000000, 100000.000000, 0.000100, 298.150000, 0.000102, 0.000000, 8.000000, 297.613752, 0.000100, 298.150000, 10.000000, 297.613752, 298.150000, 298.150000, 298.150000, 0.000002, 293.150000, 297.613752, 5000000.000000, 0.000000, 0.001018, 0.001018, 0.000000, 10.000000, 10.000000, 0.000002, 0.000002, 10.000000, 0.000002, 0.001018, 0.000000, 0.001018, 0.000000, 0.000000, 0.000000, 5000000.000000, 9.998982, 0.000100, 10.000000, 0.000100, 0.001018, 0.000100, 0.000000, 0.000010, 100000.000000, 10.178550, 0.001018, 0.000100, 10.000000, 0.000102, 293.150000, -0.446375, 0.000000, 293.150000, -4.463752, -0.446375, -0.446375, 297.613752, 0.100000, 0.001018, 0.000100, 0.001018, 0.000100, 0.000000, 0.000100, 297.613752, 10.000000, 293.150000, 10.000000, 0.000102, 10.000000, 0.000102, 0.000000, 0.000102, 10.000000, 297.613752, 297.613752, 25.000000, 24.463752, -0.446375, -0.038625, 0.000000, 0.000100, 0, 0
4.8, 0.000000, 297.525364, 0.000000, 0.000000, 0.000000, 16.000000, 0.000002, 0.000100, 0.000002, 0.000102, 29.752536, 0.001017, 297.525364, 0.500000, 0.000000, -0.000002, 0.004000, 297.525364, 4.166670, -0.437536, 297.525364, 0.000000, -0.437536, 10.000000, 0.000000, 0.000000, 0.100000, 0.000000, 298.000000, 0.000000, 0.000000, 297.525364, 0.000000, 0.000000, 298.150000, 2.000000, 100000.000000, 0.000100, 298.150000, 0.000102, 0.000000, 8.000000, 297.525364, 0.000100, 298.150000, 10.000000, 297.525364, 298.150000, 298.150000, 298.150000, 0.000002, 293.150000, 297.525364, 5000000.000000, 0.000000, 0.001017, 0.001017, 0.000000, 10.000000, 10.000000, 0.000002, 0.000002, 10.000000, 0.000002, 0.001017, 0.000000, 0.001017, 0.000000, 0.000000, 0.000000, 5000000.000000, 9.998983, 0.000100, 10.000000, 0.000100, 0.001017, 0.000100, 0.000000, 0.000010, 100000.000000, 10.175015, 0.001017, 0.000100, 10.000000, 0.000102, 293.150000, -0.437536, 0.000000, 293.150000, -4.375364, -0.437536, -0.437536, 297.525364, 0.100000, 0.001017, 0.000100, 0.001017, 0.000100, 0.000000, 0.000100, 297.525364, 10.000000, 293.150000, 10.000000, 0.000102, 10.000000, 0.000102, 0.000000, 0.000102, 10.000000, 297.525364, 297.525364, 25.000000, 24.375364, -0.437536, -0.047464, 0.000000, 0.000100, 0, 0
4.82, 0.000000, 297.438726, 0.000000, 0.000000, 0.000000, 16.000000, 0.000002, 0.000100, 0.000002, 0.000102, 29.743873, 0.001017, 297.438726, 0.500000, 0.000000, -0.000002, 0.004000, 297.438726, 4.166670, -0.428873, 297.438726, 0.000000, -0.428873, 10.000000, 0.000000, 0.000000, 0.100000, 0.000000, 298.000000, 0.000000, 0.000000, 297.438726, 0.000000, 0.000000, 298.150000, 2.000000, 100000.000000, 0.000100, 298.150000, 0.000102, 0.000000, 8.000000, 297.438726, 0.000100, 298.150000, 10.000000, 297.438726, 298.150000, 298.150000, 298.150000, 0.000002, 293.150000, 297.438726, 5000000.000000, 0.000000, 0.001017, 0.001017, 0.000000, 10.000000, 10.000000, 0.000002, 0.000002, 10.000000, 0.000002, 0.001017, 0.000000, 0.001017, 0.000000, 0.000000, 0.000000, 5000000.000000, 9.998983, 0.000100, 10.000000, 0.000100, 0.001017, 0.000100, 0.000000, 0.000010, 100000.000000, 10.171549, 0.001017, 0.000100, 10.000000, 0.000102, 293.150000, -0.428873, 0.000000, 293.150000, -4.288726, -0.428873, -0.428873, 297.438726, 0.100000, 0.001017, 0.000100, 0.001017, 0.000100, 0.000000, 0.000100, 297.438726, 10.000000, 293.150000, 10.000000, 0.000102, 10.000000, 0.000102, 0.000000, 0.000102, 10.000000, 297.438726, 297.438726, 25.000000, 24.288726, -0.428872, -0.056127, 0.000000, 0.000100, 0, 0
4.84, 0.000000, 297.353803, 0.000000, 0.000000, 0.000000, 16.000000, 0.000002, 0.000100, 0.000002, 0.000102, 29.735380, 0.001017, 297.353803, 0.500000, 0.000000, -0.000002, 0.004000, 297.353803, 4.166670, -0.420380, 297.353803, 0.000000, -0.420380, 10.000000, 0.000000, 0.000000, 0.100000, 0.000000, 298.000000, 0.000000, 0.000000, 297.353803, 0.000000, 0.000000, 298.150000, 2.000000, 100000.000000, 0.000100, 298.150000, 0.000102, 0.000000, 8.000000, 297.353803, 0.000100, 298.150000, 10.000000, 297.353803, 298.150000, 298.150000, 298.150000, 0.000002, 293.150000, 297.353803, 5000000.000000, 0.000000, 0.001017, 0.001017, 0.000000, 10.000000, 10.000000, 0.000002, 0.000002, 10.000000, 0.000002, 0.001017, 0.000000, 0.001017, 0.000000, 0.000000, 0.000000, 5000000.000000, 9.998983, 0.000100, 10.000000, 0.000100, 0.001017, 0.000100, 0.000000, 0.000010, 100000.000000, 10.168152, 0.001017, 0.000100, 10.000000, 0.000102, 293.150000, -0.420380, 0.000000, 293.150000, -4.203803, -0.420380, -0.420380, 297.353803, 0.100000, 0.001017, 0.000100, 0.001017, 0.000100, 0.000000, 0.000100, 297.353803, 10.000000, 293.150000, 10.000000, 0.000102, 10.000000, 0.000102, 0.000000, 0.000102, 10.000000, 297.353803, 297.353803, 25.000000, 24.203803, -0.420380, -0.064620, 0.000000, 0.000100, 0, 0
4.86, 0.000000, 297.270563, 0.000000, 0.000000, 0.000000, 16.000000, 0.000002, 0.000100, 0.000002, 0.000102, 29.727056, 0.001016, 297.270563, 0.500000, 0.000000, -0.000002, 0.004000, 297.270563, 4.166670, -0.412056, 297.270563, 0.000000, -0.412056, 10.000000, 0.000000, 0.000000, 0.100000, 0.000000, 298.000000, 0.000000, 0.000000, 297.270563, 0.000000, 0.000000, 298.150000, 2.000000, 100000.000000, 0.000100, 298.150000, 0.000102, 0.000000, 8.000000, 297.270563, 0.000100, 298.150000, 10.000000, 297.270563, 298.150000, 298.150000, 298.150000, 0.000002, 293.150000, 297.270563, 5000000.000000, 0.000000, 0.001016, 0.001016, 0.000000, 10.000000, 10.000000, 0.000002, 0.000002, 10.000000, 0.000002, 0.001016, 0.000000, 0.001016, 0.000000, 0.000000, 0.000000, 5000000.000000, 9.998984, 0.000100, 10.000000, 0.000100, 0.001016, 0.000100, 0.000000, 0.000010, 100000.000000, 10.164823, 0.001016, 0.000100, 10.000000, 0.000102, 293.150000, -0.412056, 0.000000, 293.150000, -4.120563, -0.412056, -0.412056, 297.270563, 0.100000, 0.001016, 0.000100, 0.001016, 0.000100, 0.000000, 0.000100, 297.270563, 10.000000, 293.150000, 10.000000, 0.000102, 10.000000, 0.000102, 0.000000, 0.000102, 10.000000, 297.270563, 297.270563, 25.000000, 24.120563, -0.412056, -0.072944, 0.000000, 0.000100, 0, 0
4.88, 0.000000, 297.188970, 0.000000, 0.000000, 0.000000, 16.000000, 0.000002, 0.000100, 0.000002, 0.000102, 29.718897, 0.001016, 297.188970, 0.500000, 0.000000, -0.000002, 0.004000, 297.188970, 4.166670, -0.403897, 297.188970, 0.000000, -0.403897, 10.000000, 0.000000, 0.000000, 0.100000, 0.000000, 298.000000, 0.000000, 0.000000, 297.188970, 0.000000, 0.000000, 298.150000, 2.000000, 100000.000000, 0.000100, 298.150000, 0.000102, 0.000000, 8.000000, 297.188970, 0.000100, 298.150000, 10.000000, 297.188970, 298.150000, 298.150000, 298.150000, 0.000002, 293.150000, 297.188970, 5000000.000000, 0.000000, 0.001016, 0.001016, 0.000000, 10.000000, 10.000000, 0.000002, 0.000002, 10.000000, 0.000002, 0.001016, 0.000000, 0.001016, 0.000000, 0.000000, 0.000000, 5000000.000000, 9.998984, 0.000100, 10.000000, 0.000100, 0.001016, 0.000100, 0.000000, 0.000010, 100000.000000, 10.161559, 0.001016, 0.000100, 10.000000, 0.000102, 293.150000, -0.403897, 0.000000, 293.150000, -4.038970, -0.403897, -0.403897, 297.188970, 0.100000, 0.001016, 0.000100, 0.001016, 0.000100, 0.000000, 0.000100, 297.188970, 10.000000, 293.150000, 10.000000, 0.000102, 10.000000, 0.000102, 0.000000, 0.000102, 10.000000, 297.188970, 297.188970, 25.000000, 24.038970, -0.403897, -0.081103, 0.000000, 0.000100, 0, 0
4.9, 0.000000, 298.115647, 0.000000, 0.000000, 0.000000, 16.000000, 0.000002, 0.980523, 0.000002, 0.980527, 29.811565, 9.999990, 298.115647, 0.500000, 0.000000, -0.000004, 0.004000, 298.115647, 4.166670, -0.496565, 298.115647, 0.000002, -0.496565, 10.000000, 0.000000, 9.805223, 0.100000, 0.000000, 298.000000, 0.000000, 1.000000, 298.115647, 1.000000, 0.000000, 298.150000, 2.000000, 100000.000000, 0.980523, 298.150000, 0.980527, 0.000000, 8.000000, 298.115647, 0.980525, 298.150000, 10.000000, 298.115647, 298.150000, 298.150000, 298.150000, 0.000002, 293.150000, 298.115647, 5000000.000000, 0.000002, 9.999990, 9.999990, 0.000002, 10.000000, 10.000000, 0.000002, 0.000002, 10.000000, 0.000002, 9.999990, 0.000002, 9.999990, 0.000002, 0.000000, 0.000002, 5000000.000000, 0.000010, 0.980525, 10.000000, 0.980525, 9.999990, 0.980525, 1.000000, 0.000010, 0.000010, 10.198626, 9.999990, 0.980523, 10.000000, 0.980527, 293.150000, -0.496565, 9.805223, 293.150000, -4.965647, -0.496565, -0.496565, 298.115647, 0.100000, 9.999990, 0.980523, 9.999990, 0.980523, 0.000000, 0.980523, 298.115647, 10.000000, 293.150000, 10.000000, 0.980527, 10.000000, 0.980527, 0.000000, 0.980527, 10.000000, 298.115647, 298.115647, 25.000000, 24.965647, 9.308659, 0.011565, 0.000000, 0.980525, 1, 1
4.92, 0.000000, 299.097611, 0.000000, 0.000000, 0.000000, 16.000000, 0.000002, 0.000100, 0.000002, 0.000102, 29.909761, 0.001024, 299.097611, 0.500000, 0.000000, -0.000002, 0.004000, 299.097611, 4.166670, -0.594761, 299.097611, 0.000000, -0.594761, 10.000000, 0.000000, 0.000000, 0.100000, 0.000000, 298.000000, 0.000000, 0.000000, 299.097611, 0.000000, 0.000000, 298.150000, 2.000000, 100000.000000, 0.000100, 298.150000, 0.000102, 0.000000, 8.000000, 299.097611, 0.000100, 298.150000, 10.000000, 299.097611, 298.150000, 298.150000, 298.150000, 0.000002, 293.150000, 299.097611, 5000000.000000, 0.000000, 0.001024, 0.001024, 0.000000, 10.000000, 10.000000, 0.000002, 0.000002, 10.000000, 0.000002, 0.001024, 0.000000, 0.001024, 0.000000, 0.000000, 0.000000, 5000000.000000, 9.998976, 0.000100, 10.000000, 0.000100, 0.001024, 0.000100, 0.000000, 0.000010, 100000.000000, 10.237904, 0.001024, 0.000100, 10.000000, 0.000102, 293.150000, -0.594761, 0.000000, 293.150000, -5.947611, -0.594761, -0.594761, 299.097611, 0.100000, 0.001024, 0.000100, 0.001024, 0.000100, 0.000000, 0.000100, 299.097611, 10.000000, 293.150000, 10.000000, 0.000102, 10.000000, 0.000102, 0.000000, 0.000102, 10.000000, 299.097611, 299.097611, 25.000000, 25.947611, -0.594761, 0.109761, 0.000000, 0.000100, 0, 0
4.94, 0.000000, 298.979841, 0.000000, 0.000000, 0.000000, 16.000000, 0.000002, 0.000100, 0.000002, 0.000102, 29.897984, 0.001023, 298.979841, 0.500000, 0.000000, -0.000002, 0.004000, 298.979841, 4.166670, -0.582984, 298.979841, 0.000000, -0.582984, 10.000000, 0.000000, 0.000000, 0.100000, 0.000000, 298.000000, 0.000000, 0.000000, 298.979841, 0.000000, 0.000000, 298.150000, 2.000000, 100000.000000, 0.000100, 298.150000, 0.000102, 0.000000, 8.000000, 298.979841, 0.000100, 298.150000, 10.000000, 298.979841, 298.150000, 298.150000, 298.150000, 0.000002, 293.150000, 298.979841, 5000000.000000, 0.000000, 0.001023, 0.001023, 0.000000, 10.000000, 10.000000, 0.000002, 0.000002, 10.000000, 0.000002, 0.001023, 0.000000, 0.001023, 0.000000, 0.000000, 0.000000, 5000000.000000, 9.998977, 0.000100, 10.000000, 0.000100, 0.001023, 0.000100, 0.000000, 0.000010, 100000.000000, 10.233194, 0.001023, 0.000100, 10.000000, 0.000102, 293.150000, -0.582984, 0.000000, 293.150000, -5.829841, -0.582984, -0.582984, 298.979841, 0.100000, 0.001023, 0.000100, 0.001023, 0.000100, 0.000000, 0.000100, 298.979841, 10.000000, 293.150000, 10.000000, 0.000102, 10.000000, 0.000102, 0.000000, 0.000102, 10.000000, 298.979841, 298.979841, 25.000000, 25.829841, -0.582984, 0.097984, 0.000000, 0.000100, 0, 0
4.96, 0.000000, 298.864402, 0.000000, 0.000000, 0.000000, 16.000000, 0.000002, 0.000100, 0.000002, 0.000102, 29.886440, 0.001023, 298.864402, 0.500000, 0.000000, -0.000002, 0.004000, 298.864402, 4.166670, -0.571440, 298.864402, 0.000000, -0.571440, 10.000000, 0.000000, 0.000000, 0.100000, 0.000000, 298.000000, 0.000000, 0.000000, 298.864402, 0.000000, 0.000000, 298.150000, 2.000000, 100000.000000, 0.000100, 298.150000, 0.000102, 0.000000, 8.000000, 298.864402, 0.000100, 298.150000, 10.000000, 298.864402, 298.150000, 298.150000, 298.150000, 0.000002, 293.150000, 298.864402, 5000000.000000, 0.000000, 0.001023, 0.001023, 0.000000, 10.000000, 10.000000, 0.000002, 0.000002, 10.000000, 0.000002, 0.001023, 0.000000, 0.001023, 0.000000, 0.000000, 0.000000, 5000000.000000, 9.998977, 0.000100, 10.000000, 0.000100, 0.001023, 0.000100, 0.000000, 0.000010, 100000.000000, 10.228576, 0.001023, 0.000100, 10.000000, 0.000102, 293.150000, -0.571440, 0.000000, 293.150000, -5.714402, -0.571440, -0.571440, 298.864402, 0.100000, 0.001023, 0.000100, 0.001023, 0.000100, 0.000000, 0.000100, 298.864402, 10.000000, 293.150000, 10.000000, 0.000102, 10.000000, 0.000102, 0.000000, 0.000102, 10.000000, 298.864402, 298.864402, 25.000000, 25.714402, -0.571440, 0.086440, 0.000000, 0.000100, 0, 0
4.98, 0.000000, 298.751249, 0.000000, 0.000000, 0.000000, 16.000000, 0.000002, 0.000100, 0.000002, 0.000102, 29.875125, 0.001022, 298.751249, 0.500000, 0.000000, -0.000002, 0.004000, 298.751249, 4.166670, -0.560125, 298.751249, 0.000000, -0.560125, 10.000000, 0.000000, 0.000000, 0.100000, 0.000000, 298.000000, 0.000000, 0.000000, 298.751249, 0.000000, 0.000000, 298.150000, 2.000000, 100000.000000, 0.000100, 298.150000, 0.000102, 0.000000, 8.000000, 298.751249, 0.000100, 298.150000, 10.000000, 298.751249, 298.150000, 298.150000, 298.150000, 0.000002, 293.150000, 298.751249, 5000000.000000, 0.000000, 0.001022, 0.001022, 0.000000, 10.000000, 10.000000, 0.000002, 0.000002, 10.000000, 0.000002, 0.001022, 0.000000, 0.001022, 0.000000, 0.000000, 0.000000, 5000000.000000, 9.998978, 0.000100, 10.000000, 0.000100, 0.001022, 0.000100, 0.000000, 0.000010, 100000.000000, 10.224050, 0.001022, 0.000100, 10.000000, 0.000102, 293.150000, -0.560125, 0.000000, 293.150000, -5.601249, -0.560125, -0.560125, 298.751249, 0.100000, 0.001022, 0.000100, 0.001022, 0.000100, 0.000000, 0.000100, 298.751249, 10.000000, 293.150000, 10.000000, 0.000102, 10.000000, 0.000102, 0.000000, 0.000102, 10.000000, 298.751249, 298.751249, 25.000000, 25.601249, -0.560125, 0.075125, 0.000000, 0.000100, 0, 0
5, 0.000000, 298.640337, 0.000000, 0.000000, 0.000000, 16.000000, 0.000002, 0.000100, 0.000002, 0.000102, 29.864034, 0.001022, 298.640337, 0.500000, 0.000000, -0.000002, 0.004000, 298.640337, 4.166670, -0.549034, 298.640337, 0.000000, -0.549034, 10.000000, 0.000000, 0.000000, 0.100000, 0.000000, 298.000000, 0.000000, 0.000000, 298.640337, 0.000000, 0.000000, 298.150000, 2.000000, 100000.000000, 0.000100, 298.150000, 0.000102, 0.000000, 8.000000, 298.640337, 0.000100, 298.150000, 10.000000, 298.640337, 298.150000, 298.150000, 298.150000, 0.000002, 293.150000, 298.640337, 5000000.000000, 0.000000, 0.001022, 0.001022, 0.000000, 10.000000, 10.000000, 0.000002, 0.000002, 10.000000, 0.000002, 0.001022, 0.000000, 0.001022, 0.000000, 0.000000, 0.000000, 5000000.000000, 9.998978, 0.000100, 10.000000, 0.000100, 0.001022, 0.000100, 0.000000, 0.000010, 100000.000000, 10.219613, 0.001022, 0.000100, 10.000000, 0.000102, 293.150000, -0.549034, 0.000000, 293.150000, -5.490337, -0.549034, -0.549034, 298.640337, 0.100000, 0.001022, 0.000100, 0.001022, 0.000100, 0.000000, 0.000100, 298.640337, 10.000000, 293.150000, 10.000000, 0.000102, 10.000000, 0.000102, 0.000000, 0.000102, 10.000000, 298.640337, 298.640337, 25.000000, 25.490337, -0.549034, 0.064034, 0.000000, 0.000100, 0, 0
5.02, 0.000000, 298.531621, 0.000000, 0.000000, 0.000000, 16.000000, 0.000002, 0.000100, 0.000002, 0.000102, 29.853162, 0.001021, 298.531621, 0.500000, 0.000000, -0.000002, 0.004000, 298.531621, 4.166670, -0.538162, 298.531621, 0.000000, -0.538162, 10.000000, 0.000000, 0.000000, 0.100000, 0.000000, 298.000000, 0.000000, 0.000000, 298.531621, 0.000000, 0.000000, 298.150000, 2.000000, 100000.000000, 0.000100, 298.150000, 0.000102, 0.000000, 8.000000, 298.531621, 0.000100, 298.150000, 10.000000, 298.531621, 298.150000, 298.150000, 298.150000, 0.000002, 293.150000, 298.531621, 5000000.000000, 0.000000, 0.001021, 0.001021, 0.000000, 10.000000, 10.000000, 0.000002, 0.000002, 10.000000, 0.000002, 0.001021, 0.000000, 0.001021, 0.000000, 0.000000, 0.000000, 5000000.000000, 9.998979, 0.000100, 10.000000, 0.000100, 0.001021, 0.000100, 0.000000, 0.000010, 100000.000000, 10.215265, 0.001021, 0.000100, 10.000000, 0.000102, 293.150000, -0.538162, 0.000000, 293.150000, -5.381621, -0.538162, -0.538162, 298.531621, 0.100000, 0.001021, 0.000100, 0.001021, 0.000100, 0.000000, 0.000100, 298.531621, 10.000000, 293.150000, 10.000000, 0.000102, 10.000000, 0.000102, 0.000000, 0.000102, 10.000000, 298.531621, 298.531621, 25.000000, 25.381621, -0.538162, 0.053162, 0.000000, 0.000100, 0, 0
5.04, 0.000000, 298.425058, 0.000000, 0.000000, 0.000000, 16.000000, 0.000002, 0.000100, 0.000002, 0.000102, 29.842506, 0.001021, 298.425058, 0.500000, 0.000000, -0.000002, 0.004000, 298.425058, 4.166670, -0.527506, 298.425058, 0.000000, -0.527506, 10.000000, 0.000000, 0.000000, 0.100000, 0.000000, 298.000000, 0.000000, 0.000000, 298.425058, 0.000000, 0.000000, 298.150000, 2.000000, 100000.000000, 0.000100, 298.150000, 0.000102, 0.000000, 8.000000, 298.425058, 0.000100, 298.150000, 10.000000, 298.425058, 298.150000, 298.150000, 298.150000, 0.000002, 293.150000, 298.425058, 5000000.000000, 0.000000, 0.001021, 0.001021, 0.000000, 10.000000, 10.000000, 0.000002, 0.000002, 10.000000, 0.000002, 0.001021, 0.000000, 0.001021, 0.000000, 0.000000, 0.000000, 5000000.000000, 9.998979, 0.000100, 10.000000, 0.000100, 0.001021, 0.000100, 0.000000, 0.000010, 100000.000000, 10.211002, 0.001021, 0.000100, 10.000000, 0.000102, 293.150000, -0.527506, 0.000000, 293.150000, -5.275058, -0.527506, -0.527506, 298.425058, 0.100000, 0.001021, 0.000100, 0.001021, 0.000100, 0.000000, 0.000100, 298.425058, 10.000000, 293.150000, 10.000000, 0.000102, 10.000000, 0.000102, 0.000000, 0.000102, 10.000000, 298.425058, 298.425058, 25.000000, 25.275058, -0.527506, 0.042506, 0.000000, 0.000100, 0, 0
5.06, 0.000000, 298.320605, 0.000000, 0.000000, 0.000000, 16.000000, 0.000002, 0.000100, 0.000002, 0.000102, 29.832060, 0.001021, 298.320605, 0.500000, 0.000000, -0.000002, 0.004000, 298.320605, 4.166670, -0.517060, 298.320605, 0.000000, -0.517060, 10.000000, 0.000000, 0.000000, 0.100000, 0.000000, 298.000000, 0.000000, 0.000000, 298.320605, 0.000000, 0.000000, 298.150000, 2.000000, 100000.000000, 0.000100, 298.150000, 0.000102, 0.000000, 8.000000, 298.320605, 0.000100, 298.150000, 10.000000, 298.320605, 298.150000, 298.150000, 298.150000, 0.000002, 293.150000, 298.320605, 5000000.000000, 0.000000, 0.001021, 0.001021, 0.000000, 10.000000, 10.000000, 0.000002, 0.000002, 10.000000, 0.000002, 0.001021, 0.000000, 0.001021, 0.000000, 0.000000, 0.000000, 5000000.000000, 9.998979, 0.000100, 10.000000, 0.000100, 0.001021, 0.000100, 0.000000, 0.000010, 100000.000000, 10.206824, 0.001021, 0.000100, 10.000000, 0.000102, 293.150000, -0.517060, 0.000000, 293.150000, -5.170605, -0.517060, -0.517060, 298.320605, 0.100000, 0.001021, 0.000100, 0.001021, 0.000100, 0.000000, 0.000100, 298.320605, 10.000000, 293.150000, 10.000000, 0.000102, 10.000000, 0.000102, 0.000000, 0.000102, 10.000000, 298.320605, 298.320605, 25.000000, 25.170605, -0.517060, 0.032060, 0.000000, 0.000100, 0, 0
5.08, 0.000000, 298.218220, 0.000000, 0.000000, 0.000000, 16.000000, 0.000002, 0.000100, 0.000002, 0.000102, 29.821822, 0.001020, 298.218220, 0.500000, 0.000000, -0.000002, 0.004000, 298.218220, 4.166670, -0.506822, 298.218220, 0.000000, -0.506822, 10.000000, 0.000000, 0.000000, 0.100000, 0.000000, 298.000000, 0.000000, 0.000000, 298.218220, 0.000000, 0.000000, 298.150000, 2.000000, 100000.000000, 0.000100, 298.150000, 0.000102, 0.000000, 8.000000, 298.218220, 0.000100, 298.150000, 10.000000, 298.218220, 298.150000, 298.150000, 298.150000, 0.000002, 293.150000, 298.218220, 5000000.000000, 0.000000, 0.001020, 0.001020, 0.000000, 10.000000, 10.000000, 0.000002, 0.000002, 10.000000, 0.000002, 0.001020, 0.000000, 0.001020, 0.000000, 0.000000, 0.000000, 5000000.000000, 9.998980, 0.000100, 10.000000, 0.000100, 0.001020, 0.000100, 0.000000, 0.000010, 100000.000000, 10.202729, 0.001020, 0.000100, 10.000000, 0.000102, 293.150000, -0.506822, 0.000000, 293.150000, -5.068220, -0.506822, -0.506822, 298.218220, 0.100000, 0.001020, 0.000100, 0.001020, 0.000100, 0.000000, 0.000100, 298.218220, 10.000000, 293.150000, 10.000000, 0.000102, 10.000000, 0.000102, 0.000000, 0.000102, 10.000000, 298.218220, 298.218220, 25.000000, 25.068220, -0.506822, 0.021822, 0.000000, 0.000100, 0, 0
5.1, 0.000000, 298.117863, 0.000000, 0.000000, 0.000000, 16.000000, 0.000002, 0.000100, 0.000002, 0.000102, 29.811786, 0.001020, 298.117863, 0.500000, 0.000000, -0.000002, 0.004000, 298.117863, 4.166670, -0.496786, 298.117863, 0.000000, -0.496786, 10.000000, 0.000000, 0.000000, 0.100000, 0.000000, 298.000000, 0.000000, 0.000000, 298.117863, 0.000000, 0.000000, 298.150000, 2.000000, 100000.000000, 0.000100, 298.150000, 0.000102, 0.000000, 8.000000, 298.117863, 0.000100, 298.150000, 10.000000, 298.117863, 298.150000, 298.150000, 298.150000, 0.000002, 293.150000, 298.117863, 5000000.000000, 0.000000, 0.001020, 0.001020, 0.000000, 10.000000, 10.000000, 0.000002, 0.000002, 10.000000, 0.000002, 0.001020, 0.000000, 0.001020, 0.000000, 0.000000, 0.000000, 5000000.000000, 9.998980, 0.000100, 10.000000, 0.000100, 0.001020, 0.000100, 0.000000, 0.000010, 100000.000000, 10.198715, 0.001020, 0.000100, 10.000000, 0.000102, 293.150000, -0.496786, 0.000000, 293.150000, -4.967863, -0.496786, -0.496786, 298.117863, 0.100000, 0.001020, 0.000100, 0.001020, 0.000100, 0.000000, 0.000100, 298.117863, 10.000000, 293.150000, 10.000000, 0.000102, 10.000000, 0.000102, 0.000000, 0.000102, 10.000000, 298.117863, 298.117863, 25.000000, 24.967863, -0.496786, 0.011786, 0.000000, 0.000100, 0, 0
5.12, 0.000000, 298.019492, 0.000000, 0.000000, 0.000000, 16.000000, 0.000002, 0.000100, 0.000002, 0.000102, 29.801949, 0.001019, 298.019492, 0.500000, 0.000000, -0.000002, 0.004000, 298.019492, 4.166670, -0.486949, 298.019492, 0.000000, -0.486949, 10.000000, 0.000000, 0.000000, 0.100000, 0.000000, 298.000000, 0.000000, 0.000000, 298.019492, 0.000000, 0.000000, 298.150000, 2.000000, 100000.000000, 0.000100, 298.150000, 0.000102, 0.000000, 8.000000, 298.019492, 0.000100, 298.150000, 10.000000, 298.019492, 298.150000, 298.150000, 298.150000, 0.000002, 293.150000, 298.019492, 5000000.000000, 0.000000, 0.001019, 0.001019, 0.000000, 10.000000, 10.000000, 0.000002, 0.000002, 10.000000, 0.000002, 0.001019, 0.000000, 0.001019, 0.000000, 0.000000, 0.000000, 5000000.000000, 9.998981, 0.000100, 10.000000, 0.000100, 0.001019, 0.000100, 0.000000, 0.000010, 100000.000000, 10.194780, 0.001019, 0.000100, 10.000000, 0.000102, 293.150000, -0.486949, 0.000000, 293.150000, -4.869492, -0.486949, -0.486949, 298.019492, 0.100000, 0.001019, 0.000100, 0.001019, 0.000100, 0.000000, 0.000100, 298.019492, 10.000000, 293.150000, 10.000000, 0.000102, 10.000000, 0.000102, 0.000000, 0.000102, 10.000000, 298.019492, 298.019492, 25.000000, 24.869492, -0.486949, 0.001949, 0.000000, 0.000100, 0, 0
5.14, 0.000000, 297.923070, 0.000000, 0.000000, 0.000000, 16.000000, 0.000002, 0.000100, 0.000002, 0.000102, 29.792307, 0.001019, 297.923070, 0.500000, 0.000000, -0.000002, 0.004000, 297.923070, 4.166670, -0.477307, 297.923070, 0.000000, -0.477307, 10.000000, 0.000000, 0.000000, 0.100000, 0.000000, 298.000000, 0.000000, 0.000000, 297.923070, 0.000000, 0.000000, 298.150000, 2.000000, 100000.000000, 0.000100, 298.150000, 0.000102, 0.000000, 8.000000, 297.923070, 0.000100, 298.150000, 10.000000, 297.923070, 298.150000, 298.150000, 298.150000, 0.000002, 293.150000, 297.923070, 5000000.000000, 0.000000, 0.001019, 0.001019, 0.000000, 10.000000, 10.000000, 0.000002, 0.000002, 10.000000, 0.000002, 0.001019, 0.000000, 0.001019, 0.000000, 0.000000, 0.000000, 5000000.000000, 9.998981, 0.000100, 10.000000, 0.000100, 0.001019, 0.000100, 0.000000, 0.000010, 100000.000000, 10.190923, 0.001019, 0.000100, 10.000000, 0.000102, 293.150000, -0.477307, 0.000000, 293.150000, -4.773070, -0.477307, -0.477307, 297.923070, 0.100000, 0.001019, 0.000100, 0.001019, 0.000100, 0.000000, 0.000100, 297.923070, 10.000000, 293.150000, 10.000000, 0.000102, 10.000000, 0.000102, 0.000000, 0.000102, 10.000000, 297.923070, 297.923070, 25.000000, 24.773070, -0.477307, -0.007693, 0.000000, 0.000100, 0, 0
5.16, 0.000000, 297.828557, 0.000000, 0.000000, 0.000000, 16.000000, 0.000002, 0.000100, 0.000002, 0.000102, 29.782856, 0.001019, 297.828557, 0.500000, 0.000000, -0.000002, 0.004000, 297.828557, 4.166670, -0.467856, 297.828557, 0.000000, -0.467856, 10.000000, 0.000000, 0.000000, 0.100000, 0.000000, 298.000000, 0.000000, 0.000000, 297.828557, 0.000000, 0.000000, 298.150000, 2.000000, 100000.000000, 0.000100, 298.150000, 0.000102, 0.000000, 8.000000, 297.828557, 0.000100, 298.150000, 10.000000, 297.828557, 298.150000, 298.150000, 298.150000, 0.000002, 293.150000, 297.828557, 5000000.000000, 0.000000, 0.001019, 0.001019, 0.000000, 10.000000, 10.000000, 0.000002, 0.000002, 10.000000, 0.000002, 0.001019, 0.000000, 0.001019, 0.000000, 0.000000, 0.000000, 5000000.000000, 9.998981, 0.000100, 10.000000, 0.000100, 0.001019, 0.000100, 0.000000, 0.000010, 100000.000000, 10.187142, 0.001019, 0.000100, 10.000000, 0.000102, 293.150000, -0.467856, 0.000000, 293.150000, -4.678557, -0.467856, -0.467856, 297.828557, 0.100000, 0.001019, 0.000100, 0.001019, 0.000100, 0.000000, 0.000100, 297.828557, 10.000000, 293.150000, 10.000000, 0.000102, 10.000000, 0.000102, 0.000000, 0.000102, 10.000000, 297.828557, 297.828557, 25.000000, 24.678557, -0.467856, -0.017144, 0.000000, 0.000100, 0, 0
5.18, 0.000000, 297.735915, 0.000000, 0.000000, 0.000000, 16.000000, 0.000002, 0.000100, 0.000002, 0.000102, 29.773592, 0.001018, 297.735915, 0.500000, 0.000000, -0.000002, 0.004000, 297.735915, 4.166670, -0.458592, 297.735915, 0.000000, -0.458592, 10.000000, 0.000000, 0.000000, 0.100000, 0.000000, 298.000000, 0.000000, 0.000000, 297.735915, 0.000000, 0.000000, 298.150000, 2.000000, 100000.000000, 0.000100, 298.150000, 0.000102, 0.000000, 8.000000, 297.735915, 0.000100, 298.150000, 10.000000, 297.735915, 298.150000, 298.150000, 298.150000, 0.000002, 293.150000, 297.735915, 5000000.000000, 0.000000, 0.001018, 0.001018, 0.000000, 10.000000, 10.000000, 0.000002, 0.000002, 10.000000, 0.000002, 0.001018, 0.000000, 0.001018, 0.000000, 0.000000, 0.000000, 5000000.000000, 9.998982, 0.000100, 10.000000, 0.000100, 0.001018, 0.000100, 0.000000, 0.000010, 100000.000000, 10.183437, 0.001018, 0.000100, 10.000000, 0.000102, 293.150000, -0.458592, 0.000000, 293.150000, -4.585915, -0.458592, -0.458592, 297.735915, 0.100000, 0.001018, 0.000100, 0.001018, 0.000100, 0.000000, 0.000100, 297.735915, 10.000000, 293.150000, 10.000000, 0.000102, 10.000000, 0.000102, 0.000000, 0.000102, 10.000000, 297.735915, 297.735915, 25.000000, 24.585915, -0.458591, -0.026408, 0.000000, 0.000100, 0, 0
5.2, 0.000000, 297.645108, 0.000000, 0.000000, 0.000000, 16.000000, 0.000002, 0.000100, 0.000002, 0.000102, 29.764511, 0.001018, 297.645108, 0.500000, 0.000000, -0.000002, 0.004000, 297.645108, 4.166670, -0.449511, 297.645108, 0.000000, -0.449511, 10.000000, 0.000000, 0.000000, 0.100000, 0.000000, 298.000000, 0.000000, 0.000000, 297.645108, 0.000000, 0.000000, 298.150000, 2.000000, 100000.000000, 0.000100, 298.150000, 0.000102, 0.000000, 8.000000, 297.645108, 0.000100, 298.150000, 10.000000, 297.645108, 298.150000, 298.150000, 298.150000, 0.000002, 293.150000, 297.645108, 5000000.000000, 0.000000, 0.001018, 0.001018, 0.000000, 10.000000, 10.000000, 0.000002, 0.000002, 10.000000, 0.000002, 0.001018, 0.000000, 0.001018, 0.000000, 0.000000, 0.000000, 5000000.000000, 9.998982, 0.000100, 10.000000, 0.000100, 0.001018, 0.000100, 0.000000, 0.000010, 100000.000000, 10.179804, 0.001018, 0.000100, 10.000000, 0.000102, 293.150000, -0.449511, 0.000000, 293.150000, -4.495108, -0.449511, -0.449511, 297.645108, 0.100000, 0.001018, 0.000100, 0.001018, 0.000100, 0.000000, 0.000100, 297.645108, 10.000000, 293.150000, 10.000000, 0.000102, 10.000000, 0.000102, 0.000000, 0.000102, 10.000000, 297.645108, 297.645108, 25.000000, 24.495108, -0.449511, -0.035489, 0.000000, 0.000100, 0, 0
5.22, 0.000000, 297.556099, 0.000000, 0.000000, 0.000000, 16.000000, 0.000002, 0.000100, 0.000002, 0.000102, 29.755610, 0.001018, 297.556099, 0.500000, 0.000000, -0.000002, 0.004000, 297.556099, 4.166670, -0.440610, 297.556099, 0.000000, -0.440610, 10.000000, 0.000000, 0.000000, 0.100000, 0.000000, 298.000000, 0.000000, 0.000000, 297.556099, 0.000000, 0.000000, 298.150000, 2.000000, 100000.000000, 0.000100, 298.150000, 0.000102, 0.000000, 8.000000, 297.556099, 0.000100, 298.150000, 10.000000, 297.556099, 298.150000, 298.150000, 298.150000, 0.000002, 293.150000, 297.556099, 5000000.000000, 0.000000, 0.001018, 0.001018, 0.000000, 10.000000, 10.000000, 0.000002, 0.000002, 10.000000, 0.000002, 0.001018, 0.000000, 0.001018, 0.000000, 0.000000, 0.000000, 5000000.000000, 9.998982, 0.000100, 10.000000, 0.000100, 0.001018, 0.000100, 0.000000, 0.000010, 100000.000000, 10.176244, 0.001018, 0.000100, 10.000000, 0.000102, 293.150000, -0.440610, 0.000000, 293.150000, -4.406099, -0.440610, -0.440610, 297.556099, 0.100000, 0.001018, 0.000100, 0.001018, 0.000100, 0.000000, 0.000100, 297.556099, 10.000000, 293.150000, 10.000000, 0.000102, 10.000000, 0.000102, 0.000000, 0.000102, 10.000000, 297.556099, 297.556099, 25.000000, 24.406099, -0.440610, -0.044390, 0.000000, 0.000100, 0, 0
5.24, 0.000000, 297.468852, 0.000000, 0.000000, 0.000000, 16.000000, 0.000002, 0.000100, 0.000002, 0.000102, 29.746885, 0.001017, 297.468852, 0.500000, 0.000000, -0.000002, 0.004000, 297.468852, 4.166670, -0.431885, 297.468852, 0.000000, -0.431885, 10.000000, 0.000000, 0.000000, 0.100000, 0.000000, 298.000000, 0.000000, 0.000000, 297.468852, 0.000000, 0.000000, 298.150000, 2.000000, 100000.000000, 0.000100, 298.150000, 0.000102, 0.000000, 8.000000, 297.468852, 0.000100, 298.150000, 10.000000, 297.468852, 298.150000, 298.150000, 298.150000, 0.000002, 293.150000, 297.468852, 5000000.000000, 0.000000, 0.001017, 0.001017, 0.000000, 10.000000, 10.000000, 0.000002, 0.000002, 10.000000, 0.000002, 0.001017, 0.000000, 0.001017, 0.000000, 0.000000, 0.000000, 5000000.000000, 9.998983, 0.000100, 10.000000, 0.000100, 0.001017, 0.000100, 0.000000, 0.000010, 100000.000000, 10.172754, 0.001017, 0.000100, 10.000000, 0.000102, 293.150000, -0.431885, 0.000000, 293.150000, -4.318852, -0.431885, -0.431885, 297.468852, 0.100000, 0.001017, 0.000100, 0.001017, 0.000100, 0.000000, 0.000100, 297.468852, 10.000000, 293.150000, 10.000000, 0.000102, 10.000000, 0.000102, 0.000000, 0.000102, 10.000000, 297.468852, 297.468852, 25.000000, 24.318852, -0.431885, -0.053115, 0.000000, 0.000100, 0, 0
5.26, 0.000000, 297.383333, 0.000000, 0.000000, 0.000000, 16.000000, 0.000002, 0.000100, 0.000002, 0.000102, 29.738333, 0.001017, 297.383333, 0.500000, 0.000000, -0.000002, 0.004000, 297.383333, 4.166670, -0.423333, 297.383333, 0.000000, -0.423333, 10.000000, 0.000000, 0.000000, 0.100000, 0.000000, 298.000000, 0.000000, 0.000000, 297.383333, 0.000000, 0.000000, 298.150000, 2.000000, 100000.000000, 0.000100, 298.150000, 0.000102, 0.000000, 8.000000, 297.383333, 0.000100, 298.150000, 10.000000, 297.383333, 298.150000, 298.150000, 298.150000, 0.000002, 293.150000, 297.383333, 5000000.000000, 0.000000, 0.001017, 0.001017, 0.000000, 10.000000, 10.000000, 0.000002, 0.000002, 10.000000, 0.000002, 0.001017, 0.000000, 0.001017, 0.000000, 0.000000, 0.000000, 5000000.000000, 9.998983, 0.000100, 10.000000, 0.000100, 0.001017, 0.000100, 0.000000, 0.000010, 100000.000000, 10.169333, 0.001017, 0.000100, 10.000000, 0.000102, 293.150000, -0.423333, 0.000000, 293.150000, -4.233333, -0.423333, -0.423333, 297.383333, 0.100000, 0.001017, 0.000100, 0.001017, 0.000100, 0.000000, 0.000100, 297.383333, 10.000000, 293.150000, 10.000000, 0.000102, 10.000000, 0.000102, 0.000000, 0.000102, 10.000000, 297.383333, 297.383333, 25.000000, 24.233333, -0.423333, -0.061667, 0.000000, 0.000100, 0, 0
5.28, 0.000000, 297.299508, 0.000000, 0.000000, 0.000000, 16.000000, 0.000002, 0.000100, 0.000002, 0.000102, 29.729951, 0.001016, 297.299508, 0.500000, 0.000000, -0.000002, 0.004000, 297.299508, 4.166670, -0.414951, 297.299508, 0.000000, -0.414951, 10.000000, 0.000000, 0.000000, 0.100000, 0.000000, 298.000000, 0.000000, 0.000000, 297.299508, 0.000000, 0.000000, 298.150000, 2.000000, 100000.000000, 0.000100, 298.150000, 0.000102, 0.000000, 8.000000, 297.299508, 0.000100, 298.150000, 10.000000, 297.299508, 298.150000, 298.150000, 298.150000, 0.000002, 293.150000, 297.299508, 5000000.000000, 0.000000, 0.001016, 0.001016, 0.000000, 10.000000, 10.000000, 0.000002, 0.000002, 10.000000, 0.000002, 0.001016, 0.000000, 0.001016, 0.000000, 0.000000, 0.000000, 5000000.000000, 9.998984, 0.000100, 10.000000, 0.000100, 0.001016, 0.000100, 0.000000, 0.000010, 100000.000000, 10.165980, 0.001016, 0.000100, 10.000000, 0.000102, 293.150000, -0.414951, 0.000000, 293.150000, -4.149508, -0.414951, -0.414951, 297.299508, 0.100000, 0.001016, 0.000100, 0.001016, 0.000100, 0.000000, 0.000100, 297.299508, 10.000000, 293.150000, 10.000000, 0.000102, 10.000000, 0.000102, 0.000000, 0.000102, 10.000000, 297.299508, 297.299508, 25.000000, 24.149508, -0.414951, -0.070049, 0.000000, 0.000100, 0, 0
5.3, 0.000000, 297.217342, 0.000000, 0.000000, 0.000000, 16.000000, 0.000002, 0.000100, 0.000002, 0.000102, 29.721734, 0.001016, 297.217342, 0.500000, 0.000000, -0.000002, 0.004000, 297.217342, 4.166670, -0.406734, 297.217342, 0.000000, -0.406734, 10.000000, 0.000000, 0.000000, 0.100000, 0.000000, 298.000000, 0.000000, 0.000000, 297.217342, 0.000000, 0.000000, 298.150000, 2.000000, 100000.000000, 0.000100, 298.150000, 0.000102, 0.000000, 8.000000, 297.217342, 0.000100, 298.150000, 10.000000, 297.217342, 298.150000, 298.150000, 298.150000, 0.000002, 293.150000, 297.217342, 5000000.000000, 0.000000, 0.001016, 0.001016, 0.000000, 10.000000, 10.000000, 0.000002, 0.000002, 10.000000, 0.000002, 0.001016, 0.000000, 0.001016, 0.000000, 0.000000, 0.000000, 5000000.000000, 9.998984, 0.000100, 10.000000, 0.000100, 0.001016, 0.000100, 0.000000, 0.000010, 100000.000000, 10.162694, 0.001016, 0.000100, 10.000000, 0.000102, 293.150000, -0.406734, 0.000000, 293.150000, -4.067342, -0.406734, -0.406734, 297.217342, 0.100000, 0.001016, 0.000100, 0.001016, 0.000100, 0.000000, 0.000100, 297.217342, 10.000000, 293.150000, 10.000000, 0.000102, 10.000000, 0.000102, 0.000000, 0.000102, 10.000000, 297.217342, 297.217342, 25.000000, 24.067342, -0.406734, -0.078266, 0.000000, 0.000100, 0, 0
5.32, 0.000000, 297.460872, 0.000000, 0.000000, 0.000000, 16.000000, 0.000002, 0.983048, 0.000002, 0.983052, 29.746087, 9.999990, 297.460872, 0.500000, 0.000000, -0.000004, 0.004000, 297.460872, 4.166670, -0.431087, 297.460872, 0.000002, -0.431087, 10.000000, 0.000000, 9.830469, 0.100000, 0.000000, 298.000000, 0.000000, 1.000000, 297.460872, 1.000000, 0.000000, 298.150000, 2.000000, 100000.000000, 0.983048, 298.150000, 0.983052, 0.000000, 8.000000, 297.460872, 0.983050, 298.150000, 10.000000, 297.460872, 298.150000, 298.150000, 298.150000, 0.000002, 293.150000, 297.460872, 5000000.000000, 0.000002, 9.999990, 9.999990, 0.000002, 10.000000, 10.000000, 0.000002, 0.000002, 10.000000, 0.000002, 9.999990, 0.000002, 9.999990, 0.000002, 0.000000, 0.000002, 5000000.000000, 0.000010, 0.983050, 10.000000, 0.983050, 9.999990, 0.983050, 1.000000, 0.000010, 0.000010, 10.172435, 9.999990, 0.983048, 10.000000, 0.983052, 293.150000, -0.431087, 9.830469, 293.150000, -4.310872, -0.431087, -0.431087, 297.460872, 0.100000, 9.999990, 0.983048, 9.999990, 0.983048, 0.000000, 0.983048, 297.460872, 10.000000, 293.150000, 10.000000, 0.983052, 10.000000, 0.983052, 0.000000, 0.983052, 10.000000, 297.460872, 297.460872, 25.000000, 24.310872, 9.399382, -0.053913, 0.000000, 0.983050, 1, 1
5.34, 0.000000, 299.139391, 0.000000, 0.000000, 0.000000, 16.000000, 0.000002, 0.000100, 0.000002, 0.000102, 29.913939, 0.001024, 299.139391, 0.500000, 0.000000, -0.000002, 0.004000, 299.139391, 4.166670, -0.598939, 299.139391, 0.000000, -0.598939, 10.000000, 0.000000, 0.000000, 0.100000, 0.000000, 298.000000, 0.000000, 0.000000, 299.139391, 0.000000, 0.000000, 298.150000, 2.000000, 100000.000000, 0.000100, 298.150000, 0.000102, 0.000000, 8.000000, 299.139391, 0.000100, 298.150000, 10.000000, 299.139391, 298.150000, 298.150000, 298.150000, 0.000002, 293.150000, 299.139391, 5000000.000000, 0.000000, 0.001024, 0.001024, 0.000000, 10.000000, 10.000000, 0.000002, 0.000002, 10.000000, 0.000002, 0.001024, 0.000000, 0.001024, 0.000000, 0.000000, 0.000000, 5000000.000000, 9.998976, 0.000100, 10.000000, 0.000100, 0.001024, 0.000100, 0.000000, 0.000010, 100000.000000, 10.239576, 0.001024, 0.000100, 10.000000, 0.000102, 293.150000, -0.598939, 0.000000, 293.150000, -5.989391, -0.598939, -0.598939, 299.139391, 0.100000, 0.001024, 0.000100, 0.001024, 0.000100, 0.000000, 0.000100, 299.139391, 10.000000, 293.150000, 10.000000, 0.000102, 10.000000, 0.000102, 0.000000, 0.000102, 10.000000, 299.139391, 299.139391, 25.000000, 25.989391, -0.598939, 0.113939, 0.000000, 0.000100, 0, 0
5.36, 0.000000, 299.020793, 0.000000, 0.000000, 0.000000, 16.000000, 0.000002, 0.000100, 0.000002, 0.000102, 29.902079, 0.001023, 299.020793, 0.500000, 0.000000, -0.000002, 0.004000, 299.020793, 4.166670, -0.587079, 299.020793, 0.000000, -0.587079, 10.000000, 0.000000, 0.000000, 0.100000, 0.000000, 298.000000, 0.000000, 0.000000, 299.020793, 0.000000, 0.000000, 298.150000, 2.000000, 100000.000000, 0.000100, 298.150000, 0.000102, 0.000000, 8.000000, 299.020793, 0.000100, 298.150000, 10.000000, 299.020793, 298.150000, 298.150000, 298.150000, 0.000002, 293.150000, 299.020793, 5000000.000000, 0.000000, 0.001023, 0.001023, 0.000000, 10.000000, 10.000000, 0.000002, 0.000002, 10.000000, 0.000002, 0.001023, 0.000000, 0.001023, 0.000000, 0.000000, 0.000000, 5000000.000000, 9.998977, 0.000100, 10.000000, 0.000100, 0.001023, 0.000100, 0.000000, 0.000010, 100000.000000, 10.234832, 0.001023, 0.000100, 10.000000, 0.000102, 293.150000, -0.587079, 0.000000, 293.150000, -5.870793, -0.587079, -0.587079, 299.020793, 0.100000, 0.001023, 0.000100, 0.001023, 0.000100, 0.000000, 0.000100, 299.020793, 10.000000, 293.150000, 10.000000, 0.000102, 10.000000, 0.000102, 0.000000, 0.000102, 10.000000, 299.020793, 299.020793, 25.000000, 25.870793, -0.587079, 0.102079, 0.000000, 0.000100, 0, 0
5.38, 0.000000, 298.904543, 0.000000, 0.000000, 0.000000, 16.000000, 0.000002, 0.000100, 0.000002, 0.000102, 29.890454, 0.001023, 298.904543, 0.500000, 0.000000, -0.000002, 0.004000, 298.904543, 4.166670, -0.575454, 298.904543, 0.000000, -0.575454, 10.000000, 0.000000, 0.000000, 0.100000, 0.000000, 298.000000, 0.000000, 0.000000, 298.904543, 0.000000, 0.000000, 298.150000, 2.000000, 100000.000000, 0.000100, 298.150000, 0.000102, 0.000000, 8.000000, 298.904543, 0.000100, 298.150000, 10.000000, 298.904543, 298.150000, 298.150000, 298.150000, 0.000002, 293.150000, 298.904543, 5000000.000000, 0.000000, 0.001023, 0.001023, 0.000000, 10.000000, 10.000000, 0.000002, 0.000002, 10.000000, 0.000002, 0.001023, 0.000000, 0.001023, 0.000000, 0.000000, 0.000000, 5000000.000000, 9.998977, 0.000100, 10.000000, 0.000100, 0.001023, 0.000100, 0.000000, 0.000010, 100000.000000, 10.230182, 0.001023, 0.000100, 10.000000, 0.000102, 293.150000, -0.575454, 0.000000, 293.150000, -5.754543, -0.575454, -0.575454, 298.904543, 0.100000, 0.001023, 0.000100, 0.001023, 0.000100, 0.000000, 0.000100, 298.904543, 10.000000, 293.150000, 10.000000, 0.000102, 10.000000, 0.000102, 0.000000, 0.000102, 10.000000, 298.904543, 298.904543, 25.000000, 25.754543, -0.575454, 0.090454, 0.000000, 0.000100, 0, 0
5.4, 0.000000, 298.790596, 0.000000, 0.000000, 0.000000, 16.000000, 0.000002, 0.000100, 0.000002, 0.000102, 29.879060, 0.001022, 298.790596, 0.500000, 0.000000, -0.000002, 0.004000, 298.790596, 4.166670, -0.564060, 298.790596, 0.000000, -0.564060, 10.000000, 0.000000, 0.000000, 0.100000, 0.000000, 298.000000, 0.000000, 0.000000, 298.790596, 0.000000, 0.000000, 298.150000, 2.000000, 100000.000000, 0.000100, 298.150000, 0.000102, 0.000000, 8.000000, 298.790596, 0.000100, 298.150000, 10.000000, 298.790596, 298.150000, 298.150000, 298.150000, 0.000002, 293.150000, 298.790596, 5000000.000000, 0.000000, 0.001022, 0.001022, 0.000000, 10.000000, 10.000000, 0.000002, 0.000002, 10.000000, 0.000002, 0.001022, 0.000000, 0.001022, 0.000000, 0.000000, 0.000000, 5000000.000000, 9.998978, 0.000100, 10.000000, 0.000100, 0.001022, 0.000100, 0.000000, 0.000010, 100000.000000, 10.225624, 0.001022, 0.000100, 10.000000, 0.000102, 293.150000, -0.564060, 0.000000, 293.150000, -5.640596, -0.564060, -0.564060, 298.790596, 0.100000, 0.001022, 0.000100, 0.001022, 0.000100, 0.000000, 0.000100, 298.790596, 10.000000, 293.150000, 10.000000, 0.000102, 10.000000, 0.000102, 0.000000, 0.000102, 10.000000, 298.790596, 298.790596, 25.000000, 25.640596, -0.564059, 0.079060, 0.000000, 0.000100, 0, 0
5.42, 0.000000, 298.678904, 0.000000, 0.000000, 0.000000, 16.000000, 0.000002, 0.000100, 0.000002, 0.000102, 29.867890, 0.001022, 298.678904, 0.500000, 0.000000, -0.000002, 0.004000, 298.678904, 4.166670, -0.552890, 298.678904, 0.000000, -0.552890, 10.000000, 0.000000, 0.000000, 0.100000, 0.000000, 298.000000, 0.000000, 0.000000, 298.678904, 0.000000, 0.000000, 298.150000, 2.000000, 100000.000000, 0.000100, 298.150000, 0.000102, 0.000000, 8.000000, 298.678904, 0.000100, 298.150000, 10.000000, 298.678904, 298.150000, 298.150000, 298.150000, 0.000002, 293.150000, 298.678904, 5000000.000000, 0.000000, 0.001022, 0.001022, 0.000000, 10.000000, 10.000000, 0.000002, 0.000002, 10.000000, 0.000002, 0.001022, 0.000000, 0.001022, 0.000000, 0.000000, 0.000000, 5000000.000000, 9.998978, 0.000100, 10.000000, 0.000100, 0.001022, 0.000100, 0.000000, 0.000010, 100000.000000, 10.221156, 0.001022, 0.000100, 10.000000, 0.000102, 293.150000, -0.552890, 0.000000, 293.150000, -5.528904, -0.552890, -0.552890, 298.678904, 0.100000, 0.001022, 0.000100, 0.001022, 0.000100, 0.000000, 0.000100, 298.678904, 10.000000, 293.150000, 10.000000, 0.000102, 10.000000, 0.000102, 0.000000, 0.000102, 10.000000, 298.678904, 298.678904, 25.000000, 25.528904, -0.552890, 0.067890, 0.000000, 0.000100, 0, 0
5.44, 0.000000, 298.569425, 0.000000, 0.000000, 0.000000, 16.000000, 0.000002, 0.000100, 0.000002, 0.000102, 29.856942, 0.001022, 298.569425, 0.500000, 0.000000, -0.000002, 0.004000, 298.569425, 4.166670, -0.541942, 298.569425, 0.000000, -0.541942, 10.000000, 0.000000, 0.000000, 0.100000, 0.000000, 298.000000, 0.000000, 0.000000, 298.569425, 0.000000, 0.000000, 298.150000, 2.000000, 100000.000000, 0.000100, 298.150000, 0.000102, 0.000000, 8.000000, 298.569425, 0.000100, 298.150000, 10.000000, 298.569425, 298.150000, 298.150000, 298.150000, 0.000002, 293.150000, 298.569425, 5000000.000000, 0.000000, 0.001022, 0.001022, 0.000000, 10.000000, 10.000000, 0.000002, 0.000002, 10.000000, 0.000002, 0.001022, 0.000000, 0.001022, 0.000000, 0.000000, 0.000000, 5000000.000000, 9.998978, 0.000100, 10.000000, 0.000100, 0.001022, 0.000100, 0.000000, 0.000010, 100000.000000, 10.216777, 0.001022, 0.000100, 10.000000, 0.000102, 293.150000, -0.541942, 0.000000, 293.150000, -5.419425, -0.541942, -0.541942, 298.569425, 0.100000, 0.001022, 0.000100, 0.001022, 0.000100, 0.000000, 0.000100, 298.569425, 10.000000, 293.150000, 10.000000, 0.000102, 10.000000, 0.000102, 0.000000, 0.000102, 10.000000, 298.569425, 298.569425, 25.000000, 25.419425, -0.541942, 0.056942, 0.000000, 0.000100, 0, 0
5.46, 0.000000, 298.462113, 0.000000, 0.000000, 0.000000, 16.000000, 0.000002, 0.000100, 0.000002, 0.000102, 29.846211, 0.001021, 298.462113, 0.500000, 0.000000, -0.000002, 0.004000, 298.462113, 4.166670, -0.531211, 298.462113, 0.000000, -0.531211, 10.000000, 0.000000, 0.000000, 0.100000, 0.000000, 298.000000, 0.000000, 0.000000, 298.462113, 0.000000, 0.000000, 298.150000, 2.000000, 100000.000000, 0.000100, 298.150000, 0.000102, 0.000000, 8.000000, 298.462113, 0.000100, 298.150000, 10.000000, 298.462113, 298.150000, 298.150000, 298.150000, 0.000002, 293.150000, 298.462113, 5000000.000000, 0.000000, 0.001021, 0.001021, 0.000000, 10.000000, 10.000000, 0.000002, 0.000002, 10.000000, 0.000002, 0.001021, 0.000000, 0.001021, 0.000000, 0.000000, 0.000000, 5000000.000000, 9.998979, 0.000100, 10.000000, 0.000100, 0.001021, 0.000100, 0.000000, 0.000010, 100000.000000, 10.212485, 0.001021, 0.000100, 10.000000, 0.000102, 293.150000, -0.531211, 0.000000, 293.150000, -5.312113, -0.531211, -0.531211, 298.462113, 0.100000, 0.001021, 0.000100, 0.001021, 0.000100, 0.000000, 0.000100, 298.462113, 10.000000, 293.150000, 10.000000, 0.000102, 10.000000, 0.000102, 0.000000, 0.000102, 10.000000, 298.462113, 298.462113, 25.000000, 25.312113, -0.531211, 0.046211, 0.000000, 0.000100, 0, 0
5.48, 0.000000, 298.356926, 0.000000, 0.000000, 0.000000, 16.000000, 0.000002, 0.000100, 0.000002, 0.000102, 29.835693, 0.001021, 298.356926, 0.500000, 0.000000, -0.000002, 0.004000, 298.356926, 4.166670, -0.520693, 298.356926, 0.000000, -0.520693, 10.000000, 0.000000, 0.000000, 0.100000, 0.000000, 298.000000, 0.000000, 0.000000, 298.356926, 0.000000, 0.000000, 298.150000, 2.000000, 100000.000000, 0.000100, 298.150000, 0.000102, 0.000000, 8.000000, 298.356926, 0.000100, 298.150000, 10.000000, 298.356926, 298.150000, 298.150000, 298.150000, 0.000002, 293.150000, 298.356926, 5000000.000000, 0.000000, 0.001021, 0.001021, 0.000000, 10.000000, 10.000000, 0.000002, 0.000002, 10.000000, 0.000002, 0.001021, 0.000000, 0.001021, 0.000000, 0.000000, 0.000000, 5000000.000000, 9.998979, 0.000100, 10.000000, 0.000100, 0.001021, 0.000100, 0.000000, 0.000010, 100000.000000, 10.208277, 0.001021, 0.000100, 10.000000, 0.000102, 293.150000, -0.520693, 0.000000, 293.150000, -5.206926, -0.520693, -0.520693, 298.356926, 0.100000, 0.001021, 0.000100, 0.001021, 0.000100, 0.000000, 0.000100, 298.356926, 10.000000, 293.150000, 10.000000, 0.000102, 10.000000, 0.000102, 0.000000, 0.000102, 10.000000, 298.356926, 298.356926, 25.000000, 25.206926, -0.520693, 0.035693, 0.000000, 0.000100, 0, 0
5.5, 0.000000, 298.253822, 0.000000, 0.000000, 0.000000, 16.000000, 0.000002, 0.000100, 0.000002, 0.000102, 29.825382, 0.001020, 298.253822, 0.500000, 0.000000, -0.000002, 0.004000, 298.253822, 4.166670, -0.510382, 298.253822, 0.000000, -0.510382, 10.000000, 0.000000, 0.000000, 0.100000, 0.000000, 298.000000, 0.000000, 0.000000, 298.253822, 0.000000, 0.000000, 298.150000, 2.000000, 100000.000000, 0.000100, 298.150000, 0.000102, 0.000000, 8.000000, 298.253822, 0.000100, 298.150000, 10.000000, 298.253822, 298.150000, 298.150000, 298.150000, 0.000002, 293.150000, 298.253822, 5000000.000000, 0.000000, 0.001020, 0.001020, 0.000000, 10.000000, 10.000000, 0.000002, 0.000002, 10.000000, 0.000002, 0.001020, 0.000000, 0.001020, 0.000000, 0.000000, 0.000000, 5000000.000000, 9.998980, 0.000100, 10.000000, 0.000100, 0.001020, 0.000100, 0.000000, 0.000010, 100000.000000, 10.204153, 0.001020, 0.000100, 10.000000, 0.000102, 293.150000, -0.510382, 0.000000, 293.150000, -5.103822, -0.510382, -0.510382, 298.253822, 0.100000, 0.001020, 0.000100, 0.001020, 0.000100, 0.000000, 0.000100, 298.253822, 10.000000, 293.150000, 10.000000, 0.000102, 10.000000, 0.000102, 0.000000, 0.000102, 10.000000, 298.253822, 298.253822, 25.000000, 25.103822, -0.510382, 0.025382, 0.000000, 0.000100, 0, 0
5.52, 0.000000, 298.152760, 0.000000, 0.000000, 0.000000, 16.000000, 0.000002, 0.000100, 0.000002, 0.000102, 29.815276, 0.001020, 298.152760, 0.500000, 0.000000, -0.000002, 0.004000, 298.152760, 4.166670, -0.500276, 298.152760, 0.000000, -0.500276, 10.000000, 0.000000, 0.000000, 0.100000, 0.000000, 298.000000, 0.000000, 0.000000, 298.152760, 0.000000, 0.000000, 298.150000, 2.000000, 100000.000000, 0.000100, 298.150000, 0.000102, 0.000000, 8.000000, 298.152760, 0.000100, 298.150000, 10.000000, 298.152760, 298.150000, 298.150000, 298.150000, 0.000002, 293.150000, 298.152760, 5000000.000000, 0.000000, 0.001020, 0.001020, 0.000000, 10.000000, 10.000000, 0.000002, 0.000002, 10.000000, 0.000002, 0.001020, 0.000000, 0.001020, 0.000000, 0.000000, 0.000000, 5000000.000000, 9.998980, 0.000100, 10.000000, 0.000100, 0.001020, 0.000100, 0.000000, 0.000010, 100000.000000, 10.200110, 0.001020, 0.000100, 10.000000, 0.000102, 293.150000, -0.500276, 0.000000, 293.150000, -5.002760, -0.500276, -0.500276, 298.152760, 0.100000, 0.001020, 0.000100, 0.001020, 0.000100, 0.000000, 0.000100, 298.152760, 10.000000, 293.150000, 10.000000, 0.000102, 10.000000, 0.000102, 0.000000, 0.000102, 10.000000, 298.152760, 298.152760, 25.000000, 25.002760, -0.500276, 0.015276, 0.000000, 0.000100, 0, 0
5.54, 0.000000, 298.053698, 0.000000, 0.000000, 0.000000, 16.000000, 0.000002, 0.000100, 0.000002, 0.000102, 29.805370, 0.001020, 298.053698, 0.500000, 0.000000, -0.000002, 0.004000, 298.053698, 4.166670, -0.490370, 298.053698, 0.000000, -0.490370, 10.000000, 0.000000, 0.000000, 0.100000, 0.000000, 298.000000, 0.000000, 0.000000, 298.053698, 0.000000, 0.000000, 298.150000, 2.000000, 100000.000000, 0.000100, 298.150000, 0.000102, 0.000000, 8.000000, 298.053698, 0.000100, 298.150000, 10.000000, 298.053698, 298.150000, 298.150000, 298.150000, 0.000002, 293.150000, 298.053698, 5000000.000000, 0.000000, 0.001020, 0.001020, 0.000000, 10.000000, 10.000000, 0.000002, 0.000002, 10.000000, 0.000002, 0.001020, 0.000000, 0.001020, 0.000000, 0.000000, 0.000000, 5000000.000000, 9.998980, 0.000100, 10.000000, 0.000100, 0.001020, 0.000100, 0.000000, 0.000010, 100000.000000, 10.196148, 0.001020, 0.000100, 10.000000, 0.000102, 293.150000, -0.490370, 0.000000, 293.150000, -4.903698, -0.490370, -0.490370, 298.053698, 0.100000, 0.001020, 0.000100, 0.001020, 0.000100, 0.000000, 0.000100, 298.053698, 10.000000, 293.150000, 10.000000, 0.000102, 10.000000, 0.000102, 0.000000, 0.000102, 10.000000, 298.053698, 298.053698, 25.000000, 24.903698, -0.490370, 0.005370, 0.000000, 0.000100, 0, 0
5.56, 0.000000, 297.956599, 0.000000, 0.000000, 0.000000, 16.000000, 0.000002, 0.000100, 0.000002, 0.000102, 29.795660, 0.001019, 297.956599, 0.500000, 0.000000, -0.000002, 0.004000, 297.956599, 4.166670, -0.480660, 297.956599, 0.000000, -0.480660, 10.000000, 0.000000, 0.000000, 0.100000, 0.000000, 298.000000, 0.000000, 0.000000, 297.956599, 0.000000, 0.000000, 298.150000, 2.000000, 100000.000000, 0.000100, 298.150000, 0.000102, 0.000000, 8.000000, 297.956599, 0.000100, 298.150000, 10.000000, 297.956599, 298.150000, 298.150000, 298.150000, 0.000002, 293.150000, 297.956599, 5000000.000000, 0.000000, 0.001019, 0.001019, 0.000000, 10.000000, 10.000000, 0.000002, 0.000002, 10.000000, 0.000002, 0.001019, 0.000000, 0.001019, 0.000000, 0.000000, 0.000000, 5000000.000000, 9.998981, 0.000100, 10.000000, 0.000100, 0.001019, 0.000100, 0.000000, 0.000010, 100000.000000, 10.192264, 0.001019, 0.000100, 10.000000, 0.000102, 293.150000, -0.480660, 0.000000, 293.150000, -4.806599, -0.480660, -0.480660, 297.956599, 0.100000, 0.001019, 0.000100, 0.001019, 0.000100, 0.000000, 0.000100, 297.956599, 10.000000, 293.150000, 10.000000, 0.000102, 10.000000, 0.000102, 0.000000, 0.000102, 10.000000, 297.956599, 297.956599, 25.000000, 24.806599, -0.480660, -0.004340, 0.000000, 0.000100, 0, 0
5.58, 0.000000, 297.861422, 0.000000, 0.000000, 0.000000, 16.000000, 0.000002, 0.000100, 0.000002, 0.000102, 29.786142, 0.001019, 297.861422, 0.500000, 0.000000, -0.000002, 0.004000, 297.861422, 4.166670, -0.471142, 297.861422, 0.000000, -0.471142, 10.000000, 0.000000, 0.000000, 0.100000, 0.000000, 298.000000, 0.000000, 0.000000, 297.861422, 0.000000, 0.000000, 298.150000, 2.000000, 100000.000000, 0.000100, 298.150000, 0.000102, 0.000000, 8.000000, 297.861422, 0.000100, 298.150000, 10.000000, 297.861422, 298.150000, 298.150000, 298.150000, 0.000002, 293.150000, 297.861422, 5000000.000000, 0.000000, 0.001019, 0.001019, 0.000000, 10.000000, 10.000000, 0.000002, 0.000002, 10.000000, 0.000002, 0.001019, 0.000000, 0.001019, 0.000000, 0.000000, 0.000000, 5000000.000000, 9.998981, 0.000100, 10.000000, 0.000100, 0.001019, 0.000100, 0.000000, 0.000010, 100000.000000, 10.188457, 0.001019, 0.000100, 10.000000, 0.000102, 293.150000, -0.471142, 0.000000, 293.150000, -4.711422, -0.471142, -0.471142, 297.861422, 0.100000, 0.001019, 0.000100, 0.001019, 0.000100, 0.000000, 0.000100, 297.861422, 10.000000, 293.150000, 10.000000, 0.000102, 10.000000, 0.000102, 0.000000, 0.000102, 10.000000, 297.861422, 297.861422, 25.000000, 24.711422, -0.471142, -0.013858, 0.000000, 0.000100, 0, 0
5.6, 0.000000, 297.768129, 0.000000, 0.000000, 0.000000, 16.000000, 0.000002, 0.000100, 0.000002, 0.000102, 29.776813, 0.001018, 297.768129, 0.500000, 0.000000, -0.000002, 0.004000, 297.768129, 4.166670, -0.461813, 297.768129, 0.000000, -0.461813, 10.000000, 0.000000, 0.000000, 0.100000, 0.000000, 298.000000, 0.000000, 0.000000, 297.768129, 0.000000, 0.000000, 298.150000, 2.000000, 100000.000000, 0.000100, 298.150000, 0.000102, 0.000000, 8.000000, 297.768129, 0.000100, 298.150000, 10.000000, 297.768129, 298.150000, 298.150000, 298.150000, 0.000002, 293.150000, 297.768129, 5000000.000000, 0.000000, 0.001018, 0.001018, 0.000000, 10.000000, 10.000000, 0.000002, 0.000002, 10.000000, 0.000002, 0.001018, 0.000000, 0.001018, 0.000000, 0.000000, 0.000000, 5000000.000000, 9.998982, 0.000100, 10.000000, 0.000100, 0.001018, 0.000100, 0.000000, 0.000010, 100000.000000, 10.184725, 0.001018, 0.000100, 10.000000, 0.000102, 293.150000, -0.461813, 0.000000, 293.150000, -4.618129, -0.461813, -0.461813, 297.768129, 0.100000, 0.001018, 0.000100, 0.001018, 0.000100, 0.000000, 0.000100, 297.768129, 10.000000, 293.150000, 10.000000, 0.000102, 10.000000, 0.000102, 0.000000, 0.000102, 10.000000, 297.768129, 297.768129, 25.000000, 24.618129, -0.461813, -0.023187, 0.000000, 0.000100, 0, 0
5.62, 0.000000, 297.676684, 0.000000, 0.000000, 0.000000, 16.000000, 0.000002, 0.000100, 0.000002, 0.000102, 29.767668, 0.001018, 297.676684, 0.500000, 0.000000, -0.000002, 0.004000, 297.676684, 4.166670, -0.452668, 297.676684, 0.000000, -0.452668, 10.000000, 0.000000, 0.000000, 0.100000, 0.000000, 298.000000, 0.000000, 0.000000, 297.676684, 0.000000, 0.000000, 298.150000, 2.000000, 100000.000000, 0.000100, 298.150000, 0.000102, 0.000000, 8.000000, 297.676684, 0.000100, 298.150000, 10.000000, 297.676684, 298.150000, 298.150000, 298.150000, 0.000002, 293.150000, 297.676684, 5000000.000000, 0.000000, 0.001018, 0.001018, 0.000000, 10.000000, 10.000000, 0.000002, 0.000002, 10.000000, 0.000002, 0.001018, 0.000000, 0.001018, 0.000000, 0.000000, 0.000000, 5000000.000000, 9.998982, 0.000100, 10.000000, 0.000100, 0.001018, 0.000100, 0.000000, 0.000010, 100000.000000, 10.181067, 0.001018, 0.000100, 10.000000, 0.000102, 293.150000, -0.452668, 0.000000, 293.150000, -4.526684, -0.452668, -0.452668, 297.676684, 0.100000, 0.001018, 0.000100, 0.001018, 0.000100, 0.000000, 0.000100, 297.676684, 10.000000, 293.150000, 10.000000, 0.000102, 10.000000, 0.000102, 0.000000, 0.000102, 10.000000, 297.676684, 297.676684, 25.000000, 24.526684, -0.452668, -0.032332, 0.000000, 0.000100, 0, 0
5.64, 0.000000, 297.587050, 0.000000, 0.000000, 0.000000, 16.000000, 0.000002, 0.000100, 0.000002, 0.000102, 29.758705, 0.001018, 297.587050, 0.500000, 0.000000, -0.000002, 0.004000, 297.587050, 4.166670, -0.443705, 297.587050, 0.000000, -0.443705, 10.000000, 0.000000, 0.000000, 0.100000, 0.000000, 298.000000, 0.000000, 0.000000, 297.587050, 0.000000, 0.000000, 298.150000, 2.000000, 100000.000000, 0.000100, 298.150000, 0.000102, 0.000000, 8.000000, 297.587050, 0.000100, 298.150000, 10.000000, 297.587050, 298.150000, 298.150000, 298.150000, 0.000002, 293.150000, 297.587050, 5000000.000000, 0.000000, 0.001018, 0.001018, 0.000000, 10.000000, 10.000000, 0.000002, 0.000002, 10.000000, 0.000002, 0.001018, 0.000000, 0.001018, 0.000000, 0.000000, 0.000000, 5000000.000000, 9.998982, 0.000100, 10.000000, 0.000100, 0.001018, 0.000100, 0.000000, 0.000010, 100000.000000, 10.177482, 0.001018, 0.000100, 10.000000, 0.000102, 293.150000, -0.443705, 0.000000, 293.150000, -4.437050, -0.443705, -0.443705, 297.587050, 0.100000, 0.001018, 0.000100, 0.001018, 0.000100, 0.000000, 0.000100, 297.587050, 10.000000, 293.150000, 10.000000, 0.000102, 10.000000, 0.000102, 0.000000, 0.000102, 10.000000, 297.587050, 297.587050, 25.000000, 24.437050, -0.443705, -0.041295, 0.000000, 0.000100, 0, 0
5.66, 0.000000, 297.499190, 0.000000, 0.000000, 0.000000, 16.000000, 0.000002, 0.000100, 0.000002, 0.000102, 29.749919, 0.001017, 297.499190, 0.500000, 0.000000, -0.000002, 0.004000, 297.499190, 4.166670, -0.434919, 297.499190, 0.000000, -0.434919, 10.000000, 0.000000, 0.000000, 0.100000, 0.000000, 298.000000, 0.000000, 0.000000, 297.499190, 0.000000, 0.000000, 298.150000, 2.000000, 100000.000000, 0.000100, 298.150000, 0.000102, 0.000000, 8.000000, 297.499190, 0.000100, 298.150000, 10.000000, 297.499190, 298.150000, 298.150000, 298.150000, 0.000002, 293.150000, 297.499190, 5000000.000000, 0.000000, 0.001017, 0.001017, 0.000000, 10.000000, 10.000000, 0.000002, 0.000002, 10.000000, 0.000002, 0.001017, 0.000000, 0.001017, 0.000000, 0.000000, 0.000000, 5000000.000000, 9.998983, 0.000100, 10.000000, 0.000100, 0.001017, 0.000100, 0.000000, 0.000010, 100000.000000, 10.173968, 0.001017, 0.000100, 10.000000, 0.000102, 293.150000, -0.434919, 0.000000, 293.150000, -4.349190, -0.434919, -0.434919, 297.499190, 0.100000, 0.001017, 0.000100, 0.001017, 0.000100, 0.000000, 0.000100, 297.499190, 10.000000, 293.150000, 10.000000, 0.000102, 10.000000, 0.000102, 0.000000, 0.000102, 10.000000, 297.499190, 297.499190, 25.000000, 24.349190, -0.434919, -0.050081, 0.000000, 0.000100, 0, 0
5.68, 0.000000, 297.413071, 0.000000, 0.000000, 0.000000, 16.000000, 0.000002, 0.000100, 0.000002, 0.000102, 29.741307, 0.001017, 297.413071, 0.500000, 0.000000, -0.000002, 0.004000, 297.413071, 4.166670, -0.426307, 297.413071, 0.000000, -0.426307, 10.000000, 0.000000, 0.000000, 0.100000, 0.000000, 298.000000, 0.000000, 0.000000, 297.413071, 0.000000, 0.000000, 298.150000, 2.000000, 100000.000000, 0.000100, 298.150000, 0.000102, 0.000000, 8.000000, 297.413071, 0.000100, 298.150000, 10.000000, 297.413071, 298.150000, 298.150000, 298.150000, 0.000002, 293.150000, 297.413071, 5000000.000000, 0.000000, 0.001017, 0.001017, 0.000000, 10.000000, 10.000000, 0.000002, 0.000002, 10.000000, 0.000002, 0.001017, 0.000000, 0.001017, 0.000000, 0.000000, 0.000000, 5000000.000000, 9.998983, 0.000100, 10.000000, 0.000100, 0.001017, 0.000100, 0.000000, 0.000010, 100000.000000, 10.170523, 0.001017, 0.000100, 10.000000, 0.000102, 293.150000, -0.426307, 0.000000, 293.150000, -4.263071, -0.426307, -0.426307, 297.413071, 0.100000, 0.001017, 0.000100, 0.001017, 0.000100, 0.000000, 0.000100, 297.413071, 10.000000, 293.150000, 10.000000, 0.000102, 10.000000, 0.000102, 0.000000, 0.000102, 10.000000, 297.413071, 297.413071, 25.000000, 24.263071, -0.426307, -0.058693, 0.000000, 0.000100, 0, 0
5.7, 0.000000, 297.328656, 0.000000, 0.000000, 0.000000, 16.000000, 0.000002, 0.000100, 0.000002, 0.000102, 29.732866, 0.001017, 297.328656, 0.500000, 0.000000, -0.000002, 0.004000, 297.328656, 4.166670, -0.417866, 297.328656, 0.000000, -0.417866, 10.000000, 0.000000, 0.000000, 0.100000, 0.000000, 298.000000, 0.000000, 0.000000, 297.328656, 0.000000, 0.000000, 298.150000, 2.000000, 100000.000000, 0.000100, 298.150000, 0.000102, 0.000000, 8.000000, 297.328656, 0.000100, 298.150000, 10.000000, 297.328656, 298.150000, 298.150000, 298.150000, 0.000002, 293.150000, 297.328656, 5000000.000000, 0.000000, 0.001017, 0.001017, 0.000000, 10.000000, 10.000000, 0.000002, 0.000002, 10.000000, 0.000002, 0.001017, 0.000000, 0.001017, 0.000000, 0.000000, 0.000000, 5000000.000000, 9.998983, 0.000100, 10.000000, 0.000100, 0.001017, 0.000100, 0.000000, 0.000010, 100000.000000, 10.167146, 0.001017, 0.000100, 10.000000, 0.000102, 293.150000, -0.417866, 0.000000, 293.150000, -4.178656, -0.417866, -0.417866, 297.328656, 0.100000, 0.001017, 0.000100, 0.001017, 0.000100, 0.000000, 0.000100, 297.328656, 10.000000, 293.150000, 10.000000, 0.000102, 10.000000, 0.000102, 0.000000, 0.000102, 10.000000, 297.328656, 297.328656, 25.000000, 24.178656, -0.417866, -0.067134, 0.000000, 0.000100, 0, 0
5.72, 0.000000, 297.245913, 0.000000, 0.000000, 0.000000, 16.000000, 0.000002, 0.000100, 0.000002, 0.000102, 29.724591, 0.001016, 297.245913, 0.500000, 0.000000, -0.000002, 0.004000, 297.245913, 4.166670, -0.409591, 297.245913, 0.000000, -0.409591, 10.000000, 0.000000, 0.000000, 0.100000, 0.000000, 298.000000, 0.000000, 0.000000, 297.245913, 0.000000, 0.000000, 298.150000, 2.000000, 100000.000000, 0.000100, 298.150000, 0.000102, 0.000000, 8.000000, 297.245913, 0.000100, 298.150000, 10.000000, 297.245913, 298.150000, 298.150000, 298.150000, 0.000002, 293.150000, 297.245913, 5000000.000000, 0.000000, 0.001016, 0.001016, 0.000000, 10.000000, 10.000000, 0.000002, 0.000002, 10.000000, 0.000002, 0.001016, 0.000000, 0.001016, 0.000000, 0.000000, 0.000000, 5000000.000000, 9.998984, 0.000100, 10.000000, 0.000100, 0.001016, 0.000100, 0.000000, 0.000010, 100000.000000, 10.163837, 0.001016, 0.000100, 10.000000, 0.000102, 293.150000, -0.409591, 0.000000, 293.150000, -4.095913, -0.409591, -0.409591, 297.245913, 0.100000, 0.001016, 0.000100, 0.001016, 0.000100, 0.000000, 0.000100, 297.245913, 10.000000, 293.150000, 10.000000, 0.000102, 10.000000, 0.000102, 0.000000, 0.000102, 10.000000, 297.245913, 297.245913, 25.000000, 24.095913, -0.409591, -0.075409, 0.000000, 0.000100, 0, 0
5.74, 0.000000, 297.164809, 0.000000, 0.000000, 0.000000, 16.000000, 0.000002, 0.000100, 0.000002, 0.000102, 29.716481, 0.001016, 297.164809, 0.500000, 0.000000, -0.000002, 0.004000, 297.164809, 4.166670, -0.401481, 297.164809, 0.000000, -0.401481, 10.000000, 0.000000, 0.000000, 0.100000, 0.000000, 298.000000, 0.000000, 0.000000, 297.164809, 0.000000, 0.000000, 298.150000, 2.000000, 100000.000000, 0.000100, 298.150000, 0.000102, 0.000000, 8.000000, 297.164809, 0.000100, 298.150000, 10.000000, 297.164809, 298.150000, 298.150000, 298.150000, 0.000002, 293.150000, 297.164809, 5000000.000000, 0.000000, 0.001016, 0.001016, 0.000000, 10.000000, 10.000000, 0.000002, 0.000002, 10.000000, 0.000002, 0.001016, 0.000000, 0.001016, 0.000000, 0.000000, 0.000000, 5000000.000000, 9.998984, 0.000100, 10.000000, 0.000100, 0.001016, 0.000100, 0.000000, 0.000010, 100000.000000, 10.160592, 0.001016, 0.000100, 10.000000, 0.000102, 293.150000, -0.401481, 0.000000, 293.150000, -4.014809, -0.401481, -0.401481, 297.164809, 0.100000, 0.001016, 0.000100, 0.001016, 0.000100, 0.000000, 0.000100, 297.164809, 10.000000, 293.150000, 10.000000, 0.000102, 10.000000, 0.000102, 0.000000, 0.000102, 10.000000, 297.164809, 297.164809, 25.000000, 24.014809, -0.401481, -0.083519, 0.000000, 0.000100, 0, 0
5.76, 0.000000, 298.671854, 0.000000, 0.000000, 0.000000, 16.000000, 0.000002, 0.978389, 0.000002, 0.978393, 29.867185, 9.999990, 298.671854, 0.500000, 0.000000, -0.000004, 0.004000, 298.671854, 4.166670, -0.552185, 298.671854, 0.000002, -0.552185, 10.000000, 0.000000, 9.783880, 0.100000, 0.000000, 298.000000, 0.000000, 1.000000, 298.671854, 1.000000, 0.000000, 298.150000, 2.000000, 100000.000000, 0.978389, 298.150000, 0.978393, 0.000000, 8.000000, 298.671854, 0.978391, 298.150000, 10.000000, 298.671854, 298.150000, 298.150000, 298.150000, 0.000002, 293.150000, 298.671854, 5000000.000000, 0.000002, 9.999990, 9.999990, 0.000002, 10.000000, 10.000000, 0.000002, 0.000002, 10.000000, 0.000002, 9.999990, 0.000002, 9.999990, 0.000002, 0.000000, 0.000002, 5000000.000000, 0.000010, 0.978391, 10.000000, 0.978391, 9.999990, 0.978391, 1.000000, 0.000010, 0.000010, 10.220874, 9.999990, 0.978389, 10.000000, 0.978393, 293.150000, -0.552185, 9.783880, 293.150000, -5.521854, -0.552185, -0.552185, 298.671854, 0.100000, 9.999990, 0.978389, 9.999990, 0.978389, 0.000000, 0.978389, 298.671854, 10.000000, 293.150000, 10.000000, 0.978393, 10.000000, 0.978393, 0.000000, 0.978393, 10.000000, 298.671854, 298.671854, 25.000000, 25.521854, 9.231694, 0.067185, 0.000000, 0.978391, 1, 1
5.78, 0.000000, 299.062033, 0.000000, 0.000000, 0.000000, 16.000000, 0.000002, 0.000100, 0.000002, 0.000102, 29.906203, 0.001024, 299.062033, 0.500000, 0.000000, -0.000002, 0.004000, 299.062033, 4.166670, -0.591203, 299.062033, 0.000000, -0.591203, 10.000000, 0.000000, 0.000000, 0.100000, 0.000000, 298.000000, 0.000000, 0.000000, 299.062033, 0.000000, 0.000000, 298.150000, 2.000000, 100000.000000, 0.000100, 298.150000, 0.000102, 0.000000, 8.000000, 299.062033, 0.000100, 298.150000, 10.000000, 299.062033, 298.150000, 298.150000, 298.150000, 0.000002, 293.150000, 299.062033, 5000000.000000, 0.000000, 0.001024, 0.001024, 0.000000, 10.000000, 10.000000, 0.000002, 0.000002, 10.000000, 0.000002, 0.001024, 0.000000, 0.001024, 0.000000, 0.000000, 0.000000, 5000000.000000, 9.998976, 0.000100, 10.000000, 0.000100, 0.001024, 0.000100, 0.000000, 0.000010, 100000.000000, 10.236481, 0.001024, 0.000100, 10.000000, 0.000102, 293.150000, -0.591203, 0.000000, 293.150000, -5.912033, -0.591203, -0.591203, 299.062033, 0.100000, 0.001024, 0.000100, 0.001024, 0.000100, 0.000000, 0.000100, 299.062033, 10.000000, 293.150000, 10.000000, 0.000102, 10.000000, 0.000102, 0.000000, 0.000102, 10.000000, 299.062033, 299.062033, 25.000000, 25.912033, -0.591203, 0.106203, 0.000000, 0.000100, 0, 0
5.8, 0.000000, 298.944966, 0.000000, 0.000000, 0.000000, 16.000000, 0.000002, 0.000100, 0.000002, 0.000102, 29.894497, 0.001023, 298.944966, 0.500000, 0.000000, -0.000002, 0.004000, 298.944966, 4.166670, -0.579497, 298.944966, 0.000000, -0.579497, 10.000000, 0.000000, 0.000000, 0.100000, 0.000000, 298.000000, 0.000000, 0.000000, 298.944966, 0.000000, 0.000000, 298.150000, 2.000000, 100000.000000, 0.000100, 298.150000, 0.000102, 0.000000, 8.000000, 298.944966, 0.000100, 298.150000, 10.000000, 298.944966, 298.150000, 298.150000, 298.150000, 0.000002, 293.150000, 298.944966, 5000000.000000, 0.000000, 0.001023, 0.001023, 0.000000, 10.000000, 10.000000, 0.000002, 0.000002, 10.000000, 0.000002, 0.001023, 0.000000, 0.001023, 0.000000, 0.000000, 0.000000, 5000000.000000, 9.998977, 0.000100, 10.000000, 0.000100, 0.001023, 0.000100, 0.000000, 0.000010, 100000.000000, 10.231799, 0.001023, 0.000100, 10.000000, 0.000102, 293.150000, -0.579497, 0.000000, 293.150000, -5.794966, -0.579497, -0.579497, 298.944966, 0.100000, 0.001023, 0.000100, 0.001023, 0.000100, 0.000000, 0.000100, 298.944966, 10.000000, 293.150000, 10.000000, 0.000102, 10.000000, 0.000102, 0.000000, 0.000102, 10.000000, 298.944966, 298.944966, 25.000000, 25.794966, -0.579497, 0.094497, 0.000000, 0.000100, 0, 0
5.82, 0.000000, 298.830218, 0.000000, 0.000000, 0.000000, 16.000000, 0.000002, 0.000100, 0.000002, 0.000102, 29.883022, 0.001023, 298.830218, 0.500000, 0.000000, -0.000002, 0.004000, 298.830218, 4.166670, -0.568022, 298.830218, 0.000000, -0.568022, 10.000000, 0.000000, 0.000000, 0.100000, 0.000000, 298.000000, 0.000000, 0.000000, 298.830218, 0.000000, 0.000000, 298.150000, 2.000000, 100000.000000, 0.000100, 298.150000, 0.000102, 0.000000, 8.000000, 298.830218, 0.000100, 298.150000, 10.000000, 298.830218, 298.150000, 298.150000, 298.150000, 0.000002, 293.150000, 298.830218, 5000000.000000, 0.000000, 0.001023, 0.001023, 0.000000, 10.000000, 10.000000, 0.000002, 0.000002, 10.000000, 0.000002, 0.001023, 0.000000, 0.001023, 0.000000, 0.000000, 0.000000, 5000000.000000, 9.998977, 0.000100, 10.000000, 0.000100, 0.001023, 0.000100, 0.000000, 0.000010, 100000.000000, 10.227209, 0.001023, 0.000100, 10.000000, 0.000102, 293.150000, -0.568022, 0.000000, 293.150000, -5.680218, -0.568022, -0.568022, 298.830218, 0.100000, 0.001023, 0.000100, 0.001023, 0.000100, 0.000000, 0.000100, 298.830218, 10.000000, 293.150000, 10.000000, 0.000102, 10.000000, 0.000102, 0.000000, 0.000102, 10.000000, 298.830218, 298.830218, 25.000000, 25.680218, -0.568022, 0.083022, 0.000000, 0.000100, 0, 0
5.84, 0.000000, 298.717743, 0.000000, 0.000000, 0.000000, 16.000000, 0.000002, 0.000100, 0.000002, 0.000102, 29.871774, 0.001022, 298.717743, 0.500000, 0.000000, -0.000002, 0.004000, 298.717743, 4.166670, -0.556774, 298.717743, 0.000000, -0.556774, 10.000000, 0.000000, 0.000000, 0.100000, 0.000000, 298.000000, 0.000000, 0.000000, 298.717743, 0.000000, 0.000000, 298.150000, 2.000000, 100000.000000, 0.000100, 298.150000, 0.000102, 0.000000, 8.000000, 298.717743, 0.000100, 298.150000, 10.000000, 298.717743, 298.150000, 298.150000, 298.150000, 0.000002, 293.150000, 298.717743, 5000000.000000, 0.000000, 0.001022, 0.001022, 0.000000, 10.000000, 10.000000, 0.000002, 0.000002, 10.000000, 0.000002, 0.001022, 0.000000, 0.001022, 0.000000, 0.000000, 0.000000, 5000000.000000, 9.998978, 0.000100, 10.000000, 0.000100, 0.001022, 0.000100, 0.000000, 0.000010, 100000.000000, 10.222710, 0.001022, 0.000100, 10.000000, 0.000102, 293.150000, -0.556774, 0.000000, 293.150000, -5.567743, -0.556774, -0.556774, 298.717743, 0.100000, 0.001022, 0.000100, 0.001022, 0.000100, 0.000000, 0.000100, 298.717743, 10.000000, 293.150000, 10.000000, 0.000102, 10.000000, 0.000102, 0.000000, 0.000102, 10.000000, 298.717743, 298.717743, 25.000000, 25.567743, -0.556774, 0.071774, 0.000000, 0.000100, 0, 0
5.86, 0.000000, 298.607494, 0.000000, 0.000000, 0.000000, 16.000000, 0.000002, 0.000100, 0.000002, 0.000102, 29.860749, 0.001022, 298.607494, 0.500000, 0.000000, -0.000002, 0.004000, 298.607494, 4.166670, -0.545749, 298.607494, 0.000000, -0.545749, 10.000000, 0.000000, 0.000000, 0.100000, 0.000000, 298.000000, 0.000000, 0.000000, 298.607494, 0.000000, 0.000000, 298.150000, 2.000000, 100000.000000, 0.000100, 298.150000, 0.000102, 0.000000, 8.000000, 298.607494, 0.000100, 298.150000, 10.000000, 298.607494, 298.150000, 298.150000, 298.150000, 0.000002, 293.150000, 298.607494, 5000000.000000, 0.000000, 0.001022, 0.001022, 0.000000, 10.000000, 10.000000, 0.000002, 0.000002, 10.000000, 0.000002, 0.001022, 0.000000, 0.001022, 0.000000, 0.000000, 0.000000, 5000000.000000, 9.998978, 0.000100, 10.000000, 0.000100, 0.001022, 0.000100, 0.000000, 0.000010, 100000.000000, 10.218300, 0.001022, 0.000100, 10.000000, 0.000102, 293.150000, -0.545749, 0.000000, 293.150000, -5.457494, -0.545749, -0.545749, 298.607494, 0.100000, 0.001022, 0.000100, 0.001022, 0.000100, 0.000000, 0.000100, 298.607494, 10.000000, 293.150000, 10.000000, 0.000102, 10.000000, 0.000102, 0.000000, 0.000102, 10.000000, 298.607494, 298.607494, 25.000000, 25.457494, -0.545749, 0.060749, 0.000000, 0.000100, 0, 0
5.88, 0.000000, 298.499428, 0.000000, 0.000000, 0.000000, 16.000000, 0.000002, 0.000100, 0.000002, 0.000102, 29.849943, 0.001021, 298.499428, 0.500000, 0.000000, -0.000002, 0.004000, 298.499428, 4.166670, -0.534943, 298.499428, 0.000000, -0.534943, 10.000000, 0.000000, 0.000000, 0.100000, 0.000000, 298.000000, 0.000000, 0.000000, 298.499428, 0.000000, 0.000000, 298.150000, 2.000000, 100000.000000, 0.000100, 298.150000, 0.000102, 0.000000, 8.000000, 298.499428, 0.000100, 298.150000, 10.000000, 298.499428, 298.150000, 298.150000, 298.150000, 0.000002, 293.150000, 298.499428, 5000000.000000, 0.000000, 0.001021, 0.001021, 0.000000, 10.000000, 10.000000, 0.000002, 0.000002, 10.000000, 0.000002, 0.001021, 0.000000, 0.001021, 0.000000, 0.000000, 0.000000, 5000000.000000, 9.998979, 0.000100, 10.000000, 0.000100, 0.001021, 0.000100, 0.000000, 0.000010, 100000.000000, 10.213977, 0.001021, 0.000100, 10.000000, 0.000102, 293.150000, -0.534943, 0.000000, 293.150000, -5.349428, -0.534943, -0.534943, 298.499428, 0.100000, 0.001021, 0.000100, 0.001021, 0.000100, 0.000000, 0.000100, 298.499428, 10.000000, 293.150000, 10.000000, 0.000102, 10.000000, 0.000102, 0.000000, 0.000102, 10.000000, 298.499428, 298.499428, 25.000000, 25.349428, -0.534943, 0.049943, 0.000000, 0.000100, 0, 0
5.9, 0.000000, 298.393503, 0.000000, 0.000000, 0.000000, 16.000000, 0.000002, 0.000100, 0.000002, 0.000102, 29.839350, 0.001021, 298.393503, 0.500000, 0.000000, -0.000002, 0.004000, 298.393503, 4.166670, -0.524350, 298.393503, 0.000000, -0.524350, 10.000000, 0.000000, 0.000000, 0.100000, 0.000000, 298.000000, 0.000000, 0.000000, 298.393503, 0.000000, 0.000000, 298.150000, 2.000000, 100000.000000, 0.000100, 298.150000, 0.000102, 0.000000, 8.000000, 298.393503, 0.000100, 298.150000, 10.000000, 298.393503, 298.150000, 298.150000, 298.150000, 0.000002, 293.150000, 298.393503, 5000000.000000, 0.000000, 0.001021, 0.001021, 0.000000, 10.000000, 10.000000, 0.000002, 0.000002, 10.000000, 0.000002, 0.001021, 0.000000, 0.001021, 0.000000, 0.000000, 0.000000, 5000000.000000, 9.998979, 0.000100, 10.000000, 0.000100, 0.001021, 0.000100, 0.000000, 0.000010, 100000.000000, 10.209740, 0.001021, 0.000100, 10.000000, 0.000102, 293.150000, -0.524350, 0.000000, 293.150000, -5.243503, -0.524350, -0.524350, 298.393503, 0.100000, 0.001021, 0.000100, 0.001021, 0.000100, 0.000000, 0.000100, 298.393503, 10.000000, 293.150000, 10.000000, 0.000102, 10.000000, 0.000102, 0.000000, 0.000102, 10.000000, 298.393503, 298.393503, 25.000000, 25.243503, -0.524350, 0.039350, 0.000000, 0.000100, 0, 0
5.92, 0.000000, 298.289674, 0.000000, 0.000000, 0.000000, 16.000000, 0.000002, 0.000100, 0.000002, 0.000102, 29.828967, 0.001020, 298.289674, 0.500000, 0.000000, -0.000002, 0.004000, 298.289674, 4.166670, -0.513967, 298.289674, 0.000000, -0.513967, 10.000000, 0.000000, 0.000000, 0.100000, 0.000000, 298.000000, 0.000000, 0.000000, 298.289674, 0.000000, 0.000000, 298.150000, 2.000000, 100000.000000, 0.000100, 298.150000, 0.000102, 0.000000, 8.000000, 298.289674, 0.000100, 298.150000, 10.000000, 298.289674, 298.150000, 298.150000, 298.150000, 0.000002, 293.150000, 298.289674, 5000000.000000, 0.000000, 0.001020, 0.001020, 0.000000, 10.000000, 10.000000, 0.000002, 0.000002, 10.000000, 0.000002, 0.001020, 0.000000, 0.001020, 0.000000, 0.000000, 0.000000, 5000000.000000, 9.998980, 0.000100, 10.000000, 0.000100, 0.001020, 0.000100, 0.000000, 0.000010, 100000.000000, 10.205587, 0.001020, 0.000100, 10.000000, 0.000102, 293.150000, -0.513967, 0.000000, 293.150000, -5.139674, -0.513967, -0.513967, 298.289674, 0.100000, 0.001020, 0.000100, 0.001020, 0.000100, 0.000000, 0.000100, 298.289674, 10.000000, 293.150000, 10.000000, 0.000102, 10.000000, 0.000102, 0.000000, 0.000102, 10.000000, 298.289674, 298.289674, 25.000000, 25.139674, -0.513967, 0.028967, 0.000000, 0.000100, 0, 0
5.94, 0.000000, 298.187902, 0.000000, 0.000000, 0.000000, 16.000000, 0.000002, 0.000100, 0.000002, 0.000102, 29.818790, 0.001020, 298.187902, 0.500000, 0.000000, -0.000002, 0.004000, 298.187902, 4.166670, -0.503790, 298.187902, 0.000000, -0.503790, 10.000000, 0.000000, 0.000000, 0.100000, 0.000000, 298.000000, 0.000000, 0.000000, 298.187902, 0.000000, 0.000000, 298.150000, 2.000000, 100000.000000, 0.000100, 298.150000, 0.000102, 0.000000, 8.000000, 298.187902, 0.000100, 298.150000, 10.000000, 298.187902, 298.150000, 298.150000, 298.150000, 0.000002, 293.150000, 298.187902, 5000000.000000, 0.000000, 0.001020, 0.001020, 0.000000, 10.000000, 10.000000, 0.000002, 0.000002, 10.000000, 0.000002, 0.001020, 0.000000, 0.001020, 0.000000, 0.000000, 0.000000, 5000000.000000, 9.998980, 0.000100, 10.000000, 0.000100, 0.001020, 0.000100, 0.000000, 0.000010, 100000.000000, 10.201516, 0.001020, 0.000100, 10.000000, 0.000102, 293.150000, -0.503790, 0.000000, 293.150000, -5.037902, -0.503790, -0.503790, 298.187902, 0.100000, 0.001020, 0.000100, 0.001020, 0.000100, 0.000000, 0.000100, 298.187902, 10.000000, 293.150000, 10.000000, 0.000102, 10.000000, 0.000102, 0.000000, 0.000102, 10.000000, 298.187902, 298.187902, 25.000000, 25.037902, -0.503790, 0.018790, 0.000000, 0.000100, 0, 0
5.96, 0.000000, 298.088145, 0.000000, 0.000000, 0.000000, 16.000000, 0.000002, 0.000100, 0.000002, 0.000102, 29.808814, 0.001020, 298.088145, 0.500000, 0.000000, -0.000002, 0.004000, 298.088145, 4.166670, -0.493814, 298.088145, 0.000000, -0.493814, 10.000000, 0.000000, 0.000000, 0.100000, 0.000000, 298.000000, 0.000000, 0.000000, 298.088145, 0.000000, 0.000000, 298.150000, 2.000000, 100000.000000, 0.000100, 298.150000, 0.000102, 0.000000, 8.000000, 298.088145, 0.000100, 298.150000, 10.000000, 298.088145, 298.150000, 298.150000, 298.150000, 0.000002, 293.150000, 298.088145, 5000000.000000, 0.000000, 0.001020, 0.001020, 0.000000, 10.000000, 10.000000, 0.000002, 0.000002, 10.000000, 0.000002, 0.001020, 0.000000, 0.001020, 0.000000, 0.000000, 0.000000, 5000000.000000, 9.998980, 0.000100, 10.000000, 0.000100, 0.001020, 0.000100, 0.000000, 0.000010, 100000.000000, 10.197526, 0.001020, 0.000100, 10.000000, 0.000102, 293.150000, -0.493814, 0.000000, 293.150000, -4.938145, -0.493814, -0.493814, 298.088145, 0.100000, 0.001020, 0.000100, 0.001020, 0.000100, 0.000000, 0.000100, 298.088145, 10.000000, 293.150000, 10.000000, 0.000102, 10.000000, 0.000102, 0.000000, 0.000102, 10.000000, 298.088145, 298.088145, 25.000000, 24.938145, -0.493814, 0.008814, 0.000000, 0.000100, 0, 0
5.98, 0.000000, 297.990363, 0.000000, 0.000000, 0.000000, 16.000000, 0.000002, 0.000100, 0.000002, 0.000102, 29.799036, 0.001019, 297.990363, 0.500000, 0.000000, -0.000002, 0.004000, 297.990363, 4.166670, -0.484036, 297.990363, 0.000000, -0.484036, 10.000000, 0.000000, 0.000000, 0.100000, 0.000000, 298.000000, 0.000000, 0.000000, 297.990363, 0.000000, 0.000000, 298.150000, 2.000000, 100000.000000, 0.000100, 298.150000, 0.000102, 0.000000, 8.000000, 297.990363, 0.000100, 298.150000, 10.000000, 297.990363, 298.150000, 298.150000, 298.150000, 0.000002, 293.150000, 297.990363, 5000000.000000, 0.000000, 0.001019, 0.001019, 0.000000, 10.000000, 10.000000, 0.000002, 0.000002, 10.000000, 0.000002, 0.001019, 0.000000, 0.001019, 0.000000, 0.000000, 0.000000, 5000000.000000, 9.998981, 0.000100, 10.000000, 0.000100, 0.001019, 0.000100, 0.000000, 0.000010, 100000.000000, 10.193615, 0.001019, 0.000100, 10.000000, 0.000102, 293.150000, -0.484036, 0.000000, 293.150000, -4.840363, -0.484036, -0.484036, 297.990363, 0.100000, 0.001019, 0.000100, 0.001019, 0.000100, 0.000000, 0.000100, 297.990363, 10.000000, 293.150000, 10.000000, 0.000102, 10.000000, 0.000102, 0.000000, 0.000102, 10.000000, 297.990363, 297.990363, 25.000000, 24.840363, -0.484036, -0.000964, 0.000000, 0.000100, 0, 0
6, 0.000000, 297.894517, 0.000000, 0.000000, 0.000000, 16.000000, 0.000002, 0.000100, 0.000002, 0.000102, 29.789452, 0.001019, 297.894517, 0.500000, 0.000000, -0.000002, 0.004000, 297.894517, 4.166670, -0.474452, 297.894517, 0.000000, -0.474452, 10.000000, 0.000000, 0.000000, 0.100000, 0.000000, 298.000000, 0.000000, 0.000000, 297.894517, 0.000000, 0.000000, 298.150000, 2.000000, 100000.000000, 0.000100, 298.150000, 0.000102, 0.000000, 8.000000, 297.894517, 0.000100, 298.150000, 10.000000, 297.894517, 298.150000, 298.150000, 298.150000, 0.000002, 293.150000, 297.894517, 5000000.000000, 0.000000, 0.001019, 0.001019, 0.000000, 10.000000, 10.000000, 0.000002, 0.000002, 10.000000, 0.000002, 0.001019, 0.000000, 0.001019, 0.000000, 0.000000, 0.000000, 5000000.000000, 9.998981, 0.000100, 10.000000, 0.000100, 0.001019, 0.000100, 0.000000, 0.000010, 100000.000000, 10.189781, 0.001019, 0.000100, 10.000000, 0.000102, 293.150000, -0.474452, 0.000000, 293.150000, -4.744517, -0.474452, -0.474452, 297.894517, 0.100000, 0.001019, 0.000100, 0.001019, 0.000100, 0.000000, 0.000100, 297.894517, 10.000000, 293.150000, 10.000000, 0.000102, 10.000000, 0.000102, 0.000000, 0.000102, 10.000000, 297.894517, 297.894517, 25.000000, 24.744517, -0.474452, -0.010548, 0.000000, 0.000100, 0, 0
6.02, 0.000000, 297.800570, 0.000000, 0.000000, 0.000000, 16.000000, 0.000002, 0.000100, 0.000002, 0.000102, 29.780057, 0.001018, 297.800570, 0.500000, 0.000000, -0.000002, 0.004000, 297.800570, 4.166670, -0.465057, 297.800570, 0.000000, -0.465057, 10.000000, 0.000000, 0.000000, 0.100000, 0.000000, 298.000000, 0.000000, 0.000000, 297.800570, 0.000000, 0.000000, 298.150000, 2.000000, 100000.000000, 0.000100, 298.150000, 0.000102, 0.000000, 8.000000, 297.800570, 0.000100, 298.150000, 10.000000, 297.800570, 298.150000, 298.150000, 298.150000, 0.000002, 293.150000, 297.800570, 5000000.000000, 0.000000, 0.001018, 0.001018, 0.000000, 10.000000, 10.000000, 0.000002, 0.000002, 10.000000, 0.000002, 0.001018, 0.000000, 0.001018, 0.000000, 0.000000, 0.000000, 5000000.000000, 9.998982, 0.000100, 10.000000, 0.000100, 0.001018, 0.000100, 0.000000, 0.000010, 100000.000000, 10.186023, 0.001018, 0.000100, 10.000000, 0.000102, 293.150000, -0.465057, 0.000000, 293.150000, -4.650570, -0.465057, -0.465057, 297.800570, 0.100000, 0.001018, 0.000100, 0.001018, 0.000100, 0.000000, 0.000100, 297.800570, 10.000000, 293.150000, 10.000000, 0.000102, 10.000000, 0.000102, 0.000000, 0.000102, 10.000000, 297.800570, 297.800570, 25.000000, 24.650570, -0.465057, -0.019943, 0.000000, 0.000100, 0, 0
6.04, 0.000000, 297.708482, 0.000000, 0.000000, 0.000000, 16.000000, 0.000002, 0.000100, 0.000002, 0.000102, 29.770848, 0.001018, 297.708482, 0.500000, 0.000000, -0.000002, 0.004000, 297.708482, 4.166670, -0.455848, 297.708482, 0.000000, -0.455848, 10.000000, 0.000000, 0.000000, 0.100000, 0.000000, 298.000000, 0.000000, 0.000000, 297.708482, 0.000000, 0.000000, 298.150000, 2.000000, 100000.000000, 0.000100, 298.150000, 0.000102, 0.000000, 8.000000, 297.708482, 0.000100, 298.150000, 10.000000, 297.708482, 298.150000, 298.150000, 298.150000, 0.000002, 293.150000, 297.708482, 5000000.000000, 0.000000, 0.001018, 0.001018, 0.000000, 10.000000, 10.000000, 0.000002, 0.000002, 10.000000, 0.000002, 0.001018, 0.000000, 0.001018, 0.000000, 0.000000, 0.000000, 5000000.000000, 9.998982, 0.000100, 10.000000, 0.000100, 0.001018, 0.000100, 0.000000, 0.000010, 100000.000000, 10.182339, 0.001018, 0.000100, 10.000000, 0.000102, 293.150000, -0.455848, 0.000000, 293.150000, -4.558482, -0.455848, -0.455848, 297.708482, 0.100000, 0.001018, 0.000100, 0.001018, 0.000100, 0.000000, 0.000100, 297.708482, 10.000000, 293.150000, 10.000000, 0.000102, 10.000000, 0.000102, 0.000000, 0.000102, 10.000000, 297.708482, 297.708482, 25.000000, 24.558482, -0.455848, -0.029152, 0.000000, 0.000100, 0, 0
6.06, 0.000000, 297.618218, 0.000000, 0.000000, 0.000000, 16.000000, 0.000002, 0.000100, 0.000002, 0.000102, 29.761822, 0.001018, 297.618218, 0.500000, 0.000000, -0.000002, 0.004000, 297.618218, 4.166670, -0.446822, 297.618218, 0.000000, -0.446822, 10.000000, 0.000000, 0.000000, 0.100000, 0.000000, 298.000000, 0.000000, 0.000000, 297.618218, 0.000000, 0.000000, 298.150000, 2.000000, 100000.000000, 0.000100, 298.150000, 0.000102, 0.000000, 8.000000, 297.618218, 0.000100, 298.150000, 10.000000, 297.618218, 298.150000, 298.150000, 298.150000, 0.000002, 293.150000, 297.618218, 5000000.000000, 0.000000, 0.001018, 0.001018, 0.000000, 10.000000, 10.000000, 0.000002, 0.000002, 10.000000, 0.000002, 0.001018, 0.000000, 0.001018, 0.000000, 0.000000, 0.000000, 5000000.000000, 9.998982, 0.000100, 10.000000, 0.000100, 0.001018, 0.000100, 0.000000, 0.000010, 100000.000000, 10.178729, 0.001018, 0.000100, 10.000000, 0.000102, 293.150000, -0.446822, 0.000000, 293.150000, -4.468218, -0.446822, -0.446822, 297.618218, 0.100000, 0.001018, 0.000100, 0.001018, 0.000100, 0.000000, 0.000100, 297.618218, 10.000000, 293.150000, 10.000000, 0.000102, 10.000000, 0.000102, 0.000000, 0.000102, 10.000000, 297.618218, 297.618218, 25.000000, 24.468218, -0.446822, -0.038178, 0.000000, 0.000100, 0, 0
6.08, 0.000000, 297.529742, 0.000000, 0.000000, 0.000000, 16.000000, 0.000002, 0.000100, 0.000002, 0.000102, 29.752974, 0.001017, 297.529742, 0.500000, 0.000000, -0.000002, 0.004000, 297.529742, 4.166670, -0.437974, 297.529742, 0.000000, -0.437974, 10.000000, 0.000000, 0.000000, 0.100000, 0.000000, 298.000000, 0.000000, 0.000000, 297.529742, 0.000000, 0.000000, 298.150000, 2.000000, 100000.000000, 0.000100, 298.150000, 0.000102, 0.000000, 8.000000, 297.529742, 0.000100, 298.150000, 10.000000, 297.529742, 298.150000, 298.150000, 298.150000, 0.000002, 293.150000, 297.529742, 5000000.000000, 0.000000, 0.001017, 0.001017, 0.000000, 10.000000, 10.000000, 0.000002, 0.000002, 10.000000, 0.000002, 0.001017, 0.000000, 0.001017, 0.000000, 0.000000, 0.000000, 5000000.000000, 9.998983, 0.000100, 10.000000, 0.000100, 0.001017, 0.000100, 0.000000, 0.000010, 100000.000000, 10.175190, 0.001017, 0.000100, 10.000000, 0.000102, 293.150000, -0.437974, 0.000000, 293.150000, -4.379742, -0.437974, -0.437974, 297.529742, 0.100000, 0.001017, 0.000100, 0.001017, 0.000100, 0.000000, 0.000100, 297.529742, 10.000000, 293.150000, 10.000000, 0.000102, 10.000000, 0.000102, 0.000000, 0.000102, 10.000000, 297.529742, 297.529742, 25.000000, 24.379742, -0.437974, -0.047026, 0.000000, 0.000100, 0, 0
6.1, 0.000000, 297.443017, 0.000000, 0.000000, 0.000000, 16.000000, 0.000002, 0.000100, 0.000002, 0.000102, 29.744302, 0.001017, 297.443017, 0.500000, 0.000000, -0.000002, 0.004000, 297.443017, 4.166670, -0.429302, 297.443017, 0.000000, -0.429302, 10.000000, 0.000000, 0.000000, 0.100000, 0.000000, 298.000000, 0.000000, 0.000000, 297.443017, 0.000000, 0.000000, 298.150000, 2.000000, 100000.000000, 0.000100, 298.150000, 0.000102, 0.000000, 8.000000, 297.443017, 0.000100, 298.150000, 10.000000, 297.443017, 298.150000, 298.150000, 298.150000, 0.000002, 293.150000, 297.443017, 5000000.000000, 0.000000, 0.001017, 0.001017, 0.000000, 10.000000, 10.000000, 0.000002, 0.000002, 10.000000, 0.000002, 0.001017, 0.000000, 0.001017, 0.000000, 0.000000, 0.000000, 5000000.000000, 9.998983, 0.000100, 10.000000, 0.000100, 0.001017, 0.000100, 0.000000, 0.000010, 100000.000000, 10.171721, 0.001017, 0.000100, 10.000000, 0.000102, 293.150000, -0.429302, 0.000000, 293.150000, -4.293017, -0.429302, -0.429302, 297.443017, 0.100000, 0.001017, 0.000100, 0.001017, 0.000100, 0.000000, 0.000100, 297.443017, 10.000000, 293.150000, 10.000000, 0.000102, 10.000000, 0.000102, 0.000000, 0.000102, 10.000000, 297.443017, 297.443017, 25.000000, 24.293017, -0.429302, -0.055698, 0.000000, 0.000100, 0, 0
6.12, 0.000000, 297.358010, 0.000000, 0.000000, 0.000000, 16.000000, 0.000002, 0.000100, 0.000002, 0.000102, 29.735801, 0.001017, 297.358010, 0.500000, 0.000000, -0.000002, 0.004000, 297.358010, 4.166670, -0.420801, 297.358010, 0.000000, -0.420801, 10.000000, 0.000000, 0.000000, 0.100000, 0.000000, 298.000000, 0.000000, 0.000000, 297.358010, 0.000000, 0.000000, 298.150000, 2.000000, 100000.000000, 0.000100, 298.150000, 0.000102, 0.000000, 8.000000, 297.358010, 0.000100, 298.150000, 10.000000, 297.358010, 298.150000, 298.150000, 298.150000, 0.000002, 293.150000, 297.358010, 5000000.000000, 0.000000, 0.001017, 0.001017, 0.000000, 10.000000, 10.000000, 0.000002, 0.000002, 10.000000, 0.000002, 0.001017, 0.000000, 0.001017, 0.000000, 0.000000, 0.000000, 5000000.000000, 9.998983, 0.000100, 10.000000, 0.000100, 0.001017, 0.000100, 0.000000, 0.000010, 100000.000000, 10.168320, 0.001017, 0.000100, 10.000000, 0.000102, 293.150000, -0.420801, 0.000000, 293.150000, -4.208010, -0.420801, -0.420801, 297.358010, 0.100000, 0.001017, 0.000100, 0.001017, 0.000100, 0.000000, 0.000100, 297.358010, 10.000000, 293.150000, 10.000000, 0.000102, 10.000000, 0.000102, 0.000000, 0.000102, 10.000000, 297.358010, 297.358010, 25.000000, 24.208010, -0.420801, -0.064199, 0.000000, 0.000100, 0, 0
6.14, 0.000000, 297.274685, 0.000000, 0.000000, 0.000000, 16.000000, 0.000002, 0.000100, 0.000002, 0.000102, 29.727469, 0.001016, 297.274685, 0.500000, 0.000000, -0.000002, 0.004000, 297.274685, 4.166670, -0.412469, 297.274685, 0.000000, -0.412469, 10.000000, 0.000000, 0.000000, 0.100000, 0.000000, 298.000000, 0.000000, 0.000000, 297.274685, 0.000000, 0.000000, 298.150000, 2.000000, 100000.000000, 0.000100, 298.150000, 0.000102, 0.000000, 8.000000, 297.274685, 0.000100, 298.150000, 10.000000, 297.274685, 298.150000, 298.150000, 298.150000, 0.000002, 293.150000, 297.274685, 5000000.000000, 0.000000, 0.001016, 0.001016, 0.000000, 10.000000, 10.000000, 0.000002, 0.000002, 10.000000, 0.000002, 0.001016, 0.000000, 0.001016, 0.000000, 0.000000, 0.000000, 5000000.000000, 9.998984, 0.000100, 10.000000, 0.000100, 0.001016, 0.000100, 0.000000, 0.000010, 100000.000000, 10.164987, 0.001016, 0.000100, 10.000000, 0.000102, 293.150000, -0.412469, 0.000000, 293.150000, -4.124685, -0.412469, -0.412469, 297.274685, 0.100000, 0.001016, 0.000100, 0.001016, 0.000100, 0.000000, 0.000100, 297.274685, 10.000000, 293.150000, 10.000000, 0.000102, 10.000000, 0.000102, 0.000000, 0.000102, 10.000000, 297.274685, 297.274685, 25.000000, 24.124685, -0.412468, -0.072531, 0.000000, 0.000100, 0, 0
6.16, 0.000000, 297.193011, 0.000000, 0.000000, 0.000000, 16.000000, 0.000002, 0.000100, 0.000002, 0.000102, 29.719301, 0.001016, 297.193011, 0.500000, 0.000000, -0.000002, 0.004000, 297.193011, 4.166670, -0.404301, 297.193011, 0.000000, -0.404301, 10.000000, 0.000000, 0.000000, 0.100000, 0.000000, 298.000000, 0.000000, 0.000000, 297.193011, 0.000000, 0.000000, 298.150000, 2.000000, 100000.000000, 0.000100, 298.150000, 0.000102, 0.000000, 8.000000, 297.193011, 0.000100, 298.150000, 10.000000, 297.193011, 298.150000, 298.150000, 298.150000, 0.000002, 293.150000, 297.193011, 5000000.000000, 0.000000, 0.001016, 0.001016, 0.000000, 10.000000, 10.000000, 0.000002, 0.000002, 10.000000, 0.000002, 0.001016, 0.000000, 0.001016, 0.000000, 0.000000, 0.000000, 5000000.000000, 9.998984, 0.000100, 10.000000, 0.000100, 0.001016, 0.000100, 0.000000, 0.000010, 100000.000000, 10.161720, 0.001016, 0.000100, 10.000000, 0.000102, 293.150000, -0.404301, 0.000000, 293.150000, -4.043011, -0.404301, -0.404301, 297.193011, 0.100000, 0.001016, 0.000100, 0.001016, 0.000100, 0.000000, 0.000100, 297.193011, 10.000000, 293.150000, 10.000000, 0.000102, 10.000000, 0.000102, 0.000000, 0.000102, 10.000000, 297.193011, 297.193011, 25.000000, 24.043011, -0.404301, -0.080699, 0.000000, 0.000100, 0, 0
6.18, 0.000000, 298.022497, 0.000000, 0.000000, 0.000000, 16.000000, 0.000002, 0.980882, 0.000002, 0.980886, 29.802250, 9.999990, 298.022497, 0.500000, 0.000000, -0.000004, 0.004000, 298.022497, 4.166670, -0.487250, 298.022497, 0.000002, -0.487250, 10.000000, 0.000000, 9.808807, 0.100000, 0.000000, 298.000000, 0.000000, 1.000000, 298.022497, 1.000000, 0.000000, 298.150000, 2.000000, 100000.000000, 0.980882, 298.150000, 0.980886, 0.000000, 8.000000, 298.022497, 0.980884, 298.150000, 10.000000, 298.022497, 298.150000, 298.150000, 298.150000, 0.000002, 293.150000, 298.022497, 5000000.000000, 0.000002, 9.999990, 9.999990, 0.000002, 10.000000, 10.000000, 0.000002, 0.000002, 10.000000, 0.000002, 9.999990, 0.000002, 9.999990, 0.000002, 0.000000, 0.000002, 5000000.000000, 0.000010, 0.980884, 10.000000, 0.980884, 9.999990, 0.980884, 1.000000, 0.000010, 0.000010, 10.194900, 9.999990, 0.980882, 10.000000, 0.980886, 293.150000, -0.487250, 9.808807, 293.150000, -4.872497, -0.487250, -0.487250, 298.022497, 0.100000, 9.999990, 0.980882, 9.999990, 0.980882, 0.000000, 0.980882, 298.022497, 10.000000, 293.150000, 10.000000, 0.980886, 10.000000, 0.980886, 0.000000, 0.980886, 10.000000, 298.022497, 298.022497, 25.000000, 24.872497, 9.321557, 0.002250, 0.000000, 0.980884, 1, 1
6.2, 0.000000, 299.103562, 0.000000, 0.000000, 0.000000, 16.000000, 0.000002, 0.000100, 0.000002, 0.000102, 29.910356, 0.001024, 299.103562, 0.500000, 0.000000, -0.000002, 0.004000, 299.103562, 4.166670, -0.595356, 299.103562, 0.000000, -0.595356, 10.000000, 0.000000, 0.000000, 0.100000, 0.000000, 298.000000, 0.000000, 0.000000, 299.103562, 0.000000, 0.000000, 298.150000, 2.000000, 100000.000000, 0.000100, 298.150000, 0.000102, 0.000000, 8.000000, 299.103562, 0.000100, 298.150000, 10.000000, 299.103562, 298.150000, 298.150000, 298.150000, 0.000002, 293.150000, 299.103562, 5000000.000000, 0.000000, 0.001024, 0.001024, 0.000000, 10.000000, 10.000000, 0.000002, 0.000002, 10.000000, 0.000002, 0.001024, 0.000000, 0.001024, 0.000000, 0.000000, 0.000000, 5000000.000000, 9.998976, 0.000100, 10.000000, 0.000100, 0.001024, 0.000100, 0.000000, 0.000010, 100000.000000, 10.238142, 0.001024, 0.000100, 10.000000, 0.000102, 293.150000, -0.595356, 0.000000, 293.150000, -5.953562, -0.595356, -0.595356, 299.103562, 0.100000, 0.001024, 0.000100, 0.001024, 0.000100, 0.000000, 0.000100, 299.103562, 10.000000, 293.150000, 10.000000, 0.000102, 10.000000, 0.000102, 0.000000, 0.000102, 10.000000, 299.103562, 299.103562, 25.000000, 25.953562, -0.595356, 0.110356, 0.000000, 0.000100, 0, 0
6.22, 0.000000, 298.985674, 0.000000, 0.000000, 0.000000, 16.000000, 0.000002, 0.000100, 0.000002, 0.000102, 29.898567, 0.001023, 298.985674, 0.500000, 0.000000, -0.000002, 0.004000, 298.985674, 4.166670, -0.583567, 298.985674, 0.000000, -0.583567, 10.000000, 0.000000, 0.000000, 0.100000, 0.000000, 298.000000, 0.000000, 0.000000, 298.985674, 0.000000, 0.000000, 298.150000, 2.000000, 100000.000000, 0.000100, 298.150000, 0.000102, 0.000000, 8.000000, 298.985674, 0.000100, 298.150000, 10.000000, 298.985674, 298.150000, 298.150000, 298.150000, 0.000002, 293.150000, 298.985674, 5000000.000000, 0.000000, 0.001023, 0.001023, 0.000000, 10.000000, 10.000000, 0.000002, 0.000002, 10.000000, 0.000002, 0.001023, 0.000000, 0.001023, 0.000000, 0.000000, 0.000000, 5000000.000000, 9.998977, 0.000100, 10.000000, 0.000100, 0.001023, 0.000100, 0.000000, 0.000010, 100000.000000, 10.233427, 0.001023, 0.000100, 10.000000, 0.000102, 293.150000, -0.583567, 0.000000, 293.150000, -5.835674, -0.583567, -0.583567, 298.985674, 0.100000, 0.001023, 0.000100, 0.001023, 0.000100, 0.000000, 0.000100, 298.985674, 10.000000, 293.150000, 10.000000, 0.000102, 10.000000, 0.000102, 0.000000, 0.000102, 10.000000, 298.985674, 298.985674, 25.000000, 25.835674, -0.583567, 0.098567, 0.000000, 0.000100, 0, 0
6.24, 0.000000, 298.870120, 0.000000, 0.000000, 0.000000, 16.000000, 0.000002, 0.000100, 0.000002, 0.000102, 29.887012, 0.001023, 298.870120, 0.500000, 0.000000, -0.000002, 0.004000, 298.870120, 4.166670, -0.572012, 298.870120, 0.000000, -0.572012, 10.000000, 0.000000, 0.000000, 0.100000, 0.000000, 298.000000, 0.000000, 0.000000, 298.870120, 0.000000, 0.000000, 298.150000, 2.000000, 100000.000000, 0.000100, 298.150000, 0.000102, 0.000000, 8.000000, 298.870120, 0.000100, 298.150000, 10.000000, 298.870120, 298.150000, 298.150000, 298.150000, 0.000002, 293.150000, 298.870120, 5000000.000000, 0.000000, 0.001023, 0.001023, 0.000000, 10.000000, 10.000000, 0.000002, 0.000002, 10.000000, 0.000002, 0.001023, 0.000000, 0.001023, 0.000000, 0.000000, 0.000000, 5000000.000000, 9.998977, 0.000100, 10.000000, 0.000100, 0.001023, 0.000100, 0.000000, 0.000010, 100000.000000, 10.228805, 0.001023, 0.000100, 10.000000, 0.000102, 293.150000, -0.572012, 0.000000, 293.150000, -5.720120, -0.572012, -0.572012, 298.870120, 0.100000, 0.001023, 0.000100, 0.001023, 0.000100, 0.000000, 0.000100, 298.870120, 10.000000, 293.150000, 10.000000, 0.000102, 10.000000, 0.000102, 0.000000, 0.000102, 10.000000, 298.870120, 298.870120, 25.000000, 25.720120, -0.572012, 0.087012, 0.000000, 0.000100, 0, 0
6.26, 0.000000, 298.756854, 0.000000, 0.000000, 0.000000, 16.000000, 0.000002, 0.000100, 0.000002, 0.000102, 29.875685, 0.001022, 298.756854, 0.500000, 0.000000, -0.000002, 0.004000, 298.756854, 4.166670, -0.560685, 298.756854, 0.000000, -0.560685, 10.000000, 0.000000, 0.000000, 0.100000, 0.000000, 298.000000, 0.000000, 0.000000, 298.756854, 0.000000, 0.000000, 298.150000, 2.000000, 100000.000000, 0.000100, 298.150000, 0.000102, 0.000000, 8.000000, 298.756854, 0.000100, 298.150000, 10.000000, 298.756854, 298.150000, 298.150000, 298.150000, 0.000002, 293.150000, 298.756854, 5000000.000000, 0.000000, 0.001022, 0.001022, 0.000000, 10.000000, 10.000000, 0.000002, 0.000002, 10.000000, 0.000002, 0.001022, 0.000000, 0.001022, 0.000000, 0.000000, 0.000000, 5000000.000000, 9.998978, 0.000100, 10.000000, 0.000100, 0.001022, 0.000100, 0.000000, 0.000010, 100000.000000, 10.224274, 0.001022, 0.000100, 10.000000, 0.000102, 293.150000, -0.560685, 0.000000, 293.150000, -5.606854, -0.560685, -0.560685, 298.756854, 0.100000, 0.001022, 0.000100, 0.001022, 0.000100, 0.000000, 0.000100, 298.756854, 10.000000, 293.150000, 10.000000, 0.000102, 10.000000, 0.000102, 0.000000, 0.000102, 10.000000, 298.756854, 298.756854, 25.000000, 25.606854, -0.560685, 0.075685, 0.000000, 0.000100, 0, 0
6.28, 0.000000, 298.645830, 0.000000, 0.000000, 0.000000, 16.000000, 0.000002, 0.000100, 0.000002, 0.000102, 29.864583, 0.001022, 298.645830, 0.500000, 0.000000, -0.000002, 0.004000, 298.645830, 4.166670, -0.549583, 298.645830, 0.000000, -0.549583, 10.000000, 0.000000, 0.000000, 0.100000, 0.000000, 298.000000, 0.000000, 0.000000, 298.645830, 0.000000, 0.000000, 298.150000, 2.000000, 100000.000000, 0.000100, 298.150000, 0.000102, 0.000000, 8.000000, 298.645830, 0.000100, 298.150000, 10.000000, 298.645830, 298.150000, 298.150000, 298.150000, 0.000002, 293.150000, 298.645830, 5000000.000000, 0.000000, 0.001022, 0.001022, 0.000000, 10.000000, 10.000000, 0.000002, 0.000002, 10.000000, 0.000002, 0.001022, 0.000000, 0.001022, 0.000000, 0.000000, 0.000000, 5000000.000000, 9.998978, 0.000100, 10.000000, 0.000100, 0.001022, 0.000100, 0.000000, 0.000010, 100000.000000, 10.219833, 0.001022, 0.000100, 10.000000, 0.000102, 293.150000, -0.549583, 0.000000, 293.150000, -5.495830, -0.549583, -0.549583, 298.645830, 0.100000, 0.001022, 0.000100, 0.001022, 0.000100, 0.000000, 0.000100, 298.645830, 10.000000, 293.150000, 10.000000, 0.000102, 10.000000, 0.000102, 0.000000, 0.000102, 10.000000, 298.645830, 298.645830, 25.000000, 25.495830, -0.549583, 0.064583, 0.000000, 0.000100, 0, 0
6.3, 0.000000, 298.537006, 0.000000, 0.000000, 0.000000, 16.000000, 0.000002, 0.000100, 0.000002, 0.000102, 29.853701, 0.001021, 298.537006, 0.500000, 0.000000, -0.000002, 0.004000, 298.537006, 4.166670, -0.538701, 298.537006, 0.000000, -0.538701, 10.000000, 0.000000, 0.000000, 0.100000, 0.000000, 298.000000, 0.000000, 0.000000, 298.537006, 0.000000, 0.000000, 298.150000, 2.000000, 100000.000000, 0.000100, 298.150000, 0.000102, 0.000000, 8.000000, 298.537006, 0.000100, 298.150000, 10.000000, 298.537006, 298.150000, 298.150000, 298.150000, 0.000002, 293.150000, 298.537006, 5000000.000000, 0.000000, 0.001021, 0.001021, 0.000000, 10.000000, 10.000000, 0.000002, 0.000002, 10.000000, 0.000002, 0.001021, 0.000000, 0.001021, 0.000000, 0.000000, 0.000000, 5000000.000000, 9.998979, 0.000100, 10.000000, 0.000100, 0.001021, 0.000100, 0.000000, 0.000010, 100000.000000, 10.215480, 0.001021, 0.000100, 10.000000, 0.000102, 293.150000, -0.538701, 0.000000, 293.150000, -5.387006, -0.538701, -0.538701, 298.537006, 0.100000, 0.001021, 0.000100, 0.001021, 0.000100, 0.000000, 0.000100, 298.537006, 10.000000, 293.150000, 10.000000, 0.000102, 10.000000, 0.000102, 0.000000, 0.000102, 10.000000, 298.537006, 298.537006, 25.000000, 25.387006, -0.538700, 0.053701, 0.000000, 0.000100, 0, 0
6.32, 0.000000, 298.430336, 0.000000, 0.000000, 0.000000, 16.000000, 0.000002, 0.000100, 0.000002, 0.000102, 29.843034, 0.001021, 298.430336, 0.500000, 0.000000, -0.000002, 0.004000, 298.430336, 4.166670, -0.528034, 298.430336, 0.000000, -0.528034, 10.000000, 0.000000, 0.000000, 0.100000, 0.000000, 298.000000, 0.000000, 0.000000, 298.430336, 0.000000, 0.000000, 298.150000, 2.000000, 100000.000000, 0.000100, 298.150000, 0.000102, 0.000000, 8.000000, 298.430336, 0.000100, 298.150000, 10.000000, 298.430336, 298.150000, 298.150000, 298.150000, 0.000002, 293.150000, 298.430336, 5000000.000000, 0.000000, 0.001021, 0.001021, 0.000000, 10.000000, 10.000000, 0.000002, 0.000002, 10.000000, 0.000002, 0.001021, 0.000000, 0.001021, 0.000000, 0.000000, 0.000000, 5000000.000000, 9.998979, 0.000100, 10.000000, 0.000100, 0.001021, 0.000100, 0.000000, 0.000010, 100000.000000, 10.211213, 0.001021, 0.000100, 10.000000, 0.000102, 293.150000, -0.528034, 0.000000, 293.150000, -5.280336, -0.528034, -0.528034, 298.430336, 0.100000, 0.001021, 0.000100, 0.001021, 0.000100, 0.000000, 0.000100, 298.430336, 10.000000, 293.150000, 10.000000, 0.000102, 10.000000, 0.000102, 0.000000, 0.000102, 10.000000, 298.430336, 298.430336, 25.000000, 25.280336, -0.528033, 0.043034, 0.000000, 0.000100, 0, 0
6.34, 0.000000, 298.325778, 0.000000, 0.000000, 0.000000, 16.000000, 0.000002, 0.000100, 0.000002, 0.000102, 29.832578, 0.001021, 298.325778, 0.500000, 0.000000, -0.000002, 0.004000, 298.325778, 4.166670, -0.517578, 298.325778, 0.000000, -0.517578, 10.000000, 0.000000, 0.000000, 0.100000, 0.000000, 298.000000, 0.000000, 0.000000, 298.325778, 0.000000, 0.000000, 298.150000, 2.000000, 100000.000000, 0.000100, 298.150000, 0.000102, 0.000000, 8.000000, 298.325778, 0.000100, 298.150000, 10.000000, 298.325778, 298.150000, 298.150000, 298.150000, 0.000002, 293.150000, 298.325778, 5000000.000000, 0.000000, 0.001021, 0.001021, 0.000000, 10.000000, 10.000000, 0.000002, 0.000002, 10.000000, 0.000002, 0.001021, 0.000000, 0.001021, 0.000000, 0.000000, 0.000000, 5000000.000000, 9.998979, 0.000100, 10.000000, 0.000100, 0.001021, 0.000100, 0.000000, 0.000010, 100000.000000, 10.207031, 0.001021, 0.000100, 10.000000, 0.000102, 293.150000, -0.517578, 0.000000, 293.150000, -5.175778, -0.517578, -0.517578, 298.325778, 0.100000, 0.001021, 0.000100, 0.001021, 0.000100, 0.000000, 0.000100, 298.325778, 10.000000, 293.150000, 10.000000, 0.000102, 10.000000, 0.000102, 0.000000, 0.000102, 10.000000, 298.325778, 298.325778, 25.000000, 25.175778, -0.517578, 0.032578, 0.000000, 0.000100, 0, 0
6.36, 0.000000, 298.223291, 0.000000, 0.000000, 0.000000, 16.000000, 0.000002, 0.000100, 0.000002, 0.000102, 29.822329, 0.001020, 298.223291, 0.500000, 0.000000, -0.000002, 0.004000, 298.223291, 4.166670, -0.507329, 298.223291, 0.000000, -0.507329, 10.000000, 0.000000, 0.000000, 0.100000, 0.000000, 298.000000, 0.000000, 0.000000, 298.223291, 0.000000, 0.000000, 298.150000, 2.000000, 100000.000000, 0.000100, 298.150000, 0.000102, 0.000000, 8.000000, 298.223291, 0.000100, 298.150000, 10.000000, 298.223291, 298.150000, 298.150000, 298.150000, 0.000002, 293.150000, 298.223291, 5000000.000000, 0.000000, 0.001020, 0.001020, 0.000000, 10.000000, 10.000000, 0.000002, 0.000002, 10.000000, 0.000002, 0.001020, 0.000000, 0.001020, 0.000000, 0.000000, 0.000000, 5000000.000000, 9.998980, 0.000100, 10.000000, 0.000100, 0.001020, 0.000100, 0.000000, 0.000010, 100000.000000, 10.202932, 0.001020, 0.000100, 10.000000, 0.000102, 293.150000, -0.507329, 0.000000, 293.150000, -5.073291, -0.507329, -0.507329, 298.223291, 0.100000, 0.001020, 0.000100, 0.001020, 0.000100, 0.000000, 0.000100, 298.223291, 10.000000, 293.150000, 10.000000, 0.000102, 10.000000, 0.000102, 0.000000, 0.000102, 10.000000, 298.223291, 298.223291, 25.000000, 25.073291, -0.507329, 0.022329, 0.000000, 0.000100, 0, 0
6.38, 0.000000, 298.122833, 0.000000, 0.000000, 0.000000, 16.000000, 0.000002, 0.000100, 0.000002, 0.000102, 29.812283, 0.001020, 298.122833, 0.500000, 0.000000, -0.000002, 0.004000, 298.122833, 4.166670, -0.497283, 298.122833, 0.000000, -0.497283, 10.000000, 0.000000, 0.000000, 0.100000, 0.000000, 298.000000, 0.000000, 0.000000, 298.122833, 0.000000, 0.000000, 298.150000, 2.000000, 100000.000000, 0.000100, 298.150000, 0.000102, 0.000000, 8.000000, 298.122833, 0.000100, 298.150000, 10.000000, 298.122833, 298.150000, 298.150000, 298.150000, 0.000002, 293.150000, 298.122833, 5000000.000000, 0.000000, 0.001020, 0.001020, 0.000000, 10.000000, 10.000000, 0.000002, 0.000002, 10.000000, 0.000002, 0.001020, 0.000000, 0.001020, 0.000000, 0.000000, 0.000000, 5000000.000000, 9.998980, 0.000100, 10.000000, 0.000100, 0.001020, 0.000100, 0.000000, 0.000010, 100000.000000, 10.198913, 0.001020, 0.000100, 10.000000, 0.000102, 293.150000, -0.497283, 0.000000, 293.150000, -4.972833, -0.497283, -0.497283, 298.122833, 0.100000, 0.001020, 0.000100, 0.001020, 0.000100, 0.000000, 0.000100, 298.122833, 10.000000, 293.150000, 10.000000, 0.000102, 10.000000, 0.000102, 0.000000, 0.000102, 10.000000, 298.122833, 298.122833, 25.000000, 24.972833, -0.497283, 0.012283, 0.000000, 0.000100, 0, 0
6.4, 0.000000, 298.024364, 0.000000, 0.000000, 0.000000, 16.000000, 0.000002, 0.000100, 0.000002, 0.000102, 29.802436, 0.001019, 298.024364, 0.500000, 0.000000, -0.000002, 0.004000, 298.024364, 4.166670, -0.487436, 298.024364, 0.000000, -0.487436, 10.000000, 0.000000, 0.000000, 0.100000, 0.000000, 298.000000, 0.000000, 0.000000, 298.024364, 0.000000, 0.000000, 298.150000, 2.000000, 100000.000000, 0.000100, 298.150000, 0.000102, 0.000000, 8.000000, 298.024364, 0.000100, 298.150000, 10.000000, 298.024364, 298.150000, 298.150000, 298.150000, 0.000002, 293.150000, 298.024364, 5000000.000000, 0.000000, 0.001019, 0.001019, 0.000000, 10.000000, 10.000000, 0.000002, 0.000002, 10.000000, 0.000002, 0.001019, 0.000000, 0.001019, 0.000000, 0.000000, 0.000000, 5000000.000000, 9.998981, 0.000100, 10.000000, 0.000100, 0.001019, 0.000100, 0.000000, 0.000010, 100000.000000, 10.194975, 0.001019, 0.000100, 10.000000, 0.000102, 293.150000, -0.487436, 0.000000, 293.150000, -4.874364, -0.487436, -0.487436, 298.024364, 0.100000, 0.001019, 0.000100, 0.001019, 0.000100, 0.000000, 0.000100, 298.024364, 10.000000, 293.150000, 10.000000, 0.000102, 10.000000, 0.000102, 0.000000, 0.000102, 10.000000, 298.024364, 298.024364, 25.000000, 24.874364, -0.487436, 0.002436, 0.000000, 0.000100, 0, 0
6.42, 0.000000, 297.927846, 0.000000, 0.000000, 0.000000, 16.000000, 0.000002, 0.000100, 0.000002, 0.000102, 29.792785, 0.001019, 297.927846, 0.500000, 0.000000, -0.000002, 0.004000, 297.927846, 4.166670, -0.477785, 297.927846, 0.000000, -0.477785, 10.000000, 0.000000, 0.000000, 0.100000, 0.000000, 298.000000, 0.000000, 0.000000, 297.927846, 0.000000, 0.000000, 298.150000, 2.000000, 100000.000000, 0.000100, 298.150000, 0.000102, 0.000000, 8.000000, 297.927846, 0.000100, 298.150000, 10.000000, 297.927846, 298.150000, 298.150000, 298.150000, 0.000002, 293.150000, 297.927846, 5000000.000000, 0.000000, 0.001019, 0.001019, 0.000000, 10.000000, 10.000000, 0.000002, 0.000002, 10.000000, 0.000002, 0.001019, 0.000000, 0.001019, 0.000000, 0.000000, 0.000000, 5000000.000000, 9.998981, 0.000100, 10.000000, 0.000100, 0.001019, 0.000100, 0.000000, 0.000010, 100000.000000, 10.191114, 0.001019, 0.000100, 10.000000, 0.000102, 293.150000, -0.477785, 0.000000, 293.150000, -4.777846, -0.477785, -0.477785, 297.927846, 0.100000, 0.001019, 0.000100, 0.001019, 0.000100, 0.000000, 0.000100, 297.927846, 10.000000, 293.150000, 10.000000, 0.000102, 10.000000, 0.000102, 0.000000, 0.000102, 10.000000, 297.927846, 297.927846, 25.000000, 24.777846, -0.477784, -0.007215, 0.000000, 0.000100, 0, 0
6.44, 0.000000, 297.833238, 0.000000, 0.000000, 0.000000, 16.000000, 0.000002, 0.000100, 0.000002, 0.000102, 29.783324, 0.001019, 297.833238, 0.500000, 0.000000, -0.000002, 0.004000, 297.833238, 4.166670, -0.468324, 297.833238, 0.000000, -0.468324, 10.000000, 0.000000, 0.000000, 0.100000, 0.000000, 298.000000, 0.000000, 0.000000, 297.833238, 0.000000, 0.000000, 298.150000, 2.000000, 100000.000000, 0.000100, 298.150000, 0.000102, 0.000000, 8.000000, 297.833238, 0.000100, 298.150000, 10.000000, 297.833238, 298.150000, 298.150000, 298.150000, 0.000002, 293.150000, 297.833238, 5000000.000000, 0.000000, 0.001019, 0.001019, 0.000000, 10.000000, 10.000000, 0.000002, 0.000002, 10.000000, 0.000002, 0.001019, 0.000000, 0.001019, 0.000000, 0.000000, 0.000000, 5000000.000000, 9.998981, 0.000100, 10.000000, 0.000100, 0.001019, 0.000100, 0.000000, 0.000010, 100000.000000, 10.187330, 0.001019, 0.000100, 10.000000, 0.000102, 293.150000, -0.468324, 0.000000, 293.150000, -4.683238, -0.468324, -0.468324, 297.833238, 0.100000, 0.001019, 0.000100, 0.001019, 0.000100, 0.000000, 0.000100, 297.833238, 10.000000, 293.150000, 10.000000, 0.000102, 10.000000, 0.000102, 0.000000, 0.000102, 10.000000, 297.833238, 297.833238, 25.000000, 24.683238, -0.468324, -0.016676, 0.000000, 0.000100, 0, 0
6.46, 0.000000, 297.740504, 0.000000, 0.000000, 0.000000, 16.000000, 0.000002, 0.000100, 0.000002, 0.000102, 29.774050, 0.001018, 297.740504, 0.500000, 0.000000, -0.000002, 0.004000, 297.740504, 4.166670, -0.459050, 297.740504, 0.000000, -0.459050, 10.000000, 0.000000, 0.000000, 0.100000, 0.000000, 298.000000, 0.000000, 0.000000, 297.740504, 0.000000, 0.000000, 298.150000, 2.000000, 100000.000000, 0.000100, 298.150000, 0.000102, 0.000000, 8.000000, 297.740504, 0.000100, 298.150000, 10.000000, 297.740504, 298.150000, 298.150000, 298.150000, 0.000002, 293.150000, 297.740504, 5000000.000000, 0.000000, 0.001018, 0.001018, 0.000000, 10.000000, 10.000000, 0.000002, 0.000002, 10.000000, 0.000002, 0.001018, 0.000000, 0.001018, 0.000000, 0.000000, 0.000000, 5000000.000000, 9.998982, 0.000100, 10.000000, 0.000100, 0.001018, 0.000100, 0.000000, 0.000010, 100000.000000, 10.183620, 0.001018, 0.000100, 10.000000, 0.000102, 293.150000, -0.459050, 0.000000, 293.150000, -4.590504, -0.459050, -0.459050, 297.740504, 0.100000, 0.001018, 0.000100, 0.001018, 0.000100, 0.000000, 0.000100, 297.740504, 10.000000, 293.150000, 10.000000, 0.000102, 10.000000, 0.000102, 0.000000, 0.000102, 10.000000, 297.740504, 297.740504, 25.000000, 24.590504, -0.459050, -0.025950, 0.000000, 0.000100, 0, 0
6.48, 0.000000, 297.649606, 0.000000, 0.000000, 0.000000, 16.000000, 0.000002, 0.000100, 0.000002, 0.000102, 29.764961, 0.001018, 297.649606, 0.500000, 0.000000, -0.000002, 0.004000, 297.649606, 4.166670, -0.449961, 297.649606, 0.000000, -0.449961, 10.000000, 0.000000, 0.000000, 0.100000, 0.000000, 298.000000, 0.000000, 0.000000, 297.649606, 0.000000, 0.000000, 298.150000, 2.000000, 100000.000000, 0.000100, 298.150000, 0.000102, 0.000000, 8.000000, 297.649606, 0.000100, 298.150000, 10.000000, 297.649606, 298.150000, 298.150000, 298.150000, 0.000002, 293.150000, 297.649606, 5000000.000000, 0.000000, 0.001018, 0.001018, 0.000000, 10.000000, 10.000000, 0.000002, 0.000002, 10.000000, 0.000002, 0.001018, 0.000000, 0.001018, 0.000000, 0.000000, 0.000000, 5000000.000000, 9.998982, 0.000100, 10.000000, 0.000100, 0.001018, 0.000100, 0.000000, 0.000010, 100000.000000, 10.179984, 0.001018, 0.000100, 10.000000, 0.000102, 293.150000, -0.449961, 0.000000, 293.150000, -4.499606, -0.449961, -0.449961, 297.649606, 0.100000, 0.001018, 0.000100, 0.001018, 0.000100, 0.000000, 0.000100, 297.649606, 10.000000, 293.150000, 10.000000, 0.000102, 10.000000, 0.000102, 0.000000, 0.000102, 10.000000, 297.649606, 297.649606, 25.000000, 24.499606, -0.449960, -0.035039, 0.000000, 0.000100, 0, 0
6.5, 0.000000, 297.560507, 0.000000, 0.000000, 0.000000, 16.000000, 0.000002, 0.000100, 0.000002, 0.000102, 29.756051, 0.001018, 297.560507, 0.500000, 0.000000, -0.000002, 0.004000, 297.560507, 4.166670, -0.441051, 297.560507, 0.000000, -0.441051, 10.000000, 0.000000, 0.000000, 0.100000, 0.000000, 298.000000, 0.000000, 0.000000, 297.560507, 0.000000, 0.000000, 298.150000, 2.000000, 100000.000000, 0.000100, 298.150000, 0.000102, 0.000000, 8.000000, 297.560507, 0.000100, 298.150000, 10.000000, 297.560507, 298.150000, 298.150000, 298.150000, 0.000002, 293.150000, 297.560507, 5000000.000000, 0.000000, 0.001018, 0.001018, 0.000000, 10.000000, 10.000000, 0.000002, 0.000002, 10.000000, 0.000002, 0.001018, 0.000000, 0.001018, 0.000000, 0.000000, 0.000000, 5000000.000000, 9.998982, 0.000100, 10.000000, 0.000100, 0.001018, 0.000100, 0.000000, 0.000010, 100000.000000, 10.176420, 0.001018, 0.000100, 10.000000, 0.000102, 293.150000, -0.441051, 0.000000, 293.150000, -4.410507, -0.441051, -0.441051, 297.560507, 0.100000, 0.001018, 0.000100, 0.001018, 0.000100, 0.000000, 0.000100, 297.560507, 10.000000, 293.150000, 10.000000, 0.000102, 10.000000, 0.000102, 0.000000, 0.000102, 10.000000, 297.560507, 297.560507, 25.000000, 24.410507, -0.441051, -0.043949, 0.000000, 0.000100, 0, 0
6.52, 0.000000, 297.473174, 0.000000, 0.000000, 0.000000, 16.000000, 0.000002, 0.000100, 0.000002, 0.000102, 29.747317, 0.001017, 297.473174, 0.500000, 0.000000, -0.000002, 0.004000, 297.473174, 4.166670, -0.432317, 297.473174, 0.000000, -0.432317, 10.000000, 0.000000, 0.000000, 0.100000, 0.000000, 298.000000, 0.000000, 0.000000, 297.473174, 0.000000, 0.000000, 298.150000, 2.000000, 100000.000000, 0.000100, 298.150000, 0.000102, 0.000000, 8.000000, 297.473174, 0.000100, 298.150000, 10.000000, 297.473174, 298.150000, 298.150000, 298.150000, 0.000002, 293.150000, 297.473174, 5000000.000000, 0.000000, 0.001017, 0.001017, 0.000000, 10.000000, 10.000000, 0.000002, 0.000002, 10.000000, 0.000002, 0.001017, 0.000000, 0.001017, 0.000000, 0.000000, 0.000000, 5000000.000000, 9.998983, 0.000100, 10.000000, 0.000100, 0.001017, 0.000100, 0.000000, 0.000010, 100000.000000, 10.172927, 0.001017, 0.000100, 10.000000, 0.000102, 293.150000, -0.432317, 0.000000, 293.150000, -4.323174, -0.432317, -0.432317, 297.473174, 0.100000, 0.001017, 0.000100, 0.001017, 0.000100, 0.000000, 0.000100, 297.473174, 10.000000, 293.150000, 10.000000, 0.000102, 10.000000, 0.000102, 0.000000, 0.000102, 10.000000, 297.473174, 297.473174, 25.000000, 24.323174, -0.432317, -0.052683, 0.000000, 0.000100, 0, 0
6.54, 0.000000, 297.387569, 0.000000, 0.000000, 0.000000, 16.000000, 0.000002, 0.000100, 0.000002, 0.000102, 29.738757, 0.001017, 297.387569, 0.500000, 0.000000, -0.000002, 0.004000, 297.387569, 4.166670, -0.423757, 297.387569, 0.000000, -0.423757, 10.000000, 0.000000, 0.000000, 0.100000, 0.000000, 298.000000, 0.000000, 0.000000, 297.387569, 0.000000, 0.000000, 298.150000, 2.000000, 100000.000000, 0.000100, 298.150000, 0.000102, 0.000000, 8.000000, 297.387569, 0.000100, 298.150000, 10.000000, 297.387569, 298.150000, 298.150000, 298.150000, 0.000002, 293.150000, 297.387569, 5000000.000000, 0.000000, 0.001017, 0.001017, 0.000000, 10.000000, 10.000000, 0.000002, 0.000002, 10.000000, 0.000002, 0.001017, 0.000000, 0.001017, 0.000000, 0.000000, 0.000000, 5000000.000000, 9.998983, 0.000100, 10.000000, 0.000100, 0.001017, 0.000100, 0.000000, 0.000010, 100000.000000, 10.169503, 0.001017, 0.000100, 10.000000, 0.000102, 293.150000, -0.423757, 0.000000, 293.150000, -4.237569, -0.423757, -0.423757, 297.387569, 0.100000, 0.001017, 0.000100, 0.001017, 0.000100, 0.000000, 0.000100, 297.387569, 10.000000, 293.150000, 10.000000, 0.000102, 10.000000, 0.000102, 0.000000, 0.000102, 10.000000, 297.387569, 297.387569, 25.000000, 24.237569, -0.423757, -0.061243, 0.000000, 0.000100, 0, 0
6.56, 0.000000, 297.303660, 0.000000, 0.000000, 0.000000, 16.000000, 0.000002, 0.000100, 0.000002, 0.000102, 29.730366, 0.001017, 297.303660, 0.500000, 0.000000, -0.000002, 0.004000, 297.303660, 4.166670, -0.415366, 297.303660, 0.000000, -0.415366, 10.000000, 0.000000, 0.000000, 0.100000, 0.000000, 298.000000, 0.000000, 0.000000, 297.303660, 0.000000, 0.000000, 298.150000, 2.000000, 100000.000000, 0.000100, 298.150000, 0.000102, 0.000000, 8.000000, 297.303660, 0.000100, 298.150000, 10.000000, 297.303660, 298.150000, 298.150000, 298.150000, 0.000002, 293.150000, 297.303660, 5000000.000000, 0.000000, 0.001017, 0.001017, 0.000000, 10.000000, 10.000000, 0.000002, 0.000002, 10.000000, 0.000002, 0.001017, 0.000000, 0.001017, 0.000000, 0.000000, 0.000000, 5000000.000000, 9.998983, 0.000100, 10.000000, 0.000100, 0.001017, 0.000100, 0.000000, 0.000010, 100000.000000, 10.166146, 0.001017, 0.000100, 10.000000, 0.000102, 293.150000, -0.415366, 0.000000, 293.150000, -4.153660, -0.415366, -0.415366, 297.303660, 0.100000, 0.001017, 0.000100, 0.001017, 0.000100, 0.000000, 0.000100, 297.303660, 10.000000, 293.150000, 10.000000, 0.000102, 10.000000, 0.000102, 0.000000, 0.000102, 10.000000, 297.303660, 297.303660, 25.000000, 24.153660, -0.415366, -0.069634, 0.000000, 0.000100, 0, 0
6.58, 0.000000, 297.221412, 0.000000, 0.000000, 0.000000, 16.000000, 0.000002, 0.000100, 0.000002, 0.000102, 29.722141, 0.001016, 297.221412, 0.500000, 0.000000, -0.000002, 0.004000, 297.221412, 4.166670, -0.407141, 297.221412, 0.000000, -0.407141, 10.000000, 0.000000, 0.000000, 0.100000, 0.000000, 298.000000, 0.000000, 0.000000, 297.221412, 0.000000, 0.000000, 298.150000, 2.000000, 100000.000000, 0.000100, 298.150000, 0.000102, 0.000000, 8.000000, 297.221412, 0.000100, 298.150000, 10.000000, 297.221412, 298.150000, 298.150000, 298.150000, 0.000002, 293.150000, 297.221412, 5000000.000000, 0.000000, 0.001016, 0.001016, 0.000000, 10.000000, 10.000000, 0.000002, 0.000002, 10.000000, 0.000002, 0.001016, 0.000000, 0.001016, 0.000000, 0.000000, 0.000000, 5000000.000000, 9.998984, 0.000100, 10.000000, 0.000100, 0.001016, 0.000100, 0.000000, 0.000010, 100000.000000, 10.162856, 0.001016, 0.000100, 10.000000, 0.000102, 293.150000, -0.407141, 0.000000, 293.150000, -4.071412, -0.407141, -0.407141, 297.221412, 0.100000, 0.001016, 0.000100, 0.001016, 0.000100, 0.000000, 0.000100, 297.221412, 10.000000, 293.150000, 10.000000, 0.000102, 10.000000, 0.000102, 0.000000, 0.000102, 10.000000, 297.221412, 297.221412, 25.000000, 24.071412, -0.407141, -0.077859, 0.000000, 0.000100, 0, 0
6.6, 0.000000, 297.366813, 0.000000, 0.000000, 0.000000, 16.000000, 0.000002, 0.983412, 0.000002, 0.983416, 29.736681, 9.999990, 297.366813, 0.500000, 0.000000, -0.000004, 0.004000, 297.366813, 4.166670, -0.421681, 297.366813, 0.000002, -0.421681, 10.000000, 0.000000, 9.834106, 0.100000, 0.000000, 298.000000, 0.000000, 1.000000, 297.366813, 1.000000, 0.000000, 298.150000, 2.000000, 100000.000000, 0.983412, 298.150000, 0.983416, 0.000000, 8.000000, 297.366813, 0.983414, 298.150000, 10.000000, 297.366813, 298.150000, 298.150000, 298.150000, 0.000002, 293.150000, 297.366813, 5000000.000000, 0.000002, 9.999990, 9.999990, 0.000002, 10.000000, 10.000000, 0.000002, 0.000002, 10.000000, 0.000002, 9.999990, 0.000002, 9.999990, 0.000002, 0.000000, 0.000002, 5000000.000000, 0.000010, 0.983414, 10.000000, 0.983414, 9.999990, 0.983414, 1.000000, 0.000010, 0.000010, 10.168673, 9.999990, 0.983412, 10.000000, 0.983416, 293.150000, -0.421681, 9.834106, 293.150000, -4.216813, -0.421681, -0.421681, 297.366813, 0.100000, 9.999990, 0.983412, 9.999990, 0.983412, 0.000000, 0.983412, 297.366813, 10.000000, 293.150000, 10.000000, 0.983416, 10.000000, 0.983416, 0.000000, 0.983416, 10.000000, 297.366813, 297.366813, 25.000000, 24.216813, 9.412425, -0.063319, 0.000000, 0.983414, 1, 1
6.62, 0.000000, 299.145383, 0.000000, 0.000000, 0.000000, 16.000000, 0.000002, 0.000100, 0.000002, 0.000102, 29.914538, 0.001024, 299.145383, 0.500000, 0.000000, -0.000002, 0.004000, 299.145383, 4.166670, -0.599538, 299.145383, 0.000000, -0.599538, 10.000000, 0.000000, 0.000000, 0.100000, 0.000000, 298.000000, 0.000000, 0.000000, 299.145383, 0.000000, 0.000000, 298.150000, 2.000000, 100000.000000, 0.000100, 298.150000, 0.000102, 0.000000, 8.000000, 299.145383, 0.000100, 298.150000, 10.000000, 299.145383, 298.150000, 298.150000, 298.150000, 0.000002, 293.150000, 299.145383, 5000000.000000, 0.000000, 0.001024, 0.001024, 0.000000, 10.000000, 10.000000, 0.000002, 0.000002, 10.000000, 0.000002, 0.001024, 0.000000, 0.001024, 0.000000, 0.000000, 0.000000, 5000000.000000, 9.998976, 0.000100, 10.000000, 0.000100, 0.001024, 0.000100, 0.000000, 0.000010, 100000.000000, 10.239815, 0.001024, 0.000100, 10.000000, 0.000102, 293.150000, -0.599538, 0.000000, 293.150000, -5.995383, -0.599538, -0.599538, 299.145383, 0.100000, 0.001024, 0.000100, 0.001024, 0.000100, 0.000000, 0.000100, 299.145383, 10.000000, 293.150000, 10.000000, 0.000102, 10.000000, 0.000102, 0.000000, 0.000102, 10.000000, 299.145383, 299.145383, 25.000000, 25.995383, -0.599538, 0.114538, 0.000000, 0.000100, 0, 0
6.64, 0.000000, 299.026667, 0.000000, 0.000000, 0.000000, 16.000000, 0.000002, 0.000100, 0.000002, 0.000102, 29.902667, 0.001023, 299.026667, 0.500000, 0.000000, -0.000002, 0.004000, 299.026667, 4.166670, -0.587667, 299.026667, 0.000000, -0.587667, 10.000000, 0.000000, 0.000000, 0.100000, 0.000000, 298.000000, 0.000000, 0.000000, 299.026667, 0.000000, 0.000000, 298.150000, 2.000000, 100000.000000, 0.000100, 298.150000, 0.000102, 0.000000, 8.000000, 299.026667, 0.000100, 298.150000, 10.000000, 299.026667, 298.150000, 298.150000, 298.150000, 0.000002, 293.150000, 299.026667, 5000000.000000, 0.000000, 0.001023, 0.001023, 0.000000, 10.000000, 10.000000, 0.000002, 0.000002, 10.000000, 0.000002, 0.001023, 0.000000, 0.001023, 0.000000, 0.000000, 0.000000, 5000000.000000, 9.998977, 0.000100, 10.000000, 0.000100, 0.001023, 0.000100, 0.000000, 0.000010, 100000.000000, 10.235067, 0.001023, 0.000100, 10.000000, 0.000102, 293.150000, -0.587667, 0.000000, 293.150000, -5.876667, -0.587667, -0.587667, 299.026667, 0.100000, 0.001023, 0.000100, 0.001023, 0.000100, 0.000000, 0.000100, 299.026667, 10.000000, 293.150000, 10.000000, 0.000102, 10.000000, 0.000102, 0.000000, 0.000102, 10.000000, 299.026667, 299.026667, 25.000000, 25.876667, -0.587667, 0.102667, 0.000000, 0.000100, 0, 0
6.66, 0.000000, 298.910301, 0.000000, 0.000000, 0.000000, 16.000000, 0.000002, 0.000100, 0.000002, 0.000102, 29.891030, 0.001023, 298.910301, 0.500000, 0.000000, -0.000002, 0.004000, 298.910301, 4.166670, -0.576030, 298.910301, 0.000000, -0.576030, 10.000000, 0.000000, 0.000000, 0.100000, 0.000000, 298.000000, 0.000000, 0.000000, 298.910301, 0.000000, 0.000000, 298.150000, 2.000000, 100000.000000, 0.000100, 298.150000, 0.000102, 0.000000, 8.000000, 298.910301, 0.000100, 298.150000, 10.000000, 298.910301, 298.150000, 298.150000, 298.150000, 0.000002, 293.150000, 298.910301, 5000000.000000, 0.000000, 0.001023, 0.001023, 0.000000, 10.000000, 10.000000, 0.000002, 0.000002, 10.000000, 0.000002, 0.001023, 0.000000, 0.001023, 0.000000, 0.000000, 0.000000, 5000000.000000, 9.998977, 0.000100, 10.000000, 0.000100, 0.001023, 0.000100, 0.000000, 0.000010, 100000.000000, 10.230412, 0.001023, 0.000100, 10.000000, 0.000102, 293.150000, -0.576030, 0.000000, 293.150000, -5.760301, -0.576030, -0.576030, 298.910301, 0.100000, 0.001023, 0.000100, 0.001023, 0.000100, 0.000000, 0.000100, 298.910301, 10.000000, 293.150000, 10.000000, 0.000102, 10.000000, 0.000102, 0.000000, 0.000102, 10.000000, 298.910301, 298.910301, 25.000000, 25.760301, -0.576030, 0.091030, 0.000000, 0.000100, 0, 0
6.68, 0.000000, 298.796239, 0.000000, 0.000000, 0.000000, 16.000000, 0.000002, 0.000100, 0.000002, 0.000102, 29.879624, 0.001022, 298.796239, 0.500000, 0.000000, -0.000002, 0.004000, 298.796239, 4.166670, -0.564624, 298.796239, 0.000000, -0.564624, 10.000000, 0.000000, 0.000000, 0.100000, 0.000000, 298.000000, 0.000000, 0.000000, 298.796239, 0.000000, 0.000000, 298.150000, 2.000000, 100000.000000, 0.000100, 298.150000, 0.000102, 0.000000, 8.000000, 298.796239, 0.000100, 298.150000, 10.000000, 298.796239, 298.150000, 298.150000, 298.150000, 0.000002, 293.150000, 298.796239, 5000000.000000, 0.000000, 0.001022, 0.001022, 0.000000, 10.000000, 10.000000, 0.000002, 0.000002, 10.000000, 0.000002, 0.001022, 0.000000, 0.001022, 0.000000, 0.000000, 0.000000, 5000000.000000, 9.998978, 0.000100, 10.000000, 0.000100, 0.001022, 0.000100, 0.000000, 0.000010, 100000.000000, 10.225850, 0.001022, 0.000100, 10.000000, 0.000102, 293.150000, -0.564624, 0.000000, 293.150000, -5.646239, -0.564624, -0.564624, 298.796239, 0.100000, 0.001022, 0.000100, 0.001022, 0.000100, 0.000000, 0.000100, 298.796239, 10.000000, 293.150000, 10.000000, 0.000102, 10.000000, 0.000102, 0.000000, 0.000102, 10.000000, 298.796239, 298.796239, 25.000000, 25.646239, -0.564624, 0.079624, 0.000000, 0.000100, 0, 0
6.7, 0.000000, 298.684436, 0.000000, 0.000000, 0.000000, 16.000000, 0.000002, 0.000100, 0.000002, 0.000102, 29.868444, 0.001022, 298.684436, 0.500000, 0.000000, -0.000002, 0.004000, 298.684436, 4.166670, -0.553444, 298.684436, 0.000000, -0.553444, 10.000000, 0.000000, 0.000000, 0.100000, 0.000000, 298.000000, 0.000000, 0.000000, 298.684436, 0.000000, 0.000000, 298.150000, 2.000000, 100000.000000, 0.000100, 298.150000, 0.000102, 0.000000, 8.000000, 298.684436, 0.000100, 298.150000, 10.000000, 298.684436, 298.150000, 298.150000, 298.150000, 0.000002, 293.150000, 298.684436, 5000000.000000, 0.000000, 0.001022, 0.001022, 0.000000, 10.000000, 10.000000, 0.000002, 0.000002, 10.000000, 0.000002, 0.001022, 0.000000, 0.001022, 0.000000, 0.000000, 0.000000, 5000000.000000, 9.998978, 0.000100, 10.000000, 0.000100, 0.001022, 0.000100, 0.000000, 0.000010, 100000.000000, 10.221377, 0.001022, 0.000100, 10.000000, 0.000102, 293.150000, -0.553444, 0.000000, 293.150000, -5.534436, -0.553444, -0.553444, 298.684436, 0.100000, 0.001022, 0.000100, 0.001022, 0.000100, 0.000000, 0.000100, 298.684436, 10.000000, 293.150000, 10.000000, 0.000102, 10.000000, 0.000102, 0.000000, 0.000102, 10.000000, 298.684436, 298.684436, 25.000000, 25.534436, -0.553444, 0.068444, 0.000000, 0.000100, 0, 0
6.72, 0.000000, 298.574847, 0.000000, 0.000000, 0.000000, 16.000000, 0.000002, 0.000100, 0.000002, 0.000102, 29.857485, 0.001022, 298.574847, 0.500000, 0.000000, -0.000002, 0.004000, 298.574847, 4.166670, -0.542485, 298.574847, 0.000000, -0.542485, 10.000000, 0.000000, 0.000000, 0.100000, 0.000000, 298.000000, 0.000000, 0.000000, 298.574847, 0.000000, 0.000000, 298.150000, 2.000000, 100000.000000, 0.000100, 298.150000, 0.000102, 0.000000, 8.000000, 298.574847, 0.000100, 298.150000, 10.000000, 298.574847, 298.150000, 298.150000, 298.150000, 0.000002, 293.150000, 298.574847, 5000000.000000, 0.000000, 0.001022, 0.001022, 0.000000, 10.000000, 10.000000, 0.000002, 0.000002, 10.000000, 0.000002, 0.001022, 0.000000, 0.001022, 0.000000, 0.000000, 0.000000, 5000000.000000, 9.998978, 0.000100, 10.000000, 0.000100, 0.001022, 0.000100, 0.000000, 0.000010, 100000.000000, 10.216994, 0.001022, 0.000100, 10.000000, 0.000102, 293.150000, -0.542485, 0.000000, 293.150000, -5.424847, -0.542485, -0.542485, 298.574847, 0.100000, 0.001022, 0.000100, 0.001022, 0.000100, 0.000000, 0.000100, 298.574847, 10.000000, 293.150000, 10.000000, 0.000102, 10.000000, 0.000102, 0.000000, 0.000102, 10.000000, 298.574847, 298.574847, 25.000000, 25.424847, -0.542485, 0.057485, 0.000000, 0.000100, 0, 0
6.74, 0.000000, 298.467428, 0.000000, 0.000000, 0.000000, 16.000000, 0.000002, 0.000100, 0.000002, 0.000102, 29.846743, 0.001021, 298.467428, 0.500000, 0.000000, -0.000002, 0.004000, 298.467428, 4.166670, -0.531743, 298.467428, 0.000000, -0.531743, 10.000000, 0.000000, 0.000000, 0.100000, 0.000000, 298.000000, 0.000000, 0.000000, 298.467428, 0.000000, 0.000000, 298.150000, 2.000000, 100000.000000, 0.000100, 298.150000, 0.000102, 0.000000, 8.000000, 298.467428, 0.000100, 298.150000, 10.000000, 298.467428, 298.150000, 298.150000, 298.150000, 0.000002, 293.150000, 298.467428, 5000000.000000, 0.000000, 0.001021, 0.001021, 0.000000, 10.000000, 10.000000, 0.000002, 0.000002, 10.000000, 0.000002, 0.001021, 0.000000, 0.001021, 0.000000, 0.000000, 0.000000, 5000000.000000, 9.998979, 0.000100, 10.000000, 0.000100, 0.001021, 0.000100, 0.000000, 0.000010, 100000.000000, 10.212697, 0.001021, 0.000100, 10.000000, 0.000102, 293.150000, -0.531743, 0.000000, 293.150000, -5.317428, -0.531743, -0.531743, 298.467428, 0.100000, 0.001021, 0.000100, 0.001021, 0.000100, 0.000000, 0.000100, 298.467428, 10.000000, 293.150000, 10.000000, 0.000102, 10.000000, 0.000102, 0.000000, 0.000102, 10.000000, 298.467428, 298.467428, 25.000000, 25.317428, -0.531743, 0.046743, 0.000000, 0.000100, 0, 0
6.76, 0.000000, 298.362136, 0.000000, 0.000000, 0.000000, 16.000000, 0.000002, 0.000100, 0.000002, 0.000102, 29.836214, 0.001021, 298.362136, 0.500000, 0.000000, -0.000002, 0.004000, 298.362136, 4.166670, -0.521214, 298.362136, 0.000000, -0.521214, 10.000000, 0.000000, 0.000000, 0.100000, 0.000000, 298.000000, 0.000000, 0.000000, 298.362136, 0.000000, 0.000000, 298.150000, 2.000000, 100000.000000, 0.000100, 298.150000, 0.000102, 0.000000, 8.000000, 298.362136, 0.000100, 298.150000, 10.000000, 298.362136, 298.150000, 298.150000, 298.150000, 0.000002, 293.150000, 298.362136, 5000000.000000, 0.000000, 0.001021, 0.001021, 0.000000, 10.000000, 10.000000, 0.000002, 0.000002, 10.000000, 0.000002, 0.001021, 0.000000, 0.001021, 0.000000, 0.000000, 0.000000, 5000000.000000, 9.998979, 0.000100, 10.000000, 0.000100, 0.001021, 0.000100, 0.000000, 0.000010, 100000.000000, 10.208485, 0.001021, 0.000100, 10.000000, 0.000102, 293.150000, -0.521214, 0.000000, 293.150000, -5.212136, -0.521214, -0.521214, 298.362136, 0.100000, 0.001021, 0.000100, 0.001021, 0.000100, 0.000000, 0.000100, 298.362136, 10.000000, 293.150000, 10.000000, 0.000102, 10.000000, 0.000102, 0.000000, 0.000102, 10.000000, 298.362136, 298.362136, 25.000000, 25.212136, -0.521213, 0.036214, 0.000000, 0.000100, 0, 0
6.78, 0.000000, 298.258929, 0.000000, 0.000000, 0.000000, 16.000000, 0.000002, 0.000100, 0.000002, 0.000102, 29.825893, 0.001020, 298.258929, 0.500000, 0.000000, -0.000002, 0.004000, 298.258929, 4.166670, -0.510893, 298.258929, 0.000000, -0.510893, 10.000000, 0.000000, 0.000000, 0.100000, 0.000000, 298.000000, 0.000000, 0.000000, 298.258929, 0.000000, 0.000000, 298.150000, 2.000000, 100000.000000, 0.000100, 298.150000, 0.000102, 0.000000, 8.000000, 298.258929, 0.000100, 298.150000, 10.000000, 298.258929, 298.150000, 298.150000, 298.150000, 0.000002, 293.150000, 298.258929, 5000000.000000, 0.000000, 0.001020, 0.001020, 0.000000, 10.000000, 10.000000, 0.000002, 0.000002, 10.000000, 0.000002, 0.001020, 0.000000, 0.001020, 0.000000, 0.000000, 0.000000, 5000000.000000, 9.998980, 0.000100, 10.000000, 0.000100, 0.001020, 0.000100, 0.000000, 0.000010, 100000.000000, 10.204357, 0.001020, 0.000100, 10.000000, 0.000102, 293.150000, -0.510893, 0.000000, 293.150000, -5.108929, -0.510893, -0.510893, 298.258929, 0.100000, 0.001020, 0.000100, 0.001020, 0.000100, 0.000000, 0.000100, 298.258929, 10.000000, 293.150000, 10.000000, 0.000102, 10.000000, 0.000102, 0.000000, 0.000102, 10.000000, 298.258929, 298.258929, 25.000000, 25.108929, -0.510893, 0.025893, 0.000000, 0.000100, 0, 0
6.8, 0.000000, 298.157765, 0.000000, 0.000000, 0.000000, 16.000000, 0.000002, 0.000100, 0.000002, 0.000102, 29.815777, 0.001020, 298.157765, 0.500000, 0.000000, -0.000002, 0.004000, 298.157765, 4.166670, -0.500777, 298.157765, 0.000000, -0.500777, 10.000000, 0.000000, 0.000000, 0.100000, 0.000000, 298.000000, 0.000000, 0.000000, 298.157765, 0.000000, 0.000000, 298.150000, 2.000000, 100000.000000, 0.000100, 298.150000, 0.000102, 0.000000, 8.000000, 298.157765, 0.000100, 298.150000, 10.000000, 298.157765, 298.150000, 298.150000, 298.150000, 0.000002, 293.150000, 298.157765, 5000000.000000, 0.000000, 0.001020, 0.001020, 0.000000, 10.000000, 10.000000, 0.000002, 0.000002, 10.000000, 0.000002, 0.001020, 0.000000, 0.001020, 0.000000, 0.000000, 0.000000, 5000000.000000, 9.998980, 0.000100, 10.000000, 0.000100, 0.001020, 0.000100, 0.000000, 0.000010, 100000.000000, 10.200311, 0.001020, 0.000100, 10.000000, 0.000102, 293.150000, -0.500777, 0.000000, 293.150000, -5.007765, -0.500777, -0.500777, 298.157765, 0.100000, 0.001020, 0.000100, 0.001020, 0.000100, 0.000000, 0.000100, 298.157765, 10.000000, 293.150000, 10.000000, 0.000102, 10.000000, 0.000102, 0.000000, 0.000102, 10.000000, 298.157765, 298.157765, 25.000000, 25.007765, -0.500776, 0.015777, 0.000000, 0.000100, 0, 0
6.82, 0.000000, 298.058605, 0.000000, 0.000000, 0.000000, 16.000000, 0.000002, 0.000100, 0.000002, 0.000102, 29.805860, 0.001020, 298.058605, 0.500000, 0.000000, -0.000002, 0.004000, 298.058605, 4.166670, -0.490860, 298.058605, 0.000000, -0.490860, 10.000000, 0.000000, 0.000000, 0.100000, 0.000000, 298.000000, 0.000000, 0.000000, 298.058605, 0.000000, 0.000000, 298.150000, 2.000000, 100000.000000, 0.000100, 298.150000, 0.000102, 0.000000, 8.000000, 298.058605, 0.000100, 298.150000, 10.000000, 298.058605, 298.150000, 298.150000, 298.150000, 0.000002, 293.150000, 298.058605, 5000000.000000, 0.000000, 0.001020, 0.001020, 0.000000, 10.000000, 10.000000, 0.000002, 0.000002, 10.000000, 0.000002, 0.001020, 0.000000, 0.001020, 0.000000, 0.000000, 0.000000, 5000000.000000, 9.998980, 0.000100, 10.000000, 0.000100, 0.001020, 0.000100, 0.000000, 0.000010, 100000.000000, 10.196344, 0.001020, 0.000100, 10.000000, 0.000102, 293.150000, -0.490860, 0.000000, 293.150000, -4.908605, -0.490860, -0.490860, 298.058605, 0.100000, 0.001020, 0.000100, 0.001020, 0.000100, 0.000000, 0.000100, 298.058605, 10.000000, 293.150000, 10.000000, 0.000102, 10.000000, 0.000102, 0.000000, 0.000102, 10.000000, 298.058605, 298.058605, 25.000000, 24.908605, -0.490860, 0.005860, 0.000000, 0.000100, 0, 0
6.84, 0.000000, 297.961408, 0.000000, 0.000000, 0.000000, 16.000000, 0.000002, 0.000100, 0.000002, 0.000102, 29.796141, 0.001019, 297.961408, 0.500000, 0.000000, -0.000002, 0.004000, 297.961408, 4.166670, -0.481141, 297.961408, 0.000000, -0.481141, 10.000000, 0.000000, 0.000000, 0.100000, 0.000000, 298.000000, 0.000000, 0.000000, 297.961408, 0.000000, 0.000000, 298.150000, 2.000000, 100000.000000, 0.000100, 298.150000, 0.000102, 0.000000, 8.000000, 297.961408, 0.000100, 298.150000, 10.000000, 297.961408, 298.150000, 298.150000, 298.150000, 0.000002, 293.150000, 297.961408, 5000000.000000, 0.000000, 0.001019, 0.001019, 0.000000, 10.000000, 10.000000, 0.000002, 0.000002, 10.000000, 0.000002, 0.001019, 0.000000, 0.001019, 0.000000, 0.000000, 0.000000, 5000000.000000, 9.998981, 0.000100, 10.000000, 0.000100, 0.001019, 0.000100, 0.000000, 0.000010, 100000.000000, 10.192456, 0.001019, 0.000100, 10.000000, 0.000102, 293.150000, -0.481141, 0.000000, 293.150000, -4.811408, -0.481141, -0.481141, 297.961408, 0.100000, 0.001019, 0.000100, 0.001019, 0.000100, 0.000000, 0.000100, 297.961408, 10.000000, 293.150000, 10.000000, 0.000102, 10.000000, 0.000102, 0.000000, 0.000102, 10.000000, 297.961408, 297.961408, 25.000000, 24.811408, -0.481141, -0.003859, 0.000000, 0.000100, 0, 0
6.86, 0.000000, 297.866136, 0.000000, 0.000000, 0.000000, 16.000000, 0.000002, 0.000100, 0.000002, 0.000102, 29.786614, 0.001019, 297.866136, 0.500000, 0.000000, -0.000002, 0.004000, 297.866136, 4.166670, -0.471614, 297.866136, 0.000000, -0.471614, 10.000000, 0.000000, 0.000000, 0.100000, 0.000000, 298.000000, 0.000000, 0.000000, 297.866136, 0.000000, 0.000000, 298.150000, 2.000000, 100000.000000, 0.000100, 298.150000, 0.000102, 0.000000, 8.000000, 297.866136, 0.000100, 298.150000, 10.000000, 297.866136, 298.150000, 298.150000, 298.150000, 0.000002, 293.150000, 297.866136, 5000000.000000, 0.000000, 0.001019, 0.001019, 0.000000, 10.000000, 10.000000, 0.000002, 0.000002, 10.000000, 0.000002, 0.001019, 0.000000, 0.001019, 0.000000, 0.000000, 0.000000, 5000000.000000, 9.998981, 0.000100, 10.000000, 0.000100, 0.001019, 0.000100, 0.000000, 0.000010, 100000.000000, 10.188645, 0.001019, 0.000100, 10.000000, 0.000102, 293.150000, -0.471614, 0.000000, 293.150000, -4.716136, -0.471614, -0.471614, 297.866136, 0.100000, 0.001019, 0.000100, 0.001019, 0.000100, 0.000000, 0.000100, 297.866136, 10.000000, 293.150000, 10.000000, 0.000102, 10.000000, 0.000102, 0.000000, 0.000102, 10.000000, 297.866136, 297.866136, 25.000000, 24.716136, -0.471613, -0.013386, 0.000000, 0.000100, 0, 0
6.88, 0.000000, 297.772750, 0.000000, 0.000000, 0.000000, 16.000000, 0.000002, 0.000100, 0.000002, 0.000102, 29.777275, 0.001018, 297.772750, 0.500000, 0.000000, -0.000002, 0.004000, 297.772750, 4.166670, -0.462275, 297.772750, 0.000000, -0.462275, 10.000000, 0.000000, 0.000000, 0.100000, 0.000000, 298.000000, 0.000000, 0.000000, 297.772750, 0.000000, 0.000000, 298.150000, 2.000000, 100000.000000, 0.000100, 298.150000, 0.000102, 0.000000, 8.000000, 297.772750, 0.000100, 298.150000, 10.000000, 297.772750, 298.150000, 298.150000, 298.150000, 0.000002, 293.150000, 297.772750, 5000000.000000, 0.000000, 0.001018, 0.001018, 0.000000, 10.000000, 10.000000, 0.000002, 0.000002, 10.000000, 0.000002, 0.001018, 0.000000, 0.001018, 0.000000, 0.000000, 0.000000, 5000000.000000, 9.998982, 0.000100, 10.000000, 0.000100, 0.001018, 0.000100, 0.000000, 0.000010, 100000.000000, 10.184910, 0.001018, 0.000100, 10.000000, 0.000102, 293.150000, -0.462275, 0.000000, 293.150000, -4.622750, -0.462275, -0.462275, 297.772750, 0.100000, 0.001018, 0.000100, 0.001018, 0.000100, 0.000000, 0.000100, 297.772750, 10.000000, 293.150000, 10.000000, 0.000102, 10.000000, 0.000102, 0.000000, 0.000102, 10.000000, 297.772750, 297.772750, 25.000000, 24.622750, -0.462275, -0.022725, 0.000000, 0.000100, 0, 0
6.9, 0.000000, 297.681213, 0.000000, 0.000000, 0.000000, 16.000000, 0.000002, 0.000100, 0.000002, 0.000102, 29.768121, 0.001018, 297.681213, 0.500000, 0.000000, -0.000002, 0.004000, 297.681213, 4.166670, -0.453121, 297.681213, 0.000000, -0.453121, 10.000000, 0.000000, 0.000000, 0.100000, 0.000000, 298.000000, 0.000000, 0.000000, 297.681213, 0.000000, 0.000000, 298.150000, 2.000000, 100000.000000, 0.000100, 298.150000, 0.000102, 0.000000, 8.000000, 297.681213, 0.000100, 298.150000, 10.000000, 297.681213, 298.150000, 298.150000, 298.150000, 0.000002, 293.150000, 297.681213, 5000000.000000, 0.000000, 0.001018, 0.001018, 0.000000, 10.000000, 10.000000, 0.000002, 0.000002, 10.000000, 0.000002, 0.001018, 0.000000, 0.001018, 0.000000, 0.000000, 0.000000, 5000000.000000, 9.998982, 0.000100, 10.000000, 0.000100, 0.001018, 0.000100, 0.000000, 0.000010, 100000.000000, 10.181249, 0.001018, 0.000100, 10.000000, 0.000102, 293.150000, -0.453121, 0.000000, 293.150000, -4.531213, -0.453121, -0.453121, 297.681213, 0.100000, 0.001018, 0.000100, 0.001018, 0.000100, 0.000000, 0.000100, 297.681213, 10.000000, 293.150000, 10.000000, 0.000102, 10.000000, 0.000102, 0.000000, 0.000102, 10.000000, 297.681213, 297.681213, 25.000000, 24.531213, -0.453121, -0.031879, 0.000000, 0.000100, 0, 0
6.92, 0.000000, 297.591489, 0.000000, 0.000000, 0.000000, 16.000000, 0.000002, 0.000100, 0.000002, 0.000102, 29.759149, 0.001018, 297.591489, 0.500000, 0.000000, -0.000002, 0.004000, 297.591489, 4.166670, -0.444149, 297.591489, 0.000000, -0.444149, 10.000000, 0.000000, 0.000000, 0.100000, 0.000000, 298.000000, 0.000000, 0.000000, 297.591489, 0.000000, 0.000000, 298.150000, 2.000000, 100000.000000, 0.000100, 298.150000, 0.000102, 0.000000, 8.000000, 297.591489, 0.000100, 298.150000, 10.000000, 297.591489, 298.150000, 298.150000, 298.150000, 0.000002, 293.150000, 297.591489, 5000000.000000, 0.000000, 0.001018, 0.001018, 0.000000, 10.000000, 10.000000, 0.000002, 0.000002, 10.000000, 0.000002, 0.001018, 0.000000, 0.001018, 0.000000, 0.000000, 0.000000, 5000000.000000, 9.998982, 0.000100, 10.000000, 0.000100, 0.001018, 0.000100, 0.000000, 0.000010, 100000.000000, 10.177660, 0.001018, 0.000100, 10.000000, 0.000102, 293.150000, -0.444149, 0.000000, 293.150000, -4.441489, -0.444149, -0.444149, 297.591489, 0.100000, 0.001018, 0.000100, 0.001018, 0.000100, 0.000000, 0.000100, 297.591489, 10.000000, 293.150000, 10.000000, 0.000102, 10.000000, 0.000102, 0.000000, 0.000102, 10.000000, 297.591489, 297.591489, 25.000000, 24.441489, -0.444149, -0.040851, 0.000000, 0.000100, 0, 0
6.94, 0.000000, 297.503542, 0.000000, 0.000000, 0.000000, 16.000000, 0.000002, 0.000100, 0.000002, 0.000102, 29.750354, 0.001017, 297.503542, 0.500000, 0.000000, -0.000002, 0.004000, 297.503542, 4.166670, -0.435354, 297.503542, 0.000000, -0.435354, 10.000000, 0.000000, 0.000000, 0.100000, 0.000000, 298.000000, 0.000000, 0.000000, 297.503542, 0.000000, 0.000000, 298.150000, 2.000000, 100000.000000, 0.000100, 298.150000, 0.000102, 0.000000, 8.000000, 297.503542, 0.000100, 298.150000, 10.000000, 297.503542, 298.150000, 298.150000, 298.150000, 0.000002, 293.150000, 297.503542, 5000000.000000, 0.000000, 0.001017, 0.001017, 0.000000, 10.000000, 10.000000, 0.000002, 0.000002, 10.000000, 0.000002, 0.001017, 0.000000, 0.001017, 0.000000, 0.000000, 0.000000, 5000000.000000, 9.998983, 0.000100, 10.000000, 0.000100, 0.001017, 0.000100, 0.000000, 0.000010, 100000.000000, 10.174142, 0.001017, 0.000100, 10.000000, 0.000102, 293.150000, -0.435354, 0.000000, 293.150000, -4.353542, -0.435354, -0.435354, 297.503542, 0.100000, 0.001017, 0.000100, 0.001017, 0.000100, 0.000000, 0.000100, 297.503542, 10.000000, 293.150000, 10.000000, 0.000102, 10.000000, 0.000102, 0.000000, 0.000102, 10.000000, 297.503542, 297.503542, 25.000000, 24.353542, -0.435354, -0.049646, 0.000000, 0.000100, 0, 0
6.96, 0.000000, 297.417336, 0.000000, 0.000000, 0.000000, 16.000000, 0.000002, 0.000100, 0.000002, 0.000102, 29.741734, 0.001017, 297.417336, 0.500000, 0.000000, -0.000002, 0.004000, 297.417336, 4.166670, -0.426734, 297.417336, 0.000000, -0.426734, 10.000000, 0.000000, 0.000000, 0.100000, 0.000000, 298.000000, 0.000000, 0.000000, 297.417336, 0.000000, 0.000000, 298.150000, 2.000000, 100000.000000, 0.000100, 298.150000, 0.000102, 0.000000, 8.000000, 297.417336, 0.000100, 298.150000, 10.000000, 297.417336, 298.150000, 298.150000, 298.150000, 0.000002, 293.150000, 297.417336, 5000000.000000, 0.000000, 0.001017, 0.001017, 0.000000, 10.000000, 10.000000, 0.000002, 0.000002, 10.000000, 0.000002, 0.001017, 0.000000, 0.001017, 0.000000, 0.000000, 0.000000, 5000000.000000, 9.998983, 0.000100, 10.000000, 0.000100, 0.001017, 0.000100, 0.000000, 0.000010, 100000.000000, 10.170693, 0.001017, 0.000100, 10.000000, 0.000102, 293.150000, -0.426734, 0.000000, 293.150000, -4.267336, -0.426734, -0.426734, 297.417336, 0.100000, 0.001017, 0.000100, 0.001017, 0.000100, 0.000000, 0.000100, 297.417336, 10.000000, 293.150000, 10.000000, 0.000102, 10.000000, 0.000102, 0.000000, 0.000102, 10.000000, 297.417336, 297.417336, 25.000000, 24.267336, -0.426734, -0.058266, 0.000000, 0.000100, 0, 0
6.98, 0.000000, 297.332837, 0.000000, 0.000000, 0.000000, 16.000000, 0.000002, 0.000100, 0.000002, 0.000102, 29.733284, 0.001017, 297.332837, 0.500000, 0.000000, -0.000002, 0.004000, 297.332837, 4.166670, -0.418284, 297.332837, 0.000000, -0.418284, 10.000000, 0.000000, 0.000000, 0.100000, 0.000000, 298.000000, 0.000000, 0.000000, 297.332837, 0.000000, 0.000000, 298.150000, 2.000000, 100000.000000, 0.000100, 298.150000, 0.000102, 0.000000, 8.000000, 297.332837, 0.000100, 298.150000, 10.000000, 297.332837, 298.150000, 298.150000, 298.150000, 0.000002, 293.150000, 297.332837, 5000000.000000, 0.000000, 0.001017, 0.001017, 0.000000, 10.000000, 10.000000, 0.000002, 0.000002, 10.000000, 0.000002, 0.001017, 0.000000, 0.001017, 0.000000, 0.000000, 0.000000, 5000000.000000, 9.998983, 0.000100, 10.000000, 0.000100, 0.001017, 0.000100, 0.000000, 0.000010, 100000.000000, 10.167313, 0.001017, 0.000100, 10.000000, 0.000102, 293.150000, -0.418284, 0.000000, 293.150000, -4.182837, -0.418284, -0.418284, 297.332837, 0.100000, 0.001017, 0.000100, 0.001017, 0.000100, 0.000000, 0.000100, 297.332837, 10.000000, 293.150000, 10.000000, 0.000102, 10.000000, 0.000102, 0.000000, 0.000102, 10.000000, 297.332837, 297.332837, 25.000000, 24.182837, -0.418284, -0.066716, 0.000000, 0.000100, 0, 0
7, 0.000000, 297.250011, 0.000000, 0.000000, 0.000000, 16.000000, 0.000002, 0.000100, 0.000002, 0.000102, 29.725001, 0.001016, 297.250011, 0.500000, 0.000000, -0.000002, 0.004000, 297.250011, 4.166670, -0.410001, 297.250011, 0.000000, -0.410001, 10.000000, 0.000000, 0.000000, 0.100000, 0.000000, 298.000000, 0.000000, 0.000000, 297.250011, 0.000000, 0.000000, 298.150000, 2.000000, 100000.000000, 0.000100, 298.150000, 0.000102, 0.000000, 8.000000, 297.250011, 0.000100, 298.150000, 10.000000, 297.250011, 298.150000, 298.150000, 298.150000, 0.000002, 293.150000, 297.250011, 5000000.000000, 0.000000, 0.001016, 0.001016, 0.000000, 10.000000, 10.000000, 0.000002, 0.000002, 10.000000, 0.000002, 0.001016, 0.000000, 0.001016, 0.000000, 0.000000, 0.000000, 5000000.000000, 9.998984, 0.000100, 10.000000, 0.000100, 0.001016, 0.000100, 0.000000, 0.000010, 100000.000000, 10.164000, 0.001016, 0.000100, 10.000000, 0.000102, 293.150000, -0.410001, 0.000000, 293.150000, -4.100011, -0.410001, -0.410001, 297.250011, 0.100000, 0.001016, 0.000100, 0.001016, 0.000100, 0.000000, 0.000100, 297.250011, 10.000000, 293.150000, 10.000000, 0.000102, 10.000000, 0.000102, 0.000000, 0.000102, 10.000000, 297.250011, 297.250011, 25.000000, 24.100011, -0.410001, -0.074999, 0.000000, 0.000100, 0, 0
7.02, 0.000000, 297.168826, 0.000000, 0.000000, 0.000000, 16.000000, 0.000002, 0.000100, 0.000002, 0.000102, 29.716883, 0.001016, 297.168826, 0.500000, 0.000000, -0.000002, 0.004000, 297.168826, 4.166670, -0.401883, 297.168826, 0.000000, -0.401883, 10.000000, 0.000000, 0.000000, 0.100000, 0.000000, 298.000000, 0.000000, 0.000000, 297.168826, 0.000000, 0.000000, 298.150000, 2.000000, 100000.000000, 0.000100, 298.150000, 0.000102, 0.000000, 8.000000, 297.168826, 0.000100, 298.150000, 10.000000, 297.168826, 298.150000, 298.150000, 298.150000, 0.000002, 293.150000, 297.168826, 5000000.000000, 0.000000, 0.001016, 0.001016, 0.000000, 10.000000, 10.000000, 0.000002, 0.000002, 10.000000, 0.000002, 0.001016, 0.000000, 0.001016, 0.000000, 0.000000, 0.000000, 5000000.000000, 9.998984, 0.000100, 10.000000, 0.000100, 0.001016, 0.000100, 0.000000, 0.000010, 100000.000000, 10.160753, 0.001016, 0.000100, 10.000000, 0.000102, 293.150000, -0.401883, 0.000000, 293.150000, -4.018826, -0.401883, -0.401883, 297.168826, 0.100000, 0.001016, 0.000100, 0.001016, 0.000100, 0.000000, 0.000100, 297.168826, 10.000000, 293.150000, 10.000000, 0.000102, 10.000000, 0.000102, 0.000000, 0.000102, 10.000000, 297.168826, 297.168826, 25.000000, 24.018826, -0.401882, -0.083117, 0.000000, 0.000100, 0, 0
7.04, 0.000000, 298.579474, 0.000000, 0.000000, 0.000000, 16.000000, 0.000002, 0.978743, 0.000002, 0.978747, 29.857947, 9.999990, 298.579474, 0.500000, 0.000000, -0.000004, 0.004000, 298.579474, 4.166670, -0.542947, 298.579474, 0.000002, -0.542947, 10.000000, 0.000000, 9.787418, 0.100000, 0.000000, 298.000000, 0.000000, 1.000000, 298.579474, 1.000000, 0.000000, 298.150000, 2.000000, 100000.000000, 0.978743, 298.150000, 0.978747, 0.000000, 8.000000, 298.579474, 0.978745, 298.150000, 10.000000, 298.579474, 298.150000, 298.150000, 298.150000, 0.000002, 293.150000, 298.579474, 5000000.000000, 0.000002, 9.999990, 9.999990, 0.000002, 10.000000, 10.000000, 0.000002, 0.000002, 10.000000, 0.000002, 9.999990, 0.000002, 9.999990, 0.000002, 0.000000, 0.000002, 5000000.000000, 0.000010, 0.978745, 10.000000, 0.978745, 9.999990, 0.978745, 1.000000, 0.000010, 0.000010, 10.217179, 9.999990, 0.978743, 10.000000, 0.978747, 293.150000, -0.542947, 9.787418, 293.150000, -5.429474, -0.542947, -0.542947, 298.579474, 0.100000, 9.999990, 0.978743, 9.999990, 0.978743, 0.000000, 0.978743, 298.579474, 10.000000, 293.150000, 10.000000, 0.978747, 10.000000, 0.978747, 0.000000, 0.978747, 10.000000, 298.579474, 298.579474, 25.000000, 25.429474, 9.244471, 0.057947, 0.000000, 0.978745, 1, 1
7.06, 0.000000, 299.067948, 0.000000, 0.000000, 0.000000, 16.000000, 0.000002, 0.000100, 0.000002, 0.000102, 29.906795, 0.001024, 299.067948, 0.500000, 0.000000, -0.000002, 0.004000, 299.067948, 4.166670, -0.591795, 299.067948, 0.000000, -0.591795, 10.000000, 0.000000, 0.000000, 0.100000, 0.000000, 298.000000, 0.000000, 0.000000, 299.067948, 0.000000, 0.000000, 298.150000, 2.000000, 100000.000000, 0.000100, 298.150000, 0.000102, 0.000000, 8.000000, 299.067948, 0.000100, 298.150000, 10.000000, 299.067948, 298.150000, 298.150000, 298.150000, 0.000002, 293.150000, 299.067948, 5000000.000000, 0.000000, 0.001024, 0.001024, 0.000000, 10.000000, 10.000000, 0.000002, 0.000002, 10.000000, 0.000002, 0.001024, 0.000000, 0.001024, 0.000000, 0.000000, 0.000000, 5000000.000000, 9.998976, 0.000100, 10.000000, 0.000100, 0.001024, 0.000100, 0.000000, 0.000010, 100000.000000, 10.236718, 0.001024, 0.000100, 10.000000, 0.000102, 293.150000, -0.591795, 0.000000, 293.150000, -5.917948, -0.591795, -0.591795, 299.067948, 0.100000, 0.001024, 0.000100, 0.001024, 0.000100, 0.000000, 0.000100, 299.067948, 10.000000, 293.150000, 10.000000, 0.000102, 10.000000, 0.000102, 0.000000, 0.000102, 10.000000, 299.067948, 299.067948, 25.000000, 25.917948, -0.591795, 0.106795, 0.000000, 0.000100, 0, 0
7.08, 0.000000, 298.950764, 0.000000, 0.000000, 0.000000, 16.000000, 0.000002, 0.000100, 0.000002, 0.000102, 29.895076, 0.001023, 298.950764, 0.500000, 0.000000, -0.000002, 0.004000, 298.950764, 4.166670, -0.580076, 298.950764, 0.000000, -0.580076, 10.000000, 0.000000, 0.000000, 0.100000, 0.000000, 298.000000, 0.000000, 0.000000, 298.950764, 0.000000, 0.000000, 298.150000, 2.000000, 100000.000000, 0.000100, 298.150000, 0.000102, 0.000000, 8.000000, 298.950764, 0.000100, 298.150000, 10.000000, 298.950764, 298.150000, 298.150000, 298.150000, 0.000002, 293.150000, 298.950764, 5000000.000000, 0.000000, 0.001023, 0.001023, 0.000000, 10.000000, 10.000000, 0.000002, 0.000002, 10.000000, 0.000002, 0.001023, 0.000000, 0.001023, 0.000000, 0.000000, 0.000000, 5000000.000000, 9.998977, 0.000100, 10.000000, 0.000100, 0.001023, 0.000100, 0.000000, 0.000010, 100000.000000, 10.232031, 0.001023, 0.000100, 10.000000, 0.000102, 293.150000, -0.580076, 0.000000, 293.150000, -5.800764, -0.580076, -0.580076, 298.950764, 0.100000, 0.001023, 0.000100, 0.001023, 0.000100, 0.000000, 0.000100, 298.950764, 10.000000, 293.150000, 10.000000, 0.000102, 10.000000, 0.000102, 0.000000, 0.000102, 10.000000, 298.950764, 298.950764, 25.000000, 25.800764, -0.580076, 0.095076, 0.000000, 0.000100, 0, 0
7.1, 0.000000, 298.835902, 0.000000, 0.000000, 0.000000, 16.000000, 0.000002, 0.000100, 0.000002, 0.000102, 29.883590, 0.001023, 298.835902, 0.500000, 0.000000, -0.000002, 0.004000, 298.835902, 4.166670, -0.568590, 298.835902, 0.000000, -0.568590, 10.000000, 0.000000, 0.000000, 0.100000, 0.000000, 298.000000, 0.000000, 0.000000, 298.835902, 0.000000, 0.000000, 298.150000, 2.000000, 100000.000000, 0.000100, 298.150000, 0.000102, 0.000000, 8.000000, 298.835902, 0.000100, 298.150000, 10.000000, 298.835902, 298.150000, 298.150000, 298.150000, 0.000002, 293.150000, 298.835902, 5000000.000000, 0.000000, 0.001023, 0.001023, 0.000000, 10.000000, 10.000000, 0.000002, 0.000002, 10.000000, 0.000002, 0.001023, 0.000000, 0.001023, 0.000000, 0.000000, 0.000000, 5000000.000000, 9.998977, 0.000100, 10.000000, 0.000100, 0.001023, 0.000100, 0.000000, 0.000010, 100000.000000, 10.227436, 0.001023, 0.000100, 10.000000, 0.000102, 293.150000, -0.568590, 0.000000, 293.150000, -5.685902, -0.568590, -0.568590, 298.835902, 0.100000, 0.001023, 0.000100, 0.001023, 0.000100, 0.000000, 0.000100, 298.835902, 10.000000, 293.150000, 10.000000, 0.000102, 10.000000, 0.000102, 0.000000, 0.000102, 10.000000, 298.835902, 298.835902, 25.000000, 25.685902, -0.568590, 0.083590, 0.000000, 0.000100, 0, 0
7.12, 0.000000, 298.723313, 0.000000, 0.000000, 0.000000, 16.000000, 0.000002, 0.000100, 0.000002, 0.000102, 29.872331, 0.001022, 298.723313, 0.500000, 0.000000, -0.000002, 0.004000, 298.723313, 4.166670, -0.557331, 298.723313, 0.000000, -0.557331, 10.000000, 0.000000, 0.000000, 0.100000, 0.000000, 298.000000, 0.000000, 0.000000, 298.723313, 0.000000, 0.000000, 298.150000, 2.000000, 100000.000000, 0.000100, 298.150000, 0.000102, 0.000000, 8.000000, 298.723313, 0.000100, 298.150000, 10.000000, 298.723313, 298.150000, 298.150000, 298.150000, 0.000002, 293.150000, 298.723313, 5000000.000000, 0.000000, 0.001022, 0.001022, 0.000000, 10.000000, 10.000000, 0.000002, 0.000002, 10.000000, 0.000002, 0.001022, 0.000000, 0.001022, 0.000000, 0.000000, 0.000000, 5000000.000000, 9.998978, 0.000100, 10.000000, 0.000100, 0.001022, 0.000100, 0.000000, 0.000010, 100000.000000, 10.222933, 0.001022, 0.000100, 10.000000, 0.000102, 293.150000, -0.557331, 0.000000, 293.150000, -5.573313, -0.557331, -0.557331, 298.723313, 0.100000, 0.001022, 0.000100, 0.001022, 0.000100, 0.000000, 0.000100, 298.723313, 10.000000, 293.150000, 10.000000, 0.000102, 10.000000, 0.000102, 0.000000, 0.000102, 10.000000, 298.723313, 298.723313, 25.000000, 25.573313, -0.557331, 0.072331, 0.000000, 0.000100, 0, 0
7.14, 0.000000, 298.612954, 0.000000, 0.000000, 0.000000, 16.000000, 0.000002, 0.000100, 0.000002, 0.000102, 29.861295, 0.001022, 298.612954, 0.500000, 0.000000, -0.000002, 0.004000, 298.612954, 4.166670, -0.546295, 298.612954, 0.000000, -0.546295, 10.000000, 0.000000, 0.000000, 0.100000, 0.000000, 298.000000, 0.000000, 0.000000, 298.612954, 0.000000, 0.000000, 298.150000, 2.000000, 100000.000000, 0.000100, 298.150000, 0.000102, 0.000000, 8.000000, 298.612954, 0.000100, 298.150000, 10.000000, 298.612954, 298.150000, 298.150000, 298.150000, 0.000002, 293.150000, 298.612954, 5000000.000000, 0.000000, 0.001022, 0.001022, 0.000000, 10.000000, 10.000000, 0.000002, 0.000002, 10.000000, 0.000002, 0.001022, 0.000000, 0.001022, 0.000000, 0.000000, 0.000000, 5000000.000000, 9.998978, 0.000100, 10.000000, 0.000100, 0.001022, 0.000100, 0.000000, 0.000010, 100000.000000, 10.218518, 0.001022, 0.000100, 10.000000, 0.000102, 293.150000, -0.546295, 0.000000, 293.150000, -5.462954, -0.546295, -0.546295, 298.612954, 0.100000, 0.001022, 0.000100, 0.001022, 0.000100, 0.000000, 0.000100, 298.612954, 10.000000, 293.150000, 10.000000, 0.000102, 10.000000, 0.000102, 0.000000, 0.000102, 10.000000, 298.612954, 298.612954, 25.000000, 25.462954, -0.546295, 0.061295, 0.000000, 0.000100, 0, 0
7.16, 0.000000, 298.504781, 0.000000, 0.000000, 0.000000, 16.000000, 0.000002, 0.000100, 0.000002, 0.000102, 29.850478, 0.001021, 298.504781, 0.500000, 0.000000, -0.000002, 0.004000, 298.504781, 4.166670, -0.535478, 298.504781, 0.000000, -0.535478, 10.000000, 0.000000, 0.000000, 0.100000, 0.000000, 298.000000, 0.000000, 0.000000, 298.504781, 0.000000, 0.000000, 298.150000, 2.000000, 100000.000000, 0.000100, 298.150000, 0.000102, 0.000000, 8.000000, 298.504781, 0.000100, 298.150000, 10.000000, 298.504781, 298.150000, 298.150000, 298.150000, 0.000002, 293.150000, 298.504781, 5000000.000000, 0.000000, 0.001021, 0.001021, 0.000000, 10.000000, 10.000000, 0.000002, 0.000002, 10.000000, 0.000002, 0.001021, 0.000000, 0.001021, 0.000000, 0.000000, 0.000000, 5000000.000000, 9.998979, 0.000100, 10.000000, 0.000100, 0.001021, 0.000100, 0.000000, 0.000010, 100000.000000, 10.214191, 0.001021, 0.000100, 10.000000, 0.000102, 293.150000, -0.535478, 0.000000, 293.150000, -5.354781, -0.535478, -0.535478, 298.504781, 0.100000, 0.001021, 0.000100, 0.001021, 0.000100, 0.000000, 0.000100, 298.504781, 10.000000, 293.150000, 10.000000, 0.000102, 10.000000, 0.000102, 0.000000, 0.000102, 10.000000, 298.504781, 298.504781, 25.000000, 25.354781, -0.535478, 0.050478, 0.000000, 0.000100, 0, 0
7.18, 0.000000, 298.398749, 0.000000, 0.000000, 0.000000, 16.000000, 0.000002, 0.000100, 0.000002, 0.000102, 29.839875, 0.001021, 298.398749, 0.500000, 0.000000, -0.000002, 0.004000, 298.398749, 4.166670, -0.524875, 298.398749, 0.000000, -0.524875, 10.000000, 0.000000, 0.000000, 0.100000, 0.000000, 298.000000, 0.000000, 0.000000, 298.398749, 0.000000, 0.000000, 298.150000, 2.000000, 100000.000000, 0.000100, 298.150000, 0.000102, 0.000000, 8.000000, 298.398749, 0.000100, 298.150000, 10.000000, 298.398749, 298.150000, 298.150000, 298.150000, 0.000002, 293.150000, 298.398749, 5000000.000000, 0.000000, 0.001021, 0.001021, 0.000000, 10.000000, 10.000000, 0.000002, 0.000002, 10.000000, 0.000002, 0.001021, 0.000000, 0.001021, 0.000000, 0.000000, 0.000000, 5000000.000000, 9.998979, 0.000100, 10.000000, 0.000100, 0.001021, 0.000100, 0.000000, 0.000010, 100000.000000, 10.209950, 0.001021, 0.000100, 10.000000, 0.000102, 293.150000, -0.524875, 0.000000, 293.150000, -5.248749, -0.524875, -0.524875, 298.398749, 0.100000, 0.001021, 0.000100, 0.001021, 0.000100, 0.000000, 0.000100, 298.398749, 10.000000, 293.150000, 10.000000, 0.000102, 10.000000, 0.000102, 0.000000, 0.000102, 10.000000, 298.398749, 298.398749, 25.000000, 25.248749, -0.524875, 0.039875, 0.000000, 0.000100, 0, 0
7.2, 0.000000, 298.294817, 0.000000, 0.000000, 0.000000, 16.000000, 0.000002, 0.000100, 0.000002, 0.000102, 29.829482, 0.001020, 298.294817, 0.500000, 0.000000, -0.000002, 0.004000, 298.294817, 4.166670, -0.514482, 298.294817, 0.000000, -0.514482, 10.000000, 0.000000, 0.000000, 0.100000, 0.000000, 298.000000, 0.000000, 0.000000, 298.294817, 0.000000, 0.000000, 298.150000, 2.000000, 100000.000000, 0.000100, 298.150000, 0.000102, 0.000000, 8.000000, 298.294817, 0.000100, 298.150000, 10.000000, 298.294817, 298.150000, 298.150000, 298.150000, 0.000002, 293.150000, 298.294817, 5000000.000000, 0.000000, 0.001020, 0.001020, 0.000000, 10.000000, 10.000000, 0.000002, 0.000002, 10.000000, 0.000002, 0.001020, 0.000000, 0.001020, 0.000000, 0.000000, 0.000000, 5000000.000000, 9.998980, 0.000100, 10.000000, 0.000100, 0.001020, 0.000100, 0.000000, 0.000010, 100000.000000, 10.205793, 0.001020, 0.000100, 10.000000, 0.000102, 293.150000, -0.514482, 0.000000, 293.150000, -5.144817, -0.514482, -0.514482, 298.294817, 0.100000, 0.001020, 0.000100, 0.001020, 0.000100, 0.000000, 0.000100, 298.294817, 10.000000, 293.150000, 10.000000, 0.000102, 10.000000, 0.000102, 0.000000, 0.000102, 10.000000, 298.294817, 298.294817, 25.000000, 25.144817, -0.514482, 0.029482, 0.000000, 0.000100, 0, 0
7.22, 0.000000, 298.192942, 0.000000, 0.000000, 0.000000, 16.000000, 0.000002, 0.000100, 0.000002, 0.000102, 29.819294, 0.001020, 298.192942, 0.500000, 0.000000, -0.000002, 0.004000, 298.192942, 4.166670, -0.504294, 298.192942, 0.000000, -0.504294, 10.000000, 0.000000, 0.000000, 0.100000, 0.000000, 298.000000, 0.000000, 0.000000, 298.192942, 0.000000, 0.000000, 298.150000, 2.000000, 100000.000000, 0.000100, 298.150000, 0.000102, 0.000000, 8.000000, 298.192942, 0.000100, 298.150000, 10.000000, 298.192942, 298.150000, 298.150000, 298.150000, 0.000002, 293.150000, 298.192942, 5000000.000000, 0.000000, 0.001020, 0.001020, 0.000000, 10.000000, 10.000000, 0.000002, 0.000002, 10.000000, 0.000002, 0.001020, 0.000000, 0.001020, 0.000000, 0.000000, 0.000000, 5000000.000000, 9.998980, 0.000100, 10.000000, 0.000100, 0.001020, 0.000100, 0.000000, 0.000010, 100000.000000, 10.201718, 0.001020, 0.000100, 10.000000, 0.000102, 293.150000, -0.504294, 0.000000, 293.150000, -5.042942, -0.504294, -0.504294, 298.192942, 0.100000, 0.001020, 0.000100, 0.001020, 0.000100, 0.000000, 0.000100, 298.192942, 10.000000, 293.150000, 10.000000, 0.000102, 10.000000, 0.000102, 0.000000, 0.000102, 10.000000, 298.192942, 298.192942, 25.000000, 25.042942, -0.504294, 0.019294, 0.000000, 0.000100, 0, 0
7.24, 0.000000, 298.093086, 0.000000, 0.000000, 0.000000, 16.000000, 0.000002, 0.000100, 0.000002, 0.000102, 29.809309, 0.001020, 298.093086, 0.500000, 0.000000, -0.000002, 0.004000, 298.093086, 4.166670, -0.494309, 298.093086, 0.000000, -0.494309, 10.000000, 0.000000, 0.000000, 0.100000, 0.000000, 298.000000, 0.000000, 0.000000, 298.093086, 0.000000, 0.000000, 298.150000, 2.000000, 100000.000000, 0.000100, 298.150000, 0.000102, 0.000000, 8.000000, 298.093086, 0.000100, 298.150000, 10.000000, 298.093086, 298.150000, 298.150000, 298.150000, 0.000002, 293.150000, 298.093086, 5000000.000000, 0.000000, 0.001020, 0.001020, 0.000000, 10.000000, 10.000000, 0.000002, 0.000002, 10.000000, 0.000002, 0.001020, 0.000000, 0.001020, 0.000000, 0.000000, 0.000000, 5000000.000000, 9.998980, 0.000100, 10.000000, 0.000100, 0.001020, 0.000100, 0.000000, 0.000010, 100000.000000, 10.197723, 0.001020, 0.000100, 10.000000, 0.000102, 293.150000, -0.494309, 0.000000, 293.150000, -4.943086, -0.494309, -0.494309, 298.093086, 0.100000, 0.001020, 0.000100, 0.001020, 0.000100, 0.000000, 0.000100, 298.093086, 10.000000, 293.150000, 10.000000, 0.000102, 10.000000, 0.000102, 0.000000, 0.000102, 10.000000, 298.093086, 298.093086, 25.000000, 24.943086, -0.494308, 0.009309, 0.000000, 0.000100, 0, 0
7.26, 0.000000, 297.995206, 0.000000, 0.000000, 0.000000, 16.000000, 0.000002, 0.000100, 0.000002, 0.000102, 29.799521, 0.001019, 297.995206, 0.500000, 0.000000, -0.000002, 0.004000, 297.995206, 4.166670, -0.484521, 297.995206, 0.000000, -0.484521, 10.000000, 0.000000, 0.000000, 0.100000, 0.000000, 298.000000, 0.000000, 0.000000, 297.995206, 0.000000, 0.000000, 298.150000, 2.000000, 100000.000000, 0.000100, 298.150000, 0.000102, 0.000000, 8.000000, 297.995206, 0.000100, 298.150000, 10.000000, 297.995206, 298.150000, 298.150000, 298.150000, 0.000002, 293.150000, 297.995206, 5000000.000000, 0.000000, 0.001019, 0.001019, 0.000000, 10.000000, 10.000000, 0.000002, 0.000002, 10.000000, 0.000002, 0.001019, 0.000000, 0.001019, 0.000000, 0.000000, 0.000000, 5000000.000000, 9.998981, 0.000100, 10.000000, 0.000100, 0.001019, 0.000100, 0.000000, 0.000010, 100000.000000, 10.193808, 0.001019, 0.000100, 10.000000, 0.000102, 293.150000, -0.484521, 0.000000, 293.150000, -4.845206, -0.484521, -0.484521, 297.995206, 0.100000, 0.001019, 0.000100, 0.001019, 0.000100, 0.000000, 0.000100, 297.995206, 10.000000, 293.150000, 10.000000, 0.000102, 10.000000, 0.000102, 0.000000, 0.000102, 10.000000, 297.995206, 297.995206, 25.000000, 24.845206, -0.484520, -0.000479, 0.000000, 0.000100, 0, 0
7.28, 0.000000, 297.899264, 0.000000, 0.000000, 0.000000, 16.000000, 0.000002, 0.000100, 0.000002, 0.000102, 29.789926, 0.001019, 297.899264, 0.500000, 0.000000, -0.000002, 0.004000, 297.899264, 4.166670, -0.474926, 297.899264, 0.000000, -0.474926, 10.000000, 0.000000, 0.000000, 0.100000, 0.000000, 298.000000, 0.000000, 0.000000, 297.899264, 0.000000, 0.000000, 298.150000, 2.000000, 100000.000000, 0.000100, 298.150000, 0.000102, 0.000000, 8.000000, 297.899264, 0.000100, 298.150000, 10.000000, 297.899264, 298.150000, 298.150000, 298.150000, 0.000002, 293.150000, 297.899264, 5000000.000000, 0.000000, 0.001019, 0.001019, 0.000000, 10.000000, 10.000000, 0.000002, 0.000002, 10.000000, 0.000002, 0.001019, 0.000000, 0.001019, 0.000000, 0.000000, 0.000000, 5000000.000000, 9.998981, 0.000100, 10.000000, 0.000100, 0.001019, 0.000100, 0.000000, 0.000010, 100000.000000, 10.189971, 0.001019, 0.000100, 10.000000, 0.000102, 293.150000, -0.474926, 0.000000, 293.150000, -4.749264, -0.474926, -0.474926, 297.899264, 0.100000, 0.001019, 0.000100, 0.001019, 0.000100, 0.000000, 0.000100, 297.899264, 10.000000, 293.150000, 10.000000, 0.000102, 10.000000, 0.000102, 0.000000, 0.000102, 10.000000, 297.899264, 297.899264, 25.000000, 24.749264, -0.474926, -0.010074, 0.000000, 0.000100, 0, 0
7.3, 0.000000, 297.805223, 0.000000, 0.000000, 0.000000, 16.000000, 0.000002, 0.000100, 0.000002, 0.000102, 29.780522, 0.001019, 297.805223, 0.500000, 0.000000, -0.000002, 0.004000, 297.805223, 4.166670, -0.465522, 297.805223, 0.000000, -0.465522, 10.000000, 0.000000, 0.000000, 0.100000, 0.000000, 298.000000, 0.000000, 0.000000, 297.805223, 0.000000, 0.000000, 298.150000, 2.000000, 100000.000000, 0.000100, 298.150000, 0.000102, 0.000000, 8.000000, 297.805223, 0.000100, 298.150000, 10.000000, 297.805223, 298.150000, 298.150000, 298.150000, 0.000002, 293.150000, 297.805223, 5000000.000000, 0.000000, 0.001019, 0.001019, 0.000000, 10.000000, 10.000000, 0.000002, 0.000002, 10.000000, 0.000002, 0.001019, 0.000000, 0.001019, 0.000000, 0.000000, 0.000000, 5000000.000000, 9.998981, 0.000100, 10.000000, 0.000100, 0.001019, 0.000100, 0.000000, 0.000010, 100000.000000, 10.186209, 0.001019, 0.000100, 10.000000, 0.000102, 293.150000, -0.465522, 0.000000, 293.150000, -4.655223, -0.465522, -0.465522, 297.805223, 0.100000, 0.001019, 0.000100, 0.001019, 0.000100, 0.000000, 0.000100, 297.805223, 10.000000, 293.150000, 10.000000, 0.000102, 10.000000, 0.000102, 0.000000, 0.000102, 10.000000, 297.805223, 297.805223, 25.000000, 24.655223, -0.465522, -0.019478, 0.000000, 0.000100, 0, 0
7.32, 0.000000, 297.713043, 0.000000, 0.000000, 0.000000, 16.000000, 0.000002, 0.000100, 0.000002, 0.000102, 29.771304, 0.001018, 297.713043, 0.500000, 0.000000, -0.000002, 0.004000, 297.713043, 4.166670, -0.456304, 297.713043, 0.000000, -0.456304, 10.000000, 0.000000, 0.000000, 0.100000, 0.000000, 298.000000, 0.000000, 0.000000, 297.713043, 0.000000, 0.000000, 298.150000, 2.000000, 100000.000000, 0.000100, 298.150000, 0.000102, 0.000000, 8.000000, 297.713043, 0.000100, 298.150000, 10.000000, 297.713043, 298.150000, 298.150000, 298.150000, 0.000002, 293.150000, 297.713043, 5000000.000000, 0.000000, 0.001018, 0.001018, 0.000000, 10.000000, 10.000000, 0.000002, 0.000002, 10.000000, 0.000002, 0.001018, 0.000000, 0.001018, 0.000000, 0.000000, 0.000000, 5000000.000000, 9.998982, 0.000100, 10.000000, 0.000100, 0.001018, 0.000100, 0.000000, 0.000010, 100000.000000, 10.182522, 0.001018, 0.000100, 10.000000, 0.000102, 293.150000, -0.456304, 0.000000, 293.150000, -4.563043, -0.456304, -0.456304, 297.713043, 0.100000, 0.001018, 0.000100, 0.001018, 0.000100, 0.000000, 0.000100, 297.713043, 10.000000, 293.150000, 10.000000, 0.000102, 10.000000, 0.000102, 0.000000, 0.000102, 10.000000, 297.713043, 297.713043, 25.000000, 24.563043, -0.456304, -0.028696, 0.000000, 0.000100, 0, 0
7.34, 0.000000, 297.622689, 0.000000, 0.000000, 0.000000, 16.000000, 0.000002, 0.000100, 0.000002, 0.000102, 29.762269, 0.001018, 297.622689, 0.500000, 0.000000, -0.000002, 0.004000, 297.622689, 4.166670, -0.447269, 297.622689, 0.000000, -0.447269, 10.000000, 0.000000, 0.000000, 0.100000, 0.000000, 298.000000, 0.000000, 0.000000, 297.622689, 0.000000, 0.000000, 298.150000, 2.000000, 100000.000000, 0.000100, 298.150000, 0.000102, 0.000000, 8.000000, 297.622689, 0.000100, 298.150000, 10.000000, 297.622689, 298.150000, 298.150000, 298.150000, 0.000002, 293.150000, 297.622689, 5000000.000000, 0.000000, 0.001018, 0.001018, 0.000000, 10.000000, 10.000000, 0.000002, 0.000002, 10.000000, 0.000002, 0.001018, 0.000000, 0.001018, 0.000000, 0.000000, 0.000000, 5000000.000000, 9.998982, 0.000100, 10.000000, 0.000100, 0.001018, 0.000100, 0.000000, 0.000010, 100000.000000, 10.178908, 0.001018, 0.000100, 10.000000, 0.000102, 293.150000, -0.447269, 0.000000, 293.150000, -4.472689, -0.447269, -0.447269, 297.622689, 0.100000, 0.001018, 0.000100, 0.001018, 0.000100, 0.000000, 0.000100, 297.622689, 10.000000, 293.150000, 10.000000, 0.000102, 10.000000, 0.000102, 0.000000, 0.000102, 10.000000, 297.622689, 297.622689, 25.000000, 24.472689, -0.447269, -0.037731, 0.000000, 0.000100, 0, 0
7.36, 0.000000, 297.534124, 0.000000, 0.000000, 0.000000, 16.000000, 0.000002, 0.000100, 0.000002, 0.000102, 29.753412, 0.001017, 297.534124, 0.500000, 0.000000, -0.000002, 0.004000, 297.534124, 4.166670, -0.438412, 297.534124, 0.000000, -0.438412, 10.000000, 0.000000, 0.000000, 0.100000, 0.000000, 298.000000, 0.000000, 0.000000, 297.534124, 0.000000, 0.000000, 298.150000, 2.000000, 100000.000000, 0.000100, 298.150000, 0.000102, 0.000000, 8.000000, 297.534124, 0.000100, 298.150000, 10.000000, 297.534124, 298.150000, 298.150000, 298.150000, 0.000002, 293.150000, 297.534124, 5000000.000000, 0.000000, 0.001017, 0.001017, 0.000000, 10.000000, 10.000000, 0.000002, 0.000002, 10.000000, 0.000002, 0.001017, 0.000000, 0.001017, 0.000000, 0.000000, 0.000000, 5000000.000000, 9.998983, 0.000100, 10.000000, 0.000100, 0.001017, 0.000100, 0.000000, 0.000010, 100000.000000, 10.175365, 0.001017, 0.000100, 10.000000, 0.000102, 293.150000, -0.438412, 0.000000, 293.150000, -4.384124, -0.438412, -0.438412, 297.534124, 0.100000, 0.001017, 0.000100, 0.001017, 0.000100, 0.000000, 0.000100, 297.534124, 10.000000, 293.150000, 10.000000, 0.000102, 10.000000, 0.000102, 0.000000, 0.000102, 10.000000, 297.534124, 297.534124, 25.000000, 24.384124, -0.438412, -0.046588, 0.000000, 0.000100, 0, 0
7.38, 0.000000, 297.447312, 0.000000, 0.000000, 0.000000, 16.000000, 0.000002, 0.000100, 0.000002, 0.000102, 29.744731, 0.001017, 297.447312, 0.500000, 0.000000, -0.000002, 0.004000, 297.447312, 4.166670, -0.429731, 297.447312, 0.000000, -0.429731, 10.000000, 0.000000, 0.000000, 0.100000, 0.000000, 298.000000, 0.000000, 0.000000, 297.447312, 0.000000, 0.000000, 298.150000, 2.000000, 100000.000000, 0.000100, 298.150000, 0.000102, 0.000000, 8.000000, 297.447312, 0.000100, 298.150000, 10.000000, 297.447312, 298.150000, 298.150000, 298.150000, 0.000002, 293.150000, 297.447312, 5000000.000000, 0.000000, 0.001017, 0.001017, 0.000000, 10.000000, 10.000000, 0.000002, 0.000002, 10.000000, 0.000002, 0.001017, 0.000000, 0.001017, 0.000000, 0.000000, 0.000000, 5000000.000000, 9.998983, 0.000100, 10.000000, 0.000100, 0.001017, 0.000100, 0.000000, 0.000010, 100000.000000, 10.171892, 0.001017, 0.000100, 10.000000, 0.000102, 293.150000, -0.429731, 0.000000, 293.150000, -4.297312, -0.429731, -0.429731, 297.447312, 0.100000, 0.001017, 0.000100, 0.001017, 0.000100, 0.000000, 0.000100, 297.447312, 10.000000, 293.150000, 10.000000, 0.000102, 10.000000, 0.000102, 0.000000, 0.000102, 10.000000, 297.447312, 297.447312, 25.000000, 24.297312, -0.429731, -0.055269, 0.000000, 0.000100, 0, 0
7.4, 0.000000, 297.362220, 0.000000, 0.000000, 0.000000, 16.000000, 0.000002, 0.000100, 0.000002, 0.000102, 29.736222, 0.001017, 297.362220, 0.500000, 0.000000, -0.000002, 0.004000, 297.362220, 4.166670, -0.421222, 297.362220, 0.000000, -0.421222, 10.000000, 0.000000, 0.000000, 0.100000, 0.000000, 298.000000, 0.000000, 0.000000, 297.362220, 0.000000, 0.000000, 298.150000, 2.000000, 100000.000000, 0.000100, 298.150000, 0.000102, 0.000000, 8.000000, 297.362220, 0.000100, 298.150000, 10.000000, 297.362220, 298.150000, 298.150000, 298.150000, 0.000002, 293.150000, 297.362220, 5000000.000000, 0.000000, 0.001017, 0.001017, 0.000000, 10.000000, 10.000000, 0.000002, 0.000002, 10.000000, 0.000002, 0.001017, 0.000000, 0.001017, 0.000000, 0.000000, 0.000000, 5000000.000000, 9.998983, 0.000100, 10.000000, 0.000100, 0.001017, 0.000100, 0.000000, 0.000010, 100000.000000, 10.168489, 0.001017, 0.000100, 10.000000, 0.000102, 293.150000, -0.421222, 0.000000, 293.150000, -4.212220, -0.421222, -0.421222, 297.362220, 0.100000, 0.001017, 0.000100, 0.001017, 0.000100, 0.000000, 0.000100, 297.362220, 10.000000, 293.150000, 10.000000, 0.000102, 10.000000, 0.000102, 0.000000, 0.000102, 10.000000, 297.362220, 297.362220, 25.000000, 24.212220, -0.421222, -0.063778, 0.000000, 0.000100, 0, 0
7.42, 0.000000, 297.278812, 0.000000, 0.000000, 0.000000, 16.000000, 0.000002, 0.000100, 0.000002, 0.000102, 29.727881, 0.001016, 297.278812, 0.500000, 0.000000, -0.000002, 0.004000, 297.278812, 4.166670, -0.412881, 297.278812, 0.000000, -0.412881, 10.000000, 0.000000, 0.000000, 0.100000, 0.000000, 298.000000, 0.000000, 0.000000, 297.278812, 0.000000, 0.000000, 298.150000, 2.000000, 100000.000000, 0.000100, 298.150000, 0.000102, 0.000000, 8.000000, 297.278812, 0.000100, 298.150000, 10.000000, 297.278812, 298.150000, 298.150000, 298.150000, 0.000002, 293.150000, 297.278812, 5000000.000000, 0.000000, 0.001016, 0.001016, 0.000000, 10.000000, 10.000000, 0.000002, 0.000002, 10.000000, 0.000002, 0.001016, 0.000000, 0.001016, 0.000000, 0.000000, 0.000000, 5000000.000000, 9.998984, 0.000100, 10.000000, 0.000100, 0.001016, 0.000100, 0.000000, 0.000010, 100000.000000, 10.165152, 0.001016, 0.000100, 10.000000, 0.000102, 293.150000, -0.412881, 0.000000, 293.150000, -4.128812, -0.412881, -0.412881, 297.278812, 0.100000, 0.001016, 0.000100, 0.001016, 0.000100, 0.000000, 0.000100, 297.278812, 10.000000, 293.150000, 10.000000, 0.000102, 10.000000, 0.000102, 0.000000, 0.000102, 10.000000, 297.278812, 297.278812, 25.000000, 24.128812, -0.412881, -0.072119, 0.000000, 0.000100, 0, 0
7.44, 0.000000, 297.197056, 0.000000, 0.000000, 0.000000, 16.000000, 0.000002, 0.000100, 0.000002, 0.000102, 29.719706, 0.001016, 297.197056, 0.500000, 0.000000, -0.000002, 0.004000, 297.197056, 4.166670, -0.404706, 297.197056, 0.000000, -0.404706, 10.000000, 0.000000, 0.000000, 0.100000, 0.000000, 298.000000, 0.000000, 0.000000, 297.197056, 0.000000, 0.000000, 298.150000, 2.000000, 100000.000000, 0.000100, 298.150000, 0.000102, 0.000000, 8.000000, 297.197056, 0.000100, 298.150000, 10.000000, 297.197056, 298.150000, 298.150000, 298.150000, 0.000002, 293.150000, 297.197056, 5000000.000000, 0.000000, 0.001016, 0.001016, 0.000000, 10.000000, 10.000000, 0.000002, 0.000002, 10.000000, 0.000002, 0.001016, 0.000000, 0.001016, 0.000000, 0.000000, 0.000000, 5000000.000000, 9.998984, 0.000100, 10.000000, 0.000100, 0.001016, 0.000100, 0.000000, 0.000010, 100000.000000, 10.161882, 0.001016, 0.000100, 10.000000, 0.000102, 293.150000, -0.404706, 0.000000, 293.150000, -4.047056, -0.404706, -0.404706, 297.197056, 0.100000, 0.001016, 0.000100, 0.001016, 0.000100, 0.000000, 0.000100, 297.197056, 10.000000, 293.150000, 10.000000, 0.000102, 10.000000, 0.000102, 0.000000, 0.000102, 10.000000, 297.197056, 297.197056, 25.000000, 24.047056, -0.404706, -0.080294, 0.000000, 0.000100, 0, 0
7.46, 0.000000, 297.929216, 0.000000, 0.000000, 0.000000, 16.000000, 0.000002, 0.981241, 0.000002, 0.981245, 29.792922, 9.999990, 297.929216, 0.500000, 0.000000, -0.000004, 0.004000, 297.929216, 4.166670, -0.477922, 297.929216, 0.000002, -0.477922, 10.000000, 0.000000, 9.812398, 0.100000, 0.000000, 298.000000, 0.000000, 1.000000, 297.929216, 1.000000, 0.000000, 298.150000, 2.000000, 100000.000000, 0.981241, 298.150000, 0.981245, 0.000000, 8.000000, 297.929216, 0.981243, 298.150000, 10.000000, 297.929216, 298.150000, 298.150000, 298.150000, 0.000002, 293.150000, 297.929216, 5000000.000000, 0.000002, 9.999990, 9.999990, 0.000002, 10.000000, 10.000000, 0.000002, 0.000002, 10.000000, 0.000002, 9.999990, 0.000002, 9.999990, 0.000002, 0.000000, 0.000002, 5000000.000000, 0.000010, 0.981243, 10.000000, 0.981243, 9.999990, 0.981243, 1.000000, 0.000010, 0.000010, 10.191169, 9.999990, 0.981241, 10.000000, 0.981245, 293.150000, -0.477922, 9.812398, 293.150000, -4.779216, -0.477922, -0.477922, 297.929216, 0.100000, 9.999990, 0.981241, 9.999990, 0.981241, 0.000000, 0.981241, 297.929216, 10.000000, 293.150000, 10.000000, 0.981245, 10.000000, 0.981245, 0.000000, 0.981245, 10.000000, 297.929216, 297.929216, 25.000000, 24.779216, 9.334476, -0.007078, 0.000000, 0.981243, 1, 1
7.48, 0.000000, 299.109519, 0.000000, 0.000000, 0.000000, 16.000000, 0.000002, 0.000100, 0.000002, 0.000102, 29.910952, 0.001024, 299.109519, 0.500000, 0.000000, -0.000002, 0.004000, 299.109519, 4.166670, -0.595952, 299.109519, 0.000000, -0.595952, 10.000000, 0.000000, 0.000000, 0.100000, 0.000000, 298.000000, 0.000000, 0.000000, 299.109519, 0.000000, 0.000000, 298.150000, 2.000000, 100000.000000, 0.000100, 298.150000, 0.000102, 0.000000, 8.000000, 299.109519, 0.000100, 298.150000, 10.000000, 299.109519, 298.150000, 298.150000, 298.150000, 0.000002, 293.150000, 299.109519, 5000000.000000, 0.000000, 0.001024, 0.001024, 0.000000, 10.000000, 10.000000, 0.000002, 0.000002, 10.000000, 0.000002, 0.001024, 0.000000, 0.001024, 0.000000, 0.000000, 0.000000, 5000000.000000, 9.998976, 0.000100, 10.000000, 0.000100, 0.001024, 0.000100, 0.000000, 0.000010, 100000.000000, 10.238381, 0.001024, 0.000100, 10.000000, 0.000102, 293.150000, -0.595952, 0.000000, 293.150000, -5.959519, -0.595952, -0.595952, 299.109519, 0.100000, 0.001024, 0.000100, 0.001024, 0.000100, 0.000000, 0.000100, 299.109519, 10.000000, 293.150000, 10.000000, 0.000102, 10.000000, 0.000102, 0.000000, 0.000102, 10.000000, 299.109519, 299.109519, 25.000000, 25.959519, -0.595952, 0.110952, 0.000000, 0.000100, 0, 0
7.5, 0.000000, 298.991512, 0.000000, 0.000000, 0.000000, 16.000000, 0.000002, 0.000100, 0.000002, 0.000102, 29.899151, 0.001023, 298.991512, 0.500000, 0.000000, -0.000002, 0.004000, 298.991512, 4.166670, -0.584151, 298.991512, 0.000000, -0.584151, 10.000000, 0.000000, 0.000000, 0.100000, 0.000000, 298.000000, 0.000000, 0.000000, 298.991512, 0.000000, 0.000000, 298.150000, 2.000000, 100000.000000, 0.000100, 298.150000, 0.000102, 0.000000, 8.000000, 298.991512, 0.000100, 298.150000, 10.000000, 298.991512, 298.150000, 298.150000, 298.150000, 0.000002, 293.150000, 298.991512, 5000000.000000, 0.000000, 0.001023, 0.001023, 0.000000, 10.000000, 10.000000, 0.000002, 0.000002, 10.000000, 0.000002, 0.001023, 0.000000, 0.001023, 0.000000, 0.000000, 0.000000, 5000000.000000, 9.998977, 0.000100, 10.000000, 0.000100, 0.001023, 0.000100, 0.000000, 0.000010, 100000.000000, 10.233660, 0.001023, 0.000100, 10.000000, 0.000102, 293.150000, -0.584151, 0.000000, 293.150000, -5.841512, -0.584151, -0.584151, 298.991512, 0.100000, 0.001023, 0.000100, 0.001023, 0.000100, 0.000000, 0.000100, 298.991512, 10.000000, 293.150000, 10.000000, 0.000102, 10.000000, 0.000102, 0.000000, 0.000102, 10.000000, 298.991512, 298.991512, 25.000000, 25.841512, -0.584151, 0.099151, 0.000000, 0.000100, 0, 0
7.52, 0.000000, 298.875843, 0.000000, 0.000000, 0.000000, 16.000000, 0.000002, 0.000100, 0.000002, 0.000102, 29.887584, 0.001023, 298.875843, 0.500000, 0.000000, -0.000002, 0.004000, 298.875843, 4.166670, -0.572584, 298.875843, 0.000000, -0.572584, 10.000000, 0.000000, 0.000000, 0.100000, 0.000000, 298.000000, 0.000000, 0.000000, 298.875843, 0.000000, 0.000000, 298.150000, 2.000000, 100000.000000, 0.000100, 298.150000, 0.000102, 0.000000, 8.000000, 298.875843, 0.000100, 298.150000, 10.000000, 298.875843, 298.150000, 298.150000, 298.150000, 0.000002, 293.150000, 298.875843, 5000000.000000, 0.000000, 0.001023, 0.001023, 0.000000, 10.000000, 10.000000, 0.000002, 0.000002, 10.000000, 0.000002, 0.001023, 0.000000, 0.001023, 0.000000, 0.000000, 0.000000, 5000000.000000, 9.998977, 0.000100, 10.000000, 0.000100, 0.001023, 0.000100, 0.000000, 0.000010, 100000.000000, 10.229034, 0.001023, 0.000100, 10.000000, 0.000102, 293.150000, -0.572584, 0.000000, 293.150000, -5.725843, -0.572584, -0.572584, 298.875843, 0.100000, 0.001023, 0.000100, 0.001023, 0.000100, 0.000000, 0.000100, 298.875843, 10.000000, 293.150000, 10.000000, 0.000102, 10.000000, 0.000102, 0.000000, 0.000102, 10.000000, 298.875843, 298.875843, 25.000000, 25.725843, -0.572584, 0.087584, 0.000000, 0.000100, 0, 0
7.54, 0.000000, 298.762463, 0.000000, 0.000000, 0.000000, 16.000000, 0.000002, 0.000100, 0.000002, 0.000102, 29.876246, 0.001022, 298.762463, 0.500000, 0.000000, -0.000002, 0.004000, 298.762463, 4.166670, -0.561246, 298.762463, 0.000000, -0.561246, 10.000000, 0.000000, 0.000000, 0.100000, 0.000000, 298.000000, 0.000000, 0.000000, 298.762463, 0.000000, 0.000000, 298.150000, 2.000000, 100000.000000, 0.000100, 298.150000, 0.000102, 0.000000, 8.000000, 298.762463, 0.000100, 298.150000, 10.000000, 298.762463, 298.150000, 298.150000, 298.150000, 0.000002, 293.150000, 298.762463, 5000000.000000, 0.000000, 0.001022, 0.001022, 0.000000, 10.000000, 10.000000, 0.000002, 0.000002, 10.000000, 0.000002, 0.001022, 0.000000, 0.001022, 0.000000, 0.000000, 0.000000, 5000000.000000, 9.998978, 0.000100, 10.000000, 0.000100, 0.001022, 0.000100, 0.000000, 0.000010, 100000.000000, 10.224499, 0.001022, 0.000100, 10.000000, 0.000102, 293.150000, -0.561246, 0.000000, 293.150000, -5.612463, -0.561246, -0.561246, 298.762463, 0.100000, 0.001022, 0.000100, 0.001022, 0.000100, 0.000000, 0.000100, 298.762463, 10.000000, 293.150000, 10.000000, 0.000102, 10.000000, 0.000102, 0.000000, 0.000102, 10.000000, 298.762463, 298.762463, 25.000000, 25.612463, -0.561246, 0.076246, 0.000000, 0.000100, 0, 0
7.56, 0.000000, 298.651329, 0.000000, 0.000000, 0.000000, 16.000000, 0.000002, 0.000100, 0.000002, 0.000102, 29.865133, 0.001022, 298.651329, 0.500000, 0.000000, -0.000002, 0.004000, 298.651329, 4.166670, -0.550133, 298.651329, 0.000000, -0.550133, 10.000000, 0.000000, 0.000000, 0.100000, 0.000000, 298.000000, 0.000000, 0.000000, 298.651329, 0.000000, 0.000000, 298.150000, 2.000000, 100000.000000, 0.000100, 298.150000, 0.000102, 0.000000, 8.000000, 298.651329, 0.000100, 298.150000, 10.000000, 298.651329, 298.150000, 298.150000, 298.150000, 0.000002, 293.150000, 298.651329, 5000000.000000, 0.000000, 0.001022, 0.001022, 0.000000, 10.000000, 10.000000, 0.000002, 0.000002, 10.000000, 0.000002, 0.001022, 0.000000, 0.001022, 0.000000, 0.000000, 0.000000, 5000000.000000, 9.998978, 0.000100, 10.000000, 0.000100, 0.001022, 0.000100, 0.000000, 0.000010, 100000.000000, 10.220053, 0.001022, 0.000100, 10.000000, 0.000102, 293.150000, -0.550133, 0.000000, 293.150000, -5.501329, -0.550133, -0.550133, 298.651329, 0.100000, 0.001022, 0.000100, 0.001022, 0.000100, 0.000000, 0.000100, 298.651329, 10.000000, 293.150000, 10.000000, 0.000102, 10.000000, 0.000102, 0.000000, 0.000102, 10.000000, 298.651329, 298.651329, 25.000000, 25.501329, -0.550133, 0.065133, 0.000000, 0.000100, 0, 0
7.58, 0.000000, 298.542396, 0.000000, 0.000000, 0.000000, 16.000000, 0.000002, 0.000100, 0.000002, 0.000102, 29.854240, 0.001021, 298.542396, 0.500000, 0.000000, -0.000002, 0.004000, 298.542396, 4.166670, -0.539240, 298.542396, 0.000000, -0.539240, 10.000000, 0.000000, 0.000000, 0.100000, 0.000000, 298.000000, 0.000000, 0.000000, 298.542396, 0.000000, 0.000000, 298.150000, 2.000000, 100000.000000, 0.000100, 298.150000, 0.000102, 0.000000, 8.000000, 298.542396, 0.000100, 298.150000, 10.000000, 298.542396, 298.150000, 298.150000, 298.150000, 0.000002, 293.150000, 298.542396, 5000000.000000, 0.000000, 0.001021, 0.001021, 0.000000, 10.000000, 10.000000, 0.000002, 0.000002, 10.000000, 0.000002, 0.001021, 0.000000, 0.001021, 0.000000, 0.000000, 0.000000, 5000000.000000, 9.998979, 0.000100, 10.000000, 0.000100, 0.001021, 0.000100, 0.000000, 0.000010, 100000.000000, 10.215696, 0.001021, 0.000100, 10.000000, 0.000102, 293.150000, -0.539240, 0.000000, 293.150000, -5.392396, -0.539240, -0.539240, 298.542396, 0.100000, 0.001021, 0.000100, 0.001021, 0.000100, 0.000000, 0.000100, 298.542396, 10.000000, 293.150000, 10.000000, 0.000102, 10.000000, 0.000102, 0.000000, 0.000102, 10.000000, 298.542396, 298.542396, 25.000000, 25.392396, -0.539239, 0.054240, 0.000000, 0.000100, 0, 0
7.6, 0.000000, 298.435619, 0.000000, 0.000000, 0.000000, 16.000000, 0.000002, 0.000100, 0.000002, 0.000102, 29.843562, 0.001021, 298.435619, 0.500000, 0.000000, -0.000002, 0.004000, 298.435619, 4.166670, -0.528562, 298.435619, 0.000000, -0.528562, 10.000000, 0.000000, 0.000000, 0.100000, 0.000000, 298.000000, 0.000000, 0.000000, 298.435619, 0.000000, 0.000000, 298.150000, 2.000000, 100000.000000, 0.000100, 298.150000, 0.000102, 0.000000, 8.000000, 298.435619, 0.000100, 298.150000, 10.000000, 298.435619, 298.150000, 298.150000, 298.150000, 0.000002, 293.150000, 298.435619, 5000000.000000, 0.000000, 0.001021, 0.001021, 0.000000, 10.000000, 10.000000, 0.000002, 0.000002, 10.000000, 0.000002, 0.001021, 0.000000, 0.001021, 0.000000, 0.000000, 0.000000, 5000000.000000, 9.998979, 0.000100, 10.000000, 0.000100, 0.001021, 0.000100, 0.000000, 0.000010, 100000.000000, 10.211425, 0.001021, 0.000100, 10.000000, 0.000102, 293.150000, -0.528562, 0.000000, 293.150000, -5.285619, -0.528562, -0.528562, 298.435619, 0.100000, 0.001021, 0.000100, 0.001021, 0.000100, 0.000000, 0.000100, 298.435619, 10.000000, 293.150000, 10.000000, 0.000102, 10.000000, 0.000102, 0.000000, 0.000102, 10.000000, 298.435619, 298.435619, 25.000000, 25.285619, -0.528562, 0.043562, 0.000000, 0.000100, 0, 0
7.62, 0.000000, 298.330957, 0.000000, 0.000000, 0.000000, 16.000000, 0.000002, 0.000100, 0.000002, 0.000102, 29.833096, 0.001021, 298.330957, 0.500000, 0.000000, -0.000002, 0.004000, 298.330957, 4.166670, -0.518096, 298.330957, 0.000000, -0.518096, 10.000000, 0.000000, 0.000000, 0.100000, 0.000000, 298.000000, 0.000000, 0.000000, 298.330957, 0.000000, 0.000000, 298.150000, 2.000000, 100000.000000, 0.000100, 298.150000, 0.000102, 0.000000, 8.000000, 298.330957, 0.000100, 298.150000, 10.000000, 298.330957, 298.150000, 298.150000, 298.150000, 0.000002, 293.150000, 298.330957, 5000000.000000, 0.000000, 0.001021, 0.001021, 0.000000, 10.000000, 10.000000, 0.000002, 0.000002, 10.000000, 0.000002, 0.001021, 0.000000, 0.001021, 0.000000, 0.000000, 0.000000, 5000000.000000, 9.998979, 0.000100, 10.000000, 0.000100, 0.001021, 0.000100, 0.000000, 0.000010, 100000.000000, 10.207238, 0.001021, 0.000100, 10.000000, 0.000102, 293.150000, -0.518096, 0.000000, 293.150000, -5.180957, -0.518096, -0.518096, 298.330957, 0.100000, 0.001021, 0.000100, 0.001021, 0.000100, 0.000000, 0.000100, 298.330957, 10.000000, 293.150000, 10.000000, 0.000102, 10.000000, 0.000102, 0.000000, 0.000102, 10.000000, 298.330957, 298.330957, 25.000000, 25.180957, -0.518096, 0.033096, 0.000000, 0.000100, 0, 0
7.64, 0.000000, 298.228367, 0.000000, 0.000000, 0.000000, 16.000000, 0.000002, 0.000100, 0.000002, 0.000102, 29.822837, 0.001020, 298.228367, 0.500000, 0.000000, -0.000002, 0.004000, 298.228367, 4.166670, -0.507837, 298.228367, 0.000000, -0.507837, 10.000000, 0.000000, 0.000000, 0.100000, 0.000000, 298.000000, 0.000000, 0.000000, 298.228367, 0.000000, 0.000000, 298.150000, 2.000000, 100000.000000, 0.000100, 298.150000, 0.000102, 0.000000, 8.000000, 298.228367, 0.000100, 298.150000, 10.000000, 298.228367, 298.150000, 298.150000, 298.150000, 0.000002, 293.150000, 298.228367, 5000000.000000, 0.000000, 0.001020, 0.001020, 0.000000, 10.000000, 10.000000, 0.000002, 0.000002, 10.000000, 0.000002, 0.001020, 0.000000, 0.001020, 0.000000, 0.000000, 0.000000, 5000000.000000, 9.998980, 0.000100, 10.000000, 0.000100, 0.001020, 0.000100, 0.000000, 0.000010, 100000.000000, 10.203135, 0.001020, 0.000100, 10.000000, 0.000102, 293.150000, -0.507837, 0.000000, 293.150000, -5.078367, -0.507837, -0.507837, 298.228367, 0.100000, 0.001020, 0.000100, 0.001020, 0.000100, 0.000000, 0.000100, 298.228367, 10.000000, 293.150000, 10.000000, 0.000102, 10.000000, 0.000102, 0.000000, 0.000102, 10.000000, 298.228367, 298.228367, 25.000000, 25.078367, -0.507837, 0.022837, 0.000000, 0.000100, 0, 0
7.66, 0.000000, 298.127809, 0.000000, 0.000000, 0.000000, 16.000000, 0.000002, 0.000100, 0.000002, 0.000102, 29.812781, 0.001020, 298.127809, 0.500000, 0.000000, -0.000002, 0.004000, 298.127809, 4.166670, -0.497781, 298.127809, 0.000000, -0.497781, 10.000000, 0.000000, 0.000000, 0.100000, 0.000000, 298.000000, 0.000000, 0.000000, 298.127809, 0.000000, 0.000000, 298.150000, 2.000000, 100000.000000, 0.000100, 298.150000, 0.000102, 0.000000, 8.000000, 298.127809, 0.000100, 298.150000, 10.000000, 298.127809, 298.150000, 298.150000, 298.150000, 0.000002, 293.150000, 298.127809, 5000000.000000, 0.000000, 0.001020, 0.001020, 0.000000, 10.000000, 10.000000, 0.000002, 0.000002, 10.000000, 0.000002, 0.001020, 0.000000, 0.001020, 0.000000, 0.000000, 0.000000, 5000000.000000, 9.998980, 0.000100, 10.000000, 0.000100, 0.001020, 0.000100, 0.000000, 0.000010, 100000.000000, 10.199112, 0.001020, 0.000100, 10.000000, 0.000102, 293.150000, -0.497781, 0.000000, 293.150000, -4.977809, -0.497781, -0.497781, 298.127809, 0.100000, 0.001020, 0.000100, 0.001020, 0.000100, 0.000000, 0.000100, 298.127809, 10.000000, 293.150000, 10.000000, 0.000102, 10.000000, 0.000102, 0.000000, 0.000102, 10.000000, 298.127809, 298.127809, 25.000000, 24.977809, -0.497781, 0.012781, 0.000000, 0.000100, 0, 0
7.68, 0.000000, 298.029241, 0.000000, 0.000000, 0.000000, 16.000000, 0.000002, 0.000100, 0.000002, 0.000102, 29.802924, 0.001019, 298.029241, 0.500000, 0.000000, -0.000002, 0.004000, 298.029241, 4.166670, -0.487924, 298.029241, 0.000000, -0.487924, 10.000000, 0.000000, 0.000000, 0.100000, 0.000000, 298.000000, 0.000000, 0.000000, 298.029241, 0.000000, 0.000000, 298.150000, 2.000000, 100000.000000, 0.000100, 298.150000, 0.000102, 0.000000, 8.000000, 298.029241, 0.000100, 298.150000, 10.000000, 298.029241, 298.150000, 298.150000, 298.150000, 0.000002, 293.150000, 298.029241, 5000000.000000, 0.000000, 0.001019, 0.001019, 0.000000, 10.000000, 10.000000, 0.000002, 0.000002, 10.000000, 0.000002, 0.001019, 0.000000, 0.001019, 0.000000, 0.000000, 0.000000, 5000000.000000, 9.998981, 0.000100, 10.000000, 0.000100, 0.001019, 0.000100, 0.000000, 0.000010, 100000.000000, 10.195170, 0.001019, 0.000100, 10.000000, 0.000102, 293.150000, -0.487924, 0.000000, 293.150000, -4.879241, -0.487924, -0.487924, 298.029241, 0.100000, 0.001019, 0.000100, 0.001019, 0.000100, 0.000000, 0.000100, 298.029241, 10.000000, 293.150000, 10.000000, 0.000102, 10.000000, 0.000102, 0.000000, 0.000102, 10.000000, 298.029241, 298.029241, 25.000000, 24.879241, -0.487924, 0.002924, 0.000000, 0.000100, 0, 0
7.7, 0.000000, 297.932626, 0.000000, 0.000000, 0.000000, 16.000000, 0.000002, 0.000100, 0.000002, 0.000102, 29.793263, 0.001019, 297.932626, 0.500000, 0.000000, -0.000002, 0.004000, 297.932626, 4.166670, -0.478263, 297.932626, 0.000000, -0.478263, 10.000000, 0.000000, 0.000000, 0.100000, 0.000000, 298.000000, 0.000000, 0.000000, 297.932626, 0.000000, 0.000000, 298.150000, 2.000000, 100000.000000, 0.000100, 298.150000, 0.000102, 0.000000, 8.000000, 297.932626, 0.000100, 298.150000, 10.000000, 297.932626, 298.150000, 298.150000, 298.150000, 0.000002, 293.150000, 297.932626, 5000000.000000, 0.000000, 0.001019, 0.001019, 0.000000, 10.000000, 10.000000, 0.000002, 0.000002, 10.000000, 0.000002, 0.001019, 0.000000, 0.001019, 0.000000, 0.000000, 0.000000, 5000000.000000, 9.998981, 0.000100, 10.000000, 0.000100, 0.001019, 0.000100, 0.000000, 0.000010, 100000.000000, 10.191305, 0.001019, 0.000100, 10.000000, 0.000102, 293.150000, -0.478263, 0.000000, 293.150000, -4.782626, -0.478263, -0.478263, 297.932626, 0.100000, 0.001019, 0.000100, 0.001019, 0.000100, 0.000000, 0.000100, 297.932626, 10.000000, 293.150000, 10.000000, 0.000102, 10.000000, 0.000102, 0.000000, 0.000102, 10.000000, 297.932626, 297.932626, 25.000000, 24.782626, -0.478262, -0.006737, 0.000000, 0.000100, 0, 0
7.72, 0.000000, 297.837924, 0.000000, 0.000000, 0.000000, 16.000000, 0.000002, 0.000100, 0.000002, 0.000102, 29.783792, 0.001019, 297.837924, 0.500000, 0.000000, -0.000002, 0.004000, 297.837924, 4.166670, -0.468792, 297.837924, 0.000000, -0.468792, 10.000000, 0.000000, 0.000000, 0.100000, 0.000000, 298.000000, 0.000000, 0.000000, 297.837924, 0.000000, 0.000000, 298.150000, 2.000000, 100000.000000, 0.000100, 298.150000, 0.000102, 0.000000, 8.000000, 297.837924, 0.000100, 298.150000, 10.000000, 297.837924, 298.150000, 298.150000, 298.150000, 0.000002, 293.150000, 297.837924, 5000000.000000, 0.000000, 0.001019, 0.001019, 0.000000, 10.000000, 10.000000, 0.000002, 0.000002, 10.000000, 0.000002, 0.001019, 0.000000, 0.001019, 0.000000, 0.000000, 0.000000, 5000000.000000, 9.998981, 0.000100, 10.000000, 0.000100, 0.001019, 0.000100, 0.000000, 0.000010, 100000.000000, 10.187517, 0.001019, 0.000100, 10.000000, 0.000102, 293.150000, -0.468792, 0.000000, 293.150000, -4.687924, -0.468792, -0.468792, 297.837924, 0.100000, 0.001019, 0.000100, 0.001019, 0.000100, 0.000000, 0.000100, 297.837924, 10.000000, 293.150000, 10.000000, 0.000102, 10.000000, 0.000102, 0.000000, 0.000102, 10.000000, 297.837924, 297.837924, 25.000000, 24.687924, -0.468792, -0.016208, 0.000000, 0.000100, 0, 0
7.74, 0.000000, 297.745096, 0.000000, 0.000000, 0.000000, 16.000000, 0.000002, 0.000100, 0.000002, 0.000102, 29.774510, 0.001018, 297.745096, 0.500000, 0.000000, -0.000002, 0.004000, 297.745096, 4.166670, -0.459510, 297.745096, 0.000000, -0.459510, 10.000000, 0.000000, 0.000000, 0.100000, 0.000000, 298.000000, 0.000000, 0.000000, 297.745096, 0.000000, 0.000000, 298.150000, 2.000000, 100000.000000, 0.000100, 298.150000, 0.000102, 0.000000, 8.000000, 297.745096, 0.000100, 298.150000, 10.000000, 297.745096, 298.150000, 298.150000, 298.150000, 0.000002, 293.150000, 297.745096, 5000000.000000, 0.000000, 0.001018, 0.001018, 0.000000, 10.000000, 10.000000, 0.000002, 0.000002, 10.000000, 0.000002, 0.001018, 0.000000, 0.001018, 0.000000, 0.000000, 0.000000, 5000000.000000, 9.998982, 0.000100, 10.000000, 0.000100, 0.001018, 0.000100, 0.000000, 0.000010, 100000.000000, 10.183804, 0.001018, 0.000100, 10.000000, 0.000102, 293.150000, -0.459510, 0.000000, 293.150000, -4.595096, -0.459510, -0.459510, 297.745096, 0.100000, 0.001018, 0.000100, 0.001018, 0.000100, 0.000000, 0.000100, 297.745096, 10.000000, 293.150000, 10.000000, 0.000102, 10.000000, 0.000102, 0.000000, 0.000102, 10.000000, 297.745096, 297.745096, 25.000000, 24.595096, -0.459510, -0.025490, 0.000000, 0.000100, 0, 0
7.76, 0.000000, 297.654107, 0.000000, 0.000000, 0.000000, 16.000000, 0.000002, 0.000100, 0.000002, 0.000102, 29.765411, 0.001018, 297.654107, 0.500000, 0.000000, -0.000002, 0.004000, 297.654107, 4.166670, -0.450411, 297.654107, 0.000000, -0.450411, 10.000000, 0.000000, 0.000000, 0.100000, 0.000000, 298.000000, 0.000000, 0.000000, 297.654107, 0.000000, 0.000000, 298.150000, 2.000000, 100000.000000, 0.000100, 298.150000, 0.000102, 0.000000, 8.000000, 297.654107, 0.000100, 298.150000, 10.000000, 297.654107, 298.150000, 298.150000, 298.150000, 0.000002, 293.150000, 297.654107, 5000000.000000, 0.000000, 0.001018, 0.001018, 0.000000, 10.000000, 10.000000, 0.000002, 0.000002, 10.000000, 0.000002, 0.001018, 0.000000, 0.001018, 0.000000, 0.000000, 0.000000, 5000000.000000, 9.998982, 0.000100, 10.000000, 0.000100, 0.001018, 0.000100, 0.000000, 0.000010, 100000.000000, 10.180164, 0.001018, 0.000100, 10.000000, 0.000102, 293.150000, -0.450411, 0.000000, 293.150000, -4.504107, -0.450411, -0.450411, 297.654107, 0.100000, 0.001018, 0.000100, 0.001018, 0.000100, 0.000000, 0.000100, 297.654107, 10.000000, 293.150000, 10.000000, 0.000102, 10.000000, 0.000102, 0.000000, 0.000102, 10.000000, 297.654107, 297.654107, 25.000000, 24.504107, -0.450411, -0.034589, 0.000000, 0.000100, 0, 0
7.78, 0.000000, 297.564920, 0.000000, 0.000000, 0.000000, 16.000000, 0.000002, 0.000100, 0.000002, 0.000102, 29.756492, 0.001018, 297.564920, 0.500000, 0.000000, -0.000002, 0.004000, 297.564920, 4.166670, -0.441492, 297.564920, 0.000000, -0.441492, 10.000000, 0.000000, 0.000000, 0.100000, 0.000000, 298.000000, 0.000000, 0.000000, 297.564920, 0.000000, 0.000000, 298.150000, 2.000000, 100000.000000, 0.000100, 298.150000, 0.000102, 0.000000, 8.000000, 297.564920, 0.000100, 298.150000, 10.000000, 297.564920, 298.150000, 298.150000, 298.150000, 0.000002, 293.150000, 297.564920, 5000000.000000, 0.000000, 0.001018, 0.001018, 0.000000, 10.000000, 10.000000, 0.000002, 0.000002, 10.000000, 0.000002, 0.001018, 0.000000, 0.001018, 0.000000, 0.000000, 0.000000, 5000000.000000, 9.998982, 0.000100, 10.000000, 0.000100, 0.001018, 0.000100, 0.000000, 0.000010, 100000.000000, 10.176597, 0.001018, 0.000100, 10.000000, 0.000102, 293.150000, -0.441492, 0.000000, 293.150000, -4.414920, -0.441492, -0.441492, 297.564920, 0.100000, 0.001018, 0.000100, 0.001018, 0.000100, 0.000000, 0.000100, 297.564920, 10.000000, 293.150000, 10.000000, 0.000102, 10.000000, 0.000102, 0.000000, 0.000102, 10.000000, 297.564920, 297.564920, 25.000000, 24.414920, -0.441492, -0.043508, 0.000000, 0.000100, 0, 0
7.8, 0.000000, 297.477499, 0.000000, 0.000000, 0.000000, 16.000000, 0.000002, 0.000100, 0.000002, 0.000102, 29.747750, 0.001017, 297.477499, 0.500000, 0.000000, -0.000002, 0.004000, 297.477499, 4.166670, -0.432750, 297.477499, 0.000000, -0.432750, 10.000000, 0.000000, 0.000000, 0.100000, 0.000000, 298.000000, 0.000000, 0.000000, 297.477499, 0.000000, 0.000000, 298.150000, 2.000000, 100000.000000, 0.000100, 298.150000, 0.000102, 0.000000, 8.000000, 297.477499, 0.000100, 298.150000, 10.000000, 297.477499, 298.150000, 298.150000, 298.150000, 0.000002, 293.150000, 297.477499, 5000000.000000, 0.000000, 0.001017, 0.001017, 0.000000, 10.000000, 10.000000, 0.000002, 0.000002, 10.000000, 0.000002, 0.001017, 0.000000, 0.001017, 0.000000, 0.000000, 0.000000, 5000000.000000, 9.998983, 0.000100, 10.000000, 0.000100, 0.001017, 0.000100, 0.000000, 0.000010, 100000.000000, 10.173100, 0.001017, 0.000100, 10.000000, 0.000102, 293.150000, -0.432750, 0.000000, 293.150000, -4.327499, -0.432750, -0.432750, 297.477499, 0.100000, 0.001017, 0.000100, 0.001017, 0.000100, 0.000000, 0.000100, 297.477499, 10.000000, 293.150000, 10.000000, 0.000102, 10.000000, 0.000102, 0.000000, 0.000102, 10.000000, 297.477499, 297.477499, 25.000000, 24.327499, -0.432750, -0.052250, 0.000000, 0.000100, 0, 0
7.82, 0.000000, 297.391809, 0.000000, 0.000000, 0.000000, 16.000000, 0.000002, 0.000100, 0.000002, 0.000102, 29.739181, 0.001017, 297.391809, 0.500000, 0.000000, -0.000002, 0.004000, 297.391809, 4.166670, -0.424181, 297.391809, 0.000000, -0.424181, 10.000000, 0.000000, 0.000000, 0.100000, 0.000000, 298.000000, 0.000000, 0.000000, 297.391809, 0.000000, 0.000000, 298.150000, 2.000000, 100000.000000, 0.000100, 298.150000, 0.000102, 0.000000, 8.000000, 297.391809, 0.000100, 298.150000, 10.000000, 297.391809, 298.150000, 298.150000, 298.150000, 0.000002, 293.150000, 297.391809, 5000000.000000, 0.000000, 0.001017, 0.001017, 0.000000, 10.000000, 10.000000, 0.000002, 0.000002, 10.000000, 0.000002, 0.001017, 0.000000, 0.001017, 0.000000, 0.000000, 0.000000, 5000000.000000, 9.998983, 0.000100, 10.000000, 0.000100, 0.001017, 0.000100, 0.000000, 0.000010, 100000.000000, 10.169672, 0.001017, 0.000100, 10.000000, 0.000102, 293.150000, -0.424181, 0.000000, 293.150000, -4.241809, -0.424181, -0.424181, 297.391809, 0.100000, 0.001017, 0.000100, 0.001017, 0.000100, 0.000000, 0.000100, 297.391809, 10.000000, 293.150000, 10.000000, 0.000102, 10.000000, 0.000102, 0.000000, 0.000102, 10.000000, 297.391809, 297.391809, 25.000000, 24.241809, -0.424181, -0.060819, 0.000000, 0.000100, 0, 0
7.84, 0.000000, 297.307815, 0.000000, 0.000000, 0.000000, 16.000000, 0.000002, 0.000100, 0.000002, 0.000102, 29.730782, 0.001017, 297.307815, 0.500000, 0.000000, -0.000002, 0.004000, 297.307815, 4.166670, -0.415782, 297.307815, 0.000000, -0.415782, 10.000000, 0.000000, 0.000000, 0.100000, 0.000000, 298.000000, 0.000000, 0.000000, 297.307815, 0.000000, 0.000000, 298.150000, 2.000000, 100000.000000, 0.000100, 298.150000, 0.000102, 0.000000, 8.000000, 297.307815, 0.000100, 298.150000, 10.000000, 297.307815, 298.150000, 298.150000, 298.150000, 0.000002, 293.150000, 297.307815, 5000000.000000, 0.000000, 0.001017, 0.001017, 0.000000, 10.000000, 10.000000, 0.000002, 0.000002, 10.000000, 0.000002, 0.001017, 0.000000, 0.001017, 0.000000, 0.000000, 0.000000, 5000000.000000, 9.998983, 0.000100, 10.000000, 0.000100, 0.001017, 0.000100, 0.000000, 0.000010, 100000.000000, 10.166313, 0.001017, 0.000100, 10.000000, 0.000102, 293.150000, -0.415782, 0.000000, 293.150000, -4.157815, -0.415782, -0.415782, 297.307815, 0.100000, 0.001017, 0.000100, 0.001017, 0.000100, 0.000000, 0.000100, 297.307815, 10.000000, 293.150000, 10.000000, 0.000102, 10.000000, 0.000102, 0.000000, 0.000102, 10.000000, 297.307815, 297.307815, 25.000000, 24.157815, -0.415781, -0.069218, 0.000000, 0.000100, 0, 0
7.86, 0.000000, 297.225485, 0.000000, 0.000000, 0.000000, 16.000000, 0.000002, 0.000100, 0.000002, 0.000102, 29.722549, 0.001016, 297.225485, 0.500000, 0.000000, -0.000002, 0.004000, 297.225485, 4.166670, -0.407549, 297.225485, 0.000000, -0.407549, 10.000000, 0.000000, 0.000000, 0.100000, 0.000000, 298.000000, 0.000000, 0.000000, 297.225485, 0.000000, 0.000000, 298.150000, 2.000000, 100000.000000, 0.000100, 298.150000, 0.000102, 0.000000, 8.000000, 297.225485, 0.000100, 298.150000, 10.000000, 297.225485, 298.150000, 298.150000, 298.150000, 0.000002, 293.150000, 297.225485, 5000000.000000, 0.000000, 0.001016, 0.001016, 0.000000, 10.000000, 10.000000, 0.000002, 0.000002, 10.000000, 0.000002, 0.001016, 0.000000, 0.001016, 0.000000, 0.000000, 0.000000, 5000000.000000, 9.998984, 0.000100, 10.000000, 0.000100, 0.001016, 0.000100, 0.000000, 0.000010, 100000.000000, 10.163019, 0.001016, 0.000100, 10.000000, 0.000102, 293.150000, -0.407549, 0.000000, 293.150000, -4.075485, -0.407549, -0.407549, 297.225485, 0.100000, 0.001016, 0.000100, 0.001016, 0.000100, 0.000000, 0.000100, 297.225485, 10.000000, 293.150000, 10.000000, 0.000102, 10.000000, 0.000102, 0.000000, 0.000102, 10.000000, 297.225485, 297.225485, 25.000000, 24.075485, -0.407548, -0.077451, 0.000000, 0.000100, 0, 0
7.88, 0.000000, 297.272624, 0.000000, 0.000000, 0.000000, 16.000000, 0.000002, 0.983776, 0.000002, 0.983780, 29.727262, 9.999990, 297.272624, 0.500000, 0.000000, -0.000004, 0.004000, 297.272624, 4.166670, -0.412262, 297.272624, 0.000002, -0.412262, 10.000000, 0.000000, 9.837751, 0.100000, 0.000000, 298.000000, 0.000000, 1.000000, 297.272624, 1.000000, 0.000000, 298.150000, 2.000000, 100000.000000, 0.983776, 298.150000, 0.983780, 0.000000, 8.000000, 297.272624, 0.983778, 298.150000, 10.000000, 297.272624, 298.150000, 298.150000, 298.150000, 0.000002, 293.150000, 297.272624, 5000000.000000, 0.000002, 9.999990, 9.999990, 0.000002, 10.000000, 10.000000, 0.000002, 0.000002, 10.000000, 0.000002, 9.999990, 0.000002, 9.999990, 0.000002, 0.000000, 0.000002, 5000000.000000, 0.000010, 0.983778, 10.000000, 0.983778, 9.999990, 0.983778, 1.000000, 0.000010, 0.000010, 10.164905, 9.999990, 0.983776, 10.000000, 0.983780, 293.150000, -0.412262, 9.837751, 293.150000, -4.122624, -0.412262, -0.412262, 297.272624, 0.100000, 9.999990, 0.983776, 9.999990, 0.983776, 0.000000, 0.983776, 297.272624, 10.000000, 293.150000, 10.000000, 0.983780, 10.000000, 0.983780, 0.000000, 0.983780, 10.000000, 297.272624, 297.272624, 25.000000, 24.122624, 9.425489, -0.072738, 0.000000, 0.983778, 1, 1
7.9, 0.000000, 299.131848, 0.000000, 0.000000, 0.000000, 16.000000, 0.000002, 0.976631, 0.000002, 0.976635, 29.913185, 9.999990, 299.131848, 0.500000, 0.000000, -0.000004, 0.004000, 299.131848, 4.166670, -0.598185, 299.131848, 0.000002, -0.598185, 10.000000, 0.000000, 9.766298, 0.100000, 0.000000, 298.000000, 0.000000, 1.000000, 299.131848, 1.000000, 0.000000, 298.150000, 2.000000, 100000.000000, 0.976631, 298.150000, 0.976635, 0.000000, 8.000000, 299.131848, 0.976633, 298.150000, 10.000000, 299.131848, 298.150000, 298.150000, 298.150000, 0.000002, 293.150000, 299.131848, 5000000.000000, 0.000002, 9.999990, 9.999990, 0.000002, 10.000000, 10.000000, 0.000002, 0.000002, 10.000000, 0.000002, 9.999990, 0.000002, 9.999990, 0.000002, 0.000000, 0.000002, 5000000.000000, 0.000010, 0.976633, 10.000000, 0.976633, 9.999990, 0.976633, 1.000000, 0.000010, 0.000010, 10.239274, 9.999990, 0.976631, 10.000000, 0.976635, 293.150000, -0.598185, 9.766298, 293.150000, -5.981848, -0.598185, -0.598185, 299.131848, 0.100000, 9.999990, 0.976631, 9.999990, 0.976631, 0.000000, 0.976631, 299.131848, 10.000000, 293.150000, 10.000000, 0.976635, 10.000000, 0.976635, 0.000000, 0.976635, 10.000000, 299.131848, 299.131848, 25.000000, 25.981848, 9.168114, 0.113185, 0.000000, 0.976633, 1, 1
7.92, 0.000000, 299.032546, 0.000000, 0.000000, 0.000000, 16.000000, 0.000002, 0.000100, 0.000002, 0.000102, 29.903255, 0.001023, 299.032546, 0.500000, 0.000000, -0.000002, 0.004000, 299.032546, 4.166670, -0.588255, 299.032546, 0.000000, -0.588255, 10.000000, 0.000000, 0.000000, 0.100000, 0.000000, 298.000000, 0.000000, 0.000000, 299.032546, 0.000000, 0.000000, 298.150000, 2.000000, 100000.000000, 0.000100, 298.150000, 0.000102, 0.000000, 8.000000, 299.032546, 0.000100, 298.150000, 10.000000, 299.032546, 298.150000, 298.150000, 298.150000, 0.000002, 293.150000, 299.032546, 5000000.000000, 0.000000, 0.001023, 0.001023, 0.000000, 10.000000, 10.000000, 0.000002, 0.000002, 10.000000, 0.000002, 0.001023, 0.000000, 0.001023, 0.000000, 0.000000, 0.000000, 5000000.000000, 9.998977, 0.000100, 10.000000, 0.000100, 0.001023, 0.000100, 0.000000, 0.000010, 100000.000000, 10.235302, 0.001023, 0.000100, 10.000000, 0.000102, 293.150000, -0.588255, 0.000000, 293.150000, -5.882546, -0.588255, -0.588255, 299.032546, 0.100000, 0.001023, 0.000100, 0.001023, 0.000100, 0.000000, 0.000100, 299.032546, 10.000000, 293.150000, 10.000000, 0.000102, 10.000000, 0.000102, 0.000000, 0.000102, 10.000000, 299.032546, 299.032546, 25.000000, 25.882546, -0.588255, 0.103255, 0.000000, 0.000100, 0, 0
7.94, 0.000000, 298.916064, 0.000000, 0.000000, 0.000000, 16.000000, 0.000002, 0.000100, 0.000002, 0.000102, 29.891606, 0.001023, 298.916064, 0.500000, 0.000000, -0.000002, 0.004000, 298.916064, 4.166670, -0.576606, 298.916064, 0.000000, -0.576606, 10.000000, 0.000000, 0.000000, 0.100000, 0.000000, 298.000000, 0.000000, 0.000000, 298.916064, 0.000000, 0.000000, 298.150000, 2.000000, 100000.000000, 0.000100, 298.150000, 0.000102, 0.000000, 8.000000, 298.916064, 0.000100, 298.150000, 10.000000, 298.916064, 298.150000, 298.150000, 298.150000, 0.000002, 293.150000, 298.916064, 5000000.000000, 0.000000, 0.001023, 0.001023, 0.000000, 10.000000, 10.000000, 0.000002, 0.000002, 10.000000, 0.000002, 0.001023, 0.000000, 0.001023, 0.000000, 0.000000, 0.000000, 5000000.000000, 9.998977, 0.000100, 10.000000, 0.000100, 0.001023, 0.000100, 0.000000, 0.000010, 100000.000000, 10.230643, 0.001023, 0.000100, 10.000000, 0.000102, 293.150000, -0.576606, 0.000000, 293.150000, -5.766064, -0.576606, -0.576606, 298.916064, 0.100000, 0.001023, 0.000100, 0.001023, 0.000100, 0.000000, 0.000100, 298.916064, 10.000000, 293.150000, 10.000000, 0.000102, 10.000000, 0.000102, 0.000000, 0.000102, 10.000000, 298.916064, 298.916064, 25.000000, 25.766064, -0.576606, 0.091606, 0.000000, 0.000100, 0, 0
7.96, 0.000000, 298.801888, 0.000000, 0.000000, 0.000000, 16.000000, 0.000002, 0.000100, 0.000002, 0.000102, 29.880189, 0.001023, 298.801888, 0.500000, 0.000000, -0.000002, 0.004000, 298.801888, 4.166670, -0.565189, 298.801888, 0.000000, -0.565189, 10.000000, 0.000000, 0.000000, 0.100000, 0.000000, 298.000000, 0.000000, 0.000000, 298.801888, 0.000000, 0.000000, 298.150000, 2.000000, 100000.000000, 0.000100, 298.150000, 0.000102, 0.000000, 8.000000, 298.801888, 0.000100, 298.150000, 10.000000, 298.801888, 298.150000, 298.150000, 298.150000, 0.000002, 293.150000, 298.801888, 5000000.000000, 0.000000, 0.001023, 0.001023, 0.000000, 10.000000, 10.000000, 0.000002, 0.000002, 10.000000, 0.000002, 0.001023, 0.000000, 0.001023, 0.000000, 0.000000, 0.000000, 5000000.000000, 9.998977, 0.000100, 10.000000, 0.000100, 0.001023, 0.000100, 0.000000, 0.000010, 100000.000000, 10.226076, 0.001023, 0.000100, 10.000000, 0.000102, 293.150000, -0.565189, 0.000000, 293.150000, -5.651888, -0.565189, -0.565189, 298.801888, 0.100000, 0.001023, 0.000100, 0.001023, 0.000100, 0.000000, 0.000100, 298.801888, 10.000000, 293.150000, 10.000000, 0.000102, 10.000000, 0.000102, 0.000000, 0.000102, 10.000000, 298.801888, 298.801888, 25.000000, 25.651888, -0.565189, 0.080189, 0.000000, 0.000100, 0, 0
7.98, 0.000000, 298.689973, 0.000000, 0.000000, 0.000000, 16.000000, 0.000002, 0.000100, 0.000002, 0.000102, 29.868997, 0.001022, 298.689973, 0.500000, 0.000000, -0.000002, 0.004000, 298.689973, 4.166670, -0.553997, 298.689973, 0.000000, -0.553997, 10.000000, 0.000000, 0.000000, 0.100000, 0.000000, 298.000000, 0.000000, 0.000000, 298.689973, 0.000000, 0.000000, 298.150000, 2.000000, 100000.000000, 0.000100, 298.150000, 0.000102, 0.000000, 8.000000, 298.689973, 0.000100, 298.150000, 10.000000, 298.689973, 298.150000, 298.150000, 298.150000, 0.000002, 293.150000, 298.689973, 5000000.000000, 0.000000, 0.001022, 0.001022, 0.000000, 10.000000, 10.000000, 0.000002, 0.000002, 10.000000, 0.000002, 0.001022, 0.000000, 0.001022, 0.000000, 0.000000, 0.000000, 5000000.000000, 9.998978, 0.000100, 10.000000, 0.000100, 0.001022, 0.000100, 0.000000, 0.000010, 100000.000000, 10.221599, 0.001022, 0.000100, 10.000000, 0.000102, 293.150000, -0.553997, 0.000000, 293.150000, -5.539973, -0.553997, -0.553997, 298.689973, 0.100000, 0.001022, 0.000100, 0.001022, 0.000100, 0.000000, 0.000100, 298.689973, 10.000000, 293.150000, 10.000000, 0.000102, 10.000000, 0.000102, 0.000000, 0.000102, 10.000000, 298.689973, 298.689973, 25.000000, 25.539973, -0.553997, 0.068997, 0.000000, 0.000100, 0, 0
8, 0.000000, 298.580275, 0.000000, 0.000000, 0.000000, 16.000000, 0.000002, 0.000100, 0.000002, 0.000102, 29.858027, 0.001022, 298.580275, 0.500000, 0.000000, -0.000002, 0.004000, 298.580275, 4.166670, -0.543027, 298.580275, 0.000000, -0.543027, 10.000000, 0.000000, 0.000000, 0.100000, 0.000000, 298.000000, 0.000000, 0.000000, 298.580275, 0.000000, 0.000000, 298.150000, 2.000000, 100000.000000, 0.000100, 298.150000, 0.000102, 0.000000, 8.000000, 298.580275, 0.000100, 298.150000, 10.000000, 298.580275, 298.150000, 298.150000, 298.150000, 0.000002, 293.150000, 298.580275, 5000000.000000, 0.000000, 0.001022, 0.001022, 0.000000, 10.000000, 10.000000, 0.000002, 0.000002, 10.000000, 0.000002, 0.001022, 0.000000, 0.001022, 0.000000, 0.000000, 0.000000, 5000000.000000, 9.998978, 0.000100, 10.000000, 0.000100, 0.001022, 0.000100, 0.000000, 0.000010, 100000.000000, 10.217211, 0.001022, 0.000100, 10.000000, 0.000102, 293.150000, -0.543027, 0.000000, 293.150000, -5.430275, -0.543027, -0.543027, 298.580275, 0.100000, 0.001022, 0.000100, 0.001022, 0.000100, 0.000000, 0.000100, 298.580275, 10.000000, 293.150000, 10.000000, 0.000102, 10.000000, 0.000102, 0.000000, 0.000102, 10.000000, 298.580275, 298.580275, 25.000000, 25.430275, -0.543027, 0.058027, 0.000000, 0.000100, 0, 0
8.02, 0.000000, 298.472748, 0.000000, 0.000000, 0.000000, 16.000000, 0.000002, 0.000100, 0.000002, 0.000102, 29.847275, 0.001021, 298.472748, 0.500000, 0.000000, -0.000002, 0.004000, 298.472748, 4.166670, -0.532275, 298.472748, 0.000000, -0.532275, 10.000000, 0.000000, 0.000000, 0.100000, 0.000000, 298.000000, 0.000000, 0.000000, 298.472748, 0.000000, 0.000000, 298.233333, 2.000000, 100000.000000, 0.000100, 298.233333, 0.000102, 0.000000, 8.000000, 298.472748, 0.000100, 298.150000, 10.000000, 298.472748, 298.233333, 298.233333, 298.233333, 0.000002, 293.150000, 298.472748, 5000000.000000, 0.000000, 0.001021, 0.001021, 0.000000, 10.000000, 10.000000, 0.000002, 0.000002, 10.000000, 0.000002, 0.001021, 0.000000, 0.001021, 0.000000, 0.000000, 0.000000, 5000000.000000, 9.998979, 0.000100, 10.000000, 0.000100, 0.001021, 0.000100, 0.000000, 0.000010, 100000.000000, 10.212910, 0.001021, 0.000100, 10.000000, 0.000102, 293.150000, -0.532275, 0.000000, 293.150000, -5.322748, -0.532275, -0.532275, 298.472748, 0.100000, 0.001021, 0.000100, 0.001021, 0.000100, 0.000000, 0.000100, 298.472748, 10.000000, 293.150000, 10.000000, 0.000102, 10.000000, 0.000102, 0.000000, 0.000102, 10.000000, 298.472748, 298.472748, 25.083333, 25.322748, -0.532275, 0.047275, 0.000000, 0.000100, 0, 0
8.04, 0.000000, 298.367351, 0.000000, 0.000000, 0.000000, 16.000000, 0.000002, 0.000100, 0.000002, 0.000102, 29.836735, 0.001021, 298.367351, 0.500000, 0.000000, -0.000002, 0.004000, 298.367351, 4.166670, -0.521735, 298.367351, 0.000000, -0.521735, 10.000000, 0.000000, 0.000000, 0.100000, 0.000000, 298.000000, 0.000000, 0.000000, 298.367351, 0.000000, 0.000000, 298.316667, 2.000000, 100000.000000, 0.000100, 298.316667, 0.000102, 0.000000, 8.000000, 298.367351, 0.000100, 298.150000, 10.000000, 298.367351, 298.316667, 298.316667, 298.316667, 0.000002, 293.150000, 298.367351, 5000000.000000, 0.000000, 0.001021, 0.001021, 0.000000, 10.000000, 10.000000, 0.000002, 0.000002, 10.000000, 0.000002, 0.001021, 0.000000, 0.001021, 0.000000, 0.000000, 0.000000, 5000000.000000, 9.998979, 0.000100, 10.000000, 0.000100, 0.001021, 0.000100, 0.000000, 0.000010, 100000.000000, 10.208694, 0.001021, 0.000100, 10.000000, 0.000102, 293.150000, -0.521735, 0.000000, 293.150000, -5.217351, -0.521735, -0.521735, 298.367351, 0.100000, 0.001021, 0.000100, 0.001021, 0.000100, 0.000000, 0.000100, 298.367351, 10.000000, 293.150000, 10.000000, 0.000102, 10.000000, 0.000102, 0.000000, 0.000102, 10.000000, 298.367351, 298.367351, 25.166667, 25.217351, -0.521735, 0.036735, 0.000000, 0.000100, 0, 0
8.06, 0.000000, 298.264040, 0.000000, 0.000000, 0.000000, 16.000000, 0.000002, 0.000100, 0.000002, 0.000102, 29.826404, 0.001020, 298.264040, 0.500000, 0.000000, -0.000002, 0.004000, 298.264040, 4.166670, -0.511404, 298.264040, 0.000000, -0.511404, 10.000000, 0.000000, 0.000000, 0.100000, 0.000000, 298.000000, 0.000000, 0.000000, 298.264040, 0.000000, 0.000000, 298.400000, 2.000000, 100000.000000, 0.000100, 298.400000, 0.000102, 0.000000, 8.000000, 298.264040, 0.000100, 298.150000, 10.000000, 298.264040, 298.400000, 298.400000, 298.400000, 0.000002, 293.150000, 298.264040, 5000000.000000, 0.000000, 0.001020, 0.001020, 0.000000, 10.000000, 10.000000, 0.000002, 0.000002, 10.000000, 0.000002, 0.001020, 0.000000, 0.001020, 0.000000, 0.000000, 0.000000, 5000000.000000, 9.998980, 0.000100, 10.000000, 0.000100, 0.001020, 0.000100, 0.000000, 0.000010, 100000.000000, 10.204562, 0.001020, 0.000100, 10.000000, 0.000102, 293.150000, -0.511404, 0.000000, 293.150000, -5.114040, -0.511404, -0.511404, 298.264040, 0.100000, 0.001020, 0.000100, 0.001020, 0.000100, 0.000000, 0.000100, 298.264040, 10.000000, 293.150000, 10.000000, 0.000102, 10.000000, 0.000102, 0.000000, 0.000102, 10.000000, 298.264040, 298.264040, 25.250000, 25.114040, -0.511404, 0.026404, 0.000000, 0.000100, 0, 0
8.08, 0.000000, 298.162775, 0.000000, 0.000000, 0.000000, 16.000000, 0.000002, 0.000100, 0.000002, 0.000102, 29.816278, 0.001020, 298.162775, 0.500000, 0.000000, -0.000002, 0.004000, 298.162775, 4.166670, -0.501278, 298.162775, 0.000000, -0.501278, 10.000000, 0.000000, 0.000000, 0.100000, 0.000000, 298.000000, 0.000000, 0.000000, 298.162775, 0.000000, 0.000000, 298.483334, 2.000000, 100000.000000, 0.000100, 298.483334, 0.000102, 0.000000, 8.000000, 298.162775, 0.000100, 298.150000, 10.000000, 298.162775, 298.483334, 298.483334, 298.483334, 0.000002, 293.150000, 298.162775, 5000000.000000, 0.000000, 0.001020, 0.001020, 0.000000, 10.000000, 10.000000, 0.000002, 0.000002, 10.000000, 0.000002, 0.001020, 0.000000, 0.001020, 0.000000, 0.000000, 0.000000, 5000000.000000, 9.998980, 0.000100, 10.000000, 0.000100, 0.001020, 0.000100, 0.000000, 0.000010, 100000.000000, 10.200511, 0.001020, 0.000100, 10.000000, 0.000102, 293.150000, -0.501278, 0.000000, 293.150000, -5.012775, -0.501278, -0.501278, 298.162775, 0.100000, 0.001020, 0.000100, 0.001020, 0.000100, 0.000000, 0.000100, 298.162775, 10.000000, 293.150000, 10.000000, 0.000102, 10.000000, 0.000102, 0.000000, 0.000102, 10.000000, 298.162775, 298.162775, 25.333334, 25.012775, -0.501277, 0.016278, 0.000000, 0.000100, 0, 0
8.1, 0.000000, 298.063516, 0.000000, 0.000000, 0.000000, 16.000000, 0.000002, 0.000100, 0.000002, 0.000102, 29.806352, 0.001020, 298.063516, 0.500000, 0.000000, -0.000002, 0.004000, 298.063516, 4.166670, -0.491352, 298.063516, 0.000000, -0.491352, 10.000000, 0.000000, 0.000000, 0.100000, 0.000000, 298.000000, 0.000000, 0.000000, 298.063516, 0.000000, 0.000000, 298.566667, 2.000000, 100000.000000, 0.000100, 298.566667, 0.000102, 0.000000, 8.000000, 298.063516, 0.000100, 298.150000, 10.000000, 298.063516, 298.566667, 298.566667, 298.566667, 0.000002, 293.150000, 298.063516, 5000000.000000, 0.000000, 0.001020, 0.001020, 0.000000, 10.000000, 10.000000, 0.000002, 0.000002, 10.000000, 0.000002, 0.001020, 0.000000, 0.001020, 0.000000, 0.000000, 0.000000, 5000000.000000, 9.998980, 0.000100, 10.000000, 0.000100, 0.001020, 0.000100, 0.000000, 0.000010, 100000.000000, 10.196541, 0.001020, 0.000100, 10.000000, 0.000102, 293.150000, -0.491352, 0.000000, 293.150000, -4.913516, -0.491352, -0.491352, 298.063516, 0.100000, 0.001020, 0.000100, 0.001020, 0.000100, 0.000000, 0.000100, 298.063516, 10.000000, 293.150000, 10.000000, 0.000102, 10.000000, 0.000102, 0.000000, 0.000102, 10.000000, 298.063516, 298.063516, 25.416667, 24.913516, -0.491351, 0.006352, 0.000000, 0.000100, 0, 0
8.12, 0.000000, 297.966222, 0.000000, 0.000000, 0.000000, 16.000000, 0.000002, 0.000100, 0.000002, 0.000102, 29.796622, 0.001019, 297.966222, 0.500000, 0.000000, -0.000002, 0.004000, 297.966222, 4.166670, -0.481622, 297.966222, 0.000000, -0.481622, 10.000000, 0.000000, 0.000000, 0.100000, 0.000000, 298.000000, 0.000000, 0.000000, 297.966222, 0.000000, 0.000000, 298.650000, 2.000000, 100000.000000, 0.000100, 298.650000, 0.000102, 0.000000, 8.000000, 297.966222, 0.000100, 298.150000, 10.000000, 297.966222, 298.650000, 298.650000, 298.650000, 0.000002, 293.150000, 297.966222, 5000000.000000, 0.000000, 0.001019, 0.001019, 0.000000, 10.000000, 10.000000, 0.000002, 0.000002, 10.000000, 0.000002, 0.001019, 0.000000, 0.001019, 0.000000, 0.000000, 0.000000, 5000000.000000, 9.998981, 0.000100, 10.000000, 0.000100, 0.001019, 0.000100, 0.000000, 0.000010, 100000.000000, 10.192649, 0.001019, 0.000100, 10.000000, 0.000102, 293.150000, -0.481622, 0.000000, 293.150000, -4.816222, -0.481622, -0.481622, 297.966222, 0.100000, 0.001019, 0.000100, 0.001019, 0.000100, 0.000000, 0.000100, 297.966222, 10.000000, 293.150000, 10.000000, 0.000102, 10.000000, 0.000102, 0.000000, 0.000102, 10.000000, 297.966222, 297.966222, 25.500000, 24.816222, -0.481622, -0.003378, 0.000000, 0.000100, 0, 0
8.14, 0.000000, 297.870854, 0.000000, 0.000000, 0.000000, 16.000000, 0.000002, 0.000100, 0.000002, 0.000102, 29.787085, 0.001019, 297.870854, 0.500000, 0.000000, -0.000002, 0.004000, 297.870854, 4.166670, -0.472085, 297.870854, 0.000000, -0.472085, 10.000000, 0.000000, 0.000000, 0.100000, 0.000000, 298.000000, 0.000000, 0.000000, 297.870854, 0.000000, 0.000000, 298.733334, 2.000000, 100000.000000, 0.000100, 298.733334, 0.000102, 0.000000, 8.000000, 297.870854, 0.000100, 298.150000, 10.000000, 297.870854, 298.733334, 298.733334, 298.733334, 0.000002, 293.150000, 297.870854, 5000000.000000, 0.000000, 0.001019, 0.001019, 0.000000, 10.000000, 10.000000, 0.000002, 0.000002, 10.000000, 0.000002, 0.001019, 0.000000, 0.001019, 0.000000, 0.000000, 0.000000, 5000000.000000, 9.998981, 0.000100, 10.000000, 0.000100, 0.001019, 0.000100, 0.000000, 0.000010, 100000.000000, 10.188834, 0.001019, 0.000100, 10.000000, 0.000102, 293.150000, -0.472085, 0.000000, 293.150000, -4.720854, -0.472085, -0.472085, 297.870854, 0.100000, 0.001019, 0.000100, 0.001019, 0.000100, 0.000000, 0.000100, 297.870854, 10.000000, 293.150000, 10.000000, 0.000102, 10.000000, 0.000102, 0.000000, 0.000102, 10.000000, 297.870854, 297.870854, 25.583334, 24.720854, -0.472085, -0.012915, 0.000000, 0.000100, 0, 0
8.16, 0.000000, 298.208047, 0.000000, 0.000000, 0.000000, 16.000000, 0.000002, 0.980168, 0.000002, 0.980172, 29.820805, 9.999990, 298.208047, 0.500000, 0.000000, -0.000004, 0.004000, 298.208047, 4.166670, -0.505805, 298.208047, 0.000002, -0.505805, 10.000000, 0.000000, 9.801671, 0.100000, 0.000000, 298.000000, 0.000000, 1.000000, 298.208047, 1.000000, 0.000000, 298.816667, 2.000000, 100000.000000, 0.980168, 298.816667, 0.980172, 0.000000, 8.000000, 298.208047, 0.980170, 298.150000, 10.000000, 298.208047, 298.816667, 298.816667, 298.816667, 0.000002, 293.150000, 298.208047, 5000000.000000, 0.000002, 9.999990, 9.999990, 0.000002, 10.000000, 10.000000, 0.000002, 0.000002, 10.000000, 0.000002, 9.999990, 0.000002, 9.999990, 0.000002, 0.000000, 0.000002, 5000000.000000, 0.000010, 0.980170, 10.000000, 0.980170, 9.999990, 0.980170, 1.000000, 0.000010, 0.000010, 10.202322, 9.999990, 0.980168, 10.000000, 0.980172, 293.150000, -0.505805, 9.801671, 293.150000, -5.058047, -0.505805, -0.505805, 298.208047, 0.100000, 9.999990, 0.980168, 9.999990, 0.980168, 0.000000, 0.980168, 298.208047, 10.000000, 293.150000, 10.000000, 0.980172, 10.000000, 0.980172, 0.000000, 0.980172, 10.000000, 298.208047, 298.208047, 25.666667, 25.058047, 9.295866, 0.020805, 0.000000, 0.980170, 1, 1
8.18, 0.000000, 299.886127, 0.000000, 0.000000, 0.000000, 16.000000, 0.000002, 0.000100, 0.000002, 0.000102, 29.988613, 0.001027, 299.886127, 0.500000, 0.000000, -0.000002, 0.004000, 299.886127, 4.166670, -0.673613, 299.886127, 0.000000, -0.673613, 10.000000, 0.000000, 0.000000, 0.100000, 0.000000, 298.000000, 0.000000, 0.000000, 299.886127, 0.000000, 0.000000, 298.900001, 2.000000, 100000.000000, 0.000100, 298.900001, 0.000102, 0.000000, 8.000000, 299.886127, 0.000100, 298.150000, 10.000000, 299.886127, 298.900001, 298.900001, 298.900001, 0.000002, 293.150000, 299.886127, 5000000.000000, 0.000000, 0.001027, 0.001027, 0.000000, 10.000000, 10.000000, 0.000002, 0.000002, 10.000000, 0.000002, 0.001027, 0.000000, 0.001027, 0.000000, 0.000000, 0.000000, 5000000.000000, 9.998973, 0.000100, 10.000000, 0.000100, 0.001027, 0.000100, 0.000000, 0.000010, 100000.000000, 10.269445, 0.001027, 0.000100, 10.000000, 0.000102, 293.150000, -0.673613, 0.000000, 293.150000, -6.736127, -0.673613, -0.673613, 299.886127, 0.100000, 0.001027, 0.000100, 0.001027, 0.000100, 0.000000, 0.000100, 299.886127, 10.000000, 293.150000, 10.000000, 0.000102, 10.000000, 0.000102, 0.000000, 0.000102, 10.000000, 299.886127, 299.886127, 25.750001, 26.736127, -0.673613, 0.188613, 0.000000, 0.000100, 0, 0
8.2, 0.000000, 299.752742, 0.000000, 0.000000, 0.000000, 16.000000, 0.000002, 0.000100, 0.000002, 0.000102, 29.975274, 0.001026, 299.752742, 0.500000, 0.000000, -0.000002, 0.004000, 299.752742, 4.166670, -0.660274, 299.752742, 0.000000, -0.660274, 10.000000, 0.000000, 0.000000, 0.100000, 0.000000, 298.000000, 0.000000, 0.000000, 299.752742, 0.000000, 0.000000, 298.983334, 2.000000, 100000.000000, 0.000100, 298.983334, 0.000102, 0.000000, 8.000000, 299.752742, 0.000100, 298.150000, 10.000000, 299.752742, 298.983334, 298.983334, 298.983334, 0.000002, 293.150000, 299.752742, 5000000.000000, 0.000000, 0.001026, 0.001026, 0.000000, 10.000000, 10.000000, 0.000002, 0.000002, 10.000000, 0.000002, 0.001026, 0.000000, 0.001026, 0.000000, 0.000000, 0.000000, 5000000.000000, 9.998974, 0.000100, 10.000000, 0.000100, 0.001026, 0.000100, 0.000000, 0.000010, 100000.000000, 10.264110, 0.001026, 0.000100, 10.000000, 0.000102, 293.150000, -0.660274, 0.000000, 293.150000, -6.602742, -0.660274, -0.660274, 299.752742, 0.100000, 0.001026, 0.000100, 0.001026, 0.000100, 0.000000, 0.000100, 299.752742, 10.000000, 293.150000, 10.000000, 0.000102, 10.000000, 0.000102, 0.000000, 0.000102, 10.000000, 299.752742, 299.752742, 25.833334, 26.602742, -0.660274, 0.175274, 0.000000, 0.000100, 0, 0
8.22, 0.000000, 299.621999, 0.000000, 0.000000, 0.000000, 16.000000, 0.000002, 0.000100, 0.000002, 0.000102, 29.962200, 0.001026, 299.621999, 0.500000, 0.000000, -0.000002, 0.004000, 299.621999, 4.166670, -0.647200, 299.621999, 0.000000, -0.647200, 10.000000, 0.000000, 0.000000, 0.100000, 0.000000, 298.000000, 0.000000, 0.000000, 299.621999, 0.000000, 0.000000, 299.066667, 2.000000, 100000.000000, 0.000100, 299.066667, 0.000102, 0.000000, 8.000000, 299.621999, 0.000100, 298.150000, 10.000000, 299.621999, 299.066667, 299.066667, 299.066667, 0.000002, 293.150000, 299.621999, 5000000.000000, 0.000000, 0.001026, 0.001026, 0.000000, 10.000000, 10.000000, 0.000002, 0.000002, 10.000000, 0.000002, 0.001026, 0.000000, 0.001026, 0.000000, 0.000000, 0.000000, 5000000.000000, 9.998974, 0.000100, 10.000000, 0.000100, 0.001026, 0.000100, 0.000000, 0.000010, 100000.000000, 10.258880, 0.001026, 0.000100, 10.000000, 0.000102, 293.150000, -0.647200, 0.000000, 293.150000, -6.471999, -0.647200, -0.647200, 299.621999, 0.100000, 0.001026, 0.000100, 0.001026, 0.000100, 0.000000, 0.000100, 299.621999, 10.000000, 293.150000, 10.000000, 0.000102, 10.000000, 0.000102, 0.000000, 0.000102, 10.000000, 299.621999, 299.621999, 25.916667, 26.471999, -0.647200, 0.162200, 0.000000, 0.000100, 0, 0
8.24, 0.000000, 299.493845, 0.000000, 0.000000, 0.000000, 16.000000, 0.000002, 0.000100, 0.000002, 0.000102, 29.949385, 0.001025, 299.493845, 0.500000, 0.000000, -0.000002, 0.004000, 299.493845, 4.166670, -0.634385, 299.493845, 0.000000, -0.634385, 10.000000, 0.000000, 0.000000, 0.100000, 0.000000, 298.000000, 0.000000, 0.000000, 299.493845, 0.000000, 0.000000, 299.150001, 2.000000, 100000.000000, 0.000100, 299.150001, 0.000102, 0.000000, 8.000000, 299.493845, 0.000100, 298.150000, 10.000000, 299.493845, 299.150001, 299.150001, 299.150001, 0.000002, 293.150000, 299.493845, 5000000.000000, 0.000000, 0.001025, 0.001025, 0.000000, 10.000000, 10.000000, 0.000002, 0.000002, 10.000000, 0.000002, 0.001025, 0.000000, 0.001025, 0.000000, 0.000000, 0.000000, 5000000.000000, 9.998975, 0.000100, 10.000000, 0.000100, 0.001025, 0.000100, 0.000000, 0.000010, 100000.000000, 10.253754, 0.001025, 0.000100, 10.000000, 0.000102, 293.150000, -0.634385, 0.000000, 293.150000, -6.343845, -0.634385, -0.634385, 299.493845, 0.100000, 0.001025, 0.000100, 0.001025, 0.000100, 0.000000, 0.000100, 299.493845, 10.000000, 293.150000, 10.000000, 0.000102, 10.000000, 0.000102, 0.000000, 0.000102, 10.000000, 299.493845, 299.493845, 26.000001, 26.343845, -0.634384, 0.149385, 0.000000, 0.000100, 0, 0
8.26, 0.000000, 299.368229, 0.000000, 0.000000, 0.000000, 16.000000, 0.000002, 0.000100, 0.000002, 0.000102, 29.936823, 0.001025, 299.368229, 0.500000, 0.000000, -0.000002, 0.004000, 299.368229, 4.166670, -0.621823, 299.368229, 0.000000, -0.621823, 10.000000, 0.000000, 0.000000, 0.100000, 0.000000, 298.000000, 0.000000, 0.000000, 299.368229, 0.000000, 0.000000, 299.233334, 2.000000, 100000.000000, 0.000100, 299.233334, 0.000102, 0.000000, 8.000000, 299.368229, 0.000100, 298.150000, 10.000000, 299.368229, 299.233334, 299.233334, 299.233334, 0.000002, 293.150000, 299.368229, 5000000.000000, 0.000000, 0.001025, 0.001025, 0.000000, 10.000000, 10.000000, 0.000002, 0.000002, 10.000000, 0.000002, 0.001025, 0.000000, 0.001025, 0.000000, 0.000000, 0.000000, 5000000.000000, 9.998975, 0.000100, 10.000000, 0.000100, 0.001025, 0.000100, 0.000000, 0.000010, 100000.000000, 10.248729, 0.001025, 0.000100, 10.000000, 0.000102, 293.150000, -0.621823, 0.000000, 293.150000, -6.218229, -0.621823, -0.621823, 299.368229, 0.100000, 0.001025, 0.000100, 0.001025, 0.000100, 0.000000, 0.000100, 299.368229, 10.000000, 293.150000, 10.000000, 0.000102, 10.000000, 0.000102, 0.000000, 0.000102, 10.000000, 299.368229, 299.368229, 26.083334, 26.218229, -0.621823, 0.136823, 0.000000, 0.000100, 0, 0
8.28, 0.000000, 299.245100, 0.000000, 0.000000, 0.000000, 16.000000, 0.000002, 0.000100, 0.000002, 0.000102, 29.924510, 0.001024, 299.245100, 0.500000, 0.000000, -0.000002, 0.004000, 299.245100, 4.166670, -0.609510, 299.245100, 0.000000, -0.609510, 10.000000, 0.000000, 0.000000, 0.100000, 0.000000, 298.000000, 0.000000, 0.000000, 299.245100, 0.000000, 0.000000, 299.316668, 2.000000, 100000.000000, 0.000100, 299.316668, 0.000102, 0.000000, 8.000000, 299.245100, 0.000100, 298.150000, 10.000000, 299.245100, 299.316668, 299.316668, 299.316668, 0.000002, 293.150000, 299.245100, 5000000.000000, 0.000000, 0.001024, 0.001024, 0.000000, 10.000000, 10.000000, 0.000002, 0.000002, 10.000000, 0.000002, 0.001024, 0.000000, 0.001024, 0.000000, 0.000000, 0.000000, 5000000.000000, 9.998976, 0.000100, 10.000000, 0.000100, 0.001024, 0.000100, 0.000000, 0.000010, 100000.000000, 10.243804, 0.001024, 0.000100, 10.000000, 0.000102, 293.150000, -0.609510, 0.000000, 293.150000, -6.095100, -0.609510, -0.609510, 299.245100, 0.100000, 0.001024, 0.000100, 0.001024, 0.000100, 0.000000, 0.000100, 299.245100, 10.000000, 293.150000, 10.000000, 0.000102, 10.000000, 0.000102, 0.000000, 0.000102, 10.000000, 299.245100, 299.245100, 26.166668, 26.095100, -0.609510, 0.124510, 0.000000, 0.000100, 0, 0
8.3, 0.000000, 299.124409, 0.000000, 0.000000, 0.000000, 16.000000, 0.000002, 0.000100, 0.000002, 0.000102, 29.912441, 0.001024, 299.124409, 0.500000, 0.000000, -0.000002, 0.004000, 299.124409, 4.166670, -0.597441, 299.124409, 0.000000, -0.597441, 10.000000, 0.000000, 0.000000, 0.100000, 0.000000, 298.000000, 0.000000, 0.000000, 299.124409, 0.000000, 0.000000, 299.400001, 2.000000, 100000.000000, 0.000100, 299.400001, 0.000102, 0.000000, 8.000000, 299.124409, 0.000100, 298.150000, 10.000000, 299.124409, 299.400001, 299.400001, 299.400001, 0.000002, 293.150000, 299.124409, 5000000.000000, 0.000000, 0.001024, 0.001024, 0.000000, 10.000000, 10.000000, 0.000002, 0.000002, 10.000000, 0.000002, 0.001024, 0.000000, 0.001024, 0.000000, 0.000000, 0.000000, 5000000.000000, 9.998976, 0.000100, 10.000000, 0.000100, 0.001024, 0.000100, 0.000000, 0.000010, 100000.000000, 10.238976, 0.001024, 0.000100, 10.000000, 0.000102, 293.150000, -0.597441, 0.000000, 293.150000, -5.974409, -0.597441, -0.597441, 299.124409, 0.100000, 0.001024, 0.000100, 0.001024, 0.000100, 0.000000, 0.000100, 299.124409, 10.000000, 293.150000, 10.000000, 0.000102, 10.000000, 0.000102, 0.000000, 0.000102, 10.000000, 299.124409, 299.124409, 26.250001, 25.974409, -0.597441, 0.112441, 0.000000, 0.000100, 0, 0
8.32, 0.000000, 299.006107, 0.000000, 0.000000, 0.000000, 16.000000, 0.000002, 0.000100, 0.000002, 0.000102, 29.900611, 0.001023, 299.006107, 0.500000, 0.000000, -0.000002, 0.004000, 299.006107, 4.166670, -0.585611, 299.006107, 0.000000, -0.585611, 10.000000, 0.000000, 0.000000, 0.100000, 0.000000, 298.000000, 0.000000, 0.000000, 299.006107, 0.000000, 0.000000, 299.483334, 2.000000, 100000.000000, 0.000100, 299.483334, 0.000102, 0.000000, 8.000000, 299.006107, 0.000100, 298.150000, 10.000000, 299.006107, 299.483334, 299.483334, 299.483334, 0.000002, 293.150000, 299.006107, 5000000.000000, 0.000000, 0.001023, 0.001023, 0.000000, 10.000000, 10.000000, 0.000002, 0.000002, 10.000000, 0.000002, 0.001023, 0.000000, 0.001023, 0.000000, 0.000000, 0.000000, 5000000.000000, 9.998977, 0.000100, 10.000000, 0.000100, 0.001023, 0.000100, 0.000000, 0.000010, 100000.000000, 10.234244, 0.001023, 0.000100, 10.000000, 0.000102, 293.150000, -0.585611, 0.000000, 293.150000, -5.856107, -0.585611, -0.585611, 299.006107, 0.100000, 0.001023, 0.000100, 0.001023, 0.000100, 0.000000, 0.000100, 299.006107, 10.000000, 293.150000, 10.000000, 0.000102, 10.000000, 0.000102, 0.000000, 0.000102, 10.000000, 299.006107, 299.006107, 26.333334, 25.856107, -0.585611, 0.100611, 0.000000, 0.000100, 0, 0
8.34, 0.000000, 298.890149, 0.000000, 0.000000, 0.000000, 16.000000, 0.000002, 0.000100, 0.000002, 0.000102, 29.889015, 0.001023, 298.890149, 0.500000, 0.000000, -0.000002, 0.004000, 298.890149, 4.166670, -0.574015, 298.890149, 0.000000, -0.574015, 10.000000, 0.000000, 0.000000, 0.100000, 0.000000, 298.000000, 0.000000, 0.000000, 298.890149, 0.000000, 0.000000, 299.566668, 2.000000, 100000.000000, 0.000100, 299.566668, 0.000102, 0.000000, 8.000000, 298.890149, 0.000100, 298.150000, 10.000000, 298.890149, 299.566668, 299.566668, 299.566668, 0.000002, 293.150000, 298.890149, 5000000.000000, 0.000000, 0.001023, 0.001023, 0.000000, 10.000000, 10.000000, 0.000002, 0.000002, 10.000000, 0.000002, 0.001023, 0.000000, 0.001023, 0.000000, 0.000000, 0.000000, 5000000.000000, 9.998977, 0.000100, 10.000000, 0.000100, 0.001023, 0.000100, 0.000000, 0.000010, 100000.000000, 10.229606, 0.001023, 0.000100, 10.000000, 0.000102, 293.150000, -0.574015, 0.000000, 293.150000, -5.740149, -0.574015, -0.574015, 298.890149, 0.100000, 0.001023, 0.000100, 0.001023, 0.000100, 0.000000, 0.000100, 298.890149, 10.000000, 293.150000, 10.000000, 0.000102, 10.000000, 0.000102, 0.000000, 0.000102, 10.000000, 298.890149, 298.890149, 26.416668, 25.740149, -0.574015, 0.089015, 0.000000, 0.000100, 0, 0
8.36, 0.000000, 298.776486, 0.000000, 0.000000, 0.000000, 16.000000, 0.000002, 0.000100, 0.000002, 0.000102, 29.877649, 0.001022, 298.776486, 0.500000, 0.000000, -0.000002, 0.004000, 298.776486, 4.166670, -0.562649, 298.776486, 0.000000, -0.562649, 10.000000, 0.000000, 0.000000, 0.100000, 0.000000, 298.000000, 0.000000, 0.000000, 298.776486, 0.000000, 0.000000, 299.650001, 2.000000, 100000.000000, 0.000100, 299.650001, 0.000102, 0.000000, 8.000000, 298.776486, 0.000100, 298.150000, 10.000000, 298.776486, 299.650001, 299.650001, 299.650001, 0.000002, 293.150000, 298.776486, 5000000.000000, 0.000000, 0.001022, 0.001022, 0.000000, 10.000000, 10.000000, 0.000002, 0.000002, 10.000000, 0.000002, 0.001022, 0.000000, 0.001022, 0.000000, 0.000000, 0.000000, 5000000.000000, 9.998978, 0.000100, 10.000000, 0.000100, 0.001022, 0.000100, 0.000000, 0.000010, 100000.000000, 10.225059, 0.001022, 0.000100, 10.000000, 0.000102, 293.150000, -0.562649, 0.000000, 293.150000, -5.626486, -0.562649, -0.562649, 298.776486, 0.100000, 0.001022, 0.000100, 0.001022, 0.000100, 0.000000, 0.000100, 298.776486, 10.000000, 293.150000, 10.000000, 0.000102, 10.000000, 0.000102, 0.000000, 0.000102, 10.000000, 298.776486, 298.776486, 26.500001, 25.626486, -0.562649, 0.077649, 0.000000, 0.000100, 0, 0
8.38, 0.000000, 299.346610, 0.000000, 0.000000, 0.000000, 16.000000, 0.000002, 0.975812, 0.000002, 0.975816, 29.934661, 9.999990, 299.346610, 0.500000, 0.000000, -0.000004, 0.004000, 299.346610, 4.166670, -0.619661, 299.346610, 0.000002, -0.619661, 10.000000, 0.000000, 9.758112, 0.100000, 0.000000, 298.000000, 0.000000, 1.000000, 299.346610, 1.000000, 0.000000, 299.733335, 2.000000, 100000.000000, 0.975812, 299.733335, 0.975816, 0.000000, 8.000000, 299.346610, 0.975814, 298.150000, 10.000000, 299.346610, 299.733335, 299.733335, 299.733335, 0.000002, 293.150000, 299.346610, 5000000.000000, 0.000002, 9.999990, 9.999990, 0.000002, 10.000000, 10.000000, 0.000002, 0.000002, 10.000000, 0.000002, 9.999990, 0.000002, 9.999990, 0.000002, 0.000000, 0.000002, 5000000.000000, 0.000010, 0.975814, 10.000000, 0.975814, 9.999990, 0.975814, 1.000000, 0.000010, 0.000010, 10.247864, 9.999990, 0.975812, 10.000000, 0.975816, 293.150000, -0.619661, 9.758112, 293.150000, -6.196610, -0.619661, -0.619661, 299.346610, 0.100000, 9.999990, 0.975812, 9.999990, 0.975812, 0.000000, 0.975812, 299.346610, 10.000000, 293.150000, 10.000000, 0.975816, 10.000000, 0.975816, 0.000000, 0.975816, 10.000000, 299.346610, 299.346610, 26.583335, 26.196610, 9.138451, 0.134661, 0.000000, 0.975814, 1, 1
8.4, 0.000000, 300.771899, 0.000000, 0.000000, 0.000000, 16.000000, 0.000002, 0.000100, 0.000002, 0.000102, 30.077190, 0.001030, 300.771899, 0.500000, 0.000000, -0.000002, 0.004000, 300.771899, 4.166670, -0.762190, 300.771899, 0.000000, -0.762190, 10.000000, 0.000000, 0.000000, 0.100000, 0.000000, 298.000000, 0.000000, 0.000000, 300.771899, 0.000000, 0.000000, 299.816668, 2.000000, 100000.000000, 0.000100, 299.816668, 0.000102, 0.000000, 8.000000, 300.771899, 0.000100, 298.150000, 10.000000, 300.771899, 299.816668, 299.816668, 299.816668, 0.000002, 293.150000, 300.771899, 5000000.000000, 0.000000, 0.001030, 0.001030, 0.000000, 10.000000, 10.000000, 0.000002, 0.000002, 10.000000, 0.000002, 0.001030, 0.000000, 0.001030, 0.000000, 0.000000, 0.000000, 5000000.000000, 9.998970, 0.000100, 10.000000, 0.000100, 0.001030, 0.000100, 0.000000, 0.000010, 100000.000000, 10.304876, 0.001030, 0.000100, 10.000000, 0.000102, 293.150000, -0.762190, 0.000000, 293.150000, -7.621899, -0.762190, -0.762190, 300.771899, 0.100000, 0.001030, 0.000100, 0.001030, 0.000100, 0.000000, 0.000100, 300.771899, 10.000000, 293.150000, 10.000000, 0.000102, 10.000000, 0.000102, 0.000000, 0.000102, 10.000000, 300.771899, 300.771899, 26.666668, 27.621899, -0.762190, 0.277190, 0.000000, 0.000100, 0, 0
8.42, 0.000000, 300.620976, 0.000000, 0.000000, 0.000000, 16.000000, 0.000002, 0.000100, 0.000002, 0.000102, 30.062098, 0.001030, 300.620976, 0.500000, 0.000000, -0.000002, 0.004000, 300.620976, 4.166670, -0.747098, 300.620976, 0.000000, -0.747098, 10.000000, 0.000000, 0.000000, 0.100000, 0.000000, 298.000000, 0.000000, 0.000000, 300.620976, 0.000000, 0.000000, 299.900001, 2.000000, 100000.000000, 0.000100, 299.900001, 0.000102, 0.000000, 8.000000, 300.620976, 0.000100, 298.150000, 10.000000, 300.620976, 299.900001, 299.900001, 299.900001, 0.000002, 293.150000, 300.620976, 5000000.000000, 0.000000, 0.001030, 0.001030, 0.000000, 10.000000, 10.000000, 0.000002, 0.000002, 10.000000, 0.000002, 0.001030, 0.000000, 0.001030, 0.000000, 0.000000, 0.000000, 5000000.000000, 9.998970, 0.000100, 10.000000, 0.000100, 0.001030, 0.000100, 0.000000, 0.000010, 100000.000000, 10.298839, 0.001030, 0.000100, 10.000000, 0.000102, 293.150000, -0.747098, 0.000000, 293.150000, -7.470976, -0.747098, -0.747098, 300.620976, 0.100000, 0.001030, 0.000100, 0.001030, 0.000100, 0.000000, 0.000100, 300.620976, 10.000000, 293.150000, 10.000000, 0.000102, 10.000000, 0.000102, 0.000000, 0.000102, 10.000000, 300.620976, 300.620976, 26.750001, 27.470976, -0.747097, 0.262098, 0.000000, 0.000100, 0, 0
8.44, 0.000000, 300.473040, 0.000000, 0.000000, 0.000000, 16.000000, 0.000002, 0.000100, 0.000002, 0.000102, 30.047304, 0.001029, 300.473040, 0.500000, 0.000000, -0.000002, 0.004000, 300.473040, 4.166670, -0.732304, 300.473040, 0.000000, -0.732304, 10.000000, 0.000000, 0.000000, 0.100000, 0.000000, 298.000000, 0.000000, 0.000000, 300.473040, 0.000000, 0.000000, 299.983335, 2.000000, 100000.000000, 0.000100, 299.983335, 0.000102, 0.000000, 8.000000, 300.473040, 0.000100, 298.150000, 10.000000, 300.473040, 299.983335, 299.983335, 299.983335, 0.000002, 293.150000, 300.473040, 5000000.000000, 0.000000, 0.001029, 0.001029, 0.000000, 10.000000, 10.000000, 0.000002, 0.000002, 10.000000, 0.000002, 0.001029, 0.000000, 0.001029, 0.000000, 0.000000, 0.000000, 5000000.000000, 9.998971, 0.000100, 10.000000, 0.000100, 0.001029, 0.000100, 0.000000, 0.000010, 100000.000000, 10.292922, 0.001029, 0.000100, 10.000000, 0.000102, 293.150000, -0.732304, 0.000000, 293.150000, -7.323040, -0.732304, -0.732304, 300.473040, 0.100000, 0.001029, 0.000100, 0.001029, 0.000100, 0.000000, 0.000100, 300.473040, 10.000000, 293.150000, 10.000000, 0.000102, 10.000000, 0.000102, 0.000000, 0.000102, 10.000000, 300.473040, 300.473040, 26.833335, 27.323040, -0.732304, 0.247304, 0.000000, 0.000100, 0, 0
8.46, 0.000000, 300.328035, 0.000000, 0.000000, 0.000000, 16.000000, 0.000002, 0.000100, 0.000002, 0.000102, 30.032803, 0.001029, 300.328035, 0.500000, 0.000000, -0.000002, 0.004000, 300.328035, 4.166670, -0.717803, 300.328035, 0.000000, -0.717803, 10.000000, 0.000000, 0.000000, 0.100000, 0.000000, 298.000000, 0.000000, 0.000000, 300.328035, 0.000000, 0.000000, 300.066668, 2.000000, 100000.000000, 0.000100, 300.066668, 0.000102, 0.000000, 8.000000, 300.328035, 0.000100, 298.150000, 10.000000, 300.328035, 300.066668, 300.066668, 300.066668, 0.000002, 293.150000, 300.328035, 5000000.000000, 0.000000, 0.001029, 0.001029, 0.000000, 10.000000, 10.000000, 0.000002, 0.000002, 10.000000, 0.000002, 0.001029, 0.000000, 0.001029, 0.000000, 0.000000, 0.000000, 5000000.000000, 9.998971, 0.000100, 10.000000, 0.000100, 0.001029, 0.000100, 0.000000, 0.000010, 100000.000000, 10.287121, 0.001029, 0.000100, 10.000000, 0.000102, 293.150000, -0.717803, 0.000000, 293.150000, -7.178035, -0.717803, -0.717803, 300.328035, 0.100000, 0.001029, 0.000100, 0.001029, 0.000100, 0.000000, 0.000100, 300.328035, 10.000000, 293.150000, 10.000000, 0.000102, 10.000000, 0.000102, 0.000000, 0.000102, 10.000000, 300.328035, 300.328035, 26.916668, 27.178035, -0.717803, 0.232803, 0.000000, 0.000100, 0, 0
8.48, 0.000000, 300.185900, 0.000000, 0.000000, 0.000000, 16.000000, 0.000002, 0.000100, 0.000002, 0.000102, 30.018590, 0.001028, 300.185900, 0.500000, 0.000000, -0.000002, 0.004000, 300.185900, 4.166670, -0.703590, 300.185900, 0.000000, -0.703590, 10.000000, 0.000000, 0.000000, 0.100000, 0.000000, 298.000000, 0.000000, 0.000000, 300.185900, 0.000000, 0.000000, 300.150002, 2.000000, 100000.000000, 0.000100, 300.150002, 0.000102, 0.000000, 8.000000, 300.185900, 0.000100, 298.150000, 10.000000, 300.185900, 300.150002, 300.150002, 300.150002, 0.000002, 293.150000, 300.185900, 5000000.000000, 0.000000, 0.001028, 0.001028, 0.000000, 10.000000, 10.000000, 0.000002, 0.000002, 10.000000, 0.000002, 0.001028, 0.000000, 0.001028, 0.000000, 0.000000, 0.000000, 5000000.000000, 9.998972, 0.000100, 10.000000, 0.000100, 0.001028, 0.000100, 0.000000, 0.000010, 100000.000000, 10.281436, 0.001028, 0.000100, 10.000000, 0.000102, 293.150000, -0.703590, 0.000000, 293.150000, -7.035900, -0.703590, -0.703590, 300.185900, 0.100000, 0.001028, 0.000100, 0.001028, 0.000100, 0.000000, 0.000100, 300.185900, 10.000000, 293.150000, 10.000000, 0.000102, 10.000000, 0.000102, 0.000000, 0.000102, 10.000000, 300.185900, 300.185900, 27.000002, 27.035900, -0.703590, 0.218590, 0.000000, 0.000100, 0, 0
8.5, 0.000000, 300.046580, 0.000000, 0.000000, 0.000000, 16.000000, 0.000002, 0.000100, 0.000002, 0.000102, 30.004658, 0.001027, 300.046580, 0.500000, 0.000000, -0.000002, 0.004000, 300.046580, 4.166670, -0.689658, 300.046580, 0.000000, -0.689658, 10.000000, 0.000000, 0.000000, 0.100000, 0.000000, 298.000000, 0.000000, 0.000000, 300.046580, 0.000000, 0.000000, 300.233335, 2.000000, 100000.000000, 0.000100, 300.233335, 0.000102, 0.000000, 8.000000, 300.046580, 0.000100, 298.150000, 10.000000, 300.046580, 300.233335, 300.233335, 300.233335, 0.000002, 293.150000, 300.046580, 5000000.000000, 0.000000, 0.001027, 0.001027, 0.000000, 10.000000, 10.000000, 0.000002, 0.000002, 10.000000, 0.000002, 0.001027, 0.000000, 0.001027, 0.000000, 0.000000, 0.000000, 5000000.000000, 9.998973, 0.000100, 10.000000, 0.000100, 0.001027, 0.000100, 0.000000, 0.000010, 100000.000000, 10.275863, 0.001027, 0.000100, 10.000000, 0.000102, 293.150000, -0.689658, 0.000000, 293.150000, -6.896580, -0.689658, -0.689658, 300.046580, 0.100000, 0.001027, 0.000100, 0.001027, 0.000100, 0.000000, 0.000100, 300.046580, 10.000000, 293.150000, 10.000000, 0.000102, 10.000000, 0.000102, 0.000000, 0.000102, 10.000000, 300.046580, 300.046580, 27.083335, 26.896580, -0.689658, 0.204658, 0.000000, 0.000100, 0, 0
8.52, 0.000000, 299.910018, 0.000000, 0.000000, 0.000000, 16.000000, 0.000002, 0.000100, 0.000002, 0.000102, 29.991002, 0.001027, 299.910018, 0.500000, 0.000000, -0.000002, 0.004000, 299.910018, 4.166670, -0.676002, 299.910018, 0.000000, -0.676002, 10.000000, 0.000000, 0.000000, 0.100000, 0.000000, 298.000000, 0.000000, 0.000000, 299.910018, 0.000000, 0.000000, 300.316668, 2.000000, 100000.000000, 0.000100, 300.316668, 0.000102, 0.000000, 8.000000, 299.910018, 0.000100, 298.150000, 10.000000, 299.910018, 300.316668, 300.316668, 300.316668, 0.000002, 293.150000, 299.910018, 5000000.000000, 0.000000, 0.001027, 0.001027, 0.000000, 10.000000, 10.000000, 0.000002, 0.000002, 10.000000, 0.000002, 0.001027, 0.000000, 0.001027, 0.000000, 0.000000, 0.000000, 5000000.000000, 9.998973, 0.000100, 10.000000, 0.000100, 0.001027, 0.000100, 0.000000, 0.000010, 100000.000000, 10.270401, 0.001027, 0.000100, 10.000000, 0.000102, 293.150000, -0.676002, 0.000000, 293.150000, -6.760018, -0.676002, -0.676002, 299.910018, 0.100000, 0.001027, 0.000100, 0.001027, 0.000100, 0.000000, 0.000100, 299.910018, 10.000000, 293.150000, 10.000000, 0.000102, 10.000000, 0.000102, 0.000000, 0.000102, 10.000000, 299.910018, 299.910018, 27.166668, 26.760018, -0.676002, 0.191002, 0.000000, 0.000100, 0, 0
8.54, 0.000000, 299.776161, 0.000000, 0.000000, 0.000000, 16.000000, 0.000002, 0.000100, 0.000002, 0.000102, 29.977616, 0.001026, 299.776161, 0.500000, 0.000000, -0.000002, 0.004000, 299.776161, 4.166670, -0.662616, 299.776161, 0.000000, -0.662616, 10.000000, 0.000000, 0.000000, 0.100000, 0.000000, 298.000000, 0.000000, 0.000000, 299.776161, 0.000000, 0.000000, 300.400002, 2.000000, 100000.000000, 0.000100, 300.400002, 0.000102, 0.000000, 8.000000, 299.776161, 0.000100, 298.150000, 10.000000, 299.776161, 300.400002, 300.400002, 300.400002, 0.000002, 293.150000, 299.776161, 5000000.000000, 0.000000, 0.001026, 0.001026, 0.000000, 10.000000, 10.000000, 0.000002, 0.000002, 10.000000, 0.000002, 0.001026, 0.000000, 0.001026, 0.000000, 0.000000, 0.000000, 5000000.000000, 9.998974, 0.000100, 10.000000, 0.000100, 0.001026, 0.000100, 0.000000, 0.000010, 100000.000000, 10.265046, 0.001026, 0.000100, 10.000000, 0.000102, 293.150000, -0.662616, 0.000000, 293.150000, -6.626161, -0.662616, -0.662616, 299.776161, 0.100000, 0.001026, 0.000100, 0.001026, 0.000100, 0.000000, 0.000100, 299.776161, 10.000000, 293.150000, 10.000000, 0.000102, 10.000000, 0.000102, 0.000000, 0.000102, 10.000000, 299.776161, 299.776161, 27.250002, 26.626161, -0.662616, 0.177616, 0.000000, 0.000100, 0, 0
8.56, 0.000000, 299.644954, 0.000000, 0.000000, 0.000000, 16.000000, 0.000002, 0.000100, 0.000002, 0.000102, 29.964495, 0.001026, 299.644954, 0.500000, 0.000000, -0.000002, 0.004000, 299.644954, 4.166670, -0.649495, 299.644954, 0.000000, -0.649495, 10.000000, 0.000000, 0.000000, 0.100000, 0.000000, 298.000000, 0.000000, 0.000000, 299.644954, 0.000000, 0.000000, 300.483335, 2.000000, 100000.000000, 0.000100, 300.483335, 0.000102, 0.000000, 8.000000, 299.644954, 0.000100, 298.150000, 10.000000, 299.644954, 300.483335, 300.483335, 300.483335, 0.000002, 293.150000, 299.644954, 5000000.000000, 0.000000, 0.001026, 0.001026, 0.000000, 10.000000, 10.000000, 0.000002, 0.000002, 10.000000, 0.000002, 0.001026, 0.000000, 0.001026, 0.000000, 0.000000, 0.000000, 5000000.000000, 9.998974, 0.000100, 10.000000, 0.000100, 0.001026, 0.000100, 0.000000, 0.000010, 100000.000000, 10.259798, 0.001026, 0.000100, 10.000000, 0.000102, 293.150000, -0.649495, 0.000000, 293.150000, -6.494954, -0.649495, -0.649495, 299.644954, 0.100000, 0.001026, 0.000100, 0.001026, 0.000100, 0.000000, 0.000100, 299.644954, 10.000000, 293.150000, 10.000000, 0.000102, 10.000000, 0.000102, 0.000000, 0.000102, 10.000000, 299.644954, 299.644954, 27.333335, 26.494954, -0.649495, 0.164495, 0.000000, 0.000100, 0, 0
8.58, 0.000000, 299.973164, 0.000000, 0.000000, 0.000000, 16.000000, 0.000002, 0.973431, 0.000002, 0.973435, 29.997316, 9.999990, 299.973164, 0.500000, 0.000000, -0.000004, 0.004000, 299.973164, 4.166670, -0.682316, 299.973164, 0.000002, -0.682316, 10.000000, 0.000000, 9.734305, 0.100000, 0.000000, 298.000000, 0.000000, 1.000000, 299.973164, 1.000000, 0.000000, 300.566669, 2.000000, 100000.000000, 0.973431, 300.566669, 0.973435, 0.000000, 8.000000, 299.973164, 0.973433, 298.150000, 10.000000, 299.973164, 300.566669, 300.566669, 300.566669, 0.000002, 293.150000, 299.973164, 5000000.000000, 0.000002, 9.999990, 9.999990, 0.000002, 10.000000, 10.000000, 0.000002, 0.000002, 10.000000, 0.000002, 9.999990, 0.000002, 9.999990, 0.000002, 0.000000, 0.000002, 5000000.000000, 0.000010, 0.973433, 10.000000, 0.973433, 9.999990, 0.973433, 1.000000, 0.000010, 0.000010, 10.272927, 9.999990, 0.973431, 10.000000, 0.973435, 293.150000, -0.682316, 9.734305, 293.150000, -6.823164, -0.682316, -0.682316, 299.973164, 0.100000, 9.999990, 0.973431, 9.999990, 0.973431, 0.000000, 0.973431, 299.973164, 10.000000, 293.150000, 10.000000, 0.973435, 10.000000, 0.973435, 0.000000, 0.973435, 10.000000, 299.973164, 299.973164, 27.416669, 26.823164, 9.051989, 0.197316, 0.000000, 0.973433, 1, 1
8.6, 0.000000, 301.642895, 0.000000, 0.000000, 0.000000, 16.000000, 0.000002, 0.000100, 0.000002, 0.000102, 30.164290, 0.001034, 301.642895, 0.500000, 0.000000, -0.000002, 0.004000, 301.642895, 4.166670, -0.849290, 301.642895, 0.000000, -0.849290, 10.000000, 0.000000, 0.000000, 0.100000, 0.000000, 298.000000, 0.000000, 0.000000, 301.642895, 0.000000, 0.000000, 300.650002, 2.000000, 100000.000000, 0.000100, 300.650002, 0.000102, 0.000000, 8.000000, 301.642895, 0.000100, 298.150000, 10.000000, 301.642895, 300.650002, 300.650002, 300.650002, 0.000002, 293.150000, 301.642895, 5000000.000000, 0.000000, 0.001034, 0.001034, 0.000000, 10.000000, 10.000000, 0.000002, 0.000002, 10.000000, 0.000002, 0.001034, 0.000000, 0.001034, 0.000000, 0.000000, 0.000000, 5000000.000000, 9.998966, 0.000100, 10.000000, 0.000100, 0.001034, 0.000100, 0.000000, 0.000010, 100000.000000, 10.339716, 0.001034, 0.000100, 10.000000, 0.000102, 293.150000, -0.849290, 0.000000, 293.150000, -8.492895, -0.849290, -0.849290, 301.642895, 0.100000, 0.001034, 0.000100, 0.001034, 0.000100, 0.000000, 0.000100, 301.642895, 10.000000, 293.150000, 10.000000, 0.000102, 10.000000, 0.000102, 0.000000, 0.000102, 10.000000, 301.642895, 301.642895, 27.500002, 28.492895, -0.849289, 0.364290, 0.000000, 0.000100, 0, 0
8.62, 0.000000, 301.474725, 0.000000, 0.000000, 0.000000, 16.000000, 0.000002, 0.000100, 0.000002, 0.000102, 30.147472, 0.001033, 301.474725, 0.500000, 0.000000, -0.000002, 0.004000, 301.474725, 4.166670, -0.832472, 301.474725, 0.000000, -0.832472, 10.000000, 0.000000, 0.000000, 0.100000, 0.000000, 298.000000, 0.000000, 0.000000, 301.474725, 0.000000, 0.000000, 300.733335, 2.000000, 100000.000000, 0.000100, 300.733335, 0.000102, 0.000000, 8.000000, 301.474725, 0.000100, 298.150000, 10.000000, 301.474725, 300.733335, 300.733335, 300.733335, 0.000002, 293.150000, 301.474725, 5000000.000000, 0.000000, 0.001033, 0.001033, 0.000000, 10.000000, 10.000000, 0.000002, 0.000002, 10.000000, 0.000002, 0.001033, 0.000000, 0.001033, 0.000000, 0.000000, 0.000000, 5000000.000000, 9.998967, 0.000100, 10.000000, 0.000100, 0.001033, 0.000100, 0.000000, 0.000010, 100000.000000, 10.332989, 0.001033, 0.000100, 10.000000, 0.000102, 293.150000, -0.832472, 0.000000, 293.150000, -8.324725, -0.832472, -0.832472, 301.474725, 0.100000, 0.001033, 0.000100, 0.001033, 0.000100, 0.000000, 0.000100, 301.474725, 10.000000, 293.150000, 10.000000, 0.000102, 10.000000, 0.000102, 0.000000, 0.000102, 10.000000, 301.474725, 301.474725, 27.583335, 28.324725, -0.832472, 0.347472, 0.000000, 0.000100, 0, 0
8.64, 0.000000, 301.309884, 0.000000, 0.000000, 0.000000, 16.000000, 0.000002, 0.000100, 0.000002, 0.000102, 30.130988, 0.001033, 301.309884, 0.500000, 0.000000, -0.000002, 0.004000, 301.309884, 4.166670, -0.815988, 301.309884, 0.000000, -0.815988, 10.000000, 0.000000, 0.000000, 0.100000, 0.000000, 298.000000, 0.000000, 0.000000, 301.309884, 0.000000, 0.000000, 300.816669, 2.000000, 100000.000000, 0.000100, 300.816669, 0.000102, 0.000000, 8.000000, 301.309884, 0.000100, 298.150000, 10.000000, 301.309884, 300.816669, 300.816669, 300.816669, 0.000002, 293.150000, 301.309884, 5000000.000000, 0.000000, 0.001033, 0.001033, 0.000000, 10.000000, 10.000000, 0.000002, 0.000002, 10.000000, 0.000002, 0.001033, 0.000000, 0.001033, 0.000000, 0.000000, 0.000000, 5000000.000000, 9.998967, 0.000100, 10.000000, 0.000100, 0.001033, 0.000100, 0.000000, 0.000010, 100000.000000, 10.326395, 0.001033, 0.000100, 10.000000, 0.000102, 293.150000, -0.815988, 0.000000, 293.150000, -8.159884, -0.815988, -0.815988, 301.309884, 0.100000, 0.001033, 0.000100, 0.001033, 0.000100, 0.000000, 0.000100, 301.309884, 10.000000, 293.150000, 10.000000, 0.000102, 10.000000, 0.000102, 0.000000, 0.000102, 10.000000, 301.309884, 301.309884, 27.666669, 28.159884, -0.815988, 0.330988, 0.000000, 0.000100, 0, 0
8.66, 0.000000, 301.148308, 0.000000, 0.000000, 0.000000, 16.000000, 0.000002, 0.000100, 0.000002, 0.000102, 30.114831, 0.001032, 301.148308, 0.500000, 0.000000, -0.000002, 0.004000, 301.148308, 4.166670, -0.799831, 301.148308, 0.000000, -0.799831, 10.000000, 0.000000, 0.000000, 0.100000, 0.000000, 298.000000, 0.000000, 0.000000, 301.148308, 0.000000, 0.000000, 300.900002, 2.000000, 100000.000000, 0.000100, 300.900002, 0.000102, 0.000000, 8.000000, 301.148308, 0.000100, 298.150000, 10.000000, 301.148308, 300.900002, 300.900002, 300.900002, 0.000002, 293.150000, 301.148308, 5000000.000000, 0.000000, 0.001032, 0.001032, 0.000000, 10.000000, 10.000000, 0.000002, 0.000002, 10.000000, 0.000002, 0.001032, 0.000000, 0.001032, 0.000000, 0.000000, 0.000000, 5000000.000000, 9.998968, 0.000100, 10.000000, 0.000100, 0.001032, 0.000100, 0.000000, 0.000010, 100000.000000, 10.319932, 0.001032, 0.000100, 10.000000, 0.000102, 293.150000, -0.799831, 0.000000, 293.150000, -7.998308, -0.799831, -0.799831, 301.148308, 0.100000, 0.001032, 0.000100, 0.001032, 0.000100, 0.000000, 0.000100, 301.148308, 10.000000, 293.150000, 10.000000, 0.000102, 10.000000, 0.000102, 0.000000, 0.000102, 10.000000, 301.148308, 301.148308, 27.750002, 27.998308, -0.799831, 0.314831, 0.000000, 0.000100, 0, 0
8.68, 0.000000, 300.989931, 0.000000, 0.000000, 0.000000, 16.000000, 0.000002, 0.000100, 0.000002, 0.000102, 30.098993, 0.001031, 300.989931, 0.500000, 0.000000, -0.000002, 0.004000, 300.989931, 4.166670, -0.783993, 300.989931, 0.000000, -0.783993, 10.000000, 0.000000, 0.000000, 0.100000, 0.000000, 298.000000, 0.000000, 0.000000, 300.989931, 0.000000, 0.000000, 300.983336, 2.000000, 100000.000000, 0.000100, 300.983336, 0.000102, 0.000000, 8.000000, 300.989931, 0.000100, 298.150000, 10.000000, 300.989931, 300.983336, 300.983336, 300.983336, 0.000002, 293.150000, 300.989931, 5000000.000000, 0.000000, 0.001031, 0.001031, 0.000000, 10.000000, 10.000000, 0.000002, 0.000002, 10.000000, 0.000002, 0.001031, 0.000000, 0.001031, 0.000000, 0.000000, 0.000000, 5000000.000000, 9.998969, 0.000100, 10.000000, 0.000100, 0.001031, 0.000100, 0.000000, 0.000010, 100000.000000, 10.313597, 0.001031, 0.000100, 10.000000, 0.000102, 293.150000, -0.783993, 0.000000, 293.150000, -7.839931, -0.783993, -0.783993, 300.989931, 0.100000, 0.001031, 0.000100, 0.001031, 0.000100, 0.000000, 0.000100, 300.989931, 10.000000, 293.150000, 10.000000, 0.000102, 10.000000, 0.000102, 0.000000, 0.000102, 10.000000, 300.989931, 300.989931, 27.833336, 27.839931, -0.783993, 0.298993, 0.000000, 0.000100, 0, 0
8.7, 0.000000, 300.834690, 0.000000, 0.000000, 0.000000, 16.000000, 0.000002, 0.000100, 0.000002, 0.000102, 30.083469, 0.001031, 300.834690, 0.500000, 0.000000, -0.000002, 0.004000, 300.834690, 4.166670, -0.768469, 300.834690, 0.000000, -0.768469, 10.000000, 0.000000, 0.000000, 0.100000, 0.000000, 298.000000, 0.000000, 0.000000, 300.834690, 0.000000, 0.000000, 301.066669, 2.000000, 100000.000000, 0.000100, 301.066669, 0.000102, 0.000000, 8.000000, 300.834690, 0.000100, 298.150000, 10.000000, 300.834690, 301.066669, 301.066669, 301.066669, 0.000002, 293.150000, 300.834690, 5000000.000000, 0.000000, 0.001031, 0.001031, 0.000000, 10.000000, 10.000000, 0.000002, 0.000002, 10.000000, 0.000002, 0.001031, 0.000000, 0.001031, 0.000000, 0.000000, 0.000000, 5000000.000000, 9.998969, 0.000100, 10.000000, 0.000100, 0.001031, 0.000100, 0.000000, 0.000010, 100000.000000, 10.307388, 0.001031, 0.000100, 10.000000, 0.000102, 293.150000, -0.768469, 0.000000, 293.150000, -7.684690, -0.768469, -0.768469, 300.834690, 0.100000, 0.001031, 0.000100, 0.001031, 0.000100, 0.000000, 0.000100, 300.834690, 10.000000, 293.150000, 10.000000, 0.000102, 10.000000, 0.000102, 0.000000, 0.000102, 10.000000, 300.834690, 300.834690, 27.916669, 27.684690, -0.768469, 0.283469, 0.000000, 0.000100, 0, 0
8.72, 0.000000, 300.682523, 0.000000, 0.000000, 0.000000, 16.000000, 0.000002, 0.000100, 0.000002, 0.000102, 30.068252, 0.001030, 300.682523, 0.500000, 0.000000, -0.000002, 0.004000, 300.682523, 4.166670, -0.753252, 300.682523, 0.000000, -0.753252, 10.000000, 0.000000, 0.000000, 0.100000, 0.000000, 298.000000, 0.000000, 0.000000, 300.682523, 0.000000, 0.000000, 301.150002, 2.000000, 100000.000000, 0.000100, 301.150002, 0.000102, 0.000000, 8.000000, 300.682523, 0.000100, 298.150000, 10.000000, 300.682523, 301.150002, 301.150002, 301.150002, 0.000002, 293.150000, 300.682523, 5000000.000000, 0.000000, 0.001030, 0.001030, 0.000000, 10.000000, 10.000000, 0.000002, 0.000002, 10.000000, 0.000002, 0.001030, 0.000000, 0.001030, 0.000000, 0.000000, 0.000000, 5000000.000000, 9.998970, 0.000100, 10.000000, 0.000100, 0.001030, 0.000100, 0.000000, 0.000010, 100000.000000, 10.301301, 0.001030, 0.000100, 10.000000, 0.000102, 293.150000, -0.753252, 0.000000, 293.150000, -7.532523, -0.753252, -0.753252, 300.682523, 0.100000, 0.001030, 0.000100, 0.001030, 0.000100, 0.000000, 0.000100, 300.682523, 10.000000, 293.150000, 10.000000, 0.000102, 10.000000, 0.000102, 0.000000, 0.000102, 10.000000, 300.682523, 300.682523, 28.000002, 27.532523, -0.753252, 0.268252, 0.000000, 0.000100, 0, 0
8.74, 0.000000, 300.533369, 0.000000, 0.000000, 0.000000, 16.000000, 0.000002, 0.000100, 0.000002, 0.000102, 30.053337, 0.001029, 300.533369, 0.500000, 0.000000, -0.000002, 0.004000, 300.533369, 4.166670, -0.738337, 300.533369, 0.000000, -0.738337, 10.000000, 0.000000, 0.000000, 0.100000, 0.000000, 298.000000, 0.000000, 0.000000, 300.533369, 0.000000, 0.000000, 301.233336, 2.000000, 100000.000000, 0.000100, 301.233336, 0.000102, 0.000000, 8.000000, 300.533369, 0.000100, 298.150000, 10.000000, 300.533369, 301.233336, 301.233336, 301.233336, 0.000002, 293.150000, 300.533369, 5000000.000000, 0.000000, 0.001029, 0.001029, 0.000000, 10.000000, 10.000000, 0.000002, 0.000002, 10.000000, 0.000002, 0.001029, 0.000000, 0.001029, 0.000000, 0.000000, 0.000000, 5000000.000000, 9.998971, 0.000100, 10.000000, 0.000100, 0.001029, 0.000100, 0.000000, 0.000010, 100000.000000, 10.295335, 0.001029, 0.000100, 10.000000, 0.000102, 293.150000, -0.738337, 0.000000, 293.150000, -7.383369, -0.738337, -0.738337, 300.533369, 0.100000, 0.001029, 0.000100, 0.001029, 0.000100, 0.000000, 0.000100, 300.533369, 10.000000, 293.150000, 10.000000, 0.000102, 10.000000, 0.000102, 0.000000, 0.000102, 10.000000, 300.533369, 300.533369, 28.083336, 27.383369, -0.738337, 0.253337, 0.000000, 0.000100, 0, 0
8.76, 0.000000, 300.387168, 0.000000, 0.000000, 0.000000, 16.000000, 0.000002, 0.000100, 0.000002, 0.000102, 30.038717, 0.001029, 300.387168, 0.500000, 0.000000, -0.000002, 0.004000, 300.387168, 4.166670, -0.723717, 300.387168, 0.000000, -0.723717, 10.000000, 0.000000, 0.000000, 0.100000, 0.000000, 298.000000, 0.000000, 0.000000, 300.387168, 0.000000, 0.000000, 301.316669, 2.000000, 100000.000000, 0.000100, 301.316669, 0.000102, 0.000000, 8.000000, 300.387168, 0.000100, 298.150000, 10.000000, 300.387168, 301.316669, 301.316669, 301.316669, 0.000002, 293.150000, 300.387168, 5000000.000000, 0.000000, 0.001029, 0.001029, 0.000000, 10.000000, 10.000000, 0.000002, 0.000002, 10.000000, 0.000002, 0.001029, 0.000000, 0.001029, 0.000000, 0.000000, 0.000000, 5000000.000000, 9.998971, 0.000100, 10.000000, 0.000100, 0.001029, 0.000100, 0.000000, 0.000010, 100000.000000, 10.289487, 0.001029, 0.000100, 10.000000, 0.000102, 293.150000, -0.723717, 0.000000, 293.150000, -7.237168, -0.723717, -0.723717, 300.387168, 0.100000, 0.001029, 0.000100, 0.001029, 0.000100, 0.000000, 0.000100, 300.387168, 10.000000, 293.150000, 10.000000, 0.000102, 10.000000, 0.000102, 0.000000, 0.000102, 10.000000, 300.387168, 300.387168, 28.166669, 27.237168, -0.723717, 0.238717, 0.000000, 0.000100, 0, 0
8.78, 0.000000, 301.572861, 0.000000, 0.000000, 0.000000, 16.000000, 0.000002, 0.967406, 0.000002, 0.967410, 30.157286, 9.999990, 301.572861, 0.500000, 0.000000, -0.000004, 0.004000, 301.572861, 4.166670, -0.842286, 301.572861, 0.000002, -0.842286, 10.000000, 0.000000, 9.674048, 0.100000, 0.000000, 298.000000, 0.000000, 1.000000, 301.572861, 1.000000, 0.000000, 301.400003, 2.000000, 100000.000000, 0.967406, 301.400003, 0.967410, 0.000000, 8.000000, 301.572861, 0.967408, 298.150000, 10.000000, 301.572861, 301.400003, 301.400003, 301.400003, 0.000002, 293.150000, 301.572861, 5000000.000000, 0.000002, 9.999990, 9.999990, 0.000002, 10.000000, 10.000000, 0.000002, 0.000002, 10.000000, 0.000002, 9.999990, 0.000002, 9.999990, 0.000002, 0.000000, 0.000002, 5000000.000000, 0.000010, 0.967408, 10.000000, 0.967408, 9.999990, 0.967408, 1.000000, 0.000010, 0.000010, 10.336914, 9.999990, 0.967406, 10.000000, 0.967410, 293.150000, -0.842286, 9.674048, 293.150000, -8.422861, -0.842286, -0.842286, 301.572861, 0.100000, 9.999990, 0.967406, 9.999990, 0.967406, 0.000000, 0.967406, 301.572861, 10.000000, 293.150000, 10.000000, 0.967410, 10.000000, 0.967410, 0.000000, 0.967410, 10.000000, 301.572861, 301.572861, 28.250003, 28.422861, 8.831762, 0.357286, 0.000000, 0.967408, 1, 1
8.8, 0.000000, 302.347918, 0.000000, 0.000000, 0.000000, 16.000000, 0.000002, 0.000100, 0.000002, 0.000102, 30.234792, 0.001037, 302.347918, 0.500000, 0.000000, -0.000002, 0.004000, 302.347918, 4.166670, -0.919792, 302.347918, 0.000000, -0.919792, 10.000000, 0.000000, 0.000000, 0.100000, 0.000000, 298.000000, 0.000000, 0.000000, 302.347918, 0.000000, 0.000000, 301.483336, 2.000000, 100000.000000, 0.000100, 301.483336, 0.000102, 0.000000, 8.000000, 302.347918, 0.000100, 298.150000, 10.000000, 302.347918, 301.483336, 301.483336, 301.483336, 0.000002, 293.150000, 302.347918, 5000000.000000, 0.000000, 0.001037, 0.001037, 0.000000, 10.000000, 10.000000, 0.000002, 0.000002, 10.000000, 0.000002, 0.001037, 0.000000, 0.001037, 0.000000, 0.000000, 0.000000, 5000000.000000, 9.998963, 0.000100, 10.000000, 0.000100, 0.001037, 0.000100, 0.000000, 0.000010, 100000.000000, 10.367917, 0.001037, 0.000100, 10.000000, 0.000102, 293.150000, -0.919792, 0.000000, 293.150000, -9.197918, -0.919792, -0.919792, 302.347918, 0.100000, 0.001037, 0.000100, 0.001037, 0.000100, 0.000000, 0.000100, 302.347918, 10.000000, 293.150000, 10.000000, 0.000102, 10.000000, 0.000102, 0.000000, 0.000102, 10.000000, 302.347918, 302.347918, 28.333336, 29.197918, -0.919792, 0.434792, 0.000000, 0.000100, 0, 0
8.82, 0.000000, 302.165787, 0.000000, 0.000000, 0.000000, 16.000000, 0.000002, 0.000100, 0.000002, 0.000102, 30.216579, 0.001036, 302.165787, 0.500000, 0.000000, -0.000002, 0.004000, 302.165787, 4.166670, -0.901579, 302.165787, 0.000000, -0.901579, 10.000000, 0.000000, 0.000000, 0.100000, 0.000000, 298.000000, 0.000000, 0.000000, 302.165787, 0.000000, 0.000000, 301.566669, 2.000000, 100000.000000, 0.000100, 301.566669, 0.000102, 0.000000, 8.000000, 302.165787, 0.000100, 298.150000, 10.000000, 302.165787, 301.566669, 301.566669, 301.566669, 0.000002, 293.150000, 302.165787, 5000000.000000, 0.000000, 0.001036, 0.001036, 0.000000, 10.000000, 10.000000, 0.000002, 0.000002, 10.000000, 0.000002, 0.001036, 0.000000, 0.001036, 0.000000, 0.000000, 0.000000, 5000000.000000, 9.998964, 0.000100, 10.000000, 0.000100, 0.001036, 0.000100, 0.000000, 0.000010, 100000.000000, 10.360631, 0.001036, 0.000100, 10.000000, 0.000102, 293.150000, -0.901579, 0.000000, 293.150000, -9.015787, -0.901579, -0.901579, 302.165787, 0.100000, 0.001036, 0.000100, 0.001036, 0.000100, 0.000000, 0.000100, 302.165787, 10.000000, 293.150000, 10.000000, 0.000102, 10.000000, 0.000102, 0.000000, 0.000102, 10.000000, 302.165787, 302.165787, 28.416669, 29.015787, -0.901579, 0.416579, 0.000000, 0.000100, 0, 0
8.84, 0.000000, 301.987263, 0.000000, 0.000000, 0.000000, 16.000000, 0.000002, 0.000100, 0.000002, 0.000102, 30.198726, 0.001035, 301.987263, 0.500000, 0.000000, -0.000002, 0.004000, 301.987263, 4.166670, -0.883726, 301.987263, 0.000000, -0.883726, 10.000000, 0.000000, 0.000000, 0.100000, 0.000000, 298.000000, 0.000000, 0.000000, 301.987263, 0.000000, 0.000000, 301.650003, 2.000000, 100000.000000, 0.000100, 301.650003, 0.000102, 0.000000, 8.000000, 301.987263, 0.000100, 298.150000, 10.000000, 301.987263, 301.650003, 301.650003, 301.650003, 0.000002, 293.150000, 301.987263, 5000000.000000, 0.000000, 0.001035, 0.001035, 0.000000, 10.000000, 10.000000, 0.000002, 0.000002, 10.000000, 0.000002, 0.001035, 0.000000, 0.001035, 0.000000, 0.000000, 0.000000, 5000000.000000, 9.998965, 0.000100, 10.000000, 0.000100, 0.001035, 0.000100, 0.000000, 0.000010, 100000.000000, 10.353491, 0.001035, 0.000100, 10.000000, 0.000102, 293.150000, -0.883726, 0.000000, 293.150000, -8.837263, -0.883726, -0.883726, 301.987263, 0.100000, 0.001035, 0.000100, 0.001035, 0.000100, 0.000000, 0.000100, 301.987263, 10.000000, 293.150000, 10.000000, 0.000102, 10.000000, 0.000102, 0.000000, 0.000102, 10.000000, 301.987263, 301.987263, 28.500003, 28.837263, -0.883726, 0.398726, 0.000000, 0.000100, 0, 0
8.86, 0.000000, 301.812273, 0.000000, 0.000000, 0.000000, 16.000000, 0.000002, 0.000100, 0.000002, 0.000102, 30.181227, 0.001035, 301.812273, 0.500000, 0.000000, -0.000002, 0.004000, 301.812273, 4.166670, -0.866227, 301.812273, 0.000000, -0.866227, 10.000000, 0.000000, 0.000000, 0.100000, 0.000000, 298.000000, 0.000000, 0.000000, 301.812273, 0.000000, 0.000000, 301.733336, 2.000000, 100000.000000, 0.000100, 301.733336, 0.000102, 0.000000, 8.000000, 301.812273, 0.000100, 298.150000, 10.000000, 301.812273, 301.733336, 301.733336, 301.733336, 0.000002, 293.150000, 301.812273, 5000000.000000, 0.000000, 0.001035, 0.001035, 0.000000, 10.000000, 10.000000, 0.000002, 0.000002, 10.000000, 0.000002, 0.001035, 0.000000, 0.001035, 0.000000, 0.000000, 0.000000, 5000000.000000, 9.998965, 0.000100, 10.000000, 0.000100, 0.001035, 0.000100, 0.000000, 0.000010, 100000.000000, 10.346491, 0.001035, 0.000100, 10.000000, 0.000102, 293.150000, -0.866227, 0.000000, 293.150000, -8.662273, -0.866227, -0.866227, 301.812273, 0.100000, 0.001035, 0.000100, 0.001035, 0.000100, 0.000000, 0.000100, 301.812273, 10.000000, 293.150000, 10.000000, 0.000102, 10.000000, 0.000102, 0.000000, 0.000102, 10.000000, 301.812273, 301.812273, 28.583336, 28.662273, -0.866227, 0.381227, 0.000000, 0.000100, 0, 0
8.88, 0.000000, 301.640749, 0.000000, 0.000000, 0.000000, 16.000000, 0.000002, 0.000100, 0.000002, 0.000102, 30.164075, 0.001034, 301.640749, 0.500000, 0.000000, -0.000002, 0.004000, 301.640749, 4.166670, -0.849075, 301.640749, 0.000000, -0.849075, 10.000000, 0.000000, 0.000000, 0.100000, 0.000000, 298.000000, 0.000000, 0.000000, 301.640749, 0.000000, 0.000000, 301.816670, 2.000000, 100000.000000, 0.000100, 301.816670, 0.000102, 0.000000, 8.000000, 301.640749, 0.000100, 298.150000, 10.000000, 301.640749, 301.816670, 301.816670, 301.816670, 0.000002, 293.150000, 301.640749, 5000000.000000, 0.000000, 0.001034, 0.001034, 0.000000, 10.000000, 10.000000, 0.000002, 0.000002, 10.000000, 0.000002, 0.001034, 0.000000, 0.001034, 0.000000, 0.000000, 0.000000, 5000000.000000, 9.998966, 0.000100, 10.000000, 0.000100, 0.001034, 0.000100, 0.000000, 0.000010, 100000.000000, 10.339630, 0.001034, 0.000100, 10.000000, 0.000102, 293.150000, -0.849075, 0.000000, 293.150000, -8.490749, -0.849075, -0.849075, 301.640749, 0.100000, 0.001034, 0.000100, 0.001034, 0.000100, 0.000000, 0.000100, 301.640749, 10.000000, 293.150000, 10.000000, 0.000102, 10.000000, 0.000102, 0.000000, 0.000102, 10.000000, 301.640749, 301.640749, 28.666670, 28.490749, -0.849075, 0.364075, 0.000000, 0.000100, 0, 0
8.9, 0.000000, 301.472621, 0.000000, 0.000000, 0.000000, 16.000000, 0.000002, 0.000100, 0.000002, 0.000102, 30.147262, 0.001033, 301.472621, 0.500000, 0.000000, -0.000002, 0.004000, 301.472621, 4.166670, -0.832262, 301.472621, 0.000000, -0.832262, 10.000000, 0.000000, 0.000000, 0.100000, 0.000000, 298.000000, 0.000000, 0.000000, 301.472621, 0.000000, 0.000000, 301.900003, 2.000000, 100000.000000, 0.000100, 301.900003, 0.000102, 0.000000, 8.000000, 301.472621, 0.000100, 298.150000, 10.000000, 301.472621, 301.900003, 301.900003, 301.900003, 0.000002, 293.150000, 301.472621, 5000000.000000, 0.000000, 0.001033, 0.001033, 0.000000, 10.000000, 10.000000, 0.000002, 0.000002, 10.000000, 0.000002, 0.001033, 0.000000, 0.001033, 0.000000, 0.000000, 0.000000, 5000000.000000, 9.998967, 0.000100, 10.000000, 0.000100, 0.001033, 0.000100, 0.000000, 0.000010, 100000.000000, 10.332905, 0.001033, 0.000100, 10.000000, 0.000102, 293.150000, -0.832262, 0.000000, 293.150000, -8.322621, -0.832262, -0.832262, 301.472621, 0.100000, 0.001033, 0.000100, 0.001033, 0.000100, 0.000000, 0.000100, 301.472621, 10.000000, 293.150000, 10.000000, 0.000102, 10.000000, 0.000102, 0.000000, 0.000102, 10.000000, 301.472621, 301.472621, 28.750003, 28.322621, -0.832262, 0.347262, 0.000000, 0.000100, 0, 0
8.92, 0.000000, 301.307822, 0.000000, 0.000000, 0.000000, 16.000000, 0.000002, 0.000100, 0.000002, 0.000102, 30.130782, 0.001033, 301.307822, 0.500000, 0.000000, -0.000002, 0.004000, 301.307822, 4.166670, -0.815782, 301.307822, 0.000000, -0.815782, 10.000000, 0.000000, 0.000000, 0.100000, 0.000000, 298.000000, 0.000000, 0.000000, 301.307822, 0.000000, 0.000000, 301.983336, 2.000000, 100000.000000, 0.000100, 301.983336, 0.000102, 0.000000, 8.000000, 301.307822, 0.000100, 298.150000, 10.000000, 301.307822, 301.983336, 301.983336, 301.983336, 0.000002, 293.150000, 301.307822, 5000000.000000, 0.000000, 0.001033, 0.001033, 0.000000, 10.000000, 10.000000, 0.000002, 0.000002, 10.000000, 0.000002, 0.001033, 0.000000, 0.001033, 0.000000, 0.000000, 0.000000, 5000000.000000, 9.998967, 0.000100, 10.000000, 0.000100, 0.001033, 0.000100, 0.000000, 0.000010, 100000.000000, 10.326313, 0.001033, 0.000100, 10.000000, 0.000102, 293.150000, -0.815782, 0.000000, 293.150000, -8.157822, -0.815782, -0.815782, 301.307822, 0.100000, 0.001033, 0.000100, 0.001033, 0.000100, 0.000000, 0.000100, 301.307822, 10.000000, 293.150000, 10.000000, 0.000102, 10.000000, 0.000102, 0.000000, 0.000102, 10.000000, 301.307822, 301.307822, 28.833336, 28.157822, -0.815782, 0.330782, 0.000000, 0.000100, 0, 0
8.94, 0.000000, 301.146286, 0.000000, 0.000000, 0.000000, 16.000000, 0.000002, 0.000100, 0.000002, 0.000102, 30.114629, 0.001032, 301.146286, 0.500000, 0.000000, -0.000002, 0.004000, 301.146286, 4.166670, -0.799629, 301.146286, 0.000000, -0.799629, 10.000000, 0.000000, 0.000000, 0.100000, 0.000000, 298.000000, 0.000000, 0.000000, 301.146286, 0.000000, 0.000000, 302.066670, 2.000000, 100000.000000, 0.000100, 302.066670, 0.000102, 0.000000, 8.000000, 301.146286, 0.000100, 298.150000, 10.000000, 301.146286, 302.066670, 302.066670, 302.066670, 0.000002, 293.150000, 301.146286, 5000000.000000, 0.000000, 0.001032, 0.001032, 0.000000, 10.000000, 10.000000, 0.000002, 0.000002, 10.000000, 0.000002, 0.001032, 0.000000, 0.001032, 0.000000, 0.000000, 0.000000, 5000000.000000, 9.998968, 0.000100, 10.000000, 0.000100, 0.001032, 0.000100, 0.000000, 0.000010, 100000.000000, 10.319851, 0.001032, 0.000100, 10.000000, 0.000102, 293.150000, -0.799629, 0.000000, 293.150000, -7.996286, -0.799629, -0.799629, 301.146286, 0.100000, 0.001032, 0.000100, 0.001032, 0.000100, 0.000000, 0.000100, 301.146286, 10.000000, 293.150000, 10.000000, 0.000102, 10.000000, 0.000102, 0.000000, 0.000102, 10.000000, 301.146286, 301.146286, 28.916670, 27.996286, -0.799628, 0.314629, 0.000000, 0.000100, 0, 0
8.96, 0.000000, 302.275056, 0.000000, 0.000000, 0.000000, 16.000000, 0.000002, 0.964784, 0.000002, 0.964788, 30.227506, 9.999990, 302.275056, 0.500000, 0.000000, -0.000004, 0.004000, 302.275056, 4.166670, -0.912506, 302.275056, 0.000002, -0.912506, 10.000000, 0.000000, 9.647833, 0.100000, 0.000000, 298.000000, 0.000000, 1.000000, 302.275056, 1.000000, 0.000000, 302.150003, 2.000000, 100000.000000, 0.964784, 302.150003, 0.964788, 0.000000, 8.000000, 302.275056, 0.964786, 298.150000, 10.000000, 302.275056, 302.150003, 302.150003, 302.150003, 0.000002, 293.150000, 302.275056, 5000000.000000, 0.000002, 9.999990, 9.999990, 0.000002, 10.000000, 10.000000, 0.000002, 0.000002, 10.000000, 0.000002, 9.999990, 0.000002, 9.999990, 0.000002, 0.000000, 0.000002, 5000000.000000, 0.000010, 0.964786, 10.000000, 0.964786, 9.999990, 0.964786, 1.000000, 0.000010, 0.000010, 10.365002, 9.999990, 0.964784, 10.000000, 0.964788, 293.150000, -0.912506, 9.647833, 293.150000, -9.125056, -0.912506, -0.912506, 302.275056, 0.100000, 9.999990, 0.964784, 9.999990, 0.964784, 0.000000, 0.964784, 302.275056, 10.000000, 293.150000, 10.000000, 0.964788, 10.000000, 0.964788, 0.000000, 0.964788, 10.000000, 302.275056, 302.275056, 29.000003, 29.125056, 8.735327, 0.427506, 0.000000, 0.964786, 1, 1
8.98, 0.000000, 303.100329, 0.000000, 0.000000, 0.000000, 16.000000, 0.000002, 0.000100, 0.000002, 0.000102, 30.310033, 0.001040, 303.100329, 0.500000, 0.000000, -0.000002, 0.004000, 303.100329, 4.166670, -0.995033, 303.100329, 0.000000, -0.995033, 10.000000, 0.000000, 0.000000, 0.100000, 0.000000, 298.000000, 0.000000, 0.000000, 303.100329, 0.000000, 0.000000, 302.233337, 2.000000, 100000.000000, 0.000100, 302.233337, 0.000102, 0.000000, 8.000000, 303.100329, 0.000100, 298.150000, 10.000000, 303.100329, 302.233337, 302.233337, 302.233337, 0.000002, 293.150000, 303.100329, 5000000.000000, 0.000000, 0.001040, 0.001040, 0.000000, 10.000000, 10.000000, 0.000002, 0.000002, 10.000000, 0.000002, 0.001040, 0.000000, 0.001040, 0.000000, 0.000000, 0.000000, 5000000.000000, 9.998960, 0.000100, 10.000000, 0.000100, 0.001040, 0.000100, 0.000000, 0.000010, 100000.000000, 10.398013, 0.001040, 0.000100, 10.000000, 0.000102, 293.150000, -0.995033, 0.000000, 293.150000, -9.950329, -0.995033, -0.995033, 303.100329, 0.100000, 0.001040, 0.000100, 0.001040, 0.000100, 0.000000, 0.000100, 303.100329, 10.000000, 293.150000, 10.000000, 0.000102, 10.000000, 0.000102, 0.000000, 0.000102, 10.000000, 303.100329, 303.100329, 29.083337, 29.950329, -0.995033, 0.510033, 0.000000, 0.000100, 0, 0
9, 0.000000, 302.903299, 0.000000, 0.000000, 0.000000, 16.000000, 0.000002, 0.000100, 0.000002, 0.000102, 30.290330, 0.001039, 302.903299, 0.500000, 0.000000, -0.000002, 0.004000, 302.903299, 4.166670, -0.975330, 302.903299, 0.000000, -0.975330, 10.000000, 0.000000, 0.000000, 0.100000, 0.000000, 298.000000, 0.000000, 0.000000, 302.903299, 0.000000, 0.000000, 302.316670, 2.000000, 100000.000000, 0.000100, 302.316670, 0.000102, 0.000000, 8.000000, 302.903299, 0.000100, 298.150000, 10.000000, 302.903299, 302.316670, 302.316670, 302.316670, 0.000002, 293.150000, 302.903299, 5000000.000000, 0.000000, 0.001039, 0.001039, 0.000000, 10.000000, 10.000000, 0.000002, 0.000002, 10.000000, 0.000002, 0.001039, 0.000000, 0.001039, 0.000000, 0.000000, 0.000000, 5000000.000000, 9.998961, 0.000100, 10.000000, 0.000100, 0.001039, 0.000100, 0.000000, 0.000010, 100000.000000, 10.390132, 0.001039, 0.000100, 10.000000, 0.000102, 293.150000, -0.975330, 0.000000, 293.150000, -9.753299, -0.975330, -0.975330, 302.903299, 0.100000, 0.001039, 0.000100, 0.001039, 0.000100, 0.000000, 0.000100, 302.903299, 10.000000, 293.150000, 10.000000, 0.000102, 10.000000, 0.000102, 0.000000, 0.000102, 10.000000, 302.903299, 302.903299, 29.166670, 29.753299, -0.975330, 0.490330, 0.000000, 0.000100, 0, 0
9.02, 0.000000, 302.710171, 0.000000, 0.000000, 0.000000, 16.000000, 0.000002, 0.000100, 0.000002, 0.000102, 30.271017, 0.001038, 302.710171, 0.500000, 0.000000, -0.000002, 0.004000, 302.710171, 4.166670, -0.956017, 302.710171, 0.000000, -0.956017, 10.000000, 0.000000, 0.000000, 0.100000, 0.000000, 298.000000, 0.000000, 0.000000, 302.710171, 0.000000, 0.000000, 302.400003, 2.000000, 100000.000000, 0.000100, 302.400003, 0.000102, 0.000000, 8.000000, 302.710171, 0.000100, 298.150000, 10.000000, 302.710171, 302.400003, 302.400003, 302.400003, 0.000002, 293.150000, 302.710171, 5000000.000000, 0.000000, 0.001038, 0.001038, 0.000000, 10.000000, 10.000000, 0.000002, 0.000002, 10.000000, 0.000002, 0.001038, 0.000000, 0.001038, 0.000000, 0.000000, 0.000000, 5000000.000000, 9.998962, 0.000100, 10.000000, 0.000100, 0.001038, 0.000100, 0.000000, 0.000010, 100000.000000, 10.382407, 0.001038, 0.000100, 10.000000, 0.000102, 293.150000, -0.956017, 0.000000, 293.150000, -9.560171, -0.956017, -0.956017, 302.710171, 0.100000, 0.001038, 0.000100, 0.001038, 0.000100, 0.000000, 0.000100, 302.710171, 10.000000, 293.150000, 10.000000, 0.000102, 10.000000, 0.000102, 0.000000, 0.000102, 10.000000, 302.710171, 302.710171, 29.250003, 29.560171, -0.956017, 0.471017, 0.000000, 0.000100, 0, 0
9.04, 0.000000, 302.520867, 0.000000, 0.000000, 0.000000, 16.000000, 0.000002, 0.000100, 0.000002, 0.000102, 30.252087, 0.001037, 302.520867, 0.500000, 0.000000, -0.000002, 0.004000, 302.520867, 4.166670, -0.937087, 302.520867, 0.000000, -0.937087, 10.000000, 0.000000, 0.000000, 0.100000, 0.000000, 298.000000, 0.000000, 0.000000, 302.520867, 0.000000, 0.000000, 302.483337, 2.000000, 100000.000000, 0.000100, 302.483337, 0.000102, 0.000000, 8.000000, 302.520867, 0.000100, 298.150000, 10.000000, 302.520867, 302.483337, 302.483337, 302.483337, 0.000002, 293.150000, 302.520867, 5000000.000000, 0.000000, 0.001037, 0.001037, 0.000000, 10.000000, 10.000000, 0.000002, 0.000002, 10.000000, 0.000002, 0.001037, 0.000000, 0.001037, 0.000000, 0.000000, 0.000000, 5000000.000000, 9.998963, 0.000100, 10.000000, 0.000100, 0.001037, 0.000100, 0.000000, 0.000010, 100000.000000, 10.374835, 0.001037, 0.000100, 10.000000, 0.000102, 293.150000, -0.937087, 0.000000, 293.150000, -9.370867, -0.937087, -0.937087, 302.520867, 0.100000, 0.001037, 0.000100, 0.001037, 0.000100, 0.000000, 0.000100, 302.520867, 10.000000, 293.150000, 10.000000, 0.000102, 10.000000, 0.000102, 0.000000, 0.000102, 10.000000, 302.520867, 302.520867, 29.333337, 29.370867, -0.937087, 0.452087, 0.000000, 0.000100, 0, 0
9.06, 0.000000, 302.335311, 0.000000, 0.000000, 0.000000, 16.000000, 0.000002, 0.000100, 0.000002, 0.000102, 30.233531, 0.001037, 302.335311, 0.500000, 0.000000, -0.000002, 0.004000, 302.335311, 4.166670, -0.918531, 302.335311, 0.000000, -0.918531, 10.000000, 0.000000, 0.000000, 0.100000, 0.000000, 298.000000, 0.000000, 0.000000, 302.335311, 0.000000, 0.000000, 302.566670, 2.000000, 100000.000000, 0.000100, 302.566670, 0.000102, 0.000000, 8.000000, 302.335311, 0.000100, 298.150000, 10.000000, 302.335311, 302.566670, 302.566670, 302.566670, 0.000002, 293.150000, 302.335311, 5000000.000000, 0.000000, 0.001037, 0.001037, 0.000000, 10.000000, 10.000000, 0.000002, 0.000002, 10.000000, 0.000002, 0.001037, 0.000000, 0.001037, 0.000000, 0.000000, 0.000000, 5000000.000000, 9.998963, 0.000100, 10.000000, 0.000100, 0.001037, 0.000100, 0.000000, 0.000010, 100000.000000, 10.367412, 0.001037, 0.000100, 10.000000, 0.000102, 293.150000, -0.918531, 0.000000, 293.150000, -9.185311, -0.918531, -0.918531, 302.335311, 0.100000, 0.001037, 0.000100, 0.001037, 0.000100, 0.000000, 0.000100, 302.335311, 10.000000, 293.150000, 10.000000, 0.000102, 10.000000, 0.000102, 0.000000, 0.000102, 10.000000, 302.335311, 302.335311, 29.416670, 29.185311, -0.918531, 0.433531, 0.000000, 0.000100, 0, 0
9.08, 0.000000, 302.153430, 0.000000, 0.000000, 0.000000, 16.000000, 0.000002, 0.000100, 0.000002, 0.000102, 30.215343, 0.001036, 302.153430, 0.500000, 0.000000, -0.000002, 0.004000, 302.153430, 4.166670, -0.900343, 302.153430, 0.000000, -0.900343, 10.000000, 0.000000, 0.000000, 0.100000, 0.000000, 298.000000, 0.000000, 0.000000, 302.153430, 0.000000, 0.000000, 302.650004, 2.000000, 100000.000000, 0.000100, 302.650004, 0.000102, 0.000000, 8.000000, 302.153430, 0.000100, 298.150000, 10.000000, 302.153430, 302.650004, 302.650004, 302.650004, 0.000002, 293.150000, 302.153430, 5000000.000000, 0.000000, 0.001036, 0.001036, 0.000000, 10.000000, 10.000000, 0.000002, 0.000002, 10.000000, 0.000002, 0.001036, 0.000000, 0.001036, 0.000000, 0.000000, 0.000000, 5000000.000000, 9.998964, 0.000100, 10.000000, 0.000100, 0.001036, 0.000100, 0.000000, 0.000010, 100000.000000, 10.360137, 0.001036, 0.000100, 10.000000, 0.000102, 293.150000, -0.900343, 0.000000, 293.150000, -9.003430, -0.900343, -0.900343, 302.153430, 0.100000, 0.001036, 0.000100, 0.001036, 0.000100, 0.000000, 0.000100, 302.153430, 10.000000, 293.150000, 10.000000, 0.000102, 10.000000, 0.000102, 0.000000, 0.000102, 10.000000, 302.153430, 302.153430, 29.500004, 29.003430, -0.900343, 0.415343, 0.000000, 0.000100, 0, 0
9.1, 0.000000, 301.975150, 0.000000, 0.000000, 0.000000, 16.000000, 0.000002, 0.000100, 0.000002, 0.000102, 30.197515, 0.001035, 301.975150, 0.500000, 0.000000, -0.000002, 0.004000, 301.975150, 4.166670, -0.882515, 301.975150, 0.000000, -0.882515, 10.000000, 0.000000, 0.000000, 0.100000, 0.000000, 298.000000, 0.000000, 0.000000, 301.975150, 0.000000, 0.000000, 302.733337, 2.000000, 100000.000000, 0.000100, 302.733337, 0.000102, 0.000000, 8.000000, 301.975150, 0.000100, 298.150000, 10.000000, 301.975150, 302.733337, 302.733337, 302.733337, 0.000002, 293.150000, 301.975150, 5000000.000000, 0.000000, 0.001035, 0.001035, 0.000000, 10.000000, 10.000000, 0.000002, 0.000002, 10.000000, 0.000002, 0.001035, 0.000000, 0.001035, 0.000000, 0.000000, 0.000000, 5000000.000000, 9.998965, 0.000100, 10.000000, 0.000100, 0.001035, 0.000100, 0.000000, 0.000010, 100000.000000, 10.353006, 0.001035, 0.000100, 10.000000, 0.000102, 293.150000, -0.882515, 0.000000, 293.150000, -8.825150, -0.882515, -0.882515, 301.975150, 0.100000, 0.001035, 0.000100, 0.001035, 0.000100, 0.000000, 0.000100, 301.975150, 10.000000, 293.150000, 10.000000, 0.000102, 10.000000, 0.000102, 0.000000, 0.000102, 10.000000, 301.975150, 301.975150, 29.583337, 28.825150, -0.882515, 0.397515, 0.000000, 0.000100, 0, 0
9.12, 0.000000, 301.916289, 0.000000, 0.000000, 0.000000, 16.000000, 0.000002, 0.966122, 0.000002, 0.966126, 30.191629, 9.999990, 301.916289, 0.500000, 0.000000, -0.000004, 0.004000, 301.916289, 4.166670, -0.876629, 301.916289, 0.000002, -0.876629, 10.000000, 0.000000, 9.661209, 0.100000, 0.000000, 298.000000, 0.000000, 1.000000, 301.916289, 1.000000, 0.000000, 302.816670, 2.000000, 100000.000000, 0.966122, 302.816670, 0.966126, 0.000000, 8.000000, 301.916289, 0.966124, 298.150000, 10.000000, 301.916289, 302.816670, 302.816670, 302.816670, 0.000002, 293.150000, 301.916289, 5000000.000000, 0.000002, 9.999990, 9.999990, 0.000002, 10.000000, 10.000000, 0.000002, 0.000002, 10.000000, 0.000002, 9.999990, 0.000002, 9.999990, 0.000002, 0.000000, 0.000002, 5000000.000000, 0.000010, 0.966124, 10.000000, 0.966124, 9.999990, 0.966124, 1.000000, 0.000010, 0.000010, 10.350652, 9.999990, 0.966122, 10.000000, 0.966126, 293.150000, -0.876629, 9.661209, 293.150000, -8.766289, -0.876629, -0.876629, 301.916289, 0.100000, 9.999990, 0.966122, 9.999990, 0.966122, 0.000000, 0.966122, 301.916289, 10.000000, 293.150000, 10.000000, 0.966126, 10.000000, 0.966126, 0.000000, 0.966126, 10.000000, 301.916289, 301.916289, 29.666670, 28.766289, 8.784580, 0.391629, 0.000000, 0.966124, 1, 1
9.14, 0.000000, 303.649324, 0.000000, 0.000000, 0.000000, 16.000000, 0.000002, 0.959694, 0.000002, 0.959698, 30.364932, 9.999990, 303.649324, 0.500000, 0.000000, -0.000004, 0.004000, 303.649324, 4.166670, -1.049932, 303.649324, 0.000002, -1.049932, 10.000000, 0.000000, 9.596935, 0.100000, 0.000000, 298.000000, 0.000000, 1.000000, 303.649324, 1.000000, 0.000000, 302.900004, 2.000000, 100000.000000, 0.959694, 302.900004, 0.959698, 0.000000, 8.000000, 303.649324, 0.959696, 298.150000, 10.000000, 303.649324, 302.900004, 302.900004, 302.900004, 0.000002, 293.150000, 303.649324, 5000000.000000, 0.000002, 9.999990, 9.999990, 0.000002, 10.000000, 10.000000, 0.000002, 0.000002, 10.000000, 0.000002, 9.999990, 0.000002, 9.999990, 0.000002, 0.000000, 0.000002, 5000000.000000, 0.000010, 0.959696, 10.000000, 0.959696, 9.999990, 0.959696, 1.000000, 0.000010, 0.000010, 10.419973, 9.999990, 0.959694, 10.000000, 0.959698, 293.150000, -1.049932, 9.596935, 293.150000, -10.499324, -1.049932, -1.049932, 303.649324, 0.100000, 9.999990, 0.959694, 9.999990, 0.959694, 0.000000, 0.959694, 303.649324, 10.000000, 293.150000, 10.000000, 0.959698, 10.000000, 0.959698, 0.000000, 0.959698, 10.000000, 303.649324, 303.649324, 29.750004, 30.499324, 8.547003, 0.564932, 0.000000, 0.959696, 1, 1
9.16, 0.000000, 303.733342, 0.000000, 0.000000, 0.000000, 16.000000, 0.000002, 0.000100, 0.000002, 0.000102, 30.373334, 0.001042, 303.733342, 0.500000, 0.000000, -0.000002, 0.004000, 303.733342, 4.166670, -1.058334, 303.733342, 0.000000, -1.058334, 10.000000, 0.000000, 0.000000, 0.100000, 0.000000, 298.000000, 0.000000, 0.000000, 303.733342, 0.000000, 0.000000, 302.983337, 2.000000, 100000.000000, 0.000100, 302.983337, 0.000102, 0.000000, 8.000000, 303.733342, 0.000100, 298.150000, 10.000000, 303.733342, 302.983337, 302.983337, 302.983337, 0.000002, 293.150000, 303.733342, 5000000.000000, 0.000000, 0.001042, 0.001042, 0.000000, 10.000000, 10.000000, 0.000002, 0.000002, 10.000000, 0.000002, 0.001042, 0.000000, 0.001042, 0.000000, 0.000000, 0.000000, 5000000.000000, 9.998958, 0.000100, 10.000000, 0.000100, 0.001042, 0.000100, 0.000000, 0.000010, 100000.000000, 10.423334, 0.001042, 0.000100, 10.000000, 0.000102, 293.150000, -1.058334, 0.000000, 293.150000, -10.583342, -1.058334, -1.058334, 303.733342, 0.100000, 0.001042, 0.000100, 0.001042, 0.000100, 0.000000, 0.000100, 303.733342, 10.000000, 293.150000, 10.000000, 0.000102, 10.000000, 0.000102, 0.000000, 0.000102, 10.000000, 303.733342, 303.733342, 29.833337, 30.583342, -1.058334, 0.573334, 0.000000, 0.000100, 0, 0
9.18, 0.000000, 303.523778, 0.000000, 0.000000, 0.000000, 16.000000, 0.000002, 0.000100, 0.000002, 0.000102, 30.352378, 0.001041, 303.523778, 0.500000, 0.000000, -0.000002, 0.004000, 303.523778, 4.166670, -1.037378, 303.523778, 0.000000, -1.037378, 10.000000, 0.000000, 0.000000, 0.100000, 0.000000, 298.000000, 0.000000, 0.000000, 303.523778, 0.000000, 0.000000, 303.066671, 2.000000, 100000.000000, 0.000100, 303.066671, 0.000102, 0.000000, 8.000000, 303.523778, 0.000100, 298.150000, 10.000000, 303.523778, 303.066671, 303.066671, 303.066671, 0.000002, 293.150000, 303.523778, 5000000.000000, 0.000000, 0.001041, 0.001041, 0.000000, 10.000000, 10.000000, 0.000002, 0.000002, 10.000000, 0.000002, 0.001041, 0.000000, 0.001041, 0.000000, 0.000000, 0.000000, 5000000.000000, 9.998959, 0.000100, 10.000000, 0.000100, 0.001041, 0.000100, 0.000000, 0.000010, 100000.000000, 10.414951, 0.001041, 0.000100, 10.000000, 0.000102, 293.150000, -1.037378, 0.000000, 293.150000, -10.373778, -1.037378, -1.037378, 303.523778, 0.100000, 0.001041, 0.000100, 0.001041, 0.000100, 0.000000, 0.000100, 303.523778, 10.000000, 293.150000, 10.000000, 0.000102, 10.000000, 0.000102, 0.000000, 0.000102, 10.000000, 303.523778, 303.523778, 29.916671, 30.373778, -1.037378, 0.552378, 0.000000, 0.000100, 0, 0
9.2, 0.000000, 303.318363, 0.000000, 0.000000, 0.000000, 16.000000, 0.000002, 0.000100, 0.000002, 0.000102, 30.331836, 0.001041, 303.318363, 0.500000, 0.000000, -0.000002, 0.004000, 303.318363, 4.166670, -1.016836, 303.318363, 0.000000, -1.016836, 10.000000, 0.000000, 0.000000, 0.100000, 0.000000, 298.000000, 0.000000, 0.000000, 303.318363, 0.000000, 0.000000, 303.150004, 2.000000, 100000.000000, 0.000100, 303.150004, 0.000102, 0.000000, 8.000000, 303.318363, 0.000100, 298.150000, 10.000000, 303.318363, 303.150004, 303.150004, 303.150004, 0.000002, 293.150000, 303.318363, 5000000.000000, 0.000000, 0.001041, 0.001041, 0.000000, 10.000000, 10.000000, 0.000002, 0.000002, 10.000000, 0.000002, 0.001041, 0.000000, 0.001041, 0.000000, 0.000000, 0.000000, 5000000.000000, 9.998959, 0.000100, 10.000000, 0.000100, 0.001041, 0.000100, 0.000000, 0.000010, 100000.000000, 10.406735, 0.001041, 0.000100, 10.000000, 0.000102, 293.150000, -1.016836, 0.000000, 293.150000, -10.168363, -1.016836, -1.016836, 303.318363, 0.100000, 0.001041, 0.000100, 0.001041, 0.000100, 0.000000, 0.000100, 303.318363, 10.000000, 293.150000, 10.000000, 0.000102, 10.000000, 0.000102, 0.000000, 0.000102, 10.000000, 303.318363, 303.318363, 30.000004, 30.168363, -1.016836, 0.531836, 0.000000, 0.000100, 0, 0
9.22, 0.000000, 303.117016, 0.000000, 0.000000, 0.000000, 16.000000, 0.000002, 0.000100, 0.000002, 0.000102, 30.311702, 0.001040, 303.117016, 0.500000, 0.000000, -0.000002, 0.004000, 303.117016, 4.166670, -0.996702, 303.117016, 0.000000, -0.996702, 10.000000, 0.000000, 0.000000, 0.100000, 0.000000, 298.000000, 0.000000, 0.000000, 303.117016, 0.000000, 0.000000, 303.233337, 2.000000, 100000.000000, 0.000100, 303.233337, 0.000102, 0.000000, 8.000000, 303.117016, 0.000100, 298.150000, 10.000000, 303.117016, 303.233337, 303.233337, 303.233337, 0.000002, 293.150000, 303.117016, 5000000.000000, 0.000000, 0.001040, 0.001040, 0.000000, 10.000000, 10.000000, 0.000002, 0.000002, 10.000000, 0.000002, 0.001040, 0.000000, 0.001040, 0.000000, 0.000000, 0.000000, 5000000.000000, 9.998960, 0.000100, 10.000000, 0.000100, 0.001040, 0.000100, 0.000000, 0.000010, 100000.000000, 10.398681, 0.001040, 0.000100, 10.000000, 0.000102, 293.150000, -0.996702, 0.000000, 293.150000, -9.967016, -0.996702, -0.996702, 303.117016, 0.100000, 0.001040, 0.000100, 0.001040, 0.000100, 0.000000, 0.000100, 303.117016, 10.000000, 293.150000, 10.000000, 0.000102, 10.000000, 0.000102, 0.000000, 0.000102, 10.000000, 303.117016, 303.117016, 30.083337, 29.967016, -0.996702, 0.511702, 0.000000, 0.000100, 0, 0
9.24, 0.000000, 302.919656, 0.000000, 0.000000, 0.000000, 16.000000, 0.000002, 0.000100, 0.000002, 0.000102, 30.291966, 0.001039, 302.919656, 0.500000, 0.000000, -0.000002, 0.004000, 302.919656, 4.166670, -0.976966, 302.919656, 0.000000, -0.976966, 10.000000, 0.000000, 0.000000, 0.100000, 0.000000, 298.000000, 0.000000, 0.000000, 302.919656, 0.000000, 0.000000, 303.316671, 2.000000, 100000.000000, 0.000100, 303.316671, 0.000102, 0.000000, 8.000000, 302.919656, 0.000100, 298.150000, 10.000000, 302.919656, 303.316671, 303.316671, 303.316671, 0.000002, 293.150000, 302.919656, 5000000.000000, 0.000000, 0.001039, 0.001039, 0.000000, 10.000000, 10.000000, 0.000002, 0.000002, 10.000000, 0.000002, 0.001039, 0.000000, 0.001039, 0.000000, 0.000000, 0.000000, 5000000.000000, 9.998961, 0.000100, 10.000000, 0.000100, 0.001039, 0.000100, 0.000000, 0.000010, 100000.000000, 10.390786, 0.001039, 0.000100, 10.000000, 0.000102, 293.150000, -0.976966, 0.000000, 293.150000, -9.769656, -0.976966, -0.976966, 302.919656, 0.100000, 0.001039, 0.000100, 0.001039, 0.000100, 0.000000, 0.000100, 302.919656, 10.000000, 293.150000, 10.000000, 0.000102, 10.000000, 0.000102, 0.000000, 0.000102, 10.000000, 302.919656, 302.919656, 30.166671, 29.769656, -0.976965, 0.491966, 0.000000, 0.000100, 0, 0
9.26, 0.000000, 302.726204, 0.000000, 0.000000, 0.000000, 16.000000, 0.000002, 0.000100, 0.000002, 0.000102, 30.272620, 0.001038, 302.726204, 0.500000, 0.000000, -0.000002, 0.004000, 302.726204, 4.166670, -0.957620, 302.726204, 0.000000, -0.957620, 10.000000, 0.000000, 0.000000, 0.100000, 0.000000, 298.000000, 0.000000, 0.000000, 302.726204, 0.000000, 0.000000, 303.400004, 2.000000, 100000.000000, 0.000100, 303.400004, 0.000102, 0.000000, 8.000000, 302.726204, 0.000100, 298.150000, 10.000000, 302.726204, 303.400004, 303.400004, 303.400004, 0.000002, 293.150000, 302.726204, 5000000.000000, 0.000000, 0.001038, 0.001038, 0.000000, 10.000000, 10.000000, 0.000002, 0.000002, 10.000000, 0.000002, 0.001038, 0.000000, 0.001038, 0.000000, 0.000000, 0.000000, 5000000.000000, 9.998962, 0.000100, 10.000000, 0.000100, 0.001038, 0.000100, 0.000000, 0.000010, 100000.000000, 10.383048, 0.001038, 0.000100, 10.000000, 0.000102, 293.150000, -0.957620, 0.000000, 293.150000, -9.576204, -0.957620, -0.957620, 302.726204, 0.100000, 0.001038, 0.000100, 0.001038, 0.000100, 0.000000, 0.000100, 302.726204, 10.000000, 293.150000, 10.000000, 0.000102, 10.000000, 0.000102, 0.000000, 0.000102, 10.000000, 302.726204, 302.726204, 30.250004, 29.576204, -0.957620, 0.472620, 0.000000, 0.000100, 0, 0
9.28, 0.000000, 302.536582, 0.000000, 0.000000, 0.000000, 16.000000, 0.000002, 0.000100, 0.000002, 0.000102, 30.253658, 0.001037, 302.536582, 0.500000, 0.000000, -0.000002, 0.004000, 302.536582, 4.166670, -0.938658, 302.536582, 0.000000, -0.938658, 10.000000, 0.000000, 0.000000, 0.100000, 0.000000, 298.000000, 0.000000, 0.000000, 302.536582, 0.000000, 0.000000, 303.483338, 2.000000, 100000.000000, 0.000100, 303.483338, 0.000102, 0.000000, 8.000000, 302.536582, 0.000100, 298.150000, 10.000000, 302.536582, 303.483338, 303.483338, 303.483338, 0.000002, 293.150000, 302.536582, 5000000.000000, 0.000000, 0.001037, 0.001037, 0.000000, 10.000000, 10.000000, 0.000002, 0.000002, 10.000000, 0.000002, 0.001037, 0.000000, 0.001037, 0.000000, 0.000000, 0.000000, 5000000.000000, 9.998963, 0.000100, 10.000000, 0.000100, 0.001037, 0.000100, 0.000000, 0.000010, 100000.000000, 10.375463, 0.001037, 0.000100, 10.000000, 0.000102, 293.150000, -0.938658, 0.000000, 293.150000, -9.386582, -0.938658, -0.938658, 302.536582, 0.100000, 0.001037, 0.000100, 0.001037, 0.000100, 0.000000, 0.000100, 302.536582, 10.000000, 293.150000, 10.000000, 0.000102, 10.000000, 0.000102, 0.000000, 0.000102, 10.000000, 302.536582, 302.536582, 30.333338, 29.386582, -0.938658, 0.453658, 0.000000, 0.000100, 0, 0
9.3, 0.000000, 303.876687, 0.000000, 0.000000, 0.000000, 16.000000, 0.000002, 0.958858, 0.000002, 0.958862, 30.387669, 9.999990, 303.876687, 0.500000, 0.000000, -0.000004, 0.004000, 303.876687, 4.166670, -1.072669, 303.876687, 0.000002, -1.072669, 10.000000, 0.000000, 9.588567, 0.100000, 0.000000, 298.000000, 0.000000, 1.000000, 303.876687, 1.000000, 0.000000, 303.566671, 2.000000, 100000.000000, 0.958858, 303.566671, 0.958862, 0.000000, 8.000000, 303.876687, 0.958860, 298.150000, 10.000000, 303.876687, 303.566671, 303.566671, 303.566671, 0.000002, 293.150000, 303.876687, 5000000.000000, 0.000002, 9.999990, 9.999990, 0.000002, 10.000000, 10.000000, 0.000002, 0.000002, 10.000000, 0.000002, 9.999990, 0.000002, 9.999990, 0.000002, 0.000000, 0.000002, 5000000.000000, 0.000010, 0.958860, 10.000000, 0.958860, 9.999990, 0.958860, 1.000000, 0.000010, 0.000010, 10.429067, 9.999990, 0.958858, 10.000000, 0.958862, 293.150000, -1.072669, 9.588567, 293.150000, -10.726687, -1.072669, -1.072669, 303.876687, 0.100000, 9.999990, 0.958858, 9.999990, 0.958858, 0.000000, 0.958858, 303.876687, 10.000000, 293.150000, 10.000000, 0.958862, 10.000000, 0.958862, 0.000000, 0.958862, 10.000000, 303.876687, 303.876687, 30.416671, 30.726687, 8.515898, 0.587669, 0.000000, 0.958860, 1, 1
9.32, 0.000000, 304.474924, 0.000000, 0.000000, 0.000000, 16.000000, 0.000002, 0.000100, 0.000002, 0.000102, 30.447492, 0.001045, 304.474924, 0.500000, 0.000000, -0.000002, 0.004000, 304.474924, 4.166670, -1.132492, 304.474924, 0.000000, -1.132492, 10.000000, 0.000000, 0.000000, 0.100000, 0.000000, 298.000000, 0.000000, 0.000000, 304.474924, 0.000000, 0.000000, 303.650004, 2.000000, 100000.000000, 0.000100, 303.650004, 0.000102, 0.000000, 8.000000, 304.474924, 0.000100, 298.150000, 10.000000, 304.474924, 303.650004, 303.650004, 303.650004, 0.000002, 293.150000, 304.474924, 5000000.000000, 0.000000, 0.001045, 0.001045, 0.000000, 10.000000, 10.000000, 0.000002, 0.000002, 10.000000, 0.000002, 0.001045, 0.000000, 0.001045, 0.000000, 0.000000, 0.000000, 5000000.000000, 9.998955, 0.000100, 10.000000, 0.000100, 0.001045, 0.000100, 0.000000, 0.000010, 100000.000000, 10.452997, 0.001045, 0.000100, 10.000000, 0.000102, 293.150000, -1.132492, 0.000000, 293.150000, -11.324924, -1.132492, -1.132492, 304.474924, 0.100000, 0.001045, 0.000100, 0.001045, 0.000100, 0.000000, 0.000100, 304.474924, 10.000000, 293.150000, 10.000000, 0.000102, 10.000000, 0.000102, 0.000000, 0.000102, 10.000000, 304.474924, 304.474924, 30.500004, 31.324924, -1.132492, 0.647492, 0.000000, 0.000100, 0, 0
9.34, 0.000000, 304.250675, 0.000000, 0.000000, 0.000000, 16.000000, 0.000002, 0.000100, 0.000002, 0.000102, 30.425068, 0.001044, 304.250675, 0.500000, 0.000000, -0.000002, 0.004000, 304.250675, 4.166670, -1.110068, 304.250675, 0.000000, -1.110068, 10.000000, 0.000000, 0.000000, 0.100000, 0.000000, 298.000000, 0.000000, 0.000000, 304.250675, 0.000000, 0.000000, 303.733338, 2.000000, 100000.000000, 0.000100, 303.733338, 0.000102, 0.000000, 8.000000, 304.250675, 0.000100, 298.150000, 10.000000, 304.250675, 303.733338, 303.733338, 303.733338, 0.000002, 293.150000, 304.250675, 5000000.000000, 0.000000, 0.001044, 0.001044, 0.000000, 10.000000, 10.000000, 0.000002, 0.000002, 10.000000, 0.000002, 0.001044, 0.000000, 0.001044, 0.000000, 0.000000, 0.000000, 5000000.000000, 9.998956, 0.000100, 10.000000, 0.000100, 0.001044, 0.000100, 0.000000, 0.000010, 100000.000000, 10.444027, 0.001044, 0.000100, 10.000000, 0.000102, 293.150000, -1.110068, 0.000000, 293.150000, -11.100675, -1.110068, -1.110068, 304.250675, 0.100000, 0.001044, 0.000100, 0.001044, 0.000100, 0.000000, 0.000100, 304.250675, 10.000000, 293.150000, 10.000000, 0.000102, 10.000000, 0.000102, 0.000000, 0.000102, 10.000000, 304.250675, 304.250675, 30.583338, 31.100675, -1.110067, 0.625068, 0.000000, 0.000100, 0, 0
9.36, 0.000000, 304.030867, 0.000000, 0.000000, 0.000000, 16.000000, 0.000002, 0.000100, 0.000002, 0.000102, 30.403087, 0.001043, 304.030867, 0.500000, 0.000000, -0.000002, 0.004000, 304.030867, 4.166670, -1.088087, 304.030867, 0.000000, -1.088087, 10.000000, 0.000000, 0.000000, 0.100000, 0.000000, 298.000000, 0.000000, 0.000000, 304.030867, 0.000000, 0.000000, 303.816671, 2.000000, 100000.000000, 0.000100, 303.816671, 0.000102, 0.000000, 8.000000, 304.030867, 0.000100, 298.150000, 10.000000, 304.030867, 303.816671, 303.816671, 303.816671, 0.000002, 293.150000, 304.030867, 5000000.000000, 0.000000, 0.001043, 0.001043, 0.000000, 10.000000, 10.000000, 0.000002, 0.000002, 10.000000, 0.000002, 0.001043, 0.000000, 0.001043, 0.000000, 0.000000, 0.000000, 5000000.000000, 9.998957, 0.000100, 10.000000, 0.000100, 0.001043, 0.000100, 0.000000, 0.000010, 100000.000000, 10.435235, 0.001043, 0.000100, 10.000000, 0.000102, 293.150000, -1.088087, 0.000000, 293.150000, -10.880867, -1.088087, -1.088087, 304.030867, 0.100000, 0.001043, 0.000100, 0.001043, 0.000100, 0.000000, 0.000100, 304.030867, 10.000000, 293.150000, 10.000000, 0.000102, 10.000000, 0.000102, 0.000000, 0.000102, 10.000000, 304.030867, 304.030867, 30.666671, 30.880867, -1.088087, 0.603087, 0.000000, 0.000100, 0, 0
9.38, 0.000000, 303.815411, 0.000000, 0.000000, 0.000000, 16.000000, 0.000002, 0.000100, 0.000002, 0.000102, 30.381541, 0.001043, 303.815411, 0.500000, 0.000000, -0.000002, 0.004000, 303.815411, 4.166670, -1.066541, 303.815411, 0.000000, -1.066541, 10.000000, 0.000000, 0.000000, 0.100000, 0.000000, 298.000000, 0.000000, 0.000000, 303.815411, 0.000000, 0.000000, 303.900005, 2.000000, 100000.000000, 0.000100, 303.900005, 0.000102, 0.000000, 8.000000, 303.815411, 0.000100, 298.150000, 10.000000, 303.815411, 303.900005, 303.900005, 303.900005, 0.000002, 293.150000, 303.815411, 5000000.000000, 0.000000, 0.001043, 0.001043, 0.000000, 10.000000, 10.000000, 0.000002, 0.000002, 10.000000, 0.000002, 0.001043, 0.000000, 0.001043, 0.000000, 0.000000, 0.000000, 5000000.000000, 9.998957, 0.000100, 10.000000, 0.000100, 0.001043, 0.000100, 0.000000, 0.000010, 100000.000000, 10.426616, 0.001043, 0.000100, 10.000000, 0.000102, 293.150000, -1.066541, 0.000000, 293.150000, -10.665411, -1.066541, -1.066541, 303.815411, 0.100000, 0.001043, 0.000100, 0.001043, 0.000100, 0.000000, 0.000100, 303.815411, 10.000000, 293.150000, 10.000000, 0.000102, 10.000000, 0.000102, 0.000000, 0.000102, 10.000000, 303.815411, 303.815411, 30.750005, 30.665411, -1.066541, 0.581541, 0.000000, 0.000100, 0, 0
9.4, 0.000000, 303.604222, 0.000000, 0.000000, 0.000000, 16.000000, 0.000002, 0.000100, 0.000002, 0.000102, 30.360422, 0.001042, 303.604222, 0.500000, 0.000000, -0.000002, 0.004000, 303.604222, 4.166670, -1.045422, 303.604222, 0.000000, -1.045422, 10.000000, 0.000000, 0.000000, 0.100000, 0.000000, 298.000000, 0.000000, 0.000000, 303.604222, 0.000000, 0.000000, 303.983338, 2.000000, 100000.000000, 0.000100, 303.983338, 0.000102, 0.000000, 8.000000, 303.604222, 0.000100, 298.150000, 10.000000, 303.604222, 303.983338, 303.983338, 303.983338, 0.000002, 293.150000, 303.604222, 5000000.000000, 0.000000, 0.001042, 0.001042, 0.000000, 10.000000, 10.000000, 0.000002, 0.000002, 10.000000, 0.000002, 0.001042, 0.000000, 0.001042, 0.000000, 0.000000, 0.000000, 5000000.000000, 9.998958, 0.000100, 10.000000, 0.000100, 0.001042, 0.000100, 0.000000, 0.000010, 100000.000000, 10.418169, 0.001042, 0.000100, 10.000000, 0.000102, 293.150000, -1.045422, 0.000000, 293.150000, -10.454222, -1.045422, -1.045422, 303.604222, 0.100000, 0.001042, 0.000100, 0.001042, 0.000100, 0.000000, 0.000100, 303.604222, 10.000000, 293.150000, 10.000000, 0.000102, 10.000000, 0.000102, 0.000000, 0.000102, 10.000000, 303.604222, 303.604222, 30.833338, 30.454222, -1.045422, 0.560422, 0.000000, 0.000100, 0, 0
9.42, 0.000000, 303.397215, 0.000000, 0.000000, 0.000000, 16.000000, 0.000002, 0.000100, 0.000002, 0.000102, 30.339721, 0.001041, 303.397215, 0.500000, 0.000000, -0.000002, 0.004000, 303.397215, 4.166670, -1.024721, 303.397215, 0.000000, -1.024721, 10.000000, 0.000000, 0.000000, 0.100000, 0.000000, 298.000000, 0.000000, 0.000000, 303.397215, 0.000000, 0.000000, 304.066671, 2.000000, 100000.000000, 0.000100, 304.066671, 0.000102, 0.000000, 8.000000, 303.397215, 0.000100, 298.150000, 10.000000, 303.397215, 304.066671, 304.066671, 304.066671, 0.000002, 293.150000, 303.397215, 5000000.000000, 0.000000, 0.001041, 0.001041, 0.000000, 10.000000, 10.000000, 0.000002, 0.000002, 10.000000, 0.000002, 0.001041, 0.000000, 0.001041, 0.000000, 0.000000, 0.000000, 5000000.000000, 9.998959, 0.000100, 10.000000, 0.000100, 0.001041, 0.000100, 0.000000, 0.000010, 100000.000000, 10.409889, 0.001041, 0.000100, 10.000000, 0.000102, 293.150000, -1.024721, 0.000000, 293.150000, -10.247215, -1.024721, -1.024721, 303.397215, 0.100000, 0.001041, 0.000100, 0.001041, 0.000100, 0.000000, 0.000100, 303.397215, 10.000000, 293.150000, 10.000000, 0.000102, 10.000000, 0.000102, 0.000000, 0.000102, 10.000000, 303.397215, 303.397215, 30.916671, 30.247215, -1.024721, 0.539721, 0.000000, 0.000100, 0, 0
9.44, 0.000000, 303.194306, 0.000000, 0.000000, 0.000000, 16.000000, 0.000002, 0.000100, 0.000002, 0.000102, 30.319431, 0.001040, 303.194306, 0.500000, 0.000000, -0.000002, 0.004000, 303.194306, 4.166670, -1.004431, 303.194306, 0.000000, -1.004431, 10.000000, 0.000000, 0.000000, 0.100000, 0.000000, 298.000000, 0.000000, 0.000000, 303.194306, 0.000000, 0.000000, 304.150005, 2.000000, 100000.000000, 0.000100, 304.150005, 0.000102, 0.000000, 8.000000, 303.194306, 0.000100, 298.150000, 10.000000, 303.194306, 304.150005, 304.150005, 304.150005, 0.000002, 293.150000, 303.194306, 5000000.000000, 0.000000, 0.001040, 0.001040, 0.000000, 10.000000, 10.000000, 0.000002, 0.000002, 10.000000, 0.000002, 0.001040, 0.000000, 0.001040, 0.000000, 0.000000, 0.000000, 5000000.000000, 9.998960, 0.000100, 10.000000, 0.000100, 0.001040, 0.000100, 0.000000, 0.000010, 100000.000000, 10.401772, 0.001040, 0.000100, 10.000000, 0.000102, 293.150000, -1.004431, 0.000000, 293.150000, -10.044306, -1.004431, -1.004431, 303.194306, 0.100000, 0.001040, 0.000100, 0.001040, 0.000100, 0.000000, 0.000100, 303.194306, 10.000000, 293.150000, 10.000000, 0.000102, 10.000000, 0.000102, 0.000000, 0.000102, 10.000000, 303.194306, 303.194306, 31.000005, 30.044306, -1.004431, 0.519431, 0.000000, 0.000100, 0, 0
9.46, 0.000000, 304.592809, 0.000000, 0.000000, 0.000000, 16.000000, 0.000002, 0.956231, 0.000002, 0.956235, 30.459281, 9.999990, 304.592809, 0.500000, 0.000000, -0.000004, 0.004000, 304.592809, 4.166670, -1.144281, 304.592809, 0.000002, -1.144281, 10.000000, 0.000000, 9.562302, 0.100000, 0.000000, 298.000000, 0.000000, 1.000000, 304.592809, 1.000000, 0.000000, 304.233338, 2.000000, 100000.000000, 0.956231, 304.233338, 0.956235, 0.000000, 8.000000, 304.592809, 0.956233, 298.150000, 10.000000, 304.592809, 304.233338, 304.233338, 304.233338, 0.000002, 293.150000, 304.592809, 5000000.000000, 0.000002, 9.999990, 9.999990, 0.000002, 10.000000, 10.000000, 0.000002, 0.000002, 10.000000, 0.000002, 9.999990, 0.000002, 9.999990, 0.000002, 0.000000, 0.000002, 5000000.000000, 0.000010, 0.956233, 10.000000, 0.956233, 9.999990, 0.956233, 1.000000, 0.000010, 0.000010, 10.457712, 9.999990, 0.956231, 10.000000, 0.956235, 293.150000, -1.144281, 9.562302, 293.150000, -11.442809, -1.144281, -1.144281, 304.592809, 0.100000, 9.999990, 0.956231, 9.999990, 0.956231, 0.000000, 0.956231, 304.592809, 10.000000, 293.150000, 10.000000, 0.956235, 10.000000, 0.956235, 0.000000, 0.956235, 10.000000, 304.592809, 304.592809, 31.083338, 31.442809, 8.418022, 0.659281, 0.000000, 0.956233, 1, 1
9.48, 0.000000, 305.127529, 0.000000, 0.000000, 0.000000, 16.000000, 0.000002, 0.000100, 0.000002, 0.000102, 30.512753, 0.001048, 305.127529, 0.500000, 0.000000, -0.000002, 0.004000, 305.127529, 4.166670, -1.197753, 305.127529, 0.000000, -1.197753, 10.000000, 0.000000, 0.000000, 0.100000, 0.000000, 298.000000, 0.000000, 0.000000, 305.127529, 0.000000, 0.000000, 304.316672, 2.000000, 100000.000000, 0.000100, 304.316672, 0.000102, 0.000000, 8.000000, 305.127529, 0.000100, 298.150000, 10.000000, 305.127529, 304.316672, 304.316672, 304.316672, 0.000002, 293.150000, 305.127529, 5000000.000000, 0.000000, 0.001048, 0.001048, 0.000000, 10.000000, 10.000000, 0.000002, 0.000002, 10.000000, 0.000002, 0.001048, 0.000000, 0.001048, 0.000000, 0.000000, 0.000000, 5000000.000000, 9.998952, 0.000100, 10.000000, 0.000100, 0.001048, 0.000100, 0.000000, 0.000010, 100000.000000, 10.479101, 0.001048, 0.000100, 10.000000, 0.000102, 293.150000, -1.197753, 0.000000, 293.150000, -11.977529, -1.197753, -1.197753, 305.127529, 0.100000, 0.001048, 0.000100, 0.001048, 0.000100, 0.000000, 0.000100, 305.127529, 10.000000, 293.150000, 10.000000, 0.000102, 10.000000, 0.000102, 0.000000, 0.000102, 10.000000, 305.127529, 305.127529, 31.166672, 31.977529, -1.197753, 0.712753, 0.000000, 0.000100, 0, 0
9.5, 0.000000, 304.890358, 0.000000, 0.000000, 0.000000, 16.000000, 0.000002, 0.000100, 0.000002, 0.000102, 30.489036, 0.001047, 304.890358, 0.500000, 0.000000, -0.000002, 0.004000, 304.890358, 4.166670, -1.174036, 304.890358, 0.000000, -1.174036, 10.000000, 0.000000, 0.000000, 0.100000, 0.000000, 298.000000, 0.000000, 0.000000, 304.890358, 0.000000, 0.000000, 304.400005, 2.000000, 100000.000000, 0.000100, 304.400005, 0.000102, 0.000000, 8.000000, 304.890358, 0.000100, 298.150000, 10.000000, 304.890358, 304.400005, 304.400005, 304.400005, 0.000002, 293.150000, 304.890358, 5000000.000000, 0.000000, 0.001047, 0.001047, 0.000000, 10.000000, 10.000000, 0.000002, 0.000002, 10.000000, 0.000002, 0.001047, 0.000000, 0.001047, 0.000000, 0.000000, 0.000000, 5000000.000000, 9.998953, 0.000100, 10.000000, 0.000100, 0.001047, 0.000100, 0.000000, 0.000010, 100000.000000, 10.469614, 0.001047, 0.000100, 10.000000, 0.000102, 293.150000, -1.174036, 0.000000, 293.150000, -11.740358, -1.174036, -1.174036, 304.890358, 0.100000, 0.001047, 0.000100, 0.001047, 0.000100, 0.000000, 0.000100, 304.890358, 10.000000, 293.150000, 10.000000, 0.000102, 10.000000, 0.000102, 0.000000, 0.000102, 10.000000, 304.890358, 304.890358, 31.250005, 31.740358, -1.174036, 0.689036, 0.000000, 0.000100, 0, 0
9.52, 0.000000, 304.657883, 0.000000, 0.000000, 0.000000, 16.000000, 0.000002, 0.000100, 0.000002, 0.000102, 30.465788, 0.001046, 304.657883, 0.500000, 0.000000, -0.000002, 0.004000, 304.657883, 4.166670, -1.150788, 304.657883, 0.000000, -1.150788, 10.000000, 0.000000, 0.000000, 0.100000, 0.000000, 298.000000, 0.000000, 0.000000, 304.657883, 0.000000, 0.000000, 304.483338, 2.000000, 100000.000000, 0.000100, 304.483338, 0.000102, 0.000000, 8.000000, 304.657883, 0.000100, 298.150000, 10.000000, 304.657883, 304.483338, 304.483338, 304.483338, 0.000002, 293.150000, 304.657883, 5000000.000000, 0.000000, 0.001046, 0.001046, 0.000000, 10.000000, 10.000000, 0.000002, 0.000002, 10.000000, 0.000002, 0.001046, 0.000000, 0.001046, 0.000000, 0.000000, 0.000000, 5000000.000000, 9.998954, 0.000100, 10.000000, 0.000100, 0.001046, 0.000100, 0.000000, 0.000010, 100000.000000, 10.460315, 0.001046, 0.000100, 10.000000, 0.000102, 293.150000, -1.150788, 0.000000, 293.150000, -11.507883, -1.150788, -1.150788, 304.657883, 0.100000, 0.001046, 0.000100, 0.001046, 0.000100, 0.000000, 0.000100, 304.657883, 10.000000, 293.150000, 10.000000, 0.000102, 10.000000, 0.000102, 0.000000, 0.000102, 10.000000, 304.657883, 304.657883, 31.333338, 31.507883, -1.150788, 0.665788, 0.000000, 0.000100, 0, 0
9.54, 0.000000, 304.430012, 0.000000, 0.000000, 0.000000, 16.000000, 0.000002, 0.000100, 0.000002, 0.000102, 30.443001, 0.001045, 304.430012, 0.500000, 0.000000, -0.000002, 0.004000, 304.430012, 4.166670, -1.128001, 304.430012, 0.000000, -1.128001, 10.000000, 0.000000, 0.000000, 0.100000, 0.000000, 298.000000, 0.000000, 0.000000, 304.430012, 0.000000, 0.000000, 304.566672, 2.000000, 100000.000000, 0.000100, 304.566672, 0.000102, 0.000000, 8.000000, 304.430012, 0.000100, 298.150000, 10.000000, 304.430012, 304.566672, 304.566672, 304.566672, 0.000002, 293.150000, 304.430012, 5000000.000000, 0.000000, 0.001045, 0.001045, 0.000000, 10.000000, 10.000000, 0.000002, 0.000002, 10.000000, 0.000002, 0.001045, 0.000000, 0.001045, 0.000000, 0.000000, 0.000000, 5000000.000000, 9.998955, 0.000100, 10.000000, 0.000100, 0.001045, 0.000100, 0.000000, 0.000010, 100000.000000, 10.451200, 0.001045, 0.000100, 10.000000, 0.000102, 293.150000, -1.128001, 0.000000, 293.150000, -11.280012, -1.128001, -1.128001, 304.430012, 0.100000, 0.001045, 0.000100, 0.001045, 0.000100, 0.000000, 0.000100, 304.430012, 10.000000, 293.150000, 10.000000, 0.000102, 10.000000, 0.000102, 0.000000, 0.000102, 10.000000, 304.430012, 304.430012, 31.416672, 31.280012, -1.128001, 0.643001, 0.000000, 0.000100, 0, 0
9.56, 0.000000, 304.206652, 0.000000, 0.000000, 0.000000, 16.000000, 0.000002, 0.000100, 0.000002, 0.000102, 30.420665, 0.001044, 304.206652, 0.500000, 0.000000, -0.000002, 0.004000, 304.206652, 4.166670, -1.105665, 304.206652, 0.000000, -1.105665, 10.000000, 0.000000, 0.000000, 0.100000, 0.000000, 298.000000, 0.000000, 0.000000, 304.206652, 0.000000, 0.000000, 304.650005, 2.000000, 100000.000000, 0.000100, 304.650005, 0.000102, 0.000000, 8.000000, 304.206652, 0.000100, 298.150000, 10.000000, 304.206652, 304.650005, 304.650005, 304.650005, 0.000002, 293.150000, 304.206652, 5000000.000000, 0.000000, 0.001044, 0.001044, 0.000000, 10.000000, 10.000000, 0.000002, 0.000002, 10.000000, 0.000002, 0.001044, 0.000000, 0.001044, 0.000000, 0.000000, 0.000000, 5000000.000000, 9.998956, 0.000100, 10.000000, 0.000100, 0.001044, 0.000100, 0.000000, 0.000010, 100000.000000, 10.442266, 0.001044, 0.000100, 10.000000, 0.000102, 293.150000, -1.105665, 0.000000, 293.150000, -11.056652, -1.105665, -1.105665, 304.206652, 0.100000, 0.001044, 0.000100, 0.001044, 0.000100, 0.000000, 0.000100, 304.206652, 10.000000, 293.150000, 10.000000, 0.000102, 10.000000, 0.000102, 0.000000, 0.000102, 10.000000, 304.206652, 304.206652, 31.500005, 31.056652, -1.105665, 0.620665, 0.000000, 0.000100, 0, 0
9.58, 0.000000, 303.987716, 0.000000, 0.000000, 0.000000, 16.000000, 0.000002, 0.000100, 0.000002, 0.000102, 30.398772, 0.001043, 303.987716, 0.500000, 0.000000, -0.000002, 0.004000, 303.987716, 4.166670, -1.083772, 303.987716, 0.000000, -1.083772, 10.000000, 0.000000, 0.000000, 0.100000, 0.000000, 298.000000, 0.000000, 0.000000, 303.987716, 0.000000, 0.000000, 304.733339, 2.000000, 100000.000000, 0.000100, 304.733339, 0.000102, 0.000000, 8.000000, 303.987716, 0.000100, 298.150000, 10.000000, 303.987716, 304.733339, 304.733339, 304.733339, 0.000002, 293.150000, 303.987716, 5000000.000000, 0.000000, 0.001043, 0.001043, 0.000000, 10.000000, 10.000000, 0.000002, 0.000002, 10.000000, 0.000002, 0.001043, 0.000000, 0.001043, 0.000000, 0.000000, 0.000000, 5000000.000000, 9.998957, 0.000100, 10.000000, 0.000100, 0.001043, 0.000100, 0.000000, 0.000010, 100000.000000, 10.433509, 0.001043, 0.000100, 10.000000, 0.000102, 293.150000, -1.083772, 0.000000, 293.150000, -10.837716, -1.083772, -1.083772, 303.987716, 0.100000, 0.001043, 0.000100, 0.001043, 0.000100, 0.000000, 0.000100, 303.987716, 10.000000, 293.150000, 10.000000, 0.000102, 10.000000, 0.000102, 0.000000, 0.000102, 10.000000, 303.987716, 303.987716, 31.583339, 30.837716, -1.083772, 0.598772, 0.000000, 0.000100, 0, 0
9.6, 0.000000, 304.050727, 0.000000, 0.000000, 0.000000, 16.000000, 0.000002, 0.958218, 0.000002, 0.958222, 30.405073, 9.999990, 304.050727, 0.500000, 0.000000, -0.000004, 0.004000, 304.050727, 4.166670, -1.090073, 304.050727, 0.000002, -1.090073, 10.000000, 0.000000, 9.582170, 0.100000, 0.000000, 298.000000, 0.000000, 1.000000, 304.050727, 1.000000, 0.000000, 304.816672, 2.000000, 100000.000000, 0.958218, 304.816672, 0.958222, 0.000000, 8.000000, 304.050727, 0.958220, 298.150000, 10.000000, 304.050727, 304.816672, 304.816672, 304.816672, 0.000002, 293.150000, 304.050727, 5000000.000000, 0.000002, 9.999990, 9.999990, 0.000002, 10.000000, 10.000000, 0.000002, 0.000002, 10.000000, 0.000002, 9.999990, 0.000002, 9.999990, 0.000002, 0.000000, 0.000002, 5000000.000000, 0.000010, 0.958220, 10.000000, 0.958220, 9.999990, 0.958220, 1.000000, 0.000010, 0.000010, 10.436029, 9.999990, 0.958218, 10.000000, 0.958222, 293.150000, -1.090073, 9.582170, 293.150000, -10.900727, -1.090073, -1.090073, 304.050727, 0.100000, 9.999990, 0.958218, 9.999990, 0.958218, 0.000000, 0.958218, 304.050727, 10.000000, 293.150000, 10.000000, 0.958222, 10.000000, 0.958222, 0.000000, 0.958222, 10.000000, 304.050727, 304.050727, 31.666672, 30.900727, 8.492098, 0.605073, 0.000000, 0.958220, 1, 1
9.62, 0.000000, 305.726161, 0.000000, 0.000000, 0.000000, 16.000000, 0.000002, 0.952104, 0.000002, 0.952108, 30.572616, 9.999990, 305.726161, 0.500000, 0.000000, -0.000004, 0.004000, 305.726161, 4.166670, -1.257616, 305.726161, 0.000002, -1.257616, 10.000000, 0.000000, 9.521029, 0.100000, 0.000000, 298.000000, 0.000000, 1.000000, 305.726161, 1.000000, 0.000000, 304.900005, 2.000000, 100000.000000, 0.952104, 304.900005, 0.952108, 0.000000, 8.000000, 305.726161, 0.952106, 298.150000, 10.000000, 305.726161, 304.900005, 304.900005, 304.900005, 0.000002, 293.150000, 305.726161, 5000000.000000, 0.000002, 9.999990, 9.999990, 0.000002, 10.000000, 10.000000, 0.000002, 0.000002, 10.000000, 0.000002, 9.999990, 0.000002, 9.999990, 0.000002, 0.000000, 0.000002, 5000000.000000, 0.000010, 0.952106, 10.000000, 0.952106, 9.999990, 0.952106, 1.000000, 0.000010, 0.000010, 10.503046, 9.999990, 0.952104, 10.000000, 0.952108, 293.150000, -1.257616, 9.521029, 293.150000, -12.576161, -1.257616, -1.257616, 305.726161, 0.100000, 9.999990, 0.952104, 9.999990, 0.952104, 0.000000, 0.952104, 305.726161, 10.000000, 293.150000, 10.000000, 0.952108, 10.000000, 0.952108, 0.000000, 0.952108, 10.000000, 305.726161, 305.726161, 31.750005, 32.576161, 8.263413, 0.772616, 0.000000, 0.952106, 1, 1
9.64, 0.000000, 305.691953, 0.000000, 0.000000, 0.000000, 16.000000, 0.000002, 0.000100, 0.000002, 0.000102, 30.569195, 0.001050, 305.691953, 0.500000, 0.000000, -0.000002, 0.004000, 305.691953, 4.166670, -1.254195, 305.691953, 0.000000, -1.254195, 10.000000, 0.000000, 0.000000, 0.100000, 0.000000, 298.000000, 0.000000, 0.000000, 305.691953, 0.000000, 0.000000, 304.983339, 2.000000, 100000.000000, 0.000100, 304.983339, 0.000102, 0.000000, 8.000000, 305.691953, 0.000100, 298.150000, 10.000000, 305.691953, 304.983339, 304.983339, 304.983339, 0.000002, 293.150000, 305.691953, 5000000.000000, 0.000000, 0.001050, 0.001050, 0.000000, 10.000000, 10.000000, 0.000002, 0.000002, 10.000000, 0.000002, 0.001050, 0.000000, 0.001050, 0.000000, 0.000000, 0.000000, 5000000.000000, 9.998950, 0.000100, 10.000000, 0.000100, 0.001050, 0.000100, 0.000000, 0.000010, 100000.000000, 10.501678, 0.001050, 0.000100, 10.000000, 0.000102, 293.150000, -1.254195, 0.000000, 293.150000, -12.541953, -1.254195, -1.254195, 305.691953, 0.100000, 0.001050, 0.000100, 0.001050, 0.000100, 0.000000, 0.000100, 305.691953, 10.000000, 293.150000, 10.000000, 0.000102, 10.000000, 0.000102, 0.000000, 0.000102, 10.000000, 305.691953, 305.691953, 31.833339, 32.541953, -1.254195, 0.769195, 0.000000, 0.000100, 0, 0
9.66, 0.000000, 305.443605, 0.000000, 0.000000, 0.000000, 16.000000, 0.000002, 0.000100, 0.000002, 0.000102, 30.544361, 0.001049, 305.443605, 0.500000, 0.000000, -0.000002, 0.004000, 305.443605, 4.166670, -1.229361, 305.443605, 0.000000, -1.229361, 10.000000, 0.000000, 0.000000, 0.100000, 0.000000, 298.000000, 0.000000, 0.000000, 305.443605, 0.000000, 0.000000, 305.066672, 2.000000, 100000.000000, 0.000100, 305.066672, 0.000102, 0.000000, 8.000000, 305.443605, 0.000100, 298.150000, 10.000000, 305.443605, 305.066672, 305.066672, 305.066672, 0.000002, 293.150000, 305.443605, 5000000.000000, 0.000000, 0.001049, 0.001049, 0.000000, 10.000000, 10.000000, 0.000002, 0.000002, 10.000000, 0.000002, 0.001049, 0.000000, 0.001049, 0.000000, 0.000000, 0.000000, 5000000.000000, 9.998951, 0.000100, 10.000000, 0.000100, 0.001049, 0.000100, 0.000000, 0.000010, 100000.000000, 10.491744, 0.001049, 0.000100, 10.000000, 0.000102, 293.150000, -1.229361, 0.000000, 293.150000, -12.293605, -1.229361, -1.229361, 305.443605, 0.100000, 0.001049, 0.000100, 0.001049, 0.000100, 0.000000, 0.000100, 305.443605, 10.000000, 293.150000, 10.000000, 0.000102, 10.000000, 0.000102, 0.000000, 0.000102, 10.000000, 305.443605, 305.443605, 31.916672, 32.293605, -1.229360, 0.744361, 0.000000, 0.000100, 0, 0
9.68, 0.000000, 305.200176, 0.000000, 0.000000, 0.000000, 16.000000, 0.000002, 0.000100, 0.000002, 0.000102, 30.520018, 0.001048, 305.200176, 0.500000, 0.000000, -0.000002, 0.004000, 305.200176, 4.166670, -1.205018, 305.200176, 0.000000, -1.205018, 10.000000, 0.000000, 0.000000, 0.100000, 0.000000, 298.000000, 0.000000, 0.000000, 305.200176, 0.000000, 0.000000, 305.150006, 2.000000, 100000.000000, 0.000100, 305.150006, 0.000102, 0.000000, 8.000000, 305.200176, 0.000100, 298.150000, 10.000000, 305.200176, 305.150006, 305.150006, 305.150006, 0.000002, 293.150000, 305.200176, 5000000.000000, 0.000000, 0.001048, 0.001048, 0.000000, 10.000000, 10.000000, 0.000002, 0.000002, 10.000000, 0.000002, 0.001048, 0.000000, 0.001048, 0.000000, 0.000000, 0.000000, 5000000.000000, 9.998952, 0.000100, 10.000000, 0.000100, 0.001048, 0.000100, 0.000000, 0.000010, 100000.000000, 10.482007, 0.001048, 0.000100, 10.000000, 0.000102, 293.150000, -1.205018, 0.000000, 293.150000, -12.050176, -1.205018, -1.205018, 305.200176, 0.100000, 0.001048, 0.000100, 0.001048, 0.000100, 0.000000, 0.000100, 305.200176, 10.000000, 293.150000, 10.000000, 0.000102, 10.000000, 0.000102, 0.000000, 0.000102, 10.000000, 305.200176, 305.200176, 32.000006, 32.050176, -1.205017, 0.720018, 0.000000, 0.000100, 0, 0
9.7, 0.000000, 304.961566, 0.000000, 0.000000, 0.000000, 16.000000, 0.000002, 0.000100, 0.000002, 0.000102, 30.496157, 0.001047, 304.961566, 0.500000, 0.000000, -0.000002, 0.004000, 304.961566, 4.166670, -1.181157, 304.961566, 0.000000, -1.181157, 10.000000, 0.000000, 0.000000, 0.100000, 0.000000, 298.000000, 0.000000, 0.000000, 304.961566, 0.000000, 0.000000, 305.233339, 2.000000, 100000.000000, 0.000100, 305.233339, 0.000102, 0.000000, 8.000000, 304.961566, 0.000100, 298.150000, 10.000000, 304.961566, 305.233339, 305.233339, 305.233339, 0.000002, 293.150000, 304.961566, 5000000.000000, 0.000000, 0.001047, 0.001047, 0.000000, 10.000000, 10.000000, 0.000002, 0.000002, 10.000000, 0.000002, 0.001047, 0.000000, 0.001047, 0.000000, 0.000000, 0.000000, 5000000.000000, 9.998953, 0.000100, 10.000000, 0.000100, 0.001047, 0.000100, 0.000000, 0.000010, 100000.000000, 10.472463, 0.001047, 0.000100, 10.000000, 0.000102, 293.150000, -1.181157, 0.000000, 293.150000, -11.811566, -1.181157, -1.181157, 304.961566, 0.100000, 0.001047, 0.000100, 0.001047, 0.000100, 0.000000, 0.000100, 304.961566, 10.000000, 293.150000, 10.000000, 0.000102, 10.000000, 0.000102, 0.000000, 0.000102, 10.000000, 304.961566, 304.961566, 32.083339, 31.811566, -1.181157, 0.696157, 0.000000, 0.000100, 0, 0
9.72, 0.000000, 304.727682, 0.000000, 0.000000, 0.000000, 16.000000, 0.000002, 0.000100, 0.000002, 0.000102, 30.472768, 0.001046, 304.727682, 0.500000, 0.000000, -0.000002, 0.004000, 304.727682, 4.166670, -1.157768, 304.727682, 0.000000, -1.157768, 10.000000, 0.000000, 0.000000, 0.100000, 0.000000, 298.000000, 0.000000, 0.000000, 304.727682, 0.000000, 0.000000, 305.316672, 2.000000, 100000.000000, 0.000100, 305.316672, 0.000102, 0.000000, 8.000000, 304.727682, 0.000100, 298.150000, 10.000000, 304.727682, 305.316672, 305.316672, 305.316672, 0.000002, 293.150000, 304.727682, 5000000.000000, 0.000000, 0.001046, 0.001046, 0.000000, 10.000000, 10.000000, 0.000002, 0.000002, 10.000000, 0.000002, 0.001046, 0.000000, 0.001046, 0.000000, 0.000000, 0.000000, 5000000.000000, 9.998954, 0.000100, 10.000000, 0.000100, 0.001046, 0.000100, 0.000000, 0.000010, 100000.000000, 10.463107, 0.001046, 0.000100, 10.000000, 0.000102, 293.150000, -1.157768, 0.000000, 293.150000, -11.577682, -1.157768, -1.157768, 304.727682, 0.100000, 0.001046, 0.000100, 0.001046, 0.000100, 0.000000, 0.000100, 304.727682, 10.000000, 293.150000, 10.000000, 0.000102, 10.000000, 0.000102, 0.000000, 0.000102, 10.000000, 304.727682, 304.727682, 32.166672, 31.577682, -1.157768, 0.672768, 0.000000, 0.000100, 0, 0
9.74, 0.000000, 304.498428, 0.000000, 0.000000, 0.000000, 16.000000, 0.000002, 0.000100, 0.000002, 0.000102, 30.449843, 0.001045, 304.498428, 0.500000, 0.000000, -0.000002, 0.004000, 304.498428, 4.166670, -1.134843, 304.498428, 0.000000, -1.134843, 10.000000, 0.000000, 0.000000, 0.100000, 0.000000, 298.000000, 0.000000, 0.000000, 304.498428, 0.000000, 0.000000, 305.400006, 2.000000, 100000.000000, 0.000100, 305.400006, 0.000102, 0.000000, 8.000000, 304.498428, 0.000100, 298.150000, 10.000000, 304.498428, 305.400006, 305.400006, 305.400006, 0.000002, 293.150000, 304.498428, 5000000.000000, 0.000000, 0.001045, 0.001045, 0.000000, 10.000000, 10.000000, 0.000002, 0.000002, 10.000000, 0.000002, 0.001045, 0.000000, 0.001045, 0.000000, 0.000000, 0.000000, 5000000.000000, 9.998955, 0.000100, 10.000000, 0.000100, 0.001045, 0.000100, 0.000000, 0.000010, 100000.000000, 10.453937, 0.001045, 0.000100, 10.000000, 0.000102, 293.150000, -1.134843, 0.000000, 293.150000, -11.348428, -1.134843, -1.134843, 304.498428, 0.100000, 0.001045, 0.000100, 0.001045, 0.000100, 0.000000, 0.000100, 304.498428, 10.000000, 293.150000, 10.000000, 0.000102, 10.000000, 0.000102, 0.000000, 0.000102, 10.000000, 304.498428, 304.498428, 32.250006, 31.348428, -1.134843, 0.649843, 0.000000, 0.000100, 0, 0
9.76, 0.000000, 305.563389, 0.000000, 0.000000, 0.000000, 16.000000, 0.000002, 0.952694, 0.000002, 0.952698, 30.556339, 9.999990, 305.563389, 0.500000, 0.000000, -0.000004, 0.004000, 305.563389, 4.166670, -1.241339, 305.563389, 0.000002, -1.241339, 10.000000, 0.000000, 9.526935, 0.100000, 0.000000, 298.000000, 0.000000, 1.000000, 305.563389, 1.000000, 0.000000, 305.483339, 2.000000, 100000.000000, 0.952694, 305.483339, 0.952698, 0.000000, 8.000000, 305.563389, 0.952696, 298.150000, 10.000000, 305.563389, 305.483339, 305.483339, 305.483339, 0.000002, 293.150000, 305.563389, 5000000.000000, 0.000002, 9.999990, 9.999990, 0.000002, 10.000000, 10.000000, 0.000002, 0.000002, 10.000000, 0.000002, 9.999990, 0.000002, 9.999990, 0.000002, 0.000000, 0.000002, 5000000.000000, 0.000010, 0.952696, 10.000000, 0.952696, 9.999990, 0.952696, 1.000000, 0.000010, 0.000010, 10.496536, 9.999990, 0.952694, 10.000000, 0.952698, 293.150000, -1.241339, 9.526935, 293.150000, -12.413389, -1.241339, -1.241339, 305.563389, 0.100000, 9.999990, 0.952694, 9.999990, 0.952694, 0.000000, 0.952694, 305.563389, 10.000000, 293.150000, 10.000000, 0.952698, 10.000000, 0.952698, 0.000000, 0.952698, 10.000000, 305.563389, 305.563389, 32.333339, 32.413389, 8.285596, 0.756339, 0.000000, 0.952696, 1, 1
9.78, 0.000000, 306.423979, 0.000000, 0.000000, 0.000000, 16.000000, 0.000002, 0.000100, 0.000002, 0.000102, 30.642398, 0.001053, 306.423979, 0.500000, 0.000000, -0.000002, 0.004000, 306.423979, 4.166670, -1.327398, 306.423979, 0.000000, -1.327398, 10.000000, 0.000000, 0.000000, 0.100000, 0.000000, 298.000000, 0.000000, 0.000000, 306.423979, 0.000000, 0.000000, 305.566673, 2.000000, 100000.000000, 0.000100, 305.566673, 0.000102, 0.000000, 8.000000, 306.423979, 0.000100, 298.150000, 10.000000, 306.423979, 305.566673, 305.566673, 305.566673, 0.000002, 293.150000, 306.423979, 5000000.000000, 0.000000, 0.001053, 0.001053, 0.000000, 10.000000, 10.000000, 0.000002, 0.000002, 10.000000, 0.000002, 0.001053, 0.000000, 0.001053, 0.000000, 0.000000, 0.000000, 5000000.000000, 9.998947, 0.000100, 10.000000, 0.000100, 0.001053, 0.000100, 0.000000, 0.000010, 100000.000000, 10.530959, 0.001053, 0.000100, 10.000000, 0.000102, 293.150000, -1.327398, 0.000000, 293.150000, -13.273979, -1.327398, -1.327398, 306.423979, 0.100000, 0.001053, 0.000100, 0.001053, 0.000100, 0.000000, 0.000100, 306.423979, 10.000000, 293.150000, 10.000000, 0.000102, 10.000000, 0.000102, 0.000000, 0.000102, 10.000000, 306.423979, 306.423979, 32.416673, 33.273979, -1.327398, 0.842398, 0.000000, 0.000100, 0, 0
9.8, 0.000000, 306.161137, 0.000000, 0.000000, 0.000000, 16.000000, 0.000002, 0.000100, 0.000002, 0.000102, 30.616114, 0.001052, 306.161137, 0.500000, 0.000000, -0.000002, 0.004000, 306.161137, 4.166670, -1.301114, 306.161137, 0.000000, -1.301114, 10.000000, 0.000000, 0.000000, 0.100000, 0.000000, 298.000000, 0.000000, 0.000000, 306.161137, 0.000000, 0.000000, 305.650006, 2.000000, 100000.000000, 0.000100, 305.650006, 0.000102, 0.000000, 8.000000, 306.161137, 0.000100, 298.150000, 10.000000, 306.161137, 305.650006, 305.650006, 305.650006, 0.000002, 293.150000, 306.161137, 5000000.000000, 0.000000, 0.001052, 0.001052, 0.000000, 10.000000, 10.000000, 0.000002, 0.000002, 10.000000, 0.000002, 0.001052, 0.000000, 0.001052, 0.000000, 0.000000, 0.000000, 5000000.000000, 9.998948, 0.000100, 10.000000, 0.000100, 0.001052, 0.000100, 0.000000, 0.000010, 100000.000000, 10.520445, 0.001052, 0.000100, 10.000000, 0.000102, 293.150000, -1.301114, 0.000000, 293.150000, -13.011137, -1.301114, -1.301114, 306.161137, 0.100000, 0.001052, 0.000100, 0.001052, 0.000100, 0.000000, 0.000100, 306.161137, 10.000000, 293.150000, 10.000000, 0.000102, 10.000000, 0.000102, 0.000000, 0.000102, 10.000000, 306.161137, 306.161137, 32.500006, 33.011137, -1.301114, 0.816114, 0.000000, 0.000100, 0, 0
9.82, 0.000000, 305.903499, 0.000000, 0.000000, 0.000000, 16.000000, 0.000002, 0.000100, 0.000002, 0.000102, 30.590350, 0.001051, 305.903499, 0.500000, 0.000000, -0.000002, 0.004000, 305.903499, 4.166670, -1.275350, 305.903499, 0.000000, -1.275350, 10.000000, 0.000000, 0.000000, 0.100000, 0.000000, 298.000000, 0.000000, 0.000000, 305.903499, 0.000000, 0.000000, 305.733339, 2.000000, 100000.000000, 0.000100, 305.733339, 0.000102, 0.000000, 8.000000, 305.903499, 0.000100, 298.150000, 10.000000, 305.903499, 305.733339, 305.733339, 305.733339, 0.000002, 293.150000, 305.903499, 5000000.000000, 0.000000, 0.001051, 0.001051, 0.000000, 10.000000, 10.000000, 0.000002, 0.000002, 10.000000, 0.000002, 0.001051, 0.000000, 0.001051, 0.000000, 0.000000, 0.000000, 5000000.000000, 9.998949, 0.000100, 10.000000, 0.000100, 0.001051, 0.000100, 0.000000, 0.000010, 100000.000000, 10.510140, 0.001051, 0.000100, 10.000000, 0.000102, 293.150000, -1.275350, 0.000000, 293.150000, -12.753499, -1.275350, -1.275350, 305.903499, 0.100000, 0.001051, 0.000100, 0.001051, 0.000100, 0.000000, 0.000100, 305.903499, 10.000000, 293.150000, 10.000000, 0.000102, 10.000000, 0.000102, 0.000000, 0.000102, 10.000000, 305.903499, 305.903499, 32.583339, 32.753499, -1.275350, 0.790350, 0.000000, 0.000100, 0, 0
9.84, 0.000000, 305.650963, 0.000000, 0.000000, 0.000000, 16.000000, 0.000002, 0.000100, 0.000002, 0.000102, 30.565096, 0.001050, 305.650963, 0.500000, 0.000000, -0.000002, 0.004000, 305.650963, 4.166670, -1.250096, 305.650963, 0.000000, -1.250096, 10.000000, 0.000000, 0.000000, 0.100000, 0.000000, 298.000000, 0.000000, 0.000000, 305.650963, 0.000000, 0.000000, 305.816673, 2.000000, 100000.000000, 0.000100, 305.816673, 0.000102, 0.000000, 8.000000, 305.650963, 0.000100, 298.150000, 10.000000, 305.650963, 305.816673, 305.816673, 305.816673, 0.000002, 293.150000, 305.650963, 5000000.000000, 0.000000, 0.001050, 0.001050, 0.000000, 10.000000, 10.000000, 0.000002, 0.000002, 10.000000, 0.000002, 0.001050, 0.000000, 0.001050, 0.000000, 0.000000, 0.000000, 5000000.000000, 9.998950, 0.000100, 10.000000, 0.000100, 0.001050, 0.000100, 0.000000, 0.000010, 100000.000000, 10.500039, 0.001050, 0.000100, 10.000000, 0.000102, 293.150000, -1.250096, 0.000000, 293.150000, -12.500963, -1.250096, -1.250096, 305.650963, 0.100000, 0.001050, 0.000100, 0.001050, 0.000100, 0.000000, 0.000100, 305.650963, 10.000000, 293.150000, 10.000000, 0.000102, 10.000000, 0.000102, 0.000000, 0.000102, 10.000000, 305.650963, 305.650963, 32.666673, 32.500963, -1.250096, 0.765096, 0.000000, 0.000100, 0, 0
9.86, 0.000000, 305.403427, 0.000000, 0.000000, 0.000000, 16.000000, 0.000002, 0.000100, 0.000002, 0.000102, 30.540343, 0.001049, 305.403427, 0.500000, 0.000000, -0.000002, 0.004000, 305.403427, 4.166670, -1.225343, 305.403427, 0.000000, -1.225343, 10.000000, 0.000000, 0.000000, 0.100000, 0.000000, 298.000000, 0.000000, 0.000000, 305.403427, 0.000000, 0.000000, 305.900006, 2.000000, 100000.000000, 0.000100, 305.900006, 0.000102, 0.000000, 8.000000, 305.403427, 0.000100, 298.150000, 10.000000, 305.403427, 305.900006, 305.900006, 305.900006, 0.000002, 293.150000, 305.403427, 5000000.000000, 0.000000, 0.001049, 0.001049, 0.000000, 10.000000, 10.000000, 0.000002, 0.000002, 10.000000, 0.000002, 0.001049, 0.000000, 0.001049, 0.000000, 0.000000, 0.000000, 5000000.000000, 9.998951, 0.000100, 10.000000, 0.000100, 0.001049, 0.000100, 0.000000, 0.000010, 100000.000000, 10.490137, 0.001049, 0.000100, 10.000000, 0.000102, 293.150000, -1.225343, 0.000000, 293.150000, -12.253427, -1.225343, -1.225343, 305.403427, 0.100000, 0.001049, 0.000100, 0.001049, 0.000100, 0.000000, 0.000100, 305.403427, 10.000000, 293.150000, 10.000000, 0.000102, 10.000000, 0.000102, 0.000000, 0.000102, 10.000000, 305.403427, 305.403427, 32.750006, 32.253427, -1.225343, 0.740343, 0.000000, 0.000100, 0, 0
9.88, 0.000000, 305.160793, 0.000000, 0.000000, 0.000000, 16.000000, 0.000002, 0.000100, 0.000002, 0.000102, 30.516079, 0.001048, 305.160793, 0.500000, 0.000000, -0.000002, 0.004000, 305.160793, 4.166670, -1.201079, 305.160793, 0.000000, -1.201079, 10.000000, 0.000000, 0.000000, 0.100000, 0.000000, 298.000000, 0.000000, 0.000000, 305.160793, 0.000000, 0.000000, 305.983340, 2.000000, 100000.000000, 0.000100, 305.983340, 0.000102, 0.000000, 8.000000, 305.160793, 0.000100, 298.150000, 10.000000, 305.160793, 305.983340, 305.983340, 305.983340, 0.000002, 293.150000, 305.160793, 5000000.000000, 0.000000, 0.001048, 0.001048, 0.000000, 10.000000, 10.000000, 0.000002, 0.000002, 10.000000, 0.000002, 0.001048, 0.000000, 0.001048, 0.000000, 0.000000, 0.000000, 5000000.000000, 9.998952, 0.000100, 10.000000, 0.000100, 0.001048, 0.000100, 0.000000, 0.000010, 100000.000000, 10.480432, 0.001048, 0.000100, 10.000000, 0.000102, 293.150000, -1.201079, 0.000000, 293.150000, -12.010793, -1.201079, -1.201079, 305.160793, 0.100000, 0.001048, 0.000100, 0.001048, 0.000100, 0.000000, 0.000100, 305.160793, 10.000000, 293.150000, 10.000000, 0.000102, 10.000000, 0.000102, 0.000000, 0.000102, 10.000000, 305.160793, 305.160793, 32.833340, 32.010793, -1.201079, 0.716079, 0.000000, 0.000100, 0, 0
9.9, 0.000000, 305.767628, 0.000000, 0.000000, 0.000000, 16.000000, 0.000002, 0.951953, 0.000002, 0.951957, 30.576763, 9.999990, 305.767628, 0.500000, 0.000000, -0.000004, 0.004000, 305.767628, 4.166670, -1.261763, 305.767628, 0.000002, -1.261763, 10.000000, 0.000000, 9.519526, 0.100000, 0.000000, 298.000000, 0.000000, 1.000000, 305.767628, 1.000000, 0.000000, 306.066673, 2.000000, 100000.000000, 0.951953, 306.066673, 0.951957, 0.000000, 8.000000, 305.767628, 0.951955, 298.150000, 10.000000, 305.767628, 306.066673, 306.066673, 306.066673, 0.000002, 293.150000, 305.767628, 5000000.000000, 0.000002, 9.999990, 9.999990, 0.000002, 10.000000, 10.000000, 0.000002, 0.000002, 10.000000, 0.000002, 9.999990, 0.000002, 9.999990, 0.000002, 0.000000, 0.000002, 5000000.000000, 0.000010, 0.951955, 10.000000, 0.951955, 9.999990, 0.951955, 1.000000, 0.000010, 0.000010, 10.504705, 9.999990, 0.951953, 10.000000, 0.951957, 293.150000, -1.261763, 9.519526, 293.150000, -12.617628, -1.261763, -1.261763, 305.767628, 0.100000, 9.999990, 0.951953, 9.999990, 0.951953, 0.000000, 0.951953, 305.767628, 10.000000, 293.150000, 10.000000, 0.951957, 10.000000, 0.951957, 0.000000, 0.951957, 10.000000, 305.767628, 305.767628, 32.916673, 32.617628, 8.257763, 0.776763, 0.000000, 0.951955, 1, 1
9.92, 0.000000, 307.094496, 0.000000, 0.000000, 0.000000, 16.000000, 0.000002, 0.000100, 0.000002, 0.000102, 30.709450, 0.001056, 307.094496, 0.500000, 0.000000, -0.000002, 0.004000, 307.094496, 4.166670, -1.394450, 307.094496, 0.000000, -1.394450, 10.000000, 0.000000, 0.000000, 0.100000, 0.000000, 298.000000, 0.000000, 0.000000, 307.094496, 0.000000, 0.000000, 306.150006, 2.000000, 100000.000000, 0.000100, 306.150006, 0.000102, 0.000000, 8.000000, 307.094496, 0.000100, 298.150000, 10.000000, 307.094496, 306.150006, 306.150006, 306.150006, 0.000002, 293.150000, 307.094496, 5000000.000000, 0.000000, 0.001056, 0.001056, 0.000000, 10.000000, 10.000000, 0.000002, 0.000002, 10.000000, 0.000002, 0.001056, 0.000000, 0.001056, 0.000000, 0.000000, 0.000000, 5000000.000000, 9.998944, 0.000100, 10.000000, 0.000100, 0.001056, 0.000100, 0.000000, 0.000010, 100000.000000, 10.557780, 0.001056, 0.000100, 10.000000, 0.000102, 293.150000, -1.394450, 0.000000, 293.150000, -13.944496, -1.394450, -1.394450, 307.094496, 0.100000, 0.001056, 0.000100, 0.001056, 0.000100, 0.000000, 0.000100, 307.094496, 10.000000, 293.150000, 10.000000, 0.000102, 10.000000, 0.000102, 0.000000, 0.000102, 10.000000, 307.094496, 307.094496, 33.000006, 33.944496, -1.394449, 0.909450, 0.000000, 0.000100, 0, 0
9.94, 0.000000, 306.818376, 0.000000, 0.000000, 0.000000, 16.000000, 0.000002, 0.000100, 0.000002, 0.000102, 30.681838, 0.001055, 306.818376, 0.500000, 0.000000, -0.000002, 0.004000, 306.818376, 4.166670, -1.366838, 306.818376, 0.000000, -1.366838, 10.000000, 0.000000, 0.000000, 0.100000, 0.000000, 298.000000, 0.000000, 0.000000, 306.818376, 0.000000, 0.000000, 306.233340, 2.000000, 100000.000000, 0.000100, 306.233340, 0.000102, 0.000000, 8.000000, 306.818376, 0.000100, 298.150000, 10.000000, 306.818376, 306.233340, 306.233340, 306.233340, 0.000002, 293.150000, 306.818376, 5000000.000000, 0.000000, 0.001055, 0.001055, 0.000000, 10.000000, 10.000000, 0.000002, 0.000002, 10.000000, 0.000002, 0.001055, 0.000000, 0.001055, 0.000000, 0.000000, 0.000000, 5000000.000000, 9.998945, 0.000100, 10.000000, 0.000100, 0.001055, 0.000100, 0.000000, 0.000010, 100000.000000, 10.546735, 0.001055, 0.000100, 10.000000, 0.000102, 293.150000, -1.366838, 0.000000, 293.150000, -13.668376, -1.366838, -1.366838, 306.818376, 0.100000, 0.001055, 0.000100, 0.001055, 0.000100, 0.000000, 0.000100, 306.818376, 10.000000, 293.150000, 10.000000, 0.000102, 10.000000, 0.000102, 0.000000, 0.000102, 10.000000, 306.818376, 306.818376, 33.083340, 33.668376, -1.366837, 0.881838, 0.000000, 0.000100, 0, 0
9.96, 0.000000, 306.547724, 0.000000, 0.000000, 0.000000, 16.000000, 0.000002, 0.000100, 0.000002, 0.000102, 30.654772, 0.001053, 306.547724, 0.500000, 0.000000, -0.000002, 0.004000, 306.547724, 4.166670, -1.339772, 306.547724, 0.000000, -1.339772, 10.000000, 0.000000, 0.000000, 0.100000, 0.000000, 298.000000, 0.000000, 0.000000, 306.547724, 0.000000, 0.000000, 306.316673, 2.000000, 100000.000000, 0.000100, 306.316673, 0.000102, 0.000000, 8.000000, 306.547724, 0.000100, 298.150000, 10.000000, 306.547724, 306.316673, 306.316673, 306.316673, 0.000002, 293.150000, 306.547724, 5000000.000000, 0.000000, 0.001053, 0.001053, 0.000000, 10.000000, 10.000000, 0.000002, 0.000002, 10.000000, 0.000002, 0.001053, 0.000000, 0.001053, 0.000000, 0.000000, 0.000000, 5000000.000000, 9.998947, 0.000100, 10.000000, 0.000100, 0.001053, 0.000100, 0.000000, 0.000010, 100000.000000, 10.535909, 0.001053, 0.000100, 10.000000, 0.000102, 293.150000, -1.339772, 0.000000, 293.150000, -13.397724, -1.339772, -1.339772, 306.547724, 0.100000, 0.001053, 0.000100, 0.001053, 0.000100, 0.000000, 0.000100, 306.547724, 10.000000, 293.150000, 10.000000, 0.000102, 10.000000, 0.000102, 0.000000, 0.000102, 10.000000, 306.547724, 306.547724, 33.166673, 33.397724, -1.339772, 0.854772, 0.000000, 0.000100, 0, 0
9.98, 0.000000, 306.282431, 0.000000, 0.000000, 0.000000, 16.000000, 0.000002, 0.000100, 0.000002, 0.000102, 30.628243, 0.001052, 306.282431, 0.500000, 0.000000, -0.000002, 0.004000, 306.282431, 4.166670, -1.313243, 306.282431, 0.000000, -1.313243, 10.000000, 0.000000, 0.000000, 0.100000, 0.000000, 298.000000, 0.000000, 0.000000, 306.282431, 0.000000, 0.000000, 306.400007, 2.000000, 100000.000000, 0.000100, 306.400007, 0.000102, 0.000000, 8.000000, 306.282431, 0.000100, 298.150000, 10.000000, 306.282431, 306.400007, 306.400007, 306.400007, 0.000002, 293.150000, 306.282431, 5000000.000000, 0.000000, 0.001052, 0.001052, 0.000000, 10.000000, 10.000000, 0.000002, 0.000002, 10.000000, 0.000002, 0.001052, 0.000000, 0.001052, 0.000000, 0.000000, 0.000000, 5000000.000000, 9.998948, 0.000100, 10.000000, 0.000100, 0.001052, 0.000100, 0.000000, 0.000010, 100000.000000, 10.525297, 0.001052, 0.000100, 10.000000, 0.000102, 293.150000, -1.313243, 0.000000, 293.150000, -13.132431, -1.313243, -1.313243, 306.282431, 0.100000, 0.001052, 0.000100, 0.001052, 0.000100, 0.000000, 0.000100, 306.282431, 10.000000, 293.150000, 10.000000, 0.000102, 10.000000, 0.000102, 0.000000, 0.000102, 10.000000, 306.282431, 306.282431, 33.250007, 33.132431, -1.313243, 0.828243, 0.000000, 0.000100, 0, 0
10, 0.000000, 306.022392, 0.000000, 0.000000, 0.000000, 16.000000, 0.000002, 0.000100, 0.000002, 0.000102, 30.602239, 0.001051, 306.022392, 0.500000, 0.000000, -0.000002, 0.004000, 306.022392, 4.166670, -1.287239, 306.022392, 0.000000, -1.287239, 10.000000, 0.000000, 0.000000, 0.100000, 0.000000, 298.000000, 0.000000, 0.000000, 306.022392, 0.000000, 0.000000, 306.483340, 2.000000, 100000.000000, 0.000100, 306.483340, 0.000102, 0.000000, 8.000000, 306.022392, 0.000100, 298.150000, 10.000000, 306.022392, 306.483340, 306.483340, 306.483340, 0.000002, 293.150000, 306.022392, 5000000.000000, 0.000000, 0.001051, 0.001051, 0.000000, 10.000000, 10.000000, 0.000002, 0.000002, 10.000000, 0.000002, 0.001051, 0.000000, 0.001051, 0.000000, 0.000000, 0.000000, 5000000.000000, 9.998949, 0.000100, 10.000000, 0.000100, 0.001051, 0.000100, 0.000000, 0.000010, 100000.000000, 10.514896, 0.001051, 0.000100, 10.000000, 0.000102, 293.150000, -1.287239, 0.000000, 293.150000, -12.872392, -1.287239, -1.287239, 306.022392, 0.100000, 0.001051, 0.000100, 0.001051, 0.000100, 0.000000, 0.000100, 306.022392, 10.000000, 293.150000, 10.000000, 0.000102, 10.000000, 0.000102, 0.000000, 0.000102, 10.000000, 306.022392, 306.022392, 33.333340, 32.872392, -1.287239, 0.802239, 0.000000, 0.000100, 0, 0
