time, mass::absTolerance[REAL], mass::diameter[REAL], mass::dragCoefficient[REAL], mass::gravity[REAL], mass::initialPositionX[REAL], mass::initialPositionY[REAL], mass::initialVelocityX[REAL], mass::initialVelocityY[REAL], mass::mass[REAL], mass::maxVarTimeStep[REAL], mass::mediumDensity[REAL], mass::minVarTimeStep[REAL], mass::plotDt[REAL], mass::relTolerance[REAL], mass::timeSlowStart[REAL], mass::timeStep[REAL], mass::timeStepSlowStart[REAL], mass::varTimeStepMaxGain[REAL], mass::varTimeStepMinGain[REAL], mass::varTimeStepSafetyFactor[REAL], mass::in_f_u[REAL], mass::in_f_w[REAL], mass::in_l_u[REAL], mass::in_l_w[REAL], mass::out_f_u[REAL], mass::out_f_w[REAL], mass::out_l_u[REAL], mass::out_l_w[REAL], mass::plotLength[INT], spring::absTolerance[REAL], spring::maxVarTimeStep[REAL], spring::minVarTimeStep[REAL], spring::plotDt[REAL], spring::relTolerance[REAL], spring::springStiffness[REAL], spring::timeSlowStart[REAL], spring::timeStep[REAL], spring::timeStepSlowStart[REAL], spring::varTimeStepMaxGain[REAL], spring::varTimeStepMinGain[REAL], spring::varTimeStepSafetyFactor[REAL], spring::zeroForceLength[REAL], spring::dis_xx[REAL], spring::dis_yx[REAL], spring::for_xx[REAL], spring::for_yx[REAL], spring::plotLength[INT], damper::absTolerance[REAL], damper::dampingCoefficient[REAL], damper::maxVarTimeStep[REAL], damper::minVarTimeStep[REAL], damper::plotDt[REAL], damper::relTolerance[REAL], damper::timeSlowStart[REAL], damper::timeStep[REAL], damper::timeStepSlowStart[REAL], damper::varTimeStepMaxGain[REAL], damper::varTimeStepMinGain[REAL], damper::varTimeStepSafetyFactor[REAL], damper::lv_0[REAL], damper::lv_1[REAL], damper::df_0[REAL], damper::df_1[REAL], damper::plotLength[INT]
0, 0.000100, 0.200000, 0.470000, -9.810000, 6.000000, 0.000000, 0.000000, 0.000000, 10.000000, -1.000000, 1.000000, -1.000000, 0.100000, 0.000100, 1.000000, 0.001000, 0.000010, 0.000000, 0.000000, 0.950000, 0.000000, 0.000000, 0.000000, 0.000000, 0.000000, 0.000000, 6.000000, 0.000000, 1000, 0.000100, -1.000000, -1.000000, 0.100000, 0.000100, 5.000000, 1.000000, 0.001000, 0.000010, 0.000000, 0.000000, 0.950000, 5.000000, 6.000000, 0.000000, 0.000000, 0.000000, 1000, 0.000100, 2.000000, -1.000000, -1.000000, 0.100000, 0.000100, 1.000000, 0.001000, 0.000010, 0.000000, 0.000000, 0.950000, 0.000000, 0.000000, 0.000000, 0.000000, 1000
0.01, 0.000100, 0.200000, 0.470000, -9.810000, 6.000000, 0.000000, 0.000000, 0.000000, 10.000000, -1.000000, 1.000000, -1.000000, 0.100000, 0.000100, 1.000000, 0.001000, 0.000010, 0.000000, 0.000000, 0.950000, 0.000000, 0.000000, -5.000000, -0.000000, 0.000000, -0.098100, 6.000000, -0.000441, 1000, 0.000100, -1.000000, -1.000000, 0.100000, 0.000100, 5.000000, 1.000000, 0.001000, 0.000010, 0.000000, 0.000000, 0.950000, 5.000000, 6.000000, -0.000441, -5.000000, -0.000000, 1000, 0.000100, 2.000000, -1.000000, -1.000000, 0.100000, 0.000100, 1.000000, 0.001000, 0.000010, 0.000000, 0.000000, 0.950000, 0.000000, -0.098100, 0.000000, 0.000000, 1000
0.02, 0.000100, 0.200000, 0.470000, -9.810000, 6.000000, 0.000000, 0.000000, 0.000000, 10.000000, -1.000000, 1.000000, -1.000000, 0.100000, 0.000100, 1.000000, 0.001000, 0.000010, 0.000000, 0.000000, 0.950000, 0.000000, 0.196200, -5.000000, 0.000368, -0.005000, -0.196200, 5.999978, -0.001864, 1000, 0.000100, -1.000000, -1.000000, 0.100000, 0.000100, 5.000000, 1.000000, 0.001000, 0.000010, 0.000000, 0.000000, 0.950000, 5.000000, 5.999978, -0.001864, -5.000000, 0.000368, 1000, 0.000100, 2.000000, -1.000000, -1.000000, 0.100000, 0.000100, 1.000000, 0.001000, 0.000010, 0.000000, 0.000000, 0.950000, -0.005000, -0.196200, 0.000000, 0.196200, 1000
0.03, 0.000100, 0.200000, 0.470000, -9.810000, 6.000000, 0.000000, 0.000000, 0.000000, 10.000000, -1.000000, 1.000000, -1.000000, 0.100000, 0.000100, 1.000000, 0.001000, 0.000010, 0.000000, 0.000000, 0.950000, 0.000170, 0.392343, -4.999889, 0.001553, -0.010000, -0.294103, 5.999905, -0.004266, 1000, 0.000100, -1.000000, -1.000000, 0.100000, 0.000100, 5.000000, 1.000000, 0.001000, 0.000010, 0.000000, 0.000000, 0.950000, 5.000000, 5.999905, -0.004266, -4.999889, 0.001553, 1000, 0.000100, 2.000000, -1.000000, -1.000000, 0.100000, 0.000100, 1.000000, 0.001000, 0.000010, 0.000000, 0.000000, 0.950000, -0.010000, -0.294103, 0.000170, 0.392343, 1000
0.04, 0.000100, 0.200000, 0.470000, -9.810000, 6.000000, 0.000000, 0.000000, 0.000000, 10.000000, -1.000000, 1.000000, -1.000000, 0.100000, 0.000100, 1.000000, 0.001000, 0.000010, 0.000000, 0.000000, 0.950000, 0.000510, 0.588015, -4.999531, 0.003555, -0.015000, -0.391808, 5.999783, -0.007647, 1000, 0.000100, -1.000000, -1.000000, 0.100000, 0.000100, 5.000000, 1.000000, 0.001000, 0.000010, 0.000000, 0.000000, 0.950000, 5.000000, 5.999783, -0.007647, -4.999531, 0.003555, 1000, 0.000100, 2.000000, -1.000000, -1.000000, 0.100000, 0.000100, 1.000000, 0.001000, 0.000010, 0.000000, 0.000000, 0.950000, -0.015000, -0.391808, 0.000510, 0.588015, 1000
0.05, 0.000100, 0.200000, 0.470000, -9.810000, 6.000000, 0.000000, 0.000000, 0.000000, 10.000000, -1.000000, 1.000000, -1.000000, 0.100000, 0.000100, 1.000000, 0.001000, 0.000010, 0.000000, 0.000000, 0.950000, 0.000918, 0.783249, -4.998933, 0.006372, -0.019999, -0.489315, 5.999610, -0.012004, 1000, 0.000100, -1.000000, -1.000000, 0.100000, 0.000100, 5.000000, 1.000000, 0.001000, 0.000010, 0.000000, 0.000000, 0.950000, 5.000000, 5.999610, -0.012004, -4.998933, 0.006372, 1000, 0.000100, 2.000000, -1.000000, -1.000000, 0.100000, 0.000100, 1.000000, 0.001000, 0.000010, 0.000000, 0.000000, 0.950000, -0.019999, -0.489315, 0.000918, 0.783249, 1000
0.06, 0.000100, 0.200000, 0.470000, -9.810000, 6.000000, 0.000000, 0.000000, 0.000000, 10.000000, -1.000000, 1.000000, -1.000000, 0.100000, 0.000100, 1.000000, 0.001000, 0.000010, 0.000000, 0.000000, 0.950000, 0.001360, 0.978064, -4.998100, 0.010000, -0.024997, -0.586623, 5.999388, -0.017335, 1000, 0.000100, -1.000000, -1.000000, 0.100000, 0.000100, 5.000000, 1.000000, 0.001000, 0.000010, 0.000000, 0.000000, 0.950000, 5.000000, 5.999388, -0.017335, -4.998100, 0.010000, 1000, 0.000100, 2.000000, -1.000000, -1.000000, 0.100000, 0.000100, 1.000000, 0.001000, 0.000010, 0.000000, 0.000000, 0.950000, -0.024997, -0.586623, 0.001360, 0.978064, 1000
0.07, 0.000100, 0.200000, 0.470000, -9.810000, 6.000000, 0.000000, 0.000000, 0.000000, 10.000000, -1.000000, 1.000000, -1.000000, 0.100000, 0.000100, 1.000000, 0.001000, 0.000010, 0.000000, 0.000000, 0.950000, 0.001822, 1.172467, -4.997042, 0.014439, -0.029993, -0.683732, 5.999115, -0.023638, 1000, 0.000100, -1.000000, -1.000000, 0.100000, 0.000100, 5.000000, 1.000000, 0.001000, 0.000010, 0.000000, 0.000000, 0.950000, 5.000000, 5.999115, -0.023638, -4.997042, 0.014439, 1000, 0.000100, 2.000000, -1.000000, -1.000000, 0.100000, 0.000100, 1.000000, 0.001000, 0.000010, 0.000000, 0.000000, 0.950000, -0.029993, -0.683732, 0.001822, 1.172467, 1000
0.08, 0.000100, 0.200000, 0.470000, -9.810000, 6.000000, 0.000000, 0.000000, 0.000000, 10.000000, -1.000000, 1.000000, -1.000000, 0.100000, 0.000100, 1.000000, 0.001000, 0.000010, 0.000000, 0.000000, 0.950000, 0.002297, 1.366462, -4.995769, 0.019685, -0.034989, -0.780642, 5.998793, -0.030912, 1000, 0.000100, -1.000000, -1.000000, 0.100000, 0.000100, 5.000000, 1.000000, 0.001000, 0.000010, 0.000000, 0.000000, 0.950000, 5.000000, 5.998793, -0.030912, -4.995769, 0.019685, 1000, 0.000100, 2.000000, -1.000000, -1.000000, 0.100000, 0.000100, 1.000000, 0.001000, 0.000010, 0.000000, 0.000000, 0.950000, -0.034989, -0.780642, 0.002297, 1.366462, 1000
0.09, 0.000100, 0.200000, 0.470000, -9.810000, 6.000000, 0.000000, 0.000000, 0.000000, 10.000000, -1.000000, 1.000000, -1.000000, 0.100000, 0.000100, 1.000000, 0.001000, 0.000010, 0.000000, 0.000000, 0.950000, 0.002780, 1.560050, -4.994295, 0.025736, -0.039982, -0.877350, 5.998420, -0.039153, 1000, 0.000100, -1.000000, -1.000000, 0.100000, 0.000100, 5.000000, 1.000000, 0.001000, 0.000010, 0.000000, 0.000000, 0.950000, 5.000000, 5.998420, -0.039153, -4.994295, 0.025736, 1000, 0.000100, 2.000000, -1.000000, -1.000000, 0.100000, 0.000100, 1.000000, 0.001000, 0.000010, 0.000000, 0.000000, 0.950000, -0.039982, -0.877350, 0.002780, 1.560050, 1000
0.1, 0.000100, 0.200000, 0.470000, -9.810000, 6.000000, 0.000000, 0.000000, 0.000000, 10.000000, -1.000000, 1.000000, -1.000000, 0.100000, 0.000100, 1.000000, 0.001000, 0.000010, 0.000000, 0.000000, 0.950000, 0.003269, 1.753234, -4.992634, 0.032588, -0.044974, -0.973858, 5.997998, -0.048361, 1000, 0.000100, -1.000000, -1.000000, 0.100000, 0.000100, 5.000000, 1.000000, 0.001000, 0.000010, 0.000000, 0.000000, 0.950000, 5.000000, 5.997998, -0.048361, -4.992634, 0.032588, 1000, 0.000100, 2.000000, -1.000000, -1.000000, 0.100000, 0.000100, 1.000000, 0.001000, 0.000010, 0.000000, 0.000000, 0.950000, -0.044974, -0.973858, 0.003269, 1.753234, 1000
0.11, 0.000100, 0.200000, 0.470000, -9.810000, 6.000000, 0.000000, 0.000000, 0.000000, 10.000000, -1.000000, 1.000000, -1.000000, 0.100000, 0.000100, 1.000000, 0.001000, 0.000010, 0.000000, 0.000000, 0.950000, 0.003763, 1.946011, -4.990803, 0.040240, -0.049963, -1.070165, 5.997526, -0.058533, 1000, 0.000100, -1.000000, -1.000000, 0.100000, 0.000100, 5.000000, 1.000000, 0.001000, 0.000010, 0.000000, 0.000000, 0.950000, 5.000000, 5.997526, -0.058533, -4.990803, 0.040240, 1000, 0.000100, 2.000000, -1.000000, -1.000000, 0.100000, 0.000100, 1.000000, 0.001000, 0.000010, 0.000000, 0.000000, 0.950000, -0.049963, -1.070165, 0.003763, 1.946011, 1000
0.12, 0.000100, 0.200000, 0.470000, -9.810000, 6.000000, 0.000000, 0.000000, 0.000000, 10.000000, -1.000000, 1.000000, -1.000000, 0.100000, 0.000100, 1.000000, 0.001000, 0.000010, 0.000000, 0.000000, 0.950000, 0.004260, 2.138384, -4.988820, 0.048689, -0.054950, -1.166269, 5.997004, -0.069667, 1000, 0.000100, -1.000000, -1.000000, 0.100000, 0.000100, 5.000000, 1.000000, 0.001000, 0.000010, 0.000000, 0.000000, 0.950000, 5.000000, 5.997004, -0.069667, -4.988820, 0.048689, 1000, 0.000100, 2.000000, -1.000000, -1.000000, 0.100000, 0.000100, 1.000000, 0.001000, 0.000010, 0.000000, 0.000000, 0.950000, -0.054950, -1.166269, 0.004260, 2.138384, 1000
0.13, 0.000100, 0.200000, 0.470000, -9.810000, 6.000000, 0.000000, 0.000000, 0.000000, 10.000000, -1.000000, 1.000000, -1.000000, 0.100000, 0.000100, 1.000000, 0.001000, 0.000010, 0.000000, 0.000000, 0.950000, 0.004760, 2.330350, -4.986706, 0.057931, -0.059935, -1.262172, 5.996432, -0.081761, 1000, 0.000100, -1.000000, -1.000000, 0.100000, 0.000100, 5.000000, 1.000000, 0.001000, 0.000010, 0.000000, 0.000000, 0.950000, 5.000000, 5.996432, -0.081761, -4.986706, 0.057931, 1000, 0.000100, 2.000000, -1.000000, -1.000000, 0.100000, 0.000100, 1.000000, 0.001000, 0.000010, 0.000000, 0.000000, 0.950000, -0.059935, -1.262172, 0.004760, 2.330350, 1000
0.14, 0.000100, 0.200000, 0.470000, -9.810000, 6.000000, 0.000000, 0.000000, 0.000000, 10.000000, -1.000000, 1.000000, -1.000000, 0.100000, 0.000100, 1.000000, 0.001000, 0.000010, 0.000000, 0.000000, 0.950000, 0.005262, 2.521910, -4.984483, 0.067964, -0.064916, -1.357871, 5.995810, -0.094814, 1000, 0.000100, -1.000000, -1.000000, 0.100000, 0.000100, 5.000000, 1.000000, 0.001000, 0.000010, 0.000000, 0.000000, 0.950000, 5.000000, 5.995810, -0.094814, -4.984483, 0.067964, 1000, 0.000100, 2.000000, -1.000000, -1.000000, 0.100000, 0.000100, 1.000000, 0.001000, 0.000010, 0.000000, 0.000000, 0.950000, -0.064916, -1.357871, 0.005262, 2.521910, 1000
0.15, 0.000100, 0.200000, 0.470000, -9.810000, 6.000000, 0.000000, 0.000000, 0.000000, 10.000000, -1.000000, 1.000000, -1.000000, 0.100000, 0.000100, 1.000000, 0.001000, 0.000010, 0.000000, 0.000000, 0.950000, 0.005766, 2.713062, -4.982176, 0.078785, -0.069896, -1.453366, 5.995138, -0.108822, 1000, 0.000100, -1.000000, -1.000000, 0.100000, 0.000100, 5.000000, 1.000000, 0.001000, 0.000010, 0.000000, 0.000000, 0.950000, 5.000000, 5.995138, -0.108822, -4.982176, 0.078785, 1000, 0.000100, 2.000000, -1.000000, -1.000000, 0.100000, 0.000100, 1.000000, 0.001000, 0.000010, 0.000000, 0.000000, 0.950000, -0.069896, -1.453366, 0.005766, 2.713062, 1000
0.16, 0.000100, 0.200000, 0.470000, -9.810000, 6.000000, 0.000000, 0.000000, 0.000000, 10.000000, -1.000000, 1.000000, -1.000000, 0.100000, 0.000100, 1.000000, 0.001000, 0.000010, 0.000000, 0.000000, 0.950000, 0.006271, 2.903806, -4.979810, 0.090392, -0.074872, -1.548658, 5.994417, -0.123785, 1000, 0.000100, -1.000000, -1.000000, 0.100000, 0.000100, 5.000000, 1.000000, 0.001000, 0.000010, 0.000000, 0.000000, 0.950000, 5.000000, 5.994417, -0.123785, -4.979810, 0.090392, 1000, 0.000100, 2.000000, -1.000000, -1.000000, 0.100000, 0.000100, 1.000000, 0.001000, 0.000010, 0.000000, 0.000000, 0.950000, -0.074872, -1.548658, 0.006271, 2.903806, 1000
0.17, 0.000100, 0.200000, 0.470000, -9.810000, 6.000000, 0.000000, 0.000000, 0.000000, 10.000000, -1.000000, 1.000000, -1.000000, 0.100000, 0.000100, 1.000000, 0.001000, 0.000010, 0.000000, 0.000000, 0.950000, 0.006778, 3.094141, -4.977414, 0.102784, -0.079846, -1.643745, 5.993646, -0.139699, 1000, 0.000100, -1.000000, -1.000000, 0.100000, 0.000100, 5.000000, 1.000000, 0.001000, 0.000010, 0.000000, 0.000000, 0.950000, 5.000000, 5.993646, -0.139699, -4.977414, 0.102784, 1000, 0.000100, 2.000000, -1.000000, -1.000000, 0.100000, 0.000100, 1.000000, 0.001000, 0.000010, 0.000000, 0.000000, 0.950000, -0.079846, -1.643745, 0.006778, 3.094141, 1000
0.18, 0.000100, 0.200000, 0.470000, -9.810000, 6.000000, 0.000000, 0.000000, 0.000000, 10.000000, -1.000000, 1.000000, -1.000000, 0.100000, 0.000100, 1.000000, 0.001000, 0.000010, 0.000000, 0.000000, 0.950000, 0.007286, 3.284067, -4.975018, 0.115957, -0.084816, -1.738627, 5.992825, -0.156564, 1000, 0.000100, -1.000000, -1.000000, 0.100000, 0.000100, 5.000000, 1.000000, 0.001000, 0.000010, 0.000000, 0.000000, 0.950000, 5.000000, 5.992825, -0.156564, -4.975018, 0.115957, 1000, 0.000100, 2.000000, -1.000000, -1.000000, 0.100000, 0.000100, 1.000000, 0.001000, 0.000010, 0.000000, 0.000000, 0.950000, -0.084816, -1.738627, 0.007286, 3.284067, 1000
0.19, 0.000100, 0.200000, 0.470000, -9.810000, 6.000000, 0.000000, 0.000000, 0.000000, 10.000000, -1.000000, 1.000000, -1.000000, 0.100000, 0.000100, 1.000000, 0.001000, 0.000010, 0.000000, 0.000000, 0.950000, 0.007794, 3.473582, -4.972653, 0.129911, -0.089784, -1.833304, 5.991955, -0.174376, 1000, 0.000100, -1.000000, -1.000000, 0.100000, 0.000100, 5.000000, 1.000000, 0.001000, 0.000010, 0.000000, 0.000000, 0.950000, 5.000000, 5.991955, -0.174376, -4.972653, 0.129911, 1000, 0.000100, 2.000000, -1.000000, -1.000000, 0.100000, 0.000100, 1.000000, 0.001000, 0.000010, 0.000000, 0.000000, 0.950000, -0.089784, -1.833304, 0.007794, 3.473582, 1000
0.2, 0.000100, 0.200000, 0.470000, -9.810000, 6.000000, 0.000000, 0.000000, 0.000000, 10.000000, -1.000000, 1.000000, -1.000000, 0.100000, 0.000100, 1.000000, 0.001000, 0.000010, 0.000000, 0.000000, 0.950000, 0.008304, 3.662685, -4.970353, 0.144646, -0.094749, -1.927774, 5.991035, -0.193134, 1000, 0.000100, -1.000000, -1.000000, 0.100000, 0.000100, 5.000000, 1.000000, 0.001000, 0.000010, 0.000000, 0.000000, 0.950000, 5.000000, 5.991035, -0.193134, -4.970353, 0.144646, 1000, 0.000100, 2.000000, -1.000000, -1.000000, 0.100000, 0.000100, 1.000000, 0.001000, 0.000010, 0.000000, 0.000000, 0.950000, -0.094749, -1.927774, 0.008304, 3.662685, 1000
0.21, 0.000100, 0.200000, 0.470000, -9.810000, 6.000000, 0.000000, 0.000000, 0.000000, 10.000000, -1.000000, 1.000000, -1.000000, 0.100000, 0.000100, 1.000000, 0.001000, 0.000010, 0.000000, 0.000000, 0.950000, 0.008814, 3.851376, -4.968153, 0.160159, -0.099711, -2.022038, 5.990065, -0.212836, 1000, 0.000100, -1.000000, -1.000000, 0.100000, 0.000100, 5.000000, 1.000000, 0.001000, 0.000010, 0.000000, 0.000000, 0.950000, 5.000000, 5.990065, -0.212836, -4.968153, 0.160159, 1000, 0.000100, 2.000000, -1.000000, -1.000000, 0.100000, 0.000100, 1.000000, 0.001000, 0.000010, 0.000000, 0.000000, 0.950000, -0.099711, -2.022038, 0.008814, 3.851376, 1000
0.22, 0.000100, 0.200000, 0.470000, -9.810000, 6.000000, 0.000000, 0.000000, 0.000000, 10.000000, -1.000000, 1.000000, -1.000000, 0.100000, 0.000100, 1.000000, 0.001000, 0.000010, 0.000000, 0.000000, 0.950000, 0.009325, 4.039653, -4.966090, 0.176453, -0.104670, -2.116095, 5.989045, -0.233480, 1000, 0.000100, -1.000000, -1.000000, 0.100000, 0.000100, 5.000000, 1.000000, 0.001000, 0.000010, 0.000000, 0.000000, 0.950000, 5.000000, 5.989045, -0.233480, -4.966090, 0.176453, 1000, 0.000100, 2.000000, -1.000000, -1.000000, 0.100000, 0.000100, 1.000000, 0.001000, 0.000010, 0.000000, 0.000000, 0.950000, -0.104670, -2.116095, 0.009325, 4.039653, 1000
0.23, 0.000100, 0.200000, 0.470000, -9.810000, 6.000000, 0.000000, 0.000000, 0.000000, 10.000000, -1.000000, 1.000000, -1.000000, 0.100000, 0.000100, 1.000000, 0.001000, 0.000010, 0.000000, 0.000000, 0.950000, 0.009836, 4.227516, -4.964202, 0.193527, -0.109627, -2.209945, 5.987976, -0.255063, 1000, 0.000100, -1.000000, -1.000000, 0.100000, 0.000100, 5.000000, 1.000000, 0.001000, 0.000010, 0.000000, 0.000000, 0.950000, 5.000000, 5.987976, -0.255063, -4.964202, 0.193527, 1000, 0.000100, 2.000000, -1.000000, -1.000000, 0.100000, 0.000100, 1.000000, 0.001000, 0.000010, 0.000000, 0.000000, 0.950000, -0.109627, -2.209945, 0.009836, 4.227516, 1000
0.24, 0.000100, 0.200000, 0.470000, -9.810000, 6.000000, 0.000000, 0.000000, 0.000000, 10.000000, -1.000000, 1.000000, -1.000000, 0.100000, 0.000100, 1.000000, 0.001000, 0.000010, 0.000000, 0.000000, 0.950000, 0.010349, 4.414963, -4.962531, 0.211383, -0.114581, -2.303586, 5.986858, -0.277584, 1000, 0.000100, -1.000000, -1.000000, 0.100000, 0.000100, 5.000000, 1.000000, 0.001000, 0.000010, 0.000000, 0.000000, 0.950000, 5.000000, 5.986858, -0.277584, -4.962531, 0.211383, 1000, 0.000100, 2.000000, -1.000000, -1.000000, 0.100000, 0.000100, 1.000000, 0.001000, 0.000010, 0.000000, 0.000000, 0.950000, -0.114581, -2.303586, 0.010349, 4.414963, 1000
0.25, 0.000100, 0.200000, 0.470000, -9.810000, 6.000000, 0.000000, 0.000000, 0.000000, 10.000000, -1.000000, 1.000000, -1.000000, 0.100000, 0.000100, 1.000000, 0.001000, 0.000010, 0.000000, 0.000000, 0.950000, 0.010861, 4.601995, -4.961117, 0.230025, -0.119533, -2.397019, 5.985690, -0.301040, 1000, 0.000100, -1.000000, -1.000000, 0.100000, 0.000100, 5.000000, 1.000000, 0.001000, 0.000010, 0.000000, 0.000000, 0.950000, 5.000000, 5.985690, -0.301040, -4.961117, 0.230025, 1000, 0.000100, 2.000000, -1.000000, -1.000000, 0.100000, 0.000100, 1.000000, 0.001000, 0.000010, 0.000000, 0.000000, 0.950000, -0.119533, -2.397019, 0.010861, 4.601995, 1000
0.26, 0.000100, 0.200000, 0.470000, -9.810000, 6.000000, 0.000000, 0.000000, 0.000000, 10.000000, -1.000000, 1.000000, -1.000000, 0.100000, 0.000100, 1.000000, 0.001000, 0.000010, 0.000000, 0.000000, 0.950000, 0.011375, 4.788609, -4.960006, 0.249455, -0.124483, -2.490243, 5.984472, -0.325430, 1000, 0.000100, -1.000000, -1.000000, 0.100000, 0.000100, 5.000000, 1.000000, 0.001000, 0.000010, 0.000000, 0.000000, 0.950000, 5.000000, 5.984472, -0.325430, -4.960006, 0.249455, 1000, 0.000100, 2.000000, -1.000000, -1.000000, 0.100000, 0.000100, 1.000000, 0.001000, 0.000010, 0.000000, 0.000000, 0.950000, -0.124483, -2.490243, 0.011375, 4.788609, 1000
0.27, 0.000100, 0.200000, 0.470000, -9.810000, 6.000000, 0.000000, 0.000000, 0.000000, 10.000000, -1.000000, 1.000000, -1.000000, 0.100000, 0.000100, 1.000000, 0.001000, 0.000010, 0.000000, 0.000000, 0.950000, 0.011889, 4.974805, -4.959242, 0.269679, -0.129432, -2.583258, 5.983205, -0.350751, 1000, 0.000100, -1.000000, -1.000000, 0.100000, 0.000100, 5.000000, 1.000000, 0.001000, 0.000010, 0.000000, 0.000000, 0.950000, 5.000000, 5.983205, -0.350751, -4.959242, 0.269679, 1000, 0.000100, 2.000000, -1.000000, -1.000000, 0.100000, 0.000100, 1.000000, 0.001000, 0.000010, 0.000000, 0.000000, 0.950000, -0.129432, -2.583258, 0.011889, 4.974805, 1000
0.28, 0.000100, 0.200000, 0.470000, -9.810000, 6.000000, 0.000000, 0.000000, 0.000000, 10.000000, -1.000000, 1.000000, -1.000000, 0.100000, 0.000100, 1.000000, 0.001000, 0.000010, 0.000000, 0.000000, 0.950000, 0.012403, 5.160582, -4.958872, 0.290702, -0.134379, -2.676063, 5.981888, -0.377001, 1000, 0.000100, -1.000000, -1.000000, 0.100000, 0.000100, 5.000000, 1.000000, 0.001000, 0.000010, 0.000000, 0.000000, 0.950000, 5.000000, 5.981888, -0.377001, -4.958872, 0.290702, 1000, 0.000100, 2.000000, -1.000000, -1.000000, 0.100000, 0.000100, 1.000000, 0.001000, 0.000010, 0.000000, 0.000000, 0.950000, -0.134379, -2.676063, 0.012403, 5.160582, 1000
0.29, 0.000100, 0.200000, 0.470000, -9.810000, 6.000000, 0.000000, 0.000000, 0.000000, 10.000000, -1.000000, 1.000000, -1.000000, 0.100000, 0.000100, 1.000000, 0.001000, 0.000010, 0.000000, 0.000000, 0.950000, 0.012918, 5.345939, -4.958944, 0.312531, -0.139325, -2.768657, 5.980522, -0.404178, 1000, 0.000100, -1.000000, -1.000000, 0.100000, 0.000100, 5.000000, 1.000000, 0.001000, 0.000010, 0.000000, 0.000000, 0.950000, 5.000000, 5.980522, -0.404178, -4.958944, 0.312531, 1000, 0.000100, 2.000000, -1.000000, -1.000000, 0.100000, 0.000100, 1.000000, 0.001000, 0.000010, 0.000000, 0.000000, 0.950000, -0.139325, -2.768657, 0.012918, 5.345939, 1000
0.3, 0.000100, 0.200000, 0.470000, -9.810000, 6.000000, 0.000000, 0.000000, 0.000000, 10.000000, -1.000000, 1.000000, -1.000000, 0.100000, 0.000100, 1.000000, 0.001000, 0.000010, 0.000000, 0.000000, 0.950000, 0.013434, 5.530874, -4.959509, 0.335176, -0.144271, -2.861040, 5.979107, -0.432281, 1000, 0.000100, -1.000000, -1.000000, 0.100000, 0.000100, 5.000000, 1.000000, 0.001000, 0.000010, 0.000000, 0.000000, 0.950000, 5.000000, 5.979107, -0.432281, -4.959509, 0.335176, 1000, 0.000100, 2.000000, -1.000000, -1.000000, 0.100000, 0.000100, 1.000000, 0.001000, 0.000010, 0.000000, 0.000000, 0.950000, -0.144271, -2.861040, 0.013434, 5.530874, 1000
0.31, 0.000100, 0.200000, 0.470000, -9.810000, 6.000000, 0.000000, 0.000000, 0.000000, 10.000000, -1.000000, 1.000000, -1.000000, 0.100000, 0.000100, 1.000000, 0.001000, 0.000010, 0.000000, 0.000000, 0.950000, 0.013951, 5.715388, -4.960617, 0.358645, -0.149217, -2.953212, 5.977642, -0.461306, 1000, 0.000100, -1.000000, -1.000000, 0.100000, 0.000100, 5.000000, 1.000000, 0.001000, 0.000010, 0.000000, 0.000000, 0.950000, 5.000000, 5.977642, -0.461306, -4.960617, 0.358645, 1000, 0.000100, 2.000000, -1.000000, -1.000000, 0.100000, 0.000100, 1.000000, 0.001000, 0.000010, 0.000000, 0.000000, 0.950000, -0.149217, -2.953212, 0.013951, 5.715388, 1000
0.32, 0.000100, 0.200000, 0.470000, -9.810000, 6.000000, 0.000000, 0.000000, 0.000000, 10.000000, -1.000000, 1.000000, -1.000000, 0.100000, 0.000100, 1.000000, 0.001000, 0.000010, 0.000000, 0.000000, 0.950000, 0.014468, 5.899478, -4.962322, 0.382952, -0.154163, -3.045171, 5.976127, -0.491252, 1000, 0.000100, -1.000000, -1.000000, 0.100000, 0.000100, 5.000000, 1.000000, 0.001000, 0.000010, 0.000000, 0.000000, 0.950000, 5.000000, 5.976127, -0.491252, -4.962322, 0.382952, 1000, 0.000100, 2.000000, -1.000000, -1.000000, 0.100000, 0.000100, 1.000000, 0.001000, 0.000010, 0.000000, 0.000000, 0.950000, -0.154163, -3.045171, 0.014468, 5.899478, 1000
0.33, 0.000100, 0.200000, 0.470000, -9.810000, 6.000000, 0.000000, 0.000000, 0.000000, 10.000000, -1.000000, 1.000000, -1.000000, 0.100000, 0.000100, 1.000000, 0.001000, 0.000010, 0.000000, 0.000000, 0.950000, 0.014986, 6.083145, -4.964677, 0.408108, -0.159111, -3.136919, 5.974564, -0.522116, 1000, 0.000100, -1.000000, -1.000000, 0.100000, 0.000100, 5.000000, 1.000000, 0.001000, 0.000010, 0.000000, 0.000000, 0.950000, 5.000000, 5.974564, -0.522116, -4.964677, 0.408108, 1000, 0.000100, 2.000000, -1.000000, -1.000000, 0.100000, 0.000100, 1.000000, 0.001000, 0.000010, 0.000000, 0.000000, 0.950000, -0.159111, -3.136919, 0.014986, 6.083145, 1000
0.34, 0.000100, 0.200000, 0.470000, -9.810000, 6.000000, 0.000000, 0.000000, 0.000000, 10.000000, -1.000000, 1.000000, -1.000000, 0.100000, 0.000100, 1.000000, 0.001000, 0.000010, 0.000000, 0.000000, 0.950000, 0.015505, 6.266386, -4.967737, 0.434130, -0.164061, -3.228453, 5.972950, -0.553897, 1000, 0.000100, -1.000000, -1.000000, 0.100000, 0.000100, 5.000000, 1.000000, 0.001000, 0.000010, 0.000000, 0.000000, 0.950000, 5.000000, 5.972950, -0.553897, -4.967737, 0.434130, 1000, 0.000100, 2.000000, -1.000000, -1.000000, 0.100000, 0.000100, 1.000000, 0.001000, 0.000010, 0.000000, 0.000000, 0.950000, -0.164061, -3.228453, 0.015505, 6.266386, 1000
0.35, 0.000100, 0.200000, 0.470000, -9.810000, 6.000000, 0.000000, 0.000000, 0.000000, 10.000000, -1.000000, 1.000000, -1.000000, 0.100000, 0.000100, 1.000000, 0.001000, 0.000010, 0.000000, 0.000000, 0.950000, 0.016025, 6.449201, -4.971558, 0.461034, -0.169013, -3.319773, 5.971287, -0.586593, 1000, 0.000100, -1.000000, -1.000000, 0.100000, 0.000100, 5.000000, 1.000000, 0.001000, 0.000010, 0.000000, 0.000000, 0.950000, 5.000000, 5.971287, -0.586593, -4.971558, 0.461034, 1000, 0.000100, 2.000000, -1.000000, -1.000000, 0.100000, 0.000100, 1.000000, 0.001000, 0.000010, 0.000000, 0.000000, 0.950000, -0.169013, -3.319773, 0.016025, 6.449201, 1000
0.36, 0.000100, 0.200000, 0.470000, -9.810000, 6.000000, 0.000000, 0.000000, 0.000000, 10.000000, -1.000000, 1.000000, -1.000000, 0.100000, 0.000100, 1.000000, 0.001000, 0.000010, 0.000000, 0.000000, 0.950000, 0.016546, 6.631588, -4.976198, 0.488840, -0.173968, -3.410880, 5.969575, -0.620201, 1000, 0.000100, -1.000000, -1.000000, 0.100000, 0.000100, 5.000000, 1.000000, 0.001000, 0.000010, 0.000000, 0.000000, 0.950000, 5.000000, 5.969575, -0.620201, -4.976198, 0.488840, 1000, 0.000100, 2.000000, -1.000000, -1.000000, 0.100000, 0.000100, 1.000000, 0.001000, 0.000010, 0.000000, 0.000000, 0.950000, -0.173968, -3.410880, 0.016546, 6.631588, 1000
0.37, 0.000100, 0.200000, 0.470000, -9.810000, 6.000000, 0.000000, 0.000000, 0.000000, 10.000000, -1.000000, 1.000000, -1.000000, 0.100000, 0.000100, 1.000000, 0.001000, 0.000010, 0.000000, 0.000000, 0.950000, 0.017068, 6.813547, -4.981715, 0.517568, -0.178927, -3.501771, 5.967813, -0.654718, 1000, 0.000100, -1.000000, -1.000000, 0.100000, 0.000100, 5.000000, 1.000000, 0.001000, 0.000010, 0.000000, 0.000000, 0.950000, 5.000000, 5.967813, -0.654718, -4.981715, 0.517568, 1000, 0.000100, 2.000000, -1.000000, -1.000000, 0.100000, 0.000100, 1.000000, 0.001000, 0.000010, 0.000000, 0.000000, 0.950000, -0.178927, -3.501771, 0.017068, 6.813547, 1000
0.38, 0.000100, 0.200000, 0.470000, -9.810000, 6.000000, 0.000000, 0.000000, 0.000000, 10.000000, -1.000000, 1.000000, -1.000000, 0.100000, 0.000100, 1.000000, 0.001000, 0.000010, 0.000000, 0.000000, 0.950000, 0.017591, 6.995076, -4.988168, 0.547243, -0.183892, -3.592448, 5.966001, -0.690144, 1000, 0.000100, -1.000000, -1.000000, 0.100000, 0.000100, 5.000000, 1.000000, 0.001000, 0.000010, 0.000000, 0.000000, 0.950000, 5.000000, 5.966001, -0.690144, -4.988168, 0.547243, 1000, 0.000100, 2.000000, -1.000000, -1.000000, 0.100000, 0.000100, 1.000000, 0.001000, 0.000010, 0.000000, 0.000000, 0.950000, -0.183892, -3.592448, 0.017591, 6.995076, 1000
0.39, 0.000100, 0.200000, 0.470000, -9.810000, 6.000000, 0.000000, 0.000000, 0.000000, 10.000000, -1.000000, 1.000000, -1.000000, 0.100000, 0.000100, 1.000000, 0.001000, 0.000010, 0.000000, 0.000000, 0.950000, 0.018116, 7.176174, -4.995618, 0.577891, -0.188862, -3.682908, 5.964140, -0.726476, 1000, 0.000100, -1.000000, -1.000000, 0.100000, 0.000100, 5.000000, 1.000000, 0.001000, 0.000010, 0.000000, 0.000000, 0.950000, 5.000000, 5.964140, -0.726476, -4.995618, 0.577891, 1000, 0.000100, 2.000000, -1.000000, -1.000000, 0.100000, 0.000100, 1.000000, 0.001000, 0.000010, 0.000000, 0.000000, 0.950000, -0.188862, -3.682908, 0.018116, 7.176174, 1000
0.4, 0.000100, 0.200000, 0.470000, -9.810000, 6.000000, 0.000000, 0.000000, 0.000000, 10.000000, -1.000000, 1.000000, -1.000000, 0.100000, 0.000100, 1.000000, 0.001000, 0.000010, 0.000000, 0.000000, 0.950000, 0.018642, 7.356840, -5.004124, 0.609539, -0.193839, -3.773151, 5.962229, -0.763711, 1000, 0.000100, -1.000000, -1.000000, 0.100000, 0.000100, 5.000000, 1.000000, 0.001000, 0.000010, 0.000000, 0.000000, 0.950000, 5.000000, 5.962229, -0.763711, -5.004124, 0.609539, 1000, 0.000100, 2.000000, -1.000000, -1.000000, 0.100000, 0.000100, 1.000000, 0.001000, 0.000010, 0.000000, 0.000000, 0.950000, -0.193839, -3.773151, 0.018642, 7.356840, 1000
0.41, 0.000100, 0.200000, 0.470000, -9.810000, 6.000000, 0.000000, 0.000000, 0.000000, 10.000000, -1.000000, 1.000000, -1.000000, 0.100000, 0.000100, 1.000000, 0.001000, 0.000010, 0.000000, 0.000000, 0.950000, 0.019170, 7.537072, -5.013748, 0.642218, -0.198824, -3.863178, 5.960268, -0.801848, 1000, 0.000100, -1.000000, -1.000000, 0.100000, 0.000100, 5.000000, 1.000000, 0.001000, 0.000010, 0.000000, 0.000000, 0.950000, 5.000000, 5.960268, -0.801848, -5.013748, 0.642218, 1000, 0.000100, 2.000000, -1.000000, -1.000000, 0.100000, 0.000100, 1.000000, 0.001000, 0.000010, 0.000000, 0.000000, 0.950000, -0.198824, -3.863178, 0.019170, 7.537072, 1000
0.42, 0.000100, 0.200000, 0.470000, -9.810000, 6.000000, 0.000000, 0.000000, 0.000000, 10.000000, -1.000000, 1.000000, -1.000000, 0.100000, 0.000100, 1.000000, 0.001000, 0.000010, 0.000000, 0.000000, 0.950000, 0.019699, 7.716869, -5.024551, 0.675964, -0.203819, -3.952986, 5.958257, -0.840883, 1000, 0.000100, -1.000000, -1.000000, 0.100000, 0.000100, 5.000000, 1.000000, 0.001000, 0.000010, 0.000000, 0.000000, 0.950000, 5.000000, 5.958257, -0.840883, -5.024551, 0.675964, 1000, 0.000100, 2.000000, -1.000000, -1.000000, 0.100000, 0.000100, 1.000000, 0.001000, 0.000010, 0.000000, 0.000000, 0.950000, -0.203819, -3.952986, 0.019699, 7.716869, 1000
0.43, 0.000100, 0.200000, 0.470000, -9.810000, 6.000000, 0.000000, 0.000000, 0.000000, 10.000000, -1.000000, 1.000000, -1.000000, 0.100000, 0.000100, 1.000000, 0.001000, 0.000010, 0.000000, 0.000000, 0.950000, 0.020230, 7.896230, -5.036596, 0.710810, -0.208823, -4.042575, 5.956197, -0.880816, 1000, 0.000100, -1.000000, -1.000000, 0.100000, 0.000100, 5.000000, 1.000000, 0.001000, 0.000010, 0.000000, 0.000000, 0.950000, 5.000000, 5.956197, -0.880816, -5.036596, 0.710810, 1000, 0.000100, 2.000000, -1.000000, -1.000000, 0.100000, 0.000100, 1.000000, 0.001000, 0.000010, 0.000000, 0.000000, 0.950000, -0.208823, -4.042575, 0.020230, 7.896230, 1000
0.44, 0.000100, 0.200000, 0.470000, -9.810000, 6.000000, 0.000000, 0.000000, 0.000000, 10.000000, -1.000000, 1.000000, -1.000000, 0.100000, 0.000100, 1.000000, 0.001000, 0.000010, 0.000000, 0.000000, 0.950000, 0.020764, 8.075152, -5.049945, 0.746798, -0.213839, -4.131945, 5.954086, -0.921644, 1000, 0.000100, -1.000000, -1.000000, 0.100000, 0.000100, 5.000000, 1.000000, 0.001000, 0.000010, 0.000000, 0.000000, 0.950000, 5.000000, 5.954086, -0.921644, -5.049945, 0.746798, 1000, 0.000100, 2.000000, -1.000000, -1.000000, 0.100000, 0.000100, 1.000000, 0.001000, 0.000010, 0.000000, 0.000000, 0.950000, -0.213839, -4.131945, 0.020764, 8.075152, 1000
0.45, 0.000100, 0.200000, 0.470000, -9.810000, 6.000000, 0.000000, 0.000000, 0.000000, 10.000000, -1.000000, 1.000000, -1.000000, 0.100000, 0.000100, 1.000000, 0.001000, 0.000010, 0.000000, 0.000000, 0.950000, 0.021299, 8.253636, -5.064659, 0.783968, -0.218868, -4.221095, 5.951925, -0.963365, 1000, 0.000100, -1.000000, -1.000000, 0.100000, 0.000100, 5.000000, 1.000000, 0.001000, 0.000010, 0.000000, 0.000000, 0.950000, 5.000000, 5.951925, -0.963365, -5.064659, 0.783968, 1000, 0.000100, 2.000000, -1.000000, -1.000000, 0.100000, 0.000100, 1.000000, 0.001000, 0.000010, 0.000000, 0.000000, 0.950000, -0.218868, -4.221095, 0.021299, 8.253636, 1000
0.46, 0.000100, 0.200000, 0.470000, -9.810000, 6.000000, 0.000000, 0.000000, 0.000000, 10.000000, -1.000000, 1.000000, -1.000000, 0.100000, 0.000100, 1.000000, 0.001000, 0.000010, 0.000000, 0.000000, 0.950000, 0.021837, 8.431678, -5.080801, 0.822367, -0.223911, -4.310023, 5.949713, -1.005976, 1000, 0.000100, -1.000000, -1.000000, 0.100000, 0.000100, 5.000000, 1.000000, 0.001000, 0.000010, 0.000000, 0.000000, 0.950000, 5.000000, 5.949713, -1.005976, -5.080801, 0.822367, 1000, 0.000100, 2.000000, -1.000000, -1.000000, 0.100000, 0.000100, 1.000000, 0.001000, 0.000010, 0.000000, 0.000000, 0.950000, -0.223911, -4.310023, 0.021837, 8.431678, 1000
0.47, 0.000100, 0.200000, 0.470000, -9.810000, 6.000000, 0.000000, 0.000000, 0.000000, 10.000000, -1.000000, 1.000000, -1.000000, 0.100000, 0.000100, 1.000000, 0.001000, 0.000010, 0.000000, 0.000000, 0.950000, 0.022378, 8.609277, -5.098433, 0.862042, -0.228970, -4.398729, 5.947452, -1.049476, 1000, 0.000100, -1.000000, -1.000000, 0.100000, 0.000100, 5.000000, 1.000000, 0.001000, 0.000010, 0.000000, 0.000000, 0.950000, 5.000000, 5.947452, -1.049476, -5.098433, 0.862042, 1000, 0.000100, 2.000000, -1.000000, -1.000000, 0.100000, 0.000100, 1.000000, 0.001000, 0.000010, 0.000000, 0.000000, 0.950000, -0.228970, -4.398729, 0.022378, 8.609277, 1000
0.48, 0.000100, 0.200000, 0.470000, -9.810000, 6.000000, 0.000000, 0.000000, 0.000000, 10.000000, -1.000000, 1.000000, -1.000000, 0.100000, 0.000100, 1.000000, 0.001000, 0.000010, 0.000000, 0.000000, 0.950000, 0.022921, 8.786432, -5.117616, 0.903044, -0.234045, -4.487213, 5.945139, -1.093861, 1000, 0.000100, -1.000000, -1.000000, 0.100000, 0.000100, 5.000000, 1.000000, 0.001000, 0.000010, 0.000000, 0.000000, 0.950000, 5.000000, 5.945139, -1.093861, -5.117616, 0.903044, 1000, 0.000100, 2.000000, -1.000000, -1.000000, 0.100000, 0.000100, 1.000000, 0.001000, 0.000010, 0.000000, 0.000000, 0.950000, -0.234045, -4.487213, 0.022921, 8.786432, 1000
0.49, 0.000100, 0.200000, 0.470000, -9.810000, 6.000000, 0.000000, 0.000000, 0.000000, 10.000000, -1.000000, 1.000000, -1.000000, 0.100000, 0.000100, 1.000000, 0.001000, 0.000010, 0.000000, 0.000000, 0.950000, 0.023468, 8.963140, -5.138411, 0.945429, -0.239140, -4.575472, 5.942776, -1.139130, 1000, 0.000100, -1.000000, -1.000000, 0.100000, 0.000100, 5.000000, 1.000000, 0.001000, 0.000010, 0.000000, 0.000000, 0.950000, 5.000000, 5.942776, -1.139130, -5.138411, 0.945429, 1000, 0.000100, 2.000000, -1.000000, -1.000000, 0.100000, 0.000100, 1.000000, 0.001000, 0.000010, 0.000000, 0.000000, 0.950000, -0.239140, -4.575472, 0.023468, 8.963140, 1000
0.5, 0.000100, 0.200000, 0.470000, -9.810000, 6.000000, 0.000000, 0.000000, 0.000000, 10.000000, -1.000000, 1.000000, -1.000000, 0.100000, 0.000100, 1.000000, 0.001000, 0.000010, 0.000000, 0.000000, 0.950000, 0.024017, 9.139399, -5.160878, 0.989254, -0.244254, -4.663506, 5.940361, -1.185281, 1000, 0.000100, -1.000000, -1.000000, 0.100000, 0.000100, 5.000000, 1.000000, 0.001000, 0.000010, 0.000000, 0.000000, 0.950000, 5.000000, 5.940361, -1.185281, -5.160878, 0.989254, 1000, 0.000100, 2.000000, -1.000000, -1.000000, 0.100000, 0.000100, 1.000000, 0.001000, 0.000010, 0.000000, 0.000000, 0.950000, -0.244254, -4.663506, 0.024017, 9.139399, 1000
0.51, 0.000100, 0.200000, 0.470000, -9.810000, 6.000000, 0.000000, 0.000000, 0.000000, 10.000000, -1.000000, 1.000000, -1.000000, 0.100000, 0.000100, 1.000000, 0.001000, 0.000010, 0.000000, 0.000000, 0.950000, 0.024570, 9.315207, -5.185077, 1.034579, -0.249391, -4.751314, 5.937896, -1.232311, 1000, 0.000100, -1.000000, -1.000000, 0.100000, 0.000100, 5.000000, 1.000000, 0.001000, 0.000010, 0.000000, 0.000000, 0.950000, 5.000000, 5.937896, -1.232311, -5.185077, 1.034579, 1000, 0.000100, 2.000000, -1.000000, -1.000000, 0.100000, 0.000100, 1.000000, 0.001000, 0.000010, 0.000000, 0.000000, 0.950000, -0.249391, -4.751314, 0.024570, 9.315207, 1000
0.52, 0.000100, 0.200000, 0.470000, -9.810000, 6.000000, 0.000000, 0.000000, 0.000000, 10.000000, -1.000000, 1.000000, -1.000000, 0.100000, 0.000100, 1.000000, 0.001000, 0.000010, 0.000000, 0.000000, 0.950000, 0.025127, 9.490563, -5.211065, 1.081470, -0.254551, -4.838895, 5.935378, -1.280219, 1000, 0.000100, -1.000000, -1.000000, 0.100000, 0.000100, 5.000000, 1.000000, 0.001000, 0.000010, 0.000000, 0.000000, 0.950000, 5.000000, 5.935378, -1.280219, -5.211065, 1.081470, 1000, 0.000100, 2.000000, -1.000000, -1.000000, 0.100000, 0.000100, 1.000000, 0.001000, 0.000010, 0.000000, 0.000000, 0.950000, -0.254551, -4.838895, 0.025127, 9.490563, 1000
0.53, 0.000100, 0.200000, 0.470000, -9.810000, 6.000000, 0.000000, 0.000000, 0.000000, 10.000000, -1.000000, 1.000000, -1.000000, 0.100000, 0.000100, 1.000000, 0.001000, 0.000010, 0.000000, 0.000000, 0.950000, 0.025687, 9.665463, -5.238899, 1.129993, -0.259736, -4.926247, 5.932810, -1.329001, 1000, 0.000100, -1.000000, -1.000000, 0.100000, 0.000100, 5.000000, 1.000000, 0.001000, 0.000010, 0.000000, 0.000000, 0.950000, 5.000000, 5.932810, -1.329001, -5.238899, 1.129993, 1000, 0.000100, 2.000000, -1.000000, -1.000000, 0.100000, 0.000100, 1.000000, 0.001000, 0.000010, 0.000000, 0.000000, 0.950000, -0.259736, -4.926247, 0.025687, 9.665463, 1000
0.54, 0.000100, 0.200000, 0.470000, -9.810000, 6.000000, 0.000000, 0.000000, 0.000000, 10.000000, -1.000000, 1.000000, -1.000000, 0.100000, 0.000100, 1.000000, 0.001000, 0.000010, 0.000000, 0.000000, 0.950000, 0.026252, 9.839905, -5.268636, 1.180220, -0.264949, -5.013370, 5.930189, -1.378655, 1000, 0.000100, -1.000000, -1.000000, 0.100000, 0.000100, 5.000000, 1.000000, 0.001000, 0.000010, 0.000000, 0.000000, 0.950000, 5.000000, 5.930189, -1.378655, -5.268636, 1.180220, 1000, 0.000100, 2.000000, -1.000000, -1.000000, 0.100000, 0.000100, 1.000000, 0.001000, 0.000010, 0.000000, 0.000000, 0.950000, -0.264949, -5.013370, 0.026252, 9.839905, 1000
0.55, 0.000100, 0.200000, 0.470000, -9.810000, 6.000000, 0.000000, 0.000000, 0.000000, 10.000000, -1.000000, 1.000000, -1.000000, 0.100000, 0.000100, 1.000000, 0.001000, 0.000010, 0.000000, 0.000000, 0.950000, 0.026821, 10.013887, -5.300328, 1.232225, -0.270191, -5.100261, 5.927516, -1.429180, 1000, 0.000100, -1.000000, -1.000000, 0.100000, 0.000100, 5.000000, 1.000000, 0.001000, 0.000010, 0.000000, 0.000000, 0.950000, 5.000000, 5.927516, -1.429180, -5.300328, 1.232225, 1000, 0.000100, 2.000000, -1.000000, -1.000000, 0.100000, 0.000100, 1.000000, 0.001000, 0.000010, 0.000000, 0.000000, 0.950000, -0.270191, -5.100261, 0.026821, 10.013887, 1000
0.56, 0.000100, 0.200000, 0.470000, -9.810000, 6.000000, 0.000000, 0.000000, 0.000000, 10.000000, -1.000000, 1.000000, -1.000000, 0.100000, 0.000100, 1.000000, 0.001000, 0.000010, 0.000000, 0.000000, 0.950000, 0.027395, 10.187406, -5.334028, 1.286084, -0.275464, -5.186920, 5.924790, -1.480573, 1000, 0.000100, -1.000000, -1.000000, 0.100000, 0.000100, 5.000000, 1.000000, 0.001000, 0.000010, 0.000000, 0.000000, 0.950000, 5.000000, 5.924790, -1.480573, -5.334028, 1.286084, 1000, 0.000100, 2.000000, -1.000000, -1.000000, 0.100000, 0.000100, 1.000000, 0.001000, 0.000010, 0.000000, 0.000000, 0.950000, -0.275464, -5.186920, 0.027395, 10.187406, 1000
0.57, 0.000100, 0.200000, 0.470000, -9.810000, 6.000000, 0.000000, 0.000000, 0.000000, 10.000000, -1.000000, 1.000000, -1.000000, 0.100000, 0.000100, 1.000000, 0.001000, 0.000010, 0.000000, 0.000000, 0.950000, 0.027974, 10.360458, -5.369786, 1.341880, -0.280770, -5.273345, 5.922012, -1.532831, 1000, 0.000100, -1.000000, -1.000000, 0.100000, 0.000100, 5.000000, 1.000000, 0.001000, 0.000010, 0.000000, 0.000000, 0.950000, 5.000000, 5.922012, -1.532831, -5.369786, 1.341880, 1000, 0.000100, 2.000000, -1.000000, -1.000000, 0.100000, 0.000100, 1.000000, 0.001000, 0.000010, 0.000000, 0.000000, 0.950000, -0.280770, -5.273345, 0.027974, 10.360458, 1000
0.58, 0.000100, 0.200000, 0.470000, -9.810000, 6.000000, 0.000000, 0.000000, 0.000000, 10.000000, -1.000000, 1.000000, -1.000000, 0.100000, 0.000100, 1.000000, 0.001000, 0.000010, 0.000000, 0.000000, 0.950000, 0.028558, 10.533042, -5.407650, 1.399695, -0.286111, -5.359534, 5.919180, -1.585952, 1000, 0.000100, -1.000000, -1.000000, 0.100000, 0.000100, 5.000000, 1.000000, 0.001000, 0.000010, 0.000000, 0.000000, 0.950000, 5.000000, 5.919180, -1.585952, -5.407650, 1.399695, 1000, 0.000100, 2.000000, -1.000000, -1.000000, 0.100000, 0.000100, 1.000000, 0.001000, 0.000010, 0.000000, 0.000000, 0.950000, -0.286111, -5.359534, 0.028558, 10.533042, 1000
0.59, 0.000100, 0.200000, 0.470000, -9.810000, 6.000000, 0.000000, 0.000000, 0.000000, 10.000000, -1.000000, 1.000000, -1.000000, 0.100000, 0.000100, 1.000000, 0.001000, 0.000010, 0.000000, 0.000000, 0.950000, 0.029148, 10.705153, -5.447664, 1.459617, -0.291489, -5.445486, 5.916295, -1.639934, 1000, 0.000100, -1.000000, -1.000000, 0.100000, 0.000100, 5.000000, 1.000000, 0.001000, 0.000010, 0.000000, 0.000000, 0.950000, 5.000000, 5.916295, -1.639934, -5.447664, 1.459617, 1000, 0.000100, 2.000000, -1.000000, -1.000000, 0.100000, 0.000100, 1.000000, 0.001000, 0.000010, 0.000000, 0.000000, 0.950000, -0.291489, -5.445486, 0.029148, 10.705153, 1000
0.6, 0.000100, 0.200000, 0.470000, -9.810000, 6.000000, 0.000000, 0.000000, 0.000000, 10.000000, -1.000000, 1.000000, -1.000000, 0.100000, 0.000100, 1.000000, 0.001000, 0.000010, 0.000000, 0.000000, 0.950000, 0.029744, 10.876788, -5.489873, 1.521735, -0.296907, -5.531199, 5.913355, -1.694775, 1000, 0.000100, -1.000000, -1.000000, 0.100000, 0.000100, 5.000000, 1.000000, 0.001000, 0.000010, 0.000000, 0.000000, 0.950000, 5.000000, 5.913355, -1.694775, -5.489873, 1.521735, 1000, 0.000100, 2.000000, -1.000000, -1.000000, 0.100000, 0.000100, 1.000000, 0.001000, 0.000010, 0.000000, 0.000000, 0.950000, -0.296907, -5.531199, 0.029744, 10.876788, 1000
0.61, 0.000100, 0.200000, 0.470000, -9.810000, 6.000000, 0.000000, 0.000000, 0.000000, 10.000000, -1.000000, 1.000000, -1.000000, 0.100000, 0.000100, 1.000000, 0.001000, 0.000010, 0.000000, 0.000000, 0.950000, 0.030346, 11.047945, -5.534316, 1.586142, -0.302367, -5.616672, 5.910362, -1.750471, 1000, 0.000100, -1.000000, -1.000000, 0.100000, 0.000100, 5.000000, 1.000000, 0.001000, 0.000010, 0.000000, 0.000000, 0.950000, 5.000000, 5.910362, -1.750471, -5.534316, 1.586142, 1000, 0.000100, 2.000000, -1.000000, -1.000000, 0.100000, 0.000100, 1.000000, 0.001000, 0.000010, 0.000000, 0.000000, 0.950000, -0.302367, -5.616672, 0.030346, 11.047945, 1000
0.62, 0.000100, 0.200000, 0.470000, -9.810000, 6.000000, 0.000000, 0.000000, 0.000000, 10.000000, -1.000000, 1.000000, -1.000000, 0.100000, 0.000100, 1.000000, 0.001000, 0.000010, 0.000000, 0.000000, 0.950000, 0.030954, 11.218618, -5.581030, 1.652933, -0.307870, -5.701902, 5.907313, -1.807022, 1000, 0.000100, -1.000000, -1.000000, 0.100000, 0.000100, 5.000000, 1.000000, 0.001000, 0.000010, 0.000000, 0.000000, 0.950000, 5.000000, 5.907313, -1.807022, -5.581030, 1.652933, 1000, 0.000100, 2.000000, -1.000000, -1.000000, 0.100000, 0.000100, 1.000000, 0.001000, 0.000010, 0.000000, 0.000000, 0.950000, -0.307870, -5.701902, 0.030954, 11.218618, 1000
0.63, 0.000100, 0.200000, 0.470000, -9.810000, 6.000000, 0.000000, 0.000000, 0.000000, 10.000000, -1.000000, 1.000000, -1.000000, 0.100000, 0.000100, 1.000000, 0.001000, 0.000010, 0.000000, 0.000000, 0.950000, 0.031570, 11.388805, -5.630050, 1.722208, -0.313419, -5.786887, 5.904210, -1.864423, 1000, 0.000100, -1.000000, -1.000000, 0.100000, 0.000100, 5.000000, 1.000000, 0.001000, 0.000010, 0.000000, 0.000000, 0.950000, 5.000000, 5.904210, -1.864423, -5.630050, 1.722208, 1000, 0.000100, 2.000000, -1.000000, -1.000000, 0.100000, 0.000100, 1.000000, 0.001000, 0.000010, 0.000000, 0.000000, 0.950000, -0.313419, -5.786887, 0.031570, 11.388805, 1000
0.64, 0.000100, 0.200000, 0.470000, -9.810000, 6.000000, 0.000000, 0.000000, 0.000000, 10.000000, -1.000000, 1.000000, -1.000000, 0.100000, 0.000100, 1.000000, 0.001000, 0.000010, 0.000000, 0.000000, 0.950000, 0.032193, 11.558501, -5.681406, 1.794067, -0.319017, -5.871625, 5.901050, -1.922673, 1000, 0.000100, -1.000000, -1.000000, 0.100000, 0.000100, 5.000000, 1.000000, 0.001000, 0.000010, 0.000000, 0.000000, 0.950000, 5.000000, 5.901050, -1.922673, -5.681406, 1.794067, 1000, 0.000100, 2.000000, -1.000000, -1.000000, 0.100000, 0.000100, 1.000000, 0.001000, 0.000010, 0.000000, 0.000000, 0.950000, -0.319017, -5.871625, 0.032193, 11.558501, 1000
0.65, 0.000100, 0.200000, 0.470000, -9.810000, 6.000000, 0.000000, 0.000000, 0.000000, 10.000000, -1.000000, 1.000000, -1.000000, 0.100000, 0.000100, 1.000000, 0.001000, 0.000010, 0.000000, 0.000000, 0.950000, 0.032823, 11.727701, -5.735127, 1.868612, -0.324666, -5.956115, 5.897835, -1.981770, 1000, 0.000100, -1.000000, -1.000000, 0.100000, 0.000100, 5.000000, 1.000000, 0.001000, 0.000010, 0.000000, 0.000000, 0.950000, 5.000000, 5.897835, -1.981770, -5.735127, 1.868612, 1000, 0.000100, 2.000000, -1.000000, -1.000000, 0.100000, 0.000100, 1.000000, 0.001000, 0.000010, 0.000000, 0.000000, 0.950000, -0.324666, -5.956115, 0.032823, 11.727701, 1000
0.66, 0.000100, 0.200000, 0.470000, -9.810000, 6.000000, 0.000000, 0.000000, 0.000000, 10.000000, -1.000000, 1.000000, -1.000000, 0.100000, 0.000100, 1.000000, 0.001000, 0.000010, 0.000000, 0.000000, 0.950000, 0.033461, 11.896402, -5.791235, 1.945950, -0.330367, -6.040353, 5.894562, -2.041710, 1000, 0.000100, -1.000000, -1.000000, 0.100000, 0.000100, 5.000000, 1.000000, 0.001000, 0.000010, 0.000000, 0.000000, 0.950000, 5.000000, 5.894562, -2.041710, -5.791235, 1.945950, 1000, 0.000100, 2.000000, -1.000000, -1.000000, 0.100000, 0.000100, 1.000000, 0.001000, 0.000010, 0.000000, 0.000000, 0.950000, -0.330367, -6.040353, 0.033461, 11.896402, 1000
0.67, 0.000100, 0.200000, 0.470000, -9.810000, 6.000000, 0.000000, 0.000000, 0.000000, 10.000000, -1.000000, 1.000000, -1.000000, 0.100000, 0.000100, 1.000000, 0.001000, 0.000010, 0.000000, 0.000000, 0.950000, 0.034108, 12.064600, -5.849751, 2.026189, -0.336124, -6.124338, 5.891233, -2.102491, 1000, 0.000100, -1.000000, -1.000000, 0.100000, 0.000100, 5.000000, 1.000000, 0.001000, 0.000010, 0.000000, 0.000000, 0.950000, 5.000000, 5.891233, -2.102491, -5.849751, 2.026189, 1000, 0.000100, 2.000000, -1.000000, -1.000000, 0.100000, 0.000100, 1.000000, 0.001000, 0.000010, 0.000000, 0.000000, 0.950000, -0.336124, -6.124338, 0.034108, 12.064600, 1000
0.68, 0.000100, 0.200000, 0.470000, -9.810000, 6.000000, 0.000000, 0.000000, 0.000000, 10.000000, -1.000000, 1.000000, -1.000000, 0.100000, 0.000100, 1.000000, 0.001000, 0.000010, 0.000000, 0.000000, 0.950000, 0.034764, 12.232288, -5.910691, 2.109436, -0.341939, -6.208067, 5.887845, -2.164112, 1000, 0.000100, -1.000000, -1.000000, 0.100000, 0.000100, 5.000000, 1.000000, 0.001000, 0.000010, 0.000000, 0.000000, 0.950000, 5.000000, 5.887845, -2.164112, -5.910691, 2.109436, 1000, 0.000100, 2.000000, -1.000000, -1.000000, 0.100000, 0.000100, 1.000000, 0.001000, 0.000010, 0.000000, 0.000000, 0.950000, -0.341939, -6.208067, 0.034764, 12.232288, 1000
0.69, 0.000100, 0.200000, 0.470000, -9.810000, 6.000000, 0.000000, 0.000000, 0.000000, 10.000000, -1.000000, 1.000000, -1.000000, 0.100000, 0.000100, 1.000000, 0.001000, 0.000010, 0.000000, 0.000000, 0.950000, 0.035429, 12.399462, -5.974069, 2.195803, -0.347814, -6.291537, 5.884399, -2.226568, 1000, 0.000100, -1.000000, -1.000000, 0.100000, 0.000100, 5.000000, 1.000000, 0.001000, 0.000010, 0.000000, 0.000000, 0.950000, 5.000000, 5.884399, -2.226568, -5.974069, 2.195803, 1000, 0.000100, 2.000000, -1.000000, -1.000000, 0.100000, 0.000100, 1.000000, 0.001000, 0.000010, 0.000000, 0.000000, 0.950000, -0.347814, -6.291537, 0.035429, 12.399462, 1000
0.7, 0.000100, 0.200000, 0.470000, -9.810000, 6.000000, 0.000000, 0.000000, 0.000000, 10.000000, -1.000000, 1.000000, -1.000000, 0.100000, 0.000100, 1.000000, 0.001000, 0.000010, 0.000000, 0.000000, 0.950000, 0.036103, 12.566116, -6.039891, 2.285403, -0.353752, -6.374746, 5.880895, -2.289858, 1000, 0.000100, -1.000000, -1.000000, 0.100000, 0.000100, 5.000000, 1.000000, 0.001000, 0.000010, 0.000000, 0.000000, 0.950000, 5.000000, 5.880895, -2.289858, -6.039891, 2.285403, 1000, 0.000100, 2.000000, -1.000000, -1.000000, 0.100000, 0.000100, 1.000000, 0.001000, 0.000010, 0.000000, 0.000000, 0.950000, -0.353752, -6.374746, 0.036103, 12.566116, 1000
0.71, 0.000100, 0.200000, 0.470000, -9.810000, 6.000000, 0.000000, 0.000000, 0.000000, 10.000000, -1.000000, 1.000000, -1.000000, 0.100000, 0.000100, 1.000000, 0.001000, 0.000010, 0.000000, 0.000000, 0.950000, 0.036788, 12.732246, -6.108163, 2.378349, -0.359754, -6.457691, 5.877330, -2.353978, 1000, 0.000100, -1.000000, -1.000000, 0.100000, 0.000100, 5.000000, 1.000000, 0.001000, 0.000010, 0.000000, 0.000000, 0.950000, 5.000000, 5.877330, -2.353978, -6.108163, 2.378349, 1000, 0.000100, 2.000000, -1.000000, -1.000000, 0.100000, 0.000100, 1.000000, 0.001000, 0.000010, 0.000000, 0.000000, 0.950000, -0.359754, -6.457691, 0.036788, 12.732246, 1000
0.72, 0.000100, 0.200000, 0.470000, -9.810000, 6.000000, 0.000000, 0.000000, 0.000000, 10.000000, -1.000000, 1.000000, -1.000000, 0.100000, 0.000100, 1.000000, 0.001000, 0.000010, 0.000000, 0.000000, 0.950000, 0.037482, 12.897846, -6.178883, 2.474756, -0.365825, -6.540369, 5.873705, -2.418927, 1000, 0.000100, -1.000000, -1.000000, 0.100000, 0.000100, 5.000000, 1.000000, 0.001000, 0.000010, 0.000000, 0.000000, 0.950000, 5.000000, 5.873705, -2.418927, -6.178883, 2.474756, 1000, 0.000100, 2.000000, -1.000000, -1.000000, 0.100000, 0.000100, 1.000000, 0.001000, 0.000010, 0.000000, 0.000000, 0.950000, -0.365825, -6.540369, 0.037482, 12.897846, 1000
0.73, 0.000100, 0.200000, 0.470000, -9.810000, 6.000000, 0.000000, 0.000000, 0.000000, 10.000000, -1.000000, 1.000000, -1.000000, 0.100000, 0.000100, 1.000000, 0.001000, 0.000010, 0.000000, 0.000000, 0.950000, 0.038188, 13.062909, -6.252048, 2.574738, -0.371965, -6.622777, 5.870019, -2.484702, 1000, 0.000100, -1.000000, -1.000000, 0.100000, 0.000100, 5.000000, 1.000000, 0.001000, 0.000010, 0.000000, 0.000000, 0.950000, 5.000000, 5.870019, -2.484702, -6.252048, 2.574738, 1000, 0.000100, 2.000000, -1.000000, -1.000000, 0.100000, 0.000100, 1.000000, 0.001000, 0.000010, 0.000000, 0.000000, 0.950000, -0.371965, -6.622777, 0.038188, 13.062909, 1000
0.74, 0.000100, 0.200000, 0.470000, -9.810000, 6.000000, 0.000000, 0.000000, 0.000000, 10.000000, -1.000000, 1.000000, -1.000000, 0.100000, 0.000100, 1.000000, 0.001000, 0.000010, 0.000000, 0.000000, 0.950000, 0.038905, 13.227430, -6.327650, 2.678411, -0.378178, -6.704912, 5.866272, -2.551299, 1000, 0.000100, -1.000000, -1.000000, 0.100000, 0.000100, 5.000000, 1.000000, 0.001000, 0.000010, 0.000000, 0.000000, 0.950000, 5.000000, 5.866272, -2.551299, -6.327650, 2.678411, 1000, 0.000100, 2.000000, -1.000000, -1.000000, 0.100000, 0.000100, 1.000000, 0.001000, 0.000010, 0.000000, 0.000000, 0.950000, -0.378178, -6.704912, 0.038905, 13.227430, 1000
0.75, 0.000100, 0.200000, 0.470000, -9.810000, 6.000000, 0.000000, 0.000000, 0.000000, 10.000000, -1.000000, 1.000000, -1.000000, 0.100000, 0.000100, 1.000000, 0.001000, 0.000010, 0.000000, 0.000000, 0.950000, 0.039633, 13.391401, -6.405674, 2.785890, -0.384466, -6.786771, 5.862462, -2.618717, 1000, 0.000100, -1.000000, -1.000000, 0.100000, 0.000100, 5.000000, 1.000000, 0.001000, 0.000010, 0.000000, 0.000000, 0.950000, 5.000000, 5.862462, -2.618717, -6.405674, 2.785890, 1000, 0.000100, 2.000000, -1.000000, -1.000000, 0.100000, 0.000100, 1.000000, 0.001000, 0.000010, 0.000000, 0.000000, 0.950000, -0.384466, -6.786771, 0.039633, 13.391401, 1000
0.76, 0.000100, 0.200000, 0.470000, -9.810000, 6.000000, 0.000000, 0.000000, 0.000000, 10.000000, -1.000000, 1.000000, -1.000000, 0.100000, 0.000100, 1.000000, 0.001000, 0.000010, 0.000000, 0.000000, 0.950000, 0.040374, 13.554818, -6.486103, 2.897292, -0.390831, -6.868350, 5.858588, -2.686952, 1000, 0.000100, -1.000000, -1.000000, 0.100000, 0.000100, 5.000000, 1.000000, 0.001000, 0.000010, 0.000000, 0.000000, 0.950000, 5.000000, 5.858588, -2.686952, -6.486103, 2.897292, 1000, 0.000100, 2.000000, -1.000000, -1.000000, 0.100000, 0.000100, 1.000000, 0.001000, 0.000010, 0.000000, 0.000000, 0.950000, -0.390831, -6.868350, 0.040374, 13.554818, 1000
0.77, 0.000100, 0.200000, 0.470000, -9.810000, 6.000000, 0.000000, 0.000000, 0.000000, 10.000000, -1.000000, 1.000000, -1.000000, 0.100000, 0.000100, 1.000000, 0.001000, 0.000010, 0.000000, 0.000000, 0.950000, 0.041127, 13.717672, -6.568915, 3.012732, -0.397275, -6.949646, 5.854651, -2.756001, 1000, 0.000100, -1.000000, -1.000000, 0.100000, 0.000100, 5.000000, 1.000000, 0.001000, 0.000010, 0.000000, 0.000000, 0.950000, 5.000000, 5.854651, -2.756001, -6.568915, 3.012732, 1000, 0.000100, 2.000000, -1.000000, -1.000000, 0.100000, 0.000100, 1.000000, 0.001000, 0.000010, 0.000000, 0.000000, 0.950000, -0.397275, -6.949646, 0.041127, 13.717672, 1000
0.78, 0.000100, 0.200000, 0.470000, -9.810000, 6.000000, 0.000000, 0.000000, 0.000000, 10.000000, -1.000000, 1.000000, -1.000000, 0.100000, 0.000100, 1.000000, 0.001000, 0.000010, 0.000000, 0.000000, 0.950000, 0.041894, 13.879958, -6.654084, 3.132324, -0.403802, -7.030655, 5.850649, -2.825862, 1000, 0.000100, -1.000000, -1.000000, 0.100000, 0.000100, 5.000000, 1.000000, 0.001000, 0.000010, 0.000000, 0.000000, 0.950000, 5.000000, 5.850649, -2.825862, -6.654084, 3.132324, 1000, 0.000100, 2.000000, -1.000000, -1.000000, 0.100000, 0.000100, 1.000000, 0.001000, 0.000010, 0.000000, 0.000000, 0.950000, -0.403802, -7.030655, 0.041894, 13.879958, 1000
0.79, 0.000100, 0.200000, 0.470000, -9.810000, 6.000000, 0.000000, 0.000000, 0.000000, 10.000000, -1.000000, 1.000000, -1.000000, 0.100000, 0.000100, 1.000000, 0.001000, 0.000010, 0.000000, 0.000000, 0.950000, 0.042673, 14.041667, -6.741579, 3.256181, -0.410413, -7.111374, 5.846581, -2.896532, 1000, 0.000100, -1.000000, -1.000000, 0.100000, 0.000100, 5.000000, 1.000000, 0.001000, 0.000010, 0.000000, 0.000000, 0.950000, 5.000000, 5.846581, -2.896532, -6.741579, 3.256181, 1000, 0.000100, 2.000000, -1.000000, -1.000000, 0.100000, 0.000100, 1.000000, 0.001000, 0.000010, 0.000000, 0.000000, 0.950000, -0.410413, -7.111374, 0.042673, 14.041667, 1000
0.8, 0.000100, 0.200000, 0.470000, -9.810000, 6.000000, 0.000000, 0.000000, 0.000000, 10.000000, -1.000000, 1.000000, -1.000000, 0.100000, 0.000100, 1.000000, 0.001000, 0.000010, 0.000000, 0.000000, 0.950000, 0.043467, 14.202792, -6.831365, 3.384416, -0.417111, -7.191799, 5.842447, -2.968007, 1000, 0.000100, -1.000000, -1.000000, 0.100000, 0.000100, 5.000000, 1.000000, 0.001000, 0.000010, 0.000000, 0.000000, 0.950000, 5.000000, 5.842447, -2.968007, -6.831365, 3.384416, 1000, 0.000100, 2.000000, -1.000000, -1.000000, 0.100000, 0.000100, 1.000000, 0.001000, 0.000010, 0.000000, 0.000000, 0.950000, -0.417111, -7.191799, 0.043467, 14.202792, 1000
0.81, 0.000100, 0.200000, 0.470000, -9.810000, 6.000000, 0.000000, 0.000000, 0.000000, 10.000000, -1.000000, 1.000000, -1.000000, 0.100000, 0.000100, 1.000000, 0.001000, 0.000010, 0.000000, 0.000000, 0.950000, 0.044275, 14.363326, -6.923402, 3.517141, -0.423897, -7.271926, 5.838245, -3.040286, 1000, 0.000100, -1.000000, -1.000000, 0.100000, 0.000100, 5.000000, 1.000000, 0.001000, 0.000010, 0.000000, 0.000000, 0.950000, 5.000000, 5.838245, -3.040286, -6.923402, 3.517141, 1000, 0.000100, 2.000000, -1.000000, -1.000000, 0.100000, 0.000100, 1.000000, 0.001000, 0.000010, 0.000000, 0.000000, 0.950000, -0.423897, -7.271926, 0.044275, 14.363326, 1000
0.82, 0.000100, 0.200000, 0.470000, -9.810000, 6.000000, 0.000000, 0.000000, 0.000000, 10.000000, -1.000000, 1.000000, -1.000000, 0.100000, 0.000100, 1.000000, 0.001000, 0.000010, 0.000000, 0.000000, 0.950000, 0.045098, 14.523261, -7.017648, 3.654464, -0.430775, -7.351751, 5.833975, -3.113364, 1000, 0.000100, -1.000000, -1.000000, 0.100000, 0.000100, 5.000000, 1.000000, 0.001000, 0.000010, 0.000000, 0.000000, 0.950000, 5.000000, 5.833975, -3.113364, -7.017648, 3.654464, 1000, 0.000100, 2.000000, -1.000000, -1.000000, 0.100000, 0.000100, 1.000000, 0.001000, 0.000010, 0.000000, 0.000000, 0.950000, -0.430775, -7.351751, 0.045098, 14.523261, 1000
0.83, 0.000100, 0.200000, 0.470000, -9.810000, 6.000000, 0.000000, 0.000000, 0.000000, 10.000000, -1.000000, 1.000000, -1.000000, 0.100000, 0.000100, 1.000000, 0.001000, 0.000010, 0.000000, 0.000000, 0.950000, 0.045936, 14.682588, -7.114053, 3.796492, -0.437746, -7.431271, 5.829636, -3.187240, 1000, 0.000100, -1.000000, -1.000000, 0.100000, 0.000100, 5.000000, 1.000000, 0.001000, 0.000010, 0.000000, 0.000000, 0.950000, 5.000000, 5.829636, -3.187240, -7.114053, 3.796492, 1000, 0.000100, 2.000000, -1.000000, -1.000000, 0.100000, 0.000100, 1.000000, 0.001000, 0.000010, 0.000000, 0.000000, 0.950000, -0.437746, -7.431271, 0.045936, 14.682588, 1000
0.84, 0.000100, 0.200000, 0.470000, -9.810000, 6.000000, 0.000000, 0.000000, 0.000000, 10.000000, -1.000000, 1.000000, -1.000000, 0.100000, 0.000100, 1.000000, 0.001000, 0.000010, 0.000000, 0.000000, 0.950000, 0.046790, 14.841300, -7.212568, 3.943331, -0.444813, -7.510480, 5.825227, -3.261909, 1000, 0.000100, -1.000000, -1.000000, 0.100000, 0.000100, 5.000000, 1.000000, 0.001000, 0.000010, 0.000000, 0.000000, 0.950000, 5.000000, 5.825227, -3.261909, -7.212568, 3.943331, 1000, 0.000100, 2.000000, -1.000000, -1.000000, 0.100000, 0.000100, 1.000000, 0.001000, 0.000010, 0.000000, 0.000000, 0.950000, -0.444813, -7.510480, 0.046790, 14.841300, 1000
0.85, 0.000100, 0.200000, 0.470000, -9.810000, 6.000000, 0.000000, 0.000000, 0.000000, 10.000000, -1.000000, 1.000000, -1.000000, 0.100000, 0.000100, 1.000000, 0.001000, 0.000010, 0.000000, 0.000000, 0.950000, 0.047660, 14.999388, -7.313136, 4.095082, -0.451977, -7.589375, 5.820747, -3.337369, 1000, 0.000100, -1.000000, -1.000000, 0.100000, 0.000100, 5.000000, 1.000000, 0.001000, 0.000010, 0.000000, 0.000000, 0.950000, 5.000000, 5.820747, -3.337369, -7.313136, 4.095082, 1000, 0.000100, 2.000000, -1.000000, -1.000000, 0.100000, 0.000100, 1.000000, 0.001000, 0.000010, 0.000000, 0.000000, 0.950000, -0.451977, -7.589375, 0.047660, 14.999388, 1000
0.86, 0.000100, 0.200000, 0.470000, -9.810000, 6.000000, 0.000000, 0.000000, 0.000000, 10.000000, -1.000000, 1.000000, -1.000000, 0.100000, 0.000100, 1.000000, 0.001000, 0.000010, 0.000000, 0.000000, 0.950000, 0.048547, 15.156844, -7.415698, 4.251846, -0.459241, -7.667951, 5.816194, -3.413616, 1000, 0.000100, -1.000000, -1.000000, 0.100000, 0.000100, 5.000000, 1.000000, 0.001000, 0.000010, 0.000000, 0.000000, 0.950000, 5.000000, 5.816194, -3.413616, -7.415698, 4.251846, 1000, 0.000100, 2.000000, -1.000000, -1.000000, 0.100000, 0.000100, 1.000000, 0.001000, 0.000010, 0.000000, 0.000000, 0.950000, -0.459241, -7.667951, 0.048547, 15.156844, 1000
0.87, 0.000100, 0.200000, 0.470000, -9.810000, 6.000000, 0.000000, 0.000000, 0.000000, 10.000000, -1.000000, 1.000000, -1.000000, 0.100000, 0.000100, 1.000000, 0.001000, 0.000010, 0.000000, 0.000000, 0.950000, 0.049452, 15.313659, -7.520192, 4.413720, -0.466607, -7.746204, 5.811569, -3.490648, 1000, 0.000100, -1.000000, -1.000000, 0.100000, 0.000100, 5.000000, 1.000000, 0.001000, 0.000010, 0.000000, 0.000000, 0.950000, 5.000000, 5.811569, -3.490648, -7.520192, 4.413720, 1000, 0.000100, 2.000000, -1.000000, -1.000000, 0.100000, 0.000100, 1.000000, 0.001000, 0.000010, 0.000000, 0.000000, 0.950000, -0.466607, -7.746204, 0.049452, 15.313659, 1000
0.88, 0.000100, 0.200000, 0.470000, -9.810000, 6.000000, 0.000000, 0.000000, 0.000000, 10.000000, -1.000000, 1.000000, -1.000000, 0.100000, 0.000100, 1.000000, 0.001000, 0.000010, 0.000000, 0.000000, 0.950000, 0.050373, 15.469823, -7.626552, 4.580796, -0.474076, -7.824130, 5.806869, -3.568460, 1000, 0.000100, -1.000000, -1.000000, 0.100000, 0.000100, 5.000000, 1.000000, 0.001000, 0.000010, 0.000000, 0.000000, 0.950000, 5.000000, 5.806869, -3.568460, -7.626552, 4.580796, 1000, 0.000100, 2.000000, -1.000000, -1.000000, 0.100000, 0.000100, 1.000000, 0.001000, 0.000010, 0.000000, 0.000000, 0.950000, -0.474076, -7.824130, 0.050373, 15.469823, 1000
0.89, 0.000100, 0.200000, 0.470000, -9.810000, 6.000000, 0.000000, 0.000000, 0.000000, 10.000000, -1.000000, 1.000000, -1.000000, 0.100000, 0.000100, 1.000000, 0.001000, 0.000010, 0.000000, 0.000000, 0.950000, 0.051313, 15.625327, -7.734709, 4.753164, -0.481650, -7.901723, 5.802094, -3.647051, 1000, 0.000100, -1.000000, -1.000000, 0.100000, 0.000100, 5.000000, 1.000000, 0.001000, 0.000010, 0.000000, 0.000000, 0.950000, 5.000000, 5.802094, -3.647051, -7.734709, 4.753164, 1000, 0.000100, 2.000000, -1.000000, -1.000000, 0.100000, 0.000100, 1.000000, 0.001000, 0.000010, 0.000000, 0.000000, 0.950000, -0.481650, -7.901723, 0.051313, 15.625327, 1000
0.9, 0.000100, 0.200000, 0.470000, -9.810000, 6.000000, 0.000000, 0.000000, 0.000000, 10.000000, -1.000000, 1.000000, -1.000000, 0.100000, 0.000100, 1.000000, 0.001000, 0.000010, 0.000000, 0.000000, 0.950000, 0.052272, 15.780163, -7.844590, 4.930913, -0.489332, -7.978980, 5.797243, -3.726416, 1000, 0.000100, -1.000000, -1.000000, 0.100000, 0.000100, 5.000000, 1.000000, 0.001000, 0.000010, 0.000000, 0.000000, 0.950000, 5.000000, 5.797243, -3.726416, -7.844590, 4.930913, 1000, 0.000100, 2.000000, -1.000000, -1.000000, 0.100000, 0.000100, 1.000000, 0.001000, 0.000010, 0.000000, 0.000000, 0.950000, -0.489332, -7.978980, 0.052272, 15.780163, 1000
0.91, 0.000100, 0.200000, 0.470000, -9.810000, 6.000000, 0.000000, 0.000000, 0.000000, 10.000000, -1.000000, 1.000000, -1.000000, 0.100000, 0.000100, 1.000000, 0.001000, 0.000010, 0.000000, 0.000000, 0.950000, 0.053250, 15.934321, -7.956120, 5.114123, -0.497122, -8.055895, 5.792315, -3.806552, 1000, 0.000100, -1.000000, -1.000000, 0.100000, 0.000100, 5.000000, 1.000000, 0.001000, 0.000010, 0.000000, 0.000000, 0.950000, 5.000000, 5.792315, -3.806552, -7.956120, 5.114123, 1000, 0.000100, 2.000000, -1.000000, -1.000000, 0.100000, 0.000100, 1.000000, 0.001000, 0.000010, 0.000000, 0.000000, 0.950000, -0.497122, -8.055895, 0.053250, 15.934321, 1000
0.92, 0.000100, 0.200000, 0.470000, -9.810000, 6.000000, 0.000000, 0.000000, 0.000000, 10.000000, -1.000000, 1.000000, -1.000000, 0.100000, 0.000100, 1.000000, 0.001000, 0.000010, 0.000000, 0.000000, 0.950000, 0.054247, 16.087790, -8.069223, 5.302874, -0.505023, -8.132463, 5.787308, -3.887455, 1000, 0.000100, -1.000000, -1.000000, 0.100000, 0.000100, 5.000000, 1.000000, 0.001000, 0.000010, 0.000000, 0.000000, 0.950000, 5.000000, 5.787308, -3.887455, -8.069223, 5.302874, 1000, 0.000100, 2.000000, -1.000000, -1.000000, 0.100000, 0.000100, 1.000000, 0.001000, 0.000010, 0.000000, 0.000000, 0.950000, -0.505023, -8.132463, 0.054247, 16.087790, 1000
0.93, 0.000100, 0.200000, 0.470000, -9.810000, 6.000000, 0.000000, 0.000000, 0.000000, 10.000000, -1.000000, 1.000000, -1.000000, 0.100000, 0.000100, 1.000000, 0.001000, 0.000010, 0.000000, 0.000000, 0.950000, 0.055264, 16.240562, -8.183818, 5.497241, -0.513036, -8.208680, 5.782221, -3.969123, 1000, 0.000100, -1.000000, -1.000000, 0.100000, 0.000100, 5.000000, 1.000000, 0.001000, 0.000010, 0.000000, 0.000000, 0.950000, 5.000000, 5.782221, -3.969123, -8.183818, 5.497241, 1000, 0.000100, 2.000000, -1.000000, -1.000000, 0.100000, 0.000100, 1.000000, 0.001000, 0.000010, 0.000000, 0.000000, 0.950000, -0.513036, -8.208680, 0.055264, 16.240562, 1000
0.94, 0.000100, 0.200000, 0.470000, -9.810000, 6.000000, 0.000000, 0.000000, 0.000000, 10.000000, -1.000000, 1.000000, -1.000000, 0.100000, 0.000100, 1.000000, 0.001000, 0.000010, 0.000000, 0.000000, 0.950000, 0.056302, 16.392626, -8.299823, 5.697294, -0.521163, -8.284541, 5.777055, -4.051551, 1000, 0.000100, -1.000000, -1.000000, 0.100000, 0.000100, 5.000000, 1.000000, 0.001000, 0.000010, 0.000000, 0.000000, 0.950000, 5.000000, 5.777055, -4.051551, -8.299823, 5.697294, 1000, 0.000100, 2.000000, -1.000000, -1.000000, 0.100000, 0.000100, 1.000000, 0.001000, 0.000010, 0.000000, 0.000000, 0.950000, -0.521163, -8.284541, 0.056302, 16.392626, 1000
0.95, 0.000100, 0.200000, 0.470000, -9.810000, 6.000000, 0.000000, 0.000000, 0.000000, 10.000000, -1.000000, 1.000000, -1.000000, 0.100000, 0.000100, 1.000000, 0.001000, 0.000010, 0.000000, 0.000000, 0.950000, 0.057361, 16.543973, -8.417154, 5.903100, -0.529404, -8.360040, 5.771806, -4.134736, 1000, 0.000100, -1.000000, -1.000000, 0.100000, 0.000100, 5.000000, 1.000000, 0.001000, 0.000010, 0.000000, 0.000000, 0.950000, 5.000000, 5.771806, -4.134736, -8.417154, 5.903100, 1000, 0.000100, 2.000000, -1.000000, -1.000000, 0.100000, 0.000100, 1.000000, 0.001000, 0.000010, 0.000000, 0.000000, 0.950000, -0.529404, -8.360040, 0.057361, 16.543973, 1000
0.96, 0.000100, 0.200000, 0.470000, -9.810000, 6.000000, 0.000000, 0.000000, 0.000000, 10.000000, -1.000000, 1.000000, -1.000000, 0.100000, 0.000100, 1.000000, 0.001000, 0.000010, 0.000000, 0.000000, 0.950000, 0.058441, 16.694592, -8.535726, 6.114720, -0.537762, -8.435173, 5.766474, -4.218675, 1000, 0.000100, -1.000000, -1.000000, 0.100000, 0.000100, 5.000000, 1.000000, 0.001000, 0.000010, 0.000000, 0.000000, 0.950000, 5.000000, 5.766474, -4.218675, -8.535726, 6.114720, 1000, 0.000100, 2.000000, -1.000000, -1.000000, 0.100000, 0.000100, 1.000000, 0.001000, 0.000010, 0.000000, 0.000000, 0.950000, -0.537762, -8.435173, 0.058441, 16.694592, 1000
0.97, 0.000100, 0.200000, 0.470000, -9.810000, 6.000000, 0.000000, 0.000000, 0.000000, 10.000000, -1.000000, 1.000000, -1.000000, 0.100000, 0.000100, 1.000000, 0.001000, 0.000010, 0.000000, 0.000000, 0.950000, 0.059543, 16.844472, -8.655451, 6.332211, -0.546237, -8.509934, 5.761058, -4.303363, 1000, 0.000100, -1.000000, -1.000000, 0.100000, 0.000100, 5.000000, 1.000000, 0.001000, 0.000010, 0.000000, 0.000000, 0.950000, 5.000000, 5.761058, -4.303363, -8.655451, 6.332211, 1000, 0.000100, 2.000000, -1.000000, -1.000000, 0.100000, 0.000100, 1.000000, 0.001000, 0.000010, 0.000000, 0.000000, 0.950000, -0.546237, -8.509934, 0.059543, 16.844472, 1000
0.98, 0.000100, 0.200000, 0.470000, -9.810000, 6.000000, 0.000000, 0.000000, 0.000000, 10.000000, -1.000000, 1.000000, -1.000000, 0.100000, 0.000100, 1.000000, 0.001000, 0.000010, 0.000000, 0.000000, 0.950000, 0.060667, 16.993605, -8.776241, 6.555627, -0.554831, -8.584318, 5.755557, -4.388797, 1000, 0.000100, -1.000000, -1.000000, 0.100000, 0.000100, 5.000000, 1.000000, 0.001000, 0.000010, 0.000000, 0.000000, 0.950000, 5.000000, 5.755557, -4.388797, -8.776241, 6.555627, 1000, 0.000100, 2.000000, -1.000000, -1.000000, 0.100000, 0.000100, 1.000000, 0.001000, 0.000010, 0.000000, 0.000000, 0.950000, -0.554831, -8.584318, 0.060667, 16.993605, 1000
0.99, 0.000100, 0.200000, 0.470000, -9.810000, 6.000000, 0.000000, 0.000000, 0.000000, 10.000000, -1.000000, 1.000000, -1.000000, 0.100000, 0.000100, 1.000000, 0.001000, 0.000010, 0.000000, 0.000000, 0.950000, 0.061814, 17.141978, -8.898007, 6.785016, -0.563544, -8.658321, 5.749970, -4.474973, 1000, 0.000100, -1.000000, -1.000000, 0.100000, 0.000100, 5.000000, 1.000000, 0.001000, 0.000010, 0.000000, 0.000000, 0.950000, 5.000000, 5.749970, -4.474973, -8.898007, 6.785016, 1000, 0.000100, 2.000000, -1.000000, -1.000000, 0.100000, 0.000100, 1.000000, 0.001000, 0.000010, 0.000000, 0.000000, 0.950000, -0.563544, -8.658321, 0.061814, 17.141978, 1000
1, 0.000100, 0.200000, 0.470000, -9.810000, 6.000000, 0.000000, 0.000000, 0.000000, 10.000000, -1.000000, 1.000000, -1.000000, 0.100000, 0.000100, 1.000000, 0.001000, 0.000010, 0.000000, 0.000000, 0.950000, 0.062985, 17.289582, -9.020658, 7.020420, -0.572378, -8.731936, 5.744295, -4.561888, 1000, 0.000100, -1.000000, -1.000000, 0.100000, 0.000100, 5.000000, 1.000000, 0.001000, 0.000010, 0.000000, 0.000000, 0.950000, 5.000000, 5.744295, -4.561888, -9.020658, 7.020420, 1000, 0.000100, 2.000000, -1.000000, -1.000000, 0.100000, 0.000100, 1.000000, 0.001000, 0.000010, 0.000000, 0.000000, 0.950000, -0.572378, -8.731936, 0.062985, 17.289582, 1000
1.01, 0.000100, 0.200000, 0.470000, -9.810000, 6.000000, 0.000000, 0.000000, 0.000000, 10.000000, -1.000000, 1.000000, -1.000000, 0.100000, 0.000100, 1.000000, 0.001000, 0.000010, 0.000000, 0.000000, 0.950000, 0.064179, 17.436405, -9.144104, 7.261879, -0.581333, -8.805159, 5.738531, -4.649537, 1000, 0.000100, -1.000000, -1.000000, 0.100000, 0.000100, 5.000000, 1.000000, 0.001000, 0.000010, 0.000000, 0.000000, 0.950000, 5.000000, 5.738531, -4.649537, -9.144104, 7.261879, 1000, 0.000100, 2.000000, -1.000000, -1.000000, 0.100000, 0.000100, 1.000000, 0.001000, 0.000010, 0.000000, 0.000000, 0.950000, -0.581333, -8.805159, 0.064179, 17.436405, 1000
1.02, 0.000100, 0.200000, 0.470000, -9.810000, 6.000000, 0.000000, 0.000000, 0.000000, 10.000000, -1.000000, 1.000000, -1.000000, 0.100000, 0.000100, 1.000000, 0.001000, 0.000010, 0.000000, 0.000000, 0.950000, 0.065397, 17.582438, -9.268253, 7.509428, -0.590411, -8.877984, 5.732676, -4.737916, 1000, 0.000100, -1.000000, -1.000000, 0.100000, 0.000100, 5.000000, 1.000000, 0.001000, 0.000010, 0.000000, 0.000000, 0.950000, 5.000000, 5.732676, -4.737916, -9.268253, 7.509428, 1000, 0.000100, 2.000000, -1.000000, -1.000000, 0.100000, 0.000100, 1.000000, 0.001000, 0.000010, 0.000000, 0.000000, 0.950000, -0.590411, -8.877984, 0.065397, 17.582438, 1000
1.03, 0.000100, 0.200000, 0.470000, -9.810000, 6.000000, 0.000000, 0.000000, 0.000000, 10.000000, -1.000000, 1.000000, -1.000000, 0.100000, 0.000100, 1.000000, 0.001000, 0.000010, 0.000000, 0.000000, 0.950000, 0.066640, 17.727670, -9.393014, 7.763095, -0.599611, -8.950406, 5.726731, -4.827022, 1000, 0.000100, -1.000000, -1.000000, 0.100000, 0.000100, 5.000000, 1.000000, 0.001000, 0.000010, 0.000000, 0.000000, 0.950000, 5.000000, 5.726731, -4.827022, -9.393014, 7.763095, 1000, 0.000100, 2.000000, -1.000000, -1.000000, 0.100000, 0.000100, 1.000000, 0.001000, 0.000010, 0.000000, 0.000000, 0.950000, -0.599611, -8.950406, 0.066640, 17.727670, 1000
1.04, 0.000100, 0.200000, 0.470000, -9.810000, 6.000000, 0.000000, 0.000000, 0.000000, 10.000000, -1.000000, 1.000000, -1.000000, 0.100000, 0.000100, 1.000000, 0.001000, 0.000010, 0.000000, 0.000000, 0.950000, 0.067907, 17.872089, -9.518296, 8.022905, -0.608935, -9.022419, 5.720693, -4.916850, 1000, 0.000100, -1.000000, -1.000000, 0.100000, 0.000100, 5.000000, 1.000000, 0.001000, 0.000010, 0.000000, 0.000000, 0.950000, 5.000000, 5.720693, -4.916850, -9.518296, 8.022905, 1000, 0.000100, 2.000000, -1.000000, -1.000000, 0.100000, 0.000100, 1.000000, 0.001000, 0.000010, 0.000000, 0.000000, 0.950000, -0.608935, -9.022419, 0.067907, 17.872089, 1000
1.05, 0.000100, 0.200000, 0.470000, -9.810000, 6.000000, 0.000000, 0.000000, 0.000000, 10.000000, -1.000000, 1.000000, -1.000000, 0.100000, 0.000100, 1.000000, 0.001000, 0.000010, 0.000000, 0.000000, 0.950000, 0.069200, 18.015685, -9.644008, 8.288880, -0.618382, -9.094019, 5.714561, -5.007396, 1000, 0.000100, -1.000000, -1.000000, 0.100000, 0.000100, 5.000000, 1.000000, 0.001000, 0.000010, 0.000000, 0.000000, 0.950000, 5.000000, 5.714561, -5.007396, -9.644008, 8.288880, 1000, 0.000100, 2.000000, -1.000000, -1.000000, 0.100000, 0.000100, 1.000000, 0.001000, 0.000010, 0.000000, 0.000000, 0.950000, -0.618382, -9.094019, 0.069200, 18.015685, 1000
1.06, 0.000100, 0.200000, 0.470000, -9.810000, 6.000000, 0.000000, 0.000000, 0.000000, 10.000000, -1.000000, 1.000000, -1.000000, 0.100000, 0.000100, 1.000000, 0.001000, 0.000010, 0.000000, 0.000000, 0.950000, 0.070519, 18.158448, -9.770060, 8.561035, -0.627954, -9.165200, 5.708334, -5.098657, 1000, 0.000100, -1.000000, -1.000000, 0.100000, 0.000100, 5.000000, 1.000000, 0.001000, 0.000010, 0.000000, 0.000000, 0.950000, 5.000000, 5.708334, -5.098657, -9.770060, 8.561035, 1000, 0.000100, 2.000000, -1.000000, -1.000000, 0.100000, 0.000100, 1.000000, 0.001000, 0.000010, 0.000000, 0.000000, 0.950000, -0.627954, -9.165200, 0.070519, 18.158448, 1000
1.07, 0.000100, 0.200000, 0.470000, -9.810000, 6.000000, 0.000000, 0.000000, 0.000000, 10.000000, -1.000000, 1.000000, -1.000000, 0.100000, 0.000100, 1.000000, 0.001000, 0.000010, 0.000000, 0.000000, 0.950000, 0.071865, 18.300365, -9.896361, 8.839382, -0.637651, -9.235956, 5.702011, -5.190627, 1000, 0.000100, -1.000000, -1.000000, 0.100000, 0.000100, 5.000000, 1.000000, 0.001000, 0.000010, 0.000000, 0.000000, 0.950000, 5.000000, 5.702011, -5.190627, -9.896361, 8.839382, 1000, 0.000100, 2.000000, -1.000000, -1.000000, 0.100000, 0.000100, 1.000000, 0.001000, 0.000010, 0.000000, 0.000000, 0.950000, -0.637651, -9.235956, 0.071865, 18.300365, 1000
1.08, 0.000100, 0.200000, 0.470000, -9.810000, 6.000000, 0.000000, 0.000000, 0.000000, 10.000000, -1.000000, 1.000000, -1.000000, 0.100000, 0.000100, 1.000000, 0.001000, 0.000010, 0.000000, 0.000000, 0.950000, 0.073237, 18.441427, -10.022822, 9.123927, -0.647472, -9.306282, 5.695590, -5.283303, 1000, 0.000100, -1.000000, -1.000000, 0.100000, 0.000100, 5.000000, 1.000000, 0.001000, 0.000010, 0.000000, 0.000000, 0.950000, 5.000000, 5.695590, -5.283303, -10.022822, 9.123927, 1000, 0.000100, 2.000000, -1.000000, -1.000000, 0.100000, 0.000100, 1.000000, 0.001000, 0.000010, 0.000000, 0.000000, 0.950000, -0.647472, -9.306282, 0.073237, 18.441427, 1000
1.09, 0.000100, 0.200000, 0.470000, -9.810000, 6.000000, 0.000000, 0.000000, 0.000000, 10.000000, -1.000000, 1.000000, -1.000000, 0.100000, 0.000100, 1.000000, 0.001000, 0.000010, 0.000000, 0.000000, 0.950000, 0.074636, 18.581623, -10.149356, 9.414674, -0.657419, -9.376173, 5.689071, -5.376680, 1000, 0.000100, -1.000000, -1.000000, 0.100000, 0.000100, 5.000000, 1.000000, 0.001000, 0.000010, 0.000000, 0.000000, 0.950000, 5.000000, 5.689071, -5.376680, -10.149356, 9.414674, 1000, 0.000100, 2.000000, -1.000000, -1.000000, 0.100000, 0.000100, 1.000000, 0.001000, 0.000010, 0.000000, 0.000000, 0.950000, -0.657419, -9.376173, 0.074636, 18.581623, 1000
1.1, 0.000100, 0.200000, 0.470000, -9.810000, 6.000000, 0.000000, 0.000000, 0.000000, 10.000000, -1.000000, 1.000000, -1.000000, 0.100000, 0.000100, 1.000000, 0.001000, 0.000010, 0.000000, 0.000000, 0.950000, 0.076062, 18.720942, -10.275875, 9.711621, -0.667490, -9.445623, 5.682451, -5.470755, 1000, 0.000100, -1.000000, -1.000000, 0.100000, 0.000100, 5.000000, 1.000000, 0.001000, 0.000010, 0.000000, 0.000000, 0.950000, 5.000000, 5.682451, -5.470755, -10.275875, 9.711621, 1000, 0.000100, 2.000000, -1.000000, -1.000000, 0.100000, 0.000100, 1.000000, 0.001000, 0.000010, 0.000000, 0.000000, 0.950000, -0.667490, -9.445623, 0.076062, 18.720942, 1000
1.11, 0.000100, 0.200000, 0.470000, -9.810000, 6.000000, 0.000000, 0.000000, 0.000000, 10.000000, -1.000000, 1.000000, -1.000000, 0.100000, 0.000100, 1.000000, 0.001000, 0.000010, 0.000000, 0.000000, 0.950000, 0.077516, 18.859373, -10.402294, 10.014763, -0.677687, -9.514627, 5.675730, -5.565521, 1000, 0.000100, -1.000000, -1.000000, 0.100000, 0.000100, 5.000000, 1.000000, 0.001000, 0.000010, 0.000000, 0.000000, 0.950000, 5.000000, 5.675730, -5.565521, -10.402294, 10.014763, 1000, 0.000100, 2.000000, -1.000000, -1.000000, 0.100000, 0.000100, 1.000000, 0.001000, 0.000010, 0.000000, 0.000000, 0.950000, -0.677687, -9.514627, 0.077516, 18.859373, 1000
1.12, 0.000100, 0.200000, 0.470000, -9.810000, 6.000000, 0.000000, 0.000000, 0.000000, 10.000000, -1.000000, 1.000000, -1.000000, 0.100000, 0.000100, 1.000000, 0.001000, 0.000010, 0.000000, 0.000000, 0.950000, 0.078999, 18.996904, -10.528529, 10.324090, -0.688008, -9.583181, 5.668907, -5.660976, 1000, 0.000100, -1.000000, -1.000000, 0.100000, 0.000100, 5.000000, 1.000000, 0.001000, 0.000010, 0.000000, 0.000000, 0.950000, 5.000000, 5.668907, -5.660976, -10.528529, 10.324090, 1000, 0.000100, 2.000000, -1.000000, -1.000000, 0.100000, 0.000100, 1.000000, 0.001000, 0.000010, 0.000000, 0.000000, 0.950000, -0.688008, -9.583181, 0.078999, 18.996904, 1000
1.13, 0.000100, 0.200000, 0.470000, -9.810000, 6.000000, 0.000000, 0.000000, 0.000000, 10.000000, -1.000000, 1.000000, -1.000000, 0.100000, 0.000100, 1.000000, 0.001000, 0.000010, 0.000000, 0.000000, 0.950000, 0.080510, 19.133527, -10.654496, 10.639590, -0.698454, -9.651277, 5.661980, -5.757114, 1000, 0.000100, -1.000000, -1.000000, 0.100000, 0.000100, 5.000000, 1.000000, 0.001000, 0.000010, 0.000000, 0.000000, 0.950000, 5.000000, 5.661980, -5.757114, -10.654496, 10.639590, 1000, 0.000100, 2.000000, -1.000000, -1.000000, 0.100000, 0.000100, 1.000000, 0.001000, 0.000010, 0.000000, 0.000000, 0.950000, -0.698454, -9.651277, 0.080510, 19.133527, 1000
1.14, 0.000100, 0.200000, 0.470000, -9.810000, 6.000000, 0.000000, 0.000000, 0.000000, 10.000000, -1.000000, 1.000000, -1.000000, 0.100000, 0.000100, 1.000000, 0.001000, 0.000010, 0.000000, 0.000000, 0.950000, 0.082050, 19.269229, -10.780115, 10.961246, -0.709024, -9.718912, 5.654948, -5.853932, 1000, 0.000100, -1.000000, -1.000000, 0.100000, 0.000100, 5.000000, 1.000000, 0.001000, 0.000010, 0.000000, 0.000000, 0.950000, 5.000000, 5.654948, -5.853932, -10.780115, 10.961246, 1000, 0.000100, 2.000000, -1.000000, -1.000000, 0.100000, 0.000100, 1.000000, 0.001000, 0.000010, 0.000000, 0.000000, 0.950000, -0.709024, -9.718912, 0.082050, 19.269229, 1000
1.15, 0.000100, 0.200000, 0.470000, -9.810000, 6.000000, 0.000000, 0.000000, 0.000000, 10.000000, -1.000000, 1.000000, -1.000000, 0.100000, 0.000100, 1.000000, 0.001000, 0.000010, 0.000000, 0.000000, 0.950000, 0.083619, 19.404000, -10.905305, 11.289036, -0.719719, -9.786080, 5.647810, -5.951423, 1000, 0.000100, -1.000000, -1.000000, 0.100000, 0.000100, 5.000000, 1.000000, 0.001000, 0.000010, 0.000000, 0.000000, 0.950000, 5.000000, 5.647810, -5.951423, -10.905305, 11.289036, 1000, 0.000100, 2.000000, -1.000000, -1.000000, 0.100000, 0.000100, 1.000000, 0.001000, 0.000010, 0.000000, 0.000000, 0.950000, -0.719719, -9.786080, 0.083619, 19.404000, 1000
1.16, 0.000100, 0.200000, 0.470000, -9.810000, 6.000000, 0.000000, 0.000000, 0.000000, 10.000000, -1.000000, 1.000000, -1.000000, 0.100000, 0.000100, 1.000000, 0.001000, 0.000010, 0.000000, 0.000000, 0.950000, 0.085218, 19.537831, -11.029991, 11.622938, -0.730536, -9.852776, 5.640564, -6.049584, 1000, 0.000100, -1.000000, -1.000000, 0.100000, 0.000100, 5.000000, 1.000000, 0.001000, 0.000010, 0.000000, 0.000000, 0.950000, 5.000000, 5.640564, -6.049584, -11.029991, 11.622938, 1000, 0.000100, 2.000000, -1.000000, -1.000000, 0.100000, 0.000100, 1.000000, 0.001000, 0.000010, 0.000000, 0.000000, 0.950000, -0.730536, -9.852776, 0.085218, 19.537831, 1000
1.17, 0.000100, 0.200000, 0.470000, -9.810000, 6.000000, 0.000000, 0.000000, 0.000000, 10.000000, -1.000000, 1.000000, -1.000000, 0.100000, 0.000100, 1.000000, 0.001000, 0.000010, 0.000000, 0.000000, 0.950000, 0.086847, 19.670709, -11.154095, 11.962924, -0.741477, -9.918994, 5.633209, -6.148410, 1000, 0.000100, -1.000000, -1.000000, 0.100000, 0.000100, 5.000000, 1.000000, 0.001000, 0.000010, 0.000000, 0.000000, 0.950000, 5.000000, 5.633209, -6.148410, -11.154095, 11.962924, 1000, 0.000100, 2.000000, -1.000000, -1.000000, 0.100000, 0.000100, 1.000000, 0.001000, 0.000010, 0.000000, 0.000000, 0.950000, -0.741477, -9.918994, 0.086847, 19.670709, 1000
1.18, 0.000100, 0.200000, 0.470000, -9.810000, 6.000000, 0.000000, 0.000000, 0.000000, 10.000000, -1.000000, 1.000000, -1.000000, 0.100000, 0.000100, 1.000000, 0.001000, 0.000010, 0.000000, 0.000000, 0.950000, 0.088506, 19.802625, -11.277546, 12.308965, -0.752540, -9.984729, 5.625745, -6.247895, 1000, 0.000100, -1.000000, -1.000000, 0.100000, 0.000100, 5.000000, 1.000000, 0.001000, 0.000010, 0.000000, 0.000000, 0.950000, 5.000000, 5.625745, -6.247895, -11.277546, 12.308965, 1000, 0.000100, 2.000000, -1.000000, -1.000000, 0.100000, 0.000100, 1.000000, 0.001000, 0.000010, 0.000000, 0.000000, 0.950000, -0.752540, -9.984729, 0.088506, 19.802625, 1000
1.19, 0.000100, 0.200000, 0.470000, -9.810000, 6.000000, 0.000000, 0.000000, 0.000000, 10.000000, -1.000000, 1.000000, -1.000000, 0.100000, 0.000100, 1.000000, 0.001000, 0.000010, 0.000000, 0.000000, 0.950000, 0.090196, 19.933568, -11.400270, 12.661025, -0.763725, -10.049977, 5.618169, -6.348036, 1000, 0.000100, -1.000000, -1.000000, 0.100000, 0.000100, 5.000000, 1.000000, 0.001000, 0.000010, 0.000000, 0.000000, 0.950000, 5.000000, 5.618169, -6.348036, -11.400270, 12.661025, 1000, 0.000100, 2.000000, -1.000000, -1.000000, 0.100000, 0.000100, 1.000000, 0.001000, 0.000010, 0.000000, 0.000000, 0.950000, -0.763725, -10.049977, 0.090196, 19.933568, 1000
1.2, 0.000100, 0.200000, 0.470000, -9.810000, 6.000000, 0.000000, 0.000000, 0.000000, 10.000000, -1.000000, 1.000000, -1.000000, 0.100000, 0.000100, 1.000000, 0.001000, 0.000010, 0.000000, 0.000000, 0.950000, 0.091917, 20.063528, -11.522199, 13.019071, -0.775031, -10.114733, 5.610481, -6.448828, 1000, 0.000100, -1.000000, -1.000000, 0.100000, 0.000100, 5.000000, 1.000000, 0.001000, 0.000010, 0.000000, 0.000000, 0.950000, 5.000000, 5.610481, -6.448828, -11.522199, 13.019071, 1000, 0.000100, 2.000000, -1.000000, -1.000000, 0.100000, 0.000100, 1.000000, 0.001000, 0.000010, 0.000000, 0.000000, 0.950000, -0.775031, -10.114733, 0.091917, 20.063528, 1000
1.21, 0.000100, 0.200000, 0.470000, -9.810000, 6.000000, 0.000000, 0.000000, 0.000000, 10.000000, -1.000000, 1.000000, -1.000000, 0.100000, 0.000100, 1.000000, 0.001000, 0.000010, 0.000000, 0.000000, 0.950000, 0.093670, 20.192496, -11.643265, 13.383062, -0.786457, -10.178991, 5.602679, -6.550264, 1000, 0.000100, -1.000000, -1.000000, 0.100000, 0.000100, 5.000000, 1.000000, 0.001000, 0.000010, 0.000000, 0.000000, 0.950000, 5.000000, 5.602679, -6.550264, -11.643265, 13.383062, 1000, 0.000100, 2.000000, -1.000000, -1.000000, 0.100000, 0.000100, 1.000000, 0.001000, 0.000010, 0.000000, 0.000000, 0.950000, -0.786457, -10.178991, 0.093670, 20.192496, 1000
1.22, 0.000100, 0.200000, 0.470000, -9.810000, 6.000000, 0.000000, 0.000000, 0.000000, 10.000000, -1.000000, 1.000000, -1.000000, 0.100000, 0.000100, 1.000000, 0.001000, 0.000010, 0.000000, 0.000000, 0.950000, 0.095454, 20.320460, -11.763404, 13.752957, -0.798002, -10.242746, 5.594762, -6.652341, 1000, 0.000100, -1.000000, -1.000000, 0.100000, 0.000100, 5.000000, 1.000000, 0.001000, 0.000010, 0.000000, 0.000000, 0.950000, 5.000000, 5.594762, -6.652341, -11.763404, 13.752957, 1000, 0.000100, 2.000000, -1.000000, -1.000000, 0.100000, 0.000100, 1.000000, 0.001000, 0.000010, 0.000000, 0.000000, 0.950000, -0.798002, -10.242746, 0.095454, 20.320460, 1000
1.23, 0.000100, 0.200000, 0.470000, -9.810000, 6.000000, 0.000000, 0.000000, 0.000000, 10.000000, -1.000000, 1.000000, -1.000000, 0.100000, 0.000100, 1.000000, 0.001000, 0.000010, 0.000000, 0.000000, 0.950000, 0.097270, 20.447411, -11.882553, 14.128712, -0.809665, -10.305994, 5.586730, -6.755053, 1000, 0.000100, -1.000000, -1.000000, 0.100000, 0.000100, 5.000000, 1.000000, 0.001000, 0.000010, 0.000000, 0.000000, 0.950000, 5.000000, 5.586730, -6.755053, -11.882553, 14.128712, 1000, 0.000100, 2.000000, -1.000000, -1.000000, 0.100000, 0.000100, 1.000000, 0.001000, 0.000010, 0.000000, 0.000000, 0.950000, -0.809665, -10.305994, 0.097270, 20.447411, 1000
1.24, 0.000100, 0.200000, 0.470000, -9.810000, 6.000000, 0.000000, 0.000000, 0.000000, 10.000000, -1.000000, 1.000000, -1.000000, 0.100000, 0.000100, 1.000000, 0.001000, 0.000010, 0.000000, 0.000000, 0.950000, 0.099118, 20.573339, -12.000650, 14.510282, -0.821445, -10.368729, 5.578580, -6.858395, 1000, 0.000100, -1.000000, -1.000000, 0.100000, 0.000100, 5.000000, 1.000000, 0.001000, 0.000010, 0.000000, 0.000000, 0.950000, 5.000000, 5.578580, -6.858395, -12.000650, 14.510282, 1000, 0.000100, 2.000000, -1.000000, -1.000000, 0.100000, 0.000100, 1.000000, 0.001000, 0.000010, 0.000000, 0.000000, 0.950000, -0.821445, -10.368729, 0.099118, 20.573339, 1000
1.25, 0.000100, 0.200000, 0.470000, -9.810000, 6.000000, 0.000000, 0.000000, 0.000000, 10.000000, -1.000000, 1.000000, -1.000000, 0.100000, 0.000100, 1.000000, 0.001000, 0.000010, 0.000000, 0.000000, 0.950000, 0.100998, 20.698234, -12.117639, 14.897618, -0.833342, -10.430947, 5.570312, -6.962362, 1000, 0.000100, -1.000000, -1.000000, 0.100000, 0.000100, 5.000000, 1.000000, 0.001000, 0.000010, 0.000000, 0.000000, 0.950000, 5.000000, 5.570312, -6.962362, -12.117639, 14.897618, 1000, 0.000100, 2.000000, -1.000000, -1.000000, 0.100000, 0.000100, 1.000000, 0.001000, 0.000010, 0.000000, 0.000000, 0.950000, -0.833342, -10.430947, 0.100998, 20.698234, 1000
1.26, 0.000100, 0.200000, 0.470000, -9.810000, 6.000000, 0.000000, 0.000000, 0.000000, 10.000000, -1.000000, 1.000000, -1.000000, 0.100000, 0.000100, 1.000000, 0.001000, 0.000010, 0.000000, 0.000000, 0.950000, 0.102912, 20.822088, -12.233463, 15.290670, -0.845353, -10.492644, 5.561925, -7.066950, 1000, 0.000100, -1.000000, -1.000000, 0.100000, 0.000100, 5.000000, 1.000000, 0.001000, 0.000010, 0.000000, 0.000000, 0.950000, 5.000000, 5.561925, -7.066950, -12.233463, 15.290670, 1000, 0.000100, 2.000000, -1.000000, -1.000000, 0.100000, 0.000100, 1.000000, 0.001000, 0.000010, 0.000000, 0.000000, 0.950000, -0.845353, -10.492644, 0.102912, 20.822088, 1000
1.27, 0.000100, 0.200000, 0.470000, -9.810000, 6.000000, 0.000000, 0.000000, 0.000000, 10.000000, -1.000000, 1.000000, -1.000000, 0.100000, 0.000100, 1.000000, 0.001000, 0.000010, 0.000000, 0.000000, 0.950000, 0.104858, 20.944889, -12.348068, 15.689384, -0.857478, -10.553814, 5.553417, -7.172151, 1000, 0.000100, -1.000000, -1.000000, 0.100000, 0.000100, 5.000000, 1.000000, 0.001000, 0.000010, 0.000000, 0.000000, 0.950000, 5.000000, 5.553417, -7.172151, -12.348068, 15.689384, 1000, 0.000100, 2.000000, -1.000000, -1.000000, 0.100000, 0.000100, 1.000000, 0.001000, 0.000010, 0.000000, 0.000000, 0.950000, -0.857478, -10.553814, 0.104858, 20.944889, 1000
1.28, 0.000100, 0.200000, 0.470000, -9.810000, 6.000000, 0.000000, 0.000000, 0.000000, 10.000000, -1.000000, 1.000000, -1.000000, 0.100000, 0.000100, 1.000000, 0.001000, 0.000010, 0.000000, 0.000000, 0.950000, 0.106837, 21.066629, -12.461404, 16.093709, -0.869716, -10.614453, 5.544787, -7.277962, 1000, 0.000100, -1.000000, -1.000000, 0.100000, 0.000100, 5.000000, 1.000000, 0.001000, 0.000010, 0.000000, 0.000000, 0.950000, 5.000000, 5.544787, -7.277962, -12.461404, 16.093709, 1000, 0.000100, 2.000000, -1.000000, -1.000000, 0.100000, 0.000100, 1.000000, 0.001000, 0.000010, 0.000000, 0.000000, 0.950000, -0.869716, -10.614453, 0.106837, 21.066629, 1000
1.29, 0.000100, 0.200000, 0.470000, -9.810000, 6.000000, 0.000000, 0.000000, 0.000000, 10.000000, -1.000000, 1.000000, -1.000000, 0.100000, 0.000100, 1.000000, 0.001000, 0.000010, 0.000000, 0.000000, 0.950000, 0.108851, 21.187299, -12.573420, 16.503587, -0.882065, -10.674557, 5.536034, -7.384377, 1000, 0.000100, -1.000000, -1.000000, 0.100000, 0.000100, 5.000000, 1.000000, 0.001000, 0.000010, 0.000000, 0.000000, 0.950000, 5.000000, 5.536034, -7.384377, -12.573420, 16.503587, 1000, 0.000100, 2.000000, -1.000000, -1.000000, 0.100000, 0.000100, 1.000000, 0.001000, 0.000010, 0.000000, 0.000000, 0.950000, -0.882065, -10.674557, 0.108851, 21.187299, 1000
1.3, 0.000100, 0.200000, 0.470000, -9.810000, 6.000000, 0.000000, 0.000000, 0.000000, 10.000000, -1.000000, 1.000000, -1.000000, 0.100000, 0.000100, 1.000000, 0.001000, 0.000010, 0.000000, 0.000000, 0.950000, 0.110897, 21.306890, -12.684070, 16.918963, -0.894524, -10.734121, 5.527157, -7.491391, 1000, 0.000100, -1.000000, -1.000000, 0.100000, 0.000100, 5.000000, 1.000000, 0.001000, 0.000010, 0.000000, 0.000000, 0.950000, 5.000000, 5.527157, -7.491391, -12.684070, 16.918963, 1000, 0.000100, 2.000000, -1.000000, -1.000000, 0.100000, 0.000100, 1.000000, 0.001000, 0.000010, 0.000000, 0.000000, 0.950000, -0.894524, -10.734121, 0.110897, 21.306890, 1000
1.31, 0.000100, 0.200000, 0.470000, -9.810000, 6.000000, 0.000000, 0.000000, 0.000000, 10.000000, -1.000000, 1.000000, -1.000000, 0.100000, 0.000100, 1.000000, 0.001000, 0.000010, 0.000000, 0.000000, 0.950000, 0.112978, 21.425392, -12.793309, 17.339777, -0.907091, -10.793140, 5.518156, -7.598998, 1000, 0.000100, -1.000000, -1.000000, 0.100000, 0.000100, 5.000000, 1.000000, 0.001000, 0.000010, 0.000000, 0.000000, 0.950000, 5.000000, 5.518156, -7.598998, -12.793309, 17.339777, 1000, 0.000100, 2.000000, -1.000000, -1.000000, 0.100000, 0.000100, 1.000000, 0.001000, 0.000010, 0.000000, 0.000000, 0.950000, -0.907091, -10.793140, 0.112978, 21.425392, 1000
1.32, 0.000100, 0.200000, 0.470000, -9.810000, 6.000000, 0.000000, 0.000000, 0.000000, 10.000000, -1.000000, 1.000000, -1.000000, 0.100000, 0.000100, 1.000000, 0.001000, 0.000010, 0.000000, 0.000000, 0.950000, 0.115093, 21.542796, -12.901094, 17.765970, -0.919765, -10.851610, 5.509028, -7.707192, 1000, 0.000100, -1.000000, -1.000000, 0.100000, 0.000100, 5.000000, 1.000000, 0.001000, 0.000010, 0.000000, 0.000000, 0.950000, 5.000000, 5.509028, -7.707192, -12.901094, 17.765970, 1000, 0.000100, 2.000000, -1.000000, -1.000000, 0.100000, 0.000100, 1.000000, 0.001000, 0.000010, 0.000000, 0.000000, 0.950000, -0.919765, -10.851610, 0.115093, 21.542796, 1000
1.33, 0.000100, 0.200000, 0.470000, -9.810000, 6.000000, 0.000000, 0.000000, 0.000000, 10.000000, -1.000000, 1.000000, -1.000000, 0.100000, 0.000100, 1.000000, 0.001000, 0.000010, 0.000000, 0.000000, 0.950000, 0.117243, 21.659095, -13.007386, 18.197481, -0.932545, -10.909528, 5.499773, -7.815969, 1000, 0.000100, -1.000000, -1.000000, 0.100000, 0.000100, 5.000000, 1.000000, 0.001000, 0.000010, 0.000000, 0.000000, 0.950000, 5.000000, 5.499773, -7.815969, -13.007386, 18.197481, 1000, 0.000100, 2.000000, -1.000000, -1.000000, 0.100000, 0.000100, 1.000000, 0.001000, 0.000010, 0.000000, 0.000000, 0.950000, -0.932545, -10.909528, 0.117243, 21.659095, 1000
1.34, 0.000100, 0.200000, 0.470000, -9.810000, 6.000000, 0.000000, 0.000000, 0.000000, 10.000000, -1.000000, 1.000000, -1.000000, 0.100000, 0.000100, 1.000000, 0.001000, 0.000010, 0.000000, 0.000000, 0.950000, 0.119427, 21.774279, -13.112146, 18.634249, -0.945428, -10.966889, 5.490389, -7.925322, 1000, 0.000100, -1.000000, -1.000000, 0.100000, 0.000100, 5.000000, 1.000000, 0.001000, 0.000010, 0.000000, 0.000000, 0.950000, 5.000000, 5.490389, -7.925322, -13.112146, 18.634249, 1000, 0.000100, 2.000000, -1.000000, -1.000000, 0.100000, 0.000100, 1.000000, 0.001000, 0.000010, 0.000000, 0.000000, 0.950000, -0.945428, -10.966889, 0.119427, 21.774279, 1000
1.35, 0.000100, 0.200000, 0.470000, -9.810000, 6.000000, 0.000000, 0.000000, 0.000000, 10.000000, -1.000000, 1.000000, -1.000000, 0.100000, 0.000100, 1.000000, 0.001000, 0.000010, 0.000000, 0.000000, 0.950000, 0.121645, 21.888340, -13.215338, 19.076210, -0.958414, -11.023688, 5.480876, -8.035247, 1000, 0.000100, -1.000000, -1.000000, 0.100000, 0.000100, 5.000000, 1.000000, 0.001000, 0.000010, 0.000000, 0.000000, 0.950000, 5.000000, 5.480876, -8.035247, -13.215338, 19.076210, 1000, 0.000100, 2.000000, -1.000000, -1.000000, 0.100000, 0.000100, 1.000000, 0.001000, 0.000010, 0.000000, 0.000000, 0.950000, -0.958414, -11.023688, 0.121645, 21.888340, 1000
1.36, 0.000100, 0.200000, 0.470000, -9.810000, 6.000000, 0.000000, 0.000000, 0.000000, 10.000000, -1.000000, 1.000000, -1.000000, 0.100000, 0.000100, 1.000000, 0.001000, 0.000010, 0.000000, 0.000000, 0.950000, 0.123899, 22.001271, -13.316928, 19.523302, -0.971501, -11.079922, 5.471233, -8.145737, 1000, 0.000100, -1.000000, -1.000000, 0.100000, 0.000100, 5.000000, 1.000000, 0.001000, 0.000010, 0.000000, 0.000000, 0.950000, 5.000000, 5.471233, -8.145737, -13.316928, 19.523302, 1000, 0.000100, 2.000000, -1.000000, -1.000000, 0.100000, 0.000100, 1.000000, 0.001000, 0.000010, 0.000000, 0.000000, 0.950000, -0.971501, -11.079922, 0.123899, 22.001271, 1000
1.37, 0.000100, 0.200000, 0.470000, -9.810000, 6.000000, 0.000000, 0.000000, 0.000000, 10.000000, -1.000000, 1.000000, -1.000000, 0.100000, 0.000100, 1.000000, 0.001000, 0.000010, 0.000000, 0.000000, 0.950000, 0.126188, 22.113062, -13.416883, 19.975459, -0.984687, -11.135587, 5.461459, -8.256787, 1000, 0.000100, -1.000000, -1.000000, 0.100000, 0.000100, 5.000000, 1.000000, 0.001000, 0.000010, 0.000000, 0.000000, 0.950000, 5.000000, 5.461459, -8.256787, -13.416883, 19.975459, 1000, 0.000100, 2.000000, -1.000000, -1.000000, 0.100000, 0.000100, 1.000000, 0.001000, 0.000010, 0.000000, 0.000000, 0.950000, -0.984687, -11.135587, 0.126188, 22.113062, 1000
1.38, 0.000100, 0.200000, 0.470000, -9.810000, 6.000000, 0.000000, 0.000000, 0.000000, 10.000000, -1.000000, 1.000000, -1.000000, 0.100000, 0.000100, 1.000000, 0.001000, 0.000010, 0.000000, 0.000000, 0.950000, 0.128513, 22.223705, -13.515173, 20.432617, -0.997971, -11.190679, 5.451552, -8.368390, 1000, 0.000100, -1.000000, -1.000000, 0.100000, 0.000100, 5.000000, 1.000000, 0.001000, 0.000010, 0.000000, 0.000000, 0.950000, 5.000000, 5.451552, -8.368390, -13.515173, 20.432617, 1000, 0.000100, 2.000000, -1.000000, -1.000000, 0.100000, 0.000100, 1.000000, 0.001000, 0.000010, 0.000000, 0.000000, 0.950000, -0.997971, -11.190679, 0.128513, 22.223705, 1000
1.39, 0.000100, 0.200000, 0.470000, -9.810000, 6.000000, 0.000000, 0.000000, 0.000000, 10.000000, -1.000000, 1.000000, -1.000000, 0.100000, 0.000100, 1.000000, 0.001000, 0.000010, 0.000000, 0.000000, 0.950000, 0.130872, 22.333194, -13.611770, 20.894710, -1.011350, -11.245194, 5.441512, -8.480542, 1000, 0.000100, -1.000000, -1.000000, 0.100000, 0.000100, 5.000000, 1.000000, 0.001000, 0.000010, 0.000000, 0.000000, 0.950000, 5.000000, 5.441512, -8.480542, -13.611770, 20.894710, 1000, 0.000100, 2.000000, -1.000000, -1.000000, 0.100000, 0.000100, 1.000000, 0.001000, 0.000010, 0.000000, 0.000000, 0.950000, -1.011350, -11.245194, 0.130872, 22.333194, 1000
1.4, 0.000100, 0.200000, 0.470000, -9.810000, 6.000000, 0.000000, 0.000000, 0.000000, 10.000000, -1.000000, 1.000000, -1.000000, 0.100000, 0.000100, 1.000000, 0.001000, 0.000010, 0.000000, 0.000000, 0.950000, 0.133268, 22.441520, -13.706648, 21.361673, -1.024823, -11.299129, 5.431338, -8.593237, 1000, 0.000100, -1.000000, -1.000000, 0.100000, 0.000100, 5.000000, 1.000000, 0.001000, 0.000010, 0.000000, 0.000000, 0.950000, 5.000000, 5.431338, -8.593237, -13.706648, 21.361673, 1000, 0.000100, 2.000000, -1.000000, -1.000000, 0.100000, 0.000100, 1.000000, 0.001000, 0.000010, 0.000000, 0.000000, 0.950000, -1.024823, -11.299129, 0.133268, 22.441520, 1000
1.41, 0.000100, 0.200000, 0.470000, -9.810000, 6.000000, 0.000000, 0.000000, 0.000000, 10.000000, -1.000000, 1.000000, -1.000000, 0.100000, 0.000100, 1.000000, 0.001000, 0.000010, 0.000000, 0.000000, 0.950000, 0.135699, 22.548676, -13.799782, 21.833439, -1.038389, -11.352479, 5.421029, -8.706468, 1000, 0.000100, -1.000000, -1.000000, 0.100000, 0.000100, 5.000000, 1.000000, 0.001000, 0.000010, 0.000000, 0.000000, 0.950000, 5.000000, 5.421029, -8.706468, -13.799782, 21.833439, 1000, 0.000100, 2.000000, -1.000000, -1.000000, 0.100000, 0.000100, 1.000000, 0.001000, 0.000010, 0.000000, 0.000000, 0.950000, -1.038389, -11.352479, 0.135699, 22.548676, 1000
1.42, 0.000100, 0.200000, 0.470000, -9.810000, 6.000000, 0.000000, 0.000000, 0.000000, 10.000000, -1.000000, 1.000000, -1.000000, 0.100000, 0.000100, 1.000000, 0.001000, 0.000010, 0.000000, 0.000000, 0.950000, 0.138166, 22.654655, -13.891148, 22.309942, -1.052045, -11.405241, 5.410584, -8.820231, 1000, 0.000100, -1.000000, -1.000000, 0.100000, 0.000100, 5.000000, 1.000000, 0.001000, 0.000010, 0.000000, 0.000000, 0.950000, 5.000000, 5.410584, -8.820231, -13.891148, 22.309942, 1000, 0.000100, 2.000000, -1.000000, -1.000000, 0.100000, 0.000100, 1.000000, 0.001000, 0.000010, 0.000000, 0.000000, 0.950000, -1.052045, -11.405241, 0.138166, 22.654655, 1000
1.43, 0.000100, 0.200000, 0.470000, -9.810000, 6.000000, 0.000000, 0.000000, 0.000000, 10.000000, -1.000000, 1.000000, -1.000000, 0.100000, 0.000100, 1.000000, 0.001000, 0.000010, 0.000000, 0.000000, 0.950000, 0.140669, 22.759449, -13.980726, 22.791114, -1.065789, -11.457412, 5.400001, -8.934518, 1000, 0.000100, -1.000000, -1.000000, 0.100000, 0.000100, 5.000000, 1.000000, 0.001000, 0.000010, 0.000000, 0.000000, 0.950000, 5.000000, 5.400001, -8.934518, -13.980726, 22.791114, 1000, 0.000100, 2.000000, -1.000000, -1.000000, 0.100000, 0.000100, 1.000000, 0.001000, 0.000010, 0.000000, 0.000000, 0.950000, -1.065789, -11.457412, 0.140669, 22.759449, 1000
1.44, 0.000100, 0.200000, 0.470000, -9.810000, 6.000000, 0.000000, 0.000000, 0.000000, 10.000000, -1.000000, 1.000000, -1.000000, 0.100000, 0.000100, 1.000000, 0.001000, 0.000010, 0.000000, 0.000000, 0.950000, 0.143208, 22.863051, -14.068496, 23.276888, -1.079621, -11.508989, 5.389281, -9.049324, 1000, 0.000100, -1.000000, -1.000000, 0.100000, 0.000100, 5.000000, 1.000000, 0.001000, 0.000010, 0.000000, 0.000000, 0.950000, 5.000000, 5.389281, -9.049324, -14.068496, 23.276888, 1000, 0.000100, 2.000000, -1.000000, -1.000000, 0.100000, 0.000100, 1.000000, 0.001000, 0.000010, 0.000000, 0.000000, 0.950000, -1.079621, -11.508989, 0.143208, 22.863051, 1000
1.45, 0.000100, 0.200000, 0.470000, -9.810000, 6.000000, 0.000000, 0.000000, 0.000000, 10.000000, -1.000000, 1.000000, -1.000000, 0.100000, 0.000100, 1.000000, 0.001000, 0.000010, 0.000000, 0.000000, 0.950000, 0.145784, 22.965455, -14.154440, 23.767198, -1.093538, -11.559967, 5.378422, -9.164643, 1000, 0.000100, -1.000000, -1.000000, 0.100000, 0.000100, 5.000000, 1.000000, 0.001000, 0.000010, 0.000000, 0.000000, 0.950000, 5.000000, 5.378422, -9.164643, -14.154440, 23.767198, 1000, 0.000100, 2.000000, -1.000000, -1.000000, 0.100000, 0.000100, 1.000000, 0.001000, 0.000010, 0.000000, 0.000000, 0.950000, -1.093538, -11.559967, 0.145784, 22.965455, 1000
1.46, 0.000100, 0.200000, 0.470000, -9.810000, 6.000000, 0.000000, 0.000000, 0.000000, 10.000000, -1.000000, 1.000000, -1.000000, 0.100000, 0.000100, 1.000000, 0.001000, 0.000010, 0.000000, 0.000000, 0.950000, 0.148396, 23.066653, -14.238541, 24.261975, -1.107537, -11.610344, 5.367424, -9.280470, 1000, 0.000100, -1.000000, -1.000000, 0.100000, 0.000100, 5.000000, 1.000000, 0.001000, 0.000010, 0.000000, 0.000000, 0.950000, 5.000000, 5.367424, -9.280470, -14.238541, 24.261975, 1000, 0.000100, 2.000000, -1.000000, -1.000000, 0.100000, 0.000100, 1.000000, 0.001000, 0.000010, 0.000000, 0.000000, 0.950000, -1.107537, -11.610344, 0.148396, 23.066653, 1000
1.47, 0.000100, 0.200000, 0.470000, -9.810000, 6.000000, 0.000000, 0.000000, 0.000000, 10.000000, -1.000000, 1.000000, -1.000000, 0.100000, 0.000100, 1.000000, 0.001000, 0.000010, 0.000000, 0.000000, 0.950000, 0.151044, 23.166640, -14.320785, 24.761153, -1.121618, -11.660116, 5.356285, -9.396797, 1000, 0.000100, -1.000000, -1.000000, 0.100000, 0.000100, 5.000000, 1.000000, 0.001000, 0.000010, 0.000000, 0.000000, 0.950000, 5.000000, 5.356285, -9.396797, -14.320785, 24.761153, 1000, 0.000100, 2.000000, -1.000000, -1.000000, 0.100000, 0.000100, 1.000000, 0.001000, 0.000010, 0.000000, 0.000000, 0.950000, -1.121618, -11.660116, 0.151044, 23.166640, 1000
1.48, 0.000100, 0.200000, 0.470000, -9.810000, 6.000000, 0.000000, 0.000000, 0.000000, 10.000000, -1.000000, 1.000000, -1.000000, 0.100000, 0.000100, 1.000000, 0.001000, 0.000010, 0.000000, 0.000000, 0.950000, 0.153729, 23.265408, -14.401157, 25.264665, -1.135779, -11.709281, 5.345005, -9.513620, 1000, 0.000100, -1.000000, -1.000000, 0.100000, 0.000100, 5.000000, 1.000000, 0.001000, 0.000010, 0.000000, 0.000000, 0.950000, 5.000000, 5.345005, -9.513620, -14.401157, 25.264665, 1000, 0.000100, 2.000000, -1.000000, -1.000000, 0.100000, 0.000100, 1.000000, 0.001000, 0.000010, 0.000000, 0.000000, 0.950000, -1.135779, -11.709281, 0.153729, 23.265408, 1000
1.49, 0.000100, 0.200000, 0.470000, -9.810000, 6.000000, 0.000000, 0.000000, 0.000000, 10.000000, -1.000000, 1.000000, -1.000000, 0.100000, 0.000100, 1.000000, 0.001000, 0.000010, 0.000000, 0.000000, 0.950000, 0.156450, 23.362952, -14.479646, 25.772442, -1.150016, -11.757835, 5.333584, -9.630931, 1000, 0.000100, -1.000000, -1.000000, 0.100000, 0.000100, 5.000000, 1.000000, 0.001000, 0.000010, 0.000000, 0.000000, 0.950000, 5.000000, 5.333584, -9.630931, -14.479646, 25.772442, 1000, 0.000100, 2.000000, -1.000000, -1.000000, 0.100000, 0.000100, 1.000000, 0.001000, 0.000010, 0.000000, 0.000000, 0.950000, -1.150016, -11.757835, 0.156450, 23.362952, 1000
1.5, 0.000100, 0.200000, 0.470000, -9.810000, 6.000000, 0.000000, 0.000000, 0.000000, 10.000000, -1.000000, 1.000000, -1.000000, 0.100000, 0.000100, 1.000000, 0.001000, 0.000010, 0.000000, 0.000000, 0.950000, 0.159208, 23.459266, -14.556240, 26.284418, -1.164330, -11.805775, 5.322019, -9.748725, 1000, 0.000100, -1.000000, -1.000000, 0.100000, 0.000100, 5.000000, 1.000000, 0.001000, 0.000010, 0.000000, 0.000000, 0.950000, 5.000000, 5.322019, -9.748725, -14.556240, 26.284418, 1000, 0.000100, 2.000000, -1.000000, -1.000000, 0.100000, 0.000100, 1.000000, 0.001000, 0.000010, 0.000000, 0.000000, 0.950000, -1.164330, -11.805775, 0.159208, 23.459266, 1000
1.51, 0.000100, 0.200000, 0.470000, -9.810000, 6.000000, 0.000000, 0.000000, 0.000000, 10.000000, -1.000000, 1.000000, -1.000000, 0.100000, 0.000100, 1.000000, 0.001000, 0.000010, 0.000000, 0.000000, 0.950000, 0.162003, 23.554343, -14.630929, 26.800526, -1.178717, -11.853099, 5.310311, -9.866996, 1000, 0.000100, -1.000000, -1.000000, 0.100000, 0.000100, 5.000000, 1.000000, 0.001000, 0.000010, 0.000000, 0.000000, 0.950000, 5.000000, 5.310311, -9.866996, -14.630929, 26.800526, 1000, 0.000100, 2.000000, -1.000000, -1.000000, 0.100000, 0.000100, 1.000000, 0.001000, 0.000010, 0.000000, 0.000000, 0.950000, -1.178717, -11.853099, 0.162003, 23.554343, 1000
1.52, 0.000100, 0.200000, 0.470000, -9.810000, 6.000000, 0.000000, 0.000000, 0.000000, 10.000000, -1.000000, 1.000000, -1.000000, 0.100000, 0.000100, 1.000000, 0.001000, 0.000010, 0.000000, 0.000000, 0.950000, 0.164834, 23.648177, -14.703706, 27.320699, -1.193175, -11.899803, 5.298459, -9.985737, 1000, 0.000100, -1.000000, -1.000000, 0.100000, 0.000100, 5.000000, 1.000000, 0.001000, 0.000010, 0.000000, 0.000000, 0.950000, 5.000000, 5.298459, -9.985737, -14.703706, 27.320699, 1000, 0.000100, 2.000000, -1.000000, -1.000000, 0.100000, 0.000100, 1.000000, 0.001000, 0.000010, 0.000000, 0.000000, 0.950000, -1.193175, -11.899803, 0.164834, 23.648177, 1000
1.53, 0.000100, 0.200000, 0.470000, -9.810000, 6.000000, 0.000000, 0.000000, 0.000000, 10.000000, -1.000000, 1.000000, -1.000000, 0.100000, 0.000100, 1.000000, 0.001000, 0.000010, 0.000000, 0.000000, 0.950000, 0.167702, 23.740764, -14.774563, 27.844871, -1.207703, -11.945885, 5.286462, -10.104942, 1000, 0.000100, -1.000000, -1.000000, 0.100000, 0.000100, 5.000000, 1.000000, 0.001000, 0.000010, 0.000000, 0.000000, 0.950000, 5.000000, 5.286462, -10.104942, -14.774563, 27.844871, 1000, 0.000100, 2.000000, -1.000000, -1.000000, 0.100000, 0.000100, 1.000000, 0.001000, 0.000010, 0.000000, 0.000000, 0.950000, -1.207703, -11.945885, 0.167702, 23.740764, 1000
1.54, 0.000100, 0.200000, 0.470000, -9.810000, 6.000000, 0.000000, 0.000000, 0.000000, 10.000000, -1.000000, 1.000000, -1.000000, 0.100000, 0.000100, 1.000000, 0.001000, 0.000010, 0.000000, 0.000000, 0.950000, 0.170607, 23.832097, -14.843494, 28.372976, -1.222299, -11.991342, 5.274319, -10.224606, 1000, 0.000100, -1.000000, -1.000000, 0.100000, 0.000100, 5.000000, 1.000000, 0.001000, 0.000010, 0.000000, 0.000000, 0.950000, 5.000000, 5.274319, -10.224606, -14.843494, 28.372976, 1000, 0.000100, 2.000000, -1.000000, -1.000000, 0.100000, 0.000100, 1.000000, 0.001000, 0.000010, 0.000000, 0.000000, 0.950000, -1.222299, -11.991342, 0.170607, 23.832097, 1000
1.55, 0.000100, 0.200000, 0.470000, -9.810000, 6.000000, 0.000000, 0.000000, 0.000000, 10.000000, -1.000000, 1.000000, -1.000000, 0.100000, 0.000100, 1.000000, 0.001000, 0.000010, 0.000000, 0.000000, 0.950000, 0.173549, 23.922172, -14.910493, 28.904947, -1.236961, -12.036172, 5.262030, -10.344721, 1000, 0.000100, -1.000000, -1.000000, 0.100000, 0.000100, 5.000000, 1.000000, 0.001000, 0.000010, 0.000000, 0.000000, 0.950000, 5.000000, 5.262030, -10.344721, -14.910493, 28.904947, 1000, 0.000100, 2.000000, -1.000000, -1.000000, 0.100000, 0.000100, 1.000000, 0.001000, 0.000010, 0.000000, 0.000000, 0.950000, -1.236961, -12.036172, 0.173549, 23.922172, 1000
1.56, 0.000100, 0.200000, 0.470000, -9.810000, 6.000000, 0.000000, 0.000000, 0.000000, 10.000000, -1.000000, 1.000000, -1.000000, 0.100000, 0.000100, 1.000000, 0.001000, 0.000010, 0.000000, 0.000000, 0.950000, 0.176528, 24.010982, -14.975556, 29.440719, -1.251687, -12.080372, 5.249594, -10.465281, 1000, 0.000100, -1.000000, -1.000000, 0.100000, 0.000100, 5.000000, 1.000000, 0.001000, 0.000010, 0.000000, 0.000000, 0.950000, 5.000000, 5.249594, -10.465281, -14.975556, 29.440719, 1000, 0.000100, 2.000000, -1.000000, -1.000000, 0.100000, 0.000100, 1.000000, 0.001000, 0.000010, 0.000000, 0.000000, 0.950000, -1.251687, -12.080372, 0.176528, 24.010982, 1000
1.57, 0.000100, 0.200000, 0.470000, -9.810000, 6.000000, 0.000000, 0.000000, 0.000000, 10.000000, -1.000000, 1.000000, -1.000000, 0.100000, 0.000100, 1.000000, 0.001000, 0.000010, 0.000000, 0.000000, 0.950000, 0.179543, 24.098524, -15.038680, 29.980226, -1.266474, -12.123939, 5.237011, -10.586281, 1000, 0.000100, -1.000000, -1.000000, 0.100000, 0.000100, 5.000000, 1.000000, 0.001000, 0.000010, 0.000000, 0.000000, 0.950000, 5.000000, 5.237011, -10.586281, -15.038680, 29.980226, 1000, 0.000100, 2.000000, -1.000000, -1.000000, 0.100000, 0.000100, 1.000000, 0.001000, 0.000010, 0.000000, 0.000000, 0.950000, -1.266474, -12.123939, 0.179543, 24.098524, 1000
1.58, 0.000100, 0.200000, 0.470000, -9.810000, 6.000000, 0.000000, 0.000000, 0.000000, 10.000000, -1.000000, 1.000000, -1.000000, 0.100000, 0.000100, 1.000000, 0.001000, 0.000010, 0.000000, 0.000000, 0.950000, 0.182595, 24.184792, -15.099863, 30.523404, -1.281321, -12.166872, 5.224279, -10.707714, 1000, 0.000100, -1.000000, -1.000000, 0.100000, 0.000100, 5.000000, 1.000000, 0.001000, 0.000010, 0.000000, 0.000000, 0.950000, 5.000000, 5.224279, -10.707714, -15.099863, 30.523404, 1000, 0.000100, 2.000000, -1.000000, -1.000000, 0.100000, 0.000100, 1.000000, 0.001000, 0.000010, 0.000000, 0.000000, 0.950000, -1.281321, -12.166872, 0.182595, 24.184792, 1000
1.59, 0.000100, 0.200000, 0.470000, -9.810000, 6.000000, 0.000000, 0.000000, 0.000000, 10.000000, -1.000000, 1.000000, -1.000000, 0.100000, 0.000100, 1.000000, 0.001000, 0.000010, 0.000000, 0.000000, 0.950000, 0.185685, 24.269781, -15.159103, 31.070188, -1.296226, -12.209167, 5.211399, -10.829573, 1000, 0.000100, -1.000000, -1.000000, 0.100000, 0.000100, 5.000000, 1.000000, 0.001000, 0.000010, 0.000000, 0.000000, 0.950000, 5.000000, 5.211399, -10.829573, -15.159103, 31.070188, 1000, 0.000100, 2.000000, -1.000000, -1.000000, 0.100000, 0.000100, 1.000000, 0.001000, 0.000010, 0.000000, 0.000000, 0.950000, -1.296226, -12.209167, 0.185685, 24.269781, 1000
1.6, 0.000100, 0.200000, 0.470000, -9.810000, 6.000000, 0.000000, 0.000000, 0.000000, 10.000000, -1.000000, 1.000000, -1.000000, 0.100000, 0.000100, 1.000000, 0.001000, 0.000010, 0.000000, 0.000000, 0.950000, 0.188810, 24.353487, -15.216400, 31.620514, -1.311187, -12.250823, 5.198369, -10.951852, 1000, 0.000100, -1.000000, -1.000000, 0.100000, 0.000100, 5.000000, 1.000000, 0.001000, 0.000010, 0.000000, 0.000000, 0.950000, 5.000000, 5.198369, -10.951852, -15.216400, 31.620514, 1000, 0.000100, 2.000000, -1.000000, -1.000000, 0.100000, 0.000100, 1.000000, 0.001000, 0.000010, 0.000000, 0.000000, 0.950000, -1.311187, -12.250823, 0.188810, 24.353487, 1000
1.61, 0.000100, 0.200000, 0.470000, -9.810000, 6.000000, 0.000000, 0.000000, 0.000000, 10.000000, -1.000000, 1.000000, -1.000000, 0.100000, 0.000100, 1.000000, 0.001000, 0.000010, 0.000000, 0.000000, 0.950000, 0.191973, 24.435905, -15.271753, 32.174318, -1.326202, -12.291838, 5.185190, -11.074545, 1000, 0.000100, -1.000000, -1.000000, 0.100000, 0.000100, 5.000000, 1.000000, 0.001000, 0.000010, 0.000000, 0.000000, 0.950000, 5.000000, 5.185190, -11.074545, -15.271753, 32.174318, 1000, 0.000100, 2.000000, -1.000000, -1.000000, 0.100000, 0.000100, 1.000000, 0.001000, 0.000010, 0.000000, 0.000000, 0.950000, -1.326202, -12.291838, 0.191973, 24.435905, 1000
1.62, 0.000100, 0.200000, 0.470000, -9.810000, 6.000000, 0.000000, 0.000000, 0.000000, 10.000000, -1.000000, 1.000000, -1.000000, 0.100000, 0.000100, 1.000000, 0.001000, 0.000010, 0.000000, 0.000000, 0.950000, 0.195173, 24.517031, -15.325165, 32.731536, -1.341268, -12.332209, 5.171860, -11.197645, 1000, 0.000100, -1.000000, -1.000000, 0.100000, 0.000100, 5.000000, 1.000000, 0.001000, 0.000010, 0.000000, 0.000000, 0.950000, 5.000000, 5.171860, -11.197645, -15.325165, 32.731536, 1000, 0.000100, 2.000000, -1.000000, -1.000000, 0.100000, 0.000100, 1.000000, 0.001000, 0.000010, 0.000000, 0.000000, 0.950000, -1.341268, -12.332209, 0.195173, 24.517031, 1000
1.63, 0.000100, 0.200000, 0.470000, -9.810000, 6.000000, 0.000000, 0.000000, 0.000000, 10.000000, -1.000000, 1.000000, -1.000000, 0.100000, 0.000100, 1.000000, 0.001000, 0.000010, 0.000000, 0.000000, 0.950000, 0.198409, 24.596862, -15.376636, 33.292107, -1.356385, -12.371934, 5.158379, -11.321146, 1000, 0.000100, -1.000000, -1.000000, 0.100000, 0.000100, 5.000000, 1.000000, 0.001000, 0.000010, 0.000000, 0.000000, 0.950000, 5.000000, 5.158379, -11.321146, -15.376636, 33.292107, 1000, 0.000100, 2.000000, -1.000000, -1.000000, 0.100000, 0.000100, 1.000000, 0.001000, 0.000010, 0.000000, 0.000000, 0.950000, -1.356385, -12.371934, 0.198409, 24.596862, 1000
1.64, 0.000100, 0.200000, 0.470000, -9.810000, 6.000000, 0.000000, 0.000000, 0.000000, 10.000000, -1.000000, 1.000000, -1.000000, 0.100000, 0.000100, 1.000000, 0.001000, 0.000010, 0.000000, 0.000000, 0.950000, 0.201681, 24.675392, -15.426169, 33.855966, -1.371550, -12.411012, 5.144747, -11.445041, 1000, 0.000100, -1.000000, -1.000000, 0.100000, 0.000100, 5.000000, 1.000000, 0.001000, 0.000010, 0.000000, 0.000000, 0.950000, 5.000000, 5.144747, -11.445041, -15.426169, 33.855966, 1000, 0.000100, 2.000000, -1.000000, -1.000000, 0.100000, 0.000100, 1.000000, 0.001000, 0.000010, 0.000000, 0.000000, 0.950000, -1.371550, -12.411012, 0.201681, 24.675392, 1000
1.65, 0.000100, 0.200000, 0.470000, -9.810000, 6.000000, 0.000000, 0.000000, 0.000000, 10.000000, -1.000000, 1.000000, -1.000000, 0.100000, 0.000100, 1.000000, 0.001000, 0.000010, 0.000000, 0.000000, 0.950000, 0.204991, 24.752618, -15.473767, 34.423053, -1.386760, -12.449440, 5.130963, -11.569324, 1000, 0.000100, -1.000000, -1.000000, 0.100000, 0.000100, 5.000000, 1.000000, 0.001000, 0.000010, 0.000000, 0.000000, 0.950000, 5.000000, 5.130963, -11.569324, -15.473767, 34.423053, 1000, 0.000100, 2.000000, -1.000000, -1.000000, 0.100000, 0.000100, 1.000000, 0.001000, 0.000010, 0.000000, 0.000000, 0.950000, -1.386760, -12.449440, 0.204991, 24.752618, 1000
1.66, 0.000100, 0.200000, 0.470000, -9.810000, 6.000000, 0.000000, 0.000000, 0.000000, 10.000000, -1.000000, 1.000000, -1.000000, 0.100000, 0.000100, 1.000000, 0.001000, 0.000010, 0.000000, 0.000000, 0.950000, 0.208336, 24.828536, -15.519434, 34.993305, -1.402014, -12.487217, 5.117027, -11.693988, 1000, 0.000100, -1.000000, -1.000000, 0.100000, 0.000100, 5.000000, 1.000000, 0.001000, 0.000010, 0.000000, 0.000000, 0.950000, 5.000000, 5.117027, -11.693988, -15.519434, 34.993305, 1000, 0.000100, 2.000000, -1.000000, -1.000000, 0.100000, 0.000100, 1.000000, 0.001000, 0.000010, 0.000000, 0.000000, 0.950000, -1.402014, -12.487217, 0.208336, 24.828536, 1000
1.67, 0.000100, 0.200000, 0.470000, -9.810000, 6.000000, 0.000000, 0.000000, 0.000000, 10.000000, -1.000000, 1.000000, -1.000000, 0.100000, 0.000100, 1.000000, 0.001000, 0.000010, 0.000000, 0.000000, 0.950000, 0.211719, 24.903143, -15.563173, 35.566661, -1.417311, -12.524341, 5.102938, -11.819028, 1000, 0.000100, -1.000000, -1.000000, 0.100000, 0.000100, 5.000000, 1.000000, 0.001000, 0.000010, 0.000000, 0.000000, 0.950000, 5.000000, 5.102938, -11.819028, -15.563173, 35.566661, 1000, 0.000100, 2.000000, -1.000000, -1.000000, 0.100000, 0.000100, 1.000000, 0.001000, 0.000010, 0.000000, 0.000000, 0.950000, -1.417311, -12.524341, 0.211719, 24.903143, 1000
1.68, 0.000100, 0.200000, 0.470000, -9.810000, 6.000000, 0.000000, 0.000000, 0.000000, 10.000000, -1.000000, 1.000000, -1.000000, 0.100000, 0.000100, 1.000000, 0.001000, 0.000010, 0.000000, 0.000000, 0.950000, 0.215137, 24.976435, -15.604989, 36.143061, -1.432647, -12.560810, 5.088696, -11.944435, 1000, 0.000100, -1.000000, -1.000000, 0.100000, 0.000100, 5.000000, 1.000000, 0.001000, 0.000010, 0.000000, 0.000000, 0.950000, 5.000000, 5.088696, -11.944435, -15.604989, 36.143061, 1000, 0.000100, 2.000000, -1.000000, -1.000000, 0.100000, 0.000100, 1.000000, 0.001000, 0.000010, 0.000000, 0.000000, 0.950000, -1.432647, -12.560810, 0.215137, 24.976435, 1000
1.69, 0.000100, 0.200000, 0.470000, -9.810000, 6.000000, 0.000000, 0.000000, 0.000000, 10.000000, -1.000000, 1.000000, -1.000000, 0.100000, 0.000100, 1.000000, 0.001000, 0.000010, 0.000000, 0.000000, 0.950000, 0.218592, 25.048409, -15.644888, 36.722445, -1.448022, -12.596623, 5.074300, -12.070204, 1000, 0.000100, -1.000000, -1.000000, 0.100000, 0.000100, 5.000000, 1.000000, 0.001000, 0.000010, 0.000000, 0.000000, 0.950000, 5.000000, 5.074300, -12.070204, -15.644888, 36.722445, 1000, 0.000100, 2.000000, -1.000000, -1.000000, 0.100000, 0.000100, 1.000000, 0.001000, 0.000010, 0.000000, 0.000000, 0.950000, -1.448022, -12.596623, 0.218592, 25.048409, 1000
1.7, 0.000100, 0.200000, 0.470000, -9.810000, 6.000000, 0.000000, 0.000000, 0.000000, 10.000000, -1.000000, 1.000000, -1.000000, 0.100000, 0.000100, 1.000000, 0.001000, 0.000010, 0.000000, 0.000000, 0.950000, 0.222083, 25.119062, -15.682875, 37.304753, -1.463433, -12.631778, 5.059751, -12.196329, 1000, 0.000100, -1.000000, -1.000000, 0.100000, 0.000100, 5.000000, 1.000000, 0.001000, 0.000010, 0.000000, 0.000000, 0.950000, 5.000000, 5.059751, -12.196329, -15.682875, 37.304753, 1000, 0.000100, 2.000000, -1.000000, -1.000000, 0.100000, 0.000100, 1.000000, 0.001000, 0.000010, 0.000000, 0.000000, 0.950000, -1.463433, -12.631778, 0.222083, 25.119062, 1000
1.71, 0.000100, 0.200000, 0.470000, -9.810000, 6.000000, 0.000000, 0.000000, 0.000000, 10.000000, -1.000000, 1.000000, -1.000000, 0.100000, 0.000100, 1.000000, 0.001000, 0.000010, 0.000000, 0.000000, 0.950000, 0.225610, 25.188390, -15.718957, 37.889925, -1.478877, -12.666273, 5.045047, -12.322802, 1000, 0.000100, -1.000000, -1.000000, 0.100000, 0.000100, 5.000000, 1.000000, 0.001000, 0.000010, 0.000000, 0.000000, 0.950000, 5.000000, 5.045047, -12.322802, -15.718957, 37.889925, 1000, 0.000100, 2.000000, -1.000000, -1.000000, 0.100000, 0.000100, 1.000000, 0.001000, 0.000010, 0.000000, 0.000000, 0.950000, -1.478877, -12.666273, 0.225610, 25.188390, 1000
1.72, 0.000100, 0.200000, 0.470000, -9.810000, 6.000000, 0.000000, 0.000000, 0.000000, 10.000000, -1.000000, 1.000000, -1.000000, 0.100000, 0.000100, 1.000000, 0.001000, 0.000010, 0.000000, 0.000000, 0.950000, 0.229172, 25.256390, -15.753140, 38.477903, -1.494354, -12.700107, 5.030188, -12.449617, 1000, 0.000100, -1.000000, -1.000000, 0.100000, 0.000100, 5.000000, 1.000000, 0.001000, 0.000010, 0.000000, 0.000000, 0.950000, 5.000000, 5.030188, -12.449617, -15.753140, 38.477903, 1000, 0.000100, 2.000000, -1.000000, -1.000000, 0.100000, 0.000100, 1.000000, 0.001000, 0.000010, 0.000000, 0.000000, 0.950000, -1.494354, -12.700107, 0.229172, 25.256390, 1000
1.73, 0.000100, 0.200000, 0.470000, -9.810000, 6.000000, 0.000000, 0.000000, 0.000000, 10.000000, -1.000000, 1.000000, -1.000000, 0.100000, 0.000100, 1.000000, 0.001000, 0.000010, 0.000000, 0.000000, 0.950000, 0.232771, 25.323061, -15.785430, 39.068628, -1.509862, -12.733280, 5.015175, -12.576767, 1000, 0.000100, -1.000000, -1.000000, 0.100000, 0.000100, 5.000000, 1.000000, 0.001000, 0.000010, 0.000000, 0.000000, 0.950000, 5.000000, 5.015175, -12.576767, -15.785430, 39.068628, 1000, 0.000100, 2.000000, -1.000000, -1.000000, 0.100000, 0.000100, 1.000000, 0.001000, 0.000010, 0.000000, 0.000000, 0.950000, -1.509862, -12.733280, 0.232771, 25.323061, 1000
1.74, 0.000100, 0.200000, 0.470000, -9.810000, 6.000000, 0.000000, 0.000000, 0.000000, 10.000000, -1.000000, 1.000000, -1.000000, 0.100000, 0.000100, 1.000000, 0.001000, 0.000010, 0.000000, 0.000000, 0.950000, 0.236405, 25.388399, -15.815836, 39.662043, -1.525397, -12.765788, 5.000006, -12.704246, 1000, 0.000100, -1.000000, -1.000000, 0.100000, 0.000100, 5.000000, 1.000000, 0.001000, 0.000010, 0.000000, 0.000000, 0.950000, 5.000000, 5.000006, -12.704246, -15.815836, 39.662043, 1000, 0.000100, 2.000000, -1.000000, -1.000000, 0.100000, 0.000100, 1.000000, 0.001000, 0.000010, 0.000000, 0.000000, 0.950000, -1.525397, -12.765788, 0.236405, 25.388399, 1000
1.75, 0.000100, 0.200000, 0.470000, -9.810000, 6.000000, 0.000000, 0.000000, 0.000000, 10.000000, -1.000000, 1.000000, -1.000000, 0.100000, 0.000100, 1.000000, 0.001000, 0.000010, 0.000000, 0.000000, 0.950000, 0.240075, 25.452401, -15.844365, 40.258090, -1.540960, -12.797632, 4.984682, -12.832048, 1000, 0.000100, -1.000000, -1.000000, 0.100000, 0.000100, 5.000000, 1.000000, 0.001000, 0.000010, 0.000000, 0.000000, 0.950000, 5.000000, 4.984682, -12.832048, -15.844365, 40.258090, 1000, 0.000100, 2.000000, -1.000000, -1.000000, 0.100000, 0.000100, 1.000000, 0.001000, 0.000010, 0.000000, 0.000000, 0.950000, -1.540960, -12.797632, 0.240075, 25.452401, 1000
1.76, 0.000100, 0.200000, 0.470000, -9.810000, 6.000000, 0.000000, 0.000000, 0.000000, 10.000000, -1.000000, 1.000000, -1.000000, 0.100000, 0.000100, 1.000000, 0.001000, 0.000010, 0.000000, 0.000000, 0.950000, 0.243780, 25.515065, -15.871025, 40.856713, -1.556546, -12.828810, 4.969203, -12.960164, 1000, 0.000100, -1.000000, -1.000000, 0.100000, 0.000100, 5.000000, 1.000000, 0.001000, 0.000010, 0.000000, 0.000000, 0.950000, 5.000000, 4.969203, -12.960164, -15.871025, 40.856713, 1000, 0.000100, 2.000000, -1.000000, -1.000000, 0.100000, 0.000100, 1.000000, 0.001000, 0.000010, 0.000000, 0.000000, 0.950000, -1.556546, -12.828810, 0.243780, 25.515065, 1000
1.77, 0.000100, 0.200000, 0.470000, -9.810000, 6.000000, 0.000000, 0.000000, 0.000000, 10.000000, -1.000000, 1.000000, -1.000000, 0.100000, 0.000100, 1.000000, 0.001000, 0.000010, 0.000000, 0.000000, 0.950000, 0.247521, 25.576390, -15.895824, 41.457854, -1.572155, -12.859320, 4.953567, -13.088590, 1000, 0.000100, -1.000000, -1.000000, 0.100000, 0.000100, 5.000000, 1.000000, 0.001000, 0.000010, 0.000000, 0.000000, 0.950000, 5.000000, 4.953567, -13.088590, -15.895824, 41.457854, 1000, 0.000100, 2.000000, -1.000000, -1.000000, 0.100000, 0.000100, 1.000000, 0.001000, 0.000010, 0.000000, 0.000000, 0.950000, -1.572155, -12.859320, 0.247521, 25.576390, 1000
1.78, 0.000100, 0.200000, 0.470000, -9.810000, 6.000000, 0.000000, 0.000000, 0.000000, 10.000000, -1.000000, 1.000000, -1.000000, 0.100000, 0.000100, 1.000000, 0.001000, 0.000010, 0.000000, 0.000000, 0.950000, 0.251296, 25.636372, -15.918771, 42.061458, -1.587785, -12.889163, 4.937775, -13.217317, 1000, 0.000100, -1.000000, -1.000000, 0.100000, 0.000100, 5.000000, 1.000000, 0.001000, 0.000010, 0.000000, 0.000000, 0.950000, 5.000000, 4.937775, -13.217317, -15.918771, 42.061458, 1000, 0.000100, 2.000000, -1.000000, -1.000000, 0.100000, 0.000100, 1.000000, 0.001000, 0.000010, 0.000000, 0.000000, 0.950000, -1.587785, -12.889163, 0.251296, 25.636372, 1000
1.79, 0.000100, 0.200000, 0.470000, -9.810000, 6.000000, 0.000000, 0.000000, 0.000000, 10.000000, -1.000000, 1.000000, -1.000000, 0.100000, 0.000100, 1.000000, 0.001000, 0.000010, 0.000000, 0.000000, 0.950000, 0.255107, 25.695009, -15.939874, 42.667470, -1.603434, -12.918336, 4.921827, -13.346340, 1000, 0.000100, -1.000000, -1.000000, 0.100000, 0.000100, 5.000000, 1.000000, 0.001000, 0.000010, 0.000000, 0.000000, 0.950000, 5.000000, 4.921827, -13.346340, -15.939874, 42.667470, 1000, 0.000100, 2.000000, -1.000000, -1.000000, 0.100000, 0.000100, 1.000000, 0.001000, 0.000010, 0.000000, 0.000000, 0.950000, -1.603434, -12.918336, 0.255107, 25.695009, 1000
1.8, 0.000100, 0.200000, 0.470000, -9.810000, 6.000000, 0.000000, 0.000000, 0.000000, 10.000000, -1.000000, 1.000000, -1.000000, 0.100000, 0.000100, 1.000000, 0.001000, 0.000010, 0.000000, 0.000000, 0.950000, 0.258952, 25.752301, -15.959144, 43.275833, -1.619100, -12.946839, 4.905722, -13.475652, 1000, 0.000100, -1.000000, -1.000000, 0.100000, 0.000100, 5.000000, 1.000000, 0.001000, 0.000010, 0.000000, 0.000000, 0.950000, 5.000000, 4.905722, -13.475652, -15.959144, 43.275833, 1000, 0.000100, 2.000000, -1.000000, -1.000000, 0.100000, 0.000100, 1.000000, 0.001000, 0.000010, 0.000000, 0.000000, 0.950000, -1.619100, -12.946839, 0.258952, 25.752301, 1000
1.81, 0.000100, 0.200000, 0.470000, -9.810000, 6.000000, 0.000000, 0.000000, 0.000000, 10.000000, -1.000000, 1.000000, -1.000000, 0.100000, 0.000100, 1.000000, 0.001000, 0.000010, 0.000000, 0.000000, 0.950000, 0.262831, 25.808244, -15.976589, 43.886495, -1.634780, -12.974671, 4.889460, -13.605245, 1000, 0.000100, -1.000000, -1.000000, 0.100000, 0.000100, 5.000000, 1.000000, 0.001000, 0.000010, 0.000000, 0.000000, 0.950000, 5.000000, 4.889460, -13.605245, -15.976589, 43.886495, 1000, 0.000100, 2.000000, -1.000000, -1.000000, 0.100000, 0.000100, 1.000000, 0.001000, 0.000010, 0.000000, 0.000000, 0.950000, -1.634780, -12.974671, 0.262831, 25.808244, 1000
1.82, 0.000100, 0.200000, 0.470000, -9.810000, 6.000000, 0.000000, 0.000000, 0.000000, 10.000000, -1.000000, 1.000000, -1.000000, 0.100000, 0.000100, 1.000000, 0.001000, 0.000010, 0.000000, 0.000000, 0.950000, 0.266745, 25.862837, -15.992219, 44.499400, -1.650474, -13.001831, 4.873042, -13.735114, 1000, 0.000100, -1.000000, -1.000000, 0.100000, 0.000100, 5.000000, 1.000000, 0.001000, 0.000010, 0.000000, 0.000000, 0.950000, 5.000000, 4.873042, -13.735114, -15.992219, 44.499400, 1000, 0.000100, 2.000000, -1.000000, -1.000000, 0.100000, 0.000100, 1.000000, 0.001000, 0.000010, 0.000000, 0.000000, 0.950000, -1.650474, -13.001831, 0.266745, 25.862837, 1000
1.83, 0.000100, 0.200000, 0.470000, -9.810000, 6.000000, 0.000000, 0.000000, 0.000000, 10.000000, -1.000000, 1.000000, -1.000000, 0.100000, 0.000100, 1.000000, 0.001000, 0.000010, 0.000000, 0.000000, 0.950000, 0.270694, 25.916080, -16.006043, 45.114494, -1.666179, -13.028318, 4.856467, -13.865252, 1000, 0.000100, -1.000000, -1.000000, 0.100000, 0.000100, 5.000000, 1.000000, 0.001000, 0.000010, 0.000000, 0.000000, 0.950000, 5.000000, 4.856467, -13.865252, -16.006043, 45.114494, 1000, 0.000100, 2.000000, -1.000000, -1.000000, 0.100000, 0.000100, 1.000000, 0.001000, 0.000010, 0.000000, 0.000000, 0.950000, -1.666179, -13.028318, 0.270694, 25.916080, 1000
1.84, 0.000100, 0.200000, 0.470000, -9.810000, 6.000000, 0.000000, 0.000000, 0.000000, 10.000000, -1.000000, 1.000000, -1.000000, 0.100000, 0.000100, 1.000000, 0.001000, 0.000010, 0.000000, 0.000000, 0.950000, 0.274676, 25.967969, -16.018072, 45.731725, -1.681894, -13.054132, 4.839734, -13.995651, 1000, 0.000100, -1.000000, -1.000000, 0.100000, 0.000100, 5.000000, 1.000000, 0.001000, 0.000010, 0.000000, 0.000000, 0.950000, 5.000000, 4.839734, -13.995651, -16.018072, 45.731725, 1000, 0.000100, 2.000000, -1.000000, -1.000000, 0.100000, 0.000100, 1.000000, 0.001000, 0.000010, 0.000000, 0.000000, 0.950000, -1.681894, -13.054132, 0.274676, 25.967969, 1000
1.85, 0.000100, 0.200000, 0.470000, -9.810000, 6.000000, 0.000000, 0.000000, 0.000000, 10.000000, -1.000000, 1.000000, -1.000000, 0.100000, 0.000100, 1.000000, 0.001000, 0.000010, 0.000000, 0.000000, 0.950000, 0.278692, 26.018504, -16.028316, 46.351040, -1.697616, -13.079272, 4.822844, -14.126305, 1000, 0.000100, -1.000000, -1.000000, 0.100000, 0.000100, 5.000000, 1.000000, 0.001000, 0.000010, 0.000000, 0.000000, 0.950000, 5.000000, 4.822844, -14.126305, -16.028316, 46.351040, 1000, 0.000100, 2.000000, -1.000000, -1.000000, 0.100000, 0.000100, 1.000000, 0.001000, 0.000010, 0.000000, 0.000000, 0.950000, -1.697616, -13.079272, 0.278692, 26.018504, 1000
1.86, 0.000100, 0.200000, 0.470000, -9.810000, 6.000000, 0.000000, 0.000000, 0.000000, 10.000000, -1.000000, 1.000000, -1.000000, 0.100000, 0.000100, 1.000000, 0.001000, 0.000010, 0.000000, 0.000000, 0.950000, 0.282741, 26.067684, -16.036784, 46.972385, -1.713344, -13.103738, 4.805798, -14.257208, 1000, 0.000100, -1.000000, -1.000000, 0.100000, 0.000100, 5.000000, 1.000000, 0.001000, 0.000010, 0.000000, 0.000000, 0.950000, 5.000000, 4.805798, -14.257208, -16.036784, 46.972385, 1000, 0.000100, 2.000000, -1.000000, -1.000000, 0.100000, 0.000100, 1.000000, 0.001000, 0.000010, 0.000000, 0.000000, 0.950000, -1.713344, -13.103738, 0.282741, 26.067684, 1000
1.87, 0.000100, 0.200000, 0.470000, -9.810000, 6.000000, 0.000000, 0.000000, 0.000000, 10.000000, -1.000000, 1.000000, -1.000000, 0.100000, 0.000100, 1.000000, 0.001000, 0.000010, 0.000000, 0.000000, 0.950000, 0.286824, 26.115507, -16.043488, 47.595710, -1.729077, -13.127528, 4.788593, -14.388353, 1000, 0.000100, -1.000000, -1.000000, 0.100000, 0.000100, 5.000000, 1.000000, 0.001000, 0.000010, 0.000000, 0.000000, 0.950000, 5.000000, 4.788593, -14.388353, -16.043488, 47.595710, 1000, 0.000100, 2.000000, -1.000000, -1.000000, 0.100000, 0.000100, 1.000000, 0.001000, 0.000010, 0.000000, 0.000000, 0.950000, -1.729077, -13.127528, 0.286824, 26.115507, 1000
1.88, 0.000100, 0.200000, 0.470000, -9.810000, 6.000000, 0.000000, 0.000000, 0.000000, 10.000000, -1.000000, 1.000000, -1.000000, 0.100000, 0.000100, 1.000000, 0.001000, 0.000010, 0.000000, 0.000000, 0.950000, 0.290940, 26.161973, -16.048437, 48.220962, -1.744811, -13.150642, 4.771232, -14.519732, 1000, 0.000100, -1.000000, -1.000000, 0.100000, 0.000100, 5.000000, 1.000000, 0.001000, 0.000010, 0.000000, 0.000000, 0.950000, 5.000000, 4.771232, -14.519732, -16.048437, 48.220962, 1000, 0.000100, 2.000000, -1.000000, -1.000000, 0.100000, 0.000100, 1.000000, 0.001000, 0.000010, 0.000000, 0.000000, 0.950000, -1.744811, -13.150642, 0.290940, 26.161973, 1000
1.89, 0.000100, 0.200000, 0.470000, -9.810000, 6.000000, 0.000000, 0.000000, 0.000000, 10.000000, -1.000000, 1.000000, -1.000000, 0.100000, 0.000100, 1.000000, 0.001000, 0.000010, 0.000000, 0.000000, 0.950000, 0.295088, 26.207080, -16.051643, 48.848091, -1.760546, -13.173081, 4.753713, -14.651339, 1000, 0.000100, -1.000000, -1.000000, 0.100000, 0.000100, 5.000000, 1.000000, 0.001000, 0.000010, 0.000000, 0.000000, 0.950000, 5.000000, 4.753713, -14.651339, -16.051643, 48.848091, 1000, 0.000100, 2.000000, -1.000000, -1.000000, 0.100000, 0.000100, 1.000000, 0.001000, 0.000010, 0.000000, 0.000000, 0.950000, -1.760546, -13.173081, 0.295088, 26.207080, 1000
1.9, 0.000100, 0.200000, 0.470000, -9.810000, 6.000000, 0.000000, 0.000000, 0.000000, 10.000000, -1.000000, 1.000000, -1.000000, 0.100000, 0.000100, 1.000000, 0.001000, 0.000010, 0.000000, 0.000000, 0.950000, 0.299270, 26.250828, -16.053117, 49.477045, -1.776279, -13.194843, 4.736037, -14.783168, 1000, 0.000100, -1.000000, -1.000000, 0.100000, 0.000100, 5.000000, 1.000000, 0.001000, 0.000010, 0.000000, 0.000000, 0.950000, 5.000000, 4.736037, -14.783168, -16.053117, 49.477045, 1000, 0.000100, 2.000000, -1.000000, -1.000000, 0.100000, 0.000100, 1.000000, 0.001000, 0.000010, 0.000000, 0.000000, 0.950000, -1.776279, -13.194843, 0.299270, 26.250828, 1000
1.91, 0.000100, 0.200000, 0.470000, -9.810000, 6.000000, 0.000000, 0.000000, 0.000000, 10.000000, -1.000000, 1.000000, -1.000000, 0.100000, 0.000100, 1.000000, 0.001000, 0.000010, 0.000000, 0.000000, 0.950000, 0.303483, 26.293216, -16.052868, 50.107773, -1.792010, -13.215927, 4.718203, -14.915211, 1000, 0.000100, -1.000000, -1.000000, 0.100000, 0.000100, 5.000000, 1.000000, 0.001000, 0.000010, 0.000000, 0.000000, 0.950000, 5.000000, 4.718203, -14.915211, -16.052868, 50.107773, 1000, 0.000100, 2.000000, -1.000000, -1.000000, 0.100000, 0.000100, 1.000000, 0.001000, 0.000010, 0.000000, 0.000000, 0.950000, -1.792010, -13.215927, 0.303483, 26.293216, 1000
1.92, 0.000100, 0.200000, 0.470000, -9.810000, 6.000000, 0.000000, 0.000000, 0.000000, 10.000000, -1.000000, 1.000000, -1.000000, 0.100000, 0.000100, 1.000000, 0.001000, 0.000010, 0.000000, 0.000000, 0.950000, 0.307729, 26.334244, -16.050908, 50.740227, -1.807735, -13.236335, 4.700212, -15.047463, 1000, 0.000100, -1.000000, -1.000000, 0.100000, 0.000100, 5.000000, 1.000000, 0.001000, 0.000010, 0.000000, 0.000000, 0.950000, 5.000000, 4.700212, -15.047463, -16.050908, 50.740227, 1000, 0.000100, 2.000000, -1.000000, -1.000000, 0.100000, 0.000100, 1.000000, 0.001000, 0.000010, 0.000000, 0.000000, 0.950000, -1.807735, -13.236335, 0.307729, 26.334244, 1000
1.93, 0.000100, 0.200000, 0.470000, -9.810000, 6.000000, 0.000000, 0.000000, 0.000000, 10.000000, -1.000000, 1.000000, -1.000000, 0.100000, 0.000100, 1.000000, 0.001000, 0.000010, 0.000000, 0.000000, 0.950000, 0.312007, 26.373911, -16.047248, 51.374356, -1.823454, -13.256066, 4.682064, -15.179915, 1000, 0.000100, -1.000000, -1.000000, 0.100000, 0.000100, 5.000000, 1.000000, 0.001000, 0.000010, 0.000000, 0.000000, 0.950000, 5.000000, 4.682064, -15.179915, -16.047248, 51.374356, 1000, 0.000100, 2.000000, -1.000000, -1.000000, 0.100000, 0.000100, 1.000000, 0.001000, 0.000010, 0.000000, 0.000000, 0.950000, -1.823454, -13.256066, 0.312007, 26.373911, 1000
1.94, 0.000100, 0.200000, 0.470000, -9.810000, 6.000000, 0.000000, 0.000000, 0.000000, 10.000000, -1.000000, 1.000000, -1.000000, 0.100000, 0.000100, 1.000000, 0.001000, 0.000010, 0.000000, 0.000000, 0.950000, 0.316316, 26.412217, -16.041900, 52.010112, -1.839165, -13.275118, 4.663759, -15.312561, 1000, 0.000100, -1.000000, -1.000000, 0.100000, 0.000100, 5.000000, 1.000000, 0.001000, 0.000010, 0.000000, 0.000000, 0.950000, 5.000000, 4.663759, -15.312561, -16.041900, 52.010112, 1000, 0.000100, 2.000000, -1.000000, -1.000000, 0.100000, 0.000100, 1.000000, 0.001000, 0.000010, 0.000000, 0.000000, 0.950000, -1.839165, -13.275118, 0.316316, 26.412217, 1000
1.95, 0.000100, 0.200000, 0.470000, -9.810000, 6.000000, 0.000000, 0.000000, 0.000000, 10.000000, -1.000000, 1.000000, -1.000000, 0.100000, 0.000100, 1.000000, 0.001000, 0.000010, 0.000000, 0.000000, 0.950000, 0.320657, 26.449161, -16.034873, 52.647444, -1.854865, -13.293493, 4.645296, -15.445395, 1000, 0.000100, -1.000000, -1.000000, 0.100000, 0.000100, 5.000000, 1.000000, 0.001000, 0.000010, 0.000000, 0.000000, 0.950000, 5.000000, 4.645296, -15.445395, -16.034873, 52.647444, 1000, 0.000100, 2.000000, -1.000000, -1.000000, 0.100000, 0.000100, 1.000000, 0.001000, 0.000010, 0.000000, 0.000000, 0.950000, -1.854865, -13.293493, 0.320657, 26.449161, 1000
1.96, 0.000100, 0.200000, 0.470000, -9.810000, 6.000000, 0.000000, 0.000000, 0.000000, 10.000000, -1.000000, 1.000000, -1.000000, 0.100000, 0.000100, 1.000000, 0.001000, 0.000010, 0.000000, 0.000000, 0.950000, 0.325029, 26.484744, -16.026180, 53.286305, -1.870554, -13.311190, 4.626677, -15.578410, 1000, 0.000100, -1.000000, -1.000000, 0.100000, 0.000100, 5.000000, 1.000000, 0.001000, 0.000010, 0.000000, 0.000000, 0.950000, 5.000000, 4.626677, -15.578410, -16.026180, 53.286305, 1000, 0.000100, 2.000000, -1.000000, -1.000000, 0.100000, 0.000100, 1.000000, 0.001000, 0.000010, 0.000000, 0.000000, 0.950000, -1.870554, -13.311190, 0.325029, 26.484744, 1000
1.97, 0.000100, 0.200000, 0.470000, -9.810000, 6.000000, 0.000000, 0.000000, 0.000000, 10.000000, -1.000000, 1.000000, -1.000000, 0.100000, 0.000100, 1.000000, 0.001000, 0.000010, 0.000000, 0.000000, 0.950000, 0.329431, 26.518964, -16.015832, 53.926647, -1.886229, -13.328210, 4.607901, -15.711598, 1000, 0.000100, -1.000000, -1.000000, 0.100000, 0.000100, 5.000000, 1.000000, 0.001000, 0.000010, 0.000000, 0.000000, 0.950000, 5.000000, 4.607901, -15.711598, -16.015832, 53.926647, 1000, 0.000100, 2.000000, -1.000000, -1.000000, 0.100000, 0.000100, 1.000000, 0.001000, 0.000010, 0.000000, 0.000000, 0.950000, -1.886229, -13.328210, 0.329431, 26.518964, 1000
1.98, 0.000100, 0.200000, 0.470000, -9.810000, 6.000000, 0.000000, 0.000000, 0.000000, 10.000000, -1.000000, 1.000000, -1.000000, 0.100000, 0.000100, 1.000000, 0.001000, 0.000010, 0.000000, 0.000000, 0.950000, 0.333864, 26.551823, -16.003839, 54.568422, -1.901889, -13.344551, 4.588968, -15.844954, 1000, 0.000100, -1.000000, -1.000000, 0.100000, 0.000100, 5.000000, 1.000000, 0.001000, 0.000010, 0.000000, 0.000000, 0.950000, 5.000000, 4.588968, -15.844954, -16.003839, 54.568422, 1000, 0.000100, 2.000000, -1.000000, -1.000000, 0.100000, 0.000100, 1.000000, 0.001000, 0.000010, 0.000000, 0.000000, 0.950000, -1.901889, -13.344551, 0.333864, 26.551823, 1000
1.99, 0.000100, 0.200000, 0.470000, -9.810000, 6.000000, 0.000000, 0.000000, 0.000000, 10.000000, -1.000000, 1.000000, -1.000000, 0.100000, 0.000100, 1.000000, 0.001000, 0.000010, 0.000000, 0.000000, 0.950000, 0.338327, 26.583321, -15.990214, 55.211581, -1.917532, -13.360215, 4.569879, -15.978470, 1000, 0.000100, -1.000000, -1.000000, 0.100000, 0.000100, 5.000000, 1.000000, 0.001000, 0.000010, 0.000000, 0.000000, 0.950000, 5.000000, 4.569879, -15.978470, -15.990214, 55.211581, 1000, 0.000100, 2.000000, -1.000000, -1.000000, 0.100000, 0.000100, 1.000000, 0.001000, 0.000010, 0.000000, 0.000000, 0.950000, -1.917532, -13.360215, 0.338327, 26.583321, 1000
2, 0.000100, 0.200000, 0.470000, -9.810000, 6.000000, 0.000000, 0.000000, 0.000000, 10.000000, -1.000000, 1.000000, -1.000000, 0.100000, 0.000100, 1.000000, 0.001000, 0.000010, 0.000000, 0.000000, 0.950000, 0.342820, 26.613457, -15.974967, 55.856079, -1.933156, -13.375201, 4.550633, -16.112139, 1000, 0.000100, -1.000000, -1.000000, 0.100000, 0.000100, 5.000000, 1.000000, 0.001000, 0.000010, 0.000000, 0.000000, 0.950000, 5.000000, 4.550633, -16.112139, -15.974967, 55.856079, 1000, 0.000100, 2.000000, -1.000000, -1.000000, 0.100000, 0.000100, 1.000000, 0.001000, 0.000010, 0.000000, 0.000000, 0.950000, -1.933156, -13.375201, 0.342820, 26.613457, 1000
2.01, 0.000100, 0.200000, 0.470000, -9.810000, 6.000000, 0.000000, 0.000000, 0.000000, 10.000000, -1.000000, 1.000000, -1.000000, 0.100000, 0.000100, 1.000000, 0.001000, 0.000010, 0.000000, 0.000000, 0.950000, 0.347343, 26.642233, -15.958110, 56.501869, -1.948761, -13.389509, 4.531232, -16.245956, 1000, 0.000100, -1.000000, -1.000000, 0.100000, 0.000100, 5.000000, 1.000000, 0.001000, 0.000010, 0.000000, 0.000000, 0.950000, 5.000000, 4.531232, -16.245956, -15.958110, 56.501869, 1000, 0.000100, 2.000000, -1.000000, -1.000000, 0.100000, 0.000100, 1.000000, 0.001000, 0.000010, 0.000000, 0.000000, 0.950000, -1.948761, -13.389509, 0.347343, 26.642233, 1000
2.02, 0.000100, 0.200000, 0.470000, -9.810000, 6.000000, 0.000000, 0.000000, 0.000000, 10.000000, -1.000000, 1.000000, -1.000000, 0.100000, 0.000100, 1.000000, 0.001000, 0.000010, 0.000000, 0.000000, 0.950000, 0.351895, 26.669648, -15.939654, 57.148903, -1.964343, -13.403140, 4.511674, -16.379912, 1000, 0.000100, -1.000000, -1.000000, 0.100000, 0.000100, 5.000000, 1.000000, 0.001000, 0.000010, 0.000000, 0.000000, 0.950000, 5.000000, 4.511674, -16.379912, -15.939654, 57.148903, 1000, 0.000100, 2.000000, -1.000000, -1.000000, 0.100000, 0.000100, 1.000000, 0.001000, 0.000010, 0.000000, 0.000000, 0.950000, -1.964343, -13.403140, 0.351895, 26.669648, 1000
2.03, 0.000100, 0.200000, 0.470000, -9.810000, 6.000000, 0.000000, 0.000000, 0.000000, 10.000000, -1.000000, 1.000000, -1.000000, 0.100000, 0.000100, 1.000000, 0.001000, 0.000010, 0.000000, 0.000000, 0.950000, 0.356476, 26.695703, -15.919611, 57.797136, -1.979902, -13.416094, 4.491961, -16.514002, 1000, 0.000100, -1.000000, -1.000000, 0.100000, 0.000100, 5.000000, 1.000000, 0.001000, 0.000010, 0.000000, 0.000000, 0.950000, 5.000000, 4.491961, -16.514002, -15.919611, 57.797136, 1000, 0.000100, 2.000000, -1.000000, -1.000000, 0.100000, 0.000100, 1.000000, 0.001000, 0.000010, 0.000000, 0.000000, 0.950000, -1.979902, -13.416094, 0.356476, 26.695703, 1000
2.04, 0.000100, 0.200000, 0.470000, -9.810000, 6.000000, 0.000000, 0.000000, 0.000000, 10.000000, -1.000000, 1.000000, -1.000000, 0.100000, 0.000100, 1.000000, 0.001000, 0.000010, 0.000000, 0.000000, 0.950000, 0.361085, 26.720399, -15.897992, 58.446522, -1.995436, -13.428372, 4.472092, -16.648218, 1000, 0.000100, -1.000000, -1.000000, 0.100000, 0.000100, 5.000000, 1.000000, 0.001000, 0.000010, 0.000000, 0.000000, 0.950000, 5.000000, 4.472092, -16.648218, -15.897992, 58.446522, 1000, 0.000100, 2.000000, -1.000000, -1.000000, 0.100000, 0.000100, 1.000000, 0.001000, 0.000010, 0.000000, 0.000000, 0.950000, -1.995436, -13.428372, 0.361085, 26.720399, 1000
2.05, 0.000100, 0.200000, 0.470000, -9.810000, 6.000000, 0.000000, 0.000000, 0.000000, 10.000000, -1.000000, 1.000000, -1.000000, 0.100000, 0.000100, 1.000000, 0.001000, 0.000010, 0.000000, 0.000000, 0.950000, 0.365723, 26.743736, -15.874808, 59.097015, -2.010944, -13.439972, 4.452067, -16.782554, 1000, 0.000100, -1.000000, -1.000000, 0.100000, 0.000100, 5.000000, 1.000000, 0.001000, 0.000010, 0.000000, 0.000000, 0.950000, 5.000000, 4.452067, -16.782554, -15.874808, 59.097015, 1000, 0.000100, 2.000000, -1.000000, -1.000000, 0.100000, 0.000100, 1.000000, 0.001000, 0.000010, 0.000000, 0.000000, 0.950000, -2.010944, -13.439972, 0.365723, 26.743736, 1000
2.06, 0.000100, 0.200000, 0.470000, -9.810000, 6.000000, 0.000000, 0.000000, 0.000000, 10.000000, -1.000000, 1.000000, -1.000000, 0.100000, 0.000100, 1.000000, 0.001000, 0.000010, 0.000000, 0.000000, 0.950000, 0.370389, 26.765715, -15.850071, 59.748571, -2.026423, -13.450897, 4.431888, -16.917003, 1000, 0.000100, -1.000000, -1.000000, 0.100000, 0.000100, 5.000000, 1.000000, 0.001000, 0.000010, 0.000000, 0.000000, 0.950000, 5.000000, 4.431888, -16.917003, -15.850071, 59.748571, 1000, 0.000100, 2.000000, -1.000000, -1.000000, 0.100000, 0.000100, 1.000000, 0.001000, 0.000010, 0.000000, 0.000000, 0.950000, -2.026423, -13.450897, 0.370389, 26.765715, 1000
2.07, 0.000100, 0.200000, 0.470000, -9.810000, 6.000000, 0.000000, 0.000000, 0.000000, 10.000000, -1.000000, 1.000000, -1.000000, 0.100000, 0.000100, 1.000000, 0.001000, 0.000010, 0.000000, 0.000000, 0.950000, 0.375082, 26.786338, -15.823792, 60.401145, -2.041872, -13.461146, 4.411555, -17.051558, 1000, 0.000100, -1.000000, -1.000000, 0.100000, 0.000100, 5.000000, 1.000000, 0.001000, 0.000010, 0.000000, 0.000000, 0.950000, 5.000000, 4.411555, -17.051558, -15.823792, 60.401145, 1000, 0.000100, 2.000000, -1.000000, -1.000000, 0.100000, 0.000100, 1.000000, 0.001000, 0.000010, 0.000000, 0.000000, 0.950000, -2.041872, -13.461146, 0.375082, 26.786338, 1000
2.08, 0.000100, 0.200000, 0.470000, -9.810000, 6.000000, 0.000000, 0.000000, 0.000000, 10.000000, -1.000000, 1.000000, -1.000000, 0.100000, 0.000100, 1.000000, 0.001000, 0.000010, 0.000000, 0.000000, 0.950000, 0.379803, 26.805605, -15.795982, 61.054691, -2.057290, -13.470720, 4.391066, -17.186212, 1000, 0.000100, -1.000000, -1.000000, 0.100000, 0.000100, 5.000000, 1.000000, 0.001000, 0.000010, 0.000000, 0.000000, 0.950000, 5.000000, 4.391066, -17.186212, -15.795982, 61.054691, 1000, 0.000100, 2.000000, -1.000000, -1.000000, 0.100000, 0.000100, 1.000000, 0.001000, 0.000010, 0.000000, 0.000000, 0.950000, -2.057290, -13.470720, 0.379803, 26.805605, 1000
2.09, 0.000100, 0.200000, 0.470000, -9.810000, 6.000000, 0.000000, 0.000000, 0.000000, 10.000000, -1.000000, 1.000000, -1.000000, 0.100000, 0.000100, 1.000000, 0.001000, 0.000010, 0.000000, 0.000000, 0.950000, 0.384551, 26.823517, -15.766653, 61.709166, -2.072674, -13.479619, 4.370424, -17.320960, 1000, 0.000100, -1.000000, -1.000000, 0.100000, 0.000100, 5.000000, 1.000000, 0.001000, 0.000010, 0.000000, 0.000000, 0.950000, 5.000000, 4.370424, -17.320960, -15.766653, 61.709166, 1000, 0.000100, 2.000000, -1.000000, -1.000000, 0.100000, 0.000100, 1.000000, 0.001000, 0.000010, 0.000000, 0.000000, 0.950000, -2.072674, -13.479619, 0.384551, 26.823517, 1000
2.1, 0.000100, 0.200000, 0.470000, -9.810000, 6.000000, 0.000000, 0.000000, 0.000000, 10.000000, -1.000000, 1.000000, -1.000000, 0.100000, 0.000100, 1.000000, 0.001000, 0.000010, 0.000000, 0.000000, 0.950000, 0.389325, 26.840076, -15.735817, 62.364526, -2.088024, -13.487844, 4.349629, -17.455793, 1000, 0.000100, -1.000000, -1.000000, 0.100000, 0.000100, 5.000000, 1.000000, 0.001000, 0.000010, 0.000000, 0.000000, 0.950000, 5.000000, 4.349629, -17.455793, -15.735817, 62.364526, 1000, 0.000100, 2.000000, -1.000000, -1.000000, 0.100000, 0.000100, 1.000000, 0.001000, 0.000010, 0.000000, 0.000000, 0.950000, -2.088024, -13.487844, 0.389325, 26.840076, 1000
2.11, 0.000100, 0.200000, 0.470000, -9.810000, 6.000000, 0.000000, 0.000000, 0.000000, 10.000000, -1.000000, 1.000000, -1.000000, 0.100000, 0.000100, 1.000000, 0.001000, 0.000010, 0.000000, 0.000000, 0.950000, 0.394126, 26.855282, -15.703483, 63.020727, -2.103338, -13.495396, 4.328679, -17.590705, 1000, 0.000100, -1.000000, -1.000000, 0.100000, 0.000100, 5.000000, 1.000000, 0.001000, 0.000010, 0.000000, 0.000000, 0.950000, 5.000000, 4.328679, -17.590705, -15.703483, 63.020727, 1000, 0.000100, 2.000000, -1.000000, -1.000000, 0.100000, 0.000100, 1.000000, 0.001000, 0.000010, 0.000000, 0.000000, 0.950000, -2.103338, -13.495396, 0.394126, 26.855282, 1000
2.12, 0.000100, 0.200000, 0.470000, -9.810000, 6.000000, 0.000000, 0.000000, 0.000000, 10.000000, -1.000000, 1.000000, -1.000000, 0.100000, 0.000100, 1.000000, 0.001000, 0.000010, 0.000000, 0.000000, 0.950000, 0.398952, 26.869138, -15.669665, 63.677725, -2.118615, -13.502275, 4.307577, -17.725690, 1000, 0.000100, -1.000000, -1.000000, 0.100000, 0.000100, 5.000000, 1.000000, 0.001000, 0.000010, 0.000000, 0.000000, 0.950000, 5.000000, 4.307577, -17.725690, -15.669665, 63.677725, 1000, 0.000100, 2.000000, -1.000000, -1.000000, 0.100000, 0.000100, 1.000000, 0.001000, 0.000010, 0.000000, 0.000000, 0.950000, -2.118615, -13.502275, 0.398952, 26.869138, 1000
2.13, 0.000100, 0.200000, 0.470000, -9.810000, 6.000000, 0.000000, 0.000000, 0.000000, 10.000000, -1.000000, 1.000000, -1.000000, 0.100000, 0.000100, 1.000000, 0.001000, 0.000010, 0.000000, 0.000000, 0.950000, 0.403804, 26.881644, -15.634373, 64.335479, -2.133852, -13.508482, 4.286323, -17.860741, 1000, 0.000100, -1.000000, -1.000000, 0.100000, 0.000100, 5.000000, 1.000000, 0.001000, 0.000010, 0.000000, 0.000000, 0.950000, 5.000000, 4.286323, -17.860741, -15.634373, 64.335479, 1000, 0.000100, 2.000000, -1.000000, -1.000000, 0.100000, 0.000100, 1.000000, 0.001000, 0.000010, 0.000000, 0.000000, 0.950000, -2.133852, -13.508482, 0.403804, 26.881644, 1000
2.14, 0.000100, 0.200000, 0.470000, -9.810000, 6.000000, 0.000000, 0.000000, 0.000000, 10.000000, -1.000000, 1.000000, -1.000000, 0.100000, 0.000100, 1.000000, 0.001000, 0.000010, 0.000000, 0.000000, 0.950000, 0.408681, 26.892802, -15.597617, 64.993943, -2.149049, -13.514017, 4.264916, -17.995851, 1000, 0.000100, -1.000000, -1.000000, 0.100000, 0.000100, 5.000000, 1.000000, 0.001000, 0.000010, 0.000000, 0.000000, 0.950000, 5.000000, 4.264916, -17.995851, -15.597617, 64.993943, 1000, 0.000100, 2.000000, -1.000000, -1.000000, 0.100000, 0.000100, 1.000000, 0.001000, 0.000010, 0.000000, 0.000000, 0.950000, -2.149049, -13.514017, 0.408681, 26.892802, 1000
2.15, 0.000100, 0.200000, 0.470000, -9.810000, 6.000000, 0.000000, 0.000000, 0.000000, 10.000000, -1.000000, 1.000000, -1.000000, 0.100000, 0.000100, 1.000000, 0.001000, 0.000010, 0.000000, 0.000000, 0.950000, 0.413583, 26.902613, -15.559411, 65.653077, -2.164204, -13.518881, 4.243357, -18.131013, 1000, 0.000100, -1.000000, -1.000000, 0.100000, 0.000100, 5.000000, 1.000000, 0.001000, 0.000010, 0.000000, 0.000000, 0.950000, 5.000000, 4.243357, -18.131013, -15.559411, 65.653077, 1000, 0.000100, 2.000000, -1.000000, -1.000000, 0.100000, 0.000100, 1.000000, 0.001000, 0.000010, 0.000000, 0.000000, 0.950000, -2.164204, -13.518881, 0.413583, 26.902613, 1000
2.16, 0.000100, 0.200000, 0.470000, -9.810000, 6.000000, 0.000000, 0.000000, 0.000000, 10.000000, -1.000000, 1.000000, -1.000000, 0.100000, 0.000100, 1.000000, 0.001000, 0.000010, 0.000000, 0.000000, 0.950000, 0.418510, 26.911081, -15.519764, 66.312838, -2.179315, -13.523076, 4.221647, -18.266220, 1000, 0.000100, -1.000000, -1.000000, 0.100000, 0.000100, 5.000000, 1.000000, 0.001000, 0.000010, 0.000000, 0.000000, 0.950000, 5.000000, 4.221647, -18.266220, -15.519764, 66.312838, 1000, 0.000100, 2.000000, -1.000000, -1.000000, 0.100000, 0.000100, 1.000000, 0.001000, 0.000010, 0.000000, 0.000000, 0.950000, -2.179315, -13.523076, 0.418510, 26.911081, 1000
2.17, 0.000100, 0.200000, 0.470000, -9.810000, 6.000000, 0.000000, 0.000000, 0.000000, 10.000000, -1.000000, 1.000000, -1.000000, 0.100000, 0.000100, 1.000000, 0.001000, 0.000010, 0.000000, 0.000000, 0.950000, 0.423460, 26.918205, -15.478688, 66.973183, -2.194381, -13.526602, 4.199786, -18.401467, 1000, 0.000100, -1.000000, -1.000000, 0.100000, 0.000100, 5.000000, 1.000000, 0.001000, 0.000010, 0.000000, 0.000000, 0.950000, 5.000000, 4.199786, -18.401467, -15.478688, 66.973183, 1000, 0.000100, 2.000000, -1.000000, -1.000000, 0.100000, 0.000100, 1.000000, 0.001000, 0.000010, 0.000000, 0.000000, 0.950000, -2.194381, -13.526602, 0.423460, 26.918205, 1000
2.18, 0.000100, 0.200000, 0.470000, -9.810000, 6.000000, 0.000000, 0.000000, 0.000000, 10.000000, -1.000000, 1.000000, -1.000000, 0.100000, 0.000100, 1.000000, 0.001000, 0.000010, 0.000000, 0.000000, 0.950000, 0.428434, 26.923989, -15.436195, 67.634072, -2.209400, -13.529459, 4.177775, -18.536746, 1000, 0.000100, -1.000000, -1.000000, 0.100000, 0.000100, 5.000000, 1.000000, 0.001000, 0.000010, 0.000000, 0.000000, 0.950000, 5.000000, 4.177775, -18.536746, -15.436195, 67.634072, 1000, 0.000100, 2.000000, -1.000000, -1.000000, 0.100000, 0.000100, 1.000000, 0.001000, 0.000010, 0.000000, 0.000000, 0.950000, -2.209400, -13.529459, 0.428434, 26.923989, 1000
2.19, 0.000100, 0.200000, 0.470000, -9.810000, 6.000000, 0.000000, 0.000000, 0.000000, 10.000000, -1.000000, 1.000000, -1.000000, 0.100000, 0.000100, 1.000000, 0.001000, 0.000010, 0.000000, 0.000000, 0.950000, 0.433431, 26.928433, -15.392294, 68.295461, -2.224372, -13.531649, 4.155613, -18.672050, 1000, 0.000100, -1.000000, -1.000000, 0.100000, 0.000100, 5.000000, 1.000000, 0.001000, 0.000010, 0.000000, 0.000000, 0.950000, 5.000000, 4.155613, -18.672050, -15.392294, 68.295461, 1000, 0.000100, 2.000000, -1.000000, -1.000000, 0.100000, 0.000100, 1.000000, 0.001000, 0.000010, 0.000000, 0.000000, 0.950000, -2.224372, -13.531649, 0.433431, 26.928433, 1000
2.2, 0.000100, 0.200000, 0.470000, -9.810000, 6.000000, 0.000000, 0.000000, 0.000000, 10.000000, -1.000000, 1.000000, -1.000000, 0.100000, 0.000100, 1.000000, 0.001000, 0.000010, 0.000000, 0.000000, 0.950000, 0.438451, 26.931541, -15.346998, 68.957311, -2.239294, -13.533174, 4.133302, -18.807374, 1000, 0.000100, -1.000000, -1.000000, 0.100000, 0.000100, 5.000000, 1.000000, 0.001000, 0.000010, 0.000000, 0.000000, 0.950000, 5.000000, 4.133302, -18.807374, -15.346998, 68.957311, 1000, 0.000100, 2.000000, -1.000000, -1.000000, 0.100000, 0.000100, 1.000000, 0.001000, 0.000010, 0.000000, 0.000000, 0.950000, -2.239294, -13.533174, 0.438451, 26.931541, 1000
2.21, 0.000100, 0.200000, 0.470000, -9.810000, 6.000000, 0.000000, 0.000000, 0.000000, 10.000000, -1.000000, 1.000000, -1.000000, 0.100000, 0.000100, 1.000000, 0.001000, 0.000010, 0.000000, 0.000000, 0.950000, 0.443494, 26.933314, -15.300317, 69.619581, -2.254165, -13.534033, 4.110842, -18.942709, 1000, 0.000100, -1.000000, -1.000000, 0.100000, 0.000100, 5.000000, 1.000000, 0.001000, 0.000010, 0.000000, 0.000000, 0.950000, 5.000000, 4.110842, -18.942709, -15.300317, 69.619581, 1000, 0.000100, 2.000000, -1.000000, -1.000000, 0.100000, 0.000100, 1.000000, 0.001000, 0.000010, 0.000000, 0.000000, 0.950000, -2.254165, -13.534033, 0.443494, 26.933314, 1000
2.22, 0.000100, 0.200000, 0.470000, -9.810000, 6.000000, 0.000000, 0.000000, 0.000000, 10.000000, -1.000000, 1.000000, -1.000000, 0.100000, 0.000100, 1.000000, 0.001000, 0.000010, 0.000000, 0.000000, 0.950000, 0.448558, 26.933754, -15.252262, 70.282228, -2.268984, -13.534227, 4.088234, -19.078051, 1000, 0.000100, -1.000000, -1.000000, 0.100000, 0.000100, 5.000000, 1.000000, 0.001000, 0.000010, 0.000000, 0.000000, 0.950000, 5.000000, 4.088234, -19.078051, -15.252262, 70.282228, 1000, 0.000100, 2.000000, -1.000000, -1.000000, 0.100000, 0.000100, 1.000000, 0.001000, 0.000010, 0.000000, 0.000000, 0.950000, -2.268984, -13.534227, 0.448558, 26.933754, 1000
2.23, 0.000100, 0.200000, 0.470000, -9.810000, 6.000000, 0.000000, 0.000000, 0.000000, 10.000000, -1.000000, 1.000000, -1.000000, 0.100000, 0.000100, 1.000000, 0.001000, 0.000010, 0.000000, 0.000000, 0.950000, 0.453645, 26.932864, -15.202845, 70.945213, -2.283750, -13.533759, 4.065478, -19.213391, 1000, 0.000100, -1.000000, -1.000000, 0.100000, 0.000100, 5.000000, 1.000000, 0.001000, 0.000010, 0.000000, 0.000000, 0.950000, 5.000000, 4.065478, -19.213391, -15.202845, 70.945213, 1000, 0.000100, 2.000000, -1.000000, -1.000000, 0.100000, 0.000100, 1.000000, 0.001000, 0.000010, 0.000000, 0.000000, 0.950000, -2.283750, -13.533759, 0.453645, 26.932864, 1000
2.24, 0.000100, 0.200000, 0.470000, -9.810000, 6.000000, 0.000000, 0.000000, 0.000000, 10.000000, -1.000000, 1.000000, -1.000000, 0.100000, 0.000100, 1.000000, 0.001000, 0.000010, 0.000000, 0.000000, 0.950000, 0.458752, 26.930645, -15.152076, 71.608496, -2.298460, -13.532629, 4.042574, -19.348723, 1000, 0.000100, -1.000000, -1.000000, 0.100000, 0.000100, 5.000000, 1.000000, 0.001000, 0.000010, 0.000000, 0.000000, 0.950000, 5.000000, 4.042574, -19.348723, -15.152076, 71.608496, 1000, 0.000100, 2.000000, -1.000000, -1.000000, 0.100000, 0.000100, 1.000000, 0.001000, 0.000010, 0.000000, 0.000000, 0.950000, -2.298460, -13.532629, 0.458752, 26.930645, 1000
2.25, 0.000100, 0.200000, 0.470000, -9.810000, 6.000000, 0.000000, 0.000000, 0.000000, 10.000000, -1.000000, 1.000000, -1.000000, 0.100000, 0.000100, 1.000000, 0.001000, 0.000010, 0.000000, 0.000000, 0.950000, 0.463880, 26.927102, -15.099966, 72.272036, -2.313114, -13.530838, 4.019524, -19.484041, 1000, 0.000100, -1.000000, -1.000000, 0.100000, 0.000100, 5.000000, 1.000000, 0.001000, 0.000010, 0.000000, 0.000000, 0.950000, 5.000000, 4.019524, -19.484041, -15.099966, 72.272036, 1000, 0.000100, 2.000000, -1.000000, -1.000000, 0.100000, 0.000100, 1.000000, 0.001000, 0.000010, 0.000000, 0.000000, 0.950000, -2.313114, -13.530838, 0.463880, 26.927102, 1000
2.26, 0.000100, 0.200000, 0.470000, -9.810000, 6.000000, 0.000000, 0.000000, 0.000000, 10.000000, -1.000000, 1.000000, -1.000000, 0.100000, 0.000100, 1.000000, 0.001000, 0.000010, 0.000000, 0.000000, 0.950000, 0.469029, 26.922235, -15.046527, 72.935794, -2.327711, -13.528387, 3.996327, -19.619339, 1000, 0.000100, -1.000000, -1.000000, 0.100000, 0.000100, 5.000000, 1.000000, 0.001000, 0.000010, 0.000000, 0.000000, 0.950000, 5.000000, 3.996327, -19.619339, -15.046527, 72.935794, 1000, 0.000100, 2.000000, -1.000000, -1.000000, 0.100000, 0.000100, 1.000000, 0.001000, 0.000010, 0.000000, 0.000000, 0.950000, -2.327711, -13.528387, 0.469029, 26.922235, 1000
2.27, 0.000100, 0.200000, 0.470000, -9.810000, 6.000000, 0.000000, 0.000000, 0.000000, 10.000000, -1.000000, 1.000000, -1.000000, 0.100000, 0.000100, 1.000000, 0.001000, 0.000010, 0.000000, 0.000000, 0.950000, 0.474197, 26.916048, -14.991768, 73.599730, -2.342248, -13.525278, 3.972984, -19.754609, 1000, 0.000100, -1.000000, -1.000000, 0.100000, 0.000100, 5.000000, 1.000000, 0.001000, 0.000010, 0.000000, 0.000000, 0.950000, 5.000000, 3.972984, -19.754609, -14.991768, 73.599730, 1000, 0.000100, 2.000000, -1.000000, -1.000000, 0.100000, 0.000100, 1.000000, 0.001000, 0.000010, 0.000000, 0.000000, 0.950000, -2.342248, -13.525278, 0.474197, 26.916048, 1000
2.28, 0.000100, 0.200000, 0.470000, -9.810000, 6.000000, 0.000000, 0.000000, 0.000000, 10.000000, -1.000000, 1.000000, -1.000000, 0.100000, 0.000100, 1.000000, 0.001000, 0.000010, 0.000000, 0.000000, 0.950000, 0.479385, 26.908543, -14.935701, 74.263804, -2.356725, -13.521512, 3.949497, -19.889844, 1000, 0.000100, -1.000000, -1.000000, 0.100000, 0.000100, 5.000000, 1.000000, 0.001000, 0.000010, 0.000000, 0.000000, 0.950000, 5.000000, 3.949497, -19.889844, -14.935701, 74.263804, 1000, 0.000100, 2.000000, -1.000000, -1.000000, 0.100000, 0.000100, 1.000000, 0.001000, 0.000010, 0.000000, 0.000000, 0.950000, -2.356725, -13.521512, 0.479385, 26.908543, 1000
2.29, 0.000100, 0.200000, 0.470000, -9.810000, 6.000000, 0.000000, 0.000000, 0.000000, 10.000000, -1.000000, 1.000000, -1.000000, 0.100000, 0.000100, 1.000000, 0.001000, 0.000010, 0.000000, 0.000000, 0.950000, 0.484592, 26.899723, -14.878336, 74.927978, -2.371140, -13.517091, 3.925865, -20.025040, 1000, 0.000100, -1.000000, -1.000000, 0.100000, 0.000100, 5.000000, 1.000000, 0.001000, 0.000010, 0.000000, 0.000000, 0.950000, 5.000000, 3.925865, -20.025040, -14.878336, 74.927978, 1000, 0.000100, 2.000000, -1.000000, -1.000000, 0.100000, 0.000100, 1.000000, 0.001000, 0.000010, 0.000000, 0.000000, 0.950000, -2.371140, -13.517091, 0.484592, 26.899723, 1000
2.3, 0.000100, 0.200000, 0.470000, -9.810000, 6.000000, 0.000000, 0.000000, 0.000000, 10.000000, -1.000000, 1.000000, -1.000000, 0.100000, 0.000100, 1.000000, 0.001000, 0.000010, 0.000000, 0.000000, 0.950000, 0.489818, 26.889590, -14.819685, 75.592213, -2.385492, -13.512014, 3.902089, -20.160188, 1000, 0.000100, -1.000000, -1.000000, 0.100000, 0.000100, 5.000000, 1.000000, 0.001000, 0.000010, 0.000000, 0.000000, 0.950000, 5.000000, 3.902089, -20.160188, -14.819685, 75.592213, 1000, 0.000100, 2.000000, -1.000000, -1.000000, 0.100000, 0.000100, 1.000000, 0.001000, 0.000010, 0.000000, 0.000000, 0.950000, -2.385492, -13.512014, 0.489818, 26.889590, 1000
2.31, 0.000100, 0.200000, 0.470000, -9.810000, 6.000000, 0.000000, 0.000000, 0.000000, 10.000000, -1.000000, 1.000000, -1.000000, 0.100000, 0.000100, 1.000000, 0.001000, 0.000010, 0.000000, 0.000000, 0.950000, 0.495062, 26.878149, -14.759758, 76.256469, -2.399779, -13.506285, 3.878169, -20.295282, 1000, 0.000100, -1.000000, -1.000000, 0.100000, 0.000100, 5.000000, 1.000000, 0.001000, 0.000010, 0.000000, 0.000000, 0.950000, 5.000000, 3.878169, -20.295282, -14.759758, 76.256469, 1000, 0.000100, 2.000000, -1.000000, -1.000000, 0.100000, 0.000100, 1.000000, 0.001000, 0.000010, 0.000000, 0.000000, 0.950000, -2.399779, -13.506285, 0.495062, 26.878149, 1000
2.32, 0.000100, 0.200000, 0.470000, -9.810000, 6.000000, 0.000000, 0.000000, 0.000000, 10.000000, -1.000000, 1.000000, -1.000000, 0.100000, 0.000100, 1.000000, 0.001000, 0.000010, 0.000000, 0.000000, 0.950000, 0.500323, 26.865400, -14.698565, 76.920709, -2.414001, -13.499904, 3.854108, -20.430316, 1000, 0.000100, -1.000000, -1.000000, 0.100000, 0.000100, 5.000000, 1.000000, 0.001000, 0.000010, 0.000000, 0.000000, 0.950000, 5.000000, 3.854108, -20.430316, -14.698565, 76.920709, 1000, 0.000100, 2.000000, -1.000000, -1.000000, 0.100000, 0.000100, 1.000000, 0.001000, 0.000010, 0.000000, 0.000000, 0.950000, -2.414001, -13.499904, 0.500323, 26.865400, 1000
2.33, 0.000100, 0.200000, 0.470000, -9.810000, 6.000000, 0.000000, 0.000000, 0.000000, 10.000000, -1.000000, 1.000000, -1.000000, 0.100000, 0.000100, 1.000000, 0.001000, 0.000010, 0.000000, 0.000000, 0.950000, 0.505602, 26.851349, -14.636118, 77.584893, -2.428156, -13.492873, 3.829904, -20.565284, 1000, 0.000100, -1.000000, -1.000000, 0.100000, 0.000100, 5.000000, 1.000000, 0.001000, 0.000010, 0.000000, 0.000000, 0.950000, 5.000000, 3.829904, -20.565284, -14.636118, 77.584893, 1000, 0.000100, 2.000000, -1.000000, -1.000000, 0.100000, 0.000100, 1.000000, 0.001000, 0.000010, 0.000000, 0.000000, 0.950000, -2.428156, -13.492873, 0.505602, 26.851349, 1000
2.34, 0.000100, 0.200000, 0.470000, -9.810000, 6.000000, 0.000000, 0.000000, 0.000000, 10.000000, -1.000000, 1.000000, -1.000000, 0.100000, 0.000100, 1.000000, 0.001000, 0.000010, 0.000000, 0.000000, 0.950000, 0.510898, 26.835997, -14.572427, 78.248985, -2.442243, -13.485194, 3.805559, -20.700178, 1000, 0.000100, -1.000000, -1.000000, 0.100000, 0.000100, 5.000000, 1.000000, 0.001000, 0.000010, 0.000000, 0.000000, 0.950000, 5.000000, 3.805559, -20.700178, -14.572427, 78.248985, 1000, 0.000100, 2.000000, -1.000000, -1.000000, 0.100000, 0.000100, 1.000000, 0.001000, 0.000010, 0.000000, 0.000000, 0.950000, -2.442243, -13.485194, 0.510898, 26.835997, 1000
2.35, 0.000100, 0.200000, 0.470000, -9.810000, 6.000000, 0.000000, 0.000000, 0.000000, 10.000000, -1.000000, 1.000000, -1.000000, 0.100000, 0.000100, 1.000000, 0.001000, 0.000010, 0.000000, 0.000000, 0.950000, 0.516210, 26.819348, -14.507501, 78.912946, -2.456260, -13.476867, 3.781073, -20.834992, 1000, 0.000100, -1.000000, -1.000000, 0.100000, 0.000100, 5.000000, 1.000000, 0.001000, 0.000010, 0.000000, 0.000000, 0.950000, 5.000000, 3.781073, -20.834992, -14.507501, 78.912946, 1000, 0.000100, 2.000000, -1.000000, -1.000000, 0.100000, 0.000100, 1.000000, 0.001000, 0.000010, 0.000000, 0.000000, 0.950000, -2.456260, -13.476867, 0.516210, 26.819348, 1000
2.36, 0.000100, 0.200000, 0.470000, -9.810000, 6.000000, 0.000000, 0.000000, 0.000000, 10.000000, -1.000000, 1.000000, -1.000000, 0.100000, 0.000100, 1.000000, 0.001000, 0.000010, 0.000000, 0.000000, 0.950000, 0.521539, 26.801405, -14.441353, 79.576738, -2.470207, -13.467895, 3.756448, -20.969721, 1000, 0.000100, -1.000000, -1.000000, 0.100000, 0.000100, 5.000000, 1.000000, 0.001000, 0.000010, 0.000000, 0.000000, 0.950000, 5.000000, 3.756448, -20.969721, -14.441353, 79.576738, 1000, 0.000100, 2.000000, -1.000000, -1.000000, 0.100000, 0.000100, 1.000000, 0.001000, 0.000010, 0.000000, 0.000000, 0.950000, -2.470207, -13.467895, 0.521539, 26.801405, 1000
2.37, 0.000100, 0.200000, 0.470000, -9.810000, 6.000000, 0.000000, 0.000000, 0.000000, 10.000000, -1.000000, 1.000000, -1.000000, 0.100000, 0.000100, 1.000000, 0.001000, 0.000010, 0.000000, 0.000000, 0.950000, 0.526882, 26.782172, -14.373993, 80.240325, -2.484081, -13.458278, 3.731683, -21.104356, 1000, 0.000100, -1.000000, -1.000000, 0.100000, 0.000100, 5.000000, 1.000000, 0.001000, 0.000010, 0.000000, 0.000000, 0.950000, 5.000000, 3.731683, -21.104356, -14.373993, 80.240325, 1000, 0.000100, 2.000000, -1.000000, -1.000000, 0.100000, 0.000100, 1.000000, 0.001000, 0.000010, 0.000000, 0.000000, 0.950000, -2.484081, -13.458278, 0.526882, 26.782172, 1000
2.38, 0.000100, 0.200000, 0.470000, -9.810000, 6.000000, 0.000000, 0.000000, 0.000000, 10.000000, -1.000000, 1.000000, -1.000000, 0.100000, 0.000100, 1.000000, 0.001000, 0.000010, 0.000000, 0.000000, 0.950000, 0.532241, 26.761651, -14.305430, 80.903668, -2.497883, -13.448019, 3.706781, -21.238893, 1000, 0.000100, -1.000000, -1.000000, 0.100000, 0.000100, 5.000000, 1.000000, 0.001000, 0.000010, 0.000000, 0.000000, 0.950000, 5.000000, 3.706781, -21.238893, -14.305430, 80.903668, 1000, 0.000100, 2.000000, -1.000000, -1.000000, 0.100000, 0.000100, 1.000000, 0.001000, 0.000010, 0.000000, 0.000000, 0.950000, -2.497883, -13.448019, 0.532241, 26.761651, 1000
2.39, 0.000100, 0.200000, 0.470000, -9.810000, 6.000000, 0.000000, 0.000000, 0.000000, 10.000000, -1.000000, 1.000000, -1.000000, 0.100000, 0.000100, 1.000000, 0.001000, 0.000010, 0.000000, 0.000000, 0.950000, 0.537614, 26.739847, -14.235675, 81.566731, -2.511610, -13.437120, 3.681740, -21.373324, 1000, 0.000100, -1.000000, -1.000000, 0.100000, 0.000100, 5.000000, 1.000000, 0.001000, 0.000010, 0.000000, 0.000000, 0.950000, 5.000000, 3.681740, -21.373324, -14.235675, 81.566731, 1000, 0.000100, 2.000000, -1.000000, -1.000000, 0.100000, 0.000100, 1.000000, 0.001000, 0.000010, 0.000000, 0.000000, 0.950000, -2.511610, -13.437120, 0.537614, 26.739847, 1000
2.4, 0.000100, 0.200000, 0.470000, -9.810000, 6.000000, 0.000000, 0.000000, 0.000000, 10.000000, -1.000000, 1.000000, -1.000000, 0.100000, 0.000100, 1.000000, 0.001000, 0.000010, 0.000000, 0.000000, 0.950000, 0.543001, 26.716763, -14.164739, 82.229478, -2.525261, -13.425581, 3.656562, -21.507643, 1000, 0.000100, -1.000000, -1.000000, 0.100000, 0.000100, 5.000000, 1.000000, 0.001000, 0.000010, 0.000000, 0.000000, 0.950000, 5.000000, 3.656562, -21.507643, -14.164739, 82.229478, 1000, 0.000100, 2.000000, -1.000000, -1.000000, 0.100000, 0.000100, 1.000000, 0.001000, 0.000010, 0.000000, 0.000000, 0.950000, -2.525261, -13.425581, 0.543001, 26.716763, 1000
2.41, 0.000100, 0.200000, 0.470000, -9.810000, 6.000000, 0.000000, 0.000000, 0.000000, 10.000000, -1.000000, 1.000000, -1.000000, 0.100000, 0.000100, 1.000000, 0.001000, 0.000010, 0.000000, 0.000000, 0.950000, 0.548402, 26.692401, -14.092632, 82.891870, -2.538835, -13.413406, 3.631249, -21.641844, 1000, 0.000100, -1.000000, -1.000000, 0.100000, 0.000100, 5.000000, 1.000000, 0.001000, 0.000010, 0.000000, 0.000000, 0.950000, 5.000000, 3.631249, -21.641844, -14.092632, 82.891870, 1000, 0.000100, 2.000000, -1.000000, -1.000000, 0.100000, 0.000100, 1.000000, 0.001000, 0.000010, 0.000000, 0.000000, 0.950000, -2.538835, -13.413406, 0.548402, 26.692401, 1000
2.42, 0.000100, 0.200000, 0.470000, -9.810000, 6.000000, 0.000000, 0.000000, 0.000000, 10.000000, -1.000000, 1.000000, -1.000000, 0.100000, 0.000100, 1.000000, 0.001000, 0.000010, 0.000000, 0.000000, 0.950000, 0.553816, 26.666767, -14.019364, 83.553873, -2.552332, -13.400594, 3.605800, -21.775921, 1000, 0.000100, -1.000000, -1.000000, 0.100000, 0.000100, 5.000000, 1.000000, 0.001000, 0.000010, 0.000000, 0.000000, 0.950000, 5.000000, 3.605800, -21.775921, -14.019364, 83.553873, 1000, 0.000100, 2.000000, -1.000000, -1.000000, 0.100000, 0.000100, 1.000000, 0.001000, 0.000010, 0.000000, 0.000000, 0.950000, -2.552332, -13.400594, 0.553816, 26.666767, 1000
2.43, 0.000100, 0.200000, 0.470000, -9.810000, 6.000000, 0.000000, 0.000000, 0.000000, 10.000000, -1.000000, 1.000000, -1.000000, 0.100000, 0.000100, 1.000000, 0.001000, 0.000010, 0.000000, 0.000000, 0.950000, 0.559243, 26.639864, -13.944946, 84.215449, -2.565749, -13.387149, 3.580216, -21.909866, 1000, 0.000100, -1.000000, -1.000000, 0.100000, 0.000100, 5.000000, 1.000000, 0.001000, 0.000010, 0.000000, 0.000000, 0.950000, 5.000000, 3.580216, -21.909866, -13.944946, 84.215449, 1000, 0.000100, 2.000000, -1.000000, -1.000000, 0.100000, 0.000100, 1.000000, 0.001000, 0.000010, 0.000000, 0.000000, 0.950000, -2.565749, -13.387149, 0.559243, 26.639864, 1000
2.44, 0.000100, 0.200000, 0.470000, -9.810000, 6.000000, 0.000000, 0.000000, 0.000000, 10.000000, -1.000000, 1.000000, -1.000000, 0.100000, 0.000100, 1.000000, 0.001000, 0.000010, 0.000000, 0.000000, 0.950000, 0.564682, 26.611695, -13.869388, 84.876563, -2.579086, -13.373072, 3.554498, -22.043674, 1000, 0.000100, -1.000000, -1.000000, 0.100000, 0.000100, 5.000000, 1.000000, 0.001000, 0.000010, 0.000000, 0.000000, 0.950000, 5.000000, 3.554498, -22.043674, -13.869388, 84.876563, 1000, 0.000100, 2.000000, -1.000000, -1.000000, 0.100000, 0.000100, 1.000000, 0.001000, 0.000010, 0.000000, 0.000000, 0.950000, -2.579086, -13.373072, 0.564682, 26.611695, 1000
2.45, 0.000100, 0.200000, 0.470000, -9.810000, 6.000000, 0.000000, 0.000000, 0.000000, 10.000000, -1.000000, 1.000000, -1.000000, 0.100000, 0.000100, 1.000000, 0.001000, 0.000010, 0.000000, 0.000000, 0.950000, 0.570132, 26.582264, -13.792699, 85.537179, -2.592341, -13.358364, 3.528648, -22.177339, 1000, 0.000100, -1.000000, -1.000000, 0.100000, 0.000100, 5.000000, 1.000000, 0.001000, 0.000010, 0.000000, 0.000000, 0.950000, 5.000000, 3.528648, -22.177339, -13.792699, 85.537179, 1000, 0.000100, 2.000000, -1.000000, -1.000000, 0.100000, 0.000100, 1.000000, 0.001000, 0.000010, 0.000000, 0.000000, 0.950000, -2.592341, -13.358364, 0.570132, 26.582264, 1000
2.46, 0.000100, 0.200000, 0.470000, -9.810000, 6.000000, 0.000000, 0.000000, 0.000000, 10.000000, -1.000000, 1.000000, -1.000000, 0.100000, 0.000100, 1.000000, 0.001000, 0.000010, 0.000000, 0.000000, 0.950000, 0.575594, 26.551576, -13.714891, 86.197262, -2.605514, -13.343029, 3.502665, -22.310853, 1000, 0.000100, -1.000000, -1.000000, 0.100000, 0.000100, 5.000000, 1.000000, 0.001000, 0.000010, 0.000000, 0.000000, 0.950000, 5.000000, 3.502665, -22.310853, -13.714891, 86.197262, 1000, 0.000100, 2.000000, -1.000000, -1.000000, 0.100000, 0.000100, 1.000000, 0.001000, 0.000010, 0.000000, 0.000000, 0.950000, -2.605514, -13.343029, 0.575594, 26.551576, 1000
2.47, 0.000100, 0.200000, 0.470000, -9.810000, 6.000000, 0.000000, 0.000000, 0.000000, 10.000000, -1.000000, 1.000000, -1.000000, 0.100000, 0.000100, 1.000000, 0.001000, 0.000010, 0.000000, 0.000000, 0.950000, 0.581067, 26.519634, -13.635974, 86.856775, -2.618603, -13.327067, 3.476551, -22.444212, 1000, 0.000100, -1.000000, -1.000000, 0.100000, 0.000100, 5.000000, 1.000000, 0.001000, 0.000010, 0.000000, 0.000000, 0.950000, 5.000000, 3.476551, -22.444212, -13.635974, 86.856775, 1000, 0.000100, 2.000000, -1.000000, -1.000000, 0.100000, 0.000100, 1.000000, 0.001000, 0.000010, 0.000000, 0.000000, 0.950000, -2.618603, -13.327067, 0.581067, 26.519634, 1000
2.48, 0.000100, 0.200000, 0.470000, -9.810000, 6.000000, 0.000000, 0.000000, 0.000000, 10.000000, -1.000000, 1.000000, -1.000000, 0.100000, 0.000100, 1.000000, 0.001000, 0.000010, 0.000000, 0.000000, 0.950000, 0.586549, 26.486442, -13.555956, 87.515684, -2.631607, -13.310481, 3.450307, -22.577408, 1000, 0.000100, -1.000000, -1.000000, 0.100000, 0.000100, 5.000000, 1.000000, 0.001000, 0.000010, 0.000000, 0.000000, 0.950000, 5.000000, 3.450307, -22.577408, -13.555956, 87.515684, 1000, 0.000100, 2.000000, -1.000000, -1.000000, 0.100000, 0.000100, 1.000000, 0.001000, 0.000010, 0.000000, 0.000000, 0.950000, -2.631607, -13.310481, 0.586549, 26.486442, 1000
2.49, 0.000100, 0.200000, 0.470000, -9.810000, 6.000000, 0.000000, 0.000000, 0.000000, 10.000000, -1.000000, 1.000000, -1.000000, 0.100000, 0.000100, 1.000000, 0.001000, 0.000010, 0.000000, 0.000000, 0.950000, 0.592042, 26.452005, -13.474850, 88.173953, -2.644525, -13.293272, 3.423932, -22.710435, 1000, 0.000100, -1.000000, -1.000000, 0.100000, 0.000100, 5.000000, 1.000000, 0.001000, 0.000010, 0.000000, 0.000000, 0.950000, 5.000000, 3.423932, -22.710435, -13.474850, 88.173953, 1000, 0.000100, 2.000000, -1.000000, -1.000000, 0.100000, 0.000100, 1.000000, 0.001000, 0.000010, 0.000000, 0.000000, 0.950000, -2.644525, -13.293272, 0.592042, 26.452005, 1000
2.5, 0.000100, 0.200000, 0.470000, -9.810000, 6.000000, 0.000000, 0.000000, 0.000000, 10.000000, -1.000000, 1.000000, -1.000000, 0.100000, 0.000100, 1.000000, 0.001000, 0.000010, 0.000000, 0.000000, 0.950000, 0.597543, 26.416326, -13.392664, 88.831548, -2.657356, -13.275443, 3.397429, -22.843288, 1000, 0.000100, -1.000000, -1.000000, 0.100000, 0.000100, 5.000000, 1.000000, 0.001000, 0.000010, 0.000000, 0.000000, 0.950000, 5.000000, 3.397429, -22.843288, -13.392664, 88.831548, 1000, 0.000100, 2.000000, -1.000000, -1.000000, 0.100000, 0.000100, 1.000000, 0.001000, 0.000010, 0.000000, 0.000000, 0.950000, -2.657356, -13.275443, 0.597543, 26.416326, 1000
2.51, 0.000100, 0.200000, 0.470000, -9.810000, 6.000000, 0.000000, 0.000000, 0.000000, 10.000000, -1.000000, 1.000000, -1.000000, 0.100000, 0.000100, 1.000000, 0.001000, 0.000010, 0.000000, 0.000000, 0.950000, 0.603053, 26.379410, -13.309408, 89.488434, -2.670099, -13.256996, 3.370799, -22.975959, 1000, 0.000100, -1.000000, -1.000000, 0.100000, 0.000100, 5.000000, 1.000000, 0.001000, 0.000010, 0.000000, 0.000000, 0.950000, 5.000000, 3.370799, -22.975959, -13.309408, 89.488434, 1000, 0.000100, 2.000000, -1.000000, -1.000000, 0.100000, 0.000100, 1.000000, 0.001000, 0.000010, 0.000000, 0.000000, 0.950000, -2.670099, -13.256996, 0.603053, 26.379410, 1000
2.52, 0.000100, 0.200000, 0.470000, -9.810000, 6.000000, 0.000000, 0.000000, 0.000000, 10.000000, -1.000000, 1.000000, -1.000000, 0.100000, 0.000100, 1.000000, 0.001000, 0.000010, 0.000000, 0.000000, 0.950000, 0.608572, 26.341261, -13.225094, 90.144577, -2.682752, -13.237932, 3.344041, -23.108443, 1000, 0.000100, -1.000000, -1.000000, 0.100000, 0.000100, 5.000000, 1.000000, 0.001000, 0.000010, 0.000000, 0.000000, 0.950000, 5.000000, 3.344041, -23.108443, -13.225094, 90.144577, 1000, 0.000100, 2.000000, -1.000000, -1.000000, 0.100000, 0.000100, 1.000000, 0.001000, 0.000010, 0.000000, 0.000000, 0.950000, -2.682752, -13.237932, 0.608572, 26.341261, 1000
2.53, 0.000100, 0.200000, 0.470000, -9.810000, 6.000000, 0.000000, 0.000000, 0.000000, 10.000000, -1.000000, 1.000000, -1.000000, 0.100000, 0.000100, 1.000000, 0.001000, 0.000010, 0.000000, 0.000000, 0.950000, 0.614098, 26.301883, -13.139729, 90.799941, -2.695315, -13.218254, 3.317157, -23.240734, 1000, 0.000100, -1.000000, -1.000000, 0.100000, 0.000100, 5.000000, 1.000000, 0.001000, 0.000010, 0.000000, 0.000000, 0.950000, 5.000000, 3.317157, -23.240734, -13.139729, 90.799941, 1000, 0.000100, 2.000000, -1.000000, -1.000000, 0.100000, 0.000100, 1.000000, 0.001000, 0.000010, 0.000000, 0.000000, 0.950000, -2.695315, -13.218254, 0.614098, 26.301883, 1000
2.54, 0.000100, 0.200000, 0.470000, -9.810000, 6.000000, 0.000000, 0.000000, 0.000000, 10.000000, -1.000000, 1.000000, -1.000000, 0.100000, 0.000100, 1.000000, 0.001000, 0.000010, 0.000000, 0.000000, 0.950000, 0.619632, 26.261281, -13.053326, 91.454494, -2.707787, -13.197964, 3.290147, -23.372825, 1000, 0.000100, -1.000000, -1.000000, 0.100000, 0.000100, 5.000000, 1.000000, 0.001000, 0.000010, 0.000000, 0.000000, 0.950000, 5.000000, 3.290147, -23.372825, -13.053326, 91.454494, 1000, 0.000100, 2.000000, -1.000000, -1.000000, 0.100000, 0.000100, 1.000000, 0.001000, 0.000010, 0.000000, 0.000000, 0.950000, -2.707787, -13.197964, 0.619632, 26.261281, 1000
2.55, 0.000100, 0.200000, 0.470000, -9.810000, 6.000000, 0.000000, 0.000000, 0.000000, 10.000000, -1.000000, 1.000000, -1.000000, 0.100000, 0.000100, 1.000000, 0.001000, 0.000010, 0.000000, 0.000000, 0.950000, 0.625172, 26.219459, -12.965893, 92.108201, -2.720166, -13.177065, 3.263014, -23.504711, 1000, 0.000100, -1.000000, -1.000000, 0.100000, 0.000100, 5.000000, 1.000000, 0.001000, 0.000010, 0.000000, 0.000000, 0.950000, 5.000000, 3.263014, -23.504711, -12.965893, 92.108201, 1000, 0.000100, 2.000000, -1.000000, -1.000000, 0.100000, 0.000100, 1.000000, 0.001000, 0.000010, 0.000000, 0.000000, 0.950000, -2.720166, -13.177065, 0.625172, 26.219459, 1000
2.56, 0.000100, 0.200000, 0.470000, -9.810000, 6.000000, 0.000000, 0.000000, 0.000000, 10.000000, -1.000000, 1.000000, -1.000000, 0.100000, 0.000100, 1.000000, 0.001000, 0.000010, 0.000000, 0.000000, 0.950000, 0.630718, 26.176422, -12.877440, 92.761029, -2.732452, -13.155557, 3.235757, -23.636385, 1000, 0.000100, -1.000000, -1.000000, 0.100000, 0.000100, 5.000000, 1.000000, 0.001000, 0.000010, 0.000000, 0.000000, 0.950000, 5.000000, 3.235757, -23.636385, -12.877440, 92.761029, 1000, 0.000100, 2.000000, -1.000000, -1.000000, 0.100000, 0.000100, 1.000000, 0.001000, 0.000010, 0.000000, 0.000000, 0.950000, -2.732452, -13.155557, 0.630718, 26.176422, 1000
2.57, 0.000100, 0.200000, 0.470000, -9.810000, 6.000000, 0.000000, 0.000000, 0.000000, 10.000000, -1.000000, 1.000000, -1.000000, 0.100000, 0.000100, 1.000000, 0.001000, 0.000010, 0.000000, 0.000000, 0.950000, 0.636270, 26.132174, -12.787978, 93.412943, -2.744644, -13.133444, 3.208377, -23.767841, 1000, 0.000100, -1.000000, -1.000000, 0.100000, 0.000100, 5.000000, 1.000000, 0.001000, 0.000010, 0.000000, 0.000000, 0.950000, 5.000000, 3.208377, -23.767841, -12.787978, 93.412943, 1000, 0.000100, 2.000000, -1.000000, -1.000000, 0.100000, 0.000100, 1.000000, 0.001000, 0.000010, 0.000000, 0.000000, 0.950000, -2.744644, -13.133444, 0.636270, 26.132174, 1000
2.58, 0.000100, 0.200000, 0.470000, -9.810000, 6.000000, 0.000000, 0.000000, 0.000000, 10.000000, -1.000000, 1.000000, -1.000000, 0.100000, 0.000100, 1.000000, 0.001000, 0.000010, 0.000000, 0.000000, 0.950000, 0.641827, 26.086721, -12.697515, 94.063911, -2.756740, -13.110727, 3.180877, -23.899073, 1000, 0.000100, -1.000000, -1.000000, 0.100000, 0.000100, 5.000000, 1.000000, 0.001000, 0.000010, 0.000000, 0.000000, 0.950000, 5.000000, 3.180877, -23.899073, -12.697515, 94.063911, 1000, 0.000100, 2.000000, -1.000000, -1.000000, 0.100000, 0.000100, 1.000000, 0.001000, 0.000010, 0.000000, 0.000000, 0.950000, -2.756740, -13.110727, 0.641827, 26.086721, 1000
2.59, 0.000100, 0.200000, 0.470000, -9.810000, 6.000000, 0.000000, 0.000000, 0.000000, 10.000000, -1.000000, 1.000000, -1.000000, 0.100000, 0.000100, 1.000000, 0.001000, 0.000010, 0.000000, 0.000000, 0.950000, 0.647389, 26.040065, -12.606063, 94.713899, -2.768739, -13.087409, 3.153255, -24.030075, 1000, 0.000100, -1.000000, -1.000000, 0.100000, 0.000100, 5.000000, 1.000000, 0.001000, 0.000010, 0.000000, 0.000000, 0.950000, 5.000000, 3.153255, -24.030075, -12.606063, 94.713899, 1000, 0.000100, 2.000000, -1.000000, -1.000000, 0.100000, 0.000100, 1.000000, 0.001000, 0.000010, 0.000000, 0.000000, 0.950000, -2.768739, -13.087409, 0.647389, 26.040065, 1000
2.6, 0.000100, 0.200000, 0.470000, -9.810000, 6.000000, 0.000000, 0.000000, 0.000000, 10.000000, -1.000000, 1.000000, -1.000000, 0.100000, 0.000100, 1.000000, 0.001000, 0.000010, 0.000000, 0.000000, 0.950000, 0.652955, 25.992214, -12.513630, 95.362875, -2.780641, -13.063493, 3.125514, -24.160842, 1000, 0.000100, -1.000000, -1.000000, 0.100000, 0.000100, 5.000000, 1.000000, 0.001000, 0.000010, 0.000000, 0.000000, 0.950000, 5.000000, 3.125514, -24.160842, -12.513630, 95.362875, 1000, 0.000100, 2.000000, -1.000000, -1.000000, 0.100000, 0.000100, 1.000000, 0.001000, 0.000010, 0.000000, 0.000000, 0.950000, -2.780641, -13.063493, 0.652955, 25.992214, 1000
2.61, 0.000100, 0.200000, 0.470000, -9.810000, 6.000000, 0.000000, 0.000000, 0.000000, 10.000000, -1.000000, 1.000000, -1.000000, 0.100000, 0.000100, 1.000000, 0.001000, 0.000010, 0.000000, 0.000000, 0.950000, 0.658524, 25.943170, -12.420227, 96.010804, -2.792444, -13.038980, 3.097655, -24.291367, 1000, 0.000100, -1.000000, -1.000000, 0.100000, 0.000100, 5.000000, 1.000000, 0.001000, 0.000010, 0.000000, 0.000000, 0.950000, 5.000000, 3.097655, -24.291367, -12.420227, 96.010804, 1000, 0.000100, 2.000000, -1.000000, -1.000000, 0.100000, 0.000100, 1.000000, 0.001000, 0.000010, 0.000000, 0.000000, 0.950000, -2.792444, -13.038980, 0.658524, 25.943170, 1000
2.62, 0.000100, 0.200000, 0.470000, -9.810000, 6.000000, 0.000000, 0.000000, 0.000000, 10.000000, -1.000000, 1.000000, -1.000000, 0.100000, 0.000100, 1.000000, 0.001000, 0.000010, 0.000000, 0.000000, 0.950000, 0.664097, 25.892940, -12.325862, 96.657656, -2.804148, -13.013873, 3.069678, -24.421643, 1000, 0.000100, -1.000000, -1.000000, 0.100000, 0.000100, 5.000000, 1.000000, 0.001000, 0.000010, 0.000000, 0.000000, 0.950000, 5.000000, 3.069678, -24.421643, -12.325862, 96.657656, 1000, 0.000100, 2.000000, -1.000000, -1.000000, 0.100000, 0.000100, 1.000000, 0.001000, 0.000010, 0.000000, 0.000000, 0.950000, -2.804148, -13.013873, 0.664097, 25.892940, 1000
2.63, 0.000100, 0.200000, 0.470000, -9.810000, 6.000000, 0.000000, 0.000000, 0.000000, 10.000000, -1.000000, 1.000000, -1.000000, 0.100000, 0.000100, 1.000000, 0.001000, 0.000010, 0.000000, 0.000000, 0.950000, 0.669672, 25.841527, -12.230547, 97.303397, -2.815752, -12.988174, 3.041584, -24.551666, 1000, 0.000100, -1.000000, -1.000000, 0.100000, 0.000100, 5.000000, 1.000000, 0.001000, 0.000010, 0.000000, 0.000000, 0.950000, 5.000000, 3.041584, -24.551666, -12.230547, 97.303397, 1000, 0.000100, 2.000000, -1.000000, -1.000000, 0.100000, 0.000100, 1.000000, 0.001000, 0.000010, 0.000000, 0.000000, 0.950000, -2.815752, -12.988174, 0.669672, 25.841527, 1000
2.64, 0.000100, 0.200000, 0.470000, -9.810000, 6.000000, 0.000000, 0.000000, 0.000000, 10.000000, -1.000000, 1.000000, -1.000000, 0.100000, 0.000100, 1.000000, 0.001000, 0.000010, 0.000000, 0.000000, 0.950000, 0.675249, 25.788937, -12.134290, 97.947996, -2.827254, -12.961886, 3.013375, -24.681430, 1000, 0.000100, -1.000000, -1.000000, 0.100000, 0.000100, 5.000000, 1.000000, 0.001000, 0.000010, 0.000000, 0.000000, 0.950000, 5.000000, 3.013375, -24.681430, -12.134290, 97.947996, 1000, 0.000100, 2.000000, -1.000000, -1.000000, 0.100000, 0.000100, 1.000000, 0.001000, 0.000010, 0.000000, 0.000000, 0.950000, -2.827254, -12.961886, 0.675249, 25.788937, 1000
2.65, 0.000100, 0.200000, 0.470000, -9.810000, 6.000000, 0.000000, 0.000000, 0.000000, 10.000000, -1.000000, 1.000000, -1.000000, 0.100000, 0.000100, 1.000000, 0.001000, 0.000010, 0.000000, 0.000000, 0.950000, 0.680827, 25.735176, -12.037101, 98.591419, -2.838654, -12.935011, 2.985051, -24.810928, 1000, 0.000100, -1.000000, -1.000000, 0.100000, 0.000100, 5.000000, 1.000000, 0.001000, 0.000010, 0.000000, 0.000000, 0.950000, 5.000000, 2.985051, -24.810928, -12.037101, 98.591419, 1000, 0.000100, 2.000000, -1.000000, -1.000000, 0.100000, 0.000100, 1.000000, 0.001000, 0.000010, 0.000000, 0.000000, 0.950000, -2.838654, -12.935011, 0.680827, 25.735176, 1000
2.66, 0.000100, 0.200000, 0.470000, -9.810000, 6.000000, 0.000000, 0.000000, 0.000000, 10.000000, -1.000000, 1.000000, -1.000000, 0.100000, 0.000100, 1.000000, 0.001000, 0.000010, 0.000000, 0.000000, 0.950000, 0.686407, 25.680247, -11.938991, 99.233635, -2.849950, -12.907552, 2.956613, -24.940154, 1000, 0.000100, -1.000000, -1.000000, 0.100000, 0.000100, 5.000000, 1.000000, 0.001000, 0.000010, 0.000000, 0.000000, 0.950000, 5.000000, 2.956613, -24.940154, -11.938991, 99.233635, 1000, 0.000100, 2.000000, -1.000000, -1.000000, 0.100000, 0.000100, 1.000000, 0.001000, 0.000010, 0.000000, 0.000000, 0.950000, -2.849950, -12.907552, 0.686407, 25.680247, 1000
2.67, 0.000100, 0.200000, 0.470000, -9.810000, 6.000000, 0.000000, 0.000000, 0.000000, 10.000000, -1.000000, 1.000000, -1.000000, 0.100000, 0.000100, 1.000000, 0.001000, 0.000010, 0.000000, 0.000000, 0.950000, 0.691986, 25.624157, -11.839967, 99.874613, -2.861143, -12.879510, 2.928064, -25.069104, 1000, 0.000100, -1.000000, -1.000000, 0.100000, 0.000100, 5.000000, 1.000000, 0.001000, 0.000010, 0.000000, 0.000000, 0.950000, 5.000000, 2.928064, -25.069104, -11.839967, 99.874613, 1000, 0.000100, 2.000000, -1.000000, -1.000000, 0.100000, 0.000100, 1.000000, 0.001000, 0.000010, 0.000000, 0.000000, 0.950000, -2.861143, -12.879510, 0.691986, 25.624157, 1000
2.68, 0.000100, 0.200000, 0.470000, -9.810000, 6.000000, 0.000000, 0.000000, 0.000000, 10.000000, -1.000000, 1.000000, -1.000000, 0.100000, 0.000100, 1.000000, 0.001000, 0.000010, 0.000000, 0.000000, 0.950000, 0.697566, 25.566909, -11.740041, 100.514320, -2.872230, -12.850889, 2.899402, -25.197770, 1000, 0.000100, -1.000000, -1.000000, 0.100000, 0.000100, 5.000000, 1.000000, 0.001000, 0.000010, 0.000000, 0.000000, 0.950000, 5.000000, 2.899402, -25.197770, -11.740041, 100.514320, 1000, 0.000100, 2.000000, -1.000000, -1.000000, 0.100000, 0.000100, 1.000000, 0.001000, 0.000010, 0.000000, 0.000000, 0.950000, -2.872230, -12.850889, 0.697566, 25.566909, 1000
2.69, 0.000100, 0.200000, 0.470000, -9.810000, 6.000000, 0.000000, 0.000000, 0.000000, 10.000000, -1.000000, 1.000000, -1.000000, 0.100000, 0.000100, 1.000000, 0.001000, 0.000010, 0.000000, 0.000000, 0.950000, 0.703145, 25.508511, -11.639222, 101.152726, -2.883211, -12.821692, 2.870630, -25.326147, 1000, 0.000100, -1.000000, -1.000000, 0.100000, 0.000100, 5.000000, 1.000000, 0.001000, 0.000010, 0.000000, 0.000000, 0.950000, 5.000000, 2.870630, -25.326147, -11.639222, 101.152726, 1000, 0.000100, 2.000000, -1.000000, -1.000000, 0.100000, 0.000100, 1.000000, 0.001000, 0.000010, 0.000000, 0.000000, 0.950000, -2.883211, -12.821692, 0.703145, 25.508511, 1000
2.7, 0.000100, 0.200000, 0.470000, -9.810000, 6.000000, 0.000000, 0.000000, 0.000000, 10.000000, -1.000000, 1.000000, -1.000000, 0.100000, 0.000100, 1.000000, 0.001000, 0.000010, 0.000000, 0.000000, 0.950000, 0.708723, 25.448966, -11.537519, 101.789799, -2.894086, -12.791919, 2.841749, -25.454230, 1000, 0.000100, -1.000000, -1.000000, 0.100000, 0.000100, 5.000000, 1.000000, 0.001000, 0.000010, 0.000000, 0.000000, 0.950000, 5.000000, 2.841749, -25.454230, -11.537519, 101.789799, 1000, 0.000100, 2.000000, -1.000000, -1.000000, 0.100000, 0.000100, 1.000000, 0.001000, 0.000010, 0.000000, 0.000000, 0.950000, -2.894086, -12.791919, 0.708723, 25.448966, 1000
2.71, 0.000100, 0.200000, 0.470000, -9.810000, 6.000000, 0.000000, 0.000000, 0.000000, 10.000000, -1.000000, 1.000000, -1.000000, 0.100000, 0.000100, 1.000000, 0.001000, 0.000010, 0.000000, 0.000000, 0.950000, 0.714299, 25.388280, -11.434941, 102.425509, -2.904852, -12.761575, 2.812760, -25.582013, 1000, 0.000100, -1.000000, -1.000000, 0.100000, 0.000100, 5.000000, 1.000000, 0.001000, 0.000010, 0.000000, 0.000000, 0.950000, 5.000000, 2.812760, -25.582013, -11.434941, 102.425509, 1000, 0.000100, 2.000000, -1.000000, -1.000000, 0.100000, 0.000100, 1.000000, 0.001000, 0.000010, 0.000000, 0.000000, 0.950000, -2.904852, -12.761575, 0.714299, 25.388280, 1000
2.72, 0.000100, 0.200000, 0.470000, -9.810000, 6.000000, 0.000000, 0.000000, 0.000000, 10.000000, -1.000000, 1.000000, -1.000000, 0.100000, 0.000100, 1.000000, 0.001000, 0.000010, 0.000000, 0.000000, 0.950000, 0.719873, 25.326459, -11.331499, 103.059823, -2.915511, -12.730661, 2.783664, -25.709490, 1000, 0.000100, -1.000000, -1.000000, 0.100000, 0.000100, 5.000000, 1.000000, 0.001000, 0.000010, 0.000000, 0.000000, 0.950000, 5.000000, 2.783664, -25.709490, -11.331499, 103.059823, 1000, 0.000100, 2.000000, -1.000000, -1.000000, 0.100000, 0.000100, 1.000000, 0.001000, 0.000010, 0.000000, 0.000000, 0.950000, -2.915511, -12.730661, 0.719873, 25.326459, 1000
2.73, 0.000100, 0.200000, 0.470000, -9.810000, 6.000000, 0.000000, 0.000000, 0.000000, 10.000000, -1.000000, 1.000000, -1.000000, 0.100000, 0.000100, 1.000000, 0.001000, 0.000010, 0.000000, 0.000000, 0.950000, 0.725444, 25.263507, -11.227202, 103.692713, -2.926059, -12.699181, 2.754461, -25.836655, 1000, 0.000100, -1.000000, -1.000000, 0.100000, 0.000100, 5.000000, 1.000000, 0.001000, 0.000010, 0.000000, 0.000000, 0.950000, 5.000000, 2.754461, -25.836655, -11.227202, 103.692713, 1000, 0.000100, 2.000000, -1.000000, -1.000000, 0.100000, 0.000100, 1.000000, 0.001000, 0.000010, 0.000000, 0.000000, 0.950000, -2.926059, -12.699181, 0.725444, 25.263507, 1000
2.74, 0.000100, 0.200000, 0.470000, -9.810000, 6.000000, 0.000000, 0.000000, 0.000000, 10.000000, -1.000000, 1.000000, -1.000000, 0.100000, 0.000100, 1.000000, 0.001000, 0.000010, 0.000000, 0.000000, 0.950000, 0.731012, 25.199431, -11.122059, 104.324146, -2.936498, -12.667137, 2.725153, -25.963502, 1000, 0.000100, -1.000000, -1.000000, 0.100000, 0.000100, 5.000000, 1.000000, 0.001000, 0.000010, 0.000000, 0.000000, 0.950000, 5.000000, 2.725153, -25.963502, -11.122059, 104.324146, 1000, 0.000100, 2.000000, -1.000000, -1.000000, 0.100000, 0.000100, 1.000000, 0.001000, 0.000010, 0.000000, 0.000000, 0.950000, -2.936498, -12.667137, 0.731012, 25.199431, 1000
2.75, 0.000100, 0.200000, 0.470000, -9.810000, 6.000000, 0.000000, 0.000000, 0.000000, 10.000000, -1.000000, 1.000000, -1.000000, 0.100000, 0.000100, 1.000000, 0.001000, 0.000010, 0.000000, 0.000000, 0.950000, 0.736576, 25.134237, -11.016080, 104.954094, -2.946825, -12.634532, 2.695742, -26.090027, 1000, 0.000100, -1.000000, -1.000000, 0.100000, 0.000100, 5.000000, 1.000000, 0.001000, 0.000010, 0.000000, 0.000000, 0.950000, 5.000000, 2.695742, -26.090027, -11.016080, 104.954094, 1000, 0.000100, 2.000000, -1.000000, -1.000000, 0.100000, 0.000100, 1.000000, 0.001000, 0.000010, 0.000000, 0.000000, 0.950000, -2.946825, -12.634532, 0.736576, 25.134237, 1000
2.76, 0.000100, 0.200000, 0.470000, -9.810000, 6.000000, 0.000000, 0.000000, 0.000000, 10.000000, -1.000000, 1.000000, -1.000000, 0.100000, 0.000100, 1.000000, 0.001000, 0.000010, 0.000000, 0.000000, 0.950000, 0.742135, 25.067928, -10.909274, 105.582525, -2.957040, -12.601368, 2.666228, -26.216223, 1000, 0.000100, -1.000000, -1.000000, 0.100000, 0.000100, 5.000000, 1.000000, 0.001000, 0.000010, 0.000000, 0.000000, 0.950000, 5.000000, 2.666228, -26.216223, -10.909274, 105.582525, 1000, 0.000100, 2.000000, -1.000000, -1.000000, 0.100000, 0.000100, 1.000000, 0.001000, 0.000010, 0.000000, 0.000000, 0.950000, -2.957040, -12.601368, 0.742135, 25.067928, 1000
2.77, 0.000100, 0.200000, 0.470000, -9.810000, 6.000000, 0.000000, 0.000000, 0.000000, 10.000000, -1.000000, 1.000000, -1.000000, 0.100000, 0.000100, 1.000000, 0.001000, 0.000010, 0.000000, 0.000000, 0.950000, 0.747689, 25.000512, -10.801651, 106.209410, -2.967142, -12.567648, 2.636612, -26.342085, 1000, 0.000100, -1.000000, -1.000000, 0.100000, 0.000100, 5.000000, 1.000000, 0.001000, 0.000010, 0.000000, 0.000000, 0.950000, 5.000000, 2.636612, -26.342085, -10.801651, 106.209410, 1000, 0.000100, 2.000000, -1.000000, -1.000000, 0.100000, 0.000100, 1.000000, 0.001000, 0.000010, 0.000000, 0.000000, 0.950000, -2.967142, -12.567648, 0.747689, 25.000512, 1000
2.78, 0.000100, 0.200000, 0.470000, -9.810000, 6.000000, 0.000000, 0.000000, 0.000000, 10.000000, -1.000000, 1.000000, -1.000000, 0.100000, 0.000100, 1.000000, 0.001000, 0.000010, 0.000000, 0.000000, 0.950000, 0.753238, 24.931993, -10.693220, 106.834720, -2.977131, -12.533374, 2.606896, -26.467607, 1000, 0.000100, -1.000000, -1.000000, 0.100000, 0.000100, 5.000000, 1.000000, 0.001000, 0.000010, 0.000000, 0.000000, 0.950000, 5.000000, 2.606896, -26.467607, -10.693220, 106.834720, 1000, 0.000100, 2.000000, -1.000000, -1.000000, 0.100000, 0.000100, 1.000000, 0.001000, 0.000010, 0.000000, 0.000000, 0.950000, -2.977131, -12.533374, 0.753238, 24.931993, 1000
2.79, 0.000100, 0.200000, 0.470000, -9.810000, 6.000000, 0.000000, 0.000000, 0.000000, 10.000000, -1.000000, 1.000000, -1.000000, 0.100000, 0.000100, 1.000000, 0.001000, 0.000010, 0.000000, 0.000000, 0.950000, 0.758781, 24.862378, -10.583990, 107.458423, -2.987006, -12.498551, 2.577080, -26.592784, 1000, 0.000100, -1.000000, -1.000000, 0.100000, 0.000100, 5.000000, 1.000000, 0.001000, 0.000010, 0.000000, 0.000000, 0.950000, 5.000000, 2.577080, -26.592784, -10.583990, 107.458423, 1000, 0.000100, 2.000000, -1.000000, -1.000000, 0.100000, 0.000100, 1.000000, 0.001000, 0.000010, 0.000000, 0.000000, 0.950000, -2.987006, -12.498551, 0.758781, 24.862378, 1000
2.8, 0.000100, 0.200000, 0.470000, -9.810000, 6.000000, 0.000000, 0.000000, 0.000000, 10.000000, -1.000000, 1.000000, -1.000000, 0.100000, 0.000100, 1.000000, 0.001000, 0.000010, 0.000000, 0.000000, 0.950000, 0.764317, 24.791672, -10.473971, 108.080492, -2.996765, -12.463180, 2.547166, -26.717611, 1000, 0.000100, -1.000000, -1.000000, 0.100000, 0.000100, 5.000000, 1.000000, 0.001000, 0.000010, 0.000000, 0.000000, 0.950000, 5.000000, 2.547166, -26.717611, -10.473971, 108.080492, 1000, 0.000100, 2.000000, -1.000000, -1.000000, 0.100000, 0.000100, 1.000000, 0.001000, 0.000010, 0.000000, 0.000000, 0.950000, -2.996765, -12.463180, 0.764317, 24.791672, 1000
2.81, 0.000100, 0.200000, 0.470000, -9.810000, 6.000000, 0.000000, 0.000000, 0.000000, 10.000000, -1.000000, 1.000000, -1.000000, 0.100000, 0.000100, 1.000000, 0.001000, 0.000010, 0.000000, 0.000000, 0.950000, 0.769846, 24.719882, -10.363173, 108.700897, -3.006408, -12.427264, 2.517155, -26.842081, 1000, 0.000100, -1.000000, -1.000000, 0.100000, 0.000100, 5.000000, 1.000000, 0.001000, 0.000010, 0.000000, 0.000000, 0.950000, 5.000000, 2.517155, -26.842081, -10.363173, 108.700897, 1000, 0.000100, 2.000000, -1.000000, -1.000000, 0.100000, 0.000100, 1.000000, 0.001000, 0.000010, 0.000000, 0.000000, 0.950000, -3.006408, -12.427264, 0.769846, 24.719882, 1000
2.82, 0.000100, 0.200000, 0.470000, -9.810000, 6.000000, 0.000000, 0.000000, 0.000000, 10.000000, -1.000000, 1.000000, -1.000000, 0.100000, 0.000100, 1.000000, 0.001000, 0.000010, 0.000000, 0.000000, 0.950000, 0.775367, 24.647012, -10.251604, 109.319609, -3.015934, -12.390806, 2.487048, -26.966189, 1000, 0.000100, -1.000000, -1.000000, 0.100000, 0.000100, 5.000000, 1.000000, 0.001000, 0.000010, 0.000000, 0.000000, 0.950000, 5.000000, 2.487048, -26.966189, -10.251604, 109.319609, 1000, 0.000100, 2.000000, -1.000000, -1.000000, 0.100000, 0.000100, 1.000000, 0.001000, 0.000010, 0.000000, 0.000000, 0.950000, -3.015934, -12.390806, 0.775367, 24.647012, 1000
2.83, 0.000100, 0.200000, 0.470000, -9.810000, 6.000000, 0.000000, 0.000000, 0.000000, 10.000000, -1.000000, 1.000000, -1.000000, 0.100000, 0.000100, 1.000000, 0.001000, 0.000010, 0.000000, 0.000000, 0.950000, 0.780880, 24.573069, -10.139274, 109.936599, -3.025343, -12.353809, 2.456846, -27.089931, 1000, 0.000100, -1.000000, -1.000000, 0.100000, 0.000100, 5.000000, 1.000000, 0.001000, 0.000010, 0.000000, 0.000000, 0.950000, 5.000000, 2.456846, -27.089931, -10.139274, 109.936599, 1000, 0.000100, 2.000000, -1.000000, -1.000000, 0.100000, 0.000100, 1.000000, 0.001000, 0.000010, 0.000000, 0.000000, 0.950000, -3.025343, -12.353809, 0.780880, 24.573069, 1000
2.84, 0.000100, 0.200000, 0.470000, -9.810000, 6.000000, 0.000000, 0.000000, 0.000000, 10.000000, -1.000000, 1.000000, -1.000000, 0.100000, 0.000100, 1.000000, 0.001000, 0.000010, 0.000000, 0.000000, 0.950000, 0.786384, 24.498059, -10.026193, 110.551838, -3.034634, -12.316276, 2.426551, -27.213300, 1000, 0.000100, -1.000000, -1.000000, 0.100000, 0.000100, 5.000000, 1.000000, 0.001000, 0.000010, 0.000000, 0.000000, 0.950000, 5.000000, 2.426551, -27.213300, -10.026193, 110.551838, 1000, 0.000100, 2.000000, -1.000000, -1.000000, 0.100000, 0.000100, 1.000000, 0.001000, 0.000010, 0.000000, 0.000000, 0.950000, -3.034634, -12.316276, 0.786384, 24.498059, 1000
2.85, 0.000100, 0.200000, 0.470000, -9.810000, 6.000000, 0.000000, 0.000000, 0.000000, 10.000000, -1.000000, 1.000000, -1.000000, 0.100000, 0.000100, 1.000000, 0.001000, 0.000010, 0.000000, 0.000000, 0.950000, 0.791878, 24.421987, -9.912369, 111.165298, -3.043805, -12.278209, 2.396163, -27.336291, 1000, 0.000100, -1.000000, -1.000000, 0.100000, 0.000100, 5.000000, 1.000000, 0.001000, 0.000010, 0.000000, 0.000000, 0.950000, 5.000000, 2.396163, -27.336291, -9.912369, 111.165298, 1000, 0.000100, 2.000000, -1.000000, -1.000000, 0.100000, 0.000100, 1.000000, 0.001000, 0.000010, 0.000000, 0.000000, 0.950000, -3.043805, -12.278209, 0.791878, 24.421987, 1000
2.86, 0.000100, 0.200000, 0.470000, -9.810000, 6.000000, 0.000000, 0.000000, 0.000000, 10.000000, -1.000000, 1.000000, -1.000000, 0.100000, 0.000100, 1.000000, 0.001000, 0.000010, 0.000000, 0.000000, 0.950000, 0.797363, 24.344860, -9.797811, 111.776950, -3.052857, -12.239612, 2.365685, -27.458900, 1000, 0.000100, -1.000000, -1.000000, 0.100000, 0.000100, 5.000000, 1.000000, 0.001000, 0.000010, 0.000000, 0.000000, 0.950000, 5.000000, 2.365685, -27.458900, -9.797811, 111.776950, 1000, 0.000100, 2.000000, -1.000000, -1.000000, 0.100000, 0.000100, 1.000000, 0.001000, 0.000010, 0.000000, 0.000000, 0.950000, -3.052857, -12.239612, 0.797363, 24.344860, 1000
2.87, 0.000100, 0.200000, 0.470000, -9.810000, 6.000000, 0.000000, 0.000000, 0.000000, 10.000000, -1.000000, 1.000000, -1.000000, 0.100000, 0.000100, 1.000000, 0.001000, 0.000010, 0.000000, 0.000000, 0.950000, 0.802837, 24.266684, -9.682531, 112.386767, -3.061789, -12.200487, 2.335116, -27.581120, 1000, 0.000100, -1.000000, -1.000000, 0.100000, 0.000100, 5.000000, 1.000000, 0.001000, 0.000010, 0.000000, 0.000000, 0.950000, 5.000000, 2.335116, -27.581120, -9.682531, 112.386767, 1000, 0.000100, 2.000000, -1.000000, -1.000000, 0.100000, 0.000100, 1.000000, 0.001000, 0.000010, 0.000000, 0.000000, 0.950000, -3.061789, -12.200487, 0.802837, 24.266684, 1000
2.88, 0.000100, 0.200000, 0.470000, -9.810000, 6.000000, 0.000000, 0.000000, 0.000000, 10.000000, -1.000000, 1.000000, -1.000000, 0.100000, 0.000100, 1.000000, 0.001000, 0.000010, 0.000000, 0.000000, 0.950000, 0.808300, 24.187465, -9.566535, 112.994720, -3.070599, -12.160838, 2.304458, -27.702946, 1000, 0.000100, -1.000000, -1.000000, 0.100000, 0.000100, 5.000000, 1.000000, 0.001000, 0.000010, 0.000000, 0.000000, 0.950000, 5.000000, 2.304458, -27.702946, -9.566535, 112.994720, 1000, 0.000100, 2.000000, -1.000000, -1.000000, 0.100000, 0.000100, 1.000000, 0.001000, 0.000010, 0.000000, 0.000000, 0.950000, -3.070599, -12.160838, 0.808300, 24.187465, 1000
2.89, 0.000100, 0.200000, 0.470000, -9.810000, 6.000000, 0.000000, 0.000000, 0.000000, 10.000000, -1.000000, 1.000000, -1.000000, 0.100000, 0.000100, 1.000000, 0.001000, 0.000010, 0.000000, 0.000000, 0.950000, 0.813751, 24.107209, -9.449835, 113.600781, -3.079288, -12.120667, 2.273713, -27.824374, 1000, 0.000100, -1.000000, -1.000000, 0.100000, 0.000100, 5.000000, 1.000000, 0.001000, 0.000010, 0.000000, 0.000000, 0.950000, 5.000000, 2.273713, -27.824374, -9.449835, 113.600781, 1000, 0.000100, 2.000000, -1.000000, -1.000000, 0.100000, 0.000100, 1.000000, 0.001000, 0.000010, 0.000000, 0.000000, 0.950000, -3.079288, -12.120667, 0.813751, 24.107209, 1000
2.9, 0.000100, 0.200000, 0.470000, -9.810000, 6.000000, 0.000000, 0.000000, 0.000000, 10.000000, -1.000000, 1.000000, -1.000000, 0.100000, 0.000100, 1.000000, 0.001000, 0.000010, 0.000000, 0.000000, 0.950000, 0.819190, 24.025922, -9.332438, 114.204924, -3.087853, -12.079978, 2.242882, -27.945398, 1000, 0.000100, -1.000000, -1.000000, 0.100000, 0.000100, 5.000000, 1.000000, 0.001000, 0.000010, 0.000000, 0.000000, 0.950000, 5.000000, 2.242882, -27.945398, -9.332438, 114.204924, 1000, 0.000100, 2.000000, -1.000000, -1.000000, 0.100000, 0.000100, 1.000000, 0.001000, 0.000010, 0.000000, 0.000000, 0.950000, -3.087853, -12.079978, 0.819190, 24.025922, 1000
2.91, 0.000100, 0.200000, 0.470000, -9.810000, 6.000000, 0.000000, 0.000000, 0.000000, 10.000000, -1.000000, 1.000000, -1.000000, 0.100000, 0.000100, 1.000000, 0.001000, 0.000010, 0.000000, 0.000000, 0.950000, 0.824617, 23.943611, -9.214354, 114.807120, -3.096296, -12.038773, 2.211965, -28.066012, 1000, 0.000100, -1.000000, -1.000000, 0.100000, 0.000100, 5.000000, 1.000000, 0.001000, 0.000010, 0.000000, 0.000000, 0.950000, 5.000000, 2.211965, -28.066012, -9.214354, 114.807120, 1000, 0.000100, 2.000000, -1.000000, -1.000000, 0.100000, 0.000100, 1.000000, 0.001000, 0.000010, 0.000000, 0.000000, 0.950000, -3.096296, -12.038773, 0.824617, 23.943611, 1000
2.92, 0.000100, 0.200000, 0.470000, -9.810000, 6.000000, 0.000000, 0.000000, 0.000000, 10.000000, -1.000000, 1.000000, -1.000000, 0.100000, 0.000100, 1.000000, 0.001000, 0.000010, 0.000000, 0.000000, 0.950000, 0.830030, 23.860282, -9.095593, 115.407343, -3.104615, -11.997056, 2.180965, -28.186212, 1000, 0.000100, -1.000000, -1.000000, 0.100000, 0.000100, 5.000000, 1.000000, 0.001000, 0.000010, 0.000000, 0.000000, 0.950000, 5.000000, 2.180965, -28.186212, -9.095593, 115.407343, 1000, 0.000100, 2.000000, -1.000000, -1.000000, 0.100000, 0.000100, 1.000000, 0.001000, 0.000010, 0.000000, 0.000000, 0.950000, -3.104615, -11.997056, 0.830030, 23.860282, 1000
2.93, 0.000100, 0.200000, 0.470000, -9.810000, 6.000000, 0.000000, 0.000000, 0.000000, 10.000000, -1.000000, 1.000000, -1.000000, 0.100000, 0.000100, 1.000000, 0.001000, 0.000010, 0.000000, 0.000000, 0.950000, 0.835429, 23.775940, -8.976164, 116.005565, -3.112809, -11.954829, 2.149882, -28.305992, 1000, 0.000100, -1.000000, -1.000000, 0.100000, 0.000100, 5.000000, 1.000000, 0.001000, 0.000010, 0.000000, 0.000000, 0.950000, 5.000000, 2.149882, -28.305992, -8.976164, 116.005565, 1000, 0.000100, 2.000000, -1.000000, -1.000000, 0.100000, 0.000100, 1.000000, 0.001000, 0.000010, 0.000000, 0.000000, 0.950000, -3.112809, -11.954829, 0.835429, 23.775940, 1000
2.94, 0.000100, 0.200000, 0.470000, -9.810000, 6.000000, 0.000000, 0.000000, 0.000000, 10.000000, -1.000000, 1.000000, -1.000000, 0.100000, 0.000100, 1.000000, 0.001000, 0.000010, 0.000000, 0.000000, 0.950000, 0.840814, 23.690593, -8.856075, 116.601759, -3.120878, -11.912095, 2.118717, -28.425348, 1000, 0.000100, -1.000000, -1.000000, 0.100000, 0.000100, 5.000000, 1.000000, 0.001000, 0.000010, 0.000000, 0.000000, 0.950000, 5.000000, 2.118717, -28.425348, -8.856075, 116.601759, 1000, 0.000100, 2.000000, -1.000000, -1.000000, 0.100000, 0.000100, 1.000000, 0.001000, 0.000010, 0.000000, 0.000000, 0.950000, -3.120878, -11.912095, 0.840814, 23.690593, 1000
2.95, 0.000100, 0.200000, 0.470000, -9.810000, 6.000000, 0.000000, 0.000000, 0.000000, 10.000000, -1.000000, 1.000000, -1.000000, 0.100000, 0.000100, 1.000000, 0.001000, 0.000010, 0.000000, 0.000000, 0.950000, 0.846184, 23.604246, -8.735337, 117.195899, -3.128821, -11.868859, 2.087473, -28.544275, 1000, 0.000100, -1.000000, -1.000000, 0.100000, 0.000100, 5.000000, 1.000000, 0.001000, 0.000010, 0.000000, 0.000000, 0.950000, 5.000000, 2.087473, -28.544275, -8.735337, 117.195899, 1000, 0.000100, 2.000000, -1.000000, -1.000000, 0.100000, 0.000100, 1.000000, 0.001000, 0.000010, 0.000000, 0.000000, 0.950000, -3.128821, -11.868859, 0.846184, 23.604246, 1000
2.96, 0.000100, 0.200000, 0.470000, -9.810000, 6.000000, 0.000000, 0.000000, 0.000000, 10.000000, -1.000000, 1.000000, -1.000000, 0.100000, 0.000100, 1.000000, 0.001000, 0.000010, 0.000000, 0.000000, 0.950000, 0.851538, 23.516907, -8.613957, 117.787959, -3.136638, -11.825122, 2.056149, -28.662767, 1000, 0.000100, -1.000000, -1.000000, 0.100000, 0.000100, 5.000000, 1.000000, 0.001000, 0.000010, 0.000000, 0.000000, 0.950000, 5.000000, 2.056149, -28.662767, -8.613957, 117.787959, 1000, 0.000100, 2.000000, -1.000000, -1.000000, 0.100000, 0.000100, 1.000000, 0.001000, 0.000010, 0.000000, 0.000000, 0.950000, -3.136638, -11.825122, 0.851538, 23.516907, 1000
2.97, 0.000100, 0.200000, 0.470000, -9.810000, 6.000000, 0.000000, 0.000000, 0.000000, 10.000000, -1.000000, 1.000000, -1.000000, 0.100000, 0.000100, 1.000000, 0.001000, 0.000010, 0.000000, 0.000000, 0.950000, 0.856877, 23.428581, -8.491947, 118.377911, -3.144328, -11.780888, 2.024748, -28.780819, 1000, 0.000100, -1.000000, -1.000000, 0.100000, 0.000100, 5.000000, 1.000000, 0.001000, 0.000010, 0.000000, 0.000000, 0.950000, 5.000000, 2.024748, -28.780819, -8.491947, 118.377911, 1000, 0.000100, 2.000000, -1.000000, -1.000000, 0.100000, 0.000100, 1.000000, 0.001000, 0.000010, 0.000000, 0.000000, 0.950000, -3.144328, -11.780888, 0.856877, 23.428581, 1000
2.98, 0.000100, 0.200000, 0.470000, -9.810000, 6.000000, 0.000000, 0.000000, 0.000000, 10.000000, -1.000000, 1.000000, -1.000000, 0.100000, 0.000100, 1.000000, 0.001000, 0.000010, 0.000000, 0.000000, 0.950000, 0.862198, 23.339276, -8.369313, 118.965730, -3.151890, -11.736161, 1.993271, -28.898426, 1000, 0.000100, -1.000000, -1.000000, 0.100000, 0.000100, 5.000000, 1.000000, 0.001000, 0.000010, 0.000000, 0.000000, 0.950000, 5.000000, 1.993271, -28.898426, -8.369313, 118.965730, 1000, 0.000100, 2.000000, -1.000000, -1.000000, 0.100000, 0.000100, 1.000000, 0.001000, 0.000010, 0.000000, 0.000000, 0.950000, -3.151890, -11.736161, 0.862198, 23.339276, 1000
2.99, 0.000100, 0.200000, 0.470000, -9.810000, 6.000000, 0.000000, 0.000000, 0.000000, 10.000000, -1.000000, 1.000000, -1.000000, 0.100000, 0.000100, 1.000000, 0.001000, 0.000010, 0.000000, 0.000000, 0.950000, 0.867503, 23.248997, -8.246066, 119.551390, -3.159323, -11.690942, 1.961719, -29.015584, 1000, 0.000100, -1.000000, -1.000000, 0.100000, 0.000100, 5.000000, 1.000000, 0.001000, 0.000010, 0.000000, 0.000000, 0.950000, 5.000000, 1.961719, -29.015584, -8.246066, 119.551390, 1000, 0.000100, 2.000000, -1.000000, -1.000000, 0.100000, 0.000100, 1.000000, 0.001000, 0.000010, 0.000000, 0.000000, 0.950000, -3.159323, -11.690942, 0.867503, 23.248997, 1000
3, 0.000100, 0.200000, 0.470000, -9.810000, 6.000000, 0.000000, 0.000000, 0.000000, 10.000000, -1.000000, 1.000000, -1.000000, 0.100000, 0.000100, 1.000000, 0.001000, 0.000010, 0.000000, 0.000000, 0.950000, 0.872790, 23.157751, -8.122215, 120.134864, -3.166628, -11.645237, 1.930093, -29.132288, 1000, 0.000100, -1.000000, -1.000000, 0.100000, 0.000100, 5.000000, 1.000000, 0.001000, 0.000010, 0.000000, 0.000000, 0.950000, 5.000000, 1.930093, -29.132288, -8.122215, 120.134864, 1000, 0.000100, 2.000000, -1.000000, -1.000000, 0.100000, 0.000100, 1.000000, 0.001000, 0.000010, 0.000000, 0.000000, 0.950000, -3.166628, -11.645237, 0.872790, 23.157751, 1000
3.01, 0.000100, 0.200000, 0.470000, -9.810000, 6.000000, 0.000000, 0.000000, 0.000000, 10.000000, -1.000000, 1.000000, -1.000000, 0.100000, 0.000100, 1.000000, 0.001000, 0.000010, 0.000000, 0.000000, 0.950000, 0.878058, 23.065546, -7.997769, 120.716129, -3.173803, -11.599046, 1.898394, -29.248533, 1000, 0.000100, -1.000000, -1.000000, 0.100000, 0.000100, 5.000000, 1.000000, 0.001000, 0.000010, 0.000000, 0.000000, 0.950000, 5.000000, 1.898394, -29.248533, -7.997769, 120.716129, 1000, 0.000100, 2.000000, -1.000000, -1.000000, 0.100000, 0.000100, 1.000000, 0.001000, 0.000010, 0.000000, 0.000000, 0.950000, -3.173803, -11.599046, 0.878058, 23.065546, 1000
3.02, 0.000100, 0.200000, 0.470000, -9.810000, 6.000000, 0.000000, 0.000000, 0.000000, 10.000000, -1.000000, 1.000000, -1.000000, 0.100000, 0.000100, 1.000000, 0.001000, 0.000010, 0.000000, 0.000000, 0.950000, 0.883307, 22.972386, -7.872737, 121.295157, -3.180848, -11.552375, 1.866624, -29.364313, 1000, 0.000100, -1.000000, -1.000000, 0.100000, 0.000100, 5.000000, 1.000000, 0.001000, 0.000010, 0.000000, 0.000000, 0.950000, 5.000000, 1.866624, -29.364313, -7.872737, 121.295157, 1000, 0.000100, 2.000000, -1.000000, -1.000000, 0.100000, 0.000100, 1.000000, 0.001000, 0.000010, 0.000000, 0.000000, 0.950000, -3.180848, -11.552375, 0.883307, 22.972386, 1000
3.03, 0.000100, 0.200000, 0.470000, -9.810000, 6.000000, 0.000000, 0.000000, 0.000000, 10.000000, -1.000000, 1.000000, -1.000000, 0.100000, 0.000100, 1.000000, 0.001000, 0.000010, 0.000000, 0.000000, 0.950000, 0.888537, 22.878280, -7.747129, 121.871924, -3.187763, -11.505226, 1.834785, -29.479625, 1000, 0.000100, -1.000000, -1.000000, 0.100000, 0.000100, 5.000000, 1.000000, 0.001000, 0.000010, 0.000000, 0.000000, 0.950000, 5.000000, 1.834785, -29.479625, -7.747129, 121.871924, 1000, 0.000100, 2.000000, -1.000000, -1.000000, 0.100000, 0.000100, 1.000000, 0.001000, 0.000010, 0.000000, 0.000000, 0.950000, -3.187763, -11.505226, 0.888537, 22.878280, 1000
3.04, 0.000100, 0.200000, 0.470000, -9.810000, 6.000000, 0.000000, 0.000000, 0.000000, 10.000000, -1.000000, 1.000000, -1.000000, 0.100000, 0.000100, 1.000000, 0.001000, 0.000010, 0.000000, 0.000000, 0.950000, 0.893747, 22.783234, -7.620952, 122.446404, -3.194546, -11.457602, 1.802877, -29.594463, 1000, 0.000100, -1.000000, -1.000000, 0.100000, 0.000100, 5.000000, 1.000000, 0.001000, 0.000010, 0.000000, 0.000000, 0.950000, 5.000000, 1.802877, -29.594463, -7.620952, 122.446404, 1000, 0.000100, 2.000000, -1.000000, -1.000000, 0.100000, 0.000100, 1.000000, 0.001000, 0.000010, 0.000000, 0.000000, 0.950000, -3.194546, -11.457602, 0.893747, 22.783234, 1000
3.05, 0.000100, 0.200000, 0.470000, -9.810000, 6.000000, 0.000000, 0.000000, 0.000000, 10.000000, -1.000000, 1.000000, -1.000000, 0.100000, 0.000100, 1.000000, 0.001000, 0.000010, 0.000000, 0.000000, 0.950000, 0.898937, 22.687254, -7.494217, 123.018574, -3.201198, -11.409507, 1.770901, -29.708822, 1000, 0.000100, -1.000000, -1.000000, 0.100000, 0.000100, 5.000000, 1.000000, 0.001000, 0.000010, 0.000000, 0.000000, 0.950000, 5.000000, 1.770901, -29.708822, -7.494217, 123.018574, 1000, 0.000100, 2.000000, -1.000000, -1.000000, 0.100000, 0.000100, 1.000000, 0.001000, 0.000010, 0.000000, 0.000000, 0.950000, -3.201198, -11.409507, 0.898937, 22.687254, 1000
3.06, 0.000100, 0.200000, 0.470000, -9.810000, 6.000000, 0.000000, 0.000000, 0.000000, 10.000000, -1.000000, 1.000000, -1.000000, 0.100000, 0.000100, 1.000000, 0.001000, 0.000010, 0.000000, 0.000000, 0.950000, 0.904105, 22.590348, -7.366932, 123.588408, -3.207718, -11.360944, 1.738860, -29.822699, 1000, 0.000100, -1.000000, -1.000000, 0.100000, 0.000100, 5.000000, 1.000000, 0.001000, 0.000010, 0.000000, 0.000000, 0.950000, 5.000000, 1.738860, -29.822699, -7.366932, 123.588408, 1000, 0.000100, 2.000000, -1.000000, -1.000000, 0.100000, 0.000100, 1.000000, 0.001000, 0.000010, 0.000000, 0.000000, 0.950000, -3.207718, -11.360944, 0.904105, 22.590348, 1000
3.07, 0.000100, 0.200000, 0.470000, -9.810000, 6.000000, 0.000000, 0.000000, 0.000000, 10.000000, -1.000000, 1.000000, -1.000000, 0.100000, 0.000100, 1.000000, 0.001000, 0.000010, 0.000000, 0.000000, 0.950000, 0.909252, 22.492522, -7.239106, 124.155881, -3.214104, -11.311916, 1.706754, -29.936088, 1000, 0.000100, -1.000000, -1.000000, 0.100000, 0.000100, 5.000000, 1.000000, 0.001000, 0.000010, 0.000000, 0.000000, 0.950000, 5.000000, 1.706754, -29.936088, -7.239106, 124.155881, 1000, 0.000100, 2.000000, -1.000000, -1.000000, 0.100000, 0.000100, 1.000000, 0.001000, 0.000010, 0.000000, 0.000000, 0.950000, -3.214104, -11.311916, 0.909252, 22.492522, 1000
3.08, 0.000100, 0.200000, 0.470000, -9.810000, 6.000000, 0.000000, 0.000000, 0.000000, 10.000000, -1.000000, 1.000000, -1.000000, 0.100000, 0.000100, 1.000000, 0.001000, 0.000010, 0.000000, 0.000000, 0.950000, 0.914376, 22.393783, -7.110750, 124.720970, -3.220358, -11.262426, 1.674585, -30.048984, 1000, 0.000100, -1.000000, -1.000000, 0.100000, 0.000100, 5.000000, 1.000000, 0.001000, 0.000010, 0.000000, 0.000000, 0.950000, 5.000000, 1.674585, -30.048984, -7.110750, 124.720970, 1000, 0.000100, 2.000000, -1.000000, -1.000000, 0.100000, 0.000100, 1.000000, 0.001000, 0.000010, 0.000000, 0.000000, 0.950000, -3.220358, -11.262426, 0.914376, 22.393783, 1000
3.09, 0.000100, 0.200000, 0.470000, -9.810000, 6.000000, 0.000000, 0.000000, 0.000000, 10.000000, -1.000000, 1.000000, -1.000000, 0.100000, 0.000100, 1.000000, 0.001000, 0.000010, 0.000000, 0.000000, 0.950000, 0.919478, 22.294137, -6.981870, 125.283650, -3.226477, -11.212479, 1.642354, -30.161383, 1000, 0.000100, -1.000000, -1.000000, 0.100000, 0.000100, 5.000000, 1.000000, 0.001000, 0.000010, 0.000000, 0.000000, 0.950000, 5.000000, 1.642354, -30.161383, -6.981870, 125.283650, 1000, 0.000100, 2.000000, -1.000000, -1.000000, 0.100000, 0.000100, 1.000000, 0.001000, 0.000010, 0.000000, 0.000000, 0.950000, -3.226477, -11.212479, 0.919478, 22.294137, 1000
3.1, 0.000100, 0.200000, 0.470000, -9.810000, 6.000000, 0.000000, 0.000000, 0.000000, 10.000000, -1.000000, 1.000000, -1.000000, 0.100000, 0.000100, 1.000000, 0.001000, 0.000010, 0.000000, 0.000000, 0.950000, 0.924556, 22.193593, -6.852477, 125.843898, -3.232463, -11.162077, 1.610062, -30.273281, 1000, 0.000100, -1.000000, -1.000000, 0.100000, 0.000100, 5.000000, 1.000000, 0.001000, 0.000010, 0.000000, 0.000000, 0.950000, 5.000000, 1.610062, -30.273281, -6.852477, 125.843898, 1000, 0.000100, 2.000000, -1.000000, -1.000000, 0.100000, 0.000100, 1.000000, 0.001000, 0.000010, 0.000000, 0.000000, 0.950000, -3.232463, -11.162077, 0.924556, 22.193593, 1000
3.11, 0.000100, 0.200000, 0.470000, -9.810000, 6.000000, 0.000000, 0.000000, 0.000000, 10.000000, -1.000000, 1.000000, -1.000000, 0.100000, 0.000100, 1.000000, 0.001000, 0.000010, 0.000000, 0.000000, 0.950000, 0.929610, 22.092156, -6.722580, 126.401689, -3.238314, -11.111223, 1.577711, -30.384673, 1000, 0.000100, -1.000000, -1.000000, 0.100000, 0.000100, 5.000000, 1.000000, 0.001000, 0.000010, 0.000000, 0.000000, 0.950000, 5.000000, 1.577711, -30.384673, -6.722580, 126.401689, 1000, 0.000100, 2.000000, -1.000000, -1.000000, 0.100000, 0.000100, 1.000000, 0.001000, 0.000010, 0.000000, 0.000000, 0.950000, -3.238314, -11.111223, 0.929610, 22.092156, 1000
3.12, 0.000100, 0.200000, 0.470000, -9.810000, 6.000000, 0.000000, 0.000000, 0.000000, 10.000000, -1.000000, 1.000000, -1.000000, 0.100000, 0.000100, 1.000000, 0.001000, 0.000010, 0.000000, 0.000000, 0.950000, 0.934640, 21.989834, -6.592188, 126.957001, -3.244029, -11.059922, 1.545302, -30.495555, 1000, 0.000100, -1.000000, -1.000000, 0.100000, 0.000100, 5.000000, 1.000000, 0.001000, 0.000010, 0.000000, 0.000000, 0.950000, 5.000000, 1.545302, -30.495555, -6.592188, 126.957001, 1000, 0.000100, 2.000000, -1.000000, -1.000000, 0.100000, 0.000100, 1.000000, 0.001000, 0.000010, 0.000000, 0.000000, 0.950000, -3.244029, -11.059922, 0.934640, 21.989834, 1000
3.13, 0.000100, 0.200000, 0.470000, -9.810000, 6.000000, 0.000000, 0.000000, 0.000000, 10.000000, -1.000000, 1.000000, -1.000000, 0.100000, 0.000100, 1.000000, 0.001000, 0.000010, 0.000000, 0.000000, 0.950000, 0.939645, 21.886634, -6.461309, 127.509809, -3.249609, -11.008175, 1.512837, -30.605921, 1000, 0.000100, -1.000000, -1.000000, 0.100000, 0.000100, 5.000000, 1.000000, 0.001000, 0.000010, 0.000000, 0.000000, 0.950000, 5.000000, 1.512837, -30.605921, -6.461309, 127.509809, 1000, 0.000100, 2.000000, -1.000000, -1.000000, 0.100000, 0.000100, 1.000000, 0.001000, 0.000010, 0.000000, 0.000000, 0.950000, -3.249609, -11.008175, 0.939645, 21.886634, 1000
3.14, 0.000100, 0.200000, 0.470000, -9.810000, 6.000000, 0.000000, 0.000000, 0.000000, 10.000000, -1.000000, 1.000000, -1.000000, 0.100000, 0.000100, 1.000000, 0.001000, 0.000010, 0.000000, 0.000000, 0.950000, 0.944625, 21.782562, -6.329952, 128.060091, -3.255052, -10.955988, 1.480316, -30.715768, 1000, 0.000100, -1.000000, -1.000000, 0.100000, 0.000100, 5.000000, 1.000000, 0.001000, 0.000010, 0.000000, 0.000000, 0.950000, 5.000000, 1.480316, -30.715768, -6.329952, 128.060091, 1000, 0.000100, 2.000000, -1.000000, -1.000000, 0.100000, 0.000100, 1.000000, 0.001000, 0.000010, 0.000000, 0.000000, 0.950000, -3.255052, -10.955988, 0.944625, 21.782562, 1000
3.15, 0.000100, 0.200000, 0.470000, -9.810000, 6.000000, 0.000000, 0.000000, 0.000000, 10.000000, -1.000000, 1.000000, -1.000000, 0.100000, 0.000100, 1.000000, 0.001000, 0.000010, 0.000000, 0.000000, 0.950000, 0.949578, 21.677626, -6.198128, 128.607823, -3.260359, -10.903363, 1.447742, -30.825091, 1000, 0.000100, -1.000000, -1.000000, 0.100000, 0.000100, 5.000000, 1.000000, 0.001000, 0.000010, 0.000000, 0.000000, 0.950000, 5.000000, 1.447742, -30.825091, -6.198128, 128.607823, 1000, 0.000100, 2.000000, -1.000000, -1.000000, 0.100000, 0.000100, 1.000000, 0.001000, 0.000010, 0.000000, 0.000000, 0.950000, -3.260359, -10.903363, 0.949578, 21.677626, 1000
3.16, 0.000100, 0.200000, 0.470000, -9.810000, 6.000000, 0.000000, 0.000000, 0.000000, 10.000000, -1.000000, 1.000000, -1.000000, 0.100000, 0.000100, 1.000000, 0.001000, 0.000010, 0.000000, 0.000000, 0.950000, 0.954504, 21.571833, -6.065843, 129.152983, -3.265529, -10.850304, 1.415115, -30.933886, 1000, 0.000100, -1.000000, -1.000000, 0.100000, 0.000100, 5.000000, 1.000000, 0.001000, 0.000010, 0.000000, 0.000000, 0.950000, 5.000000, 1.415115, -30.933886, -6.065843, 129.152983, 1000, 0.000100, 2.000000, -1.000000, -1.000000, 0.100000, 0.000100, 1.000000, 0.001000, 0.000010, 0.000000, 0.000000, 0.950000, -3.265529, -10.850304, 0.954504, 21.571833, 1000
3.17, 0.000100, 0.200000, 0.470000, -9.810000, 6.000000, 0.000000, 0.000000, 0.000000, 10.000000, -1.000000, 1.000000, -1.000000, 0.100000, 0.000100, 1.000000, 0.001000, 0.000010, 0.000000, 0.000000, 0.950000, 0.959404, 21.465190, -5.933109, 129.695548, -3.270562, -10.796814, 1.382437, -31.042148, 1000, 0.000100, -1.000000, -1.000000, 0.100000, 0.000100, 5.000000, 1.000000, 0.001000, 0.000010, 0.000000, 0.000000, 0.950000, 5.000000, 1.382437, -31.042148, -5.933109, 129.695548, 1000, 0.000100, 2.000000, -1.000000, -1.000000, 0.100000, 0.000100, 1.000000, 0.001000, 0.000010, 0.000000, 0.000000, 0.950000, -3.270562, -10.796814, 0.959404, 21.465190, 1000
3.18, 0.000100, 0.200000, 0.470000, -9.810000, 6.000000, 0.000000, 0.000000, 0.000000, 10.000000, -1.000000, 1.000000, -1.000000, 0.100000, 0.000100, 1.000000, 0.001000, 0.000010, 0.000000, 0.000000, 0.950000, 0.964275, 21.357704, -5.799933, 130.235495, -3.275456, -10.742896, 1.349709, -31.149874, 1000, 0.000100, -1.000000, -1.000000, 0.100000, 0.000100, 5.000000, 1.000000, 0.001000, 0.000010, 0.000000, 0.000000, 0.950000, 5.000000, 1.349709, -31.149874, -5.799933, 130.235495, 1000, 0.000100, 2.000000, -1.000000, -1.000000, 0.100000, 0.000100, 1.000000, 0.001000, 0.000010, 0.000000, 0.000000, 0.950000, -3.275456, -10.742896, 0.964275, 21.357704, 1000
3.19, 0.000100, 0.200000, 0.470000, -9.810000, 6.000000, 0.000000, 0.000000, 0.000000, 10.000000, -1.000000, 1.000000, -1.000000, 0.100000, 0.000100, 1.000000, 0.001000, 0.000010, 0.000000, 0.000000, 0.950000, 0.969118, 21.249382, -5.666324, 130.772804, -3.280213, -10.688555, 1.316933, -31.257058, 1000, 0.000100, -1.000000, -1.000000, 0.100000, 0.000100, 5.000000, 1.000000, 0.001000, 0.000010, 0.000000, 0.000000, 0.950000, 5.000000, 1.316933, -31.257058, -5.666324, 130.772804, 1000, 0.000100, 2.000000, -1.000000, -1.000000, 0.100000, 0.000100, 1.000000, 0.001000, 0.000010, 0.000000, 0.000000, 0.950000, -3.280213, -10.688555, 0.969118, 21.249382, 1000
3.2, 0.000100, 0.200000, 0.470000, -9.810000, 6.000000, 0.000000, 0.000000, 0.000000, 10.000000, -1.000000, 1.000000, -1.000000, 0.100000, 0.000100, 1.000000, 0.001000, 0.000010, 0.000000, 0.000000, 0.950000, 0.973932, 21.140231, -5.532292, 131.307450, -3.284830, -10.633793, 1.284111, -31.363697, 1000, 0.000100, -1.000000, -1.000000, 0.100000, 0.000100, 5.000000, 1.000000, 0.001000, 0.000010, 0.000000, 0.000000, 0.950000, 5.000000, 1.284111, -31.363697, -5.532292, 131.307450, 1000, 0.000100, 2.000000, -1.000000, -1.000000, 0.100000, 0.000100, 1.000000, 0.001000, 0.000010, 0.000000, 0.000000, 0.950000, -3.284830, -10.633793, 0.973932, 21.140231, 1000
3.21, 0.000100, 0.200000, 0.470000, -9.810000, 6.000000, 0.000000, 0.000000, 0.000000, 10.000000, -1.000000, 1.000000, -1.000000, 0.100000, 0.000100, 1.000000, 0.001000, 0.000010, 0.000000, 0.000000, 0.950000, 0.978717, 21.030259, -5.397845, 131.839414, -3.289309, -10.578615, 1.251242, -31.469787, 1000, 0.000100, -1.000000, -1.000000, 0.100000, 0.000100, 5.000000, 1.000000, 0.001000, 0.000010, 0.000000, 0.000000, 0.950000, 5.000000, 1.251242, -31.469787, -5.397845, 131.839414, 1000, 0.000100, 2.000000, -1.000000, -1.000000, 0.100000, 0.000100, 1.000000, 0.001000, 0.000010, 0.000000, 0.000000, 0.950000, -3.289309, -10.578615, 0.978717, 21.030259, 1000
3.22, 0.000100, 0.200000, 0.470000, -9.810000, 6.000000, 0.000000, 0.000000, 0.000000, 10.000000, -1.000000, 1.000000, -1.000000, 0.100000, 0.000100, 1.000000, 0.001000, 0.000010, 0.000000, 0.000000, 0.950000, 0.983472, 20.919473, -5.262992, 132.368672, -3.293648, -10.523023, 1.218329, -31.575323, 1000, 0.000100, -1.000000, -1.000000, 0.100000, 0.000100, 5.000000, 1.000000, 0.001000, 0.000010, 0.000000, 0.000000, 0.950000, 5.000000, 1.218329, -31.575323, -5.262992, 132.368672, 1000, 0.000100, 2.000000, -1.000000, -1.000000, 0.100000, 0.000100, 1.000000, 0.001000, 0.000010, 0.000000, 0.000000, 0.950000, -3.293648, -10.523023, 0.983472, 20.919473, 1000
3.23, 0.000100, 0.200000, 0.470000, -9.810000, 6.000000, 0.000000, 0.000000, 0.000000, 10.000000, -1.000000, 1.000000, -1.000000, 0.100000, 0.000100, 1.000000, 0.001000, 0.000010, 0.000000, 0.000000, 0.950000, 0.988196, 20.807881, -5.127743, 132.895203, -3.297847, -10.467021, 1.185374, -31.680301, 1000, 0.000100, -1.000000, -1.000000, 0.100000, 0.000100, 5.000000, 1.000000, 0.001000, 0.000010, 0.000000, 0.000000, 0.950000, 5.000000, 1.185374, -31.680301, -5.127743, 132.895203, 1000, 0.000100, 2.000000, -1.000000, -1.000000, 0.100000, 0.000100, 1.000000, 0.001000, 0.000010, 0.000000, 0.000000, 0.950000, -3.297847, -10.467021, 0.988196, 20.807881, 1000
3.24, 0.000100, 0.200000, 0.470000, -9.810000, 6.000000, 0.000000, 0.000000, 0.000000, 10.000000, -1.000000, 1.000000, -1.000000, 0.100000, 0.000100, 1.000000, 0.001000, 0.000010, 0.000000, 0.000000, 0.950000, 0.992890, 20.695488, -4.992106, 133.418987, -3.301907, -10.410613, 1.152377, -31.784717, 1000, 0.000100, -1.000000, -1.000000, 0.100000, 0.000100, 5.000000, 1.000000, 0.001000, 0.000010, 0.000000, 0.000000, 0.950000, 5.000000, 1.152377, -31.784717, -4.992106, 133.418987, 1000, 0.000100, 2.000000, -1.000000, -1.000000, 0.100000, 0.000100, 1.000000, 0.001000, 0.000010, 0.000000, 0.000000, 0.950000, -3.301907, -10.410613, 0.992890, 20.695488, 1000
3.25, 0.000100, 0.200000, 0.470000, -9.810000, 6.000000, 0.000000, 0.000000, 0.000000, 10.000000, -1.000000, 1.000000, -1.000000, 0.100000, 0.000100, 1.000000, 0.001000, 0.000010, 0.000000, 0.000000, 0.950000, 0.997551, 20.582304, -4.856089, 133.940002, -3.305825, -10.353802, 1.119341, -31.888568, 1000, 0.000100, -1.000000, -1.000000, 0.100000, 0.000100, 5.000000, 1.000000, 0.001000, 0.000010, 0.000000, 0.000000, 0.950000, 5.000000, 1.119341, -31.888568, -4.856089, 133.940002, 1000, 0.000100, 2.000000, -1.000000, -1.000000, 0.100000, 0.000100, 1.000000, 0.001000, 0.000010, 0.000000, 0.000000, 0.950000, -3.305825, -10.353802, 0.997551, 20.582304, 1000
3.26, 0.000100, 0.200000, 0.470000, -9.810000, 6.000000, 0.000000, 0.000000, 0.000000, 10.000000, -1.000000, 1.000000, -1.000000, 0.100000, 0.000100, 1.000000, 0.001000, 0.000010, 0.000000, 0.000000, 0.950000, 1.002181, 20.468334, -4.719703, 134.458227, -3.309603, -10.296592, 1.086265, -31.991848, 1000, 0.000100, -1.000000, -1.000000, 0.100000, 0.000100, 5.000000, 1.000000, 0.001000, 0.000010, 0.000000, 0.000000, 0.950000, 5.000000, 1.086265, -31.991848, -4.719703, 134.458227, 1000, 0.000100, 2.000000, -1.000000, -1.000000, 0.100000, 0.000100, 1.000000, 0.001000, 0.000010, 0.000000, 0.000000, 0.950000, -3.309603, -10.296592, 1.002181, 20.468334, 1000
3.27, 0.000100, 0.200000, 0.470000, -9.810000, 6.000000, 0.000000, 0.000000, 0.000000, 10.000000, -1.000000, 1.000000, -1.000000, 0.100000, 0.000100, 1.000000, 0.001000, 0.000010, 0.000000, 0.000000, 0.950000, 1.006777, 20.353587, -4.582955, 134.973641, -3.313240, -10.238987, 1.053153, -32.094555, 1000, 0.000100, -1.000000, -1.000000, 0.100000, 0.000100, 5.000000, 1.000000, 0.001000, 0.000010, 0.000000, 0.000000, 0.950000, 5.000000, 1.053153, -32.094555, -4.582955, 134.973641, 1000, 0.000100, 2.000000, -1.000000, -1.000000, 0.100000, 0.000100, 1.000000, 0.001000, 0.000010, 0.000000, 0.000000, 0.950000, -3.313240, -10.238987, 1.006777, 20.353587, 1000
3.28, 0.000100, 0.200000, 0.470000, -9.810000, 6.000000, 0.000000, 0.000000, 0.000000, 10.000000, -1.000000, 1.000000, -1.000000, 0.100000, 0.000100, 1.000000, 0.001000, 0.000010, 0.000000, 0.000000, 0.950000, 1.011341, 20.238070, -4.445854, 135.486224, -3.316735, -10.180990, 1.020005, -32.196684, 1000, 0.000100, -1.000000, -1.000000, 0.100000, 0.000100, 5.000000, 1.000000, 0.001000, 0.000010, 0.000000, 0.000000, 0.950000, 5.000000, 1.020005, -32.196684, -4.445854, 135.486224, 1000, 0.000100, 2.000000, -1.000000, -1.000000, 0.100000, 0.000100, 1.000000, 0.001000, 0.000010, 0.000000, 0.000000, 0.950000, -3.316735, -10.180990, 1.011341, 20.238070, 1000
3.29, 0.000100, 0.200000, 0.470000, -9.810000, 6.000000, 0.000000, 0.000000, 0.000000, 10.000000, -1.000000, 1.000000, -1.000000, 0.100000, 0.000100, 1.000000, 0.001000, 0.000010, 0.000000, 0.000000, 0.950000, 1.015871, 20.121790, -4.308411, 135.995956, -3.320088, -10.122604, 0.986822, -32.298231, 1000, 0.000100, -1.000000, -1.000000, 0.100000, 0.000100, 5.000000, 1.000000, 0.001000, 0.000010, 0.000000, 0.000000, 0.950000, 5.000000, 0.986822, -32.298231, -4.308411, 135.995956, 1000, 0.000100, 2.000000, -1.000000, -1.000000, 0.100000, 0.000100, 1.000000, 0.001000, 0.000010, 0.000000, 0.000000, 0.950000, -3.320088, -10.122604, 1.015871, 20.121790, 1000
3.3, 0.000100, 0.200000, 0.470000, -9.810000, 6.000000, 0.000000, 0.000000, 0.000000, 10.000000, -1.000000, 1.000000, -1.000000, 0.100000, 0.000100, 1.000000, 0.001000, 0.000010, 0.000000, 0.000000, 0.950000, 1.020366, 20.004754, -4.170632, 136.502817, -3.323299, -10.063834, 0.953607, -32.399193, 1000, 0.000100, -1.000000, -1.000000, 0.100000, 0.000100, 5.000000, 1.000000, 0.001000, 0.000010, 0.000000, 0.000000, 0.950000, 5.000000, 0.953607, -32.399193, -4.170632, 136.502817, 1000, 0.000100, 2.000000, -1.000000, -1.000000, 0.100000, 0.000100, 1.000000, 0.001000, 0.000010, 0.000000, 0.000000, 0.950000, -3.323299, -10.063834, 1.020366, 20.004754, 1000
3.31, 0.000100, 0.200000, 0.470000, -9.810000, 6.000000, 0.000000, 0.000000, 0.000000, 10.000000, -1.000000, 1.000000, -1.000000, 0.100000, 0.000100, 1.000000, 0.001000, 0.000010, 0.000000, 0.000000, 0.950000, 1.024826, 19.886971, -4.032528, 137.006786, -3.326368, -10.004682, 0.920360, -32.499565, 1000, 0.000100, -1.000000, -1.000000, 0.100000, 0.000100, 5.000000, 1.000000, 0.001000, 0.000010, 0.000000, 0.000000, 0.950000, 5.000000, 0.920360, -32.499565, -4.032528, 137.006786, 1000, 0.000100, 2.000000, -1.000000, -1.000000, 0.100000, 0.000100, 1.000000, 0.001000, 0.000010, 0.000000, 0.000000, 0.950000, -3.326368, -10.004682, 1.024826, 19.886971, 1000
3.32, 0.000100, 0.200000, 0.470000, -9.810000, 6.000000, 0.000000, 0.000000, 0.000000, 10.000000, -1.000000, 1.000000, -1.000000, 0.100000, 0.000100, 1.000000, 0.001000, 0.000010, 0.000000, 0.000000, 0.950000, 1.029252, 19.768447, -3.894106, 137.507843, -3.329294, -9.945154, 0.887083, -32.599344, 1000, 0.000100, -1.000000, -1.000000, 0.100000, 0.000100, 5.000000, 1.000000, 0.001000, 0.000010, 0.000000, 0.000000, 0.950000, 5.000000, 0.887083, -32.599344, -3.894106, 137.507843, 1000, 0.000100, 2.000000, -1.000000, -1.000000, 0.100000, 0.000100, 1.000000, 0.001000, 0.000010, 0.000000, 0.000000, 0.950000, -3.329294, -9.945154, 1.029252, 19.768447, 1000
3.33, 0.000100, 0.200000, 0.470000, -9.810000, 6.000000, 0.000000, 0.000000, 0.000000, 10.000000, -1.000000, 1.000000, -1.000000, 0.100000, 0.000100, 1.000000, 0.001000, 0.000010, 0.000000, 0.000000, 0.950000, 1.033641, 19.649191, -3.755377, 138.005970, -3.332077, -9.885251, 0.853778, -32.698526, 1000, 0.000100, -1.000000, -1.000000, 0.100000, 0.000100, 5.000000, 1.000000, 0.001000, 0.000010, 0.000000, 0.000000, 0.950000, 5.000000, 0.853778, -32.698526, -3.755377, 138.005970, 1000, 0.000100, 2.000000, -1.000000, -1.000000, 0.100000, 0.000100, 1.000000, 0.001000, 0.000010, 0.000000, 0.000000, 0.950000, -3.332077, -9.885251, 1.033641, 19.649191, 1000
3.34, 0.000100, 0.200000, 0.470000, -9.810000, 6.000000, 0.000000, 0.000000, 0.000000, 10.000000, -1.000000, 1.000000, -1.000000, 0.100000, 0.000100, 1.000000, 0.001000, 0.000010, 0.000000, 0.000000, 0.950000, 1.037993, 19.529209, -3.616347, 138.501147, -3.334716, -9.824978, 0.820445, -32.797107, 1000, 0.000100, -1.000000, -1.000000, 0.100000, 0.000100, 5.000000, 1.000000, 0.001000, 0.000010, 0.000000, 0.000000, 0.950000, 5.000000, 0.820445, -32.797107, -3.616347, 138.501147, 1000, 0.000100, 2.000000, -1.000000, -1.000000, 0.100000, 0.000100, 1.000000, 0.001000, 0.000010, 0.000000, 0.000000, 0.950000, -3.334716, -9.824978, 1.037993, 19.529209, 1000
3.35, 0.000100, 0.200000, 0.470000, -9.810000, 6.000000, 0.000000, 0.000000, 0.000000, 10.000000, -1.000000, 1.000000, -1.000000, 0.100000, 0.000100, 1.000000, 0.001000, 0.000010, 0.000000, 0.000000, 0.950000, 1.042309, 19.408509, -3.477028, 138.993354, -3.337212, -9.764339, 0.787087, -32.895084, 1000, 0.000100, -1.000000, -1.000000, 0.100000, 0.000100, 5.000000, 1.000000, 0.001000, 0.000010, 0.000000, 0.000000, 0.950000, 5.000000, 0.787087, -32.895084, -3.477028, 138.993354, 1000, 0.000100, 2.000000, -1.000000, -1.000000, 0.100000, 0.000100, 1.000000, 0.001000, 0.000010, 0.000000, 0.000000, 0.950000, -3.337212, -9.764339, 1.042309, 19.408509, 1000
3.36, 0.000100, 0.200000, 0.470000, -9.810000, 6.000000, 0.000000, 0.000000, 0.000000, 10.000000, -1.000000, 1.000000, -1.000000, 0.100000, 0.000100, 1.000000, 0.001000, 0.000010, 0.000000, 0.000000, 0.950000, 1.046587, 19.287099, -3.337426, 139.482573, -3.339565, -9.703338, 0.753704, -32.992453, 1000, 0.000100, -1.000000, -1.000000, 0.100000, 0.000100, 5.000000, 1.000000, 0.001000, 0.000010, 0.000000, 0.000000, 0.950000, 5.000000, 0.753704, -32.992453, -3.337426, 139.482573, 1000, 0.000100, 2.000000, -1.000000, -1.000000, 0.100000, 0.000100, 1.000000, 0.001000, 0.000010, 0.000000, 0.000000, 0.950000, -3.339565, -9.703338, 1.046587, 19.287099, 1000
3.37, 0.000100, 0.200000, 0.470000, -9.810000, 6.000000, 0.000000, 0.000000, 0.000000, 10.000000, -1.000000, 1.000000, -1.000000, 0.100000, 0.000100, 1.000000, 0.001000, 0.000010, 0.000000, 0.000000, 0.950000, 1.050827, 19.164986, -3.197552, 139.968785, -3.341773, -9.641977, 0.720299, -33.089210, 1000, 0.000100, -1.000000, -1.000000, 0.100000, 0.000100, 5.000000, 1.000000, 0.001000, 0.000010, 0.000000, 0.000000, 0.950000, 5.000000, 0.720299, -33.089210, -3.197552, 139.968785, 1000, 0.000100, 2.000000, -1.000000, -1.000000, 0.100000, 0.000100, 1.000000, 0.001000, 0.000010, 0.000000, 0.000000, 0.950000, -3.341773, -9.641977, 1.050827, 19.164986, 1000
3.38, 0.000100, 0.200000, 0.470000, -9.810000, 6.000000, 0.000000, 0.000000, 0.000000, 10.000000, -1.000000, 1.000000, -1.000000, 0.100000, 0.000100, 1.000000, 0.001000, 0.000010, 0.000000, 0.000000, 0.950000, 1.055029, 19.042178, -3.057413, 140.451972, -3.343838, -9.580261, 0.686872, -33.185352, 1000, 0.000100, -1.000000, -1.000000, 0.100000, 0.000100, 5.000000, 1.000000, 0.001000, 0.000010, 0.000000, 0.000000, 0.950000, 5.000000, 0.686872, -33.185352, -3.057413, 140.451972, 1000, 0.000100, 2.000000, -1.000000, -1.000000, 0.100000, 0.000100, 1.000000, 0.001000, 0.000010, 0.000000, 0.000000, 0.950000, -3.343838, -9.580261, 1.055029, 19.042178, 1000
3.39, 0.000100, 0.200000, 0.470000, -9.810000, 6.000000, 0.000000, 0.000000, 0.000000, 10.000000, -1.000000, 1.000000, -1.000000, 0.100000, 0.000100, 1.000000, 0.001000, 0.000010, 0.000000, 0.000000, 0.950000, 1.059191, 18.918683, -2.917018, 140.932114, -3.345757, -9.518193, 0.653425, -33.280875, 1000, 0.000100, -1.000000, -1.000000, 0.100000, 0.000100, 5.000000, 1.000000, 0.001000, 0.000010, 0.000000, 0.000000, 0.950000, 5.000000, 0.653425, -33.280875, -2.917018, 140.932114, 1000, 0.000100, 2.000000, -1.000000, -1.000000, 0.100000, 0.000100, 1.000000, 0.001000, 0.000010, 0.000000, 0.000000, 0.950000, -3.345757, -9.518193, 1.059191, 18.918683, 1000
3.4, 0.000100, 0.200000, 0.470000, -9.810000, 6.000000, 0.000000, 0.000000, 0.000000, 10.000000, -1.000000, 1.000000, -1.000000, 0.100000, 0.000100, 1.000000, 0.001000, 0.000010, 0.000000, 0.000000, 0.950000, 1.063314, 18.794508, -2.776377, 141.409194, -3.347533, -9.455777, 0.619959, -33.375776, 1000, 0.000100, -1.000000, -1.000000, 0.100000, 0.000100, 5.000000, 1.000000, 0.001000, 0.000010, 0.000000, 0.000000, 0.950000, 5.000000, 0.619959, -33.375776, -2.776377, 141.409194, 1000, 0.000100, 2.000000, -1.000000, -1.000000, 0.100000, 0.000100, 1.000000, 0.001000, 0.000010, 0.000000, 0.000000, 0.950000, -3.347533, -9.455777, 1.063314, 18.794508, 1000
3.41, 0.000100, 0.200000, 0.470000, -9.810000, 6.000000, 0.000000, 0.000000, 0.000000, 10.000000, -1.000000, 1.000000, -1.000000, 0.100000, 0.000100, 1.000000, 0.001000, 0.000010, 0.000000, 0.000000, 0.950000, 1.067396, 18.669660, -2.635497, 141.883194, -3.349163, -9.393017, 0.586476, -33.470052, 1000, 0.000100, -1.000000, -1.000000, 0.100000, 0.000100, 5.000000, 1.000000, 0.001000, 0.000010, 0.000000, 0.000000, 0.950000, 5.000000, 0.586476, -33.470052, -2.635497, 141.883194, 1000, 0.000100, 2.000000, -1.000000, -1.000000, 0.100000, 0.000100, 1.000000, 0.001000, 0.000010, 0.000000, 0.000000, 0.950000, -3.349163, -9.393017, 1.067396, 18.669660, 1000
3.42, 0.000100, 0.200000, 0.470000, -9.810000, 6.000000, 0.000000, 0.000000, 0.000000, 10.000000, -1.000000, 1.000000, -1.000000, 0.100000, 0.000100, 1.000000, 0.001000, 0.000010, 0.000000, 0.000000, 0.950000, 1.071438, 18.544148, -2.494389, 142.354096, -3.350648, -9.329917, 0.552978, -33.563698, 1000, 0.000100, -1.000000, -1.000000, 0.100000, 0.000100, 5.000000, 1.000000, 0.001000, 0.000010, 0.000000, 0.000000, 0.950000, 5.000000, 0.552978, -33.563698, -2.494389, 142.354096, 1000, 0.000100, 2.000000, -1.000000, -1.000000, 0.100000, 0.000100, 1.000000, 0.001000, 0.000010, 0.000000, 0.000000, 0.950000, -3.350648, -9.329917, 1.071438, 18.544148, 1000
3.43, 0.000100, 0.200000, 0.470000, -9.810000, 6.000000, 0.000000, 0.000000, 0.000000, 10.000000, -1.000000, 1.000000, -1.000000, 0.100000, 0.000100, 1.000000, 0.001000, 0.000010, 0.000000, 0.000000, 0.950000, 1.075439, 18.417979, -2.353059, 142.821883, -3.351988, -9.266480, 0.519466, -33.656712, 1000, 0.000100, -1.000000, -1.000000, 0.100000, 0.000100, 5.000000, 1.000000, 0.001000, 0.000010, 0.000000, 0.000000, 0.950000, 5.000000, 0.519466, -33.656712, -2.353059, 142.821883, 1000, 0.000100, 2.000000, -1.000000, -1.000000, 0.100000, 0.000100, 1.000000, 0.001000, 0.000010, 0.000000, 0.000000, 0.950000, -3.351988, -9.266480, 1.075439, 18.417979, 1000
3.44, 0.000100, 0.200000, 0.470000, -9.810000, 6.000000, 0.000000, 0.000000, 0.000000, 10.000000, -1.000000, 1.000000, -1.000000, 0.100000, 0.000100, 1.000000, 0.001000, 0.000010, 0.000000, 0.000000, 0.950000, 1.079398, 18.291160, -2.211518, 143.286536, -3.353183, -9.202710, 0.485940, -33.749090, 1000, 0.000100, -1.000000, -1.000000, 0.100000, 0.000100, 5.000000, 1.000000, 0.001000, 0.000010, 0.000000, 0.000000, 0.950000, 5.000000, 0.485940, -33.749090, -2.211518, 143.286536, 1000, 0.000100, 2.000000, -1.000000, -1.000000, 0.100000, 0.000100, 1.000000, 0.001000, 0.000010, 0.000000, 0.000000, 0.950000, -3.353183, -9.202710, 1.079398, 18.291160, 1000
3.45, 0.000100, 0.200000, 0.470000, -9.810000, 6.000000, 0.000000, 0.000000, 0.000000, 10.000000, -1.000000, 1.000000, -1.000000, 0.100000, 0.000100, 1.000000, 0.001000, 0.000010, 0.000000, 0.000000, 0.950000, 1.083314, 18.163701, -2.069773, 143.748039, -3.354232, -9.138611, 0.452404, -33.840828, 1000, 0.000100, -1.000000, -1.000000, 0.100000, 0.000100, 5.000000, 1.000000, 0.001000, 0.000010, 0.000000, 0.000000, 0.950000, 5.000000, 0.452404, -33.840828, -2.069773, 143.748039, 1000, 0.000100, 2.000000, -1.000000, -1.000000, 0.100000, 0.000100, 1.000000, 0.001000, 0.000010, 0.000000, 0.000000, 0.950000, -3.354232, -9.138611, 1.083314, 18.163701, 1000
3.46, 0.000100, 0.200000, 0.470000, -9.810000, 6.000000, 0.000000, 0.000000, 0.000000, 10.000000, -1.000000, 1.000000, -1.000000, 0.100000, 0.000100, 1.000000, 0.001000, 0.000010, 0.000000, 0.000000, 0.950000, 1.087188, 18.035607, -1.927834, 144.206375, -3.355135, -9.074187, 0.418857, -33.931924, 1000, 0.000100, -1.000000, -1.000000, 0.100000, 0.000100, 5.000000, 1.000000, 0.001000, 0.000010, 0.000000, 0.000000, 0.950000, 5.000000, 0.418857, -33.931924, -1.927834, 144.206375, 1000, 0.000100, 2.000000, -1.000000, -1.000000, 0.100000, 0.000100, 1.000000, 0.001000, 0.000010, 0.000000, 0.000000, 0.950000, -3.355135, -9.074187, 1.087188, 18.035607, 1000
3.47, 0.000100, 0.200000, 0.470000, -9.810000, 6.000000, 0.000000, 0.000000, 0.000000, 10.000000, -1.000000, 1.000000, -1.000000, 0.100000, 0.000100, 1.000000, 0.001000, 0.000010, 0.000000, 0.000000, 0.950000, 1.091019, 17.906888, -1.785709, 144.661527, -3.355893, -9.009441, 0.385303, -34.022375, 1000, 0.000100, -1.000000, -1.000000, 0.100000, 0.000100, 5.000000, 1.000000, 0.001000, 0.000010, 0.000000, 0.000000, 0.950000, 5.000000, 0.385303, -34.022375, -1.785709, 144.661527, 1000, 0.000100, 2.000000, -1.000000, -1.000000, 0.100000, 0.000100, 1.000000, 0.001000, 0.000010, 0.000000, 0.000000, 0.950000, -3.355893, -9.009441, 1.091019, 17.906888, 1000
3.48, 0.000100, 0.200000, 0.470000, -9.810000, 6.000000, 0.000000, 0.000000, 0.000000, 10.000000, -1.000000, 1.000000, -1.000000, 0.100000, 0.000100, 1.000000, 0.001000, 0.000010, 0.000000, 0.000000, 0.950000, 1.094806, 17.777550, -1.643407, 145.113478, -3.356504, -8.944377, 0.351741, -34.112177, 1000, 0.000100, -1.000000, -1.000000, 0.100000, 0.000100, 5.000000, 1.000000, 0.001000, 0.000010, 0.000000, 0.000000, 0.950000, 5.000000, 0.351741, -34.112177, -1.643407, 145.113478, 1000, 0.000100, 2.000000, -1.000000, -1.000000, 0.100000, 0.000100, 1.000000, 0.001000, 0.000010, 0.000000, 0.000000, 0.950000, -3.356504, -8.944377, 1.094806, 17.777550, 1000
3.49, 0.000100, 0.200000, 0.470000, -9.810000, 6.000000, 0.000000, 0.000000, 0.000000, 10.000000, -1.000000, 1.000000, -1.000000, 0.100000, 0.000100, 1.000000, 0.001000, 0.000010, 0.000000, 0.000000, 0.950000, 1.098549, 17.647601, -1.500936, 145.562212, -3.356970, -8.878999, 0.318174, -34.201326, 1000, 0.000100, -1.000000, -1.000000, 0.100000, 0.000100, 5.000000, 1.000000, 0.001000, 0.000010, 0.000000, 0.000000, 0.950000, 5.000000, 0.318174, -34.201326, -1.500936, 145.562212, 1000, 0.000100, 2.000000, -1.000000, -1.000000, 0.100000, 0.000100, 1.000000, 0.001000, 0.000010, 0.000000, 0.000000, 0.950000, -3.356970, -8.878999, 1.098549, 17.647601, 1000
3.5, 0.000100, 0.200000, 0.470000, -9.810000, 6.000000, 0.000000, 0.000000, 0.000000, 10.000000, -1.000000, 1.000000, -1.000000, 0.100000, 0.000100, 1.000000, 0.001000, 0.000010, 0.000000, 0.000000, 0.950000, 1.102246, 17.517050, -1.358305, 146.007712, -3.357289, -8.813311, 0.284603, -34.289820, 1000, 0.000100, -1.000000, -1.000000, 0.100000, 0.000100, 5.000000, 1.000000, 0.001000, 0.000010, 0.000000, 0.000000, 0.950000, 5.000000, 0.284603, -34.289820, -1.358305, 146.007712, 1000, 0.000100, 2.000000, -1.000000, -1.000000, 0.100000, 0.000100, 1.000000, 0.001000, 0.000010, 0.000000, 0.000000, 0.950000, -3.357289, -8.813311, 1.102246, 17.517050, 1000
3.51, 0.000100, 0.200000, 0.470000, -9.810000, 6.000000, 0.000000, 0.000000, 0.000000, 10.000000, -1.000000, 1.000000, -1.000000, 0.100000, 0.000100, 1.000000, 0.001000, 0.000010, 0.000000, 0.000000, 0.950000, 1.105899, 17.385904, -1.215523, 146.449963, -3.357462, -8.747317, 0.251029, -34.377657, 1000, 0.000100, -1.000000, -1.000000, 0.100000, 0.000100, 5.000000, 1.000000, 0.001000, 0.000010, 0.000000, 0.000000, 0.950000, 5.000000, 0.251029, -34.377657, -1.215523, 146.449963, 1000, 0.000100, 2.000000, -1.000000, -1.000000, 0.100000, 0.000100, 1.000000, 0.001000, 0.000010, 0.000000, 0.000000, 0.950000, -3.357462, -8.747317, 1.105899, 17.385904, 1000
3.52, 0.000100, 0.200000, 0.470000, -9.810000, 6.000000, 0.000000, 0.000000, 0.000000, 10.000000, -1.000000, 1.000000, -1.000000, 0.100000, 0.000100, 1.000000, 0.001000, 0.000010, 0.000000, 0.000000, 0.950000, 1.109506, 17.254171, -1.072597, 146.888950, -3.357488, -8.681020, 0.217454, -34.464831, 1000, 0.000100, -1.000000, -1.000000, 0.100000, 0.000100, 5.000000, 1.000000, 0.001000, 0.000010, 0.000000, 0.000000, 0.950000, 5.000000, 0.217454, -34.464831, -1.072597, 146.888950, 1000, 0.000100, 2.000000, -1.000000, -1.000000, 0.100000, 0.000100, 1.000000, 0.001000, 0.000010, 0.000000, 0.000000, 0.950000, -3.357488, -8.681020, 1.109506, 17.254171, 1000
3.53, 0.000100, 0.200000, 0.470000, -9.810000, 6.000000, 0.000000, 0.000000, 0.000000, 10.000000, -1.000000, 1.000000, -1.000000, 0.100000, 0.000100, 1.000000, 0.001000, 0.000010, 0.000000, 0.000000, 0.950000, 1.113066, 17.121859, -0.929538, 147.324655, -3.357368, -8.614424, 0.183880, -34.551342, 1000, 0.000100, -1.000000, -1.000000, 0.100000, 0.000100, 5.000000, 1.000000, 0.001000, 0.000010, 0.000000, 0.000000, 0.950000, 5.000000, 0.183880, -34.551342, -0.929538, 147.324655, 1000, 0.000100, 2.000000, -1.000000, -1.000000, 0.100000, 0.000100, 1.000000, 0.001000, 0.000010, 0.000000, 0.000000, 0.950000, -3.357368, -8.614424, 1.113066, 17.121859, 1000
3.54, 0.000100, 0.200000, 0.470000, -9.810000, 6.000000, 0.000000, 0.000000, 0.000000, 10.000000, -1.000000, 1.000000, -1.000000, 0.100000, 0.000100, 1.000000, 0.001000, 0.000010, 0.000000, 0.000000, 0.950000, 1.116580, 16.988975, -0.786353, 147.757064, -3.357101, -8.547534, 0.150307, -34.637185, 1000, 0.000100, -1.000000, -1.000000, 0.100000, 0.000100, 5.000000, 1.000000, 0.001000, 0.000010, 0.000000, 0.000000, 0.950000, 5.000000, 0.150307, -34.637185, -0.786353, 147.757064, 1000, 0.000100, 2.000000, -1.000000, -1.000000, 0.100000, 0.000100, 1.000000, 0.001000, 0.000010, 0.000000, 0.000000, 0.950000, -3.357101, -8.547534, 1.116580, 16.988975, 1000
3.55, 0.000100, 0.200000, 0.470000, -9.810000, 6.000000, 0.000000, 0.000000, 0.000000, 10.000000, -1.000000, 1.000000, -1.000000, 0.100000, 0.000100, 1.000000, 0.001000, 0.000010, 0.000000, 0.000000, 0.950000, 1.120046, 16.855528, -0.643051, 148.186161, -3.356688, -8.480352, 0.116738, -34.722358, 1000, 0.000100, -1.000000, -1.000000, 0.100000, 0.000100, 5.000000, 1.000000, 0.001000, 0.000010, 0.000000, 0.000000, 0.950000, 5.000000, 0.116738, -34.722358, -0.643051, 148.186161, 1000, 0.000100, 2.000000, -1.000000, -1.000000, 0.100000, 0.000100, 1.000000, 0.001000, 0.000010, 0.000000, 0.000000, 0.950000, -3.356688, -8.480352, 1.120046, 16.855528, 1000
3.56, 0.000100, 0.200000, 0.470000, -9.810000, 6.000000, 0.000000, 0.000000, 0.000000, 10.000000, -1.000000, 1.000000, -1.000000, 0.100000, 0.000100, 1.000000, 0.001000, 0.000010, 0.000000, 0.000000, 0.950000, 1.123465, 16.721524, -0.499641, 148.611932, -3.356128, -8.412883, 0.083174, -34.806858, 1000, 0.000100, -1.000000, -1.000000, 0.100000, 0.000100, 5.000000, 1.000000, 0.001000, 0.000010, 0.000000, 0.000000, 0.950000, 5.000000, 0.083174, -34.806858, -0.499641, 148.611932, 1000, 0.000100, 2.000000, -1.000000, -1.000000, 0.100000, 0.000100, 1.000000, 0.001000, 0.000010, 0.000000, 0.000000, 0.950000, -3.356128, -8.412883, 1.123465, 16.721524, 1000
3.57, 0.000100, 0.200000, 0.470000, -9.810000, 6.000000, 0.000000, 0.000000, 0.000000, 10.000000, -1.000000, 1.000000, -1.000000, 0.100000, 0.000100, 1.000000, 0.001000, 0.000010, 0.000000, 0.000000, 0.950000, 1.126836, 16.586973, -0.356130, 149.034362, -3.355421, -8.345131, 0.049616, -34.890682, 1000, 0.000100, -1.000000, -1.000000, 0.100000, 0.000100, 5.000000, 1.000000, 0.001000, 0.000010, 0.000000, 0.000000, 0.950000, 5.000000, 0.049616, -34.890682, -0.356130, 149.034362, 1000, 0.000100, 2.000000, -1.000000, -1.000000, 0.100000, 0.000100, 1.000000, 0.001000, 0.000010, 0.000000, 0.000000, 0.950000, -3.355421, -8.345131, 1.126836, 16.586973, 1000
3.58, 0.000100, 0.200000, 0.470000, -9.810000, 6.000000, 0.000000, 0.000000, 0.000000, 10.000000, -1.000000, 1.000000, -1.000000, 0.100000, 0.000100, 1.000000, 0.001000, 0.000010, 0.000000, 0.000000, 0.950000, 1.130157, 16.451882, -0.212528, 149.453435, -3.354567, -8.277099, 0.016065, -34.973827, 1000, 0.000100, -1.000000, -1.000000, 0.100000, 0.000100, 5.000000, 1.000000, 0.001000, 0.000010, 0.000000, 0.000000, 0.950000, 5.000000, 0.016065, -34.973827, -0.212528, 149.453435, 1000, 0.000100, 2.000000, -1.000000, -1.000000, 0.100000, 0.000100, 1.000000, 0.001000, 0.000010, 0.000000, 0.000000, 0.950000, -3.354567, -8.277099, 1.130157, 16.451882, 1000
3.59, 0.000100, 0.200000, 0.470000, -9.810000, 6.000000, 0.000000, 0.000000, 0.000000, 10.000000, -1.000000, 1.000000, -1.000000, 0.100000, 0.000100, 1.000000, 0.001000, 0.000010, 0.000000, 0.000000, 0.950000, 1.133430, 16.316259, -0.068843, 149.869139, -3.353566, -8.208792, -0.017476, -35.056291, 1000, 0.000100, -1.000000, -1.000000, 0.100000, 0.000100, 5.000000, 1.000000, 0.001000, 0.000010, 0.000000, 0.000000, 0.950000, 5.000000, -0.017476, -35.056291, -0.068843, 149.869139, 1000, 0.000100, 2.000000, -1.000000, -1.000000, 0.100000, 0.000100, 1.000000, 0.001000, 0.000010, 0.000000, 0.000000, 0.950000, -3.353566, -8.208792, 1.133430, 16.316259, 1000
3.6, 0.000100, 0.200000, 0.470000, -9.810000, 6.000000, 0.000000, 0.000000, 0.000000, 10.000000, -1.000000, 1.000000, -1.000000, 0.100000, 0.000100, 1.000000, 0.001000, 0.000010, 0.000000, 0.000000, 0.950000, 1.136653, 16.180111, 0.074916, 150.281457, -3.352419, -8.140213, -0.051006, -35.138070, 1000, 0.000100, -1.000000, -1.000000, 0.100000, 0.000100, 5.000000, 1.000000, 0.001000, 0.000010, 0.000000, 0.000000, 0.950000, 5.000000, -0.051006, -35.138070, 0.074916, 150.281457, 1000, 0.000100, 2.000000, -1.000000, -1.000000, 0.100000, 0.000100, 1.000000, 0.001000, 0.000010, 0.000000, 0.000000, 0.950000, -3.352419, -8.140213, 1.136653, 16.180111, 1000
3.61, 0.000100, 0.200000, 0.470000, -9.810000, 6.000000, 0.000000, 0.000000, 0.000000, 10.000000, -1.000000, 1.000000, -1.000000, 0.100000, 0.000100, 1.000000, 0.001000, 0.000010, 0.000000, 0.000000, 0.950000, 1.139825, 16.043447, 0.218741, 150.690377, -3.351124, -8.071366, -0.084525, -35.219162, 1000, 0.000100, -1.000000, -1.000000, 0.100000, 0.000100, 5.000000, 1.000000, 0.001000, 0.000010, 0.000000, 0.000000, 0.950000, 5.000000, -0.084525, -35.219162, 0.218741, 150.690377, 1000, 0.000100, 2.000000, -1.000000, -1.000000, 0.100000, 0.000100, 1.000000, 0.001000, 0.000010, 0.000000, 0.000000, 0.950000, -3.351124, -8.071366, 1.139825, 16.043447, 1000
3.62, 0.000100, 0.200000, 0.470000, -9.810000, 6.000000, 0.000000, 0.000000, 0.000000, 10.000000, -1.000000, 1.000000, -1.000000, 0.100000, 0.000100, 1.000000, 0.001000, 0.000010, 0.000000, 0.000000, 0.950000, 1.142947, 15.906275, 0.362624, 151.095884, -3.349683, -8.002255, -0.118029, -35.299565, 1000, 0.000100, -1.000000, -1.000000, 0.100000, 0.000100, 5.000000, 1.000000, 0.001000, 0.000010, 0.000000, 0.000000, 0.950000, 5.000000, -0.118029, -35.299565, 0.362624, 151.095884, 1000, 0.000100, 2.000000, -1.000000, -1.000000, 0.100000, 0.000100, 1.000000, 0.001000, 0.000010, 0.000000, 0.000000, 0.950000, -3.349683, -8.002255, 1.142947, 15.906275, 1000
3.63, 0.000100, 0.200000, 0.470000, -9.810000, 6.000000, 0.000000, 0.000000, 0.000000, 10.000000, -1.000000, 1.000000, -1.000000, 0.100000, 0.000100, 1.000000, 0.001000, 0.000010, 0.000000, 0.000000, 0.950000, 1.146018, 15.768602, 0.506556, 151.497965, -3.348094, -7.932883, -0.151519, -35.379275, 1000, 0.000100, -1.000000, -1.000000, 0.100000, 0.000100, 5.000000, 1.000000, 0.001000, 0.000010, 0.000000, 0.000000, 0.950000, 5.000000, -0.151519, -35.379275, 0.506556, 151.497965, 1000, 0.000100, 2.000000, -1.000000, -1.000000, 0.100000, 0.000100, 1.000000, 0.001000, 0.000010, 0.000000, 0.000000, 0.950000, -3.348094, -7.932883, 1.146018, 15.768602, 1000
3.64, 0.000100, 0.200000, 0.470000, -9.810000, 6.000000, 0.000000, 0.000000, 0.000000, 10.000000, -1.000000, 1.000000, -1.000000, 0.100000, 0.000100, 1.000000, 0.001000, 0.000010, 0.000000, 0.000000, 0.950000, 1.149037, 15.630437, 0.650528, 151.896606, -3.346359, -7.863256, -0.184992, -35.458291, 1000, 0.000100, -1.000000, -1.000000, 0.100000, 0.000100, 5.000000, 1.000000, 0.001000, 0.000010, 0.000000, 0.000000, 0.950000, 5.000000, -0.184992, -35.458291, 0.650528, 151.896606, 1000, 0.000100, 2.000000, -1.000000, -1.000000, 0.100000, 0.000100, 1.000000, 0.001000, 0.000010, 0.000000, 0.000000, 0.950000, -3.346359, -7.863256, 1.149037, 15.630437, 1000
3.65, 0.000100, 0.200000, 0.470000, -9.810000, 6.000000, 0.000000, 0.000000, 0.000000, 10.000000, -1.000000, 1.000000, -1.000000, 0.100000, 0.000100, 1.000000, 0.001000, 0.000010, 0.000000, 0.000000, 0.950000, 1.152004, 15.491787, 0.794533, 152.291795, -3.344477, -7.793376, -0.218447, -35.536609, 1000, 0.000100, -1.000000, -1.000000, 0.100000, 0.000100, 5.000000, 1.000000, 0.001000, 0.000010, 0.000000, 0.000000, 0.950000, 5.000000, -0.218447, -35.536609, 0.794533, 152.291795, 1000, 0.000100, 2.000000, -1.000000, -1.000000, 0.100000, 0.000100, 1.000000, 0.001000, 0.000010, 0.000000, 0.000000, 0.950000, -3.344477, -7.793376, 1.152004, 15.491787, 1000
3.66, 0.000100, 0.200000, 0.470000, -9.810000, 6.000000, 0.000000, 0.000000, 0.000000, 10.000000, -1.000000, 1.000000, -1.000000, 0.100000, 0.000100, 1.000000, 0.001000, 0.000010, 0.000000, 0.000000, 0.950000, 1.154919, 15.352660, 0.938561, 152.683517, -3.342448, -7.723248, -0.251883, -35.614227, 1000, 0.000100, -1.000000, -1.000000, 0.100000, 0.000100, 5.000000, 1.000000, 0.001000, 0.000010, 0.000000, 0.000000, 0.950000, 5.000000, -0.251883, -35.614227, 0.938561, 152.683517, 1000, 0.000100, 2.000000, -1.000000, -1.000000, 0.100000, 0.000100, 1.000000, 0.001000, 0.000010, 0.000000, 0.000000, 0.950000, -3.342448, -7.723248, 1.154919, 15.352660, 1000
3.67, 0.000100, 0.200000, 0.470000, -9.810000, 6.000000, 0.000000, 0.000000, 0.000000, 10.000000, -1.000000, 1.000000, -1.000000, 0.100000, 0.000100, 1.000000, 0.001000, 0.000010, 0.000000, 0.000000, 0.950000, 1.157780, 15.213065, 1.082605, 153.071761, -3.340272, -7.652875, -0.285298, -35.691143, 1000, 0.000100, -1.000000, -1.000000, 0.100000, 0.000100, 5.000000, 1.000000, 0.001000, 0.000010, 0.000000, 0.000000, 0.950000, 5.000000, -0.285298, -35.691143, 1.082605, 153.071761, 1000, 0.000100, 2.000000, -1.000000, -1.000000, 0.100000, 0.000100, 1.000000, 0.001000, 0.000010, 0.000000, 0.000000, 0.950000, -3.340272, -7.652875, 1.157780, 15.213065, 1000
3.68, 0.000100, 0.200000, 0.470000, -9.810000, 6.000000, 0.000000, 0.000000, 0.000000, 10.000000, -1.000000, 1.000000, -1.000000, 0.100000, 0.000100, 1.000000, 0.001000, 0.000010, 0.000000, 0.000000, 0.950000, 1.160588, 15.073009, 1.226656, 153.456514, -3.337949, -7.582261, -0.318690, -35.767354, 1000, 0.000100, -1.000000, -1.000000, 0.100000, 0.000100, 5.000000, 1.000000, 0.001000, 0.000010, 0.000000, 0.000000, 0.950000, 5.000000, -0.318690, -35.767354, 1.226656, 153.456514, 1000, 0.000100, 2.000000, -1.000000, -1.000000, 0.100000, 0.000100, 1.000000, 0.001000, 0.000010, 0.000000, 0.000000, 0.950000, -3.337949, -7.582261, 1.160588, 15.073009, 1000
3.69, 0.000100, 0.200000, 0.470000, -9.810000, 6.000000, 0.000000, 0.000000, 0.000000, 10.000000, -1.000000, 1.000000, -1.000000, 0.100000, 0.000100, 1.000000, 0.001000, 0.000010, 0.000000, 0.000000, 0.950000, 1.163343, 14.932500, 1.370706, 153.837762, -3.335480, -7.511411, -0.352058, -35.842858, 1000, 0.000100, -1.000000, -1.000000, 0.100000, 0.000100, 5.000000, 1.000000, 0.001000, 0.000010, 0.000000, 0.000000, 0.950000, 5.000000, -0.352058, -35.842858, 1.370706, 153.837762, 1000, 0.000100, 2.000000, -1.000000, -1.000000, 0.100000, 0.000100, 1.000000, 0.001000, 0.000010, 0.000000, 0.000000, 0.950000, -3.335480, -7.511411, 1.163343, 14.932500, 1000
3.7, 0.000100, 0.200000, 0.470000, -9.810000, 6.000000, 0.000000, 0.000000, 0.000000, 10.000000, -1.000000, 1.000000, -1.000000, 0.100000, 0.000100, 1.000000, 0.001000, 0.000010, 0.000000, 0.000000, 0.950000, 1.166042, 14.791546, 1.514746, 154.215495, -3.332864, -7.440327, -0.385401, -35.917652, 1000, 0.000100, -1.000000, -1.000000, 0.100000, 0.000100, 5.000000, 1.000000, 0.001000, 0.000010, 0.000000, 0.000000, 0.950000, 5.000000, -0.385401, -35.917652, 1.514746, 154.215495, 1000, 0.000100, 2.000000, -1.000000, -1.000000, 0.100000, 0.000100, 1.000000, 0.001000, 0.000010, 0.000000, 0.000000, 0.950000, -3.332864, -7.440327, 1.166042, 14.791546, 1000
3.71, 0.000100, 0.200000, 0.470000, -9.810000, 6.000000, 0.000000, 0.000000, 0.000000, 10.000000, -1.000000, 1.000000, -1.000000, 0.100000, 0.000100, 1.000000, 0.001000, 0.000010, 0.000000, 0.000000, 0.950000, 1.168687, 14.650155, 1.658768, 154.589699, -3.330101, -7.369015, -0.418717, -35.991734, 1000, 0.000100, -1.000000, -1.000000, 0.100000, 0.000100, 5.000000, 1.000000, 0.001000, 0.000010, 0.000000, 0.000000, 0.950000, 5.000000, -0.418717, -35.991734, 1.658768, 154.589699, 1000, 0.000100, 2.000000, -1.000000, -1.000000, 0.100000, 0.000100, 1.000000, 0.001000, 0.000010, 0.000000, 0.000000, 0.950000, -3.330101, -7.369015, 1.168687, 14.650155, 1000
3.72, 0.000100, 0.200000, 0.470000, -9.810000, 6.000000, 0.000000, 0.000000, 0.000000, 10.000000, -1.000000, 1.000000, -1.000000, 0.100000, 0.000100, 1.000000, 0.001000, 0.000010, 0.000000, 0.000000, 0.950000, 1.171277, 14.508335, 1.802764, 154.960363, -3.327192, -7.297478, -0.452005, -36.065103, 1000, 0.000100, -1.000000, -1.000000, 0.100000, 0.000100, 5.000000, 1.000000, 0.001000, 0.000010, 0.000000, 0.000000, 0.950000, 5.000000, -0.452005, -36.065103, 1.802764, 154.960363, 1000, 0.000100, 2.000000, -1.000000, -1.000000, 0.100000, 0.000100, 1.000000, 0.001000, 0.000010, 0.000000, 0.000000, 0.950000, -3.327192, -7.297478, 1.171277, 14.508335, 1000
3.73, 0.000100, 0.200000, 0.470000, -9.810000, 6.000000, 0.000000, 0.000000, 0.000000, 10.000000, -1.000000, 1.000000, -1.000000, 0.100000, 0.000100, 1.000000, 0.001000, 0.000010, 0.000000, 0.000000, 0.950000, 1.173811, 14.366094, 1.946725, 155.327476, -3.324136, -7.225719, -0.485264, -36.137754, 1000, 0.000100, -1.000000, -1.000000, 0.100000, 0.000100, 5.000000, 1.000000, 0.001000, 0.000010, 0.000000, 0.000000, 0.950000, 5.000000, -0.485264, -36.137754, 1.946725, 155.327476, 1000, 0.000100, 2.000000, -1.000000, -1.000000, 0.100000, 0.000100, 1.000000, 0.001000, 0.000010, 0.000000, 0.000000, 0.950000, -3.324136, -7.225719, 1.173811, 14.366094, 1000
3.74, 0.000100, 0.200000, 0.470000, -9.810000, 6.000000, 0.000000, 0.000000, 0.000000, 10.000000, -1.000000, 1.000000, -1.000000, 0.100000, 0.000100, 1.000000, 0.001000, 0.000010, 0.000000, 0.000000, 0.950000, 1.176289, 14.223441, 2.090644, 155.691026, -3.320934, -7.153744, -0.518490, -36.209688, 1000, 0.000100, -1.000000, -1.000000, 0.100000, 0.000100, 5.000000, 1.000000, 0.001000, 0.000010, 0.000000, 0.000000, 0.950000, 5.000000, -0.518490, -36.209688, 2.090644, 155.691026, 1000, 0.000100, 2.000000, -1.000000, -1.000000, 0.100000, 0.000100, 1.000000, 0.001000, 0.000010, 0.000000, 0.000000, 0.950000, -3.320934, -7.153744, 1.176289, 14.223441, 1000
3.75, 0.000100, 0.200000, 0.470000, -9.810000, 6.000000, 0.000000, 0.000000, 0.000000, 10.000000, -1.000000, 1.000000, -1.000000, 0.100000, 0.000100, 1.000000, 0.001000, 0.000010, 0.000000, 0.000000, 0.950000, 1.178710, 14.080382, 2.234511, 156.051001, -3.317586, -7.081555, -0.551685, -36.280900, 1000, 0.000100, -1.000000, -1.000000, 0.100000, 0.000100, 5.000000, 1.000000, 0.001000, 0.000010, 0.000000, 0.000000, 0.950000, 5.000000, -0.551685, -36.280900, 2.234511, 156.051001, 1000, 0.000100, 2.000000, -1.000000, -1.000000, 0.100000, 0.000100, 1.000000, 0.001000, 0.000010, 0.000000, 0.000000, 0.950000, -3.317586, -7.081555, 1.178710, 14.080382, 1000
3.76, 0.000100, 0.200000, 0.470000, -9.810000, 6.000000, 0.000000, 0.000000, 0.000000, 10.000000, -1.000000, 1.000000, -1.000000, 0.100000, 0.000100, 1.000000, 0.001000, 0.000010, 0.000000, 0.000000, 0.950000, 1.181075, 13.936927, 2.378319, 156.407391, -3.314091, -7.009157, -0.584845, -36.351390, 1000, 0.000100, -1.000000, -1.000000, 0.100000, 0.000100, 5.000000, 1.000000, 0.001000, 0.000010, 0.000000, 0.000000, 0.950000, 5.000000, -0.584845, -36.351390, 2.378319, 156.407391, 1000, 0.000100, 2.000000, -1.000000, -1.000000, 0.100000, 0.000100, 1.000000, 0.001000, 0.000010, 0.000000, 0.000000, 0.950000, -3.314091, -7.009157, 1.181075, 13.936927, 1000
3.77, 0.000100, 0.200000, 0.470000, -9.810000, 6.000000, 0.000000, 0.000000, 0.000000, 10.000000, -1.000000, 1.000000, -1.000000, 0.100000, 0.000100, 1.000000, 0.001000, 0.000010, 0.000000, 0.000000, 0.950000, 1.183381, 13.793082, 2.522060, 156.760185, -3.310451, -6.936553, -0.617969, -36.421155, 1000, 0.000100, -1.000000, -1.000000, 0.100000, 0.000100, 5.000000, 1.000000, 0.001000, 0.000010, 0.000000, 0.000000, 0.950000, 5.000000, -0.617969, -36.421155, 2.522060, 156.760185, 1000, 0.000100, 2.000000, -1.000000, -1.000000, 0.100000, 0.000100, 1.000000, 0.001000, 0.000010, 0.000000, 0.000000, 0.950000, -3.310451, -6.936553, 1.183381, 13.793082, 1000
3.78, 0.000100, 0.200000, 0.470000, -9.810000, 6.000000, 0.000000, 0.000000, 0.000000, 10.000000, -1.000000, 1.000000, -1.000000, 0.100000, 0.000100, 1.000000, 0.001000, 0.000010, 0.000000, 0.000000, 0.950000, 1.185630, 13.648856, 2.665725, 157.109372, -3.306664, -6.863748, -0.651057, -36.490193, 1000, 0.000100, -1.000000, -1.000000, 0.100000, 0.000100, 5.000000, 1.000000, 0.001000, 0.000010, 0.000000, 0.000000, 0.950000, 5.000000, -0.651057, -36.490193, 2.665725, 157.109372, 1000, 0.000100, 2.000000, -1.000000, -1.000000, 0.100000, 0.000100, 1.000000, 0.001000, 0.000010, 0.000000, 0.000000, 0.950000, -3.306664, -6.863748, 1.185630, 13.648856, 1000
3.79, 0.000100, 0.200000, 0.470000, -9.810000, 6.000000, 0.000000, 0.000000, 0.000000, 10.000000, -1.000000, 1.000000, -1.000000, 0.100000, 0.000100, 1.000000, 0.001000, 0.000010, 0.000000, 0.000000, 0.950000, 1.187821, 13.504258, 2.809306, 157.454942, -3.302732, -6.790745, -0.684106, -36.558502, 1000, 0.000100, -1.000000, -1.000000, 0.100000, 0.000100, 5.000000, 1.000000, 0.001000, 0.000010, 0.000000, 0.000000, 0.950000, 5.000000, -0.684106, -36.558502, 2.809306, 157.454942, 1000, 0.000100, 2.000000, -1.000000, -1.000000, 0.100000, 0.000100, 1.000000, 0.001000, 0.000010, 0.000000, 0.000000, 0.950000, -3.302732, -6.790745, 1.187821, 13.504258, 1000
3.8, 0.000100, 0.200000, 0.470000, -9.810000, 6.000000, 0.000000, 0.000000, 0.000000, 10.000000, -1.000000, 1.000000, -1.000000, 0.100000, 0.000100, 1.000000, 0.001000, 0.000010, 0.000000, 0.000000, 0.950000, 1.189952, 13.359294, 2.952795, 157.796885, -3.298655, -6.717549, -0.717115, -36.626080, 1000, 0.000100, -1.000000, -1.000000, 0.100000, 0.000100, 5.000000, 1.000000, 0.001000, 0.000010, 0.000000, 0.000000, 0.950000, 5.000000, -0.717115, -36.626080, 2.952795, 157.796885, 1000, 0.000100, 2.000000, -1.000000, -1.000000, 0.100000, 0.000100, 1.000000, 0.001000, 0.000010, 0.000000, 0.000000, 0.950000, -3.298655, -6.717549, 1.189952, 13.359294, 1000
3.81, 0.000100, 0.200000, 0.470000, -9.810000, 6.000000, 0.000000, 0.000000, 0.000000, 10.000000, -1.000000, 1.000000, -1.000000, 0.100000, 0.000100, 1.000000, 0.001000, 0.000010, 0.000000, 0.000000, 0.950000, 1.192025, 13.213973, 3.096184, 158.135190, -3.294432, -6.644163, -0.750082, -36.692925, 1000, 0.000100, -1.000000, -1.000000, 0.100000, 0.000100, 5.000000, 1.000000, 0.001000, 0.000010, 0.000000, 0.000000, 0.950000, 5.000000, -0.750082, -36.692925, 3.096184, 158.135190, 1000, 0.000100, 2.000000, -1.000000, -1.000000, 0.100000, 0.000100, 1.000000, 0.001000, 0.000010, 0.000000, 0.000000, 0.950000, -3.294432, -6.644163, 1.192025, 13.213973, 1000
3.82, 0.000100, 0.200000, 0.470000, -9.810000, 6.000000, 0.000000, 0.000000, 0.000000, 10.000000, -1.000000, 1.000000, -1.000000, 0.100000, 0.000100, 1.000000, 0.001000, 0.000010, 0.000000, 0.000000, 0.950000, 1.194038, 13.068304, 3.239465, 158.469847, -3.290064, -6.570591, -0.783007, -36.759036, 1000, 0.000100, -1.000000, -1.000000, 0.100000, 0.000100, 5.000000, 1.000000, 0.001000, 0.000010, 0.000000, 0.000000, 0.950000, 5.000000, -0.783007, -36.759036, 3.239465, 158.469847, 1000, 0.000100, 2.000000, -1.000000, -1.000000, 0.100000, 0.000100, 1.000000, 0.001000, 0.000010, 0.000000, 0.000000, 0.950000, -3.290064, -6.570591, 1.194038, 13.068304, 1000
3.83, 0.000100, 0.200000, 0.470000, -9.810000, 6.000000, 0.000000, 0.000000, 0.000000, 10.000000, -1.000000, 1.000000, -1.000000, 0.100000, 0.000100, 1.000000, 0.001000, 0.000010, 0.000000, 0.000000, 0.950000, 1.195991, 12.922293, 3.382629, 158.800848, -3.285550, -6.496837, -0.815887, -36.824410, 1000, 0.000100, -1.000000, -1.000000, 0.100000, 0.000100, 5.000000, 1.000000, 0.001000, 0.000010, 0.000000, 0.000000, 0.950000, 5.000000, -0.815887, -36.824410, 3.382629, 158.800848, 1000, 0.000100, 2.000000, -1.000000, -1.000000, 0.100000, 0.000100, 1.000000, 0.001000, 0.000010, 0.000000, 0.000000, 0.950000, -3.285550, -6.496837, 1.195991, 12.922293, 1000
3.84, 0.000100, 0.200000, 0.470000, -9.810000, 6.000000, 0.000000, 0.000000, 0.000000, 10.000000, -1.000000, 1.000000, -1.000000, 0.100000, 0.000100, 1.000000, 0.001000, 0.000010, 0.000000, 0.000000, 0.950000, 1.197884, 12.775949, 3.525669, 159.128182, -3.280892, -6.422906, -0.848722, -36.889045, 1000, 0.000100, -1.000000, -1.000000, 0.100000, 0.000100, 5.000000, 1.000000, 0.001000, 0.000010, 0.000000, 0.000000, 0.950000, 5.000000, -0.848722, -36.889045, 3.525669, 159.128182, 1000, 0.000100, 2.000000, -1.000000, -1.000000, 0.100000, 0.000100, 1.000000, 0.001000, 0.000010, 0.000000, 0.000000, 0.950000, -3.280892, -6.422906, 1.197884, 12.775949, 1000
3.85, 0.000100, 0.200000, 0.470000, -9.810000, 6.000000, 0.000000, 0.000000, 0.000000, 10.000000, -1.000000, 1.000000, -1.000000, 0.100000, 0.000100, 1.000000, 0.001000, 0.000010, 0.000000, 0.000000, 0.950000, 1.199715, 12.629281, 3.668576, 159.451841, -3.276089, -6.348800, -0.881509, -36.952941, 1000, 0.000100, -1.000000, -1.000000, 0.100000, 0.000100, 5.000000, 1.000000, 0.001000, 0.000010, 0.000000, 0.000000, 0.950000, 5.000000, -0.881509, -36.952941, 3.668576, 159.451841, 1000, 0.000100, 2.000000, -1.000000, -1.000000, 0.100000, 0.000100, 1.000000, 0.001000, 0.000010, 0.000000, 0.000000, 0.950000, -3.276089, -6.348800, 1.199715, 12.629281, 1000
3.86, 0.000100, 0.200000, 0.470000, -9.810000, 6.000000, 0.000000, 0.000000, 0.000000, 10.000000, -1.000000, 1.000000, -1.000000, 0.100000, 0.000100, 1.000000, 0.001000, 0.000010, 0.000000, 0.000000, 0.950000, 1.201486, 12.482295, 3.811343, 159.771815, -3.271142, -6.274525, -0.914248, -37.016095, 1000, 0.000100, -1.000000, -1.000000, 0.100000, 0.000100, 5.000000, 1.000000, 0.001000, 0.000010, 0.000000, 0.000000, 0.950000, 5.000000, -0.914248, -37.016095, 3.811343, 159.771815, 1000, 0.000100, 2.000000, -1.000000, -1.000000, 0.100000, 0.000100, 1.000000, 0.001000, 0.000010, 0.000000, 0.000000, 0.950000, -3.271142, -6.274525, 1.201486, 12.482295, 1000
3.87, 0.000100, 0.200000, 0.470000, -9.810000, 6.000000, 0.000000, 0.000000, 0.000000, 10.000000, -1.000000, 1.000000, -1.000000, 0.100000, 0.000100, 1.000000, 0.001000, 0.000010, 0.000000, 0.000000, 0.950000, 1.203195, 12.335000, 3.953961, 160.088095, -3.266050, -6.200083, -0.946936, -37.078505, 1000, 0.000100, -1.000000, -1.000000, 0.100000, 0.000100, 5.000000, 1.000000, 0.001000, 0.000010, 0.000000, 0.000000, 0.950000, 5.000000, -0.946936, -37.078505, 3.953961, 160.088095, 1000, 0.000100, 2.000000, -1.000000, -1.000000, 0.100000, 0.000100, 1.000000, 0.001000, 0.000010, 0.000000, 0.000000, 0.950000, -3.266050, -6.200083, 1.203195, 12.335000, 1000
3.88, 0.000100, 0.200000, 0.470000, -9.810000, 6.000000, 0.000000, 0.000000, 0.000000, 10.000000, -1.000000, 1.000000, -1.000000, 0.100000, 0.000100, 1.000000, 0.001000, 0.000010, 0.000000, 0.000000, 0.950000, 1.204842, 12.187404, 4.096422, 160.400673, -3.260814, -6.125479, -0.979573, -37.140170, 1000, 0.000100, -1.000000, -1.000000, 0.100000, 0.000100, 5.000000, 1.000000, 0.001000, 0.000010, 0.000000, 0.000000, 0.950000, 5.000000, -0.979573, -37.140170, 4.096422, 160.400673, 1000, 0.000100, 2.000000, -1.000000, -1.000000, 0.100000, 0.000100, 1.000000, 0.001000, 0.000010, 0.000000, 0.000000, 0.950000, -3.260814, -6.125479, 1.204842, 12.187404, 1000
3.89, 0.000100, 0.200000, 0.470000, -9.810000, 6.000000, 0.000000, 0.000000, 0.000000, 10.000000, -1.000000, 1.000000, -1.000000, 0.100000, 0.000100, 1.000000, 0.001000, 0.000010, 0.000000, 0.000000, 0.950000, 1.206426, 12.039515, 4.238720, 160.709541, -3.255435, -6.050717, -1.012157, -37.201088, 1000, 0.000100, -1.000000, -1.000000, 0.100000, 0.000100, 5.000000, 1.000000, 0.001000, 0.000010, 0.000000, 0.000000, 0.950000, 5.000000, -1.012157, -37.201088, 4.238720, 160.709541, 1000, 0.000100, 2.000000, -1.000000, -1.000000, 0.100000, 0.000100, 1.000000, 0.001000, 0.000010, 0.000000, 0.000000, 0.950000, -3.255435, -6.050717, 1.206426, 12.039515, 1000
3.9, 0.000100, 0.200000, 0.470000, -9.810000, 6.000000, 0.000000, 0.000000, 0.000000, 10.000000, -1.000000, 1.000000, -1.000000, 0.100000, 0.000100, 1.000000, 0.001000, 0.000010, 0.000000, 0.000000, 0.950000, 1.207948, 11.891341, 4.380844, 161.014690, -3.249911, -5.975801, -1.044687, -37.261258, 1000, 0.000100, -1.000000, -1.000000, 0.100000, 0.000100, 5.000000, 1.000000, 0.001000, 0.000010, 0.000000, 0.000000, 0.950000, 5.000000, -1.044687, -37.261258, 4.380844, 161.014690, 1000, 0.000100, 2.000000, -1.000000, -1.000000, 0.100000, 0.000100, 1.000000, 0.001000, 0.000010, 0.000000, 0.000000, 0.950000, -3.249911, -5.975801, 1.207948, 11.891341, 1000
3.91, 0.000100, 0.200000, 0.470000, -9.810000, 6.000000, 0.000000, 0.000000, 0.000000, 10.000000, -1.000000, 1.000000, -1.000000, 0.100000, 0.000100, 1.000000, 0.001000, 0.000010, 0.000000, 0.000000, 0.950000, 1.209406, 11.742890, 4.522788, 161.316112, -3.244245, -5.900734, -1.077160, -37.320679, 1000, 0.000100, -1.000000, -1.000000, 0.100000, 0.000100, 5.000000, 1.000000, 0.001000, 0.000010, 0.000000, 0.000000, 0.950000, 5.000000, -1.077160, -37.320679, 4.522788, 161.316112, 1000, 0.000100, 2.000000, -1.000000, -1.000000, 0.100000, 0.000100, 1.000000, 0.001000, 0.000010, 0.000000, 0.000000, 0.950000, -3.244245, -5.900734, 1.209406, 11.742890, 1000
3.92, 0.000100, 0.200000, 0.470000, -9.810000, 6.000000, 0.000000, 0.000000, 0.000000, 10.000000, -1.000000, 1.000000, -1.000000, 0.100000, 0.000100, 1.000000, 0.001000, 0.000010, 0.000000, 0.000000, 0.950000, 1.210801, 11.594170, 4.664544, 161.613799, -3.238435, -5.825521, -1.109577, -37.379347, 1000, 0.000100, -1.000000, -1.000000, 0.100000, 0.000100, 5.000000, 1.000000, 0.001000, 0.000010, 0.000000, 0.000000, 0.950000, 5.000000, -1.109577, -37.379347, 4.664544, 161.613799, 1000, 0.000100, 2.000000, -1.000000, -1.000000, 0.100000, 0.000100, 1.000000, 0.001000, 0.000010, 0.000000, 0.000000, 0.950000, -3.238435, -5.825521, 1.210801, 11.594170, 1000
3.93, 0.000100, 0.200000, 0.470000, -9.810000, 6.000000, 0.000000, 0.000000, 0.000000, 10.000000, -1.000000, 1.000000, -1.000000, 0.100000, 0.000100, 1.000000, 0.001000, 0.000010, 0.000000, 0.000000, 0.950000, 1.212132, 11.445188, 4.806104, 161.907744, -3.232482, -5.750165, -1.141934, -37.437264, 1000, 0.000100, -1.000000, -1.000000, 0.100000, 0.000100, 5.000000, 1.000000, 0.001000, 0.000010, 0.000000, 0.000000, 0.950000, 5.000000, -1.141934, -37.437264, 4.806104, 161.907744, 1000, 0.000100, 2.000000, -1.000000, -1.000000, 0.100000, 0.000100, 1.000000, 0.001000, 0.000010, 0.000000, 0.000000, 0.950000, -3.232482, -5.750165, 1.212132, 11.445188, 1000
3.94, 0.000100, 0.200000, 0.470000, -9.810000, 6.000000, 0.000000, 0.000000, 0.000000, 10.000000, -1.000000, 1.000000, -1.000000, 0.100000, 0.000100, 1.000000, 0.001000, 0.000010, 0.000000, 0.000000, 0.950000, 1.213399, 11.295954, 4.947460, 162.197940, -3.226387, -5.674671, -1.174232, -37.494425, 1000, 0.000100, -1.000000, -1.000000, 0.100000, 0.000100, 5.000000, 1.000000, 0.001000, 0.000010, 0.000000, 0.000000, 0.950000, 5.000000, -1.174232, -37.494425, 4.947460, 162.197940, 1000, 0.000100, 2.000000, -1.000000, -1.000000, 0.100000, 0.000100, 1.000000, 0.001000, 0.000010, 0.000000, 0.000000, 0.950000, -3.226387, -5.674671, 1.213399, 11.295954, 1000
3.95, 0.000100, 0.200000, 0.470000, -9.810000, 6.000000, 0.000000, 0.000000, 0.000000, 10.000000, -1.000000, 1.000000, -1.000000, 0.100000, 0.000100, 1.000000, 0.001000, 0.000010, 0.000000, 0.000000, 0.950000, 1.214601, 11.146474, 5.088604, 162.484378, -3.220149, -5.599042, -1.206467, -37.550832, 1000, 0.000100, -1.000000, -1.000000, 0.100000, 0.000100, 5.000000, 1.000000, 0.001000, 0.000010, 0.000000, 0.000000, 0.950000, 5.000000, -1.206467, -37.550832, 5.088604, 162.484378, 1000, 0.000100, 2.000000, -1.000000, -1.000000, 0.100000, 0.000100, 1.000000, 0.001000, 0.000010, 0.000000, 0.000000, 0.950000, -3.220149, -5.599042, 1.214601, 11.146474, 1000
3.96, 0.000100, 0.200000, 0.470000, -9.810000, 6.000000, 0.000000, 0.000000, 0.000000, 10.000000, -1.000000, 1.000000, -1.000000, 0.100000, 0.000100, 1.000000, 0.001000, 0.000010, 0.000000, 0.000000, 0.950000, 1.215737, 10.996757, 5.229528, 162.767053, -3.213770, -5.523283, -1.238640, -37.606481, 1000, 0.000100, -1.000000, -1.000000, 0.100000, 0.000100, 5.000000, 1.000000, 0.001000, 0.000010, 0.000000, 0.000000, 0.950000, 5.000000, -1.238640, -37.606481, 5.229528, 162.767053, 1000, 0.000100, 2.000000, -1.000000, -1.000000, 0.100000, 0.000100, 1.000000, 0.001000, 0.000010, 0.000000, 0.000000, 0.950000, -3.213770, -5.523283, 1.215737, 10.996757, 1000
3.97, 0.000100, 0.200000, 0.470000, -9.810000, 6.000000, 0.000000, 0.000000, 0.000000, 10.000000, -1.000000, 1.000000, -1.000000, 0.100000, 0.000100, 1.000000, 0.001000, 0.000010, 0.000000, 0.000000, 0.950000, 1.216809, 10.846811, 5.370225, 163.045956, -3.207248, -5.447397, -1.270748, -37.661373, 1000, 0.000100, -1.000000, -1.000000, 0.100000, 0.000100, 5.000000, 1.000000, 0.001000, 0.000010, 0.000000, 0.000000, 0.950000, 5.000000, -1.270748, -37.661373, 5.370225, 163.045956, 1000, 0.000100, 2.000000, -1.000000, -1.000000, 0.100000, 0.000100, 1.000000, 0.001000, 0.000010, 0.000000, 0.000000, 0.950000, -3.207248, -5.447397, 1.216809, 10.846811, 1000
3.98, 0.000100, 0.200000, 0.470000, -9.810000, 6.000000, 0.000000, 0.000000, 0.000000, 10.000000, -1.000000, 1.000000, -1.000000, 0.100000, 0.000100, 1.000000, 0.001000, 0.000010, 0.000000, 0.000000, 0.950000, 1.217814, 10.696643, 5.510686, 163.321082, -3.200586, -5.371387, -1.302791, -37.715505, 1000, 0.000100, -1.000000, -1.000000, 0.100000, 0.000100, 5.000000, 1.000000, 0.001000, 0.000010, 0.000000, 0.000000, 0.950000, 5.000000, -1.302791, -37.715505, 5.510686, 163.321082, 1000, 0.000100, 2.000000, -1.000000, -1.000000, 0.100000, 0.000100, 1.000000, 0.001000, 0.000010, 0.000000, 0.000000, 0.950000, -3.200586, -5.371387, 1.217814, 10.696643, 1000
3.99, 0.000100, 0.200000, 0.470000, -9.810000, 6.000000, 0.000000, 0.000000, 0.000000, 10.000000, -1.000000, 1.000000, -1.000000, 0.100000, 0.000100, 1.000000, 0.001000, 0.000010, 0.000000, 0.000000, 0.950000, 1.218754, 10.546262, 5.650905, 163.592425, -3.193782, -5.295259, -1.334766, -37.768876, 1000, 0.000100, -1.000000, -1.000000, 0.100000, 0.000100, 5.000000, 1.000000, 0.001000, 0.000010, 0.000000, 0.000000, 0.950000, 5.000000, -1.334766, -37.768876, 5.650905, 163.592425, 1000, 0.000100, 2.000000, -1.000000, -1.000000, 0.100000, 0.000100, 1.000000, 0.001000, 0.000010, 0.000000, 0.000000, 0.950000, -3.193782, -5.295259, 1.218754, 10.546262, 1000
4, 0.000100, 0.200000, 0.470000, -9.810000, 6.000000, 0.000000, 0.000000, 0.000000, 10.000000, -1.000000, 1.000000, -1.000000, 0.100000, 0.000100, 1.000000, 0.001000, 0.000010, 0.000000, 0.000000, 0.950000, 1.219627, 10.395676, 5.790873, 163.859977, -3.186837, -5.219016, -1.366673, -37.821485, 1000, 0.000100, -1.000000, -1.000000, 0.100000, 0.000100, 5.000000, 1.000000, 0.001000, 0.000010, 0.000000, 0.000000, 0.950000, 5.000000, -1.366673, -37.821485, 5.790873, 163.859977, 1000, 0.000100, 2.000000, -1.000000, -1.000000, 0.100000, 0.000100, 1.000000, 0.001000, 0.000010, 0.000000, 0.000000, 0.950000, -3.186837, -5.219016, 1.219627, 10.395676, 1000
4.01, 0.000100, 0.200000, 0.470000, -9.810000, 6.000000, 0.000000, 0.000000, 0.000000, 10.000000, -1.000000, 1.000000, -1.000000, 0.100000, 0.000100, 1.000000, 0.001000, 0.000010, 0.000000, 0.000000, 0.950000, 1.220433, 10.244892, 5.930582, 164.123733, -3.179752, -5.142662, -1.398509, -37.873332, 1000, 0.000100, -1.000000, -1.000000, 0.100000, 0.000100, 5.000000, 1.000000, 0.001000, 0.000010, 0.000000, 0.000000, 0.950000, 5.000000, -1.398509, -37.873332, 5.930582, 164.123733, 1000, 0.000100, 2.000000, -1.000000, -1.000000, 0.100000, 0.000100, 1.000000, 0.001000, 0.000010, 0.000000, 0.000000, 0.950000, -3.179752, -5.142662, 1.220433, 10.244892, 1000
4.02, 0.000100, 0.200000, 0.470000, -9.810000, 6.000000, 0.000000, 0.000000, 0.000000, 10.000000, -1.000000, 1.000000, -1.000000, 0.100000, 0.000100, 1.000000, 0.001000, 0.000010, 0.000000, 0.000000, 0.950000, 1.221172, 10.093919, 6.070026, 164.383687, -3.172526, -5.066201, -1.430274, -37.924415, 1000, 0.000100, -1.000000, -1.000000, 0.100000, 0.000100, 5.000000, 1.000000, 0.001000, 0.000010, 0.000000, 0.000000, 0.950000, 5.000000, -1.430274, -37.924415, 6.070026, 164.383687, 1000, 0.000100, 2.000000, -1.000000, -1.000000, 0.100000, 0.000100, 1.000000, 0.001000, 0.000010, 0.000000, 0.000000, 0.950000, -3.172526, -5.066201, 1.221172, 10.093919, 1000
4.03, 0.000100, 0.200000, 0.470000, -9.810000, 6.000000, 0.000000, 0.000000, 0.000000, 10.000000, -1.000000, 1.000000, -1.000000, 0.100000, 0.000100, 1.000000, 0.001000, 0.000010, 0.000000, 0.000000, 0.950000, 1.221843, 9.942764, 6.209196, 164.639833, -3.165161, -4.989637, -1.461966, -37.974732, 1000, 0.000100, -1.000000, -1.000000, 0.100000, 0.000100, 5.000000, 1.000000, 0.001000, 0.000010, 0.000000, 0.000000, 0.950000, 5.000000, -1.461966, -37.974732, 6.209196, 164.639833, 1000, 0.000100, 2.000000, -1.000000, -1.000000, 0.100000, 0.000100, 1.000000, 0.001000, 0.000010, 0.000000, 0.000000, 0.950000, -3.165161, -4.989637, 1.221843, 9.942764, 1000
4.04, 0.000100, 0.200000, 0.470000, -9.810000, 6.000000, 0.000000, 0.000000, 0.000000, 10.000000, -1.000000, 1.000000, -1.000000, 0.100000, 0.000100, 1.000000, 0.001000, 0.000010, 0.000000, 0.000000, 0.950000, 1.222447, 9.791435, 6.348084, 164.892166, -3.157656, -4.912973, -1.493584, -38.024283, 1000, 0.000100, -1.000000, -1.000000, 0.100000, 0.000100, 5.000000, 1.000000, 0.001000, 0.000010, 0.000000, 0.000000, 0.950000, 5.000000, -1.493584, -38.024283, 6.348084, 164.892166, 1000, 0.000100, 2.000000, -1.000000, -1.000000, 0.100000, 0.000100, 1.000000, 0.001000, 0.000010, 0.000000, 0.000000, 0.950000, -3.157656, -4.912973, 1.222447, 9.791435, 1000
4.05, 0.000100, 0.200000, 0.470000, -9.810000, 6.000000, 0.000000, 0.000000, 0.000000, 10.000000, -1.000000, 1.000000, -1.000000, 0.100000, 0.000100, 1.000000, 0.001000, 0.000010, 0.000000, 0.000000, 0.950000, 1.222982, 9.639940, 6.486684, 165.140681, -3.150012, -4.836213, -1.525126, -38.073068, 1000, 0.000100, -1.000000, -1.000000, 0.100000, 0.000100, 5.000000, 1.000000, 0.001000, 0.000010, 0.000000, 0.000000, 0.950000, 5.000000, -1.525126, -38.073068, 6.486684, 165.140681, 1000, 0.000100, 2.000000, -1.000000, -1.000000, 0.100000, 0.000100, 1.000000, 0.001000, 0.000010, 0.000000, 0.000000, 0.950000, -3.150012, -4.836213, 1.222982, 9.639940, 1000
4.06, 0.000100, 0.200000, 0.470000, -9.810000, 6.000000, 0.000000, 0.000000, 0.000000, 10.000000, -1.000000, 1.000000, -1.000000, 0.100000, 0.000100, 1.000000, 0.001000, 0.000010, 0.000000, 0.000000, 0.950000, 1.223449, 9.488287, 6.624987, 165.385372, -3.142229, -4.759362, -1.556591, -38.121084, 1000, 0.000100, -1.000000, -1.000000, 0.100000, 0.000100, 5.000000, 1.000000, 0.001000, 0.000010, 0.000000, 0.000000, 0.950000, 5.000000, -1.556591, -38.121084, 6.624987, 165.385372, 1000, 0.000100, 2.000000, -1.000000, -1.000000, 0.100000, 0.000100, 1.000000, 0.001000, 0.000010, 0.000000, 0.000000, 0.950000, -3.142229, -4.759362, 1.223449, 9.488287, 1000
4.07, 0.000100, 0.200000, 0.470000, -9.810000, 6.000000, 0.000000, 0.000000, 0.000000, 10.000000, -1.000000, 1.000000, -1.000000, 0.100000, 0.000100, 1.000000, 0.001000, 0.000010, 0.000000, 0.000000, 0.950000, 1.223847, 9.336485, 6.762987, 165.626235, -3.134308, -4.682424, -1.587978, -38.168331, 1000, 0.000100, -1.000000, -1.000000, 0.100000, 0.000100, 5.000000, 1.000000, 0.001000, 0.000010, 0.000000, 0.000000, 0.950000, 5.000000, -1.587978, -38.168331, 6.762987, 165.626235, 1000, 0.000100, 2.000000, -1.000000, -1.000000, 0.100000, 0.000100, 1.000000, 0.001000, 0.000010, 0.000000, 0.000000, 0.950000, -3.134308, -4.682424, 1.223847, 9.336485, 1000
4.08, 0.000100, 0.200000, 0.470000, -9.810000, 6.000000, 0.000000, 0.000000, 0.000000, 10.000000, -1.000000, 1.000000, -1.000000, 0.100000, 0.000100, 1.000000, 0.001000, 0.000010, 0.000000, 0.000000, 0.950000, 1.224176, 9.184540, 6.900675, 165.863266, -3.126249, -4.605402, -1.619285, -38.214809, 1000, 0.000100, -1.000000, -1.000000, 0.100000, 0.000100, 5.000000, 1.000000, 0.001000, 0.000010, 0.000000, 0.000000, 0.950000, 5.000000, -1.619285, -38.214809, 6.900675, 165.863266, 1000, 0.000100, 2.000000, -1.000000, -1.000000, 0.100000, 0.000100, 1.000000, 0.001000, 0.000010, 0.000000, 0.000000, 0.950000, -3.126249, -4.605402, 1.224176, 9.184540, 1000
4.09, 0.000100, 0.200000, 0.470000, -9.810000, 6.000000, 0.000000, 0.000000, 0.000000, 10.000000, -1.000000, 1.000000, -1.000000, 0.100000, 0.000100, 1.000000, 0.001000, 0.000010, 0.000000, 0.000000, 0.950000, 1.224435, 9.032460, 7.038044, 166.096458, -3.118052, -4.528300, -1.650511, -38.260516, 1000, 0.000100, -1.000000, -1.000000, 0.100000, 0.000100, 5.000000, 1.000000, 0.001000, 0.000010, 0.000000, 0.000000, 0.950000, 5.000000, -1.650511, -38.260516, 7.038044, 166.096458, 1000, 0.000100, 2.000000, -1.000000, -1.000000, 0.100000, 0.000100, 1.000000, 0.001000, 0.000010, 0.000000, 0.000000, 0.950000, -3.118052, -4.528300, 1.224435, 9.032460, 1000
4.1, 0.000100, 0.200000, 0.470000, -9.810000, 6.000000, 0.000000, 0.000000, 0.000000, 10.000000, -1.000000, 1.000000, -1.000000, 0.100000, 0.000100, 1.000000, 0.001000, 0.000010, 0.000000, 0.000000, 0.950000, 1.224625, 8.880254, 7.175086, 166.325810, -3.109718, -4.451122, -1.681654, -38.305452, 1000, 0.000100, -1.000000, -1.000000, 0.100000, 0.000100, 5.000000, 1.000000, 0.001000, 0.000010, 0.000000, 0.000000, 0.950000, 5.000000, -1.681654, -38.305452, 7.175086, 166.325810, 1000, 0.000100, 2.000000, -1.000000, -1.000000, 0.100000, 0.000100, 1.000000, 0.001000, 0.000010, 0.000000, 0.000000, 0.950000, -3.109718, -4.451122, 1.224625, 8.880254, 1000
4.11, 0.000100, 0.200000, 0.470000, -9.810000, 6.000000, 0.000000, 0.000000, 0.000000, 10.000000, -1.000000, 1.000000, -1.000000, 0.100000, 0.000100, 1.000000, 0.001000, 0.000010, 0.000000, 0.000000, 0.950000, 1.224744, 8.727930, 7.311795, 166.551315, -3.101247, -4.373872, -1.712713, -38.349615, 1000, 0.000100, -1.000000, -1.000000, 0.100000, 0.000100, 5.000000, 1.000000, 0.001000, 0.000010, 0.000000, 0.000000, 0.950000, 5.000000, -1.712713, -38.349615, 7.311795, 166.551315, 1000, 0.000100, 2.000000, -1.000000, -1.000000, 0.100000, 0.000100, 1.000000, 0.001000, 0.000010, 0.000000, 0.000000, 0.950000, -3.101247, -4.373872, 1.224744, 8.727930, 1000
4.12, 0.000100, 0.200000, 0.470000, -9.810000, 6.000000, 0.000000, 0.000000, 0.000000, 10.000000, -1.000000, 1.000000, -1.000000, 0.100000, 0.000100, 1.000000, 0.001000, 0.000010, 0.000000, 0.000000, 0.950000, 1.224793, 8.575495, 7.448163, 166.772971, -3.092639, -4.296553, -1.743686, -38.393006, 1000, 0.000100, -1.000000, -1.000000, 0.100000, 0.000100, 5.000000, 1.000000, 0.001000, 0.000010, 0.000000, 0.000000, 0.950000, 5.000000, -1.743686, -38.393006, 7.448163, 166.772971, 1000, 0.000100, 2.000000, -1.000000, -1.000000, 0.100000, 0.000100, 1.000000, 0.001000, 0.000010, 0.000000, 0.000000, 0.950000, -3.092639, -4.296553, 1.224793, 8.575495, 1000
4.13, 0.000100, 0.200000, 0.470000, -9.810000, 6.000000, 0.000000, 0.000000, 0.000000, 10.000000, -1.000000, 1.000000, -1.000000, 0.100000, 0.000100, 1.000000, 0.001000, 0.000010, 0.000000, 0.000000, 0.950000, 1.224771, 8.422957, 7.584182, 166.990774, -3.083896, -4.219171, -1.774573, -38.435623, 1000, 0.000100, -1.000000, -1.000000, 0.100000, 0.000100, 5.000000, 1.000000, 0.001000, 0.000010, 0.000000, 0.000000, 0.950000, 5.000000, -1.774573, -38.435623, 7.584182, 166.990774, 1000, 0.000100, 2.000000, -1.000000, -1.000000, 0.100000, 0.000100, 1.000000, 0.001000, 0.000010, 0.000000, 0.000000, 0.950000, -3.083896, -4.219171, 1.224771, 8.422957, 1000
4.14, 0.000100, 0.200000, 0.470000, -9.810000, 6.000000, 0.000000, 0.000000, 0.000000, 10.000000, -1.000000, 1.000000, -1.000000, 0.100000, 0.000100, 1.000000, 0.001000, 0.000010, 0.000000, 0.000000, 0.950000, 1.224678, 8.270323, 7.719845, 167.204720, -3.075017, -4.141728, -1.805372, -38.477467, 1000, 0.000100, -1.000000, -1.000000, 0.100000, 0.000100, 5.000000, 1.000000, 0.001000, 0.000010, 0.000000, 0.000000, 0.950000, 5.000000, -1.805372, -38.477467, 7.719845, 167.204720, 1000, 0.000100, 2.000000, -1.000000, -1.000000, 0.100000, 0.000100, 1.000000, 0.001000, 0.000010, 0.000000, 0.000000, 0.950000, -3.075017, -4.141728, 1.224678, 8.270323, 1000
4.15, 0.000100, 0.200000, 0.470000, -9.810000, 6.000000, 0.000000, 0.000000, 0.000000, 10.000000, -1.000000, 1.000000, -1.000000, 0.100000, 0.000100, 1.000000, 0.001000, 0.000010, 0.000000, 0.000000, 0.950000, 1.224514, 8.117603, 7.855145, 167.414807, -3.066003, -4.064228, -1.836082, -38.518535, 1000, 0.000100, -1.000000, -1.000000, 0.100000, 0.000100, 5.000000, 1.000000, 0.001000, 0.000010, 0.000000, 0.000000, 0.950000, 5.000000, -1.836082, -38.518535, 7.855145, 167.414807, 1000, 0.000100, 2.000000, -1.000000, -1.000000, 0.100000, 0.000100, 1.000000, 0.001000, 0.000010, 0.000000, 0.000000, 0.950000, -3.066003, -4.064228, 1.224514, 8.117603, 1000
4.16, 0.000100, 0.200000, 0.470000, -9.810000, 6.000000, 0.000000, 0.000000, 0.000000, 10.000000, -1.000000, 1.000000, -1.000000, 0.100000, 0.000100, 1.000000, 0.001000, 0.000010, 0.000000, 0.000000, 0.950000, 1.224279, 7.964802, 7.990074, 167.621030, -3.056854, -3.986676, -1.866701, -38.558828, 1000, 0.000100, -1.000000, -1.000000, 0.100000, 0.000100, 5.000000, 1.000000, 0.001000, 0.000010, 0.000000, 0.000000, 0.950000, 5.000000, -1.866701, -38.558828, 7.990074, 167.621030, 1000, 0.000100, 2.000000, -1.000000, -1.000000, 0.100000, 0.000100, 1.000000, 0.001000, 0.000010, 0.000000, 0.000000, 0.950000, -3.056854, -3.986676, 1.224279, 7.964802, 1000
4.17, 0.000100, 0.200000, 0.470000, -9.810000, 6.000000, 0.000000, 0.000000, 0.000000, 10.000000, -1.000000, 1.000000, -1.000000, 0.100000, 0.000100, 1.000000, 0.001000, 0.000010, 0.000000, 0.000000, 0.950000, 1.223971, 7.811930, 8.124626, 167.823387, -3.047571, -3.909075, -1.897228, -38.598346, 1000, 0.000100, -1.000000, -1.000000, 0.100000, 0.000100, 5.000000, 1.000000, 0.001000, 0.000010, 0.000000, 0.000000, 0.950000, 5.000000, -1.897228, -38.598346, 8.124626, 167.823387, 1000, 0.000100, 2.000000, -1.000000, -1.000000, 0.100000, 0.000100, 1.000000, 0.001000, 0.000010, 0.000000, 0.000000, 0.950000, -3.047571, -3.909075, 1.223971, 7.811930, 1000
4.18, 0.000100, 0.200000, 0.470000, -9.810000, 6.000000, 0.000000, 0.000000, 0.000000, 10.000000, -1.000000, 1.000000, -1.000000, 0.100000, 0.000100, 1.000000, 0.001000, 0.000010, 0.000000, 0.000000, 0.950000, 1.223592, 7.658994, 8.258793, 168.021876, -3.038154, -3.831429, -1.927661, -38.637087, 1000, 0.000100, -1.000000, -1.000000, 0.100000, 0.000100, 5.000000, 1.000000, 0.001000, 0.000010, 0.000000, 0.000000, 0.950000, 5.000000, -1.927661, -38.637087, 8.258793, 168.021876, 1000, 0.000100, 2.000000, -1.000000, -1.000000, 0.100000, 0.000100, 1.000000, 0.001000, 0.000010, 0.000000, 0.000000, 0.950000, -3.038154, -3.831429, 1.223592, 7.658994, 1000
4.19, 0.000100, 0.200000, 0.470000, -9.810000, 6.000000, 0.000000, 0.000000, 0.000000, 10.000000, -1.000000, 1.000000, -1.000000, 0.100000, 0.000100, 1.000000, 0.001000, 0.000010, 0.000000, 0.000000, 0.950000, 1.223140, 7.506002, 8.392568, 168.216493, -3.028604, -3.753742, -1.958000, -38.675052, 1000, 0.000100, -1.000000, -1.000000, 0.100000, 0.000100, 5.000000, 1.000000, 0.001000, 0.000010, 0.000000, 0.000000, 0.950000, 5.000000, -1.958000, -38.675052, 8.392568, 168.216493, 1000, 0.000100, 2.000000, -1.000000, -1.000000, 0.100000, 0.000100, 1.000000, 0.001000, 0.000010, 0.000000, 0.000000, 0.950000, -3.028604, -3.753742, 1.223140, 7.506002, 1000
4.2, 0.000100, 0.200000, 0.470000, -9.810000, 6.000000, 0.000000, 0.000000, 0.000000, 10.000000, -1.000000, 1.000000, -1.000000, 0.100000, 0.000100, 1.000000, 0.001000, 0.000010, 0.000000, 0.000000, 0.950000, 1.222615, 7.352961, 8.525943, 168.407237, -3.018920, -3.676017, -1.988242, -38.712240, 1000, 0.000100, -1.000000, -1.000000, 0.100000, 0.000100, 5.000000, 1.000000, 0.001000, 0.000010, 0.000000, 0.000000, 0.950000, 5.000000, -1.988242, -38.712240, 8.525943, 168.407237, 1000, 0.000100, 2.000000, -1.000000, -1.000000, 0.100000, 0.000100, 1.000000, 0.001000, 0.000010, 0.000000, 0.000000, 0.950000, -3.018920, -3.676017, 1.222615, 7.352961, 1000
4.21, 0.000100, 0.200000, 0.470000, -9.810000, 6.000000, 0.000000, 0.000000, 0.000000, 10.000000, -1.000000, 1.000000, -1.000000, 0.100000, 0.000100, 1.000000, 0.001000, 0.000010, 0.000000, 0.000000, 0.950000, 1.222017, 7.199879, 8.658912, 168.594106, -3.009105, -3.598259, -2.018387, -38.748650, 1000, 0.000100, -1.000000, -1.000000, 0.100000, 0.000100, 5.000000, 1.000000, 0.001000, 0.000010, 0.000000, 0.000000, 0.950000, 5.000000, -2.018387, -38.748650, 8.658912, 168.594106, 1000, 0.000100, 2.000000, -1.000000, -1.000000, 0.100000, 0.000100, 1.000000, 0.001000, 0.000010, 0.000000, 0.000000, 0.950000, -3.009105, -3.598259, 1.222017, 7.199879, 1000
4.22, 0.000100, 0.200000, 0.470000, -9.810000, 6.000000, 0.000000, 0.000000, 0.000000, 10.000000, -1.000000, 1.000000, -1.000000, 0.100000, 0.000100, 1.000000, 0.001000, 0.000010, 0.000000, 0.000000, 0.950000, 1.221346, 7.046764, 8.791468, 168.777097, -2.999157, -3.520471, -2.048433, -38.784282, 1000, 0.000100, -1.000000, -1.000000, 0.100000, 0.000100, 5.000000, 1.000000, 0.001000, 0.000010, 0.000000, 0.000000, 0.950000, 5.000000, -2.048433, -38.784282, 8.791468, 168.777097, 1000, 0.000100, 2.000000, -1.000000, -1.000000, 0.100000, 0.000100, 1.000000, 0.001000, 0.000010, 0.000000, 0.000000, 0.950000, -2.999157, -3.520471, 1.221346, 7.046764, 1000
4.23, 0.000100, 0.200000, 0.470000, -9.810000, 6.000000, 0.000000, 0.000000, 0.000000, 10.000000, -1.000000, 1.000000, -1.000000, 0.100000, 0.000100, 1.000000, 0.001000, 0.000010, 0.000000, 0.000000, 0.950000, 1.220602, 6.893624, 8.923603, 168.956209, -2.989078, -3.442658, -2.078380, -38.819137, 1000, 0.000100, -1.000000, -1.000000, 0.100000, 0.000100, 5.000000, 1.000000, 0.001000, 0.000010, 0.000000, 0.000000, 0.950000, 5.000000, -2.078380, -38.819137, 8.923603, 168.956209, 1000, 0.000100, 2.000000, -1.000000, -1.000000, 0.100000, 0.000100, 1.000000, 0.001000, 0.000010, 0.000000, 0.000000, 0.950000, -2.989078, -3.442658, 1.220602, 6.893624, 1000
4.24, 0.000100, 0.200000, 0.470000, -9.810000, 6.000000, 0.000000, 0.000000, 0.000000, 10.000000, -1.000000, 1.000000, -1.000000, 0.100000, 0.000100, 1.000000, 0.001000, 0.000010, 0.000000, 0.000000, 0.950000, 1.219784, 6.740466, 9.055310, 169.131440, -2.978868, -3.364822, -2.108224, -38.853213, 1000, 0.000100, -1.000000, -1.000000, 0.100000, 0.000100, 5.000000, 1.000000, 0.001000, 0.000010, 0.000000, 0.000000, 0.950000, 5.000000, -2.108224, -38.853213, 9.055310, 169.131440, 1000, 0.000100, 2.000000, -1.000000, -1.000000, 0.100000, 0.000100, 1.000000, 0.001000, 0.000010, 0.000000, 0.000000, 0.950000, -2.978868, -3.364822, 1.219784, 6.740466, 1000
4.25, 0.000100, 0.200000, 0.470000, -9.810000, 6.000000, 0.000000, 0.000000, 0.000000, 10.000000, -1.000000, 1.000000, -1.000000, 0.100000, 0.000100, 1.000000, 0.001000, 0.000010, 0.000000, 0.000000, 0.950000, 1.218892, 6.587297, 9.186583, 169.302789, -2.968528, -3.286968, -2.137966, -38.886511, 1000, 0.000100, -1.000000, -1.000000, 0.100000, 0.000100, 5.000000, 1.000000, 0.001000, 0.000010, 0.000000, 0.000000, 0.950000, 5.000000, -2.137966, -38.886511, 9.186583, 169.302789, 1000, 0.000100, 2.000000, -1.000000, -1.000000, 0.100000, 0.000100, 1.000000, 0.001000, 0.000010, 0.000000, 0.000000, 0.950000, -2.968528, -3.286968, 1.218892, 6.587297, 1000
4.26, 0.000100, 0.200000, 0.470000, -9.810000, 6.000000, 0.000000, 0.000000, 0.000000, 10.000000, -1.000000, 1.000000, -1.000000, 0.100000, 0.000100, 1.000000, 0.001000, 0.000010, 0.000000, 0.000000, 0.950000, 1.217925, 6.434127, 9.317414, 169.470255, -2.958057, -3.209100, -2.167605, -38.919030, 1000, 0.000100, -1.000000, -1.000000, 0.100000, 0.000100, 5.000000, 1.000000, 0.001000, 0.000010, 0.000000, 0.000000, 0.950000, 5.000000, -2.167605, -38.919030, 9.317414, 169.470255, 1000, 0.000100, 2.000000, -1.000000, -1.000000, 0.100000, 0.000100, 1.000000, 0.001000, 0.000010, 0.000000, 0.000000, 0.950000, -2.958057, -3.209100, 1.217925, 6.434127, 1000
4.27, 0.000100, 0.200000, 0.470000, -9.810000, 6.000000, 0.000000, 0.000000, 0.000000, 10.000000, -1.000000, 1.000000, -1.000000, 0.100000, 0.000100, 1.000000, 0.001000, 0.000010, 0.000000, 0.000000, 0.950000, 1.216885, 6.280961, 9.447797, 169.633837, -2.947458, -3.131221, -2.197138, -38.950771, 1000, 0.000100, -1.000000, -1.000000, 0.100000, 0.000100, 5.000000, 1.000000, 0.001000, 0.000010, 0.000000, 0.000000, 0.950000, 5.000000, -2.197138, -38.950771, 9.447797, 169.633837, 1000, 0.000100, 2.000000, -1.000000, -1.000000, 0.100000, 0.000100, 1.000000, 0.001000, 0.000010, 0.000000, 0.000000, 0.950000, -2.947458, -3.131221, 1.216885, 6.280961, 1000
4.28, 0.000100, 0.200000, 0.470000, -9.810000, 6.000000, 0.000000, 0.000000, 0.000000, 10.000000, -1.000000, 1.000000, -1.000000, 0.100000, 0.000100, 1.000000, 0.001000, 0.000010, 0.000000, 0.000000, 0.950000, 1.215769, 6.127809, 9.577724, 169.793534, -2.936729, -3.053336, -2.226564, -38.981733, 1000, 0.000100, -1.000000, -1.000000, 0.100000, 0.000100, 5.000000, 1.000000, 0.001000, 0.000010, 0.000000, 0.000000, 0.950000, 5.000000, -2.226564, -38.981733, 9.577724, 169.793534, 1000, 0.000100, 2.000000, -1.000000, -1.000000, 0.100000, 0.000100, 1.000000, 0.001000, 0.000010, 0.000000, 0.000000, 0.950000, -2.936729, -3.053336, 1.215769, 6.127809, 1000
4.29, 0.000100, 0.200000, 0.470000, -9.810000, 6.000000, 0.000000, 0.000000, 0.000000, 10.000000, -1.000000, 1.000000, -1.000000, 0.100000, 0.000100, 1.000000, 0.001000, 0.000010, 0.000000, 0.000000, 0.950000, 1.214579, 5.974676, 9.707189, 169.949345, -2.925872, -2.975447, -2.255882, -39.011916, 1000, 0.000100, -1.000000, -1.000000, 0.100000, 0.000100, 5.000000, 1.000000, 0.001000, 0.000010, 0.000000, 0.000000, 0.950000, 5.000000, -2.255882, -39.011916, 9.707189, 169.949345, 1000, 0.000100, 2.000000, -1.000000, -1.000000, 0.100000, 0.000100, 1.000000, 0.001000, 0.000010, 0.000000, 0.000000, 0.950000, -2.925872, -2.975447, 1.214579, 5.974676, 1000
4.3, 0.000100, 0.200000, 0.470000, -9.810000, 6.000000, 0.000000, 0.000000, 0.000000, 10.000000, -1.000000, 1.000000, -1.000000, 0.100000, 0.000100, 1.000000, 0.001000, 0.000010, 0.000000, 0.000000, 0.950000, 1.213314, 5.821572, 9.836186, 170.101271, -2.914887, -2.897559, -2.285092, -39.041320, 1000, 0.000100, -1.000000, -1.000000, 0.100000, 0.000100, 5.000000, 1.000000, 0.001000, 0.000010, 0.000000, 0.000000, 0.950000, 5.000000, -2.285092, -39.041320, 9.836186, 170.101271, 1000, 0.000100, 2.000000, -1.000000, -1.000000, 0.100000, 0.000100, 1.000000, 0.001000, 0.000010, 0.000000, 0.000000, 0.950000, -2.914887, -2.897559, 1.213314, 5.821572, 1000
4.31, 0.000100, 0.200000, 0.470000, -9.810000, 6.000000, 0.000000, 0.000000, 0.000000, 10.000000, -1.000000, 1.000000, -1.000000, 0.100000, 0.000100, 1.000000, 0.001000, 0.000010, 0.000000, 0.000000, 0.950000, 1.211973, 5.668504, 9.964706, 170.249310, -2.903775, -2.819676, -2.314190, -39.069945, 1000, 0.000100, -1.000000, -1.000000, 0.100000, 0.000100, 5.000000, 1.000000, 0.001000, 0.000010, 0.000000, 0.000000, 0.950000, 5.000000, -2.314190, -39.069945, 9.964706, 170.249310, 1000, 0.000100, 2.000000, -1.000000, -1.000000, 0.100000, 0.000100, 1.000000, 0.001000, 0.000010, 0.000000, 0.000000, 0.950000, -2.903775, -2.819676, 1.211973, 5.668504, 1000
4.32, 0.000100, 0.200000, 0.470000, -9.810000, 6.000000, 0.000000, 0.000000, 0.000000, 10.000000, -1.000000, 1.000000, -1.000000, 0.100000, 0.000100, 1.000000, 0.001000, 0.000010, 0.000000, 0.000000, 0.950000, 1.210557, 5.515478, 10.092743, 170.393464, -2.892537, -2.741801, -2.343178, -39.097791, 1000, 0.000100, -1.000000, -1.000000, 0.100000, 0.000100, 5.000000, 1.000000, 0.001000, 0.000010, 0.000000, 0.000000, 0.950000, 5.000000, -2.343178, -39.097791, 10.092743, 170.393464, 1000, 0.000100, 2.000000, -1.000000, -1.000000, 0.100000, 0.000100, 1.000000, 0.001000, 0.000010, 0.000000, 0.000000, 0.950000, -2.892537, -2.741801, 1.210557, 5.515478, 1000
4.33, 0.000100, 0.200000, 0.470000, -9.810000, 6.000000, 0.000000, 0.000000, 0.000000, 10.000000, -1.000000, 1.000000, -1.000000, 0.100000, 0.000100, 1.000000, 0.001000, 0.000010, 0.000000, 0.000000, 0.950000, 1.209065, 5.362503, 10.220291, 170.533731, -2.881172, -2.663938, -2.372052, -39.124859, 1000, 0.000100, -1.000000, -1.000000, 0.100000, 0.000100, 5.000000, 1.000000, 0.001000, 0.000010, 0.000000, 0.000000, 0.950000, 5.000000, -2.372052, -39.124859, 10.220291, 170.533731, 1000, 0.000100, 2.000000, -1.000000, -1.000000, 0.100000, 0.000100, 1.000000, 0.001000, 0.000010, 0.000000, 0.000000, 0.950000, -2.881172, -2.663938, 1.209065, 5.362503, 1000
4.34, 0.000100, 0.200000, 0.470000, -9.810000, 6.000000, 0.000000, 0.000000, 0.000000, 10.000000, -1.000000, 1.000000, -1.000000, 0.100000, 0.000100, 1.000000, 0.001000, 0.000010, 0.000000, 0.000000, 0.950000, 1.207497, 5.209586, 10.347344, 170.670114, -2.869681, -2.586091, -2.400812, -39.151148, 1000, 0.000100, -1.000000, -1.000000, 0.100000, 0.000100, 5.000000, 1.000000, 0.001000, 0.000010, 0.000000, 0.000000, 0.950000, 5.000000, -2.400812, -39.151148, 10.347344, 170.670114, 1000, 0.000100, 2.000000, -1.000000, -1.000000, 0.100000, 0.000100, 1.000000, 0.001000, 0.000010, 0.000000, 0.000000, 0.950000, -2.869681, -2.586091, 1.207497, 5.209586, 1000
4.35, 0.000100, 0.200000, 0.470000, -9.810000, 6.000000, 0.000000, 0.000000, 0.000000, 10.000000, -1.000000, 1.000000, -1.000000, 0.100000, 0.000100, 1.000000, 0.001000, 0.000010, 0.000000, 0.000000, 0.950000, 1.205853, 5.056735, 10.473893, 170.802611, -2.858066, -2.508263, -2.429456, -39.176658, 1000, 0.000100, -1.000000, -1.000000, 0.100000, 0.000100, 5.000000, 1.000000, 0.001000, 0.000010, 0.000000, 0.000000, 0.950000, 5.000000, -2.429456, -39.176658, 10.473893, 170.802611, 1000, 0.000100, 2.000000, -1.000000, -1.000000, 0.100000, 0.000100, 1.000000, 0.001000, 0.000010, 0.000000, 0.000000, 0.950000, -2.858066, -2.508263, 1.205853, 5.056735, 1000
4.36, 0.000100, 0.200000, 0.470000, -9.810000, 6.000000, 0.000000, 0.000000, 0.000000, 10.000000, -1.000000, 1.000000, -1.000000, 0.100000, 0.000100, 1.000000, 0.001000, 0.000010, 0.000000, 0.000000, 0.950000, 1.204132, 4.903957, 10.599933, 170.931224, -2.846326, -2.430458, -2.457984, -39.201391, 1000, 0.000100, -1.000000, -1.000000, 0.100000, 0.000100, 5.000000, 1.000000, 0.001000, 0.000010, 0.000000, 0.000000, 0.950000, 5.000000, -2.457984, -39.201391, 10.599933, 170.931224, 1000, 0.000100, 2.000000, -1.000000, -1.000000, 0.100000, 0.000100, 1.000000, 0.001000, 0.000010, 0.000000, 0.000000, 0.950000, -2.846326, -2.430458, 1.204132, 4.903957, 1000
4.37, 0.000100, 0.200000, 0.470000, -9.810000, 6.000000, 0.000000, 0.000000, 0.000000, 10.000000, -1.000000, 1.000000, -1.000000, 0.100000, 0.000100, 1.000000, 0.001000, 0.000010, 0.000000, 0.000000, 0.950000, 1.202335, 4.751260, 10.725457, 171.055953, -2.834463, -2.352681, -2.486394, -39.225345, 1000, 0.000100, -1.000000, -1.000000, 0.100000, 0.000100, 5.000000, 1.000000, 0.001000, 0.000010, 0.000000, 0.000000, 0.950000, 5.000000, -2.486394, -39.225345, 10.725457, 171.055953, 1000, 0.000100, 2.000000, -1.000000, -1.000000, 0.100000, 0.000100, 1.000000, 0.001000, 0.000010, 0.000000, 0.000000, 0.950000, -2.834463, -2.352681, 1.202335, 4.751260, 1000
4.38, 0.000100, 0.200000, 0.470000, -9.810000, 6.000000, 0.000000, 0.000000, 0.000000, 10.000000, -1.000000, 1.000000, -1.000000, 0.100000, 0.000100, 1.000000, 0.001000, 0.000010, 0.000000, 0.000000, 0.950000, 1.200462, 4.598650, 10.850459, 171.176801, -2.822476, -2.274934, -2.514685, -39.248522, 1000, 0.000100, -1.000000, -1.000000, 0.100000, 0.000100, 5.000000, 1.000000, 0.001000, 0.000010, 0.000000, 0.000000, 0.950000, 5.000000, -2.514685, -39.248522, 10.850459, 171.176801, 1000, 0.000100, 2.000000, -1.000000, -1.000000, 0.100000, 0.000100, 1.000000, 0.001000, 0.000010, 0.000000, 0.000000, 0.950000, -2.822476, -2.274934, 1.200462, 4.598650, 1000
4.39, 0.000100, 0.200000, 0.470000, -9.810000, 6.000000, 0.000000, 0.000000, 0.000000, 10.000000, -1.000000, 1.000000, -1.000000, 0.100000, 0.000100, 1.000000, 0.001000, 0.000010, 0.000000, 0.000000, 0.950000, 1.198511, 4.446136, 10.974931, 171.293768, -2.810366, -2.197221, -2.542855, -39.270922, 1000, 0.000100, -1.000000, -1.000000, 0.100000, 0.000100, 5.000000, 1.000000, 0.001000, 0.000010, 0.000000, 0.000000, 0.950000, 5.000000, -2.542855, -39.270922, 10.974931, 171.293768, 1000, 0.000100, 2.000000, -1.000000, -1.000000, 0.100000, 0.000100, 1.000000, 0.001000, 0.000010, 0.000000, 0.000000, 0.950000, -2.810366, -2.197221, 1.198511, 4.446136, 1000
4.4, 0.000100, 0.200000, 0.470000, -9.810000, 6.000000, 0.000000, 0.000000, 0.000000, 10.000000, -1.000000, 1.000000, -1.000000, 0.100000, 0.000100, 1.000000, 0.001000, 0.000010, 0.000000, 0.000000, 0.950000, 1.196483, 4.293725, 11.098868, 171.406856, -2.798135, -2.119547, -2.570904, -39.292545, 1000, 0.000100, -1.000000, -1.000000, 0.100000, 0.000100, 5.000000, 1.000000, 0.001000, 0.000010, 0.000000, 0.000000, 0.950000, 5.000000, -2.570904, -39.292545, 11.098868, 171.406856, 1000, 0.000100, 2.000000, -1.000000, -1.000000, 0.100000, 0.000100, 1.000000, 0.001000, 0.000010, 0.000000, 0.000000, 0.950000, -2.798135, -2.119547, 1.196483, 4.293725, 1000
4.41, 0.000100, 0.200000, 0.470000, -9.810000, 6.000000, 0.000000, 0.000000, 0.000000, 10.000000, -1.000000, 1.000000, -1.000000, 0.100000, 0.000100, 1.000000, 0.001000, 0.000010, 0.000000, 0.000000, 0.950000, 1.194378, 4.141424, 11.222263, 171.516066, -2.785782, -2.041914, -2.598829, -39.313391, 1000, 0.000100, -1.000000, -1.000000, 0.100000, 0.000100, 5.000000, 1.000000, 0.001000, 0.000010, 0.000000, 0.000000, 0.950000, 5.000000, -2.598829, -39.313391, 11.222263, 171.516066, 1000, 0.000100, 2.000000, -1.000000, -1.000000, 0.100000, 0.000100, 1.000000, 0.001000, 0.000010, 0.000000, 0.000000, 0.950000, -2.785782, -2.041914, 1.194378, 4.141424, 1000
4.42, 0.000100, 0.200000, 0.470000, -9.810000, 6.000000, 0.000000, 0.000000, 0.000000, 10.000000, -1.000000, 1.000000, -1.000000, 0.100000, 0.000100, 1.000000, 0.001000, 0.000010, 0.000000, 0.000000, 0.950000, 1.192196, 3.989240, 11.345110, 171.621400, -2.773308, -1.964327, -2.626631, -39.333461, 1000, 0.000100, -1.000000, -1.000000, 0.100000, 0.000100, 5.000000, 1.000000, 0.001000, 0.000010, 0.000000, 0.000000, 0.950000, 5.000000, -2.626631, -39.333461, 11.345110, 171.621400, 1000, 0.000100, 2.000000, -1.000000, -1.000000, 0.100000, 0.000100, 1.000000, 0.001000, 0.000010, 0.000000, 0.000000, 0.950000, -2.773308, -1.964327, 1.192196, 3.989240, 1000
4.43, 0.000100, 0.200000, 0.470000, -9.810000, 6.000000, 0.000000, 0.000000, 0.000000, 10.000000, -1.000000, 1.000000, -1.000000, 0.100000, 0.000100, 1.000000, 0.001000, 0.000010, 0.000000, 0.000000, 0.950000, 1.189936, 3.837182, 11.467402, 171.722861, -2.760714, -1.886789, -2.654308, -39.352755, 1000, 0.000100, -1.000000, -1.000000, 0.100000, 0.000100, 5.000000, 1.000000, 0.001000, 0.000010, 0.000000, 0.000000, 0.950000, 5.000000, -2.654308, -39.352755, 11.467402, 171.722861, 1000, 0.000100, 2.000000, -1.000000, -1.000000, 0.100000, 0.000100, 1.000000, 0.001000, 0.000010, 0.000000, 0.000000, 0.950000, -2.760714, -1.886789, 1.189936, 3.837182, 1000
4.44, 0.000100, 0.200000, 0.470000, -9.810000, 6.000000, 0.000000, 0.000000, 0.000000, 10.000000, -1.000000, 1.000000, -1.000000, 0.100000, 0.000100, 1.000000, 0.001000, 0.000010, 0.000000, 0.000000, 0.950000, 1.187599, 3.685255, 11.589133, 171.820450, -2.748001, -1.809304, -2.681857, -39.371274, 1000, 0.000100, -1.000000, -1.000000, 0.100000, 0.000100, 5.000000, 1.000000, 0.001000, 0.000010, 0.000000, 0.000000, 0.950000, 5.000000, -2.681857, -39.371274, 11.589133, 171.820450, 1000, 0.000100, 2.000000, -1.000000, -1.000000, 0.100000, 0.000100, 1.000000, 0.001000, 0.000010, 0.000000, 0.000000, 0.950000, -2.748001, -1.809304, 1.187599, 3.685255, 1000
4.45, 0.000100, 0.200000, 0.470000, -9.810000, 6.000000, 0.000000, 0.000000, 0.000000, 10.000000, -1.000000, 1.000000, -1.000000, 0.100000, 0.000100, 1.000000, 0.001000, 0.000010, 0.000000, 0.000000, 0.950000, 1.185183, 3.533468, 11.710296, 171.914170, -2.735168, -1.731875, -2.709280, -39.389019, 1000, 0.000100, -1.000000, -1.000000, 0.100000, 0.000100, 5.000000, 1.000000, 0.001000, 0.000010, 0.000000, 0.000000, 0.950000, 5.000000, -2.709280, -39.389019, 11.710296, 171.914170, 1000, 0.000100, 2.000000, -1.000000, -1.000000, 0.100000, 0.000100, 1.000000, 0.001000, 0.000010, 0.000000, 0.000000, 0.950000, -2.735168, -1.731875, 1.185183, 3.533468, 1000
4.46, 0.000100, 0.200000, 0.470000, -9.810000, 6.000000, 0.000000, 0.000000, 0.000000, 10.000000, -1.000000, 1.000000, -1.000000, 0.100000, 0.000100, 1.000000, 0.001000, 0.000010, 0.000000, 0.000000, 0.950000, 1.182689, 3.381828, 11.830886, 172.004024, -2.722218, -1.654506, -2.736573, -39.405990, 1000, 0.000100, -1.000000, -1.000000, 0.100000, 0.000100, 5.000000, 1.000000, 0.001000, 0.000010, 0.000000, 0.000000, 0.950000, 5.000000, -2.736573, -39.405990, 11.830886, 172.004024, 1000, 0.000100, 2.000000, -1.000000, -1.000000, 0.100000, 0.000100, 1.000000, 0.001000, 0.000010, 0.000000, 0.000000, 0.950000, -2.722218, -1.654506, 1.182689, 3.381828, 1000
4.47, 0.000100, 0.200000, 0.470000, -9.810000, 6.000000, 0.000000, 0.000000, 0.000000, 10.000000, -1.000000, 1.000000, -1.000000, 0.100000, 0.000100, 1.000000, 0.001000, 0.000010, 0.000000, 0.000000, 0.950000, 1.180118, 3.230342, 11.950897, 172.090014, -2.709150, -1.577201, -2.763736, -39.422187, 1000, 0.000100, -1.000000, -1.000000, 0.100000, 0.000100, 5.000000, 1.000000, 0.001000, 0.000010, 0.000000, 0.000000, 0.950000, 5.000000, -2.763736, -39.422187, 11.950897, 172.090014, 1000, 0.000100, 2.000000, -1.000000, -1.000000, 0.100000, 0.000100, 1.000000, 0.001000, 0.000010, 0.000000, 0.000000, 0.950000, -2.709150, -1.577201, 1.180118, 3.230342, 1000
4.48, 0.000100, 0.200000, 0.470000, -9.810000, 6.000000, 0.000000, 0.000000, 0.000000, 10.000000, -1.000000, 1.000000, -1.000000, 0.100000, 0.000100, 1.000000, 0.001000, 0.000010, 0.000000, 0.000000, 0.950000, 1.177468, 3.079017, 12.070321, 172.172144, -2.695965, -1.499963, -2.790769, -39.437611, 1000, 0.000100, -1.000000, -1.000000, 0.100000, 0.000100, 5.000000, 1.000000, 0.001000, 0.000010, 0.000000, 0.000000, 0.950000, 5.000000, -2.790769, -39.437611, 12.070321, 172.172144, 1000, 0.000100, 2.000000, -1.000000, -1.000000, 0.100000, 0.000100, 1.000000, 0.001000, 0.000010, 0.000000, 0.000000, 0.950000, -2.695965, -1.499963, 1.177468, 3.079017, 1000
4.49, 0.000100, 0.200000, 0.470000, -9.810000, 6.000000, 0.000000, 0.000000, 0.000000, 10.000000, -1.000000, 1.000000, -1.000000, 0.100000, 0.000100, 1.000000, 0.001000, 0.000010, 0.000000, 0.000000, 0.950000, 1.174739, 2.927860, 12.189153, 172.250416, -2.682664, -1.422796, -2.817668, -39.452264, 1000, 0.000100, -1.000000, -1.000000, 0.100000, 0.000100, 5.000000, 1.000000, 0.001000, 0.000010, 0.000000, 0.000000, 0.950000, 5.000000, -2.817668, -39.452264, 12.189153, 172.250416, 1000, 0.000100, 2.000000, -1.000000, -1.000000, 0.100000, 0.000100, 1.000000, 0.001000, 0.000010, 0.000000, 0.000000, 0.950000, -2.682664, -1.422796, 1.174739, 2.927860, 1000
4.5, 0.000100, 0.200000, 0.470000, -9.810000, 6.000000, 0.000000, 0.000000, 0.000000, 10.000000, -1.000000, 1.000000, -1.000000, 0.100000, 0.000100, 1.000000, 0.001000, 0.000010, 0.000000, 0.000000, 0.950000, 1.171932, 2.776879, 12.307386, 172.324835, -2.669247, -1.345703, -2.844435, -39.466145, 1000, 0.000100, -1.000000, -1.000000, 0.100000, 0.000100, 5.000000, 1.000000, 0.001000, 0.000010, 0.000000, 0.000000, 0.950000, 5.000000, -2.844435, -39.466145, 12.307386, 172.324835, 1000, 0.000100, 2.000000, -1.000000, -1.000000, 0.100000, 0.000100, 1.000000, 0.001000, 0.000010, 0.000000, 0.000000, 0.950000, -2.669247, -1.345703, 1.171932, 2.776879, 1000
4.51, 0.000100, 0.200000, 0.470000, -9.810000, 6.000000, 0.000000, 0.000000, 0.000000, 10.000000, -1.000000, 1.000000, -1.000000, 0.100000, 0.000100, 1.000000, 0.001000, 0.000010, 0.000000, 0.000000, 0.950000, 1.169047, 2.626081, 12.425016, 172.395402, -2.655715, -1.268689, -2.871066, -39.479255, 1000, 0.000100, -1.000000, -1.000000, 0.100000, 0.000100, 5.000000, 1.000000, 0.001000, 0.000010, 0.000000, 0.000000, 0.950000, 5.000000, -2.871066, -39.479255, 12.425016, 172.395402, 1000, 0.000100, 2.000000, -1.000000, -1.000000, 0.100000, 0.000100, 1.000000, 0.001000, 0.000010, 0.000000, 0.000000, 0.950000, -2.655715, -1.268689, 1.169047, 2.626081, 1000
4.52, 0.000100, 0.200000, 0.470000, -9.810000, 6.000000, 0.000000, 0.000000, 0.000000, 10.000000, -1.000000, 1.000000, -1.000000, 0.100000, 0.000100, 1.000000, 0.001000, 0.000010, 0.000000, 0.000000, 0.950000, 1.166082, 2.475473, 12.542035, 172.462123, -2.642069, -1.191756, -2.897562, -39.491596, 1000, 0.000100, -1.000000, -1.000000, 0.100000, 0.000100, 5.000000, 1.000000, 0.001000, 0.000010, 0.000000, 0.000000, 0.950000, 5.000000, -2.897562, -39.491596, 12.542035, 172.462123, 1000, 0.000100, 2.000000, -1.000000, -1.000000, 0.100000, 0.000100, 1.000000, 0.001000, 0.000010, 0.000000, 0.000000, 0.950000, -2.642069, -1.191756, 1.166082, 2.475473, 1000
4.53, 0.000100, 0.200000, 0.470000, -9.810000, 6.000000, 0.000000, 0.000000, 0.000000, 10.000000, -1.000000, 1.000000, -1.000000, 0.100000, 0.000100, 1.000000, 0.001000, 0.000010, 0.000000, 0.000000, 0.950000, 1.163039, 2.325062, 12.658437, 172.525001, -2.628310, -1.114908, -2.923921, -39.503168, 1000, 0.000100, -1.000000, -1.000000, 0.100000, 0.000100, 5.000000, 1.000000, 0.001000, 0.000010, 0.000000, 0.000000, 0.950000, 5.000000, -2.923921, -39.503168, 12.658437, 172.525001, 1000, 0.000100, 2.000000, -1.000000, -1.000000, 0.100000, 0.000100, 1.000000, 0.001000, 0.000010, 0.000000, 0.000000, 0.950000, -2.628310, -1.114908, 1.163039, 2.325062, 1000
4.54, 0.000100, 0.200000, 0.470000, -9.810000, 6.000000, 0.000000, 0.000000, 0.000000, 10.000000, -1.000000, 1.000000, -1.000000, 0.100000, 0.000100, 1.000000, 0.001000, 0.000010, 0.000000, 0.000000, 0.950000, 1.159917, 2.174855, 12.774218, 172.584040, -2.614438, -1.038150, -2.950141, -39.513971, 1000, 0.000100, -1.000000, -1.000000, 0.100000, 0.000100, 5.000000, 1.000000, 0.001000, 0.000010, 0.000000, 0.000000, 0.950000, 5.000000, -2.950141, -39.513971, 12.774218, 172.584040, 1000, 0.000100, 2.000000, -1.000000, -1.000000, 0.100000, 0.000100, 1.000000, 0.001000, 0.000010, 0.000000, 0.000000, 0.950000, -2.614438, -1.038150, 1.159917, 2.174855, 1000
4.55, 0.000100, 0.200000, 0.470000, -9.810000, 6.000000, 0.000000, 0.000000, 0.000000, 10.000000, -1.000000, 1.000000, -1.000000, 0.100000, 0.000100, 1.000000, 0.001000, 0.000010, 0.000000, 0.000000, 0.950000, 1.156716, 2.024858, 12.889370, 172.639244, -2.600453, -0.961483, -2.976223, -39.524008, 1000, 0.000100, -1.000000, -1.000000, 0.100000, 0.000100, 5.000000, 1.000000, 0.001000, 0.000010, 0.000000, 0.000000, 0.950000, 5.000000, -2.976223, -39.524008, 12.889370, 172.639244, 1000, 0.000100, 2.000000, -1.000000, -1.000000, 0.100000, 0.000100, 1.000000, 0.001000, 0.000010, 0.000000, 0.000000, 0.950000, -2.600453, -0.961483, 1.156716, 2.024858, 1000
4.56, 0.000100, 0.200000, 0.470000, -9.810000, 6.000000, 0.000000, 0.000000, 0.000000, 10.000000, -1.000000, 1.000000, -1.000000, 0.100000, 0.000100, 1.000000, 0.001000, 0.000010, 0.000000, 0.000000, 0.950000, 1.153435, 1.875081, 13.003888, 172.690618, -2.586358, -0.884913, -3.002164, -39.533278, 1000, 0.000100, -1.000000, -1.000000, 0.100000, 0.000100, 5.000000, 1.000000, 0.001000, 0.000010, 0.000000, 0.000000, 0.950000, 5.000000, -3.002164, -39.533278, 13.003888, 172.690618, 1000, 0.000100, 2.000000, -1.000000, -1.000000, 0.100000, 0.000100, 1.000000, 0.001000, 0.000010, 0.000000, 0.000000, 0.950000, -2.586358, -0.884913, 1.153435, 1.875081, 1000
4.57, 0.000100, 0.200000, 0.470000, -9.810000, 6.000000, 0.000000, 0.000000, 0.000000, 10.000000, -1.000000, 1.000000, -1.000000, 0.100000, 0.000100, 1.000000, 0.001000, 0.000010, 0.000000, 0.000000, 0.950000, 1.150075, 1.725528, 13.117766, 172.738166, -2.572151, -0.808442, -3.027964, -39.541783, 1000, 0.000100, -1.000000, -1.000000, 0.100000, 0.000100, 5.000000, 1.000000, 0.001000, 0.000010, 0.000000, 0.000000, 0.950000, 5.000000, -3.027964, -39.541783, 13.117766, 172.738166, 1000, 0.000100, 2.000000, -1.000000, -1.000000, 0.100000, 0.000100, 1.000000, 0.001000, 0.000010, 0.000000, 0.000000, 0.950000, -2.572151, -0.808442, 1.150075, 1.725528, 1000
4.58, 0.000100, 0.200000, 0.470000, -9.810000, 6.000000, 0.000000, 0.000000, 0.000000, 10.000000, -1.000000, 1.000000, -1.000000, 0.100000, 0.000100, 1.000000, 0.001000, 0.000010, 0.000000, 0.000000, 0.950000, 1.146636, 1.576207, 13.230999, 172.781893, -2.557835, -0.732074, -3.053621, -39.549524, 1000, 0.000100, -1.000000, -1.000000, 0.100000, 0.000100, 5.000000, 1.000000, 0.001000, 0.000010, 0.000000, 0.000000, 0.950000, 5.000000, -3.053621, -39.549524, 13.230999, 172.781893, 1000, 0.000100, 2.000000, -1.000000, -1.000000, 0.100000, 0.000100, 1.000000, 0.001000, 0.000010, 0.000000, 0.000000, 0.950000, -2.557835, -0.732074, 1.146636, 1.576207, 1000
4.59, 0.000100, 0.200000, 0.470000, -9.810000, 6.000000, 0.000000, 0.000000, 0.000000, 10.000000, -1.000000, 1.000000, -1.000000, 0.100000, 0.000100, 1.000000, 0.001000, 0.000010, 0.000000, 0.000000, 0.950000, 1.143118, 1.427126, 13.343580, 172.821804, -2.543409, -0.655812, -3.079134, -39.556501, 1000, 0.000100, -1.000000, -1.000000, 0.100000, 0.000100, 5.000000, 1.000000, 0.001000, 0.000010, 0.000000, 0.000000, 0.950000, 5.000000, -3.079134, -39.556501, 13.343580, 172.821804, 1000, 0.000100, 2.000000, -1.000000, -1.000000, 0.100000, 0.000100, 1.000000, 0.001000, 0.000010, 0.000000, 0.000000, 0.950000, -2.543409, -0.655812, 1.143118, 1.427126, 1000
4.6, 0.000100, 0.200000, 0.470000, -9.810000, 6.000000, 0.000000, 0.000000, 0.000000, 10.000000, -1.000000, 1.000000, -1.000000, 0.100000, 0.000100, 1.000000, 0.001000, 0.000010, 0.000000, 0.000000, 0.950000, 1.139520, 1.278290, 13.455505, 172.857905, -2.528875, -0.579660, -3.104503, -39.562717, 1000, 0.000100, -1.000000, -1.000000, 0.100000, 0.000100, 5.000000, 1.000000, 0.001000, 0.000010, 0.000000, 0.000000, 0.950000, 5.000000, -3.104503, -39.562717, 13.455505, 172.857905, 1000, 0.000100, 2.000000, -1.000000, -1.000000, 0.100000, 0.000100, 1.000000, 0.001000, 0.000010, 0.000000, 0.000000, 0.950000, -2.528875, -0.579660, 1.139520, 1.278290, 1000
4.61, 0.000100, 0.200000, 0.470000, -9.810000, 6.000000, 0.000000, 0.000000, 0.000000, 10.000000, -1.000000, 1.000000, -1.000000, 0.100000, 0.000100, 1.000000, 0.001000, 0.000010, 0.000000, 0.000000, 0.950000, 1.135842, 1.129708, 13.566766, 172.890200, -2.514233, -0.503622, -3.129726, -39.568171, 1000, 0.000100, -1.000000, -1.000000, 0.100000, 0.000100, 5.000000, 1.000000, 0.001000, 0.000010, 0.000000, 0.000000, 0.950000, 5.000000, -3.129726, -39.568171, 13.566766, 172.890200, 1000, 0.000100, 2.000000, -1.000000, -1.000000, 0.100000, 0.000100, 1.000000, 0.001000, 0.000010, 0.000000, 0.000000, 0.950000, -2.514233, -0.503622, 1.135842, 1.129708, 1000
4.62, 0.000100, 0.200000, 0.470000, -9.810000, 6.000000, 0.000000, 0.000000, 0.000000, 10.000000, -1.000000, 1.000000, -1.000000, 0.100000, 0.000100, 1.000000, 0.001000, 0.000010, 0.000000, 0.000000, 0.950000, 1.132085, 0.981385, 13.677359, 172.918695, -2.499484, -0.427700, -3.154802, -39.572866, 1000, 0.000100, -1.000000, -1.000000, 0.100000, 0.000100, 5.000000, 1.000000, 0.001000, 0.000010, 0.000000, 0.000000, 0.950000, 5.000000, -3.154802, -39.572866, 13.677359, 172.918695, 1000, 0.000100, 2.000000, -1.000000, -1.000000, 0.100000, 0.000100, 1.000000, 0.001000, 0.000010, 0.000000, 0.000000, 0.950000, -2.499484, -0.427700, 1.132085, 0.981385, 1000
4.63, 0.000100, 0.200000, 0.470000, -9.810000, 6.000000, 0.000000, 0.000000, 0.000000, 10.000000, -1.000000, 1.000000, -1.000000, 0.100000, 0.000100, 1.000000, 0.001000, 0.000010, 0.000000, 0.000000, 0.950000, 1.128248, 0.833329, 13.787278, 172.943396, -2.484629, -0.351899, -3.179730, -39.576802, 1000, 0.000100, -1.000000, -1.000000, 0.100000, 0.000100, 5.000000, 1.000000, 0.001000, 0.000010, 0.000000, 0.000000, 0.950000, 5.000000, -3.179730, -39.576802, 13.787278, 172.943396, 1000, 0.000100, 2.000000, -1.000000, -1.000000, 0.100000, 0.000100, 1.000000, 0.001000, 0.000010, 0.000000, 0.000000, 0.950000, -2.484629, -0.351899, 1.128248, 0.833329, 1000
4.64, 0.000100, 0.200000, 0.470000, -9.810000, 6.000000, 0.000000, 0.000000, 0.000000, 10.000000, -1.000000, 1.000000, -1.000000, 0.100000, 0.000100, 1.000000, 0.001000, 0.000010, 0.000000, 0.000000, 0.950000, 1.124332, 0.685547, 13.896518, 172.964308, -2.469668, -0.276222, -3.204509, -39.579980, 1000, 0.000100, -1.000000, -1.000000, 0.100000, 0.000100, 5.000000, 1.000000, 0.001000, 0.000010, 0.000000, 0.000000, 0.950000, 5.000000, -3.204509, -39.579980, 13.896518, 172.964308, 1000, 0.000100, 2.000000, -1.000000, -1.000000, 0.100000, 0.000100, 1.000000, 0.001000, 0.000010, 0.000000, 0.000000, 0.950000, -2.469668, -0.276222, 1.124332, 0.685547, 1000
4.65, 0.000100, 0.200000, 0.470000, -9.810000, 6.000000, 0.000000, 0.000000, 0.000000, 10.000000, -1.000000, 1.000000, -1.000000, 0.100000, 0.000100, 1.000000, 0.001000, 0.000010, 0.000000, 0.000000, 0.950000, 1.120336, 0.538045, 14.005073, 172.981437, -2.454602, -0.200671, -3.229138, -39.582402, 1000, 0.000100, -1.000000, -1.000000, 0.100000, 0.000100, 5.000000, 1.000000, 0.001000, 0.000010, 0.000000, 0.000000, 0.950000, 5.000000, -3.229138, -39.582402, 14.005073, 172.981437, 1000, 0.000100, 2.000000, -1.000000, -1.000000, 0.100000, 0.000100, 1.000000, 0.001000, 0.000010, 0.000000, 0.000000, 0.950000, -2.454602, -0.200671, 1.120336, 0.538045, 1000
4.66, 0.000100, 0.200000, 0.470000, -9.810000, 6.000000, 0.000000, 0.000000, 0.000000, 10.000000, -1.000000, 1.000000, -1.000000, 0.100000, 0.000100, 1.000000, 0.001000, 0.000010, 0.000000, 0.000000, 0.950000, 1.116259, 0.390830, 14.112937, 172.994790, -2.439432, -0.125252, -3.253615, -39.584070, 1000, 0.000100, -1.000000, -1.000000, 0.100000, 0.000100, 5.000000, 1.000000, 0.001000, 0.000010, 0.000000, 0.000000, 0.950000, 5.000000, -3.253615, -39.584070, 14.112937, 172.994790, 1000, 0.000100, 2.000000, -1.000000, -1.000000, 0.100000, 0.000100, 1.000000, 0.001000, 0.000010, 0.000000, 0.000000, 0.950000, -2.439432, -0.125252, 1.116259, 0.390830, 1000
4.67, 0.000100, 0.200000, 0.470000, -9.810000, 6.000000, 0.000000, 0.000000, 0.000000, 10.000000, -1.000000, 1.000000, -1.000000, 0.100000, 0.000100, 1.000000, 0.001000, 0.000010, 0.000000, 0.000000, 0.950000, 1.112104, 0.243909, 14.220106, 173.004373, -2.424159, -0.049966, -3.277941, -39.584983, 1000, 0.000100, -1.000000, -1.000000, 0.100000, 0.000100, 5.000000, 1.000000, 0.001000, 0.000010, 0.000000, 0.000000, 0.950000, 5.000000, -3.277941, -39.584983, 14.220106, 173.004373, 1000, 0.000100, 2.000000, -1.000000, -1.000000, 0.100000, 0.000100, 1.000000, 0.001000, 0.000010, 0.000000, 0.000000, 0.950000, -2.424159, -0.049966, 1.112104, 0.243909, 1000
4.68, 0.000100, 0.200000, 0.470000, -9.810000, 6.000000, 0.000000, 0.000000, 0.000000, 10.000000, -1.000000, 1.000000, -1.000000, 0.100000, 0.000100, 1.000000, 0.001000, 0.000010, 0.000000, 0.000000, 0.950000, 1.107868, 0.097288, 14.326574, 173.010192, -2.408784, 0.025182, -3.302113, -39.585145, 1000, 0.000100, -1.000000, -1.000000, 0.100000, 0.000100, 5.000000, 1.000000, 0.001000, 0.000010, 0.000000, 0.000000, 0.950000, 5.000000, -3.302113, -39.585145, 14.326574, 173.010192, 1000, 0.000100, 2.000000, -1.000000, -1.000000, 0.100000, 0.000100, 1.000000, 0.001000, 0.000010, 0.000000, 0.000000, 0.950000, -2.408784, 0.025182, 1.107868, 0.097288, 1000
4.69, 0.000100, 0.200000, 0.470000, -9.810000, 6.000000, 0.000000, 0.000000, 0.000000, 10.000000, -1.000000, 1.000000, -1.000000, 0.100000, 0.000100, 1.000000, 0.001000, 0.000010, 0.000000, 0.000000, 0.950000, 1.103552, -0.049025, 14.432335, 173.012255, -2.393307, 0.100190, -3.326131, -39.584555, 1000, 0.000100, -1.000000, -1.000000, 0.100000, 0.000100, 5.000000, 1.000000, 0.001000, 0.000010, 0.000000, 0.000000, 0.950000, 5.000000, -3.326131, -39.584555, 14.432335, 173.012255, 1000, 0.000100, 2.000000, -1.000000, -1.000000, 0.100000, 0.000100, 1.000000, 0.001000, 0.000010, 0.000000, 0.000000, 0.950000, -2.393307, 0.100190, 1.103552, -0.049025, 1000
4.7, 0.000100, 0.200000, 0.470000, -9.810000, 6.000000, 0.000000, 0.000000, 0.000000, 10.000000, -1.000000, 1.000000, -1.000000, 0.100000, 0.000100, 1.000000, 0.001000, 0.000010, 0.000000, 0.000000, 0.950000, 1.099157, -0.195025, 14.537384, 173.010567, -2.377729, 0.175053, -3.349994, -39.583217, 1000, 0.000100, -1.000000, -1.000000, 0.100000, 0.000100, 5.000000, 1.000000, 0.001000, 0.000010, 0.000000, 0.000000, 0.950000, 5.000000, -3.349994, -39.583217, 14.537384, 173.010567, 1000, 0.000100, 2.000000, -1.000000, -1.000000, 0.100000, 0.000100, 1.000000, 0.001000, 0.000010, 0.000000, 0.000000, 0.950000, -2.377729, 0.175053, 1.099157, -0.195025, 1000
4.71, 0.000100, 0.200000, 0.470000, -9.810000, 6.000000, 0.000000, 0.000000, 0.000000, 10.000000, -1.000000, 1.000000, -1.000000, 0.100000, 0.000100, 1.000000, 0.001000, 0.000010, 0.000000, 0.000000, 0.950000, 1.094681, -0.340703, 14.641717, 173.005137, -2.362051, 0.249768, -3.373701, -39.581130, 1000, 0.000100, -1.000000, -1.000000, 0.100000, 0.000100, 5.000000, 1.000000, 0.001000, 0.000010, 0.000000, 0.000000, 0.950000, 5.000000, -3.373701, -39.581130, 14.641717, 173.005137, 1000, 0.000100, 2.000000, -1.000000, -1.000000, 0.100000, 0.000100, 1.000000, 0.001000, 0.000010, 0.000000, 0.000000, 0.950000, -2.362051, 0.249768, 1.094681, -0.340703, 1000
4.72, 0.000100, 0.200000, 0.470000, -9.810000, 6.000000, 0.000000, 0.000000, 0.000000, 10.000000, -1.000000, 1.000000, -1.000000, 0.100000, 0.000100, 1.000000, 0.001000, 0.000010, 0.000000, 0.000000, 0.950000, 1.090126, -0.486054, 14.745327, 172.995971, -2.346274, 0.324332, -3.397251, -39.578297, 1000, 0.000100, -1.000000, -1.000000, 0.100000, 0.000100, 5.000000, 1.000000, 0.001000, 0.000010, 0.000000, 0.000000, 0.950000, 5.000000, -3.397251, -39.578297, 14.745327, 172.995971, 1000, 0.000100, 2.000000, -1.000000, -1.000000, 0.100000, 0.000100, 1.000000, 0.001000, 0.000010, 0.000000, 0.000000, 0.950000, -2.346274, 0.324332, 1.090126, -0.486054, 1000
4.73, 0.000100, 0.200000, 0.470000, -9.810000, 6.000000, 0.000000, 0.000000, 0.000000, 10.000000, -1.000000, 1.000000, -1.000000, 0.100000, 0.000100, 1.000000, 0.001000, 0.000010, 0.000000, 0.000000, 0.950000, 1.085490, -0.631070, 14.848210, 172.983076, -2.330398, 0.398741, -3.420642, -39.574719, 1000, 0.000100, -1.000000, -1.000000, 0.100000, 0.000100, 5.000000, 1.000000, 0.001000, 0.000010, 0.000000, 0.000000, 0.950000, 5.000000, -3.420642, -39.574719, 14.848210, 172.983076, 1000, 0.000100, 2.000000, -1.000000, -1.000000, 0.100000, 0.000100, 1.000000, 0.001000, 0.000010, 0.000000, 0.000000, 0.950000, -2.330398, 0.398741, 1.085490, -0.631070, 1000
4.74, 0.000100, 0.200000, 0.470000, -9.810000, 6.000000, 0.000000, 0.000000, 0.000000, 10.000000, -1.000000, 1.000000, -1.000000, 0.100000, 0.000100, 1.000000, 0.001000, 0.000010, 0.000000, 0.000000, 0.950000, 1.080775, -0.775745, 14.950361, 172.966461, -2.314424, 0.472991, -3.443874, -39.570397, 1000, 0.000100, -1.000000, -1.000000, 0.100000, 0.000100, 5.000000, 1.000000, 0.001000, 0.000010, 0.000000, 0.000000, 0.950000, 5.000000, -3.443874, -39.570397, 14.950361, 172.966461, 1000, 0.000100, 2.000000, -1.000000, -1.000000, 0.100000, 0.000100, 1.000000, 0.001000, 0.000010, 0.000000, 0.000000, 0.950000, -2.314424, 0.472991, 1.080775, -0.775745, 1000
4.75, 0.000100, 0.200000, 0.470000, -9.810000, 6.000000, 0.000000, 0.000000, 0.000000, 10.000000, -1.000000, 1.000000, -1.000000, 0.100000, 0.000100, 1.000000, 0.001000, 0.000010, 0.000000, 0.000000, 0.950000, 1.075980, -0.920071, 15.051775, 172.946132, -2.298354, 0.547080, -3.466946, -39.565334, 1000, 0.000100, -1.000000, -1.000000, 0.100000, 0.000100, 5.000000, 1.000000, 0.001000, 0.000010, 0.000000, 0.000000, 0.950000, 5.000000, -3.466946, -39.565334, 15.051775, 172.946132, 1000, 0.000100, 2.000000, -1.000000, -1.000000, 0.100000, 0.000100, 1.000000, 0.001000, 0.000010, 0.000000, 0.000000, 0.950000, -2.298354, 0.547080, 1.075980, -0.920071, 1000
4.76, 0.000100, 0.200000, 0.470000, -9.810000, 6.000000, 0.000000, 0.000000, 0.000000, 10.000000, -1.000000, 1.000000, -1.000000, 0.100000, 0.000100, 1.000000, 0.001000, 0.000010, 0.000000, 0.000000, 0.950000, 1.071105, -1.064042, 15.152446, 172.922098, -2.282187, 0.621004, -3.489857, -39.559530, 1000, 0.000100, -1.000000, -1.000000, 0.100000, 0.000100, 5.000000, 1.000000, 0.001000, 0.000010, 0.000000, 0.000000, 0.950000, 5.000000, -3.489857, -39.559530, 15.152446, 172.922098, 1000, 0.000100, 2.000000, -1.000000, -1.000000, 0.100000, 0.000100, 1.000000, 0.001000, 0.000010, 0.000000, 0.000000, 0.950000, -2.282187, 0.621004, 1.071105, -1.064042, 1000
4.77, 0.000100, 0.200000, 0.470000, -9.810000, 6.000000, 0.000000, 0.000000, 0.000000, 10.000000, -1.000000, 1.000000, -1.000000, 0.100000, 0.000100, 1.000000, 0.001000, 0.000010, 0.000000, 0.000000, 0.950000, 1.066150, -1.207651, 15.252370, 172.894367, -2.265926, 0.694759, -3.512606, -39.552988, 1000, 0.000100, -1.000000, -1.000000, 0.100000, 0.000100, 5.000000, 1.000000, 0.001000, 0.000010, 0.000000, 0.000000, 0.950000, 5.000000, -3.512606, -39.552988, 15.252370, 172.894367, 1000, 0.000100, 2.000000, -1.000000, -1.000000, 0.100000, 0.000100, 1.000000, 0.001000, 0.000010, 0.000000, 0.000000, 0.950000, -2.265926, 0.694759, 1.066150, -1.207651, 1000
4.78, 0.000100, 0.200000, 0.470000, -9.810000, 6.000000, 0.000000, 0.000000, 0.000000, 10.000000, -1.000000, 1.000000, -1.000000, 0.100000, 0.000100, 1.000000, 0.001000, 0.000010, 0.000000, 0.000000, 0.950000, 1.061115, -1.350891, 15.351541, 172.862947, -2.249570, 0.768342, -3.535191, -39.545710, 1000, 0.000100, -1.000000, -1.000000, 0.100000, 0.000100, 5.000000, 1.000000, 0.001000, 0.000010, 0.000000, 0.000000, 0.950000, 5.000000, -3.535191, -39.545710, 15.351541, 172.862947, 1000, 0.000100, 2.000000, -1.000000, -1.000000, 0.100000, 0.000100, 1.000000, 0.001000, 0.000010, 0.000000, 0.000000, 0.950000, -2.249570, 0.768342, 1.061115, -1.350891, 1000
4.79, 0.000100, 0.200000, 0.470000, -9.810000, 6.000000, 0.000000, 0.000000, 0.000000, 10.000000, -1.000000, 1.000000, -1.000000, 0.100000, 0.000100, 1.000000, 0.001000, 0.000010, 0.000000, 0.000000, 0.950000, 1.056001, -1.493756, 15.449956, 172.827847, -2.233120, 0.841749, -3.557613, -39.537696, 1000, 0.000100, -1.000000, -1.000000, 0.100000, 0.000100, 5.000000, 1.000000, 0.001000, 0.000010, 0.000000, 0.000000, 0.950000, 5.000000, -3.557613, -39.537696, 15.449956, 172.827847, 1000, 0.000100, 2.000000, -1.000000, -1.000000, 0.100000, 0.000100, 1.000000, 0.001000, 0.000010, 0.000000, 0.000000, 0.950000, -2.233120, 0.841749, 1.056001, -1.493756, 1000
4.8, 0.000100, 0.200000, 0.470000, -9.810000, 6.000000, 0.000000, 0.000000, 0.000000, 10.000000, -1.000000, 1.000000, -1.000000, 0.100000, 0.000100, 1.000000, 0.001000, 0.000010, 0.000000, 0.000000, 0.950000, 1.050807, -1.636239, 15.547609, 172.789075, -2.216577, 0.914977, -3.579870, -39.528949, 1000, 0.000100, -1.000000, -1.000000, 0.100000, 0.000100, 5.000000, 1.000000, 0.001000, 0.000010, 0.000000, 0.000000, 0.950000, 5.000000, -3.579870, -39.528949, 15.547609, 172.789075, 1000, 0.000100, 2.000000, -1.000000, -1.000000, 0.100000, 0.000100, 1.000000, 0.001000, 0.000010, 0.000000, 0.000000, 0.950000, -2.216577, 0.914977, 1.050807, -1.636239, 1000
4.81, 0.000100, 0.200000, 0.470000, -9.810000, 6.000000, 0.000000, 0.000000, 0.000000, 10.000000, -1.000000, 1.000000, -1.000000, 0.100000, 0.000100, 1.000000, 0.001000, 0.000010, 0.000000, 0.000000, 0.950000, 1.045533, -1.778333, 15.644495, 172.746639, -2.199943, 0.988023, -3.601961, -39.519470, 1000, 0.000100, -1.000000, -1.000000, 0.100000, 0.000100, 5.000000, 1.000000, 0.001000, 0.000010, 0.000000, 0.000000, 0.950000, 5.000000, -3.601961, -39.519470, 15.644495, 172.746639, 1000, 0.000100, 2.000000, -1.000000, -1.000000, 0.100000, 0.000100, 1.000000, 0.001000, 0.000010, 0.000000, 0.000000, 0.950000, -2.199943, 0.988023, 1.045533, -1.778333, 1000
4.82, 0.000100, 0.200000, 0.470000, -9.810000, 6.000000, 0.000000, 0.000000, 0.000000, 10.000000, -1.000000, 1.000000, -1.000000, 0.100000, 0.000100, 1.000000, 0.001000, 0.000010, 0.000000, 0.000000, 0.950000, 1.040179, -1.920033, 15.740610, 172.700550, -2.183217, 1.060884, -3.623885, -39.509262, 1000, 0.000100, -1.000000, -1.000000, 0.100000, 0.000100, 5.000000, 1.000000, 0.001000, 0.000010, 0.000000, 0.000000, 0.950000, 5.000000, -3.623885, -39.509262, 15.740610, 172.700550, 1000, 0.000100, 2.000000, -1.000000, -1.000000, 0.100000, 0.000100, 1.000000, 0.001000, 0.000010, 0.000000, 0.000000, 0.950000, -2.183217, 1.060884, 1.040179, -1.920033, 1000
4.83, 0.000100, 0.200000, 0.470000, -9.810000, 6.000000, 0.000000, 0.000000, 0.000000, 10.000000, -1.000000, 1.000000, -1.000000, 0.100000, 0.000100, 1.000000, 0.001000, 0.000010, 0.000000, 0.000000, 0.950000, 1.034746, -2.061330, 15.835948, 172.650815, -2.166402, 1.133556, -3.645641, -39.498326, 1000, 0.000100, -1.000000, -1.000000, 0.100000, 0.000100, 5.000000, 1.000000, 0.001000, 0.000010, 0.000000, 0.000000, 0.950000, 5.000000, -3.645641, -39.498326, 15.835948, 172.650815, 1000, 0.000100, 2.000000, -1.000000, -1.000000, 0.100000, 0.000100, 1.000000, 0.001000, 0.000010, 0.000000, 0.000000, 0.950000, -2.166402, 1.133556, 1.034746, -2.061330, 1000
4.84, 0.000100, 0.200000, 0.470000, -9.810000, 6.000000, 0.000000, 0.000000, 0.000000, 10.000000, -1.000000, 1.000000, -1.000000, 0.100000, 0.000100, 1.000000, 0.001000, 0.000010, 0.000000, 0.000000, 0.950000, 1.029233, -2.202219, 15.930507, 172.597444, -2.149496, 1.206035, -3.667229, -39.486665, 1000, 0.000100, -1.000000, -1.000000, 0.100000, 0.000100, 5.000000, 1.000000, 0.001000, 0.000010, 0.000000, 0.000000, 0.950000, 5.000000, -3.667229, -39.486665, 15.930507, 172.597444, 1000, 0.000100, 2.000000, -1.000000, -1.000000, 0.100000, 0.000100, 1.000000, 0.001000, 0.000010, 0.000000, 0.000000, 0.950000, -2.149496, 1.206035, 1.029233, -2.202219, 1000
4.85, 0.000100, 0.200000, 0.470000, -9.810000, 6.000000, 0.000000, 0.000000, 0.000000, 10.000000, -1.000000, 1.000000, -1.000000, 0.100000, 0.000100, 1.000000, 0.001000, 0.000010, 0.000000, 0.000000, 0.950000, 1.023641, -2.342694, 16.024280, 172.540447, -2.132503, 1.278319, -3.688648, -39.474279, 1000, 0.000100, -1.000000, -1.000000, 0.100000, 0.000100, 5.000000, 1.000000, 0.001000, 0.000010, 0.000000, 0.000000, 0.950000, 5.000000, -3.688648, -39.474279, 16.024280, 172.540447, 1000, 0.000100, 2.000000, -1.000000, -1.000000, 0.100000, 0.000100, 1.000000, 0.001000, 0.000010, 0.000000, 0.000000, 0.950000, -2.132503, 1.278319, 1.023641, -2.342694, 1000
4.86, 0.000100, 0.200000, 0.470000, -9.810000, 6.000000, 0.000000, 0.000000, 0.000000, 10.000000, -1.000000, 1.000000, -1.000000, 0.100000, 0.000100, 1.000000, 0.001000, 0.000010, 0.000000, 0.000000, 0.950000, 1.017969, -2.482747, 16.117263, 172.479834, -2.115422, 1.350404, -3.709896, -39.461171, 1000, 0.000100, -1.000000, -1.000000, 0.100000, 0.000100, 5.000000, 1.000000, 0.001000, 0.000010, 0.000000, 0.000000, 0.950000, 5.000000, -3.709896, -39.461171, 16.117263, 172.479834, 1000, 0.000100, 2.000000, -1.000000, -1.000000, 0.100000, 0.000100, 1.000000, 0.001000, 0.000010, 0.000000, 0.000000, 0.950000, -2.115422, 1.350404, 1.017969, -2.482747, 1000
4.87, 0.000100, 0.200000, 0.470000, -9.810000, 6.000000, 0.000000, 0.000000, 0.000000, 10.000000, -1.000000, 1.000000, -1.000000, 0.100000, 0.000100, 1.000000, 0.001000, 0.000010, 0.000000, 0.000000, 0.950000, 1.012218, -2.622373, 16.209452, 172.415613, -2.098254, 1.422287, -3.730973, -39.447344, 1000, 0.000100, -1.000000, -1.000000, 0.100000, 0.000100, 5.000000, 1.000000, 0.001000, 0.000010, 0.000000, 0.000000, 0.950000, 5.000000, -3.730973, -39.447344, 16.209452, 172.415613, 1000, 0.000100, 2.000000, -1.000000, -1.000000, 0.100000, 0.000100, 1.000000, 0.001000, 0.000010, 0.000000, 0.000000, 0.950000, -2.098254, 1.422287, 1.012218, -2.622373, 1000
4.88, 0.000100, 0.200000, 0.470000, -9.810000, 6.000000, 0.000000, 0.000000, 0.000000, 10.000000, -1.000000, 1.000000, -1.000000, 0.100000, 0.000100, 1.000000, 0.001000, 0.000010, 0.000000, 0.000000, 0.950000, 1.006388, -2.761565, 16.300842, 172.347795, -2.081000, 1.493965, -3.751878, -39.432799, 1000, 0.000100, -1.000000, -1.000000, 0.100000, 0.000100, 5.000000, 1.000000, 0.001000, 0.000010, 0.000000, 0.000000, 0.950000, 5.000000, -3.751878, -39.432799, 16.300842, 172.347795, 1000, 0.000100, 2.000000, -1.000000, -1.000000, 0.100000, 0.000100, 1.000000, 0.001000, 0.000010, 0.000000, 0.000000, 0.950000, -2.081000, 1.493965, 1.006388, -2.761565, 1000
4.89, 0.000100, 0.200000, 0.470000, -9.810000, 6.000000, 0.000000, 0.000000, 0.000000, 10.000000, -1.000000, 1.000000, -1.000000, 0.100000, 0.000100, 1.000000, 0.001000, 0.000010, 0.000000, 0.000000, 0.950000, 1.000478, -2.900317, 16.391429, 172.276390, -2.063661, 1.565434, -3.772610, -39.417537, 1000, 0.000100, -1.000000, -1.000000, 0.100000, 0.000100, 5.000000, 1.000000, 0.001000, 0.000010, 0.000000, 0.000000, 0.950000, 5.000000, -3.772610, -39.417537, 16.391429, 172.276390, 1000, 0.000100, 2.000000, -1.000000, -1.000000, 0.100000, 0.000100, 1.000000, 0.001000, 0.000010, 0.000000, 0.000000, 0.950000, -2.063661, 1.565434, 1.000478, -2.900317, 1000
4.9, 0.000100, 0.200000, 0.470000, -9.810000, 6.000000, 0.000000, 0.000000, 0.000000, 10.000000, -1.000000, 1.000000, -1.000000, 0.100000, 0.000100, 1.000000, 0.001000, 0.000010, 0.000000, 0.000000, 0.950000, 0.994490, -3.038622, 16.481209, 172.201408, -2.046238, 1.636691, -3.793168, -39.401562, 1000, 0.000100, -1.000000, -1.000000, 0.100000, 0.000100, 5.000000, 1.000000, 0.001000, 0.000010, 0.000000, 0.000000, 0.950000, 5.000000, -3.793168, -39.401562, 16.481209, 172.201408, 1000, 0.000100, 2.000000, -1.000000, -1.000000, 0.100000, 0.000100, 1.000000, 0.001000, 0.000010, 0.000000, 0.000000, 0.950000, -2.046238, 1.636691, 0.994490, -3.038622, 1000
4.91, 0.000100, 0.200000, 0.470000, -9.810000, 6.000000, 0.000000, 0.000000, 0.000000, 10.000000, -1.000000, 1.000000, -1.000000, 0.100000, 0.000100, 1.000000, 0.001000, 0.000010, 0.000000, 0.000000, 0.950000, 0.988422, -3.176475, 16.570178, 172.122860, -2.028731, 1.707733, -3.813551, -39.384876, 1000, 0.000100, -1.000000, -1.000000, 0.100000, 0.000100, 5.000000, 1.000000, 0.001000, 0.000010, 0.000000, 0.000000, 0.950000, 5.000000, -3.813551, -39.384876, 16.570178, 172.122860, 1000, 0.000100, 2.000000, -1.000000, -1.000000, 0.100000, 0.000100, 1.000000, 0.001000, 0.000010, 0.000000, 0.000000, 0.950000, -2.028731, 1.707733, 0.988422, -3.176475, 1000
4.92, 0.000100, 0.200000, 0.470000, -9.810000, 6.000000, 0.000000, 0.000000, 0.000000, 10.000000, -1.000000, 1.000000, -1.000000, 0.100000, 0.000100, 1.000000, 0.001000, 0.000010, 0.000000, 0.000000, 0.950000, 0.982276, -3.313868, 16.658330, 172.040756, -2.011142, 1.778557, -3.833760, -39.367480, 1000, 0.000100, -1.000000, -1.000000, 0.100000, 0.000100, 5.000000, 1.000000, 0.001000, 0.000010, 0.000000, 0.000000, 0.950000, 5.000000, -3.833760, -39.367480, 16.658330, 172.040756, 1000, 0.000100, 2.000000, -1.000000, -1.000000, 0.100000, 0.000100, 1.000000, 0.001000, 0.000010, 0.000000, 0.000000, 0.950000, -2.011142, 1.778557, 0.982276, -3.313868, 1000
4.93, 0.000100, 0.200000, 0.470000, -9.810000, 6.000000, 0.000000, 0.000000, 0.000000, 10.000000, -1.000000, 1.000000, -1.000000, 0.100000, 0.000100, 1.000000, 0.001000, 0.000010, 0.000000, 0.000000, 0.950000, 0.976051, -3.450797, 16.745663, 171.955107, -1.993472, 1.849160, -3.853791, -39.349376, 1000, 0.000100, -1.000000, -1.000000, 0.100000, 0.000100, 5.000000, 1.000000, 0.001000, 0.000010, 0.000000, 0.000000, 0.950000, 5.000000, -3.853791, -39.349376, 16.745663, 171.955107, 1000, 0.000100, 2.000000, -1.000000, -1.000000, 0.100000, 0.000100, 1.000000, 0.001000, 0.000010, 0.000000, 0.000000, 0.950000, -1.993472, 1.849160, 0.976051, -3.450797, 1000
4.94, 0.000100, 0.200000, 0.470000, -9.810000, 6.000000, 0.000000, 0.000000, 0.000000, 10.000000, -1.000000, 1.000000, -1.000000, 0.100000, 0.000100, 1.000000, 0.001000, 0.000010, 0.000000, 0.000000, 0.950000, 0.969747, -3.587254, 16.832171, 171.865924, -1.975721, 1.919538, -3.873646, -39.330568, 1000, 0.000100, -1.000000, -1.000000, 0.100000, 0.000100, 5.000000, 1.000000, 0.001000, 0.000010, 0.000000, 0.000000, 0.950000, 5.000000, -3.873646, -39.330568, 16.832171, 171.865924, 1000, 0.000100, 2.000000, -1.000000, -1.000000, 0.100000, 0.000100, 1.000000, 0.001000, 0.000010, 0.000000, 0.000000, 0.950000, -1.975721, 1.919538, 0.969747, -3.587254, 1000
4.95, 0.000100, 0.200000, 0.470000, -9.810000, 6.000000, 0.000000, 0.000000, 0.000000, 10.000000, -1.000000, 1.000000, -1.000000, 0.100000, 0.000100, 1.000000, 0.001000, 0.000010, 0.000000, 0.000000, 0.950000, 0.963365, -3.723233, 16.917851, 171.773217, -1.957891, 1.989689, -3.893323, -39.311057, 1000, 0.000100, -1.000000, -1.000000, 0.100000, 0.000100, 5.000000, 1.000000, 0.001000, 0.000010, 0.000000, 0.000000, 0.950000, 5.000000, -3.893323, -39.311057, 16.917851, 171.773217, 1000, 0.000100, 2.000000, -1.000000, -1.000000, 0.100000, 0.000100, 1.000000, 0.001000, 0.000010, 0.000000, 0.000000, 0.950000, -1.957891, 1.989689, 0.963365, -3.723233, 1000
4.96, 0.000100, 0.200000, 0.470000, -9.810000, 6.000000, 0.000000, 0.000000, 0.000000, 10.000000, -1.000000, 1.000000, -1.000000, 0.100000, 0.000100, 1.000000, 0.001000, 0.000010, 0.000000, 0.000000, 0.950000, 0.956904, -3.858730, 17.002699, 171.676999, -1.939982, 2.059609, -3.912822, -39.290845, 1000, 0.000100, -1.000000, -1.000000, 0.100000, 0.000100, 5.000000, 1.000000, 0.001000, 0.000010, 0.000000, 0.000000, 0.950000, 5.000000, -3.912822, -39.290845, 17.002699, 171.676999, 1000, 0.000100, 2.000000, -1.000000, -1.000000, 0.100000, 0.000100, 1.000000, 0.001000, 0.000010, 0.000000, 0.000000, 0.950000, -1.939982, 2.059609, 0.956904, -3.858730, 1000
4.97, 0.000100, 0.200000, 0.470000, -9.810000, 6.000000, 0.000000, 0.000000, 0.000000, 10.000000, -1.000000, 1.000000, -1.000000, 0.100000, 0.000100, 1.000000, 0.001000, 0.000010, 0.000000, 0.000000, 0.950000, 0.950366, -3.993737, 17.086710, 171.577280, -1.921994, 2.129295, -3.932140, -39.269936, 1000, 0.000100, -1.000000, -1.000000, 0.100000, 0.000100, 5.000000, 1.000000, 0.001000, 0.000010, 0.000000, 0.000000, 0.950000, 5.000000, -3.932140, -39.269936, 17.086710, 171.577280, 1000, 0.000100, 2.000000, -1.000000, -1.000000, 0.100000, 0.000100, 1.000000, 0.001000, 0.000010, 0.000000, 0.000000, 0.950000, -1.921994, 2.129295, 0.950366, -3.993737, 1000
4.98, 0.000100, 0.200000, 0.470000, -9.810000, 6.000000, 0.000000, 0.000000, 0.000000, 10.000000, -1.000000, 1.000000, -1.000000, 0.100000, 0.000100, 1.000000, 0.001000, 0.000010, 0.000000, 0.000000, 0.950000, 0.943749, -4.128248, 17.169881, 171.474072, -1.903930, 2.198744, -3.951279, -39.248330, 1000, 0.000100, -1.000000, -1.000000, 0.100000, 0.000100, 5.000000, 1.000000, 0.001000, 0.000010, 0.000000, 0.000000, 0.950000, 5.000000, -3.951279, -39.248330, 17.169881, 171.474072, 1000, 0.000100, 2.000000, -1.000000, -1.000000, 0.100000, 0.000100, 1.000000, 0.001000, 0.000010, 0.000000, 0.000000, 0.950000, -1.903930, 2.198744, 0.943749, -4.128248, 1000
4.99, 0.000100, 0.200000, 0.470000, -9.810000, 6.000000, 0.000000, 0.000000, 0.000000, 10.000000, -1.000000, 1.000000, -1.000000, 0.100000, 0.000100, 1.000000, 0.001000, 0.000010, 0.000000, 0.000000, 0.950000, 0.937054, -4.262258, 17.252209, 171.367387, -1.885790, 2.267953, -3.970237, -39.226031, 1000, 0.000100, -1.000000, -1.000000, 0.100000, 0.000100, 5.000000, 1.000000, 0.001000, 0.000010, 0.000000, 0.000000, 0.950000, 5.000000, -3.970237, -39.226031, 17.252209, 171.367387, 1000, 0.000100, 2.000000, -1.000000, -1.000000, 0.100000, 0.000100, 1.000000, 0.001000, 0.000010, 0.000000, 0.000000, 0.950000, -1.885790, 2.267953, 0.937054, -4.262258, 1000
5, 0.000100, 0.200000, 0.470000, -9.810000, 6.000000, 0.000000, 0.000000, 0.000000, 10.000000, -1.000000, 1.000000, -1.000000, 0.100000, 0.000100, 1.000000, 0.001000, 0.000010, 0.000000, 0.000000, 0.950000, 0.930281, -4.395761, 17.333688, 171.257236, -1.867575, 2.336919, -3.989013, -39.203042, 1000, 0.000100, -1.000000, -1.000000, 0.100000, 0.000100, 5.000000, 1.000000, 0.001000, 0.000010, 0.000000, 0.000000, 0.950000, 5.000000, -3.989013, -39.203042, 17.333688, 171.257236, 1000, 0.000100, 2.000000, -1.000000, -1.000000, 0.100000, 0.000100, 1.000000, 0.001000, 0.000010, 0.000000, 0.000000, 0.950000, -1.867575, 2.336919, 0.930281, -4.395761, 1000
5.01, 0.000100, 0.200000, 0.470000, -9.810000, 6.000000, 0.000000, 0.000000, 0.000000, 10.000000, -1.000000, 1.000000, -1.000000, 0.100000, 0.000100, 1.000000, 0.001000, 0.000010, 0.000000, 0.000000, 0.950000, 0.923431, -4.528750, 17.414315, 171.143631, -1.849285, 2.405639, -4.007606, -39.179363, 1000, 0.000100, -1.000000, -1.000000, 0.100000, 0.000100, 5.000000, 1.000000, 0.001000, 0.000010, 0.000000, 0.000000, 0.950000, 5.000000, -4.007606, -39.179363, 17.414315, 171.143631, 1000, 0.000100, 2.000000, -1.000000, -1.000000, 0.100000, 0.000100, 1.000000, 0.001000, 0.000010, 0.000000, 0.000000, 0.950000, -1.849285, 2.405639, 0.923431, -4.528750, 1000
5.02, 0.000100, 0.200000, 0.470000, -9.810000, 6.000000, 0.000000, 0.000000, 0.000000, 10.000000, -1.000000, 1.000000, -1.000000, 0.100000, 0.000100, 1.000000, 0.001000, 0.000010, 0.000000, 0.000000, 0.950000, 0.916503, -4.661221, 17.494087, 171.026585, -1.830923, 2.474110, -4.026016, -39.154999, 1000, 0.000100, -1.000000, -1.000000, 0.100000, 0.000100, 5.000000, 1.000000, 0.001000, 0.000010, 0.000000, 0.000000, 0.950000, 5.000000, -4.026016, -39.154999, 17.494087, 171.026585, 1000, 0.000100, 2.000000, -1.000000, -1.000000, 0.100000, 0.000100, 1.000000, 0.001000, 0.000010, 0.000000, 0.000000, 0.950000, -1.830923, 2.474110, 0.916503, -4.661221, 1000
5.03, 0.000100, 0.200000, 0.470000, -9.810000, 6.000000, 0.000000, 0.000000, 0.000000, 10.000000, -1.000000, 1.000000, -1.000000, 0.100000, 0.000100, 1.000000, 0.001000, 0.000010, 0.000000, 0.000000, 0.950000, 0.909498, -4.793167, 17.573000, 170.906110, -1.812487, 2.542329, -4.044243, -39.129951, 1000, 0.000100, -1.000000, -1.000000, 0.100000, 0.000100, 5.000000, 1.000000, 0.001000, 0.000010, 0.000000, 0.000000, 0.950000, 5.000000, -4.044243, -39.129951, 17.573000, 170.906110, 1000, 0.000100, 2.000000, -1.000000, -1.000000, 0.100000, 0.000100, 1.000000, 0.001000, 0.000010, 0.000000, 0.000000, 0.950000, -1.812487, 2.542329, 0.909498, -4.793167, 1000
5.04, 0.000100, 0.200000, 0.470000, -9.810000, 6.000000, 0.000000, 0.000000, 0.000000, 10.000000, -1.000000, 1.000000, -1.000000, 0.100000, 0.000100, 1.000000, 0.001000, 0.000010, 0.000000, 0.000000, 0.950000, 0.902416, -4.924582, 17.651051, 170.782218, -1.793981, 2.610293, -4.062284, -39.104221, 1000, 0.000100, -1.000000, -1.000000, 0.100000, 0.000100, 5.000000, 1.000000, 0.001000, 0.000010, 0.000000, 0.000000, 0.950000, 5.000000, -4.062284, -39.104221, 17.651051, 170.782218, 1000, 0.000100, 2.000000, -1.000000, -1.000000, 0.100000, 0.000100, 1.000000, 0.001000, 0.000010, 0.000000, 0.000000, 0.950000, -1.793981, 2.610293, 0.902416, -4.924582, 1000
5.05, 0.000100, 0.200000, 0.470000, -9.810000, 6.000000, 0.000000, 0.000000, 0.000000, 10.000000, -1.000000, 1.000000, -1.000000, 0.100000, 0.000100, 1.000000, 0.001000, 0.000010, 0.000000, 0.000000, 0.950000, 0.895256, -5.055462, 17.728234, 170.654922, -1.775404, 2.677999, -4.080140, -39.077814, 1000, 0.000100, -1.000000, -1.000000, 0.100000, 0.000100, 5.000000, 1.000000, 0.001000, 0.000010, 0.000000, 0.000000, 0.950000, 5.000000, -4.080140, -39.077814, 17.728234, 170.654922, 1000, 0.000100, 2.000000, -1.000000, -1.000000, 0.100000, 0.000100, 1.000000, 0.001000, 0.000010, 0.000000, 0.000000, 0.950000, -1.775404, 2.677999, 0.895256, -5.055462, 1000
5.06, 0.000100, 0.200000, 0.470000, -9.810000, 6.000000, 0.000000, 0.000000, 0.000000, 10.000000, -1.000000, 1.000000, -1.000000, 0.100000, 0.000100, 1.000000, 0.001000, 0.000010, 0.000000, 0.000000, 0.950000, 0.888020, -5.185799, 17.804549, 170.524235, -1.756757, 2.745445, -4.097811, -39.050730, 1000, 0.000100, -1.000000, -1.000000, 0.100000, 0.000100, 5.000000, 1.000000, 0.001000, 0.000010, 0.000000, 0.000000, 0.950000, 5.000000, -4.097811, -39.050730, 17.804549, 170.524235, 1000, 0.000100, 2.000000, -1.000000, -1.000000, 0.100000, 0.000100, 1.000000, 0.001000, 0.000010, 0.000000, 0.000000, 0.950000, -1.756757, 2.745445, 0.888020, -5.185799, 1000
5.07, 0.000100, 0.200000, 0.470000, -9.810000, 6.000000, 0.000000, 0.000000, 0.000000, 10.000000, -1.000000, 1.000000, -1.000000, 0.100000, 0.000100, 1.000000, 0.001000, 0.000010, 0.000000, 0.000000, 0.950000, 0.880708, -5.315589, 17.879989, 170.390169, -1.738042, 2.812626, -4.115294, -39.022974, 1000, 0.000100, -1.000000, -1.000000, 0.100000, 0.000100, 5.000000, 1.000000, 0.001000, 0.000010, 0.000000, 0.000000, 0.950000, 5.000000, -4.115294, -39.022974, 17.879989, 170.390169, 1000, 0.000100, 2.000000, -1.000000, -1.000000, 0.100000, 0.000100, 1.000000, 0.001000, 0.000010, 0.000000, 0.000000, 0.950000, -1.738042, 2.812626, 0.880708, -5.315589, 1000
5.08, 0.000100, 0.200000, 0.470000, -9.810000, 6.000000, 0.000000, 0.000000, 0.000000, 10.000000, -1.000000, 1.000000, -1.000000, 0.100000, 0.000100, 1.000000, 0.001000, 0.000010, 0.000000, 0.000000, 0.950000, 0.873319, -5.444826, 17.954553, 170.252737, -1.719259, 2.879541, -4.132590, -38.994546, 1000, 0.000100, -1.000000, -1.000000, 0.100000, 0.000100, 5.000000, 1.000000, 0.001000, 0.000010, 0.000000, 0.000000, 0.950000, 5.000000, -4.132590, -38.994546, 17.954553, 170.252737, 1000, 0.000100, 2.000000, -1.000000, -1.000000, 0.100000, 0.000100, 1.000000, 0.001000, 0.000010, 0.000000, 0.000000, 0.950000, -1.719259, 2.879541, 0.873319, -5.444826, 1000
5.09, 0.000100, 0.200000, 0.470000, -9.810000, 6.000000, 0.000000, 0.000000, 0.000000, 10.000000, -1.000000, 1.000000, -1.000000, 0.100000, 0.000100, 1.000000, 0.001000, 0.000010, 0.000000, 0.000000, 0.950000, 0.865854, -5.573505, 18.028237, 170.111953, -1.700410, 2.946186, -4.149698, -38.965451, 1000, 0.000100, -1.000000, -1.000000, 0.100000, 0.000100, 5.000000, 1.000000, 0.001000, 0.000010, 0.000000, 0.000000, 0.950000, 5.000000, -4.149698, -38.965451, 18.028237, 170.111953, 1000, 0.000100, 2.000000, -1.000000, -1.000000, 0.100000, 0.000100, 1.000000, 0.001000, 0.000010, 0.000000, 0.000000, 0.950000, -1.700410, 2.946186, 0.865854, -5.573505, 1000
5.1, 0.000100, 0.200000, 0.470000, -9.810000, 6.000000, 0.000000, 0.000000, 0.000000, 10.000000, -1.000000, 1.000000, -1.000000, 0.100000, 0.000100, 1.000000, 0.001000, 0.000010, 0.000000, 0.000000, 0.950000, 0.858313, -5.701620, 18.101038, 169.967829, -1.681495, 3.012559, -4.166617, -38.935690, 1000, 0.000100, -1.000000, -1.000000, 0.100000, 0.000100, 5.000000, 1.000000, 0.001000, 0.000010, 0.000000, 0.000000, 0.950000, 5.000000, -4.166617, -38.935690, 18.101038, 169.967829, 1000, 0.000100, 2.000000, -1.000000, -1.000000, 0.100000, 0.000100, 1.000000, 0.001000, 0.000010, 0.000000, 0.000000, 0.950000, -1.681495, 3.012559, 0.858313, -5.701620, 1000
5.11, 0.000100, 0.200000, 0.470000, -9.810000, 6.000000, 0.000000, 0.000000, 0.000000, 10.000000, -1.000000, 1.000000, -1.000000, 0.100000, 0.000100, 1.000000, 0.001000, 0.000010, 0.000000, 0.000000, 0.950000, 0.850696, -5.829165, 18.172952, 169.820380, -1.662515, 3.078657, -4.183346, -38.905267, 1000, 0.000100, -1.000000, -1.000000, 0.100000, 0.000100, 5.000000, 1.000000, 0.001000, 0.000010, 0.000000, 0.000000, 0.950000, 5.000000, -4.183346, -38.905267, 18.172952, 169.820380, 1000, 0.000100, 2.000000, -1.000000, -1.000000, 0.100000, 0.000100, 1.000000, 0.001000, 0.000010, 0.000000, 0.000000, 0.950000, -1.662515, 3.078657, 0.850696, -5.829165, 1000
5.12, 0.000100, 0.200000, 0.470000, -9.810000, 6.000000, 0.000000, 0.000000, 0.000000, 10.000000, -1.000000, 1.000000, -1.000000, 0.100000, 0.000100, 1.000000, 0.001000, 0.000010, 0.000000, 0.000000, 0.950000, 0.843004, -5.956135, 18.243976, 169.669619, -1.643471, 3.144477, -4.199886, -38.874184, 1000, 0.000100, -1.000000, -1.000000, 0.100000, 0.000100, 5.000000, 1.000000, 0.001000, 0.000010, 0.000000, 0.000000, 0.950000, 5.000000, -4.199886, -38.874184, 18.243976, 169.669619, 1000, 0.000100, 2.000000, -1.000000, -1.000000, 0.100000, 0.000100, 1.000000, 0.001000, 0.000010, 0.000000, 0.000000, 0.950000, -1.643471, 3.144477, 0.843004, -5.956135, 1000
5.13, 0.000100, 0.200000, 0.470000, -9.810000, 6.000000, 0.000000, 0.000000, 0.000000, 10.000000, -1.000000, 1.000000, -1.000000, 0.100000, 0.000100, 1.000000, 0.001000, 0.000010, 0.000000, 0.000000, 0.950000, 0.835237, -6.082526, 18.314107, 169.515560, -1.624364, 3.210016, -4.216234, -38.842445, 1000, 0.000100, -1.000000, -1.000000, 0.100000, 0.000100, 5.000000, 1.000000, 0.001000, 0.000010, 0.000000, 0.000000, 0.950000, 5.000000, -4.216234, -38.842445, 18.314107, 169.515560, 1000, 0.000100, 2.000000, -1.000000, -1.000000, 0.100000, 0.000100, 1.000000, 0.001000, 0.000010, 0.000000, 0.000000, 0.950000, -1.624364, 3.210016, 0.835237, -6.082526, 1000
5.14, 0.000100, 0.200000, 0.470000, -9.810000, 6.000000, 0.000000, 0.000000, 0.000000, 10.000000, -1.000000, 1.000000, -1.000000, 0.100000, 0.000100, 1.000000, 0.001000, 0.000010, 0.000000, 0.000000, 0.950000, 0.827394, -6.208331, 18.383341, 169.358216, -1.605196, 3.275272, -4.232392, -38.810051, 1000, 0.000100, -1.000000, -1.000000, 0.100000, 0.000100, 5.000000, 1.000000, 0.001000, 0.000010, 0.000000, 0.000000, 0.950000, 5.000000, -4.232392, -38.810051, 18.383341, 169.358216, 1000, 0.000100, 2.000000, -1.000000, -1.000000, 0.100000, 0.000100, 1.000000, 0.001000, 0.000010, 0.000000, 0.000000, 0.950000, -1.605196, 3.275272, 0.827394, -6.208331, 1000
5.15, 0.000100, 0.200000, 0.470000, -9.810000, 6.000000, 0.000000, 0.000000, 0.000000, 10.000000, -1.000000, 1.000000, -1.000000, 0.100000, 0.000100, 1.000000, 0.001000, 0.000010, 0.000000, 0.000000, 0.950000, 0.819477, -6.333545, 18.451677, 169.197602, -1.585966, 3.340241, -4.248357, -38.777006, 1000, 0.000100, -1.000000, -1.000000, 0.100000, 0.000100, 5.000000, 1.000000, 0.001000, 0.000010, 0.000000, 0.000000, 0.950000, 5.000000, -4.248357, -38.777006, 18.451677, 169.197602, 1000, 0.000100, 2.000000, -1.000000, -1.000000, 0.100000, 0.000100, 1.000000, 0.001000, 0.000010, 0.000000, 0.000000, 0.950000, -1.585966, 3.340241, 0.819477, -6.333545, 1000
5.16, 0.000100, 0.200000, 0.470000, -9.810000, 6.000000, 0.000000, 0.000000, 0.000000, 10.000000, -1.000000, 1.000000, -1.000000, 0.100000, 0.000100, 1.000000, 0.001000, 0.000010, 0.000000, 0.000000, 0.950000, 0.811485, -6.458163, 18.519110, 169.033731, -1.566677, 3.404921, -4.264130, -38.743312, 1000, 0.000100, -1.000000, -1.000000, 0.100000, 0.000100, 5.000000, 1.000000, 0.001000, 0.000010, 0.000000, 0.000000, 0.950000, 5.000000, -4.264130, -38.743312, 18.519110, 169.033731, 1000, 0.000100, 2.000000, -1.000000, -1.000000, 0.100000, 0.000100, 1.000000, 0.001000, 0.000010, 0.000000, 0.000000, 0.950000, -1.566677, 3.404921, 0.811485, -6.458163, 1000
5.17, 0.000100, 0.200000, 0.470000, -9.810000, 6.000000, 0.000000, 0.000000, 0.000000, 10.000000, -1.000000, 1.000000, -1.000000, 0.100000, 0.000100, 1.000000, 0.001000, 0.000010, 0.000000, 0.000000, 0.950000, 0.803418, -6.582180, 18.585639, 168.866618, -1.547328, 3.469310, -4.279710, -38.708973, 1000, 0.000100, -1.000000, -1.000000, 0.100000, 0.000100, 5.000000, 1.000000, 0.001000, 0.000010, 0.000000, 0.000000, 0.950000, 5.000000, -4.279710, -38.708973, 18.585639, 168.866618, 1000, 0.000100, 2.000000, -1.000000, -1.000000, 0.100000, 0.000100, 1.000000, 0.001000, 0.000010, 0.000000, 0.000000, 0.950000, -1.547328, 3.469310, 0.803418, -6.582180, 1000
5.18, 0.000100, 0.200000, 0.470000, -9.810000, 6.000000, 0.000000, 0.000000, 0.000000, 10.000000, -1.000000, 1.000000, -1.000000, 0.100000, 0.000100, 1.000000, 0.001000, 0.000010, 0.000000, 0.000000, 0.950000, 0.795278, -6.705590, 18.651259, 168.696278, -1.527921, 3.533404, -4.295096, -38.673992, 1000, 0.000100, -1.000000, -1.000000, 0.100000, 0.000100, 5.000000, 1.000000, 0.001000, 0.000010, 0.000000, 0.000000, 0.950000, 5.000000, -4.295096, -38.673992, 18.651259, 168.696278, 1000, 0.000100, 2.000000, -1.000000, -1.000000, 0.100000, 0.000100, 1.000000, 0.001000, 0.000010, 0.000000, 0.000000, 0.950000, -1.527921, 3.533404, 0.795278, -6.705590, 1000
5.19, 0.000100, 0.200000, 0.470000, -9.810000, 6.000000, 0.000000, 0.000000, 0.000000, 10.000000, -1.000000, 1.000000, -1.000000, 0.100000, 0.000100, 1.000000, 0.001000, 0.000010, 0.000000, 0.000000, 0.950000, 0.787064, -6.828390, 18.715969, 168.522724, -1.508458, 3.597201, -4.310287, -38.638371, 1000, 0.000100, -1.000000, -1.000000, 0.100000, 0.000100, 5.000000, 1.000000, 0.001000, 0.000010, 0.000000, 0.000000, 0.950000, 5.000000, -4.310287, -38.638371, 18.715969, 168.522724, 1000, 0.000100, 2.000000, -1.000000, -1.000000, 0.100000, 0.000100, 1.000000, 0.001000, 0.000010, 0.000000, 0.000000, 0.950000, -1.508458, 3.597201, 0.787064, -6.828390, 1000
5.2, 0.000100, 0.200000, 0.470000, -9.810000, 6.000000, 0.000000, 0.000000, 0.000000, 10.000000, -1.000000, 1.000000, -1.000000, 0.100000, 0.000100, 1.000000, 0.001000, 0.000010, 0.000000, 0.000000, 0.950000, 0.778776, -6.950572, 18.779764, 168.345972, -1.488938, 3.660698, -4.325284, -38.602113, 1000, 0.000100, -1.000000, -1.000000, 0.100000, 0.000100, 5.000000, 1.000000, 0.001000, 0.000010, 0.000000, 0.000000, 0.950000, 5.000000, -4.325284, -38.602113, 18.779764, 168.345972, 1000, 0.000100, 2.000000, -1.000000, -1.000000, 0.100000, 0.000100, 1.000000, 0.001000, 0.000010, 0.000000, 0.000000, 0.950000, -1.488938, 3.660698, 0.778776, -6.950572, 1000
5.21, 0.000100, 0.200000, 0.470000, -9.810000, 6.000000, 0.000000, 0.000000, 0.000000, 10.000000, -1.000000, 1.000000, -1.000000, 0.100000, 0.000100, 1.000000, 0.001000, 0.000010, 0.000000, 0.000000, 0.950000, 0.770416, -7.072134, 18.842644, 168.166037, -1.469364, 3.723893, -4.340085, -38.565222, 1000, 0.000100, -1.000000, -1.000000, 0.100000, 0.000100, 5.000000, 1.000000, 0.001000, 0.000010, 0.000000, 0.000000, 0.950000, 5.000000, -4.340085, -38.565222, 18.842644, 168.166037, 1000, 0.000100, 2.000000, -1.000000, -1.000000, 0.100000, 0.000100, 1.000000, 0.001000, 0.000010, 0.000000, 0.000000, 0.950000, -1.469364, 3.723893, 0.770416, -7.072134, 1000
5.22, 0.000100, 0.200000, 0.470000, -9.810000, 6.000000, 0.000000, 0.000000, 0.000000, 10.000000, -1.000000, 1.000000, -1.000000, 0.100000, 0.000100, 1.000000, 0.001000, 0.000010, 0.000000, 0.000000, 0.950000, 0.761982, -7.193069, 18.904604, 167.982933, -1.449735, 3.786783, -4.354691, -38.527700, 1000, 0.000100, -1.000000, -1.000000, 0.100000, 0.000100, 5.000000, 1.000000, 0.001000, 0.000010, 0.000000, 0.000000, 0.950000, 5.000000, -4.354691, -38.527700, 18.904604, 167.982933, 1000, 0.000100, 2.000000, -1.000000, -1.000000, 0.100000, 0.000100, 1.000000, 0.001000, 0.000010, 0.000000, 0.000000, 0.950000, -1.449735, 3.786783, 0.761982, -7.193069, 1000
5.23, 0.000100, 0.200000, 0.470000, -9.810000, 6.000000, 0.000000, 0.000000, 0.000000, 10.000000, -1.000000, 1.000000, -1.000000, 0.100000, 0.000100, 1.000000, 0.001000, 0.000010, 0.000000, 0.000000, 0.950000, 0.753475, -7.313373, 18.965643, 167.796675, -1.430053, 3.849366, -4.369099, -38.489550, 1000, 0.000100, -1.000000, -1.000000, 0.100000, 0.000100, 5.000000, 1.000000, 0.001000, 0.000010, 0.000000, 0.000000, 0.950000, 5.000000, -4.369099, -38.489550, 18.965643, 167.796675, 1000, 0.000100, 2.000000, -1.000000, -1.000000, 0.100000, 0.000100, 1.000000, 0.001000, 0.000010, 0.000000, 0.000000, 0.950000, -1.430053, 3.849366, 0.753475, -7.313373, 1000
5.24, 0.000100, 0.200000, 0.470000, -9.810000, 6.000000, 0.000000, 0.000000, 0.000000, 10.000000, -1.000000, 1.000000, -1.000000, 0.100000, 0.000100, 1.000000, 0.001000, 0.000010, 0.000000, 0.000000, 0.950000, 0.744896, -7.433041, 19.025758, 167.607279, -1.410319, 3.911638, -4.383311, -38.450776, 1000, 0.000100, -1.000000, -1.000000, 0.100000, 0.000100, 5.000000, 1.000000, 0.001000, 0.000010, 0.000000, 0.000000, 0.950000, 5.000000, -4.383311, -38.450776, 19.025758, 167.607279, 1000, 0.000100, 2.000000, -1.000000, -1.000000, 0.100000, 0.000100, 1.000000, 0.001000, 0.000010, 0.000000, 0.000000, 0.950000, -1.410319, 3.911638, 0.744896, -7.433041, 1000
5.25, 0.000100, 0.200000, 0.470000, -9.810000, 6.000000, 0.000000, 0.000000, 0.000000, 10.000000, -1.000000, 1.000000, -1.000000, 0.100000, 0.000100, 1.000000, 0.001000, 0.000010, 0.000000, 0.000000, 0.950000, 0.736245, -7.552067, 19.084946, 167.414760, -1.390534, 3.973598, -4.397325, -38.411381, 1000, 0.000100, -1.000000, -1.000000, 0.100000, 0.000100, 5.000000, 1.000000, 0.001000, 0.000010, 0.000000, 0.000000, 0.950000, 5.000000, -4.397325, -38.411381, 19.084946, 167.414760, 1000, 0.000100, 2.000000, -1.000000, -1.000000, 0.100000, 0.000100, 1.000000, 0.001000, 0.000010, 0.000000, 0.000000, 0.950000, -1.390534, 3.973598, 0.736245, -7.552067, 1000
5.26, 0.000100, 0.200000, 0.470000, -9.810000, 6.000000, 0.000000, 0.000000, 0.000000, 10.000000, -1.000000, 1.000000, -1.000000, 0.100000, 0.000100, 1.000000, 0.001000, 0.000010, 0.000000, 0.000000, 0.950000, 0.727523, -7.670448, 19.143204, 167.219133, -1.370698, 4.035242, -4.411141, -38.371368, 1000, 0.000100, -1.000000, -1.000000, 0.100000, 0.000100, 5.000000, 1.000000, 0.001000, 0.000010, 0.000000, 0.000000, 0.950000, 5.000000, -4.411141, -38.371368, 19.143204, 167.219133, 1000, 0.000100, 2.000000, -1.000000, -1.000000, 0.100000, 0.000100, 1.000000, 0.001000, 0.000010, 0.000000, 0.000000, 0.950000, -1.370698, 4.035242, 0.727523, -7.670448, 1000
5.27, 0.000100, 0.200000, 0.470000, -9.810000, 6.000000, 0.000000, 0.000000, 0.000000, 10.000000, -1.000000, 1.000000, -1.000000, 0.100000, 0.000100, 1.000000, 0.001000, 0.000010, 0.000000, 0.000000, 0.950000, 0.718729, -7.788179, 19.200531, 167.020415, -1.350814, 4.096569, -4.424759, -38.330739, 1000, 0.000100, -1.000000, -1.000000, 0.100000, 0.000100, 5.000000, 1.000000, 0.001000, 0.000010, 0.000000, 0.000000, 0.950000, 5.000000, -4.424759, -38.330739, 19.200531, 167.020415, 1000, 0.000100, 2.000000, -1.000000, -1.000000, 0.100000, 0.000100, 1.000000, 0.001000, 0.000010, 0.000000, 0.000000, 0.950000, -1.350814, 4.096569, 0.718729, -7.788179, 1000
5.28, 0.000100, 0.200000, 0.470000, -9.810000, 6.000000, 0.000000, 0.000000, 0.000000, 10.000000, -1.000000, 1.000000, -1.000000, 0.100000, 0.000100, 1.000000, 0.001000, 0.000010, 0.000000, 0.000000, 0.950000, 0.709863, -7.905255, 19.256925, 166.818620, -1.330881, 4.157576, -4.438177, -38.289499, 1000, 0.000100, -1.000000, -1.000000, 0.100000, 0.000100, 5.000000, 1.000000, 0.001000, 0.000010, 0.000000, 0.000000, 0.950000, 5.000000, -4.438177, -38.289499, 19.256925, 166.818620, 1000, 0.000100, 2.000000, -1.000000, -1.000000, 0.100000, 0.000100, 1.000000, 0.001000, 0.000010, 0.000000, 0.000000, 0.950000, -1.330881, 4.157576, 0.709863, -7.905255, 1000
5.29, 0.000100, 0.200000, 0.470000, -9.810000, 6.000000, 0.000000, 0.000000, 0.000000, 10.000000, -1.000000, 1.000000, -1.000000, 0.100000, 0.000100, 1.000000, 0.001000, 0.000010, 0.000000, 0.000000, 0.950000, 0.700927, -8.021670, 19.312382, 166.613765, -1.310902, 4.218260, -4.451396, -38.247650, 1000, 0.000100, -1.000000, -1.000000, 0.100000, 0.000100, 5.000000, 1.000000, 0.001000, 0.000010, 0.000000, 0.000000, 0.950000, 5.000000, -4.451396, -38.247650, 19.312382, 166.613765, 1000, 0.000100, 2.000000, -1.000000, -1.000000, 0.100000, 0.000100, 1.000000, 0.001000, 0.000010, 0.000000, 0.000000, 0.950000, -1.310902, 4.218260, 0.700927, -8.021670, 1000
5.3, 0.000100, 0.200000, 0.470000, -9.810000, 6.000000, 0.000000, 0.000000, 0.000000, 10.000000, -1.000000, 1.000000, -1.000000, 0.100000, 0.000100, 1.000000, 0.001000, 0.000010, 0.000000, 0.000000, 0.950000, 0.691921, -8.137422, 19.366900, 166.405865, -1.290876, 4.278619, -4.464415, -38.205196, 1000, 0.000100, -1.000000, -1.000000, 0.100000, 0.000100, 5.000000, 1.000000, 0.001000, 0.000010, 0.000000, 0.000000, 0.950000, 5.000000, -4.464415, -38.205196, 19.366900, 166.405865, 1000, 0.000100, 2.000000, -1.000000, -1.000000, 0.100000, 0.000100, 1.000000, 0.001000, 0.000010, 0.000000, 0.000000, 0.950000, -1.290876, 4.278619, 0.691921, -8.137422, 1000
5.31, 0.000100, 0.200000, 0.470000, -9.810000, 6.000000, 0.000000, 0.000000, 0.000000, 10.000000, -1.000000, 1.000000, -1.000000, 0.100000, 0.000100, 1.000000, 0.001000, 0.000010, 0.000000, 0.000000, 0.950000, 0.682844, -8.252504, 19.420478, 166.194937, -1.270805, 4.338650, -4.477234, -38.162140, 1000, 0.000100, -1.000000, -1.000000, 0.100000, 0.000100, 5.000000, 1.000000, 0.001000, 0.000010, 0.000000, 0.000000, 0.950000, 5.000000, -4.477234, -38.162140, 19.420478, 166.194937, 1000, 0.000100, 2.000000, -1.000000, -1.000000, 0.100000, 0.000100, 1.000000, 0.001000, 0.000010, 0.000000, 0.000000, 0.950000, -1.270805, 4.338650, 0.682844, -8.252504, 1000
5.32, 0.000100, 0.200000, 0.470000, -9.810000, 6.000000, 0.000000, 0.000000, 0.000000, 10.000000, -1.000000, 1.000000, -1.000000, 0.100000, 0.000100, 1.000000, 0.001000, 0.000010, 0.000000, 0.000000, 0.950000, 0.673697, -8.366913, 19.473114, 165.980997, -1.250690, 4.398352, -4.489851, -38.118485, 1000, 0.000100, -1.000000, -1.000000, 0.100000, 0.000100, 5.000000, 1.000000, 0.001000, 0.000010, 0.000000, 0.000000, 0.950000, 5.000000, -4.489851, -38.118485, 19.473114, 165.980997, 1000, 0.000100, 2.000000, -1.000000, -1.000000, 0.100000, 0.000100, 1.000000, 0.001000, 0.000010, 0.000000, 0.000000, 0.950000, -1.250690, 4.398352, 0.673697, -8.366913, 1000
5.33, 0.000100, 0.200000, 0.470000, -9.810000, 6.000000, 0.000000, 0.000000, 0.000000, 10.000000, -1.000000, 1.000000, -1.000000, 0.100000, 0.000100, 1.000000, 0.001000, 0.000010, 0.000000, 0.000000, 0.950000, 0.664481, -8.480644, 19.524804, 165.764061, -1.230532, 4.457721, -4.502267, -38.074234, 1000, 0.000100, -1.000000, -1.000000, 0.100000, 0.000100, 5.000000, 1.000000, 0.001000, 0.000010, 0.000000, 0.000000, 0.950000, 5.000000, -4.502267, -38.074234, 19.524804, 165.764061, 1000, 0.000100, 2.000000, -1.000000, -1.000000, 0.100000, 0.000100, 1.000000, 0.001000, 0.000010, 0.000000, 0.000000, 0.950000, -1.230532, 4.457721, 0.664481, -8.480644, 1000
5.34, 0.000100, 0.200000, 0.470000, -9.810000, 6.000000, 0.000000, 0.000000, 0.000000, 10.000000, -1.000000, 1.000000, -1.000000, 0.100000, 0.000100, 1.000000, 0.001000, 0.000010, 0.000000, 0.000000, 0.950000, 0.655196, -8.593693, 19.575548, 165.544145, -1.210331, 4.516756, -4.514482, -38.029391, 1000, 0.000100, -1.000000, -1.000000, 0.100000, 0.000100, 5.000000, 1.000000, 0.001000, 0.000010, 0.000000, 0.000000, 0.950000, 5.000000, -4.514482, -38.029391, 19.575548, 165.544145, 1000, 0.000100, 2.000000, -1.000000, -1.000000, 0.100000, 0.000100, 1.000000, 0.001000, 0.000010, 0.000000, 0.000000, 0.950000, -1.210331, 4.516756, 0.655196, -8.593693, 1000
5.35, 0.000100, 0.200000, 0.470000, -9.810000, 6.000000, 0.000000, 0.000000, 0.000000, 10.000000, -1.000000, 1.000000, -1.000000, 0.100000, 0.000100, 1.000000, 0.001000, 0.000010, 0.000000, 0.000000, 0.950000, 0.645842, -8.706056, 19.625343, 165.321267, -1.190090, 4.575454, -4.526494, -37.983959, 1000, 0.000100, -1.000000, -1.000000, 0.100000, 0.000100, 5.000000, 1.000000, 0.001000, 0.000010, 0.000000, 0.000000, 0.950000, 5.000000, -4.526494, -37.983959, 19.625343, 165.321267, 1000, 0.000100, 2.000000, -1.000000, -1.000000, 0.100000, 0.000100, 1.000000, 0.001000, 0.000010, 0.000000, 0.000000, 0.950000, -1.190090, 4.575454, 0.645842, -8.706056, 1000
5.36, 0.000100, 0.200000, 0.470000, -9.810000, 6.000000, 0.000000, 0.000000, 0.000000, 10.000000, -1.000000, 1.000000, -1.000000, 0.100000, 0.000100, 1.000000, 0.001000, 0.000010, 0.000000, 0.000000, 0.950000, 0.636420, -8.817728, 19.674187, 165.095443, -1.169808, 4.633813, -4.538304, -37.937942, 1000, 0.000100, -1.000000, -1.000000, 0.100000, 0.000100, 5.000000, 1.000000, 0.001000, 0.000010, 0.000000, 0.000000, 0.950000, 5.000000, -4.538304, -37.937942, 19.674187, 165.095443, 1000, 0.000100, 2.000000, -1.000000, -1.000000, 0.100000, 0.000100, 1.000000, 0.001000, 0.000010, 0.000000, 0.000000, 0.950000, -1.169808, 4.633813, 0.636420, -8.817728, 1000
5.37, 0.000100, 0.200000, 0.470000, -9.810000, 6.000000, 0.000000, 0.000000, 0.000000, 10.000000, -1.000000, 1.000000, -1.000000, 0.100000, 0.000100, 1.000000, 0.001000, 0.000010, 0.000000, 0.000000, 0.950000, 0.626929, -8.928704, 19.722079, 164.866689, -1.149488, 4.691831, -4.549910, -37.891343, 1000, 0.000100, -1.000000, -1.000000, 0.100000, 0.000100, 5.000000, 1.000000, 0.001000, 0.000010, 0.000000, 0.000000, 0.950000, 5.000000, -4.549910, -37.891343, 19.722079, 164.866689, 1000, 0.000100, 2.000000, -1.000000, -1.000000, 0.100000, 0.000100, 1.000000, 0.001000, 0.000010, 0.000000, 0.000000, 0.950000, -1.149488, 4.691831, 0.626929, -8.928704, 1000
5.38, 0.000100, 0.200000, 0.470000, -9.810000, 6.000000, 0.000000, 0.000000, 0.000000, 10.000000, -1.000000, 1.000000, -1.000000, 0.100000, 0.000100, 1.000000, 0.001000, 0.000010, 0.000000, 0.000000, 0.950000, 0.617371, -9.038981, 19.769016, 164.635023, -1.129129, 4.749504, -4.561313, -37.844165, 1000, 0.000100, -1.000000, -1.000000, 0.100000, 0.000100, 5.000000, 1.000000, 0.001000, 0.000010, 0.000000, 0.000000, 0.950000, 5.000000, -4.561313, -37.844165, 19.769016, 164.635023, 1000, 0.000100, 2.000000, -1.000000, -1.000000, 0.100000, 0.000100, 1.000000, 0.001000, 0.000010, 0.000000, 0.000000, 0.950000, -1.129129, 4.749504, 0.617371, -9.038981, 1000
5.39, 0.000100, 0.200000, 0.470000, -9.810000, 6.000000, 0.000000, 0.000000, 0.000000, 10.000000, -1.000000, 1.000000, -1.000000, 0.100000, 0.000100, 1.000000, 0.001000, 0.000010, 0.000000, 0.000000, 0.950000, 0.607746, -9.148555, 19.814997, 164.400461, -1.108734, 4.806832, -4.572513, -37.796412, 1000, 0.000100, -1.000000, -1.000000, 0.100000, 0.000100, 5.000000, 1.000000, 0.001000, 0.000010, 0.000000, 0.000000, 0.950000, 5.000000, -4.572513, -37.796412, 19.814997, 164.400461, 1000, 0.000100, 2.000000, -1.000000, -1.000000, 0.100000, 0.000100, 1.000000, 0.001000, 0.000010, 0.000000, 0.000000, 0.950000, -1.108734, 4.806832, 0.607746, -9.148555, 1000
5.4, 0.000100, 0.200000, 0.470000, -9.810000, 6.000000, 0.000000, 0.000000, 0.000000, 10.000000, -1.000000, 1.000000, -1.000000, 0.100000, 0.000100, 1.000000, 0.001000, 0.000010, 0.000000, 0.000000, 0.950000, 0.598054, -9.257421, 19.860021, 164.163021, -1.088302, 4.863812, -4.583508, -37.748087, 1000, 0.000100, -1.000000, -1.000000, 0.100000, 0.000100, 5.000000, 1.000000, 0.001000, 0.000010, 0.000000, 0.000000, 0.950000, 5.000000, -4.583508, -37.748087, 19.860021, 164.163021, 1000, 0.000100, 2.000000, -1.000000, -1.000000, 0.100000, 0.000100, 1.000000, 0.001000, 0.000010, 0.000000, 0.000000, 0.950000, -1.088302, 4.863812, 0.598054, -9.257421, 1000
5.41, 0.000100, 0.200000, 0.470000, -9.810000, 6.000000, 0.000000, 0.000000, 0.000000, 10.000000, -1.000000, 1.000000, -1.000000, 0.100000, 0.000100, 1.000000, 0.001000, 0.000010, 0.000000, 0.000000, 0.950000, 0.588295, -9.365575, 19.904085, 163.922720, -1.067835, 4.920441, -4.594299, -37.699194, 1000, 0.000100, -1.000000, -1.000000, 0.100000, 0.000100, 5.000000, 1.000000, 0.001000, 0.000010, 0.000000, 0.000000, 0.950000, 5.000000, -4.594299, -37.699194, 19.904085, 163.922720, 1000, 0.000100, 2.000000, -1.000000, -1.000000, 0.100000, 0.000100, 1.000000, 0.001000, 0.000010, 0.000000, 0.000000, 0.950000, -1.067835, 4.920441, 0.588295, -9.365575, 1000
5.42, 0.000100, 0.200000, 0.470000, -9.810000, 6.000000, 0.000000, 0.000000, 0.000000, 10.000000, -1.000000, 1.000000, -1.000000, 0.100000, 0.000100, 1.000000, 0.001000, 0.000010, 0.000000, 0.000000, 0.950000, 0.578470, -9.473014, 19.947189, 163.679575, -1.047335, 4.976717, -4.604885, -37.649737, 1000, 0.000100, -1.000000, -1.000000, 0.100000, 0.000100, 5.000000, 1.000000, 0.001000, 0.000010, 0.000000, 0.000000, 0.950000, 5.000000, -4.604885, -37.649737, 19.947189, 163.679575, 1000, 0.000100, 2.000000, -1.000000, -1.000000, 0.100000, 0.000100, 1.000000, 0.001000, 0.000010, 0.000000, 0.000000, 0.950000, -1.047335, 4.976717, 0.578470, -9.473014, 1000
5.43, 0.000100, 0.200000, 0.470000, -9.810000, 6.000000, 0.000000, 0.000000, 0.000000, 10.000000, -1.000000, 1.000000, -1.000000, 0.100000, 0.000100, 1.000000, 0.001000, 0.000010, 0.000000, 0.000000, 0.950000, 0.568580, -9.579732, 19.989330, 163.433604, -1.026801, 5.032639, -4.615266, -37.599718, 1000, 0.000100, -1.000000, -1.000000, 0.100000, 0.000100, 5.000000, 1.000000, 0.001000, 0.000010, 0.000000, 0.000000, 0.950000, 5.000000, -4.615266, -37.599718, 19.989330, 163.433604, 1000, 0.000100, 2.000000, -1.000000, -1.000000, 0.100000, 0.000100, 1.000000, 0.001000, 0.000010, 0.000000, 0.000000, 0.950000, -1.026801, 5.032639, 0.568580, -9.579732, 1000
5.44, 0.000100, 0.200000, 0.470000, -9.810000, 6.000000, 0.000000, 0.000000, 0.000000, 10.000000, -1.000000, 1.000000, -1.000000, 0.100000, 0.000100, 1.000000, 0.001000, 0.000010, 0.000000, 0.000000, 0.950000, 0.558624, -9.685728, 20.030507, 163.184825, -1.006236, 5.088204, -4.625442, -37.549142, 1000, 0.000100, -1.000000, -1.000000, 0.100000, 0.000100, 5.000000, 1.000000, 0.001000, 0.000010, 0.000000, 0.000000, 0.950000, 5.000000, -4.625442, -37.549142, 20.030507, 163.184825, 1000, 0.000100, 2.000000, -1.000000, -1.000000, 0.100000, 0.000100, 1.000000, 0.001000, 0.000010, 0.000000, 0.000000, 0.950000, -1.006236, 5.088204, 0.558624, -9.685728, 1000
5.45, 0.000100, 0.200000, 0.470000, -9.810000, 6.000000, 0.000000, 0.000000, 0.000000, 10.000000, -1.000000, 1.000000, -1.000000, 0.100000, 0.000100, 1.000000, 0.001000, 0.000010, 0.000000, 0.000000, 0.950000, 0.548604, -9.790996, 20.070719, 162.933254, -0.985639, 5.143410, -4.635411, -37.498011, 1000, 0.000100, -1.000000, -1.000000, 0.100000, 0.000100, 5.000000, 1.000000, 0.001000, 0.000010, 0.000000, 0.000000, 0.950000, 5.000000, -4.635411, -37.498011, 20.070719, 162.933254, 1000, 0.000100, 2.000000, -1.000000, -1.000000, 0.100000, 0.000100, 1.000000, 0.001000, 0.000010, 0.000000, 0.000000, 0.950000, -0.985639, 5.143410, 0.548604, -9.790996, 1000
5.46, 0.000100, 0.200000, 0.470000, -9.810000, 6.000000, 0.000000, 0.000000, 0.000000, 10.000000, -1.000000, 1.000000, -1.000000, 0.100000, 0.000100, 1.000000, 0.001000, 0.000010, 0.000000, 0.000000, 0.950000, 0.538519, -9.895532, 20.109965, 162.678910, -0.965013, 5.198255, -4.645175, -37.446330, 1000, 0.000100, -1.000000, -1.000000, 0.100000, 0.000100, 5.000000, 1.000000, 0.001000, 0.000010, 0.000000, 0.000000, 0.950000, 5.000000, -4.645175, -37.446330, 20.109965, 162.678910, 1000, 0.000100, 2.000000, -1.000000, -1.000000, 0.100000, 0.000100, 1.000000, 0.001000, 0.000010, 0.000000, 0.000000, 0.950000, -0.965013, 5.198255, 0.538519, -9.895532, 1000
5.47, 0.000100, 0.200000, 0.470000, -9.810000, 6.000000, 0.000000, 0.000000, 0.000000, 10.000000, -1.000000, 1.000000, -1.000000, 0.100000, 0.000100, 1.000000, 0.001000, 0.000010, 0.000000, 0.000000, 0.950000, 0.528370, -9.999334, 20.148242, 162.421811, -0.944357, 5.252737, -4.654732, -37.394102, 1000, 0.000100, -1.000000, -1.000000, 0.100000, 0.000100, 5.000000, 1.000000, 0.001000, 0.000010, 0.000000, 0.000000, 0.950000, 5.000000, -4.654732, -37.394102, 20.148242, 162.421811, 1000, 0.000100, 2.000000, -1.000000, -1.000000, 0.100000, 0.000100, 1.000000, 0.001000, 0.000010, 0.000000, 0.000000, 0.950000, -0.944357, 5.252737, 0.528370, -9.999334, 1000
5.48, 0.000100, 0.200000, 0.470000, -9.810000, 6.000000, 0.000000, 0.000000, 0.000000, 10.000000, -1.000000, 1.000000, -1.000000, 0.100000, 0.000100, 1.000000, 0.001000, 0.000010, 0.000000, 0.000000, 0.950000, 0.518158, -10.102397, 20.185551, 162.161974, -0.923674, 5.306854, -4.664083, -37.341332, 1000, 0.000100, -1.000000, -1.000000, 0.100000, 0.000100, 5.000000, 1.000000, 0.001000, 0.000010, 0.000000, 0.000000, 0.950000, 5.000000, -4.664083, -37.341332, 20.185551, 162.161974, 1000, 0.000100, 2.000000, -1.000000, -1.000000, 0.100000, 0.000100, 1.000000, 0.001000, 0.000010, 0.000000, 0.000000, 0.950000, -0.923674, 5.306854, 0.518158, -10.102397, 1000
5.49, 0.000100, 0.200000, 0.470000, -9.810000, 6.000000, 0.000000, 0.000000, 0.000000, 10.000000, -1.000000, 1.000000, -1.000000, 0.100000, 0.000100, 1.000000, 0.001000, 0.000010, 0.000000, 0.000000, 0.950000, 0.507882, -10.204717, 20.221889, 161.899418, -0.902964, 5.360604, -4.673226, -37.288021, 1000, 0.000100, -1.000000, -1.000000, 0.100000, 0.000100, 5.000000, 1.000000, 0.001000, 0.000010, 0.000000, 0.000000, 0.950000, 5.000000, -4.673226, -37.288021, 20.221889, 161.899418, 1000, 0.000100, 2.000000, -1.000000, -1.000000, 0.100000, 0.000100, 1.000000, 0.001000, 0.000010, 0.000000, 0.000000, 0.950000, -0.902964, 5.360604, 0.507882, -10.204717, 1000
5.5, 0.000100, 0.200000, 0.470000, -9.810000, 6.000000, 0.000000, 0.000000, 0.000000, 10.000000, -1.000000, 1.000000, -1.000000, 0.100000, 0.000100, 1.000000, 0.001000, 0.000010, 0.000000, 0.000000, 0.950000, 0.497544, -10.306291, 20.257256, 161.634161, -0.882229, 5.413985, -4.682163, -37.234175, 1000, 0.000100, -1.000000, -1.000000, 0.100000, 0.000100, 5.000000, 1.000000, 0.001000, 0.000010, 0.000000, 0.000000, 0.950000, 5.000000, -4.682163, -37.234175, 20.257256, 161.634161, 1000, 0.000100, 2.000000, -1.000000, -1.000000, 0.100000, 0.000100, 1.000000, 0.001000, 0.000010, 0.000000, 0.000000, 0.950000, -0.882229, 5.413985, 0.497544, -10.306291, 1000
5.51, 0.000100, 0.200000, 0.470000, -9.810000, 6.000000, 0.000000, 0.000000, 0.000000, 10.000000, -1.000000, 1.000000, -1.000000, 0.100000, 0.000100, 1.000000, 0.001000, 0.000010, 0.000000, 0.000000, 0.950000, 0.487143, -10.407116, 20.291651, 161.366221, -0.861468, 5.466994, -4.690891, -37.179796, 1000, 0.000100, -1.000000, -1.000000, 0.100000, 0.000100, 5.000000, 1.000000, 0.001000, 0.000010, 0.000000, 0.000000, 0.950000, 5.000000, -4.690891, -37.179796, 20.291651, 161.366221, 1000, 0.000100, 2.000000, -1.000000, -1.000000, 0.100000, 0.000100, 1.000000, 0.001000, 0.000010, 0.000000, 0.000000, 0.950000, -0.861468, 5.466994, 0.487143, -10.407116, 1000
5.52, 0.000100, 0.200000, 0.470000, -9.810000, 6.000000, 0.000000, 0.000000, 0.000000, 10.000000, -1.000000, 1.000000, -1.000000, 0.100000, 0.000100, 1.000000, 0.001000, 0.000010, 0.000000, 0.000000, 0.950000, 0.476681, -10.507187, 20.325072, 161.095617, -0.840684, 5.519631, -4.699413, -37.124890, 1000, 0.000100, -1.000000, -1.000000, 0.100000, 0.000100, 5.000000, 1.000000, 0.001000, 0.000010, 0.000000, 0.000000, 0.950000, 5.000000, -4.699413, -37.124890, 20.325072, 161.095617, 1000, 0.000100, 2.000000, -1.000000, -1.000000, 0.100000, 0.000100, 1.000000, 0.001000, 0.000010, 0.000000, 0.000000, 0.950000, -0.840684, 5.519631, 0.476681, -10.507187, 1000
5.53, 0.000100, 0.200000, 0.470000, -9.810000, 6.000000, 0.000000, 0.000000, 0.000000, 10.000000, -1.000000, 1.000000, -1.000000, 0.100000, 0.000100, 1.000000, 0.001000, 0.000010, 0.000000, 0.000000, 0.950000, 0.466158, -10.606502, 20.357519, 160.822366, -0.819877, 5.571892, -4.707726, -37.069458, 1000, 0.000100, -1.000000, -1.000000, 0.100000, 0.000100, 5.000000, 1.000000, 0.001000, 0.000010, 0.000000, 0.000000, 0.950000, 5.000000, -4.707726, -37.069458, 20.357519, 160.822366, 1000, 0.000100, 2.000000, -1.000000, -1.000000, 0.100000, 0.000100, 1.000000, 0.001000, 0.000010, 0.000000, 0.000000, 0.950000, -0.819877, 5.571892, 0.466158, -10.606502, 1000
5.54, 0.000100, 0.200000, 0.470000, -9.810000, 6.000000, 0.000000, 0.000000, 0.000000, 10.000000, -1.000000, 1.000000, -1.000000, 0.100000, 0.000100, 1.000000, 0.001000, 0.000010, 0.000000, 0.000000, 0.950000, 0.455573, -10.705056, 20.388991, 160.546489, -0.799049, 5.623777, -4.715831, -37.013506, 1000, 0.000100, -1.000000, -1.000000, 0.100000, 0.000100, 5.000000, 1.000000, 0.001000, 0.000010, 0.000000, 0.000000, 0.950000, 5.000000, -4.715831, -37.013506, 20.388991, 160.546489, 1000, 0.000100, 2.000000, -1.000000, -1.000000, 0.100000, 0.000100, 1.000000, 0.001000, 0.000010, 0.000000, 0.000000, 0.950000, -0.799049, 5.623777, 0.455573, -10.705056, 1000
5.55, 0.000100, 0.200000, 0.470000, -9.810000, 6.000000, 0.000000, 0.000000, 0.000000, 10.000000, -1.000000, 1.000000, -1.000000, 0.100000, 0.000100, 1.000000, 0.001000, 0.000010, 0.000000, 0.000000, 0.950000, 0.444929, -10.802847, 20.419487, 160.268003, -0.778200, 5.675283, -4.723728, -36.957036, 1000, 0.000100, -1.000000, -1.000000, 0.100000, 0.000100, 5.000000, 1.000000, 0.001000, 0.000010, 0.000000, 0.000000, 0.950000, 5.000000, -4.723728, -36.957036, 20.419487, 160.268003, 1000, 0.000100, 2.000000, -1.000000, -1.000000, 0.100000, 0.000100, 1.000000, 0.001000, 0.000010, 0.000000, 0.000000, 0.950000, -0.778200, 5.675283, 0.444929, -10.802847, 1000
5.56, 0.000100, 0.200000, 0.470000, -9.810000, 6.000000, 0.000000, 0.000000, 0.000000, 10.000000, -1.000000, 1.000000, -1.000000, 0.100000, 0.000100, 1.000000, 0.001000, 0.000010, 0.000000, 0.000000, 0.950000, 0.434224, -10.899872, 20.449006, 159.986926, -0.757331, 5.726408, -4.731416, -36.900053, 1000, 0.000100, -1.000000, -1.000000, 0.100000, 0.000100, 5.000000, 1.000000, 0.001000, 0.000010, 0.000000, 0.000000, 0.950000, 5.000000, -4.731416, -36.900053, 20.449006, 159.986926, 1000, 0.000100, 2.000000, -1.000000, -1.000000, 0.100000, 0.000100, 1.000000, 0.001000, 0.000010, 0.000000, 0.000000, 0.950000, -0.757331, 5.726408, 0.434224, -10.899872, 1000
5.57, 0.000100, 0.200000, 0.470000, -9.810000, 6.000000, 0.000000, 0.000000, 0.000000, 10.000000, -1.000000, 1.000000, -1.000000, 0.100000, 0.000100, 1.000000, 0.001000, 0.000010, 0.000000, 0.000000, 0.950000, 0.423460, -10.996126, 20.477547, 159.703279, -0.736444, 5.777151, -4.738895, -36.842561, 1000, 0.000100, -1.000000, -1.000000, 0.100000, 0.000100, 5.000000, 1.000000, 0.001000, 0.000010, 0.000000, 0.000000, 0.950000, 5.000000, -4.738895, -36.842561, 20.477547, 159.703279, 1000, 0.000100, 2.000000, -1.000000, -1.000000, 0.100000, 0.000100, 1.000000, 0.001000, 0.000010, 0.000000, 0.000000, 0.950000, -0.736444, 5.777151, 0.423460, -10.996126, 1000
5.58, 0.000100, 0.200000, 0.470000, -9.810000, 6.000000, 0.000000, 0.000000, 0.000000, 10.000000, -1.000000, 1.000000, -1.000000, 0.100000, 0.000100, 1.000000, 0.001000, 0.000010, 0.000000, 0.000000, 0.950000, 0.412637, -11.091607, 20.505111, 159.417080, -0.715539, 5.827510, -4.746165, -36.784563, 1000, 0.000100, -1.000000, -1.000000, 0.100000, 0.000100, 5.000000, 1.000000, 0.001000, 0.000010, 0.000000, 0.000000, 0.950000, 5.000000, -4.746165, -36.784563, 20.505111, 159.417080, 1000, 0.000100, 2.000000, -1.000000, -1.000000, 0.100000, 0.000100, 1.000000, 0.001000, 0.000010, 0.000000, 0.000000, 0.950000, -0.715539, 5.827510, 0.412637, -11.091607, 1000
5.59, 0.000100, 0.200000, 0.470000, -9.810000, 6.000000, 0.000000, 0.000000, 0.000000, 10.000000, -1.000000, 1.000000, -1.000000, 0.100000, 0.000100, 1.000000, 0.001000, 0.000010, 0.000000, 0.000000, 0.950000, 0.401756, -11.186311, 20.531695, 159.128347, -0.694617, 5.877483, -4.753227, -36.726063, 1000, 0.000100, -1.000000, -1.000000, 0.100000, 0.000100, 5.000000, 1.000000, 0.001000, 0.000010, 0.000000, 0.000000, 0.950000, 5.000000, -4.753227, -36.726063, 20.531695, 159.128347, 1000, 0.000100, 2.000000, -1.000000, -1.000000, 0.100000, 0.000100, 1.000000, 0.001000, 0.000010, 0.000000, 0.000000, 0.950000, -0.694617, 5.877483, 0.401756, -11.186311, 1000
5.6, 0.000100, 0.200000, 0.470000, -9.810000, 6.000000, 0.000000, 0.000000, 0.000000, 10.000000, -1.000000, 1.000000, -1.000000, 0.100000, 0.000100, 1.000000, 0.001000, 0.000010, 0.000000, 0.000000, 0.950000, 0.390817, -11.280236, 20.557301, 158.837101, -0.673680, 5.927068, -4.760078, -36.667065, 1000, 0.000100, -1.000000, -1.000000, 0.100000, 0.000100, 5.000000, 1.000000, 0.001000, 0.000010, 0.000000, 0.000000, 0.950000, 5.000000, -4.760078, -36.667065, 20.557301, 158.837101, 1000, 0.000100, 2.000000, -1.000000, -1.000000, 0.100000, 0.000100, 1.000000, 0.001000, 0.000010, 0.000000, 0.000000, 0.950000, -0.673680, 5.927068, 0.390817, -11.280236, 1000
5.61, 0.000100, 0.200000, 0.470000, -9.810000, 6.000000, 0.000000, 0.000000, 0.000000, 10.000000, -1.000000, 1.000000, -1.000000, 0.100000, 0.000100, 1.000000, 0.001000, 0.000010, 0.000000, 0.000000, 0.950000, 0.379821, -11.373378, 20.581927, 158.543360, -0.652729, 5.976264, -4.766721, -36.607573, 1000, 0.000100, -1.000000, -1.000000, 0.100000, 0.000100, 5.000000, 1.000000, 0.001000, 0.000010, 0.000000, 0.000000, 0.950000, 5.000000, -4.766721, -36.607573, 20.581927, 158.543360, 1000, 0.000100, 2.000000, -1.000000, -1.000000, 0.100000, 0.000100, 1.000000, 0.001000, 0.000010, 0.000000, 0.000000, 0.950000, -0.652729, 5.976264, 0.379821, -11.373378, 1000
5.62, 0.000100, 0.200000, 0.470000, -9.810000, 6.000000, 0.000000, 0.000000, 0.000000, 10.000000, -1.000000, 1.000000, -1.000000, 0.100000, 0.000100, 1.000000, 0.001000, 0.000010, 0.000000, 0.000000, 0.950000, 0.368767, -11.465735, 20.605572, 158.247144, -0.631764, 6.025068, -4.773154, -36.547590, 1000, 0.000100, -1.000000, -1.000000, 0.100000, 0.000100, 5.000000, 1.000000, 0.001000, 0.000010, 0.000000, 0.000000, 0.950000, 5.000000, -4.773154, -36.547590, 20.605572, 158.247144, 1000, 0.000100, 2.000000, -1.000000, -1.000000, 0.100000, 0.000100, 1.000000, 0.001000, 0.000010, 0.000000, 0.000000, 0.950000, -0.631764, 6.025068, 0.368767, -11.465735, 1000
5.63, 0.000100, 0.200000, 0.470000, -9.810000, 6.000000, 0.000000, 0.000000, 0.000000, 10.000000, -1.000000, 1.000000, -1.000000, 0.100000, 0.000100, 1.000000, 0.001000, 0.000010, 0.000000, 0.000000, 0.950000, 0.357658, -11.557302, 20.628237, 157.948471, -0.610787, 6.073480, -4.779377, -36.487122, 1000, 0.000100, -1.000000, -1.000000, 0.100000, 0.000100, 5.000000, 1.000000, 0.001000, 0.000010, 0.000000, 0.000000, 0.950000, 5.000000, -4.779377, -36.487122, 20.628237, 157.948471, 1000, 0.000100, 2.000000, -1.000000, -1.000000, 0.100000, 0.000100, 1.000000, 0.001000, 0.000010, 0.000000, 0.000000, 0.950000, -0.610787, 6.073480, 0.357658, -11.557302, 1000
5.64, 0.000100, 0.200000, 0.470000, -9.810000, 6.000000, 0.000000, 0.000000, 0.000000, 10.000000, -1.000000, 1.000000, -1.000000, 0.100000, 0.000100, 1.000000, 0.001000, 0.000010, 0.000000, 0.000000, 0.950000, 0.346492, -11.648079, 20.649922, 157.647362, -0.589798, 6.121496, -4.785391, -36.426171, 1000, 0.000100, -1.000000, -1.000000, 0.100000, 0.000100, 5.000000, 1.000000, 0.001000, 0.000010, 0.000000, 0.000000, 0.950000, 5.000000, -4.785391, -36.426171, 20.649922, 157.647362, 1000, 0.000100, 2.000000, -1.000000, -1.000000, 0.100000, 0.000100, 1.000000, 0.001000, 0.000010, 0.000000, 0.000000, 0.950000, -0.589798, 6.121496, 0.346492, -11.648079, 1000
5.65, 0.000100, 0.200000, 0.470000, -9.810000, 6.000000, 0.000000, 0.000000, 0.000000, 10.000000, -1.000000, 1.000000, -1.000000, 0.100000, 0.000100, 1.000000, 0.001000, 0.000010, 0.000000, 0.000000, 0.950000, 0.335272, -11.738060, 20.670625, 157.343836, -0.568799, 6.169117, -4.791194, -36.364742, 1000, 0.000100, -1.000000, -1.000000, 0.100000, 0.000100, 5.000000, 1.000000, 0.001000, 0.000010, 0.000000, 0.000000, 0.950000, 5.000000, -4.791194, -36.364742, 20.670625, 157.343836, 1000, 0.000100, 2.000000, -1.000000, -1.000000, 0.100000, 0.000100, 1.000000, 0.001000, 0.000010, 0.000000, 0.000000, 0.950000, -0.568799, 6.169117, 0.335272, -11.738060, 1000
5.66, 0.000100, 0.200000, 0.470000, -9.810000, 6.000000, 0.000000, 0.000000, 0.000000, 10.000000, -1.000000, 1.000000, -1.000000, 0.100000, 0.000100, 1.000000, 0.001000, 0.000010, 0.000000, 0.000000, 0.950000, 0.323996, -11.827244, 20.690347, 157.037913, -0.547791, 6.216340, -4.796788, -36.302838, 1000, 0.000100, -1.000000, -1.000000, 0.100000, 0.000100, 5.000000, 1.000000, 0.001000, 0.000010, 0.000000, 0.000000, 0.950000, 5.000000, -4.796788, -36.302838, 20.690347, 157.037913, 1000, 0.000100, 2.000000, -1.000000, -1.000000, 0.100000, 0.000100, 1.000000, 0.001000, 0.000010, 0.000000, 0.000000, 0.950000, -0.547791, 6.216340, 0.323996, -11.827244, 1000
5.67, 0.000100, 0.200000, 0.470000, -9.810000, 6.000000, 0.000000, 0.000000, 0.000000, 10.000000, -1.000000, 1.000000, -1.000000, 0.100000, 0.000100, 1.000000, 0.001000, 0.000010, 0.000000, 0.000000, 0.950000, 0.312667, -11.915628, 20.709087, 156.729612, -0.526775, 6.263163, -4.802171, -36.240464, 1000, 0.000100, -1.000000, -1.000000, 0.100000, 0.000100, 5.000000, 1.000000, 0.001000, 0.000010, 0.000000, 0.000000, 0.950000, 5.000000, -4.802171, -36.240464, 20.709087, 156.729612, 1000, 0.000100, 2.000000, -1.000000, -1.000000, 0.100000, 0.000100, 1.000000, 0.001000, 0.000010, 0.000000, 0.000000, 0.950000, -0.526775, 6.263163, 0.312667, -11.915628, 1000
5.68, 0.000100, 0.200000, 0.470000, -9.810000, 6.000000, 0.000000, 0.000000, 0.000000, 10.000000, -1.000000, 1.000000, -1.000000, 0.100000, 0.000100, 1.000000, 0.001000, 0.000010, 0.000000, 0.000000, 0.950000, 0.301284, -12.003210, 20.726847, 156.418953, -0.505751, 6.309586, -4.807344, -36.177623, 1000, 0.000100, -1.000000, -1.000000, 0.100000, 0.000100, 5.000000, 1.000000, 0.001000, 0.000010, 0.000000, 0.000000, 0.950000, 5.000000, -4.807344, -36.177623, 20.726847, 156.418953, 1000, 0.000100, 2.000000, -1.000000, -1.000000, 0.100000, 0.000100, 1.000000, 0.001000, 0.000010, 0.000000, 0.000000, 0.950000, -0.505751, 6.309586, 0.301284, -12.003210, 1000
5.69, 0.000100, 0.200000, 0.470000, -9.810000, 6.000000, 0.000000, 0.000000, 0.000000, 10.000000, -1.000000, 1.000000, -1.000000, 0.100000, 0.000100, 1.000000, 0.001000, 0.000010, 0.000000, 0.000000, 0.950000, 0.289847, -12.089985, 20.743624, 156.105956, -0.484721, 6.355606, -4.812307, -36.114321, 1000, 0.000100, -1.000000, -1.000000, 0.100000, 0.000100, 5.000000, 1.000000, 0.001000, 0.000010, 0.000000, 0.000000, 0.950000, 5.000000, -4.812307, -36.114321, 20.743624, 156.105956, 1000, 0.000100, 2.000000, -1.000000, -1.000000, 0.100000, 0.000100, 1.000000, 0.001000, 0.000010, 0.000000, 0.000000, 0.950000, -0.484721, 6.355606, 0.289847, -12.089985, 1000
5.7, 0.000100, 0.200000, 0.470000, -9.810000, 6.000000, 0.000000, 0.000000, 0.000000, 10.000000, -1.000000, 1.000000, -1.000000, 0.100000, 0.000100, 1.000000, 0.001000, 0.000010, 0.000000, 0.000000, 0.950000, 0.278358, -12.175953, 20.759421, 155.790641, -0.463686, 6.401222, -4.817059, -36.050559, 1000, 0.000100, -1.000000, -1.000000, 0.100000, 0.000100, 5.000000, 1.000000, 0.001000, 0.000010, 0.000000, 0.000000, 0.950000, 5.000000, -4.817059, -36.050559, 20.759421, 155.790641, 1000, 0.000100, 2.000000, -1.000000, -1.000000, 0.100000, 0.000100, 1.000000, 0.001000, 0.000010, 0.000000, 0.000000, 0.950000, -0.463686, 6.401222, 0.278358, -12.175953, 1000
5.71, 0.000100, 0.200000, 0.470000, -9.810000, 6.000000, 0.000000, 0.000000, 0.000000, 10.000000, -1.000000, 1.000000, -1.000000, 0.100000, 0.000100, 1.000000, 0.001000, 0.000010, 0.000000, 0.000000, 0.950000, 0.266818, -12.261110, 20.774236, 155.473029, -0.442647, 6.446432, -4.821602, -35.986344, 1000, 0.000100, -1.000000, -1.000000, 0.100000, 0.000100, 5.000000, 1.000000, 0.001000, 0.000010, 0.000000, 0.000000, 0.950000, 5.000000, -4.821602, -35.986344, 20.774236, 155.473029, 1000, 0.000100, 2.000000, -1.000000, -1.000000, 0.100000, 0.000100, 1.000000, 0.001000, 0.000010, 0.000000, 0.000000, 0.950000, -0.442647, 6.446432, 0.266818, -12.261110, 1000
5.72, 0.000100, 0.200000, 0.470000, -9.810000, 6.000000, 0.000000, 0.000000, 0.000000, 10.000000, -1.000000, 1.000000, -1.000000, 0.100000, 0.000100, 1.000000, 0.001000, 0.000010, 0.000000, 0.000000, 0.950000, 0.255226, -12.345453, 20.788070, 155.153138, -0.421604, 6.491235, -4.825933, -35.921678, 1000, 0.000100, -1.000000, -1.000000, 0.100000, 0.000100, 5.000000, 1.000000, 0.001000, 0.000010, 0.000000, 0.000000, 0.950000, 5.000000, -4.825933, -35.921678, 20.788070, 155.153138, 1000, 0.000100, 2.000000, -1.000000, -1.000000, 0.100000, 0.000100, 1.000000, 0.001000, 0.000010, 0.000000, 0.000000, 0.950000, -0.421604, 6.491235, 0.255226, -12.345453, 1000
5.73, 0.000100, 0.200000, 0.470000, -9.810000, 6.000000, 0.000000, 0.000000, 0.000000, 10.000000, -1.000000, 1.000000, -1.000000, 0.100000, 0.000100, 1.000000, 0.001000, 0.000010, 0.000000, 0.000000, 0.950000, 0.243583, -12.428981, 20.800923, 154.830990, -0.400560, 6.535630, -4.830055, -35.856565, 1000, 0.000100, -1.000000, -1.000000, 0.100000, 0.000100, 5.000000, 1.000000, 0.001000, 0.000010, 0.000000, 0.000000, 0.950000, 5.000000, -4.830055, -35.856565, 20.800923, 154.830990, 1000, 0.000100, 2.000000, -1.000000, -1.000000, 0.100000, 0.000100, 1.000000, 0.001000, 0.000010, 0.000000, 0.000000, 0.950000, -0.400560, 6.535630, 0.243583, -12.428981, 1000
5.74, 0.000100, 0.200000, 0.470000, -9.810000, 6.000000, 0.000000, 0.000000, 0.000000, 10.000000, -1.000000, 1.000000, -1.000000, 0.100000, 0.000100, 1.000000, 0.001000, 0.000010, 0.000000, 0.000000, 0.950000, 0.231890, -12.511691, 20.812795, 154.506604, -0.379514, 6.579614, -4.833966, -35.791011, 1000, 0.000100, -1.000000, -1.000000, 0.100000, 0.000100, 5.000000, 1.000000, 0.001000, 0.000010, 0.000000, 0.000000, 0.950000, 5.000000, -4.833966, -35.791011, 20.812795, 154.506604, 1000, 0.000100, 2.000000, -1.000000, -1.000000, 0.100000, 0.000100, 1.000000, 0.001000, 0.000010, 0.000000, 0.000000, 0.950000, -0.379514, 6.579614, 0.231890, -12.511691, 1000
5.75, 0.000100, 0.200000, 0.470000, -9.810000, 6.000000, 0.000000, 0.000000, 0.000000, 10.000000, -1.000000, 1.000000, -1.000000, 0.100000, 0.000100, 1.000000, 0.001000, 0.000010, 0.000000, 0.000000, 0.950000, 0.220147, -12.593580, 20.823687, 154.180001, -0.358468, 6.623188, -4.837666, -35.725019, 1000, 0.000100, -1.000000, -1.000000, 0.100000, 0.000100, 5.000000, 1.000000, 0.001000, 0.000010, 0.000000, 0.000000, 0.950000, 5.000000, -4.837666, -35.725019, 20.823687, 154.180001, 1000, 0.000100, 2.000000, -1.000000, -1.000000, 0.100000, 0.000100, 1.000000, 0.001000, 0.000010, 0.000000, 0.000000, 0.950000, -0.358468, 6.623188, 0.220147, -12.593580, 1000
5.76, 0.000100, 0.200000, 0.470000, -9.810000, 6.000000, 0.000000, 0.000000, 0.000000, 10.000000, -1.000000, 1.000000, -1.000000, 0.100000, 0.000100, 1.000000, 0.001000, 0.000010, 0.000000, 0.000000, 0.950000, 0.208355, -12.674647, 20.833600, 153.851202, -0.337424, 6.666349, -4.841156, -35.658593, 1000, 0.000100, -1.000000, -1.000000, 0.100000, 0.000100, 5.000000, 1.000000, 0.001000, 0.000010, 0.000000, 0.000000, 0.950000, 5.000000, -4.841156, -35.658593, 20.833600, 153.851202, 1000, 0.000100, 2.000000, -1.000000, -1.000000, 0.100000, 0.000100, 1.000000, 0.001000, 0.000010, 0.000000, 0.000000, 0.950000, -0.337424, 6.666349, 0.208355, -12.674647, 1000
5.77, 0.000100, 0.200000, 0.470000, -9.810000, 6.000000, 0.000000, 0.000000, 0.000000, 10.000000, -1.000000, 1.000000, -1.000000, 0.100000, 0.000100, 1.000000, 0.001000, 0.000010, 0.000000, 0.000000, 0.950000, 0.196515, -12.754888, 20.842532, 153.520226, -0.316381, 6.709095, -4.844436, -35.591737, 1000, 0.000100, -1.000000, -1.000000, 0.100000, 0.000100, 5.000000, 1.000000, 0.001000, 0.000010, 0.000000, 0.000000, 0.950000, 5.000000, -4.844436, -35.591737, 20.842532, 153.520226, 1000, 0.000100, 2.000000, -1.000000, -1.000000, 0.100000, 0.000100, 1.000000, 0.001000, 0.000010, 0.000000, 0.000000, 0.950000, -0.316381, 6.709095, 0.196515, -12.754888, 1000
5.78, 0.000100, 0.200000, 0.470000, -9.810000, 6.000000, 0.000000, 0.000000, 0.000000, 10.000000, -1.000000, 1.000000, -1.000000, 0.100000, 0.000100, 1.000000, 0.001000, 0.000010, 0.000000, 0.000000, 0.950000, 0.184628, -12.834302, 20.850486, 153.187095, -0.295341, 6.751426, -4.847505, -35.524456, 1000, 0.000100, -1.000000, -1.000000, 0.100000, 0.000100, 5.000000, 1.000000, 0.001000, 0.000010, 0.000000, 0.000000, 0.950000, 5.000000, -4.847505, -35.524456, 20.850486, 153.187095, 1000, 0.000100, 2.000000, -1.000000, -1.000000, 0.100000, 0.000100, 1.000000, 0.001000, 0.000010, 0.000000, 0.000000, 0.950000, -0.295341, 6.751426, 0.184628, -12.834302, 1000
5.79, 0.000100, 0.200000, 0.470000, -9.810000, 6.000000, 0.000000, 0.000000, 0.000000, 10.000000, -1.000000, 1.000000, -1.000000, 0.100000, 0.000100, 1.000000, 0.001000, 0.000010, 0.000000, 0.000000, 0.950000, 0.172692, -12.912886, 20.857461, 152.851828, -0.274305, 6.793341, -4.850363, -35.456753, 1000, 0.000100, -1.000000, -1.000000, 0.100000, 0.000100, 5.000000, 1.000000, 0.001000, 0.000010, 0.000000, 0.000000, 0.950000, 5.000000, -4.850363, -35.456753, 20.857461, 152.851828, 1000, 0.000100, 2.000000, -1.000000, -1.000000, 0.100000, 0.000100, 1.000000, 0.001000, 0.000010, 0.000000, 0.000000, 0.950000, -0.274305, 6.793341, 0.172692, -12.912886, 1000
5.8, 0.000100, 0.200000, 0.470000, -9.810000, 6.000000, 0.000000, 0.000000, 0.000000, 10.000000, -1.000000, 1.000000, -1.000000, 0.100000, 0.000100, 1.000000, 0.001000, 0.000010, 0.000000, 0.000000, 0.950000, 0.160711, -12.990639, 20.863459, 152.514447, -0.253275, 6.834837, -4.853012, -35.388633, 1000, 0.000100, -1.000000, -1.000000, 0.100000, 0.000100, 5.000000, 1.000000, 0.001000, 0.000010, 0.000000, 0.000000, 0.950000, 5.000000, -4.853012, -35.388633, 20.863459, 152.514447, 1000, 0.000100, 2.000000, -1.000000, -1.000000, 0.100000, 0.000100, 1.000000, 0.001000, 0.000010, 0.000000, 0.000000, 0.950000, -0.253275, 6.834837, 0.160711, -12.990639, 1000
5.81, 0.000100, 0.200000, 0.470000, -9.810000, 6.000000, 0.000000, 0.000000, 0.000000, 10.000000, -1.000000, 1.000000, -1.000000, 0.100000, 0.000100, 1.000000, 0.001000, 0.000010, 0.000000, 0.000000, 0.950000, 0.148683, -13.067558, 20.868480, 152.174973, -0.232250, 6.875914, -4.855450, -35.320099, 1000, 0.000100, -1.000000, -1.000000, 0.100000, 0.000100, 5.000000, 1.000000, 0.001000, 0.000010, 0.000000, 0.000000, 0.950000, 5.000000, -4.855450, -35.320099, 20.868480, 152.174973, 1000, 0.000100, 2.000000, -1.000000, -1.000000, 0.100000, 0.000100, 1.000000, 0.001000, 0.000010, 0.000000, 0.000000, 0.950000, -0.232250, 6.875914, 0.148683, -13.067558, 1000
5.82, 0.000100, 0.200000, 0.470000, -9.810000, 6.000000, 0.000000, 0.000000, 0.000000, 10.000000, -1.000000, 1.000000, -1.000000, 0.100000, 0.000100, 1.000000, 0.001000, 0.000010, 0.000000, 0.000000, 0.950000, 0.136610, -13.143641, 20.872524, 151.833425, -0.211233, 6.916571, -4.857678, -35.251157, 1000, 0.000100, -1.000000, -1.000000, 0.100000, 0.000100, 5.000000, 1.000000, 0.001000, 0.000010, 0.000000, 0.000000, 0.950000, 5.000000, -4.857678, -35.251157, 20.872524, 151.833425, 1000, 0.000100, 2.000000, -1.000000, -1.000000, 0.100000, 0.000100, 1.000000, 0.001000, 0.000010, 0.000000, 0.000000, 0.950000, -0.211233, 6.916571, 0.136610, -13.143641, 1000
5.83, 0.000100, 0.200000, 0.470000, -9.810000, 6.000000, 0.000000, 0.000000, 0.000000, 10.000000, -1.000000, 1.000000, -1.000000, 0.100000, 0.000100, 1.000000, 0.001000, 0.000010, 0.000000, 0.000000, 0.950000, 0.124493, -13.218887, 20.875592, 151.489826, -0.190223, 6.956805, -4.859696, -35.181811, 1000, 0.000100, -1.000000, -1.000000, 0.100000, 0.000100, 5.000000, 1.000000, 0.001000, 0.000010, 0.000000, 0.000000, 0.950000, 5.000000, -4.859696, -35.181811, 20.875592, 151.489826, 1000, 0.000100, 2.000000, -1.000000, -1.000000, 0.100000, 0.000100, 1.000000, 0.001000, 0.000010, 0.000000, 0.000000, 0.950000, -0.190223, 6.956805, 0.124493, -13.218887, 1000
5.84, 0.000100, 0.200000, 0.470000, -9.810000, 6.000000, 0.000000, 0.000000, 0.000000, 10.000000, -1.000000, 1.000000, -1.000000, 0.100000, 0.000100, 1.000000, 0.001000, 0.000010, 0.000000, 0.000000, 0.950000, 0.112331, -13.293293, 20.877686, 151.144195, -0.169223, 6.996617, -4.861503, -35.112063, 1000, 0.000100, -1.000000, -1.000000, 0.100000, 0.000100, 5.000000, 1.000000, 0.001000, 0.000010, 0.000000, 0.000000, 0.950000, 5.000000, -4.861503, -35.112063, 20.877686, 151.144195, 1000, 0.000100, 2.000000, -1.000000, -1.000000, 0.100000, 0.000100, 1.000000, 0.001000, 0.000010, 0.000000, 0.000000, 0.950000, -0.169223, 6.996617, 0.112331, -13.293293, 1000
5.85, 0.000100, 0.200000, 0.470000, -9.810000, 6.000000, 0.000000, 0.000000, 0.000000, 10.000000, -1.000000, 1.000000, -1.000000, 0.100000, 0.000100, 1.000000, 0.001000, 0.000010, 0.000000, 0.000000, 0.950000, 0.100126, -13.366858, 20.878806, 150.796554, -0.148233, 7.036005, -4.863101, -35.041920, 1000, 0.000100, -1.000000, -1.000000, 0.100000, 0.000100, 5.000000, 1.000000, 0.001000, 0.000010, 0.000000, 0.000000, 0.950000, 5.000000, -4.863101, -35.041920, 20.878806, 150.796554, 1000, 0.000100, 2.000000, -1.000000, -1.000000, 0.100000, 0.000100, 1.000000, 0.001000, 0.000010, 0.000000, 0.000000, 0.950000, -0.148233, 7.036005, 0.100126, -13.366858, 1000
5.86, 0.000100, 0.200000, 0.470000, -9.810000, 6.000000, 0.000000, 0.000000, 0.000000, 10.000000, -1.000000, 1.000000, -1.000000, 0.100000, 0.000100, 1.000000, 0.001000, 0.000010, 0.000000, 0.000000, 0.950000, 0.087878, -13.439579, 20.878954, 150.446924, -0.127254, 7.074967, -4.864489, -34.971384, 1000, 0.000100, -1.000000, -1.000000, 0.100000, 0.000100, 5.000000, 1.000000, 0.001000, 0.000010, 0.000000, 0.000000, 0.950000, 5.000000, -4.864489, -34.971384, 20.878954, 150.446924, 1000, 0.000100, 2.000000, -1.000000, -1.000000, 0.100000, 0.000100, 1.000000, 0.001000, 0.000010, 0.000000, 0.000000, 0.950000, -0.127254, 7.074967, 0.087878, -13.439579, 1000
5.87, 0.000100, 0.200000, 0.470000, -9.810000, 6.000000, 0.000000, 0.000000, 0.000000, 10.000000, -1.000000, 1.000000, -1.000000, 0.100000, 0.000100, 1.000000, 0.001000, 0.000010, 0.000000, 0.000000, 0.950000, 0.075588, -13.511456, 20.878129, 150.095326, -0.106287, 7.113503, -4.865667, -34.900461, 1000, 0.000100, -1.000000, -1.000000, 0.100000, 0.000100, 5.000000, 1.000000, 0.001000, 0.000010, 0.000000, 0.000000, 0.950000, 5.000000, -4.865667, -34.900461, 20.878129, 150.095326, 1000, 0.000100, 2.000000, -1.000000, -1.000000, 0.100000, 0.000100, 1.000000, 0.001000, 0.000010, 0.000000, 0.000000, 0.950000, -0.106287, 7.113503, 0.075588, -13.511456, 1000
5.88, 0.000100, 0.200000, 0.470000, -9.810000, 6.000000, 0.000000, 0.000000, 0.000000, 10.000000, -1.000000, 1.000000, -1.000000, 0.100000, 0.000100, 1.000000, 0.001000, 0.000010, 0.000000, 0.000000, 0.950000, 0.063257, -13.582485, 20.876334, 149.741780, -0.085333, 7.151612, -4.866636, -34.829155, 1000, 0.000100, -1.000000, -1.000000, 0.100000, 0.000100, 5.000000, 1.000000, 0.001000, 0.000010, 0.000000, 0.000000, 0.950000, 5.000000, -4.866636, -34.829155, 20.876334, 149.741780, 1000, 0.000100, 2.000000, -1.000000, -1.000000, 0.100000, 0.000100, 1.000000, 0.001000, 0.000010, 0.000000, 0.000000, 0.950000, -0.085333, 7.151612, 0.063257, -13.582485, 1000
5.89, 0.000100, 0.200000, 0.470000, -9.810000, 6.000000, 0.000000, 0.000000, 0.000000, 10.000000, -1.000000, 1.000000, -1.000000, 0.100000, 0.000100, 1.000000, 0.001000, 0.000010, 0.000000, 0.000000, 0.950000, 0.050885, -13.652667, 20.873569, 149.386310, -0.064393, 7.189291, -4.867395, -34.757469, 1000, 0.000100, -1.000000, -1.000000, 0.100000, 0.000100, 5.000000, 1.000000, 0.001000, 0.000010, 0.000000, 0.000000, 0.950000, 5.000000, -4.867395, -34.757469, 20.873569, 149.386310, 1000, 0.000100, 2.000000, -1.000000, -1.000000, 0.100000, 0.000100, 1.000000, 0.001000, 0.000010, 0.000000, 0.000000, 0.950000, -0.064393, 7.189291, 0.050885, -13.652667, 1000
5.9, 0.000100, 0.200000, 0.470000, -9.810000, 6.000000, 0.000000, 0.000000, 0.000000, 10.000000, -1.000000, 1.000000, -1.000000, 0.100000, 0.000100, 1.000000, 0.001000, 0.000010, 0.000000, 0.000000, 0.950000, 0.038473, -13.721998, 20.869836, 149.028934, -0.043469, 7.226542, -4.867945, -34.685409, 1000, 0.000100, -1.000000, -1.000000, 0.100000, 0.000100, 5.000000, 1.000000, 0.001000, 0.000010, 0.000000, 0.000000, 0.950000, 5.000000, -4.867945, -34.685409, 20.869836, 149.028934, 1000, 0.000100, 2.000000, -1.000000, -1.000000, 0.100000, 0.000100, 1.000000, 0.001000, 0.000010, 0.000000, 0.000000, 0.950000, -0.043469, 7.226542, 0.038473, -13.721998, 1000
5.91, 0.000100, 0.200000, 0.470000, -9.810000, 6.000000, 0.000000, 0.000000, 0.000000, 10.000000, -1.000000, 1.000000, -1.000000, 0.100000, 0.000100, 1.000000, 0.001000, 0.000010, 0.000000, 0.000000, 0.950000, 0.026022, -13.790478, 20.865136, 148.669676, -0.022560, 7.263361, -4.868285, -34.612978, 1000, 0.000100, -1.000000, -1.000000, 0.100000, 0.000100, 5.000000, 1.000000, 0.001000, 0.000010, 0.000000, 0.000000, 0.950000, 5.000000, -4.868285, -34.612978, 20.865136, 148.669676, 1000, 0.000100, 2.000000, -1.000000, -1.000000, 0.100000, 0.000100, 1.000000, 0.001000, 0.000010, 0.000000, 0.000000, 0.950000, -0.022560, 7.263361, 0.026022, -13.790478, 1000
5.92, 0.000100, 0.200000, 0.470000, -9.810000, 6.000000, 0.000000, 0.000000, 0.000000, 10.000000, -1.000000, 1.000000, -1.000000, 0.100000, 0.000100, 1.000000, 0.001000, 0.000010, 0.000000, 0.000000, 0.950000, 0.013531, -13.858104, 20.859470, 148.308556, -0.001669, 7.299749, -4.868417, -34.540180, 1000, 0.000100, -1.000000, -1.000000, 0.100000, 0.000100, 5.000000, 1.000000, 0.001000, 0.000010, 0.000000, 0.000000, 0.950000, 5.000000, -4.868417, -34.540180, 20.859470, 148.308556, 1000, 0.000100, 2.000000, -1.000000, -1.000000, 0.100000, 0.000100, 1.000000, 0.001000, 0.000010, 0.000000, 0.000000, 0.950000, -0.001669, 7.299749, 0.013531, -13.858104, 1000
5.93, 0.000100, 0.200000, 0.470000, -9.810000, 6.000000, 0.000000, 0.000000, 0.000000, 10.000000, -1.000000, 1.000000, -1.000000, 0.100000, 0.000100, 1.000000, 0.001000, 0.000010, 0.000000, 0.000000, 0.950000, 0.001003, -13.924876, 20.852840, 147.945595, 0.019204, 7.335705, -4.868340, -34.467021, 1000, 0.000100, -1.000000, -1.000000, 0.100000, 0.000100, 5.000000, 1.000000, 0.001000, 0.000010, 0.000000, 0.000000, 0.950000, 5.000000, -4.868340, -34.467021, 20.852840, 147.945595, 1000, 0.000100, 2.000000, -1.000000, -1.000000, 0.100000, 0.000100, 1.000000, 0.001000, 0.000010, 0.000000, 0.000000, 0.950000, 0.019204, 7.335705, 0.001003, -13.924876, 1000
5.94, 0.000100, 0.200000, 0.470000, -9.810000, 6.000000, 0.000000, 0.000000, 0.000000, 10.000000, -1.000000, 1.000000, -1.000000, 0.100000, 0.000100, 1.000000, 0.001000, 0.000010, 0.000000, 0.000000, 0.950000, -0.011562, -13.990792, 20.845247, 147.580816, 0.040058, 7.371226, -4.868054, -34.393504, 1000, 0.000100, -1.000000, -1.000000, 0.100000, 0.000100, 5.000000, 1.000000, 0.001000, 0.000010, 0.000000, 0.000000, 0.950000, 5.000000, -4.868054, -34.393504, 20.845247, 147.580816, 1000, 0.000100, 2.000000, -1.000000, -1.000000, 0.100000, 0.000100, 1.000000, 0.001000, 0.000010, 0.000000, 0.000000, 0.950000, 0.040058, 7.371226, -0.011562, -13.990792, 1000
5.95, 0.000100, 0.200000, 0.470000, -9.810000, 6.000000, 0.000000, 0.000000, 0.000000, 10.000000, -1.000000, 1.000000, -1.000000, 0.100000, 0.000100, 1.000000, 0.001000, 0.000010, 0.000000, 0.000000, 0.950000, -0.024165, -14.055851, 20.836692, 147.214239, 0.060891, 7.406313, -4.867560, -34.319634, 1000, 0.000100, -1.000000, -1.000000, 0.100000, 0.000100, 5.000000, 1.000000, 0.001000, 0.000010, 0.000000, 0.000000, 0.950000, 5.000000, -4.867560, -34.319634, 20.836692, 147.214239, 1000, 0.000100, 2.000000, -1.000000, -1.000000, 0.100000, 0.000100, 1.000000, 0.001000, 0.000010, 0.000000, 0.000000, 0.950000, 0.060891, 7.406313, -0.024165, -14.055851, 1000
5.96, 0.000100, 0.200000, 0.470000, -9.810000, 6.000000, 0.000000, 0.000000, 0.000000, 10.000000, -1.000000, 1.000000, -1.000000, 0.100000, 0.000100, 1.000000, 0.001000, 0.000010, 0.000000, 0.000000, 0.950000, -0.036803, -14.120051, 20.827177, 146.845886, 0.081704, 7.440965, -4.866857, -34.245415, 1000, 0.000100, -1.000000, -1.000000, 0.100000, 0.000100, 5.000000, 1.000000, 0.001000, 0.000010, 0.000000, 0.000000, 0.950000, 5.000000, -4.866857, -34.245415, 20.827177, 146.845886, 1000, 0.000100, 2.000000, -1.000000, -1.000000, 0.100000, 0.000100, 1.000000, 0.001000, 0.000010, 0.000000, 0.000000, 0.950000, 0.081704, 7.440965, -0.036803, -14.120051, 1000
5.97, 0.000100, 0.200000, 0.470000, -9.810000, 6.000000, 0.000000, 0.000000, 0.000000, 10.000000, -1.000000, 1.000000, -1.000000, 0.100000, 0.000100, 1.000000, 0.001000, 0.000010, 0.000000, 0.000000, 0.950000, -0.049476, -14.183391, 20.816704, 146.475778, 0.102494, 7.475181, -4.865946, -34.170851, 1000, 0.000100, -1.000000, -1.000000, 0.100000, 0.000100, 5.000000, 1.000000, 0.001000, 0.000010, 0.000000, 0.000000, 0.950000, 5.000000, -4.865946, -34.170851, 20.816704, 146.475778, 1000, 0.000100, 2.000000, -1.000000, -1.000000, 0.100000, 0.000100, 1.000000, 0.001000, 0.000010, 0.000000, 0.000000, 0.950000, 0.102494, 7.475181, -0.049476, -14.183391, 1000
5.98, 0.000100, 0.200000, 0.470000, -9.810000, 6.000000, 0.000000, 0.000000, 0.000000, 10.000000, -1.000000, 1.000000, -1.000000, 0.100000, 0.000100, 1.000000, 0.001000, 0.000010, 0.000000, 0.000000, 0.950000, -0.062184, -14.245870, 20.805274, 146.103939, 0.123261, 7.508959, -4.864828, -34.095947, 1000, 0.000100, -1.000000, -1.000000, 0.100000, 0.000100, 5.000000, 1.000000, 0.001000, 0.000010, 0.000000, 0.000000, 0.950000, 5.000000, -4.864828, -34.095947, 20.805274, 146.103939, 1000, 0.000100, 2.000000, -1.000000, -1.000000, 0.100000, 0.000100, 1.000000, 0.001000, 0.000010, 0.000000, 0.000000, 0.950000, 0.123261, 7.508959, -0.062184, -14.245870, 1000
5.99, 0.000100, 0.200000, 0.470000, -9.810000, 6.000000, 0.000000, 0.000000, 0.000000, 10.000000, -1.000000, 1.000000, -1.000000, 0.100000, 0.000100, 1.000000, 0.001000, 0.000010, 0.000000, 0.000000, 0.950000, -0.074925, -14.307487, 20.792890, 145.730388, 0.144004, 7.542299, -4.863502, -34.020708, 1000, 0.000100, -1.000000, -1.000000, 0.100000, 0.000100, 5.000000, 1.000000, 0.001000, 0.000010, 0.000000, 0.000000, 0.950000, 5.000000, -4.863502, -34.020708, 20.792890, 145.730388, 1000, 0.000100, 2.000000, -1.000000, -1.000000, 0.100000, 0.000100, 1.000000, 0.001000, 0.000010, 0.000000, 0.000000, 0.950000, 0.144004, 7.542299, -0.074925, -14.307487, 1000
6, 0.000100, 0.200000, 0.470000, -9.810000, 6.000000, 0.000000, 0.000000, 0.000000, 10.000000, -1.000000, 1.000000, -1.000000, 0.100000, 0.000100, 1.000000, 0.001000, 0.000010, 0.000000, 0.000000, 0.950000, -0.087700, -14.368241, 20.779552, 145.355148, 0.164722, 7.575200, -4.861969, -33.945137, 1000, 0.000100, -1.000000, -1.000000, 0.100000, 0.000100, 5.000000, 1.000000, 0.001000, 0.000010, 0.000000, 0.000000, 0.950000, 5.000000, -4.861969, -33.945137, 20.779552, 145.355148, 1000, 0.000100, 2.000000, -1.000000, -1.000000, 0.100000, 0.000100, 1.000000, 0.001000, 0.000010, 0.000000, 0.000000, 0.950000, 0.164722, 7.575200, -0.087700, -14.368241, 1000
6.01, 0.000100, 0.200000, 0.470000, -9.810000, 6.000000, 0.000000, 0.000000, 0.000000, 10.000000, -1.000000, 1.000000, -1.000000, 0.100000, 0.000100, 1.000000, 0.001000, 0.000010, 0.000000, 0.000000, 0.950000, -0.100507, -14.428130, 20.765263, 144.978240, 0.185414, 7.607662, -4.860228, -33.869239, 1000, 0.000100, -1.000000, -1.000000, 0.100000, 0.000100, 5.000000, 1.000000, 0.001000, 0.000010, 0.000000, 0.000000, 0.950000, 5.000000, -4.860228, -33.869239, 20.765263, 144.978240, 1000, 0.000100, 2.000000, -1.000000, -1.000000, 0.100000, 0.000100, 1.000000, 0.001000, 0.000010, 0.000000, 0.000000, 0.950000, 0.185414, 7.607662, -0.100507, -14.428130, 1000
6.02, 0.000100, 0.200000, 0.470000, -9.810000, 6.000000, 0.000000, 0.000000, 0.000000, 10.000000, -1.000000, 1.000000, -1.000000, 0.100000, 0.000100, 1.000000, 0.001000, 0.000010, 0.000000, 0.000000, 0.950000, -0.113345, -14.487154, 20.750024, 144.599687, 0.206078, 7.639683, -4.858281, -33.793018, 1000, 0.000100, -1.000000, -1.000000, 0.100000, 0.000100, 5.000000, 1.000000, 0.001000, 0.000010, 0.000000, 0.000000, 0.950000, 5.000000, -4.858281, -33.793018, 20.750024, 144.599687, 1000, 0.000100, 2.000000, -1.000000, -1.000000, 0.100000, 0.000100, 1.000000, 0.001000, 0.000010, 0.000000, 0.000000, 0.950000, 0.206078, 7.639683, -0.113345, -14.487154, 1000
6.03, 0.000100, 0.200000, 0.470000, -9.810000, 6.000000, 0.000000, 0.000000, 0.000000, 10.000000, -1.000000, 1.000000, -1.000000, 0.100000, 0.000100, 1.000000, 0.001000, 0.000010, 0.000000, 0.000000, 0.950000, -0.126214, -14.545311, 20.733838, 144.219510, 0.226714, 7.671263, -4.856128, -33.716479, 1000, 0.000100, -1.000000, -1.000000, 0.100000, 0.000100, 5.000000, 1.000000, 0.001000, 0.000010, 0.000000, 0.000000, 0.950000, 5.000000, -4.856128, -33.716479, 20.733838, 144.219510, 1000, 0.000100, 2.000000, -1.000000, -1.000000, 0.100000, 0.000100, 1.000000, 0.001000, 0.000010, 0.000000, 0.000000, 0.950000, 0.226714, 7.671263, -0.126214, -14.545311, 1000
6.04, 0.000100, 0.200000, 0.470000, -9.810000, 6.000000, 0.000000, 0.000000, 0.000000, 10.000000, -1.000000, 1.000000, -1.000000, 0.100000, 0.000100, 1.000000, 0.001000, 0.000010, 0.000000, 0.000000, 0.950000, -0.139113, -14.602601, 20.716706, 143.837731, 0.247322, 7.702401, -4.853768, -33.639626, 1000, 0.000100, -1.000000, -1.000000, 0.100000, 0.000100, 5.000000, 1.000000, 0.001000, 0.000010, 0.000000, 0.000000, 0.950000, 5.000000, -4.853768, -33.639626, 20.716706, 143.837731, 1000, 0.000100, 2.000000, -1.000000, -1.000000, 0.100000, 0.000100, 1.000000, 0.001000, 0.000010, 0.000000, 0.000000, 0.950000, 0.247322, 7.702401, -0.139113, -14.602601, 1000
6.05, 0.000100, 0.200000, 0.470000, -9.810000, 6.000000, 0.000000, 0.000000, 0.000000, 10.000000, -1.000000, 1.000000, -1.000000, 0.100000, 0.000100, 1.000000, 0.001000, 0.000010, 0.000000, 0.000000, 0.950000, -0.152042, -14.659023, 20.698631, 143.454372, 0.267899, 7.733097, -4.851202, -33.562464, 1000, 0.000100, -1.000000, -1.000000, 0.100000, 0.000100, 5.000000, 1.000000, 0.001000, 0.000010, 0.000000, 0.000000, 0.950000, 5.000000, -4.851202, -33.562464, 20.698631, 143.454372, 1000, 0.000100, 2.000000, -1.000000, -1.000000, 0.100000, 0.000100, 1.000000, 0.001000, 0.000010, 0.000000, 0.000000, 0.950000, 0.267899, 7.733097, -0.152042, -14.659023, 1000
6.06, 0.000100, 0.200000, 0.470000, -9.810000, 6.000000, 0.000000, 0.000000, 0.000000, 10.000000, -1.000000, 1.000000, -1.000000, 0.100000, 0.000100, 1.000000, 0.001000, 0.000010, 0.000000, 0.000000, 0.950000, -0.164999, -14.714576, 20.679615, 143.069455, 0.288445, 7.763349, -4.848431, -33.484997, 1000, 0.000100, -1.000000, -1.000000, 0.100000, 0.000100, 5.000000, 1.000000, 0.001000, 0.000010, 0.000000, 0.000000, 0.950000, 5.000000, -4.848431, -33.484997, 20.679615, 143.069455, 1000, 0.000100, 2.000000, -1.000000, -1.000000, 0.100000, 0.000100, 1.000000, 0.001000, 0.000010, 0.000000, 0.000000, 0.950000, 0.288445, 7.763349, -0.164999, -14.714576, 1000
6.07, 0.000100, 0.200000, 0.470000, -9.810000, 6.000000, 0.000000, 0.000000, 0.000000, 10.000000, -1.000000, 1.000000, -1.000000, 0.100000, 0.000100, 1.000000, 0.001000, 0.000010, 0.000000, 0.000000, 0.950000, -0.177983, -14.769260, 20.659659, 142.683001, 0.308959, 7.793157, -4.845454, -33.407229, 1000, 0.000100, -1.000000, -1.000000, 0.100000, 0.000100, 5.000000, 1.000000, 0.001000, 0.000010, 0.000000, 0.000000, 0.950000, 5.000000, -4.845454, -33.407229, 20.659659, 142.683001, 1000, 0.000100, 2.000000, -1.000000, -1.000000, 0.100000, 0.000100, 1.000000, 0.001000, 0.000010, 0.000000, 0.000000, 0.950000, 0.308959, 7.793157, -0.177983, -14.769260, 1000
6.08, 0.000100, 0.200000, 0.470000, -9.810000, 6.000000, 0.000000, 0.000000, 0.000000, 10.000000, -1.000000, 1.000000, -1.000000, 0.100000, 0.000100, 1.000000, 0.001000, 0.000010, 0.000000, 0.000000, 0.950000, -0.190995, -14.823073, 20.638767, 142.295034, 0.329440, 7.822521, -4.842272, -33.329166, 1000, 0.000100, -1.000000, -1.000000, 0.100000, 0.000100, 5.000000, 1.000000, 0.001000, 0.000010, 0.000000, 0.000000, 0.950000, 5.000000, -4.842272, -33.329166, 20.638767, 142.295034, 1000, 0.000100, 2.000000, -1.000000, -1.000000, 0.100000, 0.000100, 1.000000, 0.001000, 0.000010, 0.000000, 0.000000, 0.950000, 0.329440, 7.822521, -0.190995, -14.823073, 1000
6.09, 0.000100, 0.200000, 0.470000, -9.810000, 6.000000, 0.000000, 0.000000, 0.000000, 10.000000, -1.000000, 1.000000, -1.000000, 0.100000, 0.000100, 1.000000, 0.001000, 0.000010, 0.000000, 0.000000, 0.950000, -0.204033, -14.876015, 20.616940, 141.905574, 0.349887, 7.851440, -4.838886, -33.250810, 1000, 0.000100, -1.000000, -1.000000, 0.100000, 0.000100, 5.000000, 1.000000, 0.001000, 0.000010, 0.000000, 0.000000, 0.950000, 5.000000, -4.838886, -33.250810, 20.616940, 141.905574, 1000, 0.000100, 2.000000, -1.000000, -1.000000, 0.100000, 0.000100, 1.000000, 0.001000, 0.000010, 0.000000, 0.000000, 0.950000, 0.349887, 7.851440, -0.204033, -14.876015, 1000
6.1, 0.000100, 0.200000, 0.470000, -9.810000, 6.000000, 0.000000, 0.000000, 0.000000, 10.000000, -1.000000, 1.000000, -1.000000, 0.100000, 0.000100, 1.000000, 0.001000, 0.000010, 0.000000, 0.000000, 0.950000, -0.217096, -14.928085, 20.594180, 141.514645, 0.370299, 7.879913, -4.835295, -33.172168, 1000, 0.000100, -1.000000, -1.000000, 0.100000, 0.000100, 5.000000, 1.000000, 0.001000, 0.000010, 0.000000, 0.000000, 0.950000, 5.000000, -4.835295, -33.172168, 20.594180, 141.514645, 1000, 0.000100, 2.000000, -1.000000, -1.000000, 0.100000, 0.000100, 1.000000, 0.001000, 0.000010, 0.000000, 0.000000, 0.950000, 0.370299, 7.879913, -0.217096, -14.928085, 1000
6.11, 0.000100, 0.200000, 0.470000, -9.810000, 6.000000, 0.000000, 0.000000, 0.000000, 10.000000, -1.000000, 1.000000, -1.000000, 0.100000, 0.000100, 1.000000, 0.001000, 0.000010, 0.000000, 0.000000, 0.950000, -0.230184, -14.979283, 20.570491, 141.122268, 0.390675, 7.907940, -4.831500, -33.093242, 1000, 0.000100, -1.000000, -1.000000, 0.100000, 0.000100, 5.000000, 1.000000, 0.001000, 0.000010, 0.000000, 0.000000, 0.950000, 5.000000, -4.831500, -33.093242, 20.570491, 141.122268, 1000, 0.000100, 2.000000, -1.000000, -1.000000, 0.100000, 0.000100, 1.000000, 0.001000, 0.000010, 0.000000, 0.000000, 0.950000, 0.390675, 7.907940, -0.230184, -14.979283, 1000
6.12, 0.000100, 0.200000, 0.470000, -9.810000, 6.000000, 0.000000, 0.000000, 0.000000, 10.000000, -1.000000, 1.000000, -1.000000, 0.100000, 0.000100, 1.000000, 0.001000, 0.000010, 0.000000, 0.000000, 0.950000, -0.243295, -15.029608, 20.545875, 140.728465, 0.411014, 7.935519, -4.827502, -33.014039, 1000, 0.000100, -1.000000, -1.000000, 0.100000, 0.000100, 5.000000, 1.000000, 0.001000, 0.000010, 0.000000, 0.000000, 0.950000, 5.000000, -4.827502, -33.014039, 20.545875, 140.728465, 1000, 0.000100, 2.000000, -1.000000, -1.000000, 0.100000, 0.000100, 1.000000, 0.001000, 0.000010, 0.000000, 0.000000, 0.950000, 0.411014, 7.935519, -0.243295, -15.029608, 1000
6.13, 0.000100, 0.200000, 0.470000, -9.810000, 6.000000, 0.000000, 0.000000, 0.000000, 10.000000, -1.000000, 1.000000, -1.000000, 0.100000, 0.000100, 1.000000, 0.001000, 0.000010, 0.000000, 0.000000, 0.950000, -0.256430, -15.079060, 20.520333, 140.333258, 0.431315, 7.962652, -4.823300, -32.934562, 1000, 0.000100, -1.000000, -1.000000, 0.100000, 0.000100, 5.000000, 1.000000, 0.001000, 0.000010, 0.000000, 0.000000, 0.950000, 5.000000, -4.823300, -32.934562, 20.520333, 140.333258, 1000, 0.000100, 2.000000, -1.000000, -1.000000, 0.100000, 0.000100, 1.000000, 0.001000, 0.000010, 0.000000, 0.000000, 0.950000, 0.431315, 7.962652, -0.256430, -15.079060, 1000
6.14, 0.000100, 0.200000, 0.470000, -9.810000, 6.000000, 0.000000, 0.000000, 0.000000, 10.000000, -1.000000, 1.000000, -1.000000, 0.100000, 0.000100, 1.000000, 0.001000, 0.000010, 0.000000, 0.000000, 0.950000, -0.269587, -15.127639, 20.493869, 139.936670, 0.451577, 7.989337, -4.818896, -32.854815, 1000, 0.000100, -1.000000, -1.000000, 0.100000, 0.000100, 5.000000, 1.000000, 0.001000, 0.000010, 0.000000, 0.000000, 0.950000, 5.000000, -4.818896, -32.854815, 20.493869, 139.936670, 1000, 0.000100, 2.000000, -1.000000, -1.000000, 0.100000, 0.000100, 1.000000, 0.001000, 0.000010, 0.000000, 0.000000, 0.950000, 0.451577, 7.989337, -0.269587, -15.127639, 1000
6.15, 0.000100, 0.200000, 0.470000, -9.810000, 6.000000, 0.000000, 0.000000, 0.000000, 10.000000, -1.000000, 1.000000, -1.000000, 0.100000, 0.000100, 1.000000, 0.001000, 0.000010, 0.000000, 0.000000, 0.950000, -0.282765, -15.175343, 20.466486, 139.538723, 0.471800, 8.015573, -4.814289, -32.774804, 1000, 0.000100, -1.000000, -1.000000, 0.100000, 0.000100, 5.000000, 1.000000, 0.001000, 0.000010, 0.000000, 0.000000, 0.950000, 5.000000, -4.814289, -32.774804, 20.466486, 139.538723, 1000, 0.000100, 2.000000, -1.000000, -1.000000, 0.100000, 0.000100, 1.000000, 0.001000, 0.000010, 0.000000, 0.000000, 0.950000, 0.471800, 8.015573, -0.282765, -15.175343, 1000
6.16, 0.000100, 0.200000, 0.470000, -9.810000, 6.000000, 0.000000, 0.000000, 0.000000, 10.000000, -1.000000, 1.000000, -1.000000, 0.100000, 0.000100, 1.000000, 0.001000, 0.000010, 0.000000, 0.000000, 0.950000, -0.295964, -15.222174, 20.438186, 139.139439, 0.491982, 8.041361, -4.809481, -32.694532, 1000, 0.000100, -1.000000, -1.000000, 0.100000, 0.000100, 5.000000, 1.000000, 0.001000, 0.000010, 0.000000, 0.000000, 0.950000, 5.000000, -4.809481, -32.694532, 20.438186, 139.139439, 1000, 0.000100, 2.000000, -1.000000, -1.000000, 0.100000, 0.000100, 1.000000, 0.001000, 0.000010, 0.000000, 0.000000, 0.950000, 0.491982, 8.041361, -0.295964, -15.222174, 1000
6.17, 0.000100, 0.200000, 0.470000, -9.810000, 6.000000, 0.000000, 0.000000, 0.000000, 10.000000, -1.000000, 1.000000, -1.000000, 0.100000, 0.000100, 1.000000, 0.001000, 0.000010, 0.000000, 0.000000, 0.950000, -0.309182, -15.268130, 20.408971, 138.738840, 0.512123, 8.066699, -4.804470, -32.614004, 1000, 0.000100, -1.000000, -1.000000, 0.100000, 0.000100, 5.000000, 1.000000, 0.001000, 0.000010, 0.000000, 0.000000, 0.950000, 5.000000, -4.804470, -32.614004, 20.408971, 138.738840, 1000, 0.000100, 2.000000, -1.000000, -1.000000, 0.100000, 0.000100, 1.000000, 0.001000, 0.000010, 0.000000, 0.000000, 0.950000, 0.512123, 8.066699, -0.309182, -15.268130, 1000
6.18, 0.000100, 0.200000, 0.470000, -9.810000, 6.000000, 0.000000, 0.000000, 0.000000, 10.000000, -1.000000, 1.000000, -1.000000, 0.100000, 0.000100, 1.000000, 0.001000, 0.000010, 0.000000, 0.000000, 0.950000, -0.322420, -15.313211, 20.378845, 138.336949, 0.532220, 8.091588, -4.799258, -32.533225, 1000, 0.000100, -1.000000, -1.000000, 0.100000, 0.000100, 5.000000, 1.000000, 0.001000, 0.000010, 0.000000, 0.000000, 0.950000, 5.000000, -4.799258, -32.533225, 20.378845, 138.336949, 1000, 0.000100, 2.000000, -1.000000, -1.000000, 0.100000, 0.000100, 1.000000, 0.001000, 0.000010, 0.000000, 0.000000, 0.950000, 0.532220, 8.091588, -0.322420, -15.313211, 1000
6.19, 0.000100, 0.200000, 0.470000, -9.810000, 6.000000, 0.000000, 0.000000, 0.000000, 10.000000, -1.000000, 1.000000, -1.000000, 0.100000, 0.000100, 1.000000, 0.001000, 0.000010, 0.000000, 0.000000, 0.950000, -0.335675, -15.357417, 20.347810, 137.933787, 0.552275, 8.116027, -4.793846, -32.452199, 1000, 0.000100, -1.000000, -1.000000, 0.100000, 0.000100, 5.000000, 1.000000, 0.001000, 0.000010, 0.000000, 0.000000, 0.950000, 5.000000, -4.793846, -32.452199, 20.347810, 137.933787, 1000, 0.000100, 2.000000, -1.000000, -1.000000, 0.100000, 0.000100, 1.000000, 0.001000, 0.000010, 0.000000, 0.000000, 0.950000, 0.552275, 8.116027, -0.335675, -15.357417, 1000
6.2, 0.000100, 0.200000, 0.470000, -9.810000, 6.000000, 0.000000, 0.000000, 0.000000, 10.000000, -1.000000, 1.000000, -1.000000, 0.100000, 0.000100, 1.000000, 0.001000, 0.000010, 0.000000, 0.000000, 0.950000, -0.348948, -15.400748, 20.315870, 137.529378, 0.572284, 8.140016, -4.788233, -32.370931, 1000, 0.000100, -1.000000, -1.000000, 0.100000, 0.000100, 5.000000, 1.000000, 0.001000, 0.000010, 0.000000, 0.000000, 0.950000, 5.000000, -4.788233, -32.370931, 20.315870, 137.529378, 1000, 0.000100, 2.000000, -1.000000, -1.000000, 0.100000, 0.000100, 1.000000, 0.001000, 0.000010, 0.000000, 0.000000, 0.950000, 0.572284, 8.140016, -0.348948, -15.400748, 1000
6.21, 0.000100, 0.200000, 0.470000, -9.810000, 6.000000, 0.000000, 0.000000, 0.000000, 10.000000, -1.000000, 1.000000, -1.000000, 0.100000, 0.000100, 1.000000, 0.001000, 0.000010, 0.000000, 0.000000, 0.950000, -0.362238, -15.443204, 20.283027, 137.123743, 0.592249, 8.163554, -4.782420, -32.289425, 1000, 0.000100, -1.000000, -1.000000, 0.100000, 0.000100, 5.000000, 1.000000, 0.001000, 0.000010, 0.000000, 0.000000, 0.950000, 5.000000, -4.782420, -32.289425, 20.283027, 137.123743, 1000, 0.000100, 2.000000, -1.000000, -1.000000, 0.100000, 0.000100, 1.000000, 0.001000, 0.000010, 0.000000, 0.000000, 0.950000, 0.592249, 8.163554, -0.362238, -15.443204, 1000
6.22, 0.000100, 0.200000, 0.470000, -9.810000, 6.000000, 0.000000, 0.000000, 0.000000, 10.000000, -1.000000, 1.000000, -1.000000, 0.100000, 0.000100, 1.000000, 0.001000, 0.000010, 0.000000, 0.000000, 0.950000, -0.375543, -15.484785, 20.249284, 136.716906, 0.612167, 8.186641, -4.776408, -32.207686, 1000, 0.000100, -1.000000, -1.000000, 0.100000, 0.000100, 5.000000, 1.000000, 0.001000, 0.000010, 0.000000, 0.000000, 0.950000, 5.000000, -4.776408, -32.207686, 20.249284, 136.716906, 1000, 0.000100, 2.000000, -1.000000, -1.000000, 0.100000, 0.000100, 1.000000, 0.001000, 0.000010, 0.000000, 0.000000, 0.950000, 0.612167, 8.186641, -0.375543, -15.484785, 1000
6.23, 0.000100, 0.200000, 0.470000, -9.810000, 6.000000, 0.000000, 0.000000, 0.000000, 10.000000, -1.000000, 1.000000, -1.000000, 0.100000, 0.000100, 1.000000, 0.001000, 0.000010, 0.000000, 0.000000, 0.950000, -0.388862, -15.525491, 20.214644, 136.308887, 0.632038, 8.209278, -4.770197, -32.125717, 1000, 0.000100, -1.000000, -1.000000, 0.100000, 0.000100, 5.000000, 1.000000, 0.001000, 0.000010, 0.000000, 0.000000, 0.950000, 5.000000, -4.770197, -32.125717, 20.214644, 136.308887, 1000, 0.000100, 2.000000, -1.000000, -1.000000, 0.100000, 0.000100, 1.000000, 0.001000, 0.000010, 0.000000, 0.000000, 0.950000, 0.632038, 8.209278, -0.388862, -15.525491, 1000
6.24, 0.000100, 0.200000, 0.470000, -9.810000, 6.000000, 0.000000, 0.000000, 0.000000, 10.000000, -1.000000, 1.000000, -1.000000, 0.100000, 0.000100, 1.000000, 0.001000, 0.000010, 0.000000, 0.000000, 0.950000, -0.402196, -15.565321, 20.179111, 135.899710, 0.651861, 8.231462, -4.763788, -32.043525, 1000, 0.000100, -1.000000, -1.000000, 0.100000, 0.000100, 5.000000, 1.000000, 0.001000, 0.000010, 0.000000, 0.000000, 0.950000, 5.000000, -4.763788, -32.043525, 20.179111, 135.899710, 1000, 0.000100, 2.000000, -1.000000, -1.000000, 0.100000, 0.000100, 1.000000, 0.001000, 0.000010, 0.000000, 0.000000, 0.950000, 0.651861, 8.231462, -0.402196, -15.565321, 1000
6.25, 0.000100, 0.200000, 0.470000, -9.810000, 6.000000, 0.000000, 0.000000, 0.000000, 10.000000, -1.000000, 1.000000, -1.000000, 0.100000, 0.000100, 1.000000, 0.001000, 0.000010, 0.000000, 0.000000, 0.950000, -0.415543, -15.604277, 20.142688, 135.489397, 0.671634, 8.253195, -4.757180, -31.961112, 1000, 0.000100, -1.000000, -1.000000, 0.100000, 0.000100, 5.000000, 1.000000, 0.001000, 0.000010, 0.000000, 0.000000, 0.950000, 5.000000, -4.757180, -31.961112, 20.142688, 135.489397, 1000, 0.000100, 2.000000, -1.000000, -1.000000, 0.100000, 0.000100, 1.000000, 0.001000, 0.000010, 0.000000, 0.000000, 0.950000, 0.671634, 8.253195, -0.415543, -15.604277, 1000
6.26, 0.000100, 0.200000, 0.470000, -9.810000, 6.000000, 0.000000, 0.000000, 0.000000, 10.000000, -1.000000, 1.000000, -1.000000, 0.100000, 0.000100, 1.000000, 0.001000, 0.000010, 0.000000, 0.000000, 0.950000, -0.428902, -15.642359, 20.105378, 135.077971, 0.691358, 8.274476, -4.750375, -31.878485, 1000, 0.000100, -1.000000, -1.000000, 0.100000, 0.000100, 5.000000, 1.000000, 0.001000, 0.000010, 0.000000, 0.000000, 0.950000, 5.000000, -4.750375, -31.878485, 20.105378, 135.077971, 1000, 0.000100, 2.000000, -1.000000, -1.000000, 0.100000, 0.000100, 1.000000, 0.001000, 0.000010, 0.000000, 0.000000, 0.950000, 0.691358, 8.274476, -0.428902, -15.642359, 1000
6.27, 0.000100, 0.200000, 0.470000, -9.810000, 6.000000, 0.000000, 0.000000, 0.000000, 10.000000, -1.000000, 1.000000, -1.000000, 0.100000, 0.000100, 1.000000, 0.001000, 0.000010, 0.000000, 0.000000, 0.950000, -0.442272, -15.679565, 20.067184, 134.665453, 0.711031, 8.295305, -4.743373, -31.795646, 1000, 0.000100, -1.000000, -1.000000, 0.100000, 0.000100, 5.000000, 1.000000, 0.001000, 0.000010, 0.000000, 0.000000, 0.950000, 5.000000, -4.743373, -31.795646, 20.067184, 134.665453, 1000, 0.000100, 2.000000, -1.000000, -1.000000, 0.100000, 0.000100, 1.000000, 0.001000, 0.000010, 0.000000, 0.000000, 0.950000, 0.711031, 8.295305, -0.442272, -15.679565, 1000
6.28, 0.000100, 0.200000, 0.470000, -9.810000, 6.000000, 0.000000, 0.000000, 0.000000, 10.000000, -1.000000, 1.000000, -1.000000, 0.100000, 0.000100, 1.000000, 0.001000, 0.000010, 0.000000, 0.000000, 0.950000, -0.455653, -15.715898, 20.028109, 134.251866, 0.730652, 8.315682, -4.736174, -31.712601, 1000, 0.000100, -1.000000, -1.000000, 0.100000, 0.000100, 5.000000, 1.000000, 0.001000, 0.000010, 0.000000, 0.000000, 0.950000, 5.000000, -4.736174, -31.712601, 20.028109, 134.251866, 1000, 0.000100, 2.000000, -1.000000, -1.000000, 0.100000, 0.000100, 1.000000, 0.001000, 0.000010, 0.000000, 0.000000, 0.950000, 0.730652, 8.315682, -0.455653, -15.715898, 1000
6.29, 0.000100, 0.200000, 0.470000, -9.810000, 6.000000, 0.000000, 0.000000, 0.000000, 10.000000, -1.000000, 1.000000, -1.000000, 0.100000, 0.000100, 1.000000, 0.001000, 0.000010, 0.000000, 0.000000, 0.950000, -0.469043, -15.751356, 19.988157, 133.837233, 0.750220, 8.335606, -4.728780, -31.629355, 1000, 0.000100, -1.000000, -1.000000, 0.100000, 0.000100, 5.000000, 1.000000, 0.001000, 0.000010, 0.000000, 0.000000, 0.950000, 5.000000, -4.728780, -31.629355, 19.988157, 133.837233, 1000, 0.000100, 2.000000, -1.000000, -1.000000, 0.100000, 0.000100, 1.000000, 0.001000, 0.000010, 0.000000, 0.000000, 0.950000, 0.750220, 8.335606, -0.469043, -15.751356, 1000
6.3, 0.000100, 0.200000, 0.470000, -9.810000, 6.000000, 0.000000, 0.000000, 0.000000, 10.000000, -1.000000, 1.000000, -1.000000, 0.100000, 0.000100, 1.000000, 0.001000, 0.000010, 0.000000, 0.000000, 0.950000, -0.482442, -15.785941, 19.947332, 133.421577, 0.769735, 8.355078, -4.721190, -31.545911, 1000, 0.000100, -1.000000, -1.000000, 0.100000, 0.000100, 5.000000, 1.000000, 0.001000, 0.000010, 0.000000, 0.000000, 0.950000, 5.000000, -4.721190, -31.545911, 19.947332, 133.421577, 1000, 0.000100, 2.000000, -1.000000, -1.000000, 0.100000, 0.000100, 1.000000, 0.001000, 0.000010, 0.000000, 0.000000, 0.950000, 0.769735, 8.355078, -0.482442, -15.785941, 1000
6.31, 0.000100, 0.200000, 0.470000, -9.810000, 6.000000, 0.000000, 0.000000, 0.000000, 10.000000, -1.000000, 1.000000, -1.000000, 0.100000, 0.000100, 1.000000, 0.001000, 0.000010, 0.000000, 0.000000, 0.950000, -0.495849, -15.819653, 19.905637, 133.004918, 0.789196, 8.374097, -4.713405, -31.462275, 1000, 0.000100, -1.000000, -1.000000, 0.100000, 0.000100, 5.000000, 1.000000, 0.001000, 0.000010, 0.000000, 0.000000, 0.950000, 5.000000, -4.713405, -31.462275, 19.905637, 133.004918, 1000, 0.000100, 2.000000, -1.000000, -1.000000, 0.100000, 0.000100, 1.000000, 0.001000, 0.000010, 0.000000, 0.000000, 0.950000, 0.789196, 8.374097, -0.495849, -15.819653, 1000
6.32, 0.000100, 0.200000, 0.470000, -9.810000, 6.000000, 0.000000, 0.000000, 0.000000, 10.000000, -1.000000, 1.000000, -1.000000, 0.100000, 0.000100, 1.000000, 0.001000, 0.000010, 0.000000, 0.000000, 0.950000, -0.509263, -15.852493, 19.863075, 132.587281, 0.808601, 8.392664, -4.705425, -31.378450, 1000, 0.000100, -1.000000, -1.000000, 0.100000, 0.000100, 5.000000, 1.000000, 0.001000, 0.000010, 0.000000, 0.000000, 0.950000, 5.000000, -4.705425, -31.378450, 19.863075, 132.587281, 1000, 0.000100, 2.000000, -1.000000, -1.000000, 0.100000, 0.000100, 1.000000, 0.001000, 0.000010, 0.000000, 0.000000, 0.950000, 0.808601, 8.392664, -0.509263, -15.852493, 1000
6.33, 0.000100, 0.200000, 0.470000, -9.810000, 6.000000, 0.000000, 0.000000, 0.000000, 10.000000, -1.000000, 1.000000, -1.000000, 0.100000, 0.000100, 1.000000, 0.001000, 0.000010, 0.000000, 0.000000, 0.950000, -0.522683, -15.884460, 19.819650, 132.168687, 0.827950, 8.410778, -4.697252, -31.294442, 1000, 0.000100, -1.000000, -1.000000, 0.100000, 0.000100, 5.000000, 1.000000, 0.001000, 0.000010, 0.000000, 0.000000, 0.950000, 5.000000, -4.697252, -31.294442, 19.819650, 132.168687, 1000, 0.000100, 2.000000, -1.000000, -1.000000, 0.100000, 0.000100, 1.000000, 0.001000, 0.000010, 0.000000, 0.000000, 0.950000, 0.827950, 8.410778, -0.522683, -15.884460, 1000
6.34, 0.000100, 0.200000, 0.470000, -9.810000, 6.000000, 0.000000, 0.000000, 0.000000, 10.000000, -1.000000, 1.000000, -1.000000, 0.100000, 0.000100, 1.000000, 0.001000, 0.000010, 0.000000, 0.000000, 0.950000, -0.536108, -15.915555, 19.775366, 131.749159, 0.847241, 8.428439, -4.688886, -31.210255, 1000, 0.000100, -1.000000, -1.000000, 0.100000, 0.000100, 5.000000, 1.000000, 0.001000, 0.000010, 0.000000, 0.000000, 0.950000, 5.000000, -4.688886, -31.210255, 19.775366, 131.749159, 1000, 0.000100, 2.000000, -1.000000, -1.000000, 0.100000, 0.000100, 1.000000, 0.001000, 0.000010, 0.000000, 0.000000, 0.950000, 0.847241, 8.428439, -0.536108, -15.915555, 1000
6.35, 0.000100, 0.200000, 0.470000, -9.810000, 6.000000, 0.000000, 0.000000, 0.000000, 10.000000, -1.000000, 1.000000, -1.000000, 0.100000, 0.000100, 1.000000, 0.001000, 0.000010, 0.000000, 0.000000, 0.950000, -0.549537, -15.945779, 19.730227, 131.328720, 0.866475, 8.445647, -4.680327, -31.125893, 1000, 0.000100, -1.000000, -1.000000, 0.100000, 0.000100, 5.000000, 1.000000, 0.001000, 0.000010, 0.000000, 0.000000, 0.950000, 5.000000, -4.680327, -31.125893, 19.730227, 131.328720, 1000, 0.000100, 2.000000, -1.000000, -1.000000, 0.100000, 0.000100, 1.000000, 0.001000, 0.000010, 0.000000, 0.000000, 0.950000, 0.866475, 8.445647, -0.549537, -15.945779, 1000
6.36, 0.000100, 0.200000, 0.470000, -9.810000, 6.000000, 0.000000, 0.000000, 0.000000, 10.000000, -1.000000, 1.000000, -1.000000, 0.100000, 0.000100, 1.000000, 0.001000, 0.000010, 0.000000, 0.000000, 0.950000, -0.562970, -15.975133, 19.684236, 130.907391, 0.885650, 8.462402, -4.671576, -31.041361, 1000, 0.000100, -1.000000, -1.000000, 0.100000, 0.000100, 5.000000, 1.000000, 0.001000, 0.000010, 0.000000, 0.000000, 0.950000, 5.000000, -4.671576, -31.041361, 19.684236, 130.907391, 1000, 0.000100, 2.000000, -1.000000, -1.000000, 0.100000, 0.000100, 1.000000, 0.001000, 0.000010, 0.000000, 0.000000, 0.950000, 0.885650, 8.462402, -0.562970, -15.975133, 1000
6.37, 0.000100, 0.200000, 0.470000, -9.810000, 6.000000, 0.000000, 0.000000, 0.000000, 10.000000, -1.000000, 1.000000, -1.000000, 0.100000, 0.000100, 1.000000, 0.001000, 0.000010, 0.000000, 0.000000, 0.950000, -0.576405, -16.003617, 19.637397, 130.485196, 0.904766, 8.478705, -4.662634, -30.956664, 1000, 0.000100, -1.000000, -1.000000, 0.100000, 0.000100, 5.000000, 1.000000, 0.001000, 0.000010, 0.000000, 0.000000, 0.950000, 5.000000, -4.662634, -30.956664, 19.637397, 130.485196, 1000, 0.000100, 2.000000, -1.000000, -1.000000, 0.100000, 0.000100, 1.000000, 0.001000, 0.000010, 0.000000, 0.000000, 0.950000, 0.904766, 8.478705, -0.576405, -16.003617, 1000
6.38, 0.000100, 0.200000, 0.470000, -9.810000, 6.000000, 0.000000, 0.000000, 0.000000, 10.000000, -1.000000, 1.000000, -1.000000, 0.100000, 0.000100, 1.000000, 0.001000, 0.000010, 0.000000, 0.000000, 0.950000, -0.589842, -16.031233, 19.589714, 130.062156, 0.923820, 8.494555, -4.653500, -30.871805, 1000, 0.000100, -1.000000, -1.000000, 0.100000, 0.000100, 5.000000, 1.000000, 0.001000, 0.000010, 0.000000, 0.000000, 0.950000, 5.000000, -4.653500, -30.871805, 19.589714, 130.062156, 1000, 0.000100, 2.000000, -1.000000, -1.000000, 0.100000, 0.000100, 1.000000, 0.001000, 0.000010, 0.000000, 0.000000, 0.950000, 0.923820, 8.494555, -0.589842, -16.031233, 1000
6.39, 0.000100, 0.200000, 0.470000, -9.810000, 6.000000, 0.000000, 0.000000, 0.000000, 10.000000, -1.000000, 1.000000, -1.000000, 0.100000, 0.000100, 1.000000, 0.001000, 0.000010, 0.000000, 0.000000, 0.950000, -0.603280, -16.057980, 19.541190, 129.638295, 0.942814, 8.509952, -4.644177, -30.786791, 1000, 0.000100, -1.000000, -1.000000, 0.100000, 0.000100, 5.000000, 1.000000, 0.001000, 0.000010, 0.000000, 0.000000, 0.950000, 5.000000, -4.644177, -30.786791, 19.541190, 129.638295, 1000, 0.000100, 2.000000, -1.000000, -1.000000, 0.100000, 0.000100, 1.000000, 0.001000, 0.000010, 0.000000, 0.000000, 0.950000, 0.942814, 8.509952, -0.603280, -16.057980, 1000
6.4, 0.000100, 0.200000, 0.470000, -9.810000, 6.000000, 0.000000, 0.000000, 0.000000, 10.000000, -1.000000, 1.000000, -1.000000, 0.100000, 0.000100, 1.000000, 0.001000, 0.000010, 0.000000, 0.000000, 0.950000, -0.616717, -16.083859, 19.491831, 129.213634, 0.961745, 8.524897, -4.634663, -30.701624, 1000, 0.000100, -1.000000, -1.000000, 0.100000, 0.000100, 5.000000, 1.000000, 0.001000, 0.000010, 0.000000, 0.000000, 0.950000, 5.000000, -4.634663, -30.701624, 19.491831, 129.213634, 1000, 0.000100, 2.000000, -1.000000, -1.000000, 0.100000, 0.000100, 1.000000, 0.001000, 0.000010, 0.000000, 0.000000, 0.950000, 0.961745, 8.524897, -0.616717, -16.083859, 1000
6.41, 0.000100, 0.200000, 0.470000, -9.810000, 6.000000, 0.000000, 0.000000, 0.000000, 10.000000, -1.000000, 1.000000, -1.000000, 0.100000, 0.000100, 1.000000, 0.001000, 0.000010, 0.000000, 0.000000, 0.950000, -0.630153, -16.108872, 19.441640, 128.788196, 0.980613, 8.539389, -4.624961, -30.616310, 1000, 0.000100, -1.000000, -1.000000, 0.100000, 0.000100, 5.000000, 1.000000, 0.001000, 0.000010, 0.000000, 0.000000, 0.950000, 5.000000, -4.624961, -30.616310, 19.441640, 128.788196, 1000, 0.000100, 2.000000, -1.000000, -1.000000, 0.100000, 0.000100, 1.000000, 0.001000, 0.000010, 0.000000, 0.000000, 0.950000, 0.980613, 8.539389, -0.630153, -16.108872, 1000
6.42, 0.000100, 0.200000, 0.470000, -9.810000, 6.000000, 0.000000, 0.000000, 0.000000, 10.000000, -1.000000, 1.000000, -1.000000, 0.100000, 0.000100, 1.000000, 0.001000, 0.000010, 0.000000, 0.000000, 0.950000, -0.643587, -16.133020, 19.390620, 128.362004, 0.999418, 8.553430, -4.615070, -30.530853, 1000, 0.000100, -1.000000, -1.000000, 0.100000, 0.000100, 5.000000, 1.000000, 0.001000, 0.000010, 0.000000, 0.000000, 0.950000, 5.000000, -4.615070, -30.530853, 19.390620, 128.362004, 1000, 0.000100, 2.000000, -1.000000, -1.000000, 0.100000, 0.000100, 1.000000, 0.001000, 0.000010, 0.000000, 0.000000, 0.950000, 0.999418, 8.553430, -0.643587, -16.133020, 1000
6.43, 0.000100, 0.200000, 0.470000, -9.810000, 6.000000, 0.000000, 0.000000, 0.000000, 10.000000, -1.000000, 1.000000, -1.000000, 0.100000, 0.000100, 1.000000, 0.001000, 0.000010, 0.000000, 0.000000, 0.950000, -0.657018, -16.156303, 19.338777, 127.935079, 1.018157, 8.567018, -4.604992, -30.445257, 1000, 0.000100, -1.000000, -1.000000, 0.100000, 0.000100, 5.000000, 1.000000, 0.001000, 0.000010, 0.000000, 0.000000, 0.950000, 5.000000, -4.604992, -30.445257, 19.338777, 127.935079, 1000, 0.000100, 2.000000, -1.000000, -1.000000, 0.100000, 0.000100, 1.000000, 0.001000, 0.000010, 0.000000, 0.000000, 0.950000, 1.018157, 8.567018, -0.657018, -16.156303, 1000
6.44, 0.000100, 0.200000, 0.470000, -9.810000, 6.000000, 0.000000, 0.000000, 0.000000, 10.000000, -1.000000, 1.000000, -1.000000, 0.100000, 0.000100, 1.000000, 0.001000, 0.000010, 0.000000, 0.000000, 0.950000, -0.670445, -16.178722, 19.286114, 127.507445, 1.036831, 8.580154, -4.594726, -30.359528, 1000, 0.000100, -1.000000, -1.000000, 0.100000, 0.000100, 5.000000, 1.000000, 0.001000, 0.000010, 0.000000, 0.000000, 0.950000, 5.000000, -4.594726, -30.359528, 19.286114, 127.507445, 1000, 0.000100, 2.000000, -1.000000, -1.000000, 0.100000, 0.000100, 1.000000, 0.001000, 0.000010, 0.000000, 0.000000, 0.950000, 1.036831, 8.580154, -0.670445, -16.178722, 1000
6.45, 0.000100, 0.200000, 0.470000, -9.810000, 6.000000, 0.000000, 0.000000, 0.000000, 10.000000, -1.000000, 1.000000, -1.000000, 0.100000, 0.000100, 1.000000, 0.001000, 0.000010, 0.000000, 0.000000, 0.950000, -0.683867, -16.200279, 19.232636, 127.079124, 1.055439, 8.592838, -4.584274, -30.273669, 1000, 0.000100, -1.000000, -1.000000, 0.100000, 0.000100, 5.000000, 1.000000, 0.001000, 0.000010, 0.000000, 0.000000, 0.950000, 5.000000, -4.584274, -30.273669, 19.232636, 127.079124, 1000, 0.000100, 2.000000, -1.000000, -1.000000, 0.100000, 0.000100, 1.000000, 0.001000, 0.000010, 0.000000, 0.000000, 0.950000, 1.055439, 8.592838, -0.683867, -16.200279, 1000
6.46, 0.000100, 0.200000, 0.470000, -9.810000, 6.000000, 0.000000, 0.000000, 0.000000, 10.000000, -1.000000, 1.000000, -1.000000, 0.100000, 0.000100, 1.000000, 0.001000, 0.000010, 0.000000, 0.000000, 0.950000, -0.697284, -16.220974, 19.178347, 126.650138, 1.073979, 8.605071, -4.573636, -30.187686, 1000, 0.000100, -1.000000, -1.000000, 0.100000, 0.000100, 5.000000, 1.000000, 0.001000, 0.000010, 0.000000, 0.000000, 0.950000, 5.000000, -4.573636, -30.187686, 19.178347, 126.650138, 1000, 0.000100, 2.000000, -1.000000, -1.000000, 0.100000, 0.000100, 1.000000, 0.001000, 0.000010, 0.000000, 0.000000, 0.950000, 1.073979, 8.605071, -0.697284, -16.220974, 1000
6.47, 0.000100, 0.200000, 0.470000, -9.810000, 6.000000, 0.000000, 0.000000, 0.000000, 10.000000, -1.000000, 1.000000, -1.000000, 0.100000, 0.000100, 1.000000, 0.001000, 0.000010, 0.000000, 0.000000, 0.950000, -0.710693, -16.240809, 19.123251, 126.220510, 1.092452, 8.616853, -4.562813, -30.101582, 1000, 0.000100, -1.000000, -1.000000, 0.100000, 0.000100, 5.000000, 1.000000, 0.001000, 0.000010, 0.000000, 0.000000, 0.950000, 5.000000, -4.562813, -30.101582, 19.123251, 126.220510, 1000, 0.000100, 2.000000, -1.000000, -1.000000, 0.100000, 0.000100, 1.000000, 0.001000, 0.000010, 0.000000, 0.000000, 0.950000, 1.092452, 8.616853, -0.710693, -16.240809, 1000
6.48, 0.000100, 0.200000, 0.470000, -9.810000, 6.000000, 0.000000, 0.000000, 0.000000, 10.000000, -1.000000, 1.000000, -1.000000, 0.100000, 0.000100, 1.000000, 0.001000, 0.000010, 0.000000, 0.000000, 0.950000, -0.724095, -16.259784, 19.067352, 125.790262, 1.110855, 8.628184, -4.551806, -30.015362, 1000, 0.000100, -1.000000, -1.000000, 0.100000, 0.000100, 5.000000, 1.000000, 0.001000, 0.000010, 0.000000, 0.000000, 0.950000, 5.000000, -4.551806, -30.015362, 19.067352, 125.790262, 1000, 0.000100, 2.000000, -1.000000, -1.000000, 0.100000, 0.000100, 1.000000, 0.001000, 0.000010, 0.000000, 0.000000, 0.950000, 1.110855, 8.628184, -0.724095, -16.259784, 1000
6.49, 0.000100, 0.200000, 0.470000, -9.810000, 6.000000, 0.000000, 0.000000, 0.000000, 10.000000, -1.000000, 1.000000, -1.000000, 0.100000, 0.000100, 1.000000, 0.001000, 0.000010, 0.000000, 0.000000, 0.950000, -0.737489, -16.277902, 19.010656, 125.359416, 1.129189, 8.639064, -4.540615, -29.929032, 1000, 0.000100, -1.000000, -1.000000, 0.100000, 0.000100, 5.000000, 1.000000, 0.001000, 0.000010, 0.000000, 0.000000, 0.950000, 5.000000, -4.540615, -29.929032, 19.010656, 125.359416, 1000, 0.000100, 2.000000, -1.000000, -1.000000, 0.100000, 0.000100, 1.000000, 0.001000, 0.000010, 0.000000, 0.000000, 0.950000, 1.129189, 8.639064, -0.737489, -16.277902, 1000
6.5, 0.000100, 0.200000, 0.470000, -9.810000, 6.000000, 0.000000, 0.000000, 0.000000, 10.000000, -1.000000, 1.000000, -1.000000, 0.100000, 0.000100, 1.000000, 0.001000, 0.000010, 0.000000, 0.000000, 0.950000, -0.750872, -16.295163, 18.953166, 124.927995, 1.147453, 8.649494, -4.529241, -29.842594, 1000, 0.000100, -1.000000, -1.000000, 0.100000, 0.000100, 5.000000, 1.000000, 0.001000, 0.000010, 0.000000, 0.000000, 0.950000, 5.000000, -4.529241, -29.842594, 18.953166, 124.927995, 1000, 0.000100, 2.000000, -1.000000, -1.000000, 0.100000, 0.000100, 1.000000, 0.001000, 0.000010, 0.000000, 0.000000, 0.950000, 1.147453, 8.649494, -0.750872, -16.295163, 1000
6.51, 0.000100, 0.200000, 0.470000, -9.810000, 6.000000, 0.000000, 0.000000, 0.000000, 10.000000, -1.000000, 1.000000, -1.000000, 0.100000, 0.000100, 1.000000, 0.001000, 0.000010, 0.000000, 0.000000, 0.950000, -0.764245, -16.311569, 18.894887, 124.496020, 1.165645, 8.659474, -4.517684, -29.756054, 1000, 0.000100, -1.000000, -1.000000, 0.100000, 0.000100, 5.000000, 1.000000, 0.001000, 0.000010, 0.000000, 0.000000, 0.950000, 5.000000, -4.517684, -29.756054, 18.894887, 124.496020, 1000, 0.000100, 2.000000, -1.000000, -1.000000, 0.100000, 0.000100, 1.000000, 0.001000, 0.000010, 0.000000, 0.000000, 0.950000, 1.165645, 8.659474, -0.764245, -16.311569, 1000
6.52, 0.000100, 0.200000, 0.470000, -9.810000, 6.000000, 0.000000, 0.000000, 0.000000, 10.000000, -1.000000, 1.000000, -1.000000, 0.100000, 0.000100, 1.000000, 0.001000, 0.000010, 0.000000, 0.000000, 0.950000, -0.777607, -16.327121, 18.835824, 124.063516, 1.183766, 8.669004, -4.505946, -29.669417, 1000, 0.000100, -1.000000, -1.000000, 0.100000, 0.000100, 5.000000, 1.000000, 0.001000, 0.000010, 0.000000, 0.000000, 0.950000, 5.000000, -4.505946, -29.669417, 18.835824, 124.063516, 1000, 0.000100, 2.000000, -1.000000, -1.000000, 0.100000, 0.000100, 1.000000, 0.001000, 0.000010, 0.000000, 0.000000, 0.950000, 1.183766, 8.669004, -0.777607, -16.327121, 1000
6.53, 0.000100, 0.200000, 0.470000, -9.810000, 6.000000, 0.000000, 0.000000, 0.000000, 10.000000, -1.000000, 1.000000, -1.000000, 0.100000, 0.000100, 1.000000, 0.001000, 0.000010, 0.000000, 0.000000, 0.950000, -0.790956, -16.341820, 18.775981, 123.630503, 1.201813, 8.678085, -4.494027, -29.582686, 1000, 0.000100, -1.000000, -1.000000, 0.100000, 0.000100, 5.000000, 1.000000, 0.001000, 0.000010, 0.000000, 0.000000, 0.950000, 5.000000, -4.494027, -29.582686, 18.775981, 123.630503, 1000, 0.000100, 2.000000, -1.000000, -1.000000, 0.100000, 0.000100, 1.000000, 0.001000, 0.000010, 0.000000, 0.000000, 0.950000, 1.201813, 8.678085, -0.790956, -16.341820, 1000
6.54, 0.000100, 0.200000, 0.470000, -9.810000, 6.000000, 0.000000, 0.000000, 0.000000, 10.000000, -1.000000, 1.000000, -1.000000, 0.100000, 0.000100, 1.000000, 0.001000, 0.000010, 0.000000, 0.000000, 0.950000, -0.804292, -16.355667, 18.715363, 123.197003, 1.219788, 8.686718, -4.481928, -29.495866, 1000, 0.000100, -1.000000, -1.000000, 0.100000, 0.000100, 5.000000, 1.000000, 0.001000, 0.000010, 0.000000, 0.000000, 0.950000, 5.000000, -4.481928, -29.495866, 18.715363, 123.197003, 1000, 0.000100, 2.000000, -1.000000, -1.000000, 0.100000, 0.000100, 1.000000, 0.001000, 0.000010, 0.000000, 0.000000, 0.950000, 1.219788, 8.686718, -0.804292, -16.355667, 1000
6.55, 0.000100, 0.200000, 0.470000, -9.810000, 6.000000, 0.000000, 0.000000, 0.000000, 10.000000, -1.000000, 1.000000, -1.000000, 0.100000, 0.000100, 1.000000, 0.001000, 0.000010, 0.000000, 0.000000, 0.950000, -0.817613, -16.368666, 18.653975, 122.763041, 1.237688, 8.694901, -4.469650, -29.408962, 1000, 0.000100, -1.000000, -1.000000, 0.100000, 0.000100, 5.000000, 1.000000, 0.001000, 0.000010, 0.000000, 0.000000, 0.950000, 5.000000, -4.469650, -29.408962, 18.653975, 122.763041, 1000, 0.000100, 2.000000, -1.000000, -1.000000, 0.100000, 0.000100, 1.000000, 0.001000, 0.000010, 0.000000, 0.000000, 0.950000, 1.237688, 8.694901, -0.817613, -16.368666, 1000
6.56, 0.000100, 0.200000, 0.470000, -9.810000, 6.000000, 0.000000, 0.000000, 0.000000, 10.000000, -1.000000, 1.000000, -1.000000, 0.100000, 0.000100, 1.000000, 0.001000, 0.000010, 0.000000, 0.000000, 0.950000, -0.830919, -16.380816, 18.591822, 122.328636, 1.255512, 8.702637, -4.457193, -29.321978, 1000, 0.000100, -1.000000, -1.000000, 0.100000, 0.000100, 5.000000, 1.000000, 0.001000, 0.000010, 0.000000, 0.000000, 0.950000, 5.000000, -4.457193, -29.321978, 18.591822, 122.328636, 1000, 0.000100, 2.000000, -1.000000, -1.000000, 0.100000, 0.000100, 1.000000, 0.001000, 0.000010, 0.000000, 0.000000, 0.950000, 1.255512, 8.702637, -0.830919, -16.380816, 1000
6.57, 0.000100, 0.200000, 0.470000, -9.810000, 6.000000, 0.000000, 0.000000, 0.000000, 10.000000, -1.000000, 1.000000, -1.000000, 0.100000, 0.000100, 1.000000, 0.001000, 0.000010, 0.000000, 0.000000, 0.950000, -0.844209, -16.392119, 18.528908, 121.893813, 1.273262, 8.709925, -4.444558, -29.234919, 1000, 0.000100, -1.000000, -1.000000, 0.100000, 0.000100, 5.000000, 1.000000, 0.001000, 0.000010, 0.000000, 0.000000, 0.950000, 5.000000, -4.444558, -29.234919, 18.528908, 121.893813, 1000, 0.000100, 2.000000, -1.000000, -1.000000, 0.100000, 0.000100, 1.000000, 0.001000, 0.000010, 0.000000, 0.000000, 0.950000, 1.273262, 8.709925, -0.844209, -16.392119, 1000
6.58, 0.000100, 0.200000, 0.470000, -9.810000, 6.000000, 0.000000, 0.000000, 0.000000, 10.000000, -1.000000, 1.000000, -1.000000, 0.100000, 0.000100, 1.000000, 0.001000, 0.000010, 0.000000, 0.000000, 0.950000, -0.857481, -16.402578, 18.465238, 121.458592, 1.290934, 8.716767, -4.431746, -29.147789, 1000, 0.000100, -1.000000, -1.000000, 0.100000, 0.000100, 5.000000, 1.000000, 0.001000, 0.000010, 0.000000, 0.000000, 0.950000, 5.000000, -4.431746, -29.147789, 18.465238, 121.458592, 1000, 0.000100, 2.000000, -1.000000, -1.000000, 0.100000, 0.000100, 1.000000, 0.001000, 0.000010, 0.000000, 0.000000, 0.950000, 1.290934, 8.716767, -0.857481, -16.402578, 1000
6.59, 0.000100, 0.200000, 0.470000, -9.810000, 6.000000, 0.000000, 0.000000, 0.000000, 10.000000, -1.000000, 1.000000, -1.000000, 0.100000, 0.000100, 1.000000, 0.001000, 0.000010, 0.000000, 0.000000, 0.950000, -0.870735, -16.412193, 18.400818, 121.022997, 1.308529, 8.723161, -4.418757, -29.060593, 1000, 0.000100, -1.000000, -1.000000, 0.100000, 0.000100, 5.000000, 1.000000, 0.001000, 0.000010, 0.000000, 0.000000, 0.950000, 5.000000, -4.418757, -29.060593, 18.400818, 121.022997, 1000, 0.000100, 2.000000, -1.000000, -1.000000, 0.100000, 0.000100, 1.000000, 0.001000, 0.000010, 0.000000, 0.000000, 0.950000, 1.308529, 8.723161, -0.870735, -16.412193, 1000
6.6, 0.000100, 0.200000, 0.470000, -9.810000, 6.000000, 0.000000, 0.000000, 0.000000, 10.000000, -1.000000, 1.000000, -1.000000, 0.100000, 0.000100, 1.000000, 0.001000, 0.000010, 0.000000, 0.000000, 0.950000, -0.883969, -16.420966, 18.335651, 120.587048, 1.326047, 8.729110, -4.405593, -28.973334, 1000, 0.000100, -1.000000, -1.000000, 0.100000, 0.000100, 5.000000, 1.000000, 0.001000, 0.000010, 0.000000, 0.000000, 0.950000, 5.000000, -4.405593, -28.973334, 18.335651, 120.587048, 1000, 0.000100, 2.000000, -1.000000, -1.000000, 0.100000, 0.000100, 1.000000, 0.001000, 0.000010, 0.000000, 0.000000, 0.950000, 1.326047, 8.729110, -0.883969, -16.420966, 1000
6.61, 0.000100, 0.200000, 0.470000, -9.810000, 6.000000, 0.000000, 0.000000, 0.000000, 10.000000, -1.000000, 1.000000, -1.000000, 0.100000, 0.000100, 1.000000, 0.001000, 0.000010, 0.000000, 0.000000, 0.950000, -0.897184, -16.428900, 18.269744, 120.150770, 1.343485, 8.734613, -4.392254, -28.886018, 1000, 0.000100, -1.000000, -1.000000, 0.100000, 0.000100, 5.000000, 1.000000, 0.001000, 0.000010, 0.000000, 0.000000, 0.950000, 5.000000, -4.392254, -28.886018, 18.269744, 120.150770, 1000, 0.000100, 2.000000, -1.000000, -1.000000, 0.100000, 0.000100, 1.000000, 0.001000, 0.000010, 0.000000, 0.000000, 0.950000, 1.343485, 8.734613, -0.897184, -16.428900, 1000
6.62, 0.000100, 0.200000, 0.470000, -9.810000, 6.000000, 0.000000, 0.000000, 0.000000, 10.000000, -1.000000, 1.000000, -1.000000, 0.100000, 0.000100, 1.000000, 0.001000, 0.000010, 0.000000, 0.000000, 0.950000, -0.910377, -16.435995, 18.203101, 119.714182, 1.360844, 8.739672, -4.378741, -28.798649, 1000, 0.000100, -1.000000, -1.000000, 0.100000, 0.000100, 5.000000, 1.000000, 0.001000, 0.000010, 0.000000, 0.000000, 0.950000, 5.000000, -4.378741, -28.798649, 18.203101, 119.714182, 1000, 0.000100, 2.000000, -1.000000, -1.000000, 0.100000, 0.000100, 1.000000, 0.001000, 0.000010, 0.000000, 0.000000, 0.950000, 1.360844, 8.739672, -0.910377, -16.435995, 1000
6.63, 0.000100, 0.200000, 0.470000, -9.810000, 6.000000, 0.000000, 0.000000, 0.000000, 10.000000, -1.000000, 1.000000, -1.000000, 0.100000, 0.000100, 1.000000, 0.001000, 0.000010, 0.000000, 0.000000, 0.950000, -0.923548, -16.442254, 18.135728, 119.277309, 1.378123, 8.744286, -4.365055, -28.711232, 1000, 0.000100, -1.000000, -1.000000, 0.100000, 0.000100, 5.000000, 1.000000, 0.001000, 0.000010, 0.000000, 0.000000, 0.950000, 5.000000, -4.365055, -28.711232, 18.135728, 119.277309, 1000, 0.000100, 2.000000, -1.000000, -1.000000, 0.100000, 0.000100, 1.000000, 0.001000, 0.000010, 0.000000, 0.000000, 0.950000, 1.378123, 8.744286, -0.923548, -16.442254, 1000
6.64, 0.000100, 0.200000, 0.470000, -9.810000, 6.000000, 0.000000, 0.000000, 0.000000, 10.000000, -1.000000, 1.000000, -1.000000, 0.100000, 0.000100, 1.000000, 0.001000, 0.000010, 0.000000, 0.000000, 0.950000, -0.936696, -16.447679, 18.067629, 118.840171, 1.395321, 8.748456, -4.351196, -28.623770, 1000, 0.000100, -1.000000, -1.000000, 0.100000, 0.000100, 5.000000, 1.000000, 0.001000, 0.000010, 0.000000, 0.000000, 0.950000, 5.000000, -4.351196, -28.623770, 18.067629, 118.840171, 1000, 0.000100, 2.000000, -1.000000, -1.000000, 0.100000, 0.000100, 1.000000, 0.001000, 0.000010, 0.000000, 0.000000, 0.950000, 1.395321, 8.748456, -0.936696, -16.447679, 1000
6.65, 0.000100, 0.200000, 0.470000, -9.810000, 6.000000, 0.000000, 0.000000, 0.000000, 10.000000, -1.000000, 1.000000, -1.000000, 0.100000, 0.000100, 1.000000, 0.001000, 0.000010, 0.000000, 0.000000, 0.950000, -0.949819, -16.452271, 17.998810, 118.402791, 1.412438, 8.752183, -4.337166, -28.536269, 1000, 0.000100, -1.000000, -1.000000, 0.100000, 0.000100, 5.000000, 1.000000, 0.001000, 0.000010, 0.000000, 0.000000, 0.950000, 5.000000, -4.337166, -28.536269, 17.998810, 118.402791, 1000, 0.000100, 2.000000, -1.000000, -1.000000, 0.100000, 0.000100, 1.000000, 0.001000, 0.000010, 0.000000, 0.000000, 0.950000, 1.412438, 8.752183, -0.949819, -16.452271, 1000
6.66, 0.000100, 0.200000, 0.470000, -9.810000, 6.000000, 0.000000, 0.000000, 0.000000, 10.000000, -1.000000, 1.000000, -1.000000, 0.100000, 0.000100, 1.000000, 0.001000, 0.000010, 0.000000, 0.000000, 0.950000, -0.962917, -16.456033, 17.929276, 117.965190, 1.429472, 8.755468, -4.322965, -28.448732, 1000, 0.000100, -1.000000, -1.000000, 0.100000, 0.000100, 5.000000, 1.000000, 0.001000, 0.000010, 0.000000, 0.000000, 0.950000, 5.000000, -4.322965, -28.448732, 17.929276, 117.965190, 1000, 0.000100, 2.000000, -1.000000, -1.000000, 0.100000, 0.000100, 1.000000, 0.001000, 0.000010, 0.000000, 0.000000, 0.950000, 1.429472, 8.755468, -0.962917, -16.456033, 1000
6.67, 0.000100, 0.200000, 0.470000, -9.810000, 6.000000, 0.000000, 0.000000, 0.000000, 10.000000, -1.000000, 1.000000, -1.000000, 0.100000, 0.000100, 1.000000, 0.001000, 0.000010, 0.000000, 0.000000, 0.950000, -0.975990, -16.458965, 17.859032, 117.527392, 1.446423, 8.758311, -4.308594, -28.361165, 1000, 0.000100, -1.000000, -1.000000, 0.100000, 0.000100, 5.000000, 1.000000, 0.001000, 0.000010, 0.000000, 0.000000, 0.950000, 5.000000, -4.308594, -28.361165, 17.859032, 117.527392, 1000, 0.000100, 2.000000, -1.000000, -1.000000, 0.100000, 0.000100, 1.000000, 0.001000, 0.000010, 0.000000, 0.000000, 0.950000, 1.446423, 8.758311, -0.975990, -16.458965, 1000
6.68, 0.000100, 0.200000, 0.470000, -9.810000, 6.000000, 0.000000, 0.000000, 0.000000, 10.000000, -1.000000, 1.000000, -1.000000, 0.100000, 0.000100, 1.000000, 0.001000, 0.000010, 0.000000, 0.000000, 0.950000, -0.989034, -16.461071, 17.788084, 117.089416, 1.463290, 8.760713, -4.294054, -28.273571, 1000, 0.000100, -1.000000, -1.000000, 0.100000, 0.000100, 5.000000, 1.000000, 0.001000, 0.000010, 0.000000, 0.000000, 0.950000, 5.000000, -4.294054, -28.273571, 17.788084, 117.089416, 1000, 0.000100, 2.000000, -1.000000, -1.000000, 0.100000, 0.000100, 1.000000, 0.001000, 0.000010, 0.000000, 0.000000, 0.950000, 1.463290, 8.760713, -0.989034, -16.461071, 1000
6.69, 0.000100, 0.200000, 0.470000, -9.810000, 6.000000, 0.000000, 0.000000, 0.000000, 10.000000, -1.000000, 1.000000, -1.000000, 0.100000, 0.000100, 1.000000, 0.001000, 0.000010, 0.000000, 0.000000, 0.950000, -1.002051, -16.462353, 17.716437, 116.651287, 1.480073, 8.762675, -4.279346, -28.185955, 1000, 0.000100, -1.000000, -1.000000, 0.100000, 0.000100, 5.000000, 1.000000, 0.001000, 0.000010, 0.000000, 0.000000, 0.950000, 5.000000, -4.279346, -28.185955, 17.716437, 116.651287, 1000, 0.000100, 2.000000, -1.000000, -1.000000, 0.100000, 0.000100, 1.000000, 0.001000, 0.000010, 0.000000, 0.000000, 0.950000, 1.480073, 8.762675, -1.002051, -16.462353, 1000
6.7, 0.000100, 0.200000, 0.470000, -9.810000, 6.000000, 0.000000, 0.000000, 0.000000, 10.000000, -1.000000, 1.000000, -1.000000, 0.100000, 0.000100, 1.000000, 0.001000, 0.000010, 0.000000, 0.000000, 0.950000, -1.015038, -16.462812, 17.644096, 116.213025, 1.496771, 8.764196, -4.264470, -28.098321, 1000, 0.000100, -1.000000, -1.000000, 0.100000, 0.000100, 5.000000, 1.000000, 0.001000, 0.000010, 0.000000, 0.000000, 0.950000, 5.000000, -4.264470, -28.098321, 17.644096, 116.213025, 1000, 0.000100, 2.000000, -1.000000, -1.000000, 0.100000, 0.000100, 1.000000, 0.001000, 0.000010, 0.000000, 0.000000, 0.950000, 1.496771, 8.764196, -1.015038, -16.462812, 1000
6.71, 0.000100, 0.200000, 0.470000, -9.810000, 6.000000, 0.000000, 0.000000, 0.000000, 10.000000, -1.000000, 1.000000, -1.000000, 0.100000, 0.000100, 1.000000, 0.001000, 0.000010, 0.000000, 0.000000, 0.950000, -1.027996, -16.462451, 17.571067, 115.774652, 1.513384, 8.765280, -4.249427, -28.010675, 1000, 0.000100, -1.000000, -1.000000, 0.100000, 0.000100, 5.000000, 1.000000, 0.001000, 0.000010, 0.000000, 0.000000, 0.950000, 5.000000, -4.249427, -28.010675, 17.571067, 115.774652, 1000, 0.000100, 2.000000, -1.000000, -1.000000, 0.100000, 0.000100, 1.000000, 0.001000, 0.000010, 0.000000, 0.000000, 0.950000, 1.513384, 8.765280, -1.027996, -16.462451, 1000
6.72, 0.000100, 0.200000, 0.470000, -9.810000, 6.000000, 0.000000, 0.000000, 0.000000, 10.000000, -1.000000, 1.000000, -1.000000, 0.100000, 0.000100, 1.000000, 0.001000, 0.000010, 0.000000, 0.000000, 0.950000, -1.040921, -16.461271, 17.497356, 115.336190, 1.529910, 8.765925, -4.234219, -27.923019, 1000, 0.000100, -1.000000, -1.000000, 0.100000, 0.000100, 5.000000, 1.000000, 0.001000, 0.000010, 0.000000, 0.000000, 0.950000, 5.000000, -4.234219, -27.923019, 17.497356, 115.336190, 1000, 0.000100, 2.000000, -1.000000, -1.000000, 0.100000, 0.000100, 1.000000, 0.001000, 0.000010, 0.000000, 0.000000, 0.950000, 1.529910, 8.765925, -1.040921, -16.461271, 1000
6.73, 0.000100, 0.200000, 0.470000, -9.810000, 6.000000, 0.000000, 0.000000, 0.000000, 10.000000, -1.000000, 1.000000, -1.000000, 0.100000, 0.000100, 1.000000, 0.001000, 0.000010, 0.000000, 0.000000, 0.950000, -1.053815, -16.459275, 17.422968, 114.897660, 1.546349, 8.766132, -4.218846, -27.835359, 1000, 0.000100, -1.000000, -1.000000, 0.100000, 0.000100, 5.000000, 1.000000, 0.001000, 0.000010, 0.000000, 0.000000, 0.950000, 5.000000, -4.218846, -27.835359, 17.422968, 114.897660, 1000, 0.000100, 2.000000, -1.000000, -1.000000, 0.100000, 0.000100, 1.000000, 0.001000, 0.000010, 0.000000, 0.000000, 0.950000, 1.546349, 8.766132, -1.053815, -16.459275, 1000
6.74, 0.000100, 0.200000, 0.470000, -9.810000, 6.000000, 0.000000, 0.000000, 0.000000, 10.000000, -1.000000, 1.000000, -1.000000, 0.100000, 0.000100, 1.000000, 0.001000, 0.000010, 0.000000, 0.000000, 0.950000, -1.066676, -16.456466, 17.347908, 114.459086, 1.562700, 8.765903, -4.203309, -27.747698, 1000, 0.000100, -1.000000, -1.000000, 0.100000, 0.000100, 5.000000, 1.000000, 0.001000, 0.000010, 0.000000, 0.000000, 0.950000, 5.000000, -4.203309, -27.747698, 17.347908, 114.459086, 1000, 0.000100, 2.000000, -1.000000, -1.000000, 0.100000, 0.000100, 1.000000, 0.001000, 0.000010, 0.000000, 0.000000, 0.950000, 1.562700, 8.765903, -1.066676, -16.456466, 1000
6.75, 0.000100, 0.200000, 0.470000, -9.810000, 6.000000, 0.000000, 0.000000, 0.000000, 10.000000, -1.000000, 1.000000, -1.000000, 0.100000, 0.000100, 1.000000, 0.001000, 0.000010, 0.000000, 0.000000, 0.950000, -1.079502, -16.452845, 17.272183, 114.020487, 1.578963, 8.765239, -4.187609, -27.660042, 1000, 0.000100, -1.000000, -1.000000, 0.100000, 0.000100, 5.000000, 1.000000, 0.001000, 0.000010, 0.000000, 0.000000, 0.950000, 5.000000, -4.187609, -27.660042, 17.272183, 114.020487, 1000, 0.000100, 2.000000, -1.000000, -1.000000, 0.100000, 0.000100, 1.000000, 0.001000, 0.000010, 0.000000, 0.000000, 0.950000, 1.578963, 8.765239, -1.079502, -16.452845, 1000
6.76, 0.000100, 0.200000, 0.470000, -9.810000, 6.000000, 0.000000, 0.000000, 0.000000, 10.000000, -1.000000, 1.000000, -1.000000, 0.100000, 0.000100, 1.000000, 0.001000, 0.000010, 0.000000, 0.000000, 0.950000, -1.092292, -16.448415, 17.195798, 113.581887, 1.595137, 8.764139, -4.171746, -27.572395, 1000, 0.000100, -1.000000, -1.000000, 0.100000, 0.000100, 5.000000, 1.000000, 0.001000, 0.000010, 0.000000, 0.000000, 0.950000, 5.000000, -4.171746, -27.572395, 17.195798, 113.581887, 1000, 0.000100, 2.000000, -1.000000, -1.000000, 0.100000, 0.000100, 1.000000, 0.001000, 0.000010, 0.000000, 0.000000, 0.950000, 1.595137, 8.764139, -1.092292, -16.448415, 1000
6.77, 0.000100, 0.200000, 0.470000, -9.810000, 6.000000, 0.000000, 0.000000, 0.000000, 10.000000, -1.000000, 1.000000, -1.000000, 0.100000, 0.000100, 1.000000, 0.001000, 0.000010, 0.000000, 0.000000, 0.950000, -1.105047, -16.443178, 17.118758, 113.143306, 1.611222, 8.762606, -4.155723, -27.484760, 1000, 0.000100, -1.000000, -1.000000, 0.100000, 0.000100, 5.000000, 1.000000, 0.001000, 0.000010, 0.000000, 0.000000, 0.950000, 5.000000, -4.155723, -27.484760, 17.118758, 113.143306, 1000, 0.000100, 2.000000, -1.000000, -1.000000, 0.100000, 0.000100, 1.000000, 0.001000, 0.000010, 0.000000, 0.000000, 0.950000, 1.611222, 8.762606, -1.105047, -16.443178, 1000
6.78, 0.000100, 0.200000, 0.470000, -9.810000, 6.000000, 0.000000, 0.000000, 0.000000, 10.000000, -1.000000, 1.000000, -1.000000, 0.100000, 0.000100, 1.000000, 0.001000, 0.000010, 0.000000, 0.000000, 0.950000, -1.117764, -16.437137, 17.041070, 112.704765, 1.627216, 8.760639, -4.139538, -27.397143, 1000, 0.000100, -1.000000, -1.000000, 0.100000, 0.000100, 5.000000, 1.000000, 0.001000, 0.000010, 0.000000, 0.000000, 0.950000, 5.000000, -4.139538, -27.397143, 17.041070, 112.704765, 1000, 0.000100, 2.000000, -1.000000, -1.000000, 0.100000, 0.000100, 1.000000, 0.001000, 0.000010, 0.000000, 0.000000, 0.950000, 1.627216, 8.760639, -1.117764, -16.437137, 1000
6.79, 0.000100, 0.200000, 0.470000, -9.810000, 6.000000, 0.000000, 0.000000, 0.000000, 10.000000, -1.000000, 1.000000, -1.000000, 0.100000, 0.000100, 1.000000, 0.001000, 0.000010, 0.000000, 0.000000, 0.950000, -1.130443, -16.430294, 16.962739, 112.266288, 1.643120, 8.758240, -4.123195, -27.309548, 1000, 0.000100, -1.000000, -1.000000, 0.100000, 0.000100, 5.000000, 1.000000, 0.001000, 0.000010, 0.000000, 0.000000, 0.950000, 5.000000, -4.123195, -27.309548, 16.962739, 112.266288, 1000, 0.000100, 2.000000, -1.000000, -1.000000, 0.100000, 0.000100, 1.000000, 0.001000, 0.000010, 0.000000, 0.000000, 0.950000, 1.643120, 8.758240, -1.130443, -16.430294, 1000
6.8, 0.000100, 0.200000, 0.470000, -9.810000, 6.000000, 0.000000, 0.000000, 0.000000, 10.000000, -1.000000, 1.000000, -1.000000, 0.100000, 0.000100, 1.000000, 0.001000, 0.000010, 0.000000, 0.000000, 0.950000, -1.143082, -16.422651, 16.883772, 111.827894, 1.658932, 8.755410, -4.106692, -27.221978, 1000, 0.000100, -1.000000, -1.000000, 0.100000, 0.000100, 5.000000, 1.000000, 0.001000, 0.000010, 0.000000, 0.000000, 0.950000, 5.000000, -4.106692, -27.221978, 16.883772, 111.827894, 1000, 0.000100, 2.000000, -1.000000, -1.000000, 0.100000, 0.000100, 1.000000, 0.001000, 0.000010, 0.000000, 0.000000, 0.950000, 1.658932, 8.755410, -1.143082, -16.422651, 1000
6.81, 0.000100, 0.200000, 0.470000, -9.810000, 6.000000, 0.000000, 0.000000, 0.000000, 10.000000, -1.000000, 1.000000, -1.000000, 0.100000, 0.000100, 1.000000, 0.001000, 0.000010, 0.000000, 0.000000, 0.950000, -1.155681, -16.414211, 16.804173, 111.389606, 1.674652, 8.752149, -4.090032, -27.134439, 1000, 0.000100, -1.000000, -1.000000, 0.100000, 0.000100, 5.000000, 1.000000, 0.001000, 0.000010, 0.000000, 0.000000, 0.950000, 5.000000, -4.090032, -27.134439, 16.804173, 111.389606, 1000, 0.000100, 2.000000, -1.000000, -1.000000, 0.100000, 0.000100, 1.000000, 0.001000, 0.000010, 0.000000, 0.000000, 0.950000, 1.674652, 8.752149, -1.155681, -16.414211, 1000
6.82, 0.000100, 0.200000, 0.470000, -9.810000, 6.000000, 0.000000, 0.000000, 0.000000, 10.000000, -1.000000, 1.000000, -1.000000, 0.100000, 0.000100, 1.000000, 0.001000, 0.000010, 0.000000, 0.000000, 0.950000, -1.168239, -16.404976, 16.723950, 110.951445, 1.690280, 8.748460, -4.073215, -27.046934, 1000, 0.000100, -1.000000, -1.000000, 0.100000, 0.000100, 5.000000, 1.000000, 0.001000, 0.000010, 0.000000, 0.000000, 0.950000, 5.000000, -4.073215, -27.046934, 16.723950, 110.951445, 1000, 0.000100, 2.000000, -1.000000, -1.000000, 0.100000, 0.000100, 1.000000, 0.001000, 0.000010, 0.000000, 0.000000, 0.950000, 1.690280, 8.748460, -1.168239, -16.404976, 1000
6.83, 0.000100, 0.200000, 0.470000, -9.810000, 6.000000, 0.000000, 0.000000, 0.000000, 10.000000, -1.000000, 1.000000, -1.000000, 0.100000, 0.000100, 1.000000, 0.001000, 0.000010, 0.000000, 0.000000, 0.950000, -1.180754, -16.394950, 16.643107, 110.513433, 1.705814, 8.744341, -4.056243, -26.959468, 1000, 0.000100, -1.000000, -1.000000, 0.100000, 0.000100, 5.000000, 1.000000, 0.001000, 0.000010, 0.000000, 0.000000, 0.950000, 5.000000, -4.056243, -26.959468, 16.643107, 110.513433, 1000, 0.000100, 2.000000, -1.000000, -1.000000, 0.100000, 0.000100, 1.000000, 0.001000, 0.000010, 0.000000, 0.000000, 0.950000, 1.705814, 8.744341, -1.180754, -16.394950, 1000
6.84, 0.000100, 0.200000, 0.470000, -9.810000, 6.000000, 0.000000, 0.000000, 0.000000, 10.000000, -1.000000, 1.000000, -1.000000, 0.100000, 0.000100, 1.000000, 0.001000, 0.000010, 0.000000, 0.000000, 0.950000, -1.193226, -16.384134, 16.561651, 110.075589, 1.721255, 8.739795, -4.039115, -26.872045, 1000, 0.000100, -1.000000, -1.000000, 0.100000, 0.000100, 5.000000, 1.000000, 0.001000, 0.000010, 0.000000, 0.000000, 0.950000, 5.000000, -4.039115, -26.872045, 16.561651, 110.075589, 1000, 0.000100, 2.000000, -1.000000, -1.000000, 0.100000, 0.000100, 1.000000, 0.001000, 0.000010, 0.000000, 0.000000, 0.950000, 1.721255, 8.739795, -1.193226, -16.384134, 1000
6.85, 0.000100, 0.200000, 0.470000, -9.810000, 6.000000, 0.000000, 0.000000, 0.000000, 10.000000, -1.000000, 1.000000, -1.000000, 0.100000, 0.000100, 1.000000, 0.001000, 0.000010, 0.000000, 0.000000, 0.950000, -1.205653, -16.372532, 16.479588, 109.637937, 1.736601, 8.734823, -4.021833, -26.784669, 1000, 0.000100, -1.000000, -1.000000, 0.100000, 0.000100, 5.000000, 1.000000, 0.001000, 0.000010, 0.000000, 0.000000, 0.950000, 5.000000, -4.021833, -26.784669, 16.479588, 109.637937, 1000, 0.000100, 2.000000, -1.000000, -1.000000, 0.100000, 0.000100, 1.000000, 0.001000, 0.000010, 0.000000, 0.000000, 0.950000, 1.736601, 8.734823, -1.205653, -16.372532, 1000
6.86, 0.000100, 0.200000, 0.470000, -9.810000, 6.000000, 0.000000, 0.000000, 0.000000, 10.000000, -1.000000, 1.000000, -1.000000, 0.100000, 0.000100, 1.000000, 0.001000, 0.000010, 0.000000, 0.000000, 0.950000, -1.218034, -16.360145, 16.396925, 109.200496, 1.751853, 8.729426, -4.004399, -26.697345, 1000, 0.000100, -1.000000, -1.000000, 0.100000, 0.000100, 5.000000, 1.000000, 0.001000, 0.000010, 0.000000, 0.000000, 0.950000, 5.000000, -4.004399, -26.697345, 16.396925, 109.200496, 1000, 0.000100, 2.000000, -1.000000, -1.000000, 0.100000, 0.000100, 1.000000, 0.001000, 0.000010, 0.000000, 0.000000, 0.950000, 1.751853, 8.729426, -1.218034, -16.360145, 1000
6.87, 0.000100, 0.200000, 0.470000, -9.810000, 6.000000, 0.000000, 0.000000, 0.000000, 10.000000, -1.000000, 1.000000, -1.000000, 0.100000, 0.000100, 1.000000, 0.001000, 0.000010, 0.000000, 0.000000, 0.950000, -1.230369, -16.346977, 16.313666, 108.763289, 1.767009, 8.723604, -3.986812, -26.610077, 1000, 0.000100, -1.000000, -1.000000, 0.100000, 0.000100, 5.000000, 1.000000, 0.001000, 0.000010, 0.000000, 0.000000, 0.950000, 5.000000, -3.986812, -26.610077, 16.313666, 108.763289, 1000, 0.000100, 2.000000, -1.000000, -1.000000, 0.100000, 0.000100, 1.000000, 0.001000, 0.000010, 0.000000, 0.000000, 0.950000, 1.767009, 8.723604, -1.230369, -16.346977, 1000
6.88, 0.000100, 0.200000, 0.470000, -9.810000, 6.000000, 0.000000, 0.000000, 0.000000, 10.000000, -1.000000, 1.000000, -1.000000, 0.100000, 0.000100, 1.000000, 0.001000, 0.000010, 0.000000, 0.000000, 0.950000, -1.242657, -16.333031, 16.229819, 108.326336, 1.782069, 8.717359, -3.969074, -26.522869, 1000, 0.000100, -1.000000, -1.000000, 0.100000, 0.000100, 5.000000, 1.000000, 0.001000, 0.000010, 0.000000, 0.000000, 0.950000, 5.000000, -3.969074, -26.522869, 16.229819, 108.326336, 1000, 0.000100, 2.000000, -1.000000, -1.000000, 0.100000, 0.000100, 1.000000, 0.001000, 0.000010, 0.000000, 0.000000, 0.950000, 1.782069, 8.717359, -1.242657, -16.333031, 1000
6.89, 0.000100, 0.200000, 0.470000, -9.810000, 6.000000, 0.000000, 0.000000, 0.000000, 10.000000, -1.000000, 1.000000, -1.000000, 0.100000, 0.000100, 1.000000, 0.001000, 0.000010, 0.000000, 0.000000, 0.950000, -1.254896, -16.318308, 16.145390, 107.889659, 1.797032, 8.710691, -3.951186, -26.435726, 1000, 0.000100, -1.000000, -1.000000, 0.100000, 0.000100, 5.000000, 1.000000, 0.001000, 0.000010, 0.000000, 0.000000, 0.950000, 5.000000, -3.951186, -26.435726, 16.145390, 107.889659, 1000, 0.000100, 2.000000, -1.000000, -1.000000, 0.100000, 0.000100, 1.000000, 0.001000, 0.000010, 0.000000, 0.000000, 0.950000, 1.797032, 8.710691, -1.254896, -16.318308, 1000
6.9, 0.000100, 0.200000, 0.470000, -9.810000, 6.000000, 0.000000, 0.000000, 0.000000, 10.000000, -1.000000, 1.000000, -1.000000, 0.100000, 0.000100, 1.000000, 0.001000, 0.000010, 0.000000, 0.000000, 0.950000, -1.267085, -16.302813, 16.060384, 107.453278, 1.811899, 8.703603, -3.933149, -26.348651, 1000, 0.000100, -1.000000, -1.000000, 0.100000, 0.000100, 5.000000, 1.000000, 0.001000, 0.000010, 0.000000, 0.000000, 0.950000, 5.000000, -3.933149, -26.348651, 16.060384, 107.453278, 1000, 0.000100, 2.000000, -1.000000, -1.000000, 0.100000, 0.000100, 1.000000, 0.001000, 0.000010, 0.000000, 0.000000, 0.950000, 1.811899, 8.703603, -1.267085, -16.302813, 1000
6.91, 0.000100, 0.200000, 0.470000, -9.810000, 6.000000, 0.000000, 0.000000, 0.000000, 10.000000, -1.000000, 1.000000, -1.000000, 0.100000, 0.000100, 1.000000, 0.001000, 0.000010, 0.000000, 0.000000, 0.950000, -1.279223, -16.286547, 15.974808, 107.017214, 1.826668, 8.696094, -3.914963, -26.261648, 1000, 0.000100, -1.000000, -1.000000, 0.100000, 0.000100, 5.000000, 1.000000, 0.001000, 0.000010, 0.000000, 0.000000, 0.950000, 5.000000, -3.914963, -26.261648, 15.974808, 107.017214, 1000, 0.000100, 2.000000, -1.000000, -1.000000, 0.100000, 0.000100, 1.000000, 0.001000, 0.000010, 0.000000, 0.000000, 0.950000, 1.826668, 8.696094, -1.279223, -16.286547, 1000
6.92, 0.000100, 0.200000, 0.470000, -9.810000, 6.000000, 0.000000, 0.000000, 0.000000, 10.000000, -1.000000, 1.000000, -1.000000, 0.100000, 0.000100, 1.000000, 0.001000, 0.000010, 0.000000, 0.000000, 0.950000, -1.291310, -16.269514, 15.888669, 106.581489, 1.841339, 8.688167, -3.896631, -26.174723, 1000, 0.000100, -1.000000, -1.000000, 0.100000, 0.000100, 5.000000, 1.000000, 0.001000, 0.000010, 0.000000, 0.000000, 0.950000, 5.000000, -3.896631, -26.174723, 15.888669, 106.581489, 1000, 0.000100, 2.000000, -1.000000, -1.000000, 0.100000, 0.000100, 1.000000, 0.001000, 0.000010, 0.000000, 0.000000, 0.950000, 1.841339, 8.688167, -1.291310, -16.269514, 1000
6.93, 0.000100, 0.200000, 0.470000, -9.810000, 6.000000, 0.000000, 0.000000, 0.000000, 10.000000, -1.000000, 1.000000, -1.000000, 0.100000, 0.000100, 1.000000, 0.001000, 0.000010, 0.000000, 0.000000, 0.950000, -1.303344, -16.251716, 15.801972, 106.146122, 1.855911, 8.679822, -3.878152, -26.087879, 1000, 0.000100, -1.000000, -1.000000, 0.100000, 0.000100, 5.000000, 1.000000, 0.001000, 0.000010, 0.000000, 0.000000, 0.950000, 5.000000, -3.878152, -26.087879, 15.801972, 106.146122, 1000, 0.000100, 2.000000, -1.000000, -1.000000, 0.100000, 0.000100, 1.000000, 0.001000, 0.000010, 0.000000, 0.000000, 0.950000, 1.855911, 8.679822, -1.303344, -16.251716, 1000
6.94, 0.000100, 0.200000, 0.470000, -9.810000, 6.000000, 0.000000, 0.000000, 0.000000, 10.000000, -1.000000, 1.000000, -1.000000, 0.100000, 0.000100, 1.000000, 0.001000, 0.000010, 0.000000, 0.000000, 0.950000, -1.315324, -16.233157, 15.714725, 105.711136, 1.870384, 8.671061, -3.859528, -26.001120, 1000, 0.000100, -1.000000, -1.000000, 0.100000, 0.000100, 5.000000, 1.000000, 0.001000, 0.000010, 0.000000, 0.000000, 0.950000, 5.000000, -3.859528, -26.001120, 15.714725, 105.711136, 1000, 0.000100, 2.000000, -1.000000, -1.000000, 0.100000, 0.000100, 1.000000, 0.001000, 0.000010, 0.000000, 0.000000, 0.950000, 1.870384, 8.671061, -1.315324, -16.233157, 1000
6.95, 0.000100, 0.200000, 0.470000, -9.810000, 6.000000, 0.000000, 0.000000, 0.000000, 10.000000, -1.000000, 1.000000, -1.000000, 0.100000, 0.000100, 1.000000, 0.001000, 0.000010, 0.000000, 0.000000, 0.950000, -1.327249, -16.213839, 15.626933, 105.276550, 1.884757, 8.661885, -3.840759, -25.914451, 1000, 0.000100, -1.000000, -1.000000, 0.100000, 0.000100, 5.000000, 1.000000, 0.001000, 0.000010, 0.000000, 0.000000, 0.950000, 5.000000, -3.840759, -25.914451, 15.626933, 105.276550, 1000, 0.000100, 2.000000, -1.000000, -1.000000, 0.100000, 0.000100, 1.000000, 0.001000, 0.000010, 0.000000, 0.000000, 0.950000, 1.884757, 8.661885, -1.327249, -16.213839, 1000
6.96, 0.000100, 0.200000, 0.470000, -9.810000, 6.000000, 0.000000, 0.000000, 0.000000, 10.000000, -1.000000, 1.000000, -1.000000, 0.100000, 0.000100, 1.000000, 0.001000, 0.000010, 0.000000, 0.000000, 0.950000, -1.339118, -16.193766, 15.538602, 104.842386, 1.899030, 8.652294, -3.821847, -25.827875, 1000, 0.000100, -1.000000, -1.000000, 0.100000, 0.000100, 5.000000, 1.000000, 0.001000, 0.000010, 0.000000, 0.000000, 0.950000, 5.000000, -3.821847, -25.827875, 15.538602, 104.842386, 1000, 0.000100, 2.000000, -1.000000, -1.000000, 0.100000, 0.000100, 1.000000, 0.001000, 0.000010, 0.000000, 0.000000, 0.950000, 1.899030, 8.652294, -1.339118, -16.193766, 1000
6.97, 0.000100, 0.200000, 0.470000, -9.810000, 6.000000, 0.000000, 0.000000, 0.000000, 10.000000, -1.000000, 1.000000, -1.000000, 0.100000, 0.000100, 1.000000, 0.001000, 0.000010, 0.000000, 0.000000, 0.950000, -1.350930, -16.172940, 15.449740, 104.408664, 1.913203, 8.642290, -3.802793, -25.741397, 1000, 0.000100, -1.000000, -1.000000, 0.100000, 0.000100, 5.000000, 1.000000, 0.001000, 0.000010, 0.000000, 0.000000, 0.950000, 5.000000, -3.802793, -25.741397, 15.449740, 104.408664, 1000, 0.000100, 2.000000, -1.000000, -1.000000, 0.100000, 0.000100, 1.000000, 0.001000, 0.000010, 0.000000, 0.000000, 0.950000, 1.913203, 8.642290, -1.350930, -16.172940, 1000
6.98, 0.000100, 0.200000, 0.470000, -9.810000, 6.000000, 0.000000, 0.000000, 0.000000, 10.000000, -1.000000, 1.000000, -1.000000, 0.100000, 0.000100, 1.000000, 0.001000, 0.000010, 0.000000, 0.000000, 0.950000, -1.362685, -16.151365, 15.360353, 103.975404, 1.927275, 8.631875, -3.783598, -25.655021, 1000, 0.000100, -1.000000, -1.000000, 0.100000, 0.000100, 5.000000, 1.000000, 0.001000, 0.000010, 0.000000, 0.000000, 0.950000, 5.000000, -3.783598, -25.655021, 15.360353, 103.975404, 1000, 0.000100, 2.000000, -1.000000, -1.000000, 0.100000, 0.000100, 1.000000, 0.001000, 0.000010, 0.000000, 0.000000, 0.950000, 1.927275, 8.631875, -1.362685, -16.151365, 1000
6.99, 0.000100, 0.200000, 0.470000, -9.810000, 6.000000, 0.000000, 0.000000, 0.000000, 10.000000, -1.000000, 1.000000, -1.000000, 0.100000, 0.000100, 1.000000, 0.001000, 0.000010, 0.000000, 0.000000, 0.950000, -1.374380, -16.129043, 15.270448, 103.542628, 1.941245, 8.621050, -3.764262, -25.568751, 1000, 0.000100, -1.000000, -1.000000, 0.100000, 0.000100, 5.000000, 1.000000, 0.001000, 0.000010, 0.000000, 0.000000, 0.950000, 5.000000, -3.764262, -25.568751, 15.270448, 103.542628, 1000, 0.000100, 2.000000, -1.000000, -1.000000, 0.100000, 0.000100, 1.000000, 0.001000, 0.000010, 0.000000, 0.000000, 0.950000, 1.941245, 8.621050, -1.374380, -16.129043, 1000
7, 0.000100, 0.200000, 0.470000, -9.810000, 6.000000, 0.000000, 0.000000, 0.000000, 10.000000, -1.000000, 1.000000, -1.000000, 0.100000, 0.000100, 1.000000, 0.001000, 0.000010, 0.000000, 0.000000, 0.950000, -1.386016, -16.105977, 15.180030, 103.110355, 1.955113, 8.609815, -3.744787, -25.482591, 1000, 0.000100, -1.000000, -1.000000, 0.100000, 0.000100, 5.000000, 1.000000, 0.001000, 0.000010, 0.000000, 0.000000, 0.950000, 5.000000, -3.744787, -25.482591, 15.180030, 103.110355, 1000, 0.000100, 2.000000, -1.000000, -1.000000, 0.100000, 0.000100, 1.000000, 0.001000, 0.000010, 0.000000, 0.000000, 0.950000, 1.955113, 8.609815, -1.386016, -16.105977, 1000
7.01, 0.000100, 0.200000, 0.470000, -9.810000, 6.000000, 0.000000, 0.000000, 0.000000, 10.000000, -1.000000, 1.000000, -1.000000, 0.100000, 0.000100, 1.000000, 0.001000, 0.000010, 0.000000, 0.000000, 0.950000, -1.397590, -16.082172, 15.089107, 102.678607, 1.968878, 8.598173, -3.725174, -25.396545, 1000, 0.000100, -1.000000, -1.000000, 0.100000, 0.000100, 5.000000, 1.000000, 0.001000, 0.000010, 0.000000, 0.000000, 0.950000, 5.000000, -3.725174, -25.396545, 15.089107, 102.678607, 1000, 0.000100, 2.000000, -1.000000, -1.000000, 0.100000, 0.000100, 1.000000, 0.001000, 0.000010, 0.000000, 0.000000, 0.950000, 1.968878, 8.598173, -1.397590, -16.082172, 1000
7.02, 0.000100, 0.200000, 0.470000, -9.810000, 6.000000, 0.000000, 0.000000, 0.000000, 10.000000, -1.000000, 1.000000, -1.000000, 0.100000, 0.000100, 1.000000, 0.001000, 0.000010, 0.000000, 0.000000, 0.950000, -1.409102, -16.057629, 14.997685, 102.247403, 1.982541, 8.586125, -3.705424, -25.310618, 1000, 0.000100, -1.000000, -1.000000, 0.100000, 0.000100, 5.000000, 1.000000, 0.001000, 0.000010, 0.000000, 0.000000, 0.950000, 5.000000, -3.705424, -25.310618, 14.997685, 102.247403, 1000, 0.000100, 2.000000, -1.000000, -1.000000, 0.100000, 0.000100, 1.000000, 0.001000, 0.000010, 0.000000, 0.000000, 0.950000, 1.982541, 8.586125, -1.409102, -16.057629, 1000
7.03, 0.000100, 0.200000, 0.470000, -9.810000, 6.000000, 0.000000, 0.000000, 0.000000, 10.000000, -1.000000, 1.000000, -1.000000, 0.100000, 0.000100, 1.000000, 0.001000, 0.000010, 0.000000, 0.000000, 0.950000, -1.420551, -16.032353, 14.905771, 101.816763, 1.996101, 8.573671, -3.685538, -25.224813, 1000, 0.000100, -1.000000, -1.000000, 0.100000, 0.000100, 5.000000, 1.000000, 0.001000, 0.000010, 0.000000, 0.000000, 0.950000, 5.000000, -3.685538, -25.224813, 14.905771, 101.816763, 1000, 0.000100, 2.000000, -1.000000, -1.000000, 0.100000, 0.000100, 1.000000, 0.001000, 0.000010, 0.000000, 0.000000, 0.950000, 1.996101, 8.573671, -1.420551, -16.032353, 1000
7.04, 0.000100, 0.200000, 0.470000, -9.810000, 6.000000, 0.000000, 0.000000, 0.000000, 10.000000, -1.000000, 1.000000, -1.000000, 0.100000, 0.000100, 1.000000, 0.001000, 0.000010, 0.000000, 0.000000, 0.950000, -1.431936, -16.006345, 14.813372, 101.386709, 2.009556, 8.560813, -3.665516, -25.139134, 1000, 0.000100, -1.000000, -1.000000, 0.100000, 0.000100, 5.000000, 1.000000, 0.001000, 0.000010, 0.000000, 0.000000, 0.950000, 5.000000, -3.665516, -25.139134, 14.813372, 101.386709, 1000, 0.000100, 2.000000, -1.000000, -1.000000, 0.100000, 0.000100, 1.000000, 0.001000, 0.000010, 0.000000, 0.000000, 0.950000, 2.009556, 8.560813, -1.431936, -16.006345, 1000
7.05, 0.000100, 0.200000, 0.470000, -9.810000, 6.000000, 0.000000, 0.000000, 0.000000, 10.000000, -1.000000, 1.000000, -1.000000, 0.100000, 0.000100, 1.000000, 0.001000, 0.000010, 0.000000, 0.000000, 0.950000, -1.443256, -15.979611, 14.720493, 100.957259, 2.022908, 8.547553, -3.645360, -25.053585, 1000, 0.000100, -1.000000, -1.000000, 0.100000, 0.000100, 5.000000, 1.000000, 0.001000, 0.000010, 0.000000, 0.000000, 0.950000, 5.000000, -3.645360, -25.053585, 14.720493, 100.957259, 1000, 0.000100, 2.000000, -1.000000, -1.000000, 0.100000, 0.000100, 1.000000, 0.001000, 0.000010, 0.000000, 0.000000, 0.950000, 2.022908, 8.547553, -1.443256, -15.979611, 1000
7.06, 0.000100, 0.200000, 0.470000, -9.810000, 6.000000, 0.000000, 0.000000, 0.000000, 10.000000, -1.000000, 1.000000, -1.000000, 0.100000, 0.000100, 1.000000, 0.001000, 0.000010, 0.000000, 0.000000, 0.950000, -1.454509, -15.952152, 14.627143, 100.528435, 2.036154, 8.533892, -3.625072, -24.968171, 1000, 0.000100, -1.000000, -1.000000, 0.100000, 0.000100, 5.000000, 1.000000, 0.001000, 0.000010, 0.000000, 0.000000, 0.950000, 5.000000, -3.625072, -24.968171, 14.627143, 100.528435, 1000, 0.000100, 2.000000, -1.000000, -1.000000, 0.100000, 0.000100, 1.000000, 0.001000, 0.000010, 0.000000, 0.000000, 0.950000, 2.036154, 8.533892, -1.454509, -15.952152, 1000
7.07, 0.000100, 0.200000, 0.470000, -9.810000, 6.000000, 0.000000, 0.000000, 0.000000, 10.000000, -1.000000, 1.000000, -1.000000, 0.100000, 0.000100, 1.000000, 0.001000, 0.000010, 0.000000, 0.000000, 0.950000, -1.465696, -15.923972, 14.533327, 100.100256, 2.049296, 8.519832, -3.604651, -24.882896, 1000, 0.000100, -1.000000, -1.000000, 0.100000, 0.000100, 5.000000, 1.000000, 0.001000, 0.000010, 0.000000, 0.000000, 0.950000, 5.000000, -3.604651, -24.882896, 14.533327, 100.100256, 1000, 0.000100, 2.000000, -1.000000, -1.000000, 0.100000, 0.000100, 1.000000, 0.001000, 0.000010, 0.000000, 0.000000, 0.950000, 2.049296, 8.519832, -1.465696, -15.923972, 1000
7.08, 0.000100, 0.200000, 0.470000, -9.810000, 6.000000, 0.000000, 0.000000, 0.000000, 10.000000, -1.000000, 1.000000, -1.000000, 0.100000, 0.000100, 1.000000, 0.001000, 0.000010, 0.000000, 0.000000, 0.950000, -1.476813, -15.895074, 14.439053, 99.672742, 2.062333, 8.505373, -3.584099, -24.797762, 1000, 0.000100, -1.000000, -1.000000, 0.100000, 0.000100, 5.000000, 1.000000, 0.001000, 0.000010, 0.000000, 0.000000, 0.950000, 5.000000, -3.584099, -24.797762, 14.439053, 99.672742, 1000, 0.000100, 2.000000, -1.000000, -1.000000, 0.100000, 0.000100, 1.000000, 0.001000, 0.000010, 0.000000, 0.000000, 0.950000, 2.062333, 8.505373, -1.476813, -15.895074, 1000
7.09, 0.000100, 0.200000, 0.470000, -9.810000, 6.000000, 0.000000, 0.000000, 0.000000, 10.000000, -1.000000, 1.000000, -1.000000, 0.100000, 0.000100, 1.000000, 0.001000, 0.000010, 0.000000, 0.000000, 0.950000, -1.487862, -15.865463, 14.344327, 99.245914, 2.075263, 8.490517, -3.563418, -24.712776, 1000, 0.000100, -1.000000, -1.000000, 0.100000, 0.000100, 5.000000, 1.000000, 0.001000, 0.000010, 0.000000, 0.000000, 0.950000, 5.000000, -3.563418, -24.712776, 14.344327, 99.245914, 1000, 0.000100, 2.000000, -1.000000, -1.000000, 0.100000, 0.000100, 1.000000, 0.001000, 0.000010, 0.000000, 0.000000, 0.950000, 2.075263, 8.490517, -1.487862, -15.865463, 1000
7.1, 0.000100, 0.200000, 0.470000, -9.810000, 6.000000, 0.000000, 0.000000, 0.000000, 10.000000, -1.000000, 1.000000, -1.000000, 0.100000, 0.000100, 1.000000, 0.001000, 0.000010, 0.000000, 0.000000, 0.950000, -1.498840, -15.835140, 14.249157, 98.819790, 2.088088, 8.475266, -3.542608, -24.627939, 1000, 0.000100, -1.000000, -1.000000, 0.100000, 0.000100, 5.000000, 1.000000, 0.001000, 0.000010, 0.000000, 0.000000, 0.950000, 5.000000, -3.542608, -24.627939, 14.249157, 98.819790, 1000, 0.000100, 2.000000, -1.000000, -1.000000, 0.100000, 0.000100, 1.000000, 0.001000, 0.000010, 0.000000, 0.000000, 0.950000, 2.088088, 8.475266, -1.498840, -15.835140, 1000
7.11, 0.000100, 0.200000, 0.470000, -9.810000, 6.000000, 0.000000, 0.000000, 0.000000, 10.000000, -1.000000, 1.000000, -1.000000, 0.100000, 0.000100, 1.000000, 0.001000, 0.000010, 0.000000, 0.000000, 0.950000, -1.509747, -15.804110, 14.153548, 98.394392, 2.100806, 8.459622, -3.521669, -24.543257, 1000, 0.000100, -1.000000, -1.000000, 0.100000, 0.000100, 5.000000, 1.000000, 0.001000, 0.000010, 0.000000, 0.000000, 0.950000, 5.000000, -3.521669, -24.543257, 14.153548, 98.394392, 1000, 0.000100, 2.000000, -1.000000, -1.000000, 0.100000, 0.000100, 1.000000, 0.001000, 0.000010, 0.000000, 0.000000, 0.950000, 2.100806, 8.459622, -1.509747, -15.804110, 1000
7.12, 0.000100, 0.200000, 0.470000, -9.810000, 6.000000, 0.000000, 0.000000, 0.000000, 10.000000, -1.000000, 1.000000, -1.000000, 0.100000, 0.000100, 1.000000, 0.001000, 0.000010, 0.000000, 0.000000, 0.950000, -1.520582, -15.772376, 14.057508, 97.969738, 2.113417, 8.443585, -3.500605, -24.458733, 1000, 0.000100, -1.000000, -1.000000, 0.100000, 0.000100, 5.000000, 1.000000, 0.001000, 0.000010, 0.000000, 0.000000, 0.950000, 5.000000, -3.500605, -24.458733, 14.057508, 97.969738, 1000, 0.000100, 2.000000, -1.000000, -1.000000, 0.100000, 0.000100, 1.000000, 0.001000, 0.000010, 0.000000, 0.000000, 0.950000, 2.113417, 8.443585, -1.520582, -15.772376, 1000
7.13, 0.000100, 0.200000, 0.470000, -9.810000, 6.000000, 0.000000, 0.000000, 0.000000, 10.000000, -1.000000, 1.000000, -1.000000, 0.100000, 0.000100, 1.000000, 0.001000, 0.000010, 0.000000, 0.000000, 0.950000, -1.531343, -15.739941, 13.961044, 97.545848, 2.125921, 8.427156, -3.479414, -24.374371, 1000, 0.000100, -1.000000, -1.000000, 0.100000, 0.000100, 5.000000, 1.000000, 0.001000, 0.000010, 0.000000, 0.000000, 0.950000, 5.000000, -3.479414, -24.374371, 13.961044, 97.545848, 1000, 0.000100, 2.000000, -1.000000, -1.000000, 0.100000, 0.000100, 1.000000, 0.001000, 0.000010, 0.000000, 0.000000, 0.950000, 2.125921, 8.427156, -1.531343, -15.739941, 1000
7.14, 0.000100, 0.200000, 0.470000, -9.810000, 6.000000, 0.000000, 0.000000, 0.000000, 10.000000, -1.000000, 1.000000, -1.000000, 0.100000, 0.000100, 1.000000, 0.001000, 0.000010, 0.000000, 0.000000, 0.950000, -1.542029, -15.706810, 13.864163, 97.122741, 2.138317, 8.410339, -3.458099, -24.290175, 1000, 0.000100, -1.000000, -1.000000, 0.100000, 0.000100, 5.000000, 1.000000, 0.001000, 0.000010, 0.000000, 0.000000, 0.950000, 5.000000, -3.458099, -24.290175, 13.864163, 97.122741, 1000, 0.000100, 2.000000, -1.000000, -1.000000, 0.100000, 0.000100, 1.000000, 0.001000, 0.000010, 0.000000, 0.000000, 0.950000, 2.138317, 8.410339, -1.542029, -15.706810, 1000
7.15, 0.000100, 0.200000, 0.470000, -9.810000, 6.000000, 0.000000, 0.000000, 0.000000, 10.000000, -1.000000, 1.000000, -1.000000, 0.100000, 0.000100, 1.000000, 0.001000, 0.000010, 0.000000, 0.000000, 0.950000, -1.552641, -15.672984, 13.766871, 96.700439, 2.150605, 8.393134, -3.436661, -24.206149, 1000, 0.000100, -1.000000, -1.000000, 0.100000, 0.000100, 5.000000, 1.000000, 0.001000, 0.000010, 0.000000, 0.000000, 0.950000, 5.000000, -3.436661, -24.206149, 13.766871, 96.700439, 1000, 0.000100, 2.000000, -1.000000, -1.000000, 0.100000, 0.000100, 1.000000, 0.001000, 0.000010, 0.000000, 0.000000, 0.950000, 2.150605, 8.393134, -1.552641, -15.672984, 1000
7.16, 0.000100, 0.200000, 0.470000, -9.810000, 6.000000, 0.000000, 0.000000, 0.000000, 10.000000, -1.000000, 1.000000, -1.000000, 0.100000, 0.000100, 1.000000, 0.001000, 0.000010, 0.000000, 0.000000, 0.950000, -1.563175, -15.638468, 13.669176, 96.278959, 2.162785, 8.375542, -3.415100, -24.122297, 1000, 0.000100, -1.000000, -1.000000, 0.100000, 0.000100, 5.000000, 1.000000, 0.001000, 0.000010, 0.000000, 0.000000, 0.950000, 5.000000, -3.415100, -24.122297, 13.669176, 96.278959, 1000, 0.000100, 2.000000, -1.000000, -1.000000, 0.100000, 0.000100, 1.000000, 0.001000, 0.000010, 0.000000, 0.000000, 0.950000, 2.162785, 8.375542, -1.563175, -15.638468, 1000
7.17, 0.000100, 0.200000, 0.470000, -9.810000, 6.000000, 0.000000, 0.000000, 0.000000, 10.000000, -1.000000, 1.000000, -1.000000, 0.100000, 0.000100, 1.000000, 0.001000, 0.000010, 0.000000, 0.000000, 0.950000, -1.573632, -15.603266, 13.571085, 95.858321, 2.174856, 8.357566, -3.393418, -24.038622, 1000, 0.000100, -1.000000, -1.000000, 0.100000, 0.000100, 5.000000, 1.000000, 0.001000, 0.000010, 0.000000, 0.000000, 0.950000, 5.000000, -3.393418, -24.038622, 13.571085, 95.858321, 1000, 0.000100, 2.000000, -1.000000, -1.000000, 0.100000, 0.000100, 1.000000, 0.001000, 0.000010, 0.000000, 0.000000, 0.950000, 2.174856, 8.357566, -1.573632, -15.603266, 1000
7.18, 0.000100, 0.200000, 0.470000, -9.810000, 6.000000, 0.000000, 0.000000, 0.000000, 10.000000, -1.000000, 1.000000, -1.000000, 0.100000, 0.000100, 1.000000, 0.001000, 0.000010, 0.000000, 0.000000, 0.950000, -1.584011, -15.567381, 13.472604, 95.438544, 2.186819, 8.339206, -3.371615, -23.955129, 1000, 0.000100, -1.000000, -1.000000, 0.100000, 0.000100, 5.000000, 1.000000, 0.001000, 0.000010, 0.000000, 0.000000, 0.950000, 5.000000, -3.371615, -23.955129, 13.472604, 95.438544, 1000, 0.000100, 2.000000, -1.000000, -1.000000, 0.100000, 0.000100, 1.000000, 0.001000, 0.000010, 0.000000, 0.000000, 0.950000, 2.186819, 8.339206, -1.584011, -15.567381, 1000
7.19, 0.000100, 0.200000, 0.470000, -9.810000, 6.000000, 0.000000, 0.000000, 0.000000, 10.000000, -1.000000, 1.000000, -1.000000, 0.100000, 0.000100, 1.000000, 0.001000, 0.000010, 0.000000, 0.000000, 0.950000, -1.594310, -15.530816, 13.373741, 95.019648, 2.198672, 8.320465, -3.349694, -23.871821, 1000, 0.000100, -1.000000, -1.000000, 0.100000, 0.000100, 5.000000, 1.000000, 0.001000, 0.000010, 0.000000, 0.000000, 0.950000, 5.000000, -3.349694, -23.871821, 13.373741, 95.019648, 1000, 0.000100, 2.000000, -1.000000, -1.000000, 0.100000, 0.000100, 1.000000, 0.001000, 0.000010, 0.000000, 0.000000, 0.950000, 2.198672, 8.320465, -1.594310, -15.530816, 1000
7.2, 0.000100, 0.200000, 0.470000, -9.810000, 6.000000, 0.000000, 0.000000, 0.000000, 10.000000, -1.000000, 1.000000, -1.000000, 0.100000, 0.000100, 1.000000, 0.001000, 0.000010, 0.000000, 0.000000, 0.950000, -1.604529, -15.493575, 13.274503, 94.601653, 2.210415, 8.301344, -3.327654, -23.788703, 1000, 0.000100, -1.000000, -1.000000, 0.100000, 0.000100, 5.000000, 1.000000, 0.001000, 0.000010, 0.000000, 0.000000, 0.950000, 5.000000, -3.327654, -23.788703, 13.274503, 94.601653, 1000, 0.000100, 2.000000, -1.000000, -1.000000, 0.100000, 0.000100, 1.000000, 0.001000, 0.000010, 0.000000, 0.000000, 0.950000, 2.210415, 8.301344, -1.604529, -15.493575, 1000
7.21, 0.000100, 0.200000, 0.470000, -9.810000, 6.000000, 0.000000, 0.000000, 0.000000, 10.000000, -1.000000, 1.000000, -1.000000, 0.100000, 0.000100, 1.000000, 0.001000, 0.000010, 0.000000, 0.000000, 0.950000, -1.614666, -15.455661, 13.174897, 94.184576, 2.222049, 8.281844, -3.305498, -23.705777, 1000, 0.000100, -1.000000, -1.000000, 0.100000, 0.000100, 5.000000, 1.000000, 0.001000, 0.000010, 0.000000, 0.000000, 0.950000, 5.000000, -3.305498, -23.705777, 13.174897, 94.184576, 1000, 0.000100, 2.000000, -1.000000, -1.000000, 0.100000, 0.000100, 1.000000, 0.001000, 0.000010, 0.000000, 0.000000, 0.950000, 2.222049, 8.281844, -1.614666, -15.455661, 1000
7.22, 0.000100, 0.200000, 0.470000, -9.810000, 6.000000, 0.000000, 0.000000, 0.000000, 10.000000, -1.000000, 1.000000, -1.000000, 0.100000, 0.000100, 1.000000, 0.001000, 0.000010, 0.000000, 0.000000, 0.950000, -1.624720, -15.417079, 13.074929, 93.768437, 2.233573, 8.261968, -3.283225, -23.623048, 1000, 0.000100, -1.000000, -1.000000, 0.100000, 0.000100, 5.000000, 1.000000, 0.001000, 0.000010, 0.000000, 0.000000, 0.950000, 5.000000, -3.283225, -23.623048, 13.074929, 93.768437, 1000, 0.000100, 2.000000, -1.000000, -1.000000, 0.100000, 0.000100, 1.000000, 0.001000, 0.000010, 0.000000, 0.000000, 0.950000, 2.233573, 8.261968, -1.624720, -15.417079, 1000
7.23, 0.000100, 0.200000, 0.470000, -9.810000, 6.000000, 0.000000, 0.000000, 0.000000, 10.000000, -1.000000, 1.000000, -1.000000, 0.100000, 0.000100, 1.000000, 0.001000, 0.000010, 0.000000, 0.000000, 0.950000, -1.634691, -15.377832, 12.974607, 93.353255, 2.244986, 8.241716, -3.260838, -23.540520, 1000, 0.000100, -1.000000, -1.000000, 0.100000, 0.000100, 5.000000, 1.000000, 0.001000, 0.000010, 0.000000, 0.000000, 0.950000, 5.000000, -3.260838, -23.540520, 12.974607, 93.353255, 1000, 0.000100, 2.000000, -1.000000, -1.000000, 0.100000, 0.000100, 1.000000, 0.001000, 0.000010, 0.000000, 0.000000, 0.950000, 2.244986, 8.241716, -1.634691, -15.377832, 1000
7.24, 0.000100, 0.200000, 0.470000, -9.810000, 6.000000, 0.000000, 0.000000, 0.000000, 10.000000, -1.000000, 1.000000, -1.000000, 0.100000, 0.000100, 1.000000, 0.001000, 0.000010, 0.000000, 0.000000, 0.950000, -1.644578, -15.337924, 12.873939, 92.939049, 2.256288, 8.221091, -3.238338, -23.458195, 1000, 0.000100, -1.000000, -1.000000, 0.100000, 0.000100, 5.000000, 1.000000, 0.001000, 0.000010, 0.000000, 0.000000, 0.950000, 5.000000, -3.238338, -23.458195, 12.873939, 92.939049, 1000, 0.000100, 2.000000, -1.000000, -1.000000, 0.100000, 0.000100, 1.000000, 0.001000, 0.000010, 0.000000, 0.000000, 0.950000, 2.256288, 8.221091, -1.644578, -15.337924, 1000
7.25, 0.000100, 0.200000, 0.470000, -9.810000, 6.000000, 0.000000, 0.000000, 0.000000, 10.000000, -1.000000, 1.000000, -1.000000, 0.100000, 0.000100, 1.000000, 0.001000, 0.000010, 0.000000, 0.000000, 0.950000, -1.654379, -15.297358, 12.772930, 92.525838, 2.267480, 8.200095, -3.215724, -23.376079, 1000, 0.000100, -1.000000, -1.000000, 0.100000, 0.000100, 5.000000, 1.000000, 0.001000, 0.000010, 0.000000, 0.000000, 0.950000, 5.000000, -3.215724, -23.376079, 12.772930, 92.525838, 1000, 0.000100, 2.000000, -1.000000, -1.000000, 0.100000, 0.000100, 1.000000, 0.001000, 0.000010, 0.000000, 0.000000, 0.950000, 2.267480, 8.200095, -1.654379, -15.297358, 1000
7.26, 0.000100, 0.200000, 0.470000, -9.810000, 6.000000, 0.000000, 0.000000, 0.000000, 10.000000, -1.000000, 1.000000, -1.000000, 0.100000, 0.000100, 1.000000, 0.001000, 0.000010, 0.000000, 0.000000, 0.950000, -1.664093, -15.256138, 12.671589, 92.113640, 2.278560, 8.178728, -3.193000, -23.294174, 1000, 0.000100, -1.000000, -1.000000, 0.100000, 0.000100, 5.000000, 1.000000, 0.001000, 0.000010, 0.000000, 0.000000, 0.950000, 5.000000, -3.193000, -23.294174, 12.671589, 92.113640, 1000, 0.000100, 2.000000, -1.000000, -1.000000, 0.100000, 0.000100, 1.000000, 0.001000, 0.000010, 0.000000, 0.000000, 0.950000, 2.278560, 8.178728, -1.664093, -15.256138, 1000
7.27, 0.000100, 0.200000, 0.470000, -9.810000, 6.000000, 0.000000, 0.000000, 0.000000, 10.000000, -1.000000, 1.000000, -1.000000, 0.100000, 0.000100, 1.000000, 0.001000, 0.000010, 0.000000, 0.000000, 0.950000, -1.673720, -15.214267, 12.569923, 91.702474, 2.289529, 8.156993, -3.170165, -23.212485, 1000, 0.000100, -1.000000, -1.000000, 0.100000, 0.000100, 5.000000, 1.000000, 0.001000, 0.000010, 0.000000, 0.000000, 0.950000, 5.000000, -3.170165, -23.212485, 12.569923, 91.702474, 1000, 0.000100, 2.000000, -1.000000, -1.000000, 0.100000, 0.000100, 1.000000, 0.001000, 0.000010, 0.000000, 0.000000, 0.950000, 2.289529, 8.156993, -1.673720, -15.214267, 1000
7.28, 0.000100, 0.200000, 0.470000, -9.810000, 6.000000, 0.000000, 0.000000, 0.000000, 10.000000, -1.000000, 1.000000, -1.000000, 0.100000, 0.000100, 1.000000, 0.001000, 0.000010, 0.000000, 0.000000, 0.950000, -1.683258, -15.171750, 12.467938, 91.292359, 2.300387, 8.134891, -3.147221, -23.131014, 1000, 0.000100, -1.000000, -1.000000, 0.100000, 0.000100, 5.000000, 1.000000, 0.001000, 0.000010, 0.000000, 0.000000, 0.950000, 5.000000, -3.147221, -23.131014, 12.467938, 91.292359, 1000, 0.000100, 2.000000, -1.000000, -1.000000, 0.100000, 0.000100, 1.000000, 0.001000, 0.000010, 0.000000, 0.000000, 0.950000, 2.300387, 8.134891, -1.683258, -15.171750, 1000
7.29, 0.000100, 0.200000, 0.470000, -9.810000, 6.000000, 0.000000, 0.000000, 0.000000, 10.000000, -1.000000, 1.000000, -1.000000, 0.100000, 0.000100, 1.000000, 0.001000, 0.000010, 0.000000, 0.000000, 0.950000, -1.692707, -15.128591, 12.365641, 90.883313, 2.311132, 8.112424, -3.124168, -23.049766, 1000, 0.000100, -1.000000, -1.000000, 0.100000, 0.000100, 5.000000, 1.000000, 0.001000, 0.000010, 0.000000, 0.000000, 0.950000, 5.000000, -3.124168, -23.049766, 12.365641, 90.883313, 1000, 0.000100, 2.000000, -1.000000, -1.000000, 0.100000, 0.000100, 1.000000, 0.001000, 0.000010, 0.000000, 0.000000, 0.950000, 2.311132, 8.112424, -1.692707, -15.128591, 1000
7.3, 0.000100, 0.200000, 0.470000, -9.810000, 6.000000, 0.000000, 0.000000, 0.000000, 10.000000, -1.000000, 1.000000, -1.000000, 0.100000, 0.000100, 1.000000, 0.001000, 0.000010, 0.000000, 0.000000, 0.950000, -1.702065, -15.084792, 12.263041, 90.475354, 2.321766, 8.089594, -3.101009, -22.968745, 1000, 0.000100, -1.000000, -1.000000, 0.100000, 0.000100, 5.000000, 1.000000, 0.001000, 0.000010, 0.000000, 0.000000, 0.950000, 5.000000, -3.101009, -22.968745, 12.263041, 90.475354, 1000, 0.000100, 2.000000, -1.000000, -1.000000, 0.100000, 0.000100, 1.000000, 0.001000, 0.000010, 0.000000, 0.000000, 0.950000, 2.321766, 8.089594, -1.702065, -15.084792, 1000
7.31, 0.000100, 0.200000, 0.470000, -9.810000, 6.000000, 0.000000, 0.000000, 0.000000, 10.000000, -1.000000, 1.000000, -1.000000, 0.100000, 0.000100, 1.000000, 0.001000, 0.000010, 0.000000, 0.000000, 0.950000, -1.711332, -15.040358, 12.160144, 90.068502, 2.332287, 8.066403, -3.077744, -22.887953, 1000, 0.000100, -1.000000, -1.000000, 0.100000, 0.000100, 5.000000, 1.000000, 0.001000, 0.000010, 0.000000, 0.000000, 0.950000, 5.000000, -3.077744, -22.887953, 12.160144, 90.068502, 1000, 0.000100, 2.000000, -1.000000, -1.000000, 0.100000, 0.000100, 1.000000, 0.001000, 0.000010, 0.000000, 0.000000, 0.950000, 2.332287, 8.066403, -1.711332, -15.040358, 1000
7.32, 0.000100, 0.200000, 0.470000, -9.810000, 6.000000, 0.000000, 0.000000, 0.000000, 10.000000, -1.000000, 1.000000, -1.000000, 0.100000, 0.000100, 1.000000, 0.001000, 0.000010, 0.000000, 0.000000, 0.950000, -1.720507, -14.995293, 12.056957, 89.662774, 2.342695, 8.042852, -3.054374, -22.807395, 1000, 0.000100, -1.000000, -1.000000, 0.100000, 0.000100, 5.000000, 1.000000, 0.001000, 0.000010, 0.000000, 0.000000, 0.950000, 5.000000, -3.054374, -22.807395, 12.056957, 89.662774, 1000, 0.000100, 2.000000, -1.000000, -1.000000, 0.100000, 0.000100, 1.000000, 0.001000, 0.000010, 0.000000, 0.000000, 0.950000, 2.342695, 8.042852, -1.720507, -14.995293, 1000
7.33, 0.000100, 0.200000, 0.470000, -9.810000, 6.000000, 0.000000, 0.000000, 0.000000, 10.000000, -1.000000, 1.000000, -1.000000, 0.100000, 0.000100, 1.000000, 0.001000, 0.000010, 0.000000, 0.000000, 0.950000, -1.729588, -14.949600, 11.953488, 89.258188, 2.352991, 8.018943, -3.030901, -22.727074, 1000, 0.000100, -1.000000, -1.000000, 0.100000, 0.000100, 5.000000, 1.000000, 0.001000, 0.000010, 0.000000, 0.000000, 0.950000, 5.000000, -3.030901, -22.727074, 11.953488, 89.258188, 1000, 0.000100, 2.000000, -1.000000, -1.000000, 0.100000, 0.000100, 1.000000, 0.001000, 0.000010, 0.000000, 0.000000, 0.950000, 2.352991, 8.018943, -1.729588, -14.949600, 1000
7.34, 0.000100, 0.200000, 0.470000, -9.810000, 6.000000, 0.000000, 0.000000, 0.000000, 10.000000, -1.000000, 1.000000, -1.000000, 0.100000, 0.000100, 1.000000, 0.001000, 0.000010, 0.000000, 0.000000, 0.950000, -1.738575, -14.903283, 11.849744, 88.854763, 2.363174, 7.994678, -3.007325, -22.646994, 1000, 0.000100, -1.000000, -1.000000, 0.100000, 0.000100, 5.000000, 1.000000, 0.001000, 0.000010, 0.000000, 0.000000, 0.950000, 5.000000, -3.007325, -22.646994, 11.849744, 88.854763, 1000, 0.000100, 2.000000, -1.000000, -1.000000, 0.100000, 0.000100, 1.000000, 0.001000, 0.000010, 0.000000, 0.000000, 0.950000, 2.363174, 7.994678, -1.738575, -14.903283, 1000
7.35, 0.000100, 0.200000, 0.470000, -9.810000, 6.000000, 0.000000, 0.000000, 0.000000, 10.000000, -1.000000, 1.000000, -1.000000, 0.100000, 0.000100, 1.000000, 0.001000, 0.000010, 0.000000, 0.000000, 0.950000, -1.747466, -14.856346, 11.745731, 88.452517, 2.373243, 7.970059, -2.983648, -22.567158, 1000, 0.000100, -1.000000, -1.000000, 0.100000, 0.000100, 5.000000, 1.000000, 0.001000, 0.000010, 0.000000, 0.000000, 0.950000, 5.000000, -2.983648, -22.567158, 11.745731, 88.452517, 1000, 0.000100, 2.000000, -1.000000, -1.000000, 0.100000, 0.000100, 1.000000, 0.001000, 0.000010, 0.000000, 0.000000, 0.950000, 2.373243, 7.970059, -1.747466, -14.856346, 1000
7.36, 0.000100, 0.200000, 0.470000, -9.810000, 6.000000, 0.000000, 0.000000, 0.000000, 10.000000, -1.000000, 1.000000, -1.000000, 0.100000, 0.000100, 1.000000, 0.001000, 0.000010, 0.000000, 0.000000, 0.950000, -1.756262, -14.808794, 11.641458, 88.051467, 2.383200, 7.945088, -2.959871, -22.487570, 1000, 0.000100, -1.000000, -1.000000, 0.100000, 0.000100, 5.000000, 1.000000, 0.001000, 0.000010, 0.000000, 0.000000, 0.950000, 5.000000, -2.959871, -22.487570, 11.641458, 88.051467, 1000, 0.000100, 2.000000, -1.000000, -1.000000, 0.100000, 0.000100, 1.000000, 0.001000, 0.000010, 0.000000, 0.000000, 0.950000, 2.383200, 7.945088, -1.756262, -14.808794, 1000
7.37, 0.000100, 0.200000, 0.470000, -9.810000, 6.000000, 0.000000, 0.000000, 0.000000, 10.000000, -1.000000, 1.000000, -1.000000, 0.100000, 0.000100, 1.000000, 0.001000, 0.000010, 0.000000, 0.000000, 0.950000, -1.764960, -14.760629, 11.536931, 87.651632, 2.393043, 7.919766, -2.935995, -22.408233, 1000, 0.000100, -1.000000, -1.000000, 0.100000, 0.000100, 5.000000, 1.000000, 0.001000, 0.000010, 0.000000, 0.000000, 0.950000, 5.000000, -2.935995, -22.408233, 11.536931, 87.651632, 1000, 0.000100, 2.000000, -1.000000, -1.000000, 0.100000, 0.000100, 1.000000, 0.001000, 0.000010, 0.000000, 0.000000, 0.950000, 2.393043, 7.919766, -1.764960, -14.760629, 1000
7.38, 0.000100, 0.200000, 0.470000, -9.810000, 6.000000, 0.000000, 0.000000, 0.000000, 10.000000, -1.000000, 1.000000, -1.000000, 0.100000, 0.000100, 1.000000, 0.001000, 0.000010, 0.000000, 0.000000, 0.950000, -1.773560, -14.711855, 11.432157, 87.253029, 2.402773, 7.894095, -2.912021, -22.329151, 1000, 0.000100, -1.000000, -1.000000, 0.100000, 0.000100, 5.000000, 1.000000, 0.001000, 0.000010, 0.000000, 0.000000, 0.950000, 5.000000, -2.912021, -22.329151, 11.432157, 87.253029, 1000, 0.000100, 2.000000, -1.000000, -1.000000, 0.100000, 0.000100, 1.000000, 0.001000, 0.000010, 0.000000, 0.000000, 0.950000, 2.402773, 7.894095, -1.773560, -14.711855, 1000
7.39, 0.000100, 0.200000, 0.470000, -9.810000, 6.000000, 0.000000, 0.000000, 0.000000, 10.000000, -1.000000, 1.000000, -1.000000, 0.100000, 0.000100, 1.000000, 0.001000, 0.000010, 0.000000, 0.000000, 0.950000, -1.782061, -14.662477, 11.327145, 86.855676, 2.412388, 7.868077, -2.887950, -22.250327, 1000, 0.000100, -1.000000, -1.000000, 0.100000, 0.000100, 5.000000, 1.000000, 0.001000, 0.000010, 0.000000, 0.000000, 0.950000, 5.000000, -2.887950, -22.250327, 11.327145, 86.855676, 1000, 0.000100, 2.000000, -1.000000, -1.000000, 0.100000, 0.000100, 1.000000, 0.001000, 0.000010, 0.000000, 0.000000, 0.950000, 2.412388, 7.868077, -1.782061, -14.662477, 1000
7.4, 0.000100, 0.200000, 0.470000, -9.810000, 6.000000, 0.000000, 0.000000, 0.000000, 10.000000, -1.000000, 1.000000, -1.000000, 0.100000, 0.000100, 1.000000, 0.001000, 0.000010, 0.000000, 0.000000, 0.950000, -1.790461, -14.612499, 11.221900, 86.459590, 2.421890, 7.841715, -2.863783, -22.171765, 1000, 0.000100, -1.000000, -1.000000, 0.100000, 0.000100, 5.000000, 1.000000, 0.001000, 0.000010, 0.000000, 0.000000, 0.950000, 5.000000, -2.863783, -22.171765, 11.221900, 86.459590, 1000, 0.000100, 2.000000, -1.000000, -1.000000, 0.100000, 0.000100, 1.000000, 0.001000, 0.000010, 0.000000, 0.000000, 0.950000, 2.421890, 7.841715, -1.790461, -14.612499, 1000
7.41, 0.000100, 0.200000, 0.470000, -9.810000, 6.000000, 0.000000, 0.000000, 0.000000, 10.000000, -1.000000, 1.000000, -1.000000, 0.100000, 0.000100, 1.000000, 0.001000, 0.000010, 0.000000, 0.000000, 0.950000, -1.798761, -14.561924, 11.116431, 86.064790, 2.431278, 7.815009, -2.839522, -22.093468, 1000, 0.000100, -1.000000, -1.000000, 0.100000, 0.000100, 5.000000, 1.000000, 0.001000, 0.000010, 0.000000, 0.000000, 0.950000, 5.000000, -2.839522, -22.093468, 11.116431, 86.064790, 1000, 0.000100, 2.000000, -1.000000, -1.000000, 0.100000, 0.000100, 1.000000, 0.001000, 0.000010, 0.000000, 0.000000, 0.950000, 2.431278, 7.815009, -1.798761, -14.561924, 1000
7.42, 0.000100, 0.200000, 0.470000, -9.810000, 6.000000, 0.000000, 0.000000, 0.000000, 10.000000, -1.000000, 1.000000, -1.000000, 0.100000, 0.000100, 1.000000, 0.001000, 0.000010, 0.000000, 0.000000, 0.950000, -1.806959, -14.510756, 11.010744, 85.671293, 2.440552, 7.787963, -2.815167, -22.015439, 1000, 0.000100, -1.000000, -1.000000, 0.100000, 0.000100, 5.000000, 1.000000, 0.001000, 0.000010, 0.000000, 0.000000, 0.950000, 5.000000, -2.815167, -22.015439, 11.010744, 85.671293, 1000, 0.000100, 2.000000, -1.000000, -1.000000, 0.100000, 0.000100, 1.000000, 0.001000, 0.000010, 0.000000, 0.000000, 0.950000, 2.440552, 7.787963, -1.806959, -14.510756, 1000
7.43, 0.000100, 0.200000, 0.470000, -9.810000, 6.000000, 0.000000, 0.000000, 0.000000, 10.000000, -1.000000, 1.000000, -1.000000, 0.100000, 0.000100, 1.000000, 0.001000, 0.000010, 0.000000, 0.000000, 0.950000, -1.815055, -14.459000, 10.904846, 85.279116, 2.449712, 7.760577, -2.790721, -21.937683, 1000, 0.000100, -1.000000, -1.000000, 0.100000, 0.000100, 5.000000, 1.000000, 0.001000, 0.000010, 0.000000, 0.000000, 0.950000, 5.000000, -2.790721, -21.937683, 10.904846, 85.279116, 1000, 0.000100, 2.000000, -1.000000, -1.000000, 0.100000, 0.000100, 1.000000, 0.001000, 0.000010, 0.000000, 0.000000, 0.950000, 2.449712, 7.760577, -1.815055, -14.459000, 1000
7.44, 0.000100, 0.200000, 0.470000, -9.810000, 6.000000, 0.000000, 0.000000, 0.000000, 10.000000, -1.000000, 1.000000, -1.000000, 0.100000, 0.000100, 1.000000, 0.001000, 0.000010, 0.000000, 0.000000, 0.950000, -1.823046, -14.406658, 10.798746, 84.888276, 2.458757, 7.732854, -2.766183, -21.860202, 1000, 0.000100, -1.000000, -1.000000, 0.100000, 0.000100, 5.000000, 1.000000, 0.001000, 0.000010, 0.000000, 0.000000, 0.950000, 5.000000, -2.766183, -21.860202, 10.798746, 84.888276, 1000, 0.000100, 2.000000, -1.000000, -1.000000, 0.100000, 0.000100, 1.000000, 0.001000, 0.000010, 0.000000, 0.000000, 0.950000, 2.458757, 7.732854, -1.823046, -14.406658, 1000
7.45, 0.000100, 0.200000, 0.470000, -9.810000, 6.000000, 0.000000, 0.000000, 0.000000, 10.000000, -1.000000, 1.000000, -1.000000, 0.100000, 0.000100, 1.000000, 0.001000, 0.000010, 0.000000, 0.000000, 0.950000, -1.830933, -14.353736, 10.692449, 84.498792, 2.467688, 7.704795, -2.741555, -21.783000, 1000, 0.000100, -1.000000, -1.000000, 0.100000, 0.000100, 5.000000, 1.000000, 0.001000, 0.000010, 0.000000, 0.000000, 0.950000, 5.000000, -2.741555, -21.783000, 10.692449, 84.498792, 1000, 0.000100, 2.000000, -1.000000, -1.000000, 0.100000, 0.000100, 1.000000, 0.001000, 0.000010, 0.000000, 0.000000, 0.950000, 2.467688, 7.704795, -1.830933, -14.353736, 1000
7.46, 0.000100, 0.200000, 0.470000, -9.810000, 6.000000, 0.000000, 0.000000, 0.000000, 10.000000, -1.000000, 1.000000, -1.000000, 0.100000, 0.000100, 1.000000, 0.001000, 0.000010, 0.000000, 0.000000, 0.950000, -1.838714, -14.300237, 10.585964, 84.110679, 2.476505, 7.676404, -2.716838, -21.706080, 1000, 0.000100, -1.000000, -1.000000, 0.100000, 0.000100, 5.000000, 1.000000, 0.001000, 0.000010, 0.000000, 0.000000, 0.950000, 5.000000, -2.716838, -21.706080, 10.585964, 84.110679, 1000, 0.000100, 2.000000, -1.000000, -1.000000, 0.100000, 0.000100, 1.000000, 0.001000, 0.000010, 0.000000, 0.000000, 0.950000, 2.476505, 7.676404, -1.838714, -14.300237, 1000
7.47, 0.000100, 0.200000, 0.470000, -9.810000, 6.000000, 0.000000, 0.000000, 0.000000, 10.000000, -1.000000, 1.000000, -1.000000, 0.100000, 0.000100, 1.000000, 0.001000, 0.000010, 0.000000, 0.000000, 0.950000, -1.846389, -14.246165, 10.479297, 83.723954, 2.485206, 7.647681, -2.692034, -21.629445, 1000, 0.000100, -1.000000, -1.000000, 0.100000, 0.000100, 5.000000, 1.000000, 0.001000, 0.000010, 0.000000, 0.000000, 0.950000, 5.000000, -2.692034, -21.629445, 10.479297, 83.723954, 1000, 0.000100, 2.000000, -1.000000, -1.000000, 0.100000, 0.000100, 1.000000, 0.001000, 0.000010, 0.000000, 0.000000, 0.950000, 2.485206, 7.647681, -1.846389, -14.246165, 1000
7.48, 0.000100, 0.200000, 0.470000, -9.810000, 6.000000, 0.000000, 0.000000, 0.000000, 10.000000, -1.000000, 1.000000, -1.000000, 0.100000, 0.000100, 1.000000, 0.001000, 0.000010, 0.000000, 0.000000, 0.950000, -1.853957, -14.191524, 10.372456, 83.338636, 2.493794, 7.618628, -2.667144, -21.553099, 1000, 0.000100, -1.000000, -1.000000, 0.100000, 0.000100, 5.000000, 1.000000, 0.001000, 0.000010, 0.000000, 0.000000, 0.950000, 5.000000, -2.667144, -21.553099, 10.372456, 83.338636, 1000, 0.000100, 2.000000, -1.000000, -1.000000, 0.100000, 0.000100, 1.000000, 0.001000, 0.000010, 0.000000, 0.000000, 0.950000, 2.493794, 7.618628, -1.853957, -14.191524, 1000
7.49, 0.000100, 0.200000, 0.470000, -9.810000, 6.000000, 0.000000, 0.000000, 0.000000, 10.000000, -1.000000, 1.000000, -1.000000, 0.100000, 0.000100, 1.000000, 0.001000, 0.000010, 0.000000, 0.000000, 0.950000, -1.861417, -14.136318, 10.265447, 82.954741, 2.502266, 7.589248, -2.642167, -21.477045, 1000, 0.000100, -1.000000, -1.000000, 0.100000, 0.000100, 5.000000, 1.000000, 0.001000, 0.000010, 0.000000, 0.000000, 0.950000, 5.000000, -2.642167, -21.477045, 10.265447, 82.954741, 1000, 0.000100, 2.000000, -1.000000, -1.000000, 0.100000, 0.000100, 1.000000, 0.001000, 0.000010, 0.000000, 0.000000, 0.950000, 2.502266, 7.589248, -1.861417, -14.136318, 1000
7.5, 0.000100, 0.200000, 0.470000, -9.810000, 6.000000, 0.000000, 0.000000, 0.000000, 10.000000, -1.000000, 1.000000, -1.000000, 0.100000, 0.000100, 1.000000, 0.001000, 0.000010, 0.000000, 0.000000, 0.950000, -1.868767, -14.080550, 10.158279, 82.572285, 2.510624, 7.559543, -2.617107, -21.401286, 1000, 0.000100, -1.000000, -1.000000, 0.100000, 0.000100, 5.000000, 1.000000, 0.001000, 0.000010, 0.000000, 0.000000, 0.950000, 5.000000, -2.617107, -21.401286, 10.158279, 82.572285, 1000, 0.000100, 2.000000, -1.000000, -1.000000, 0.100000, 0.000100, 1.000000, 0.001000, 0.000010, 0.000000, 0.000000, 0.950000, 2.510624, 7.559543, -1.868767, -14.080550, 1000
7.51, 0.000100, 0.200000, 0.470000, -9.810000, 6.000000, 0.000000, 0.000000, 0.000000, 10.000000, -1.000000, 1.000000, -1.000000, 0.100000, 0.000100, 1.000000, 0.001000, 0.000010, 0.000000, 0.000000, 0.950000, -1.876008, -14.024226, 10.050957, 82.191286, 2.518867, 7.529514, -2.591964, -21.325826, 1000, 0.000100, -1.000000, -1.000000, 0.100000, 0.000100, 5.000000, 1.000000, 0.001000, 0.000010, 0.000000, 0.000000, 0.950000, 5.000000, -2.591964, -21.325826, 10.050957, 82.191286, 1000, 0.000100, 2.000000, -1.000000, -1.000000, 0.100000, 0.000100, 1.000000, 0.001000, 0.000010, 0.000000, 0.000000, 0.950000, 2.518867, 7.529514, -1.876008, -14.024226, 1000
7.52, 0.000100, 0.200000, 0.470000, -9.810000, 6.000000, 0.000000, 0.000000, 0.000000, 10.000000, -1.000000, 1.000000, -1.000000, 0.100000, 0.000100, 1.000000, 0.001000, 0.000010, 0.000000, 0.000000, 0.950000, -1.883138, -13.967349, 9.943490, 81.811760, 2.526995, 7.499164, -2.566739, -21.250667, 1000, 0.000100, -1.000000, -1.000000, 0.100000, 0.000100, 5.000000, 1.000000, 0.001000, 0.000010, 0.000000, 0.000000, 0.950000, 5.000000, -2.566739, -21.250667, 9.943490, 81.811760, 1000, 0.000100, 2.000000, -1.000000, -1.000000, 0.100000, 0.000100, 1.000000, 0.001000, 0.000010, 0.000000, 0.000000, 0.950000, 2.526995, 7.499164, -1.883138, -13.967349, 1000
7.53, 0.000100, 0.200000, 0.470000, -9.810000, 6.000000, 0.000000, 0.000000, 0.000000, 10.000000, -1.000000, 1.000000, -1.000000, 0.100000, 0.000100, 1.000000, 0.001000, 0.000010, 0.000000, 0.000000, 0.950000, -1.890156, -13.909923, 9.835883, 81.433723, 2.535008, 7.468495, -2.541433, -21.175813, 1000, 0.000100, -1.000000, -1.000000, 0.100000, 0.000100, 5.000000, 1.000000, 0.001000, 0.000010, 0.000000, 0.000000, 0.950000, 5.000000, -2.541433, -21.175813, 9.835883, 81.433723, 1000, 0.000100, 2.000000, -1.000000, -1.000000, 0.100000, 0.000100, 1.000000, 0.001000, 0.000010, 0.000000, 0.000000, 0.950000, 2.535008, 7.468495, -1.890156, -13.909923, 1000
7.54, 0.000100, 0.200000, 0.470000, -9.810000, 6.000000, 0.000000, 0.000000, 0.000000, 10.000000, -1.000000, 1.000000, -1.000000, 0.100000, 0.000100, 1.000000, 0.001000, 0.000010, 0.000000, 0.000000, 0.950000, -1.897062, -13.851952, 9.728145, 81.057192, 2.542906, 7.437508, -2.516047, -21.101268, 1000, 0.000100, -1.000000, -1.000000, 0.100000, 0.000100, 5.000000, 1.000000, 0.001000, 0.000010, 0.000000, 0.000000, 0.950000, 5.000000, -2.516047, -21.101268, 9.728145, 81.057192, 1000, 0.000100, 2.000000, -1.000000, -1.000000, 0.100000, 0.000100, 1.000000, 0.001000, 0.000010, 0.000000, 0.000000, 0.950000, 2.542906, 7.437508, -1.897062, -13.851952, 1000
7.55, 0.000100, 0.200000, 0.470000, -9.810000, 6.000000, 0.000000, 0.000000, 0.000000, 10.000000, -1.000000, 1.000000, -1.000000, 0.100000, 0.000100, 1.000000, 0.001000, 0.000010, 0.000000, 0.000000, 0.950000, -1.903854, -13.793439, 9.620283, 80.682184, 2.550689, 7.406207, -2.490583, -21.027034, 1000, 0.000100, -1.000000, -1.000000, 0.100000, 0.000100, 5.000000, 1.000000, 0.001000, 0.000010, 0.000000, 0.000000, 0.950000, 5.000000, -2.490583, -21.027034, 9.620283, 80.682184, 1000, 0.000100, 2.000000, -1.000000, -1.000000, 0.100000, 0.000100, 1.000000, 0.001000, 0.000010, 0.000000, 0.000000, 0.950000, 2.550689, 7.406207, -1.903854, -13.793439, 1000
7.56, 0.000100, 0.200000, 0.470000, -9.810000, 6.000000, 0.000000, 0.000000, 0.000000, 10.000000, -1.000000, 1.000000, -1.000000, 0.100000, 0.000100, 1.000000, 0.001000, 0.000010, 0.000000, 0.000000, 0.950000, -1.910533, -13.734390, 9.512303, 80.308714, 2.558357, 7.374592, -2.465042, -20.953114, 1000, 0.000100, -1.000000, -1.000000, 0.100000, 0.000100, 5.000000, 1.000000, 0.001000, 0.000010, 0.000000, 0.000000, 0.950000, 5.000000, -2.465042, -20.953114, 9.512303, 80.308714, 1000, 0.000100, 2.000000, -1.000000, -1.000000, 0.100000, 0.000100, 1.000000, 0.001000, 0.000010, 0.000000, 0.000000, 0.950000, 2.558357, 7.374592, -1.910533, -13.734390, 1000
7.57, 0.000100, 0.200000, 0.470000, -9.810000, 6.000000, 0.000000, 0.000000, 0.000000, 10.000000, -1.000000, 1.000000, -1.000000, 0.100000, 0.000100, 1.000000, 0.001000, 0.000010, 0.000000, 0.000000, 0.950000, -1.917096, -13.674808, 9.404212, 79.936800, 2.565911, 7.342667, -2.439424, -20.879512, 1000, 0.000100, -1.000000, -1.000000, 0.100000, 0.000100, 5.000000, 1.000000, 0.001000, 0.000010, 0.000000, 0.000000, 0.950000, 5.000000, -2.439424, -20.879512, 9.404212, 79.936800, 1000, 0.000100, 2.000000, -1.000000, -1.000000, 0.100000, 0.000100, 1.000000, 0.001000, 0.000010, 0.000000, 0.000000, 0.950000, 2.565911, 7.342667, -1.917096, -13.674808, 1000
7.58, 0.000100, 0.200000, 0.470000, -9.810000, 6.000000, 0.000000, 0.000000, 0.000000, 10.000000, -1.000000, 1.000000, -1.000000, 0.100000, 0.000100, 1.000000, 0.001000, 0.000010, 0.000000, 0.000000, 0.950000, -1.923544, -13.614697, 9.296018, 79.566456, 2.573349, 7.310432, -2.413731, -20.806230, 1000, 0.000100, -1.000000, -1.000000, 0.100000, 0.000100, 5.000000, 1.000000, 0.001000, 0.000010, 0.000000, 0.000000, 0.950000, 5.000000, -2.413731, -20.806230, 9.296018, 79.566456, 1000, 0.000100, 2.000000, -1.000000, -1.000000, 0.100000, 0.000100, 1.000000, 0.001000, 0.000010, 0.000000, 0.000000, 0.950000, 2.573349, 7.310432, -1.923544, -13.614697, 1000
7.59, 0.000100, 0.200000, 0.470000, -9.810000, 6.000000, 0.000000, 0.000000, 0.000000, 10.000000, -1.000000, 1.000000, -1.000000, 0.100000, 0.000100, 1.000000, 0.001000, 0.000010, 0.000000, 0.000000, 0.950000, -1.929875, -13.554061, 9.187728, 79.197700, 2.580672, 7.277891, -2.387965, -20.733272, 1000, 0.000100, -1.000000, -1.000000, 0.100000, 0.000100, 5.000000, 1.000000, 0.001000, 0.000010, 0.000000, 0.000000, 0.950000, 5.000000, -2.387965, -20.733272, 9.187728, 79.197700, 1000, 0.000100, 2.000000, -1.000000, -1.000000, 0.100000, 0.000100, 1.000000, 0.001000, 0.000010, 0.000000, 0.000000, 0.950000, 2.580672, 7.277891, -1.929875, -13.554061, 1000
7.6, 0.000100, 0.200000, 0.470000, -9.810000, 6.000000, 0.000000, 0.000000, 0.000000, 10.000000, -1.000000, 1.000000, -1.000000, 0.100000, 0.000100, 1.000000, 0.001000, 0.000010, 0.000000, 0.000000, 0.950000, -1.936089, -13.492904, 9.079347, 78.830546, 2.587881, 7.245045, -2.362126, -20.660641, 1000, 0.000100, -1.000000, -1.000000, 0.100000, 0.000100, 5.000000, 1.000000, 0.001000, 0.000010, 0.000000, 0.000000, 0.950000, 5.000000, -2.362126, -20.660641, 9.079347, 78.830546, 1000, 0.000100, 2.000000, -1.000000, -1.000000, 0.100000, 0.000100, 1.000000, 0.001000, 0.000010, 0.000000, 0.000000, 0.950000, 2.587881, 7.245045, -1.936089, -13.492904, 1000
7.61, 0.000100, 0.200000, 0.470000, -9.810000, 6.000000, 0.000000, 0.000000, 0.000000, 10.000000, -1.000000, 1.000000, -1.000000, 0.100000, 0.000100, 1.000000, 0.001000, 0.000010, 0.000000, 0.000000, 0.950000, -1.942184, -13.431230, 8.970885, 78.465011, 2.594975, 7.211897, -2.336215, -20.588340, 1000, 0.000100, -1.000000, -1.000000, 0.100000, 0.000100, 5.000000, 1.000000, 0.001000, 0.000010, 0.000000, 0.000000, 0.950000, 5.000000, -2.336215, -20.588340, 8.970885, 78.465011, 1000, 0.000100, 2.000000, -1.000000, -1.000000, 0.100000, 0.000100, 1.000000, 0.001000, 0.000010, 0.000000, 0.000000, 0.950000, 2.594975, 7.211897, -1.942184, -13.431230, 1000
7.62, 0.000100, 0.200000, 0.470000, -9.810000, 6.000000, 0.000000, 0.000000, 0.000000, 10.000000, -1.000000, 1.000000, -1.000000, 0.100000, 0.000100, 1.000000, 0.001000, 0.000010, 0.000000, 0.000000, 0.950000, -1.948161, -13.369043, 8.862346, 78.101111, 2.601954, 7.178448, -2.310234, -20.516371, 1000, 0.000100, -1.000000, -1.000000, 0.100000, 0.000100, 5.000000, 1.000000, 0.001000, 0.000010, 0.000000, 0.000000, 0.950000, 5.000000, -2.310234, -20.516371, 8.862346, 78.101111, 1000, 0.000100, 2.000000, -1.000000, -1.000000, 0.100000, 0.000100, 1.000000, 0.001000, 0.000010, 0.000000, 0.000000, 0.950000, 2.601954, 7.178448, -1.948161, -13.369043, 1000
7.63, 0.000100, 0.200000, 0.470000, -9.810000, 6.000000, 0.000000, 0.000000, 0.000000, 10.000000, -1.000000, 1.000000, -1.000000, 0.100000, 0.000100, 1.000000, 0.001000, 0.000010, 0.000000, 0.000000, 0.950000, -1.954018, -13.306348, 8.753739, 77.738862, 2.608818, 7.144701, -2.284183, -20.444739, 1000, 0.000100, -1.000000, -1.000000, 0.100000, 0.000100, 5.000000, 1.000000, 0.001000, 0.000010, 0.000000, 0.000000, 0.950000, 5.000000, -2.284183, -20.444739, 8.753739, 77.738862, 1000, 0.000100, 2.000000, -1.000000, -1.000000, 0.100000, 0.000100, 1.000000, 0.001000, 0.000010, 0.000000, 0.000000, 0.950000, 2.608818, 7.144701, -1.954018, -13.306348, 1000
7.64, 0.000100, 0.200000, 0.470000, -9.810000, 6.000000, 0.000000, 0.000000, 0.000000, 10.000000, -1.000000, 1.000000, -1.000000, 0.100000, 0.000100, 1.000000, 0.001000, 0.000010, 0.000000, 0.000000, 0.950000, -1.959754, -13.243148, 8.645069, 77.378278, 2.615567, 7.110659, -2.258065, -20.373445, 1000, 0.000100, -1.000000, -1.000000, 0.100000, 0.000100, 5.000000, 1.000000, 0.001000, 0.000010, 0.000000, 0.000000, 0.950000, 5.000000, -2.258065, -20.373445, 8.645069, 77.378278, 1000, 0.000100, 2.000000, -1.000000, -1.000000, 0.100000, 0.000100, 1.000000, 0.001000, 0.000010, 0.000000, 0.000000, 0.950000, 2.615567, 7.110659, -1.959754, -13.243148, 1000
7.65, 0.000100, 0.200000, 0.470000, -9.810000, 6.000000, 0.000000, 0.000000, 0.000000, 10.000000, -1.000000, 1.000000, -1.000000, 0.100000, 0.000100, 1.000000, 0.001000, 0.000010, 0.000000, 0.000000, 0.950000, -1.965370, -13.179446, 8.536345, 77.019375, 2.622202, 7.076322, -2.231879, -20.302493, 1000, 0.000100, -1.000000, -1.000000, 0.100000, 0.000100, 5.000000, 1.000000, 0.001000, 0.000010, 0.000000, 0.000000, 0.950000, 5.000000, -2.231879, -20.302493, 8.536345, 77.019375, 1000, 0.000100, 2.000000, -1.000000, -1.000000, 0.100000, 0.000100, 1.000000, 0.001000, 0.000010, 0.000000, 0.000000, 0.950000, 2.622202, 7.076322, -1.965370, -13.179446, 1000
7.66, 0.000100, 0.200000, 0.470000, -9.810000, 6.000000, 0.000000, 0.000000, 0.000000, 10.000000, -1.000000, 1.000000, -1.000000, 0.100000, 0.000100, 1.000000, 0.001000, 0.000010, 0.000000, 0.000000, 0.950000, -1.970863, -13.115249, 8.427572, 76.662169, 2.628722, 7.041694, -2.205628, -20.231885, 1000, 0.000100, -1.000000, -1.000000, 0.100000, 0.000100, 5.000000, 1.000000, 0.001000, 0.000010, 0.000000, 0.000000, 0.950000, 5.000000, -2.205628, -20.231885, 8.427572, 76.662169, 1000, 0.000100, 2.000000, -1.000000, -1.000000, 0.100000, 0.000100, 1.000000, 0.001000, 0.000010, 0.000000, 0.000000, 0.950000, 2.628722, 7.041694, -1.970863, -13.115249, 1000
7.67, 0.000100, 0.200000, 0.470000, -9.810000, 6.000000, 0.000000, 0.000000, 0.000000, 10.000000, -1.000000, 1.000000, -1.000000, 0.100000, 0.000100, 1.000000, 0.001000, 0.000010, 0.000000, 0.000000, 0.950000, -1.976234, -13.050558, 8.318757, 76.306675, 2.635127, 7.006776, -2.179312, -20.161626, 1000, 0.000100, -1.000000, -1.000000, 0.100000, 0.000100, 5.000000, 1.000000, 0.001000, 0.000010, 0.000000, 0.000000, 0.950000, 5.000000, -2.179312, -20.161626, 8.318757, 76.306675, 1000, 0.000100, 2.000000, -1.000000, -1.000000, 0.100000, 0.000100, 1.000000, 0.001000, 0.000010, 0.000000, 0.000000, 0.950000, 2.635127, 7.006776, -1.976234, -13.050558, 1000
7.68, 0.000100, 0.200000, 0.470000, -9.810000, 6.000000, 0.000000, 0.000000, 0.000000, 10.000000, -1.000000, 1.000000, -1.000000, 0.100000, 0.000100, 1.000000, 0.001000, 0.000010, 0.000000, 0.000000, 0.950000, -1.981481, -12.985379, 8.209908, 75.952909, 2.641418, 6.971572, -2.152932, -20.091716, 1000, 0.000100, -1.000000, -1.000000, 0.100000, 0.000100, 5.000000, 1.000000, 0.001000, 0.000010, 0.000000, 0.000000, 0.950000, 5.000000, -2.152932, -20.091716, 8.209908, 75.952909, 1000, 0.000100, 2.000000, -1.000000, -1.000000, 0.100000, 0.000100, 1.000000, 0.001000, 0.000010, 0.000000, 0.000000, 0.950000, 2.641418, 6.971572, -1.981481, -12.985379, 1000
7.69, 0.000100, 0.200000, 0.470000, -9.810000, 6.000000, 0.000000, 0.000000, 0.000000, 10.000000, -1.000000, 1.000000, -1.000000, 0.100000, 0.000100, 1.000000, 0.001000, 0.000010, 0.000000, 0.000000, 0.950000, -1.986604, -12.919715, 8.101030, 75.600885, 2.647595, 6.936082, -2.126490, -20.022160, 1000, 0.000100, -1.000000, -1.000000, 0.100000, 0.000100, 5.000000, 1.000000, 0.001000, 0.000010, 0.000000, 0.000000, 0.950000, 5.000000, -2.126490, -20.022160, 8.101030, 75.600885, 1000, 0.000100, 2.000000, -1.000000, -1.000000, 0.100000, 0.000100, 1.000000, 0.001000, 0.000010, 0.000000, 0.000000, 0.950000, 2.647595, 6.936082, -1.986604, -12.919715, 1000
7.7, 0.000100, 0.200000, 0.470000, -9.810000, 6.000000, 0.000000, 0.000000, 0.000000, 10.000000, -1.000000, 1.000000, -1.000000, 0.100000, 0.000100, 1.000000, 0.001000, 0.000010, 0.000000, 0.000000, 0.950000, -1.991602, -12.853571, 7.992131, 75.250618, 2.653658, 6.900310, -2.099987, -19.952960, 1000, 0.000100, -1.000000, -1.000000, 0.100000, 0.000100, 5.000000, 1.000000, 0.001000, 0.000010, 0.000000, 0.000000, 0.950000, 5.000000, -2.099987, -19.952960, 7.992131, 75.250618, 1000, 0.000100, 2.000000, -1.000000, -1.000000, 0.100000, 0.000100, 1.000000, 0.001000, 0.000010, 0.000000, 0.000000, 0.950000, 2.653658, 6.900310, -1.991602, -12.853571, 1000
7.71, 0.000100, 0.200000, 0.470000, -9.810000, 6.000000, 0.000000, 0.000000, 0.000000, 10.000000, -1.000000, 1.000000, -1.000000, 0.100000, 0.000100, 1.000000, 0.001000, 0.000010, 0.000000, 0.000000, 0.950000, -1.996475, -12.786950, 7.883216, 74.902123, 2.659606, 6.864257, -2.073424, -19.884119, 1000, 0.000100, -1.000000, -1.000000, 0.100000, 0.000100, 5.000000, 1.000000, 0.001000, 0.000010, 0.000000, 0.000000, 0.950000, 5.000000, -2.073424, -19.884119, 7.883216, 74.902123, 1000, 0.000100, 2.000000, -1.000000, -1.000000, 0.100000, 0.000100, 1.000000, 0.001000, 0.000010, 0.000000, 0.000000, 0.950000, 2.659606, 6.864257, -1.996475, -12.786950, 1000
7.72, 0.000100, 0.200000, 0.470000, -9.810000, 6.000000, 0.000000, 0.000000, 0.000000, 10.000000, -1.000000, 1.000000, -1.000000, 0.100000, 0.000100, 1.000000, 0.001000, 0.000010, 0.000000, 0.000000, 0.950000, -2.001222, -12.719856, 7.774293, 74.555416, 2.665441, 6.827926, -2.046802, -19.815640, 1000, 0.000100, -1.000000, -1.000000, 0.100000, 0.000100, 5.000000, 1.000000, 0.001000, 0.000010, 0.000000, 0.000000, 0.950000, 5.000000, -2.046802, -19.815640, 7.774293, 74.555416, 1000, 0.000100, 2.000000, -1.000000, -1.000000, 0.100000, 0.000100, 1.000000, 0.001000, 0.000010, 0.000000, 0.000000, 0.950000, 2.665441, 6.827926, -2.001222, -12.719856, 1000
7.73, 0.000100, 0.200000, 0.470000, -9.810000, 6.000000, 0.000000, 0.000000, 0.000000, 10.000000, -1.000000, 1.000000, -1.000000, 0.100000, 0.000100, 1.000000, 0.001000, 0.000010, 0.000000, 0.000000, 0.950000, -2.005841, -12.652294, 7.665368, 74.210510, 2.671161, 6.791319, -2.020121, -19.747526, 1000, 0.000100, -1.000000, -1.000000, 0.100000, 0.000100, 5.000000, 1.000000, 0.001000, 0.000010, 0.000000, 0.000000, 0.950000, 5.000000, -2.020121, -19.747526, 7.665368, 74.210510, 1000, 0.000100, 2.000000, -1.000000, -1.000000, 0.100000, 0.000100, 1.000000, 0.001000, 0.000010, 0.000000, 0.000000, 0.950000, 2.671161, 6.791319, -2.005841, -12.652294, 1000
7.74, 0.000100, 0.200000, 0.470000, -9.810000, 6.000000, 0.000000, 0.000000, 0.000000, 10.000000, -1.000000, 1.000000, -1.000000, 0.100000, 0.000100, 1.000000, 0.001000, 0.000010, 0.000000, 0.000000, 0.950000, -2.010333, -12.584267, 7.556448, 73.867421, 2.676768, 6.754438, -1.993385, -19.679779, 1000, 0.000100, -1.000000, -1.000000, 0.100000, 0.000100, 5.000000, 1.000000, 0.001000, 0.000010, 0.000000, 0.000000, 0.950000, 5.000000, -1.993385, -19.679779, 7.556448, 73.867421, 1000, 0.000100, 2.000000, -1.000000, -1.000000, 0.100000, 0.000100, 1.000000, 0.001000, 0.000010, 0.000000, 0.000000, 0.950000, 2.676768, 6.754438, -2.010333, -12.584267, 1000
7.75, 0.000100, 0.200000, 0.470000, -9.810000, 6.000000, 0.000000, 0.000000, 0.000000, 10.000000, -1.000000, 1.000000, -1.000000, 0.100000, 0.000100, 1.000000, 0.001000, 0.000010, 0.000000, 0.000000, 0.950000, -2.014698, -12.515779, 7.447539, 73.526163, 2.682261, 6.717286, -1.966592, -19.612401, 1000, 0.000100, -1.000000, -1.000000, 0.100000, 0.000100, 5.000000, 1.000000, 0.001000, 0.000010, 0.000000, 0.000000, 0.950000, 5.000000, -1.966592, -19.612401, 7.447539, 73.526163, 1000, 0.000100, 2.000000, -1.000000, -1.000000, 0.100000, 0.000100, 1.000000, 0.001000, 0.000010, 0.000000, 0.000000, 0.950000, 2.682261, 6.717286, -2.014698, -12.515779, 1000
7.76, 0.000100, 0.200000, 0.470000, -9.810000, 6.000000, 0.000000, 0.000000, 0.000000, 10.000000, -1.000000, 1.000000, -1.000000, 0.100000, 0.000100, 1.000000, 0.001000, 0.000010, 0.000000, 0.000000, 0.950000, -2.018933, -12.446835, 7.338647, 73.186751, 2.687641, 6.679865, -1.939745, -19.545397, 1000, 0.000100, -1.000000, -1.000000, 0.100000, 0.000100, 5.000000, 1.000000, 0.001000, 0.000010, 0.000000, 0.000000, 0.950000, 5.000000, -1.939745, -19.545397, 7.338647, 73.186751, 1000, 0.000100, 2.000000, -1.000000, -1.000000, 0.100000, 0.000100, 1.000000, 0.001000, 0.000010, 0.000000, 0.000000, 0.950000, 2.687641, 6.679865, -2.018933, -12.446835, 1000
7.77, 0.000100, 0.200000, 0.470000, -9.810000, 6.000000, 0.000000, 0.000000, 0.000000, 10.000000, -1.000000, 1.000000, -1.000000, 0.100000, 0.000100, 1.000000, 0.001000, 0.000010, 0.000000, 0.000000, 0.950000, -2.023039, -12.377439, 7.229778, 72.849198, 2.692907, 6.642177, -1.912845, -19.478768, 1000, 0.000100, -1.000000, -1.000000, 0.100000, 0.000100, 5.000000, 1.000000, 0.001000, 0.000010, 0.000000, 0.000000, 0.950000, 5.000000, -1.912845, -19.478768, 7.229778, 72.849198, 1000, 0.000100, 2.000000, -1.000000, -1.000000, 0.100000, 0.000100, 1.000000, 0.001000, 0.000010, 0.000000, 0.000000, 0.950000, 2.692907, 6.642177, -2.023039, -12.377439, 1000
7.78, 0.000100, 0.200000, 0.470000, -9.810000, 6.000000, 0.000000, 0.000000, 0.000000, 10.000000, -1.000000, 1.000000, -1.000000, 0.100000, 0.000100, 1.000000, 0.001000, 0.000010, 0.000000, 0.000000, 0.950000, -2.027014, -12.307593, 7.120940, 72.513519, 2.698060, 6.604225, -1.885893, -19.412517, 1000, 0.000100, -1.000000, -1.000000, 0.100000, 0.000100, 5.000000, 1.000000, 0.001000, 0.000010, 0.000000, 0.000000, 0.950000, 5.000000, -1.885893, -19.412517, 7.120940, 72.513519, 1000, 0.000100, 2.000000, -1.000000, -1.000000, 0.100000, 0.000100, 1.000000, 0.001000, 0.000010, 0.000000, 0.000000, 0.950000, 2.698060, 6.604225, -2.027014, -12.307593, 1000
7.79, 0.000100, 0.200000, 0.470000, -9.810000, 6.000000, 0.000000, 0.000000, 0.000000, 10.000000, -1.000000, 1.000000, -1.000000, 0.100000, 0.000100, 1.000000, 0.001000, 0.000010, 0.000000, 0.000000, 0.950000, -2.030859, -12.237303, 7.012138, 72.179729, 2.703100, 6.566011, -1.858890, -19.346647, 1000, 0.000100, -1.000000, -1.000000, 0.100000, 0.000100, 5.000000, 1.000000, 0.001000, 0.000010, 0.000000, 0.000000, 0.950000, 5.000000, -1.858890, -19.346647, 7.012138, 72.179729, 1000, 0.000100, 2.000000, -1.000000, -1.000000, 0.100000, 0.000100, 1.000000, 0.001000, 0.000010, 0.000000, 0.000000, 0.950000, 2.703100, 6.566011, -2.030859, -12.237303, 1000
7.8, 0.000100, 0.200000, 0.470000, -9.810000, 6.000000, 0.000000, 0.000000, 0.000000, 10.000000, -1.000000, 1.000000, -1.000000, 0.100000, 0.000100, 1.000000, 0.001000, 0.000010, 0.000000, 0.000000, 0.950000, -2.034573, -12.166573, 6.903378, 71.847840, 2.708027, 6.527536, -1.831836, -19.281160, 1000, 0.000100, -1.000000, -1.000000, 0.100000, 0.000100, 5.000000, 1.000000, 0.001000, 0.000010, 0.000000, 0.000000, 0.950000, 5.000000, -1.831836, -19.281160, 6.903378, 71.847840, 1000, 0.000100, 2.000000, -1.000000, -1.000000, 0.100000, 0.000100, 1.000000, 0.001000, 0.000010, 0.000000, 0.000000, 0.950000, 2.708027, 6.527536, -2.034573, -12.166573, 1000
7.81, 0.000100, 0.200000, 0.470000, -9.810000, 6.000000, 0.000000, 0.000000, 0.000000, 10.000000, -1.000000, 1.000000, -1.000000, 0.100000, 0.000100, 1.000000, 0.001000, 0.000010, 0.000000, 0.000000, 0.950000, -2.038156, -12.095405, 6.794666, 71.517869, 2.712842, 6.488805, -1.804735, -19.216059, 1000, 0.000100, -1.000000, -1.000000, 0.100000, 0.000100, 5.000000, 1.000000, 0.001000, 0.000010, 0.000000, 0.000000, 0.950000, 5.000000, -1.804735, -19.216059, 6.794666, 71.517869, 1000, 0.000100, 2.000000, -1.000000, -1.000000, 0.100000, 0.000100, 1.000000, 0.001000, 0.000010, 0.000000, 0.000000, 0.950000, 2.712842, 6.488805, -2.038156, -12.095405, 1000
7.82, 0.000100, 0.200000, 0.470000, -9.810000, 6.000000, 0.000000, 0.000000, 0.000000, 10.000000, -1.000000, 1.000000, -1.000000, 0.100000, 0.000100, 1.000000, 0.001000, 0.000010, 0.000000, 0.000000, 0.950000, -2.041605, -12.023805, 6.686009, 71.189827, 2.717544, 6.449818, -1.777585, -19.151346, 1000, 0.000100, -1.000000, -1.000000, 0.100000, 0.000100, 5.000000, 1.000000, 0.001000, 0.000010, 0.000000, 0.000000, 0.950000, 5.000000, -1.777585, -19.151346, 6.686009, 71.189827, 1000, 0.000100, 2.000000, -1.000000, -1.000000, 0.100000, 0.000100, 1.000000, 0.001000, 0.000010, 0.000000, 0.000000, 0.950000, 2.717544, 6.449818, -2.041605, -12.023805, 1000
7.83, 0.000100, 0.200000, 0.470000, -9.810000, 6.000000, 0.000000, 0.000000, 0.000000, 10.000000, -1.000000, 1.000000, -1.000000, 0.100000, 0.000100, 1.000000, 0.001000, 0.000010, 0.000000, 0.000000, 0.950000, -2.044922, -11.951776, 6.577412, 70.863729, 2.722134, 6.410579, -1.750389, -19.087024, 1000, 0.000100, -1.000000, -1.000000, 0.100000, 0.000100, 5.000000, 1.000000, 0.001000, 0.000010, 0.000000, 0.000000, 0.950000, 5.000000, -1.750389, -19.087024, 6.577412, 70.863729, 1000, 0.000100, 2.000000, -1.000000, -1.000000, 0.100000, 0.000100, 1.000000, 0.001000, 0.000010, 0.000000, 0.000000, 0.950000, 2.722134, 6.410579, -2.044922, -11.951776, 1000
7.84, 0.000100, 0.200000, 0.470000, -9.810000, 6.000000, 0.000000, 0.000000, 0.000000, 10.000000, -1.000000, 1.000000, -1.000000, 0.100000, 0.000100, 1.000000, 0.001000, 0.000010, 0.000000, 0.000000, 0.950000, -2.048106, -11.879322, 6.468882, 70.539588, 2.726612, 6.371089, -1.723147, -19.023096, 1000, 0.000100, -1.000000, -1.000000, 0.100000, 0.000100, 5.000000, 1.000000, 0.001000, 0.000010, 0.000000, 0.000000, 0.950000, 5.000000, -1.723147, -19.023096, 6.468882, 70.539588, 1000, 0.000100, 2.000000, -1.000000, -1.000000, 0.100000, 0.000100, 1.000000, 0.001000, 0.000010, 0.000000, 0.000000, 0.950000, 2.726612, 6.371089, -2.048106, -11.879322, 1000
7.85, 0.000100, 0.200000, 0.470000, -9.810000, 6.000000, 0.000000, 0.000000, 0.000000, 10.000000, -1.000000, 1.000000, -1.000000, 0.100000, 0.000100, 1.000000, 0.001000, 0.000010, 0.000000, 0.000000, 0.950000, -2.051155, -11.806447, 6.360424, 70.217418, 2.730977, 6.331351, -1.695862, -18.959564, 1000, 0.000100, -1.000000, -1.000000, 0.100000, 0.000100, 5.000000, 1.000000, 0.001000, 0.000010, 0.000000, 0.000000, 0.950000, 5.000000, -1.695862, -18.959564, 6.360424, 70.217418, 1000, 0.000100, 2.000000, -1.000000, -1.000000, 0.100000, 0.000100, 1.000000, 0.001000, 0.000010, 0.000000, 0.000000, 0.950000, 2.730977, 6.331351, -2.051155, -11.806447, 1000
7.86, 0.000100, 0.200000, 0.470000, -9.810000, 6.000000, 0.000000, 0.000000, 0.000000, 10.000000, -1.000000, 1.000000, -1.000000, 0.100000, 0.000100, 1.000000, 0.001000, 0.000010, 0.000000, 0.000000, 0.950000, -2.054071, -11.733156, 6.252044, 69.897233, 2.735232, 6.291368, -1.668533, -18.896431, 1000, 0.000100, -1.000000, -1.000000, 0.100000, 0.000100, 5.000000, 1.000000, 0.001000, 0.000010, 0.000000, 0.000000, 0.950000, 5.000000, -1.668533, -18.896431, 6.252044, 69.897233, 1000, 0.000100, 2.000000, -1.000000, -1.000000, 0.100000, 0.000100, 1.000000, 0.001000, 0.000010, 0.000000, 0.000000, 0.950000, 2.735232, 6.291368, -2.054071, -11.733156, 1000
7.87, 0.000100, 0.200000, 0.470000, -9.810000, 6.000000, 0.000000, 0.000000, 0.000000, 10.000000, -1.000000, 1.000000, -1.000000, 0.100000, 0.000100, 1.000000, 0.001000, 0.000010, 0.000000, 0.000000, 0.950000, -2.056851, -11.659451, 6.143748, 69.579046, 2.739374, 6.251141, -1.641162, -18.833698, 1000, 0.000100, -1.000000, -1.000000, 0.100000, 0.000100, 5.000000, 1.000000, 0.001000, 0.000010, 0.000000, 0.000000, 0.950000, 5.000000, -1.641162, -18.833698, 6.143748, 69.579046, 1000, 0.000100, 2.000000, -1.000000, -1.000000, 0.100000, 0.000100, 1.000000, 0.001000, 0.000010, 0.000000, 0.000000, 0.950000, 2.739374, 6.251141, -2.056851, -11.659451, 1000
7.88, 0.000100, 0.200000, 0.470000, -9.810000, 6.000000, 0.000000, 0.000000, 0.000000, 10.000000, -1.000000, 1.000000, -1.000000, 0.100000, 0.000100, 1.000000, 0.001000, 0.000010, 0.000000, 0.000000, 0.950000, -2.059496, -11.585337, 6.035542, 69.262870, 2.743406, 6.210674, -1.613750, -18.771369, 1000, 0.000100, -1.000000, -1.000000, 0.100000, 0.000100, 5.000000, 1.000000, 0.001000, 0.000010, 0.000000, 0.000000, 0.950000, 5.000000, -1.613750, -18.771369, 6.035542, 69.262870, 1000, 0.000100, 2.000000, -1.000000, -1.000000, 0.100000, 0.000100, 1.000000, 0.001000, 0.000010, 0.000000, 0.000000, 0.950000, 2.743406, 6.210674, -2.059496, -11.585337, 1000
7.89, 0.000100, 0.200000, 0.470000, -9.810000, 6.000000, 0.000000, 0.000000, 0.000000, 10.000000, -1.000000, 1.000000, -1.000000, 0.100000, 0.000100, 1.000000, 0.001000, 0.000010, 0.000000, 0.000000, 0.950000, -2.062004, -11.510818, 5.927431, 68.948717, 2.747326, 6.169969, -1.586298, -18.709445, 1000, 0.000100, -1.000000, -1.000000, 0.100000, 0.000100, 5.000000, 1.000000, 0.001000, 0.000010, 0.000000, 0.000000, 0.950000, 5.000000, -1.586298, -18.709445, 5.927431, 68.948717, 1000, 0.000100, 2.000000, -1.000000, -1.000000, 0.100000, 0.000100, 1.000000, 0.001000, 0.000010, 0.000000, 0.000000, 0.950000, 2.747326, 6.169969, -2.062004, -11.510818, 1000
7.9, 0.000100, 0.200000, 0.470000, -9.810000, 6.000000, 0.000000, 0.000000, 0.000000, 10.000000, -1.000000, 1.000000, -1.000000, 0.100000, 0.000100, 1.000000, 0.001000, 0.000010, 0.000000, 0.000000, 0.950000, -2.064377, -11.435897, 5.819420, 68.636603, 2.751136, 6.129027, -1.558808, -18.647930, 1000, 0.000100, -1.000000, -1.000000, 0.100000, 0.000100, 5.000000, 1.000000, 0.001000, 0.000010, 0.000000, 0.000000, 0.950000, 5.000000, -1.558808, -18.647930, 5.819420, 68.636603, 1000, 0.000100, 2.000000, -1.000000, -1.000000, 0.100000, 0.000100, 1.000000, 0.001000, 0.000010, 0.000000, 0.000000, 0.950000, 2.751136, 6.129027, -2.064377, -11.435897, 1000
7.91, 0.000100, 0.200000, 0.470000, -9.810000, 6.000000, 0.000000, 0.000000, 0.000000, 10.000000, -1.000000, 1.000000, -1.000000, 0.100000, 0.000100, 1.000000, 0.001000, 0.000010, 0.000000, 0.000000, 0.950000, -2.066613, -11.360579, 5.711515, 68.326538, 2.754835, 6.087852, -1.531280, -18.586825, 1000, 0.000100, -1.000000, -1.000000, 0.100000, 0.000100, 5.000000, 1.000000, 0.001000, 0.000010, 0.000000, 0.000000, 0.950000, 5.000000, -1.531280, -18.586825, 5.711515, 68.326538, 1000, 0.000100, 2.000000, -1.000000, -1.000000, 0.100000, 0.000100, 1.000000, 0.001000, 0.000010, 0.000000, 0.000000, 0.950000, 2.754835, 6.087852, -2.066613, -11.360579, 1000
7.92, 0.000100, 0.200000, 0.470000, -9.810000, 6.000000, 0.000000, 0.000000, 0.000000, 10.000000, -1.000000, 1.000000, -1.000000, 0.100000, 0.000100, 1.000000, 0.001000, 0.000010, 0.000000, 0.000000, 0.950000, -2.068712, -11.284867, 5.603722, 68.018536, 2.758424, 6.046446, -1.503715, -18.526133, 1000, 0.000100, -1.000000, -1.000000, 0.100000, 0.000100, 5.000000, 1.000000, 0.001000, 0.000010, 0.000000, 0.000000, 0.950000, 5.000000, -1.503715, -18.526133, 5.603722, 68.018536, 1000, 0.000100, 2.000000, -1.000000, -1.000000, 0.100000, 0.000100, 1.000000, 0.001000, 0.000010, 0.000000, 0.000000, 0.950000, 2.758424, 6.046446, -2.068712, -11.284867, 1000
7.93, 0.000100, 0.200000, 0.470000, -9.810000, 6.000000, 0.000000, 0.000000, 0.000000, 10.000000, -1.000000, 1.000000, -1.000000, 0.100000, 0.000100, 1.000000, 0.001000, 0.000010, 0.000000, 0.000000, 0.950000, -2.070673, -11.208766, 5.496046, 67.712610, 2.761902, 6.004812, -1.476115, -18.465855, 1000, 0.000100, -1.000000, -1.000000, 0.100000, 0.000100, 5.000000, 1.000000, 0.001000, 0.000010, 0.000000, 0.000000, 0.950000, 5.000000, -1.476115, -18.465855, 5.496046, 67.712610, 1000, 0.000100, 2.000000, -1.000000, -1.000000, 0.100000, 0.000100, 1.000000, 0.001000, 0.000010, 0.000000, 0.000000, 0.950000, 2.761902, 6.004812, -2.070673, -11.208766, 1000
7.94, 0.000100, 0.200000, 0.470000, -9.810000, 6.000000, 0.000000, 0.000000, 0.000000, 10.000000, -1.000000, 1.000000, -1.000000, 0.100000, 0.000100, 1.000000, 0.001000, 0.000010, 0.000000, 0.000000, 0.950000, -2.072496, -11.132278, 5.388493, 67.408772, 2.765271, 5.962951, -1.448481, -18.405996, 1000, 0.000100, -1.000000, -1.000000, 0.100000, 0.000100, 5.000000, 1.000000, 0.001000, 0.000010, 0.000000, 0.000000, 0.950000, 5.000000, -1.448481, -18.405996, 5.388493, 67.408772, 1000, 0.000100, 2.000000, -1.000000, -1.000000, 0.100000, 0.000100, 1.000000, 0.001000, 0.000010, 0.000000, 0.000000, 0.950000, 2.765271, 5.962951, -2.072496, -11.132278, 1000
7.95, 0.000100, 0.200000, 0.470000, -9.810000, 6.000000, 0.000000, 0.000000, 0.000000, 10.000000, -1.000000, 1.000000, -1.000000, 0.100000, 0.000100, 1.000000, 0.001000, 0.000010, 0.000000, 0.000000, 0.950000, -2.074181, -11.055409, 5.281066, 67.107034, 2.768531, 5.920867, -1.420814, -18.346556, 1000, 0.000100, -1.000000, -1.000000, 0.100000, 0.000100, 5.000000, 1.000000, 0.001000, 0.000010, 0.000000, 0.000000, 0.950000, 5.000000, -1.420814, -18.346556, 5.281066, 67.107034, 1000, 0.000100, 2.000000, -1.000000, -1.000000, 0.100000, 0.000100, 1.000000, 0.001000, 0.000010, 0.000000, 0.000000, 0.950000, 2.768531, 5.920867, -2.074181, -11.055409, 1000
7.96, 0.000100, 0.200000, 0.470000, -9.810000, 6.000000, 0.000000, 0.000000, 0.000000, 10.000000, -1.000000, 1.000000, -1.000000, 0.100000, 0.000100, 1.000000, 0.001000, 0.000010, 0.000000, 0.000000, 0.950000, -2.075727, -10.978161, 5.173772, 66.807410, 2.771681, 5.878561, -1.393114, -18.287537, 1000, 0.000100, -1.000000, -1.000000, 0.100000, 0.000100, 5.000000, 1.000000, 0.001000, 0.000010, 0.000000, 0.000000, 0.950000, 5.000000, -1.393114, -18.287537, 5.173772, 66.807410, 1000, 0.000100, 2.000000, -1.000000, -1.000000, 0.100000, 0.000100, 1.000000, 0.001000, 0.000010, 0.000000, 0.000000, 0.950000, 2.771681, 5.878561, -2.075727, -10.978161, 1000
7.97, 0.000100, 0.200000, 0.470000, -9.810000, 6.000000, 0.000000, 0.000000, 0.000000, 10.000000, -1.000000, 1.000000, -1.000000, 0.100000, 0.000100, 1.000000, 0.001000, 0.000010, 0.000000, 0.000000, 0.950000, -2.077134, -10.900539, 5.066615, 66.509912, 2.774722, 5.836037, -1.365384, -18.228943, 1000, 0.000100, -1.000000, -1.000000, 0.100000, 0.000100, 5.000000, 1.000000, 0.001000, 0.000010, 0.000000, 0.000000, 0.950000, 5.000000, -1.365384, -18.228943, 5.066615, 66.509912, 1000, 0.000100, 2.000000, -1.000000, -1.000000, 0.100000, 0.000100, 1.000000, 0.001000, 0.000010, 0.000000, 0.000000, 0.950000, 2.774722, 5.836037, -2.077134, -10.900539, 1000
7.98, 0.000100, 0.200000, 0.470000, -9.810000, 6.000000, 0.000000, 0.000000, 0.000000, 10.000000, -1.000000, 1.000000, -1.000000, 0.100000, 0.000100, 1.000000, 0.001000, 0.000010, 0.000000, 0.000000, 0.950000, -2.078402, -10.822547, 4.959601, 66.214550, 2.777655, 5.793296, -1.337623, -18.170775, 1000, 0.000100, -1.000000, -1.000000, 0.100000, 0.000100, 5.000000, 1.000000, 0.001000, 0.000010, 0.000000, 0.000000, 0.950000, 5.000000, -1.337623, -18.170775, 4.959601, 66.214550, 1000, 0.000100, 2.000000, -1.000000, -1.000000, 0.100000, 0.000100, 1.000000, 0.001000, 0.000010, 0.000000, 0.000000, 0.950000, 2.777655, 5.793296, -2.078402, -10.822547, 1000
7.99, 0.000100, 0.200000, 0.470000, -9.810000, 6.000000, 0.000000, 0.000000, 0.000000, 10.000000, -1.000000, 1.000000, -1.000000, 0.100000, 0.000100, 1.000000, 0.001000, 0.000010, 0.000000, 0.000000, 0.950000, -2.079530, -10.744187, 4.852733, 65.921339, 2.780479, 5.750342, -1.309834, -18.113035, 1000, 0.000100, -1.000000, -1.000000, 0.100000, 0.000100, 5.000000, 1.000000, 0.001000, 0.000010, 0.000000, 0.000000, 0.950000, 5.000000, -1.309834, -18.113035, 4.852733, 65.921339, 1000, 0.000100, 2.000000, -1.000000, -1.000000, 0.100000, 0.000100, 1.000000, 0.001000, 0.000010, 0.000000, 0.000000, 0.950000, 2.780479, 5.750342, -2.079530, -10.744187, 1000
8, 0.000100, 0.200000, 0.470000, -9.810000, 6.000000, 0.000000, 0.000000, 0.000000, 10.000000, -1.000000, 1.000000, -1.000000, 0.100000, 0.000100, 1.000000, 0.001000, 0.000010, 0.000000, 0.000000, 0.950000, -2.080518, -10.665465, 4.746018, 65.630289, 2.783195, 5.707177, -1.282017, -18.055726, 1000, 0.000100, -1.000000, -1.000000, 0.100000, 0.000100, 5.000000, 1.000000, 0.001000, 0.000010, 0.000000, 0.000000, 0.950000, 5.000000, -1.282017, -18.055726, 4.746018, 65.630289, 1000, 0.000100, 2.000000, -1.000000, -1.000000, 0.100000, 0.000100, 1.000000, 0.001000, 0.000010, 0.000000, 0.000000, 0.950000, 2.783195, 5.707177, -2.080518, -10.665465, 1000
8.01, 0.000100, 0.200000, 0.470000, -9.810000, 6.000000, 0.000000, 0.000000, 0.000000, 10.000000, -1.000000, 1.000000, -1.000000, 0.100000, 0.000100, 1.000000, 0.001000, 0.000010, 0.000000, 0.000000, 0.950000, -2.081366, -10.586383, 4.639459, 65.341412, 2.785803, 5.663803, -1.254173, -17.998850, 1000, 0.000100, -1.000000, -1.000000, 0.100000, 0.000100, 5.000000, 1.000000, 0.001000, 0.000010, 0.000000, 0.000000, 0.950000, 5.000000, -1.254173, -17.998850, 4.639459, 65.341412, 1000, 0.000100, 2.000000, -1.000000, -1.000000, 0.100000, 0.000100, 1.000000, 0.001000, 0.000010, 0.000000, 0.000000, 0.950000, 2.785803, 5.663803, -2.081366, -10.586383, 1000
8.02, 0.000100, 0.200000, 0.470000, -9.810000, 6.000000, 0.000000, 0.000000, 0.000000, 10.000000, -1.000000, 1.000000, -1.000000, 0.100000, 0.000100, 1.000000, 0.001000, 0.000010, 0.000000, 0.000000, 0.950000, -2.082074, -10.506946, 4.533062, 65.054720, 2.788304, 5.620223, -1.226304, -17.942408, 1000, 0.000100, -1.000000, -1.000000, 0.100000, 0.000100, 5.000000, 1.000000, 0.001000, 0.000010, 0.000000, 0.000000, 0.950000, 5.000000, -1.226304, -17.942408, 4.533062, 65.054720, 1000, 0.000100, 2.000000, -1.000000, -1.000000, 0.100000, 0.000100, 1.000000, 0.001000, 0.000010, 0.000000, 0.000000, 0.950000, 2.788304, 5.620223, -2.082074, -10.506946, 1000
8.03, 0.000100, 0.200000, 0.470000, -9.810000, 6.000000, 0.000000, 0.000000, 0.000000, 10.000000, -1.000000, 1.000000, -1.000000, 0.100000, 0.000100, 1.000000, 0.001000, 0.000010, 0.000000, 0.000000, 0.950000, -2.082640, -10.427158, 4.426830, 64.770225, 2.790698, 5.576439, -1.198410, -17.886402, 1000, 0.000100, -1.000000, -1.000000, 0.100000, 0.000100, 5.000000, 1.000000, 0.001000, 0.000010, 0.000000, 0.000000, 0.950000, 5.000000, -1.198410, -17.886402, 4.426830, 64.770225, 1000, 0.000100, 2.000000, -1.000000, -1.000000, 0.100000, 0.000100, 1.000000, 0.001000, 0.000010, 0.000000, 0.000000, 0.950000, 2.790698, 5.576439, -2.082640, -10.427158, 1000
8.04, 0.000100, 0.200000, 0.470000, -9.810000, 6.000000, 0.000000, 0.000000, 0.000000, 10.000000, -1.000000, 1.000000, -1.000000, 0.100000, 0.000100, 1.000000, 0.001000, 0.000010, 0.000000, 0.000000, 0.950000, -2.083066, -10.347021, 4.320769, 64.487939, 2.792984, 5.532454, -1.170493, -17.830836, 1000, 0.000100, -1.000000, -1.000000, 0.100000, 0.000100, 5.000000, 1.000000, 0.001000, 0.000010, 0.000000, 0.000000, 0.950000, 5.000000, -1.170493, -17.830836, 4.320769, 64.487939, 1000, 0.000100, 2.000000, -1.000000, -1.000000, 0.100000, 0.000100, 1.000000, 0.001000, 0.000010, 0.000000, 0.000000, 0.950000, 2.792984, 5.532454, -2.083066, -10.347021, 1000
8.05, 0.000100, 0.200000, 0.470000, -9.810000, 6.000000, 0.000000, 0.000000, 0.000000, 10.000000, -1.000000, 1.000000, -1.000000, 0.100000, 0.000100, 1.000000, 0.001000, 0.000010, 0.000000, 0.000000, 0.950000, -2.083351, -10.266540, 4.214882, 64.207871, 2.795164, 5.488271, -1.142553, -17.775710, 1000, 0.000100, -1.000000, -1.000000, 0.100000, 0.000100, 5.000000, 1.000000, 0.001000, 0.000010, 0.000000, 0.000000, 0.950000, 5.000000, -1.142553, -17.775710, 4.214882, 64.207871, 1000, 0.000100, 2.000000, -1.000000, -1.000000, 0.100000, 0.000100, 1.000000, 0.001000, 0.000010, 0.000000, 0.000000, 0.950000, 2.795164, 5.488271, -2.083351, -10.266540, 1000
8.06, 0.000100, 0.200000, 0.470000, -9.810000, 6.000000, 0.000000, 0.000000, 0.000000, 10.000000, -1.000000, 1.000000, -1.000000, 0.100000, 0.000100, 1.000000, 0.001000, 0.000010, 0.000000, 0.000000, 0.950000, -2.083495, -10.185719, 4.109174, 63.930035, 2.797238, 5.443891, -1.114592, -17.721027, 1000, 0.000100, -1.000000, -1.000000, 0.100000, 0.000100, 5.000000, 1.000000, 0.001000, 0.000010, 0.000000, 0.000000, 0.950000, 5.000000, -1.114592, -17.721027, 4.109174, 63.930035, 1000, 0.000100, 2.000000, -1.000000, -1.000000, 0.100000, 0.000100, 1.000000, 0.001000, 0.000010, 0.000000, 0.000000, 0.950000, 2.797238, 5.443891, -2.083495, -10.185719, 1000
8.07, 0.000100, 0.200000, 0.470000, -9.810000, 6.000000, 0.000000, 0.000000, 0.000000, 10.000000, -1.000000, 1.000000, -1.000000, 0.100000, 0.000100, 1.000000, 0.001000, 0.000010, 0.000000, 0.000000, 0.950000, -2.083497, -10.104561, 4.003648, 63.654440, 2.799206, 5.399318, -1.086611, -17.666789, 1000, 0.000100, -1.000000, -1.000000, 0.100000, 0.000100, 5.000000, 1.000000, 0.001000, 0.000010, 0.000000, 0.000000, 0.950000, 5.000000, -1.086611, -17.666789, 4.003648, 63.654440, 1000, 0.000100, 2.000000, -1.000000, -1.000000, 0.100000, 0.000100, 1.000000, 0.001000, 0.000010, 0.000000, 0.000000, 0.950000, 2.799206, 5.399318, -2.083497, -10.104561, 1000
8.08, 0.000100, 0.200000, 0.470000, -9.810000, 6.000000, 0.000000, 0.000000, 0.000000, 10.000000, -1.000000, 1.000000, -1.000000, 0.100000, 0.000100, 1.000000, 0.001000, 0.000010, 0.000000, 0.000000, 0.950000, -2.083357, -10.023070, 3.898310, 63.381098, 2.801068, 5.354555, -1.058611, -17.612997, 1000, 0.000100, -1.000000, -1.000000, 0.100000, 0.000100, 5.000000, 1.000000, 0.001000, 0.000010, 0.000000, 0.000000, 0.950000, 5.000000, -1.058611, -17.612997, 3.898310, 63.381098, 1000, 0.000100, 2.000000, -1.000000, -1.000000, 0.100000, 0.000100, 1.000000, 0.001000, 0.000010, 0.000000, 0.000000, 0.950000, 2.801068, 5.354555, -2.083357, -10.023070, 1000
8.09, 0.000100, 0.200000, 0.470000, -9.810000, 6.000000, 0.000000, 0.000000, 0.000000, 10.000000, -1.000000, 1.000000, -1.000000, 0.100000, 0.000100, 1.000000, 0.001000, 0.000010, 0.000000, 0.000000, 0.950000, -2.083076, -9.941249, 3.793162, 63.110020, 2.802825, 5.309603, -1.030592, -17.559654, 1000, 0.000100, -1.000000, -1.000000, 0.100000, 0.000100, 5.000000, 1.000000, 0.001000, 0.000010, 0.000000, 0.000000, 0.950000, 5.000000, -1.030592, -17.559654, 3.793162, 63.110020, 1000, 0.000100, 2.000000, -1.000000, -1.000000, 0.100000, 0.000100, 1.000000, 0.001000, 0.000010, 0.000000, 0.000000, 0.950000, 2.802825, 5.309603, -2.083076, -9.941249, 1000
8.1, 0.000100, 0.200000, 0.470000, -9.810000, 6.000000, 0.000000, 0.000000, 0.000000, 10.000000, -1.000000, 1.000000, -1.000000, 0.100000, 0.000100, 1.000000, 0.001000, 0.000010, 0.000000, 0.000000, 0.950000, -2.082653, -9.859103, 3.688209, 62.841217, 2.804478, 5.264465, -1.002556, -17.506761, 1000, 0.000100, -1.000000, -1.000000, 0.100000, 0.000100, 5.000000, 1.000000, 0.001000, 0.000010, 0.000000, 0.000000, 0.950000, 5.000000, -1.002556, -17.506761, 3.688209, 62.841217, 1000, 0.000100, 2.000000, -1.000000, -1.000000, 0.100000, 0.000100, 1.000000, 0.001000, 0.000010, 0.000000, 0.000000, 0.950000, 2.804478, 5.264465, -2.082653, -9.859103, 1000
8.11, 0.000100, 0.200000, 0.470000, -9.810000, 6.000000, 0.000000, 0.000000, 0.000000, 10.000000, -1.000000, 1.000000, -1.000000, 0.100000, 0.000100, 1.000000, 0.001000, 0.000010, 0.000000, 0.000000, 0.950000, -2.082088, -9.776635, 3.583454, 62.574698, 2.806025, 5.219144, -0.974505, -17.454320, 1000, 0.000100, -1.000000, -1.000000, 0.100000, 0.000100, 5.000000, 1.000000, 0.001000, 0.000010, 0.000000, 0.000000, 0.950000, 5.000000, -0.974505, -17.454320, 3.583454, 62.574698, 1000, 0.000100, 2.000000, -1.000000, -1.000000, 0.100000, 0.000100, 1.000000, 0.001000, 0.000010, 0.000000, 0.000000, 0.950000, 2.806025, 5.219144, -2.082088, -9.776635, 1000
8.12, 0.000100, 0.200000, 0.470000, -9.810000, 6.000000, 0.000000, 0.000000, 0.000000, 10.000000, -1.000000, 1.000000, -1.000000, 0.100000, 0.000100, 1.000000, 0.001000, 0.000010, 0.000000, 0.000000, 0.950000, -2.081382, -9.693849, 3.478901, 62.310476, 2.807468, 5.173642, -0.946438, -17.402334, 1000, 0.000100, -1.000000, -1.000000, 0.100000, 0.000100, 5.000000, 1.000000, 0.001000, 0.000010, 0.000000, 0.000000, 0.950000, 5.000000, -0.946438, -17.402334, 3.478901, 62.310476, 1000, 0.000100, 2.000000, -1.000000, -1.000000, 0.100000, 0.000100, 1.000000, 0.001000, 0.000010, 0.000000, 0.000000, 0.950000, 2.807468, 5.173642, -2.081382, -9.693849, 1000
8.13, 0.000100, 0.200000, 0.470000, -9.810000, 6.000000, 0.000000, 0.000000, 0.000000, 10.000000, -1.000000, 1.000000, -1.000000, 0.100000, 0.000100, 1.000000, 0.001000, 0.000010, 0.000000, 0.000000, 0.950000, -2.080533, -9.610748, 3.374554, 62.048559, 2.808807, 5.127963, -0.918357, -17.350803, 1000, 0.000100, -1.000000, -1.000000, 0.100000, 0.000100, 5.000000, 1.000000, 0.001000, 0.000010, 0.000000, 0.000000, 0.950000, 5.000000, -0.918357, -17.350803, 3.374554, 62.048559, 1000, 0.000100, 2.000000, -1.000000, -1.000000, 0.100000, 0.000100, 1.000000, 0.001000, 0.000010, 0.000000, 0.000000, 0.950000, 2.808807, 5.127963, -2.080533, -9.610748, 1000
8.14, 0.000100, 0.200000, 0.470000, -9.810000, 6.000000, 0.000000, 0.000000, 0.000000, 10.000000, -1.000000, 1.000000, -1.000000, 0.100000, 0.000100, 1.000000, 0.001000, 0.000010, 0.000000, 0.000000, 0.950000, -2.079542, -9.527336, 3.270416, 61.788959, 2.810043, 5.082108, -0.890264, -17.299730, 1000, 0.000100, -1.000000, -1.000000, 0.100000, 0.000100, 5.000000, 1.000000, 0.001000, 0.000010, 0.000000, 0.000000, 0.950000, 5.000000, -0.890264, -17.299730, 3.270416, 61.788959, 1000, 0.000100, 2.000000, -1.000000, -1.000000, 0.100000, 0.000100, 1.000000, 0.001000, 0.000010, 0.000000, 0.000000, 0.950000, 2.810043, 5.082108, -2.079542, -9.527336, 1000
8.15, 0.000100, 0.200000, 0.470000, -9.810000, 6.000000, 0.000000, 0.000000, 0.000000, 10.000000, -1.000000, 1.000000, -1.000000, 0.100000, 0.000100, 1.000000, 0.001000, 0.000010, 0.000000, 0.000000, 0.950000, -2.078409, -9.443617, 3.166490, 61.531685, 2.811176, 5.036081, -0.862158, -17.249116, 1000, 0.000100, -1.000000, -1.000000, 0.100000, 0.000100, 5.000000, 1.000000, 0.001000, 0.000010, 0.000000, 0.000000, 0.950000, 5.000000, -0.862158, -17.249116, 3.166490, 61.531685, 1000, 0.000100, 2.000000, -1.000000, -1.000000, 0.100000, 0.000100, 1.000000, 0.001000, 0.000010, 0.000000, 0.000000, 0.950000, 2.811176, 5.036081, -2.078409, -9.443617, 1000
8.16, 0.000100, 0.200000, 0.470000, -9.810000, 6.000000, 0.000000, 0.000000, 0.000000, 10.000000, -1.000000, 1.000000, -1.000000, 0.100000, 0.000100, 1.000000, 0.001000, 0.000010, 0.000000, 0.000000, 0.950000, -2.077134, -9.359594, 3.062780, 61.276748, 2.812206, 4.989883, -0.834042, -17.198963, 1000, 0.000100, -1.000000, -1.000000, 0.100000, 0.000100, 5.000000, 1.000000, 0.001000, 0.000010, 0.000000, 0.000000, 0.950000, 5.000000, -0.834042, -17.198963, 3.062780, 61.276748, 1000, 0.000100, 2.000000, -1.000000, -1.000000, 0.100000, 0.000100, 1.000000, 0.001000, 0.000010, 0.000000, 0.000000, 0.950000, 2.812206, 4.989883, -2.077134, -9.359594, 1000
8.17, 0.000100, 0.200000, 0.470000, -9.810000, 6.000000, 0.000000, 0.000000, 0.000000, 10.000000, -1.000000, 1.000000, -1.000000, 0.100000, 0.000100, 1.000000, 0.001000, 0.000010, 0.000000, 0.000000, 0.950000, -2.075717, -9.275270, 2.959289, 61.024157, 2.813133, 4.943518, -0.805916, -17.149272, 1000, 0.000100, -1.000000, -1.000000, 0.100000, 0.000100, 5.000000, 1.000000, 0.001000, 0.000010, 0.000000, 0.000000, 0.950000, 5.000000, -0.805916, -17.149272, 2.959289, 61.024157, 1000, 0.000100, 2.000000, -1.000000, -1.000000, 0.100000, 0.000100, 1.000000, 0.001000, 0.000010, 0.000000, 0.000000, 0.950000, 2.813133, 4.943518, -2.075717, -9.275270, 1000
8.18, 0.000100, 0.200000, 0.470000, -9.810000, 6.000000, 0.000000, 0.000000, 0.000000, 10.000000, -1.000000, 1.000000, -1.000000, 0.100000, 0.000100, 1.000000, 0.001000, 0.000010, 0.000000, 0.000000, 0.950000, -2.074158, -9.190650, 2.856019, 60.773922, 2.813958, 4.896988, -0.777780, -17.100047, 1000, 0.000100, -1.000000, -1.000000, 0.100000, 0.000100, 5.000000, 1.000000, 0.001000, 0.000010, 0.000000, 0.000000, 0.950000, 5.000000, -0.777780, -17.100047, 2.856019, 60.773922, 1000, 0.000100, 2.000000, -1.000000, -1.000000, 0.100000, 0.000100, 1.000000, 0.001000, 0.000010, 0.000000, 0.000000, 0.950000, 2.813958, 4.896988, -2.074158, -9.190650, 1000
8.19, 0.000100, 0.200000, 0.470000, -9.810000, 6.000000, 0.000000, 0.000000, 0.000000, 10.000000, -1.000000, 1.000000, -1.000000, 0.100000, 0.000100, 1.000000, 0.001000, 0.000010, 0.000000, 0.000000, 0.950000, -2.072457, -9.105738, 2.752974, 60.526053, 2.814681, 4.850296, -0.749638, -17.051287, 1000, 0.000100, -1.000000, -1.000000, 0.100000, 0.000100, 5.000000, 1.000000, 0.001000, 0.000010, 0.000000, 0.000000, 0.950000, 5.000000, -0.749638, -17.051287, 2.752974, 60.526053, 1000, 0.000100, 2.000000, -1.000000, -1.000000, 0.100000, 0.000100, 1.000000, 0.001000, 0.000010, 0.000000, 0.000000, 0.950000, 2.814681, 4.850296, -2.072457, -9.105738, 1000
8.2, 0.000100, 0.200000, 0.470000, -9.810000, 6.000000, 0.000000, 0.000000, 0.000000, 10.000000, -1.000000, 1.000000, -1.000000, 0.100000, 0.000100, 1.000000, 0.001000, 0.000010, 0.000000, 0.000000, 0.950000, -2.070615, -9.020535, 2.650156, 60.280560, 2.815303, 4.803444, -0.721488, -17.002995, 1000, 0.000100, -1.000000, -1.000000, 0.100000, 0.000100, 5.000000, 1.000000, 0.001000, 0.000010, 0.000000, 0.000000, 0.950000, 5.000000, -0.721488, -17.002995, 2.650156, 60.280560, 1000, 0.000100, 2.000000, -1.000000, -1.000000, 0.100000, 0.000100, 1.000000, 0.001000, 0.000010, 0.000000, 0.000000, 0.950000, 2.815303, 4.803444, -2.070615, -9.020535, 1000
8.21, 0.000100, 0.200000, 0.470000, -9.810000, 6.000000, 0.000000, 0.000000, 0.000000, 10.000000, -1.000000, 1.000000, -1.000000, 0.100000, 0.000100, 1.000000, 0.001000, 0.000010, 0.000000, 0.000000, 0.950000, -2.068631, -8.935047, 2.547569, 60.037451, 2.815824, 4.756435, -0.693333, -16.955172, 1000, 0.000100, -1.000000, -1.000000, 0.100000, 0.000100, 5.000000, 1.000000, 0.001000, 0.000010, 0.000000, 0.000000, 0.950000, 5.000000, -0.693333, -16.955172, 2.547569, 60.037451, 1000, 0.000100, 2.000000, -1.000000, -1.000000, 0.100000, 0.000100, 1.000000, 0.001000, 0.000010, 0.000000, 0.000000, 0.950000, 2.815824, 4.756435, -2.068631, -8.935047, 1000
8.22, 0.000100, 0.200000, 0.470000, -9.810000, 6.000000, 0.000000, 0.000000, 0.000000, 10.000000, -1.000000, 1.000000, -1.000000, 0.100000, 0.000100, 1.000000, 0.001000, 0.000010, 0.000000, 0.000000, 0.950000, -2.066505, -8.849277, 2.445214, 59.796735, 2.816245, 4.709272, -0.665173, -16.907820, 1000, 0.000100, -1.000000, -1.000000, 0.100000, 0.000100, 5.000000, 1.000000, 0.001000, 0.000010, 0.000000, 0.000000, 0.950000, 5.000000, -0.665173, -16.907820, 2.445214, 59.796735, 1000, 0.000100, 2.000000, -1.000000, -1.000000, 0.100000, 0.000100, 1.000000, 0.001000, 0.000010, 0.000000, 0.000000, 0.950000, 2.816245, 4.709272, -2.066505, -8.849277, 1000
8.23, 0.000100, 0.200000, 0.470000, -9.810000, 6.000000, 0.000000, 0.000000, 0.000000, 10.000000, -1.000000, 1.000000, -1.000000, 0.100000, 0.000100, 1.000000, 0.001000, 0.000010, 0.000000, 0.000000, 0.950000, -2.064239, -8.763229, 2.343095, 59.558423, 2.816565, 4.661957, -0.637009, -16.860940, 1000, 0.000100, -1.000000, -1.000000, 0.100000, 0.000100, 5.000000, 1.000000, 0.001000, 0.000010, 0.000000, 0.000000, 0.950000, 5.000000, -0.637009, -16.860940, 2.343095, 59.558423, 1000, 0.000100, 2.000000, -1.000000, -1.000000, 0.100000, 0.000100, 1.000000, 0.001000, 0.000010, 0.000000, 0.000000, 0.950000, 2.816565, 4.661957, -2.064239, -8.763229, 1000
8.24, 0.000100, 0.200000, 0.470000, -9.810000, 6.000000, 0.000000, 0.000000, 0.000000, 10.000000, -1.000000, 1.000000, -1.000000, 0.100000, 0.000100, 1.000000, 0.001000, 0.000010, 0.000000, 0.000000, 0.950000, -2.061831, -8.676905, 2.241213, 59.322523, 2.816785, 4.614493, -0.608842, -16.814534, 1000, 0.000100, -1.000000, -1.000000, 0.100000, 0.000100, 5.000000, 1.000000, 0.001000, 0.000010, 0.000000, 0.000000, 0.950000, 5.000000, -0.608842, -16.814534, 2.241213, 59.322523, 1000, 0.000100, 2.000000, -1.000000, -1.000000, 0.100000, 0.000100, 1.000000, 0.001000, 0.000010, 0.000000, 0.000000, 0.950000, 2.816785, 4.614493, -2.061831, -8.676905, 1000
8.25, 0.000100, 0.200000, 0.470000, -9.810000, 6.000000, 0.000000, 0.000000, 0.000000, 10.000000, -1.000000, 1.000000, -1.000000, 0.100000, 0.000100, 1.000000, 0.001000, 0.000010, 0.000000, 0.000000, 0.950000, -2.059282, -8.590309, 2.139571, 59.089043, 2.816906, 4.566883, -0.580674, -16.768603, 1000, 0.000100, -1.000000, -1.000000, 0.100000, 0.000100, 5.000000, 1.000000, 0.001000, 0.000010, 0.000000, 0.000000, 0.950000, 5.000000, -0.580674, -16.768603, 2.139571, 59.089043, 1000, 0.000100, 2.000000, -1.000000, -1.000000, 0.100000, 0.000100, 1.000000, 0.001000, 0.000010, 0.000000, 0.000000, 0.950000, 2.816906, 4.566883, -2.059282, -8.590309, 1000
8.26, 0.000100, 0.200000, 0.470000, -9.810000, 6.000000, 0.000000, 0.000000, 0.000000, 10.000000, -1.000000, 1.000000, -1.000000, 0.100000, 0.000100, 1.000000, 0.001000, 0.000010, 0.000000, 0.000000, 0.950000, -2.056592, -8.503446, 2.038171, 58.857992, 2.816928, 4.519129, -0.552504, -16.723149, 1000, 0.000100, -1.000000, -1.000000, 0.100000, 0.000100, 5.000000, 1.000000, 0.001000, 0.000010, 0.000000, 0.000000, 0.950000, 5.000000, -0.552504, -16.723149, 2.038171, 58.857992, 1000, 0.000100, 2.000000, -1.000000, -1.000000, 0.100000, 0.000100, 1.000000, 0.001000, 0.000010, 0.000000, 0.000000, 0.950000, 2.816928, 4.519129, -2.056592, -8.503446, 1000
8.27, 0.000100, 0.200000, 0.470000, -9.810000, 6.000000, 0.000000, 0.000000, 0.000000, 10.000000, -1.000000, 1.000000, -1.000000, 0.100000, 0.000100, 1.000000, 0.001000, 0.000010, 0.000000, 0.000000, 0.950000, -2.053762, -8.416318, 1.937015, 58.629380, 2.816851, 4.471235, -0.524336, -16.678174, 1000, 0.000100, -1.000000, -1.000000, 0.100000, 0.000100, 5.000000, 1.000000, 0.001000, 0.000010, 0.000000, 0.000000, 0.950000, 5.000000, -0.524336, -16.678174, 1.937015, 58.629380, 1000, 0.000100, 2.000000, -1.000000, -1.000000, 0.100000, 0.000100, 1.000000, 0.001000, 0.000010, 0.000000, 0.000000, 0.950000, 2.816851, 4.471235, -2.053762, -8.416318, 1000
8.28, 0.000100, 0.200000, 0.470000, -9.810000, 6.000000, 0.000000, 0.000000, 0.000000, 10.000000, -1.000000, 1.000000, -1.000000, 0.100000, 0.000100, 1.000000, 0.001000, 0.000010, 0.000000, 0.000000, 0.950000, -2.050792, -8.328929, 1.836105, 58.403214, 2.816675, 4.423202, -0.496168, -16.633677, 1000, 0.000100, -1.000000, -1.000000, 0.100000, 0.000100, 5.000000, 1.000000, 0.001000, 0.000010, 0.000000, 0.000000, 0.950000, 5.000000, -0.496168, -16.633677, 1.836105, 58.403214, 1000, 0.000100, 2.000000, -1.000000, -1.000000, 0.100000, 0.000100, 1.000000, 0.001000, 0.000010, 0.000000, 0.000000, 0.950000, 2.816675, 4.423202, -2.050792, -8.328929, 1000
8.29, 0.000100, 0.200000, 0.470000, -9.810000, 6.000000, 0.000000, 0.000000, 0.000000, 10.000000, -1.000000, 1.000000, -1.000000, 0.100000, 0.000100, 1.000000, 0.001000, 0.000010, 0.000000, 0.000000, 0.950000, -2.047682, -8.241283, 1.735443, 58.179502, 2.816402, 4.375033, -0.468002, -16.589662, 1000, 0.000100, -1.000000, -1.000000, 0.100000, 0.000100, 5.000000, 1.000000, 0.001000, 0.000010, 0.000000, 0.000000, 0.950000, 5.000000, -0.468002, -16.589662, 1.735443, 58.179502, 1000, 0.000100, 2.000000, -1.000000, -1.000000, 0.100000, 0.000100, 1.000000, 0.001000, 0.000010, 0.000000, 0.000000, 0.950000, 2.816402, 4.375033, -2.047682, -8.241283, 1000
8.3, 0.000100, 0.200000, 0.470000, -9.810000, 6.000000, 0.000000, 0.000000, 0.000000, 10.000000, -1.000000, 1.000000, -1.000000, 0.100000, 0.000100, 1.000000, 0.001000, 0.000010, 0.000000, 0.000000, 0.950000, -2.044433, -8.153383, 1.635030, 57.958253, 2.816031, 4.326731, -0.439840, -16.546129, 1000, 0.000100, -1.000000, -1.000000, 0.100000, 0.000100, 5.000000, 1.000000, 0.001000, 0.000010, 0.000000, 0.000000, 0.950000, 5.000000, -0.439840, -16.546129, 1.635030, 57.958253, 1000, 0.000100, 2.000000, -1.000000, -1.000000, 0.100000, 0.000100, 1.000000, 0.001000, 0.000010, 0.000000, 0.000000, 0.950000, 2.816031, 4.326731, -2.044433, -8.153383, 1000
8.31, 0.000100, 0.200000, 0.470000, -9.810000, 6.000000, 0.000000, 0.000000, 0.000000, 10.000000, -1.000000, 1.000000, -1.000000, 0.100000, 0.000100, 1.000000, 0.001000, 0.000010, 0.000000, 0.000000, 0.950000, -2.041044, -8.065232, 1.534868, 57.739474, 2.815563, 4.278299, -0.411682, -16.503080, 1000, 0.000100, -1.000000, -1.000000, 0.100000, 0.000100, 5.000000, 1.000000, 0.001000, 0.000010, 0.000000, 0.000000, 0.950000, 5.000000, -0.411682, -16.503080, 1.534868, 57.739474, 1000, 0.000100, 2.000000, -1.000000, -1.000000, 0.100000, 0.000100, 1.000000, 0.001000, 0.000010, 0.000000, 0.000000, 0.950000, 2.815563, 4.278299, -2.041044, -8.065232, 1000
8.32, 0.000100, 0.200000, 0.470000, -9.810000, 6.000000, 0.000000, 0.000000, 0.000000, 10.000000, -1.000000, 1.000000, -1.000000, 0.100000, 0.000100, 1.000000, 0.001000, 0.000010, 0.000000, 0.000000, 0.950000, -2.037517, -7.976835, 1.434959, 57.523174, 2.814999, 4.229740, -0.383529, -16.460515, 1000, 0.000100, -1.000000, -1.000000, 0.100000, 0.000100, 5.000000, 1.000000, 0.001000, 0.000010, 0.000000, 0.000000, 0.950000, 5.000000, -0.383529, -16.460515, 1.434959, 57.523174, 1000, 0.000100, 2.000000, -1.000000, -1.000000, 0.100000, 0.000100, 1.000000, 0.001000, 0.000010, 0.000000, 0.000000, 0.950000, 2.814999, 4.229740, -2.037517, -7.976835, 1000
8.33, 0.000100, 0.200000, 0.470000, -9.810000, 6.000000, 0.000000, 0.000000, 0.000000, 10.000000, -1.000000, 1.000000, -1.000000, 0.100000, 0.000100, 1.000000, 0.001000, 0.000010, 0.000000, 0.000000, 0.950000, -2.033851, -7.888194, 1.335303, 57.309360, 2.814338, 4.181055, -0.355382, -16.418437, 1000, 0.000100, -1.000000, -1.000000, 0.100000, 0.000100, 5.000000, 1.000000, 0.001000, 0.000010, 0.000000, 0.000000, 0.950000, 5.000000, -0.355382, -16.418437, 1.335303, 57.309360, 1000, 0.000100, 2.000000, -1.000000, -1.000000, 0.100000, 0.000100, 1.000000, 0.001000, 0.000010, 0.000000, 0.000000, 0.950000, 2.814338, 4.181055, -2.033851, -7.888194, 1000
8.34, 0.000100, 0.200000, 0.470000, -9.810000, 6.000000, 0.000000, 0.000000, 0.000000, 10.000000, -1.000000, 1.000000, -1.000000, 0.100000, 0.000100, 1.000000, 0.001000, 0.000010, 0.000000, 0.000000, 0.950000, -2.030047, -7.799313, 1.235903, 57.098040, 2.813581, 4.132249, -0.327242, -16.376846, 1000, 0.000100, -1.000000, -1.000000, 0.100000, 0.000100, 5.000000, 1.000000, 0.001000, 0.000010, 0.000000, 0.000000, 0.950000, 5.000000, -0.327242, -16.376846, 1.235903, 57.098040, 1000, 0.000100, 2.000000, -1.000000, -1.000000, 0.100000, 0.000100, 1.000000, 0.001000, 0.000010, 0.000000, 0.000000, 0.950000, 2.813581, 4.132249, -2.030047, -7.799313, 1000
8.35, 0.000100, 0.200000, 0.470000, -9.810000, 6.000000, 0.000000, 0.000000, 0.000000, 10.000000, -1.000000, 1.000000, -1.000000, 0.100000, 0.000100, 1.000000, 0.001000, 0.000010, 0.000000, 0.000000, 0.950000, -2.026106, -7.710196, 1.136759, 56.889220, 2.812728, 4.083323, -0.299110, -16.335744, 1000, 0.000100, -1.000000, -1.000000, 0.100000, 0.000100, 5.000000, 1.000000, 0.001000, 0.000010, 0.000000, 0.000000, 0.950000, 5.000000, -0.299110, -16.335744, 1.136759, 56.889220, 1000, 0.000100, 2.000000, -1.000000, -1.000000, 0.100000, 0.000100, 1.000000, 0.001000, 0.000010, 0.000000, 0.000000, 0.950000, 2.812728, 4.083323, -2.026106, -7.710196, 1000
8.36, 0.000100, 0.200000, 0.470000, -9.810000, 6.000000, 0.000000, 0.000000, 0.000000, 10.000000, -1.000000, 1.000000, -1.000000, 0.100000, 0.000100, 1.000000, 0.001000, 0.000010, 0.000000, 0.000000, 0.950000, -2.022028, -7.620846, 1.037872, 56.682909, 2.811780, 4.034280, -0.270987, -16.295131, 1000, 0.000100, -1.000000, -1.000000, 0.100000, 0.000100, 5.000000, 1.000000, 0.001000, 0.000010, 0.000000, 0.000000, 0.950000, 5.000000, -0.270987, -16.295131, 1.037872, 56.682909, 1000, 0.000100, 2.000000, -1.000000, -1.000000, 0.100000, 0.000100, 1.000000, 0.001000, 0.000010, 0.000000, 0.000000, 0.950000, 2.811780, 4.034280, -2.022028, -7.620846, 1000
8.37, 0.000100, 0.200000, 0.470000, -9.810000, 6.000000, 0.000000, 0.000000, 0.000000, 10.000000, -1.000000, 1.000000, -1.000000, 0.100000, 0.000100, 1.000000, 0.001000, 0.000010, 0.000000, 0.000000, 0.950000, -2.017813, -7.531267, 0.939243, 56.479113, 2.810738, 3.985123, -0.242874, -16.255010, 1000, 0.000100, -1.000000, -1.000000, 0.100000, 0.000100, 5.000000, 1.000000, 0.001000, 0.000010, 0.000000, 0.000000, 0.950000, 5.000000, -0.242874, -16.255010, 0.939243, 56.479113, 1000, 0.000100, 2.000000, -1.000000, -1.000000, 0.100000, 0.000100, 1.000000, 0.001000, 0.000010, 0.000000, 0.000000, 0.950000, 2.810738, 3.985123, -2.017813, -7.531267, 1000
8.38, 0.000100, 0.200000, 0.470000, -9.810000, 6.000000, 0.000000, 0.000000, 0.000000, 10.000000, -1.000000, 1.000000, -1.000000, 0.100000, 0.000100, 1.000000, 0.001000, 0.000010, 0.000000, 0.000000, 0.950000, -2.013462, -7.441462, 0.840873, 56.277839, 2.809601, 3.935855, -0.214771, -16.215380, 1000, 0.000100, -1.000000, -1.000000, 0.100000, 0.000100, 5.000000, 1.000000, 0.001000, 0.000010, 0.000000, 0.000000, 0.950000, 5.000000, -0.214771, -16.215380, 0.840873, 56.277839, 1000, 0.000100, 2.000000, -1.000000, -1.000000, 0.100000, 0.000100, 1.000000, 0.001000, 0.000010, 0.000000, 0.000000, 0.950000, 2.809601, 3.935855, -2.013462, -7.441462, 1000
8.39, 0.000100, 0.200000, 0.470000, -9.810000, 6.000000, 0.000000, 0.000000, 0.000000, 10.000000, -1.000000, 1.000000, -1.000000, 0.100000, 0.000100, 1.000000, 0.001000, 0.000010, 0.000000, 0.000000, 0.950000, -2.008975, -7.351434, 0.742763, 56.079093, 2.808370, 3.886478, -0.186681, -16.176244, 1000, 0.000100, -1.000000, -1.000000, 0.100000, 0.000100, 5.000000, 1.000000, 0.001000, 0.000010, 0.000000, 0.000000, 0.950000, 5.000000, -0.186681, -16.176244, 0.742763, 56.079093, 1000, 0.000100, 2.000000, -1.000000, -1.000000, 0.100000, 0.000100, 1.000000, 0.001000, 0.000010, 0.000000, 0.000000, 0.950000, 2.808370, 3.886478, -2.008975, -7.351434, 1000
8.4, 0.000100, 0.200000, 0.470000, -9.810000, 6.000000, 0.000000, 0.000000, 0.000000, 10.000000, -1.000000, 1.000000, -1.000000, 0.100000, 0.000100, 1.000000, 0.001000, 0.000010, 0.000000, 0.000000, 0.950000, -2.004354, -7.261188, 0.644912, 55.882884, 2.807046, 3.836996, -0.158603, -16.137602, 1000, 0.000100, -1.000000, -1.000000, 0.100000, 0.000100, 5.000000, 1.000000, 0.001000, 0.000010, 0.000000, 0.000000, 0.950000, 5.000000, -0.158603, -16.137602, 0.644912, 55.882884, 1000, 0.000100, 2.000000, -1.000000, -1.000000, 0.100000, 0.000100, 1.000000, 0.001000, 0.000010, 0.000000, 0.000000, 0.950000, 2.807046, 3.836996, -2.004354, -7.261188, 1000
8.41, 0.000100, 0.200000, 0.470000, -9.810000, 6.000000, 0.000000, 0.000000, 0.000000, 10.000000, -1.000000, 1.000000, -1.000000, 0.100000, 0.000100, 1.000000, 0.001000, 0.000010, 0.000000, 0.000000, 0.950000, -1.999598, -7.170726, 0.547323, 55.689216, 2.805628, 3.787410, -0.130539, -16.099455, 1000, 0.000100, -1.000000, -1.000000, 0.100000, 0.000100, 5.000000, 1.000000, 0.001000, 0.000010, 0.000000, 0.000000, 0.950000, 5.000000, -0.130539, -16.099455, 0.547323, 55.689216, 1000, 0.000100, 2.000000, -1.000000, -1.000000, 0.100000, 0.000100, 1.000000, 0.001000, 0.000010, 0.000000, 0.000000, 0.950000, 2.805628, 3.787410, -1.999598, -7.170726, 1000
8.42, 0.000100, 0.200000, 0.470000, -9.810000, 6.000000, 0.000000, 0.000000, 0.000000, 10.000000, -1.000000, 1.000000, -1.000000, 0.100000, 0.000100, 1.000000, 0.001000, 0.000010, 0.000000, 0.000000, 0.950000, -1.994709, -7.080052, 0.449994, 55.498096, 2.804118, 3.737724, -0.102490, -16.061804, 1000, 0.000100, -1.000000, -1.000000, 0.100000, 0.000100, 5.000000, 1.000000, 0.001000, 0.000010, 0.000000, 0.000000, 0.950000, 5.000000, -0.102490, -16.061804, 0.449994, 55.498096, 1000, 0.000100, 2.000000, -1.000000, -1.000000, 0.100000, 0.000100, 1.000000, 0.001000, 0.000010, 0.000000, 0.000000, 0.950000, 2.804118, 3.737724, -1.994709, -7.080052, 1000
8.43, 0.000100, 0.200000, 0.470000, -9.810000, 6.000000, 0.000000, 0.000000, 0.000000, 10.000000, -1.000000, 1.000000, -1.000000, 0.100000, 0.000100, 1.000000, 0.001000, 0.000010, 0.000000, 0.000000, 0.950000, -1.989686, -6.989170, 0.352927, 55.309531, 2.802515, 3.687940, -0.074456, -16.024651, 1000, 0.000100, -1.000000, -1.000000, 0.100000, 0.000100, 5.000000, 1.000000, 0.001000, 0.000010, 0.000000, 0.000000, 0.950000, 5.000000, -0.074456, -16.024651, 0.352927, 55.309531, 1000, 0.000100, 2.000000, -1.000000, -1.000000, 0.100000, 0.000100, 1.000000, 0.001000, 0.000010, 0.000000, 0.000000, 0.950000, 2.802515, 3.687940, -1.989686, -6.989170, 1000
8.44, 0.000100, 0.200000, 0.470000, -9.810000, 6.000000, 0.000000, 0.000000, 0.000000, 10.000000, -1.000000, 1.000000, -1.000000, 0.100000, 0.000100, 1.000000, 0.001000, 0.000010, 0.000000, 0.000000, 0.950000, -1.984531, -6.898083, 0.256121, 55.123526, 2.800820, 3.638061, -0.046438, -15.987996, 1000, 0.000100, -1.000000, -1.000000, 0.100000, 0.000100, 5.000000, 1.000000, 0.001000, 0.000010, 0.000000, 0.000000, 0.950000, 5.000000, -0.046438, -15.987996, 0.256121, 55.123526, 1000, 0.000100, 2.000000, -1.000000, -1.000000, 0.100000, 0.000100, 1.000000, 0.001000, 0.000010, 0.000000, 0.000000, 0.950000, 2.800820, 3.638061, -1.984531, -6.898083, 1000
8.45, 0.000100, 0.200000, 0.470000, -9.810000, 6.000000, 0.000000, 0.000000, 0.000000, 10.000000, -1.000000, 1.000000, -1.000000, 0.100000, 0.000100, 1.000000, 0.001000, 0.000010, 0.000000, 0.000000, 0.950000, -1.979245, -6.806795, 0.159576, 54.940087, 2.799034, 3.588090, -0.018438, -15.951840, 1000, 0.000100, -1.000000, -1.000000, 0.100000, 0.000100, 5.000000, 1.000000, 0.001000, 0.000010, 0.000000, 0.000000, 0.950000, 5.000000, -0.018438, -15.951840, 0.159576, 54.940087, 1000, 0.000100, 2.000000, -1.000000, -1.000000, 0.100000, 0.000100, 1.000000, 0.001000, 0.000010, 0.000000, 0.000000, 0.950000, 2.799034, 3.588090, -1.979245, -6.806795, 1000
8.46, 0.000100, 0.200000, 0.470000, -9.810000, 6.000000, 0.000000, 0.000000, 0.000000, 10.000000, -1.000000, 1.000000, -1.000000, 0.100000, 0.000100, 1.000000, 0.001000, 0.000010, 0.000000, 0.000000, 0.950000, -1.973827, -6.715309, 0.063293, 54.759219, 2.797156, 3.538030, 0.009544, -15.916185, 1000, 0.000100, -1.000000, -1.000000, 0.100000, 0.000100, 5.000000, 1.000000, 0.001000, 0.000010, 0.000000, 0.000000, 0.950000, 5.000000, 0.009544, -15.916185, 0.063293, 54.759219, 1000, 0.000100, 2.000000, -1.000000, -1.000000, 0.100000, 0.000100, 1.000000, 0.001000, 0.000010, 0.000000, 0.000000, 0.950000, 2.797156, 3.538030, -1.973827, -6.715309, 1000
8.47, 0.000100, 0.200000, 0.470000, -9.810000, 6.000000, 0.000000, 0.000000, 0.000000, 10.000000, -1.000000, 1.000000, -1.000000, 0.100000, 0.000100, 1.000000, 0.001000, 0.000010, 0.000000, 0.000000, 0.950000, -1.968279, -6.623628, -0.032729, 54.580929, 2.795188, 3.487882, 0.037507, -15.881030, 1000, 0.000100, -1.000000, -1.000000, 0.100000, 0.000100, 5.000000, 1.000000, 0.001000, 0.000010, 0.000000, 0.000000, 0.950000, 5.000000, 0.037507, -15.881030, -0.032729, 54.580929, 1000, 0.000100, 2.000000, -1.000000, -1.000000, 0.100000, 0.000100, 1.000000, 0.001000, 0.000010, 0.000000, 0.000000, 0.950000, 2.795188, 3.487882, -1.968279, -6.623628, 1000
8.48, 0.000100, 0.200000, 0.470000, -9.810000, 6.000000, 0.000000, 0.000000, 0.000000, 10.000000, -1.000000, 1.000000, -1.000000, 0.100000, 0.000100, 1.000000, 0.001000, 0.000010, 0.000000, 0.000000, 0.950000, -1.962602, -6.531757, -0.128491, 54.405221, 2.793130, 3.437651, 0.065449, -15.846377, 1000, 0.000100, -1.000000, -1.000000, 0.100000, 0.000100, 5.000000, 1.000000, 0.001000, 0.000010, 0.000000, 0.000000, 0.950000, 5.000000, 0.065449, -15.846377, -0.128491, 54.405221, 1000, 0.000100, 2.000000, -1.000000, -1.000000, 0.100000, 0.000100, 1.000000, 0.001000, 0.000010, 0.000000, 0.000000, 0.950000, 2.793130, 3.437651, -1.962602, -6.531757, 1000
8.49, 0.000100, 0.200000, 0.470000, -9.810000, 6.000000, 0.000000, 0.000000, 0.000000, 10.000000, -1.000000, 1.000000, -1.000000, 0.100000, 0.000100, 1.000000, 0.001000, 0.000010, 0.000000, 0.000000, 0.950000, -1.956796, -6.439698, -0.223992, 54.232100, 2.790981, 3.387338, 0.093371, -15.812227, 1000, 0.000100, -1.000000, -1.000000, 0.100000, 0.000100, 5.000000, 1.000000, 0.001000, 0.000010, 0.000000, 0.000000, 0.950000, 5.000000, 0.093371, -15.812227, -0.223992, 54.232100, 1000, 0.000100, 2.000000, -1.000000, -1.000000, 0.100000, 0.000100, 1.000000, 0.001000, 0.000010, 0.000000, 0.000000, 0.950000, 2.790981, 3.387338, -1.956796, -6.439698, 1000
8.5, 0.000100, 0.200000, 0.470000, -9.810000, 6.000000, 0.000000, 0.000000, 0.000000, 10.000000, -1.000000, 1.000000, -1.000000, 0.100000, 0.000100, 1.000000, 0.001000, 0.000010, 0.000000, 0.000000, 0.950000, -1.950862, -6.347456, -0.319233, 54.061573, 2.788743, 3.336947, 0.121271, -15.778581, 1000, 0.000100, -1.000000, -1.000000, 0.100000, 0.000100, 5.000000, 1.000000, 0.001000, 0.000010, 0.000000, 0.000000, 0.950000, 5.000000, 0.121271, -15.778581, -0.319233, 54.061573, 1000, 0.000100, 2.000000, -1.000000, -1.000000, 0.100000, 0.000100, 1.000000, 0.001000, 0.000010, 0.000000, 0.000000, 0.950000, 2.788743, 3.336947, -1.950862, -6.347456, 1000
8.51, 0.000100, 0.200000, 0.470000, -9.810000, 6.000000, 0.000000, 0.000000, 0.000000, 10.000000, -1.000000, 1.000000, -1.000000, 0.100000, 0.000100, 1.000000, 0.001000, 0.000010, 0.000000, 0.000000, 0.950000, -1.944801, -6.255033, -0.414215, 53.893642, 2.786415, 3.286480, 0.149148, -15.745438, 1000, 0.000100, -1.000000, -1.000000, 0.100000, 0.000100, 5.000000, 1.000000, 0.001000, 0.000010, 0.000000, 0.000000, 0.950000, 5.000000, 0.149148, -15.745438, -0.414215, 53.893642, 1000, 0.000100, 2.000000, -1.000000, -1.000000, 0.100000, 0.000100, 1.000000, 0.001000, 0.000010, 0.000000, 0.000000, 0.950000, 2.786415, 3.286480, -1.944801, -6.255033, 1000
8.52, 0.000100, 0.200000, 0.470000, -9.810000, 6.000000, 0.000000, 0.000000, 0.000000, 10.000000, -1.000000, 1.000000, -1.000000, 0.100000, 0.000100, 1.000000, 0.001000, 0.000010, 0.000000, 0.000000, 0.950000, -1.938614, -6.162434, -0.508938, 53.728313, 2.783999, 3.235940, 0.177001, -15.712801, 1000, 0.000100, -1.000000, -1.000000, 0.100000, 0.000100, 5.000000, 1.000000, 0.001000, 0.000010, 0.000000, 0.000000, 0.950000, 5.000000, 0.177001, -15.712801, -0.508938, 53.728313, 1000, 0.000100, 2.000000, -1.000000, -1.000000, 0.100000, 0.000100, 1.000000, 0.001000, 0.000010, 0.000000, 0.000000, 0.950000, 2.783999, 3.235940, -1.938614, -6.162434, 1000
8.53, 0.000100, 0.200000, 0.470000, -9.810000, 6.000000, 0.000000, 0.000000, 0.000000, 10.000000, -1.000000, 1.000000, -1.000000, 0.100000, 0.000100, 1.000000, 0.001000, 0.000010, 0.000000, 0.000000, 0.950000, -1.932301, -6.069662, -0.603404, 53.565591, 2.781494, 3.185330, 0.204830, -15.680669, 1000, 0.000100, -1.000000, -1.000000, 0.100000, 0.000100, 5.000000, 1.000000, 0.001000, 0.000010, 0.000000, 0.000000, 0.950000, 5.000000, 0.204830, -15.680669, -0.603404, 53.565591, 1000, 0.000100, 2.000000, -1.000000, -1.000000, 0.100000, 0.000100, 1.000000, 0.001000, 0.000010, 0.000000, 0.000000, 0.950000, 2.781494, 3.185330, -1.932301, -6.069662, 1000
8.54, 0.000100, 0.200000, 0.470000, -9.810000, 6.000000, 0.000000, 0.000000, 0.000000, 10.000000, -1.000000, 1.000000, -1.000000, 0.100000, 0.000100, 1.000000, 0.001000, 0.000010, 0.000000, 0.000000, 0.950000, -1.925865, -5.976720, -0.697612, 53.405479, 2.778901, 3.134652, 0.232633, -15.649044, 1000, 0.000100, -1.000000, -1.000000, 0.100000, 0.000100, 5.000000, 1.000000, 0.001000, 0.000010, 0.000000, 0.000000, 0.950000, 5.000000, 0.232633, -15.649044, -0.697612, 53.405479, 1000, 0.000100, 2.000000, -1.000000, -1.000000, 0.100000, 0.000100, 1.000000, 0.001000, 0.000010, 0.000000, 0.000000, 0.950000, 2.778901, 3.134652, -1.925865, -5.976720, 1000
8.55, 0.000100, 0.200000, 0.470000, -9.810000, 6.000000, 0.000000, 0.000000, 0.000000, 10.000000, -1.000000, 1.000000, -1.000000, 0.100000, 0.000100, 1.000000, 0.001000, 0.000010, 0.000000, 0.000000, 0.950000, -1.919305, -5.883612, -0.791565, 53.247982, 2.776221, 3.083909, 0.260410, -15.617926, 1000, 0.000100, -1.000000, -1.000000, 0.100000, 0.000100, 5.000000, 1.000000, 0.001000, 0.000010, 0.000000, 0.000000, 0.950000, 5.000000, 0.260410, -15.617926, -0.791565, 53.247982, 1000, 0.000100, 2.000000, -1.000000, -1.000000, 0.100000, 0.000100, 1.000000, 0.001000, 0.000010, 0.000000, 0.000000, 0.950000, 2.776221, 3.083909, -1.919305, -5.883612, 1000
8.56, 0.000100, 0.200000, 0.470000, -9.810000, 6.000000, 0.000000, 0.000000, 0.000000, 10.000000, -1.000000, 1.000000, -1.000000, 0.100000, 0.000100, 1.000000, 0.001000, 0.000010, 0.000000, 0.000000, 0.950000, -1.912622, -5.790342, -0.885263, 53.093104, 2.773453, 3.033104, 0.288160, -15.587315, 1000, 0.000100, -1.000000, -1.000000, 0.100000, 0.000100, 5.000000, 1.000000, 0.001000, 0.000010, 0.000000, 0.000000, 0.950000, 5.000000, 0.288160, -15.587315, -0.885263, 53.093104, 1000, 0.000100, 2.000000, -1.000000, -1.000000, 0.100000, 0.000100, 1.000000, 0.001000, 0.000010, 0.000000, 0.000000, 0.950000, 2.773453, 3.033104, -1.912622, -5.790342, 1000
8.57, 0.000100, 0.200000, 0.470000, -9.810000, 6.000000, 0.000000, 0.000000, 0.000000, 10.000000, -1.000000, 1.000000, -1.000000, 0.100000, 0.000100, 1.000000, 0.001000, 0.000010, 0.000000, 0.000000, 0.950000, -1.905819, -5.696913, -0.978707, 52.940848, 2.770599, 2.982240, 0.315881, -15.557213, 1000, 0.000100, -1.000000, -1.000000, 0.100000, 0.000100, 5.000000, 1.000000, 0.001000, 0.000010, 0.000000, 0.000000, 0.950000, 5.000000, 0.315881, -15.557213, -0.978707, 52.940848, 1000, 0.000100, 2.000000, -1.000000, -1.000000, 0.100000, 0.000100, 1.000000, 0.001000, 0.000010, 0.000000, 0.000000, 0.950000, 2.770599, 2.982240, -1.905819, -5.696913, 1000
8.58, 0.000100, 0.200000, 0.470000, -9.810000, 6.000000, 0.000000, 0.000000, 0.000000, 10.000000, -1.000000, 1.000000, -1.000000, 0.100000, 0.000100, 1.000000, 0.001000, 0.000010, 0.000000, 0.000000, 0.950000, -1.898894, -5.603329, -1.071899, 52.791218, 2.767657, 2.931319, 0.343574, -15.527620, 1000, 0.000100, -1.000000, -1.000000, 0.100000, 0.000100, 5.000000, 1.000000, 0.001000, 0.000010, 0.000000, 0.000000, 0.950000, 5.000000, 0.343574, -15.527620, -1.071899, 52.791218, 1000, 0.000100, 2.000000, -1.000000, -1.000000, 0.100000, 0.000100, 1.000000, 0.001000, 0.000010, 0.000000, 0.000000, 0.950000, 2.767657, 2.931319, -1.898894, -5.603329, 1000
8.59, 0.000100, 0.200000, 0.470000, -9.810000, 6.000000, 0.000000, 0.000000, 0.000000, 10.000000, -1.000000, 1.000000, -1.000000, 0.100000, 0.000100, 1.000000, 0.001000, 0.000010, 0.000000, 0.000000, 0.950000, -1.891851, -5.509594, -1.164840, 52.644218, 2.764630, 2.880345, 0.371237, -15.498536, 1000, 0.000100, -1.000000, -1.000000, 0.100000, 0.000100, 5.000000, 1.000000, 0.001000, 0.000010, 0.000000, 0.000000, 0.950000, 5.000000, 0.371237, -15.498536, -1.164840, 52.644218, 1000, 0.000100, 2.000000, -1.000000, -1.000000, 0.100000, 0.000100, 1.000000, 0.001000, 0.000010, 0.000000, 0.000000, 0.950000, 2.764630, 2.880345, -1.891851, -5.509594, 1000
8.6, 0.000100, 0.200000, 0.470000, -9.810000, 6.000000, 0.000000, 0.000000, 0.000000, 10.000000, -1.000000, 1.000000, -1.000000, 0.100000, 0.000100, 1.000000, 0.001000, 0.000010, 0.000000, 0.000000, 0.950000, -1.884689, -5.415711, -1.257531, 52.499850, 2.761517, 2.829319, 0.398869, -15.469962, 1000, 0.000100, -1.000000, -1.000000, 0.100000, 0.000100, 5.000000, 1.000000, 0.001000, 0.000010, 0.000000, 0.000000, 0.950000, 5.000000, 0.398869, -15.469962, -1.257531, 52.499850, 1000, 0.000100, 2.000000, -1.000000, -1.000000, 0.100000, 0.000100, 1.000000, 0.001000, 0.000010, 0.000000, 0.000000, 0.950000, 2.761517, 2.829319, -1.884689, -5.415711, 1000
8.61, 0.000100, 0.200000, 0.470000, -9.810000, 6.000000, 0.000000, 0.000000, 0.000000, 10.000000, -1.000000, 1.000000, -1.000000, 0.100000, 0.000100, 1.000000, 0.001000, 0.000010, 0.000000, 0.000000, 0.950000, -1.877410, -5.321684, -1.349974, 52.358118, 2.758319, 2.778245, 0.426470, -15.441899, 1000, 0.000100, -1.000000, -1.000000, 0.100000, 0.000100, 5.000000, 1.000000, 0.001000, 0.000010, 0.000000, 0.000000, 0.950000, 5.000000, 0.426470, -15.441899, -1.349974, 52.358118, 1000, 0.000100, 2.000000, -1.000000, -1.000000, 0.100000, 0.000100, 1.000000, 0.001000, 0.000010, 0.000000, 0.000000, 0.950000, 2.758319, 2.778245, -1.877410, -5.321684, 1000
8.62, 0.000100, 0.200000, 0.470000, -9.810000, 6.000000, 0.000000, 0.000000, 0.000000, 10.000000, -1.000000, 1.000000, -1.000000, 0.100000, 0.000100, 1.000000, 0.001000, 0.000010, 0.000000, 0.000000, 0.950000, -1.870015, -5.227516, -1.442171, 52.219024, 2.755035, 2.727126, 0.454039, -15.414347, 1000, 0.000100, -1.000000, -1.000000, 0.100000, 0.000100, 5.000000, 1.000000, 0.001000, 0.000010, 0.000000, 0.000000, 0.950000, 5.000000, 0.454039, -15.414347, -1.442171, 52.219024, 1000, 0.000100, 2.000000, -1.000000, -1.000000, 0.100000, 0.000100, 1.000000, 0.001000, 0.000010, 0.000000, 0.000000, 0.950000, 2.755035, 2.727126, -1.870015, -5.227516, 1000
8.63, 0.000100, 0.200000, 0.470000, -9.810000, 6.000000, 0.000000, 0.000000, 0.000000, 10.000000, -1.000000, 1.000000, -1.000000, 0.100000, 0.000100, 1.000000, 0.001000, 0.000010, 0.000000, 0.000000, 0.950000, -1.862505, -5.133211, -1.534122, 52.082572, 2.751667, 2.675963, 0.481574, -15.387306, 1000, 0.000100, -1.000000, -1.000000, 0.100000, 0.000100, 5.000000, 1.000000, 0.001000, 0.000010, 0.000000, 0.000000, 0.950000, 5.000000, 0.481574, -15.387306, -1.534122, 52.082572, 1000, 0.000100, 2.000000, -1.000000, -1.000000, 0.100000, 0.000100, 1.000000, 0.001000, 0.000010, 0.000000, 0.000000, 0.950000, 2.751667, 2.675963, -1.862505, -5.133211, 1000
8.64, 0.000100, 0.200000, 0.470000, -9.810000, 6.000000, 0.000000, 0.000000, 0.000000, 10.000000, -1.000000, 1.000000, -1.000000, 0.100000, 0.000100, 1.000000, 0.001000, 0.000010, 0.000000, 0.000000, 0.950000, -1.854882, -5.038773, -1.625831, 51.948763, 2.748215, 2.624760, 0.509075, -15.360776, 1000, 0.000100, -1.000000, -1.000000, 0.100000, 0.000100, 5.000000, 1.000000, 0.001000, 0.000010, 0.000000, 0.000000, 0.950000, 5.000000, 0.509075, -15.360776, -1.625831, 51.948763, 1000, 0.000100, 2.000000, -1.000000, -1.000000, 0.100000, 0.000100, 1.000000, 0.001000, 0.000010, 0.000000, 0.000000, 0.950000, 2.748215, 2.624760, -1.854882, -5.038773, 1000
8.65, 0.000100, 0.200000, 0.470000, -9.810000, 6.000000, 0.000000, 0.000000, 0.000000, 10.000000, -1.000000, 1.000000, -1.000000, 0.100000, 0.000100, 1.000000, 0.001000, 0.000010, 0.000000, 0.000000, 0.950000, -1.847146, -4.944207, -1.717298, 51.817600, 2.744678, 2.573520, 0.536541, -15.334759, 1000, 0.000100, -1.000000, -1.000000, 0.100000, 0.000100, 5.000000, 1.000000, 0.001000, 0.000010, 0.000000, 0.000000, 0.950000, 5.000000, 0.536541, -15.334759, -1.717298, 51.817600, 1000, 0.000100, 2.000000, -1.000000, -1.000000, 0.100000, 0.000100, 1.000000, 0.001000, 0.000010, 0.000000, 0.000000, 0.950000, 2.744678, 2.573520, -1.847146, -4.944207, 1000
8.66, 0.000100, 0.200000, 0.470000, -9.810000, 6.000000, 0.000000, 0.000000, 0.000000, 10.000000, -1.000000, 1.000000, -1.000000, 0.100000, 0.000100, 1.000000, 0.001000, 0.000010, 0.000000, 0.000000, 0.950000, -1.839298, -4.849514, -1.808526, 51.689085, 2.741058, 2.522246, 0.563972, -15.309255, 1000, 0.000100, -1.000000, -1.000000, 0.100000, 0.000100, 5.000000, 1.000000, 0.001000, 0.000010, 0.000000, 0.000000, 0.950000, 5.000000, 0.563972, -15.309255, -1.808526, 51.689085, 1000, 0.000100, 2.000000, -1.000000, -1.000000, 0.100000, 0.000100, 1.000000, 0.001000, 0.000010, 0.000000, 0.000000, 0.950000, 2.741058, 2.522246, -1.839298, -4.849514, 1000
8.67, 0.000100, 0.200000, 0.470000, -9.810000, 6.000000, 0.000000, 0.000000, 0.000000, 10.000000, -1.000000, 1.000000, -1.000000, 0.100000, 0.000100, 1.000000, 0.001000, 0.000010, 0.000000, 0.000000, 0.950000, -1.831341, -4.754700, -1.899517, 51.563221, 2.737355, 2.470939, 0.591365, -15.284263, 1000, 0.000100, -1.000000, -1.000000, 0.100000, 0.000100, 5.000000, 1.000000, 0.001000, 0.000010, 0.000000, 0.000000, 0.950000, 5.000000, 0.591365, -15.284263, -1.899517, 51.563221, 1000, 0.000100, 2.000000, -1.000000, -1.000000, 0.100000, 0.000100, 1.000000, 0.001000, 0.000010, 0.000000, 0.000000, 0.950000, 2.737355, 2.470939, -1.831341, -4.754700, 1000
8.68, 0.000100, 0.200000, 0.470000, -9.810000, 6.000000, 0.000000, 0.000000, 0.000000, 10.000000, -1.000000, 1.000000, -1.000000, 0.100000, 0.000100, 1.000000, 0.001000, 0.000010, 0.000000, 0.000000, 0.950000, -1.823275, -4.659767, -1.990272, 51.440008, 2.733569, 2.419604, 0.618722, -15.259785, 1000, 0.000100, -1.000000, -1.000000, 0.100000, 0.000100, 5.000000, 1.000000, 0.001000, 0.000010, 0.000000, 0.000000, 0.950000, 5.000000, 0.618722, -15.259785, -1.990272, 51.440008, 1000, 0.000100, 2.000000, -1.000000, -1.000000, 0.100000, 0.000100, 1.000000, 0.001000, 0.000010, 0.000000, 0.000000, 0.950000, 2.733569, 2.419604, -1.823275, -4.659767, 1000
8.69, 0.000100, 0.200000, 0.470000, -9.810000, 6.000000, 0.000000, 0.000000, 0.000000, 10.000000, -1.000000, 1.000000, -1.000000, 0.100000, 0.000100, 1.000000, 0.001000, 0.000010, 0.000000, 0.000000, 0.950000, -1.815101, -4.564721, -2.080794, 51.319449, 2.729700, 2.368241, 0.646040, -15.235820, 1000, 0.000100, -1.000000, -1.000000, 0.100000, 0.000100, 5.000000, 1.000000, 0.001000, 0.000010, 0.000000, 0.000000, 0.950000, 5.000000, 0.646040, -15.235820, -2.080794, 51.319449, 1000, 0.000100, 2.000000, -1.000000, -1.000000, 0.100000, 0.000100, 1.000000, 0.001000, 0.000010, 0.000000, 0.000000, 0.950000, 2.729700, 2.368241, -1.815101, -4.564721, 1000
8.7, 0.000100, 0.200000, 0.470000, -9.810000, 6.000000, 0.000000, 0.000000, 0.000000, 10.000000, -1.000000, 1.000000, -1.000000, 0.100000, 0.000100, 1.000000, 0.001000, 0.000010, 0.000000, 0.000000, 0.950000, -1.806822, -4.469564, -2.171085, 51.201545, 2.725749, 2.316856, 0.673320, -15.212369, 1000, 0.000100, -1.000000, -1.000000, 0.100000, 0.000100, 5.000000, 1.000000, 0.001000, 0.000010, 0.000000, 0.000000, 0.950000, 5.000000, 0.673320, -15.212369, -2.171085, 51.201545, 1000, 0.000100, 2.000000, -1.000000, -1.000000, 0.100000, 0.000100, 1.000000, 0.001000, 0.000010, 0.000000, 0.000000, 0.950000, 2.725749, 2.316856, -1.806822, -4.469564, 1000
8.71, 0.000100, 0.200000, 0.470000, -9.810000, 6.000000, 0.000000, 0.000000, 0.000000, 10.000000, -1.000000, 1.000000, -1.000000, 0.100000, 0.000100, 1.000000, 0.001000, 0.000010, 0.000000, 0.000000, 0.950000, -1.798437, -4.374300, -2.261147, 51.086297, 2.721717, 2.265449, 0.700559, -15.189432, 1000, 0.000100, -1.000000, -1.000000, 0.100000, 0.000100, 5.000000, 1.000000, 0.001000, 0.000010, 0.000000, 0.000000, 0.950000, 5.000000, 0.700559, -15.189432, -2.261147, 51.086297, 1000, 0.000100, 2.000000, -1.000000, -1.000000, 0.100000, 0.000100, 1.000000, 0.001000, 0.000010, 0.000000, 0.000000, 0.950000, 2.721717, 2.265449, -1.798437, -4.374300, 1000
8.72, 0.000100, 0.200000, 0.470000, -9.810000, 6.000000, 0.000000, 0.000000, 0.000000, 10.000000, -1.000000, 1.000000, -1.000000, 0.100000, 0.000100, 1.000000, 0.001000, 0.000010, 0.000000, 0.000000, 0.950000, -1.789949, -4.278934, -2.350982, 50.973706, 2.717602, 2.214024, 0.727758, -15.167009, 1000, 0.000100, -1.000000, -1.000000, 0.100000, 0.000100, 5.000000, 1.000000, 0.001000, 0.000010, 0.000000, 0.000000, 0.950000, 5.000000, 0.727758, -15.167009, -2.350982, 50.973706, 1000, 0.000100, 2.000000, -1.000000, -1.000000, 0.100000, 0.000100, 1.000000, 0.001000, 0.000010, 0.000000, 0.000000, 0.950000, 2.717602, 2.214024, -1.789949, -4.278934, 1000
8.73, 0.000100, 0.200000, 0.470000, -9.810000, 6.000000, 0.000000, 0.000000, 0.000000, 10.000000, -1.000000, 1.000000, -1.000000, 0.100000, 0.000100, 1.000000, 0.001000, 0.000010, 0.000000, 0.000000, 0.950000, -1.781360, -4.183470, -2.440593, 50.863773, 2.713407, 2.162583, 0.754915, -15.145100, 1000, 0.000100, -1.000000, -1.000000, 0.100000, 0.000100, 5.000000, 1.000000, 0.001000, 0.000010, 0.000000, 0.000000, 0.950000, 5.000000, 0.754915, -15.145100, -2.440593, 50.863773, 1000, 0.000100, 2.000000, -1.000000, -1.000000, 0.100000, 0.000100, 1.000000, 0.001000, 0.000010, 0.000000, 0.000000, 0.950000, 2.713407, 2.162583, -1.781360, -4.183470, 1000
8.74, 0.000100, 0.200000, 0.470000, -9.810000, 6.000000, 0.000000, 0.000000, 0.000000, 10.000000, -1.000000, 1.000000, -1.000000, 0.100000, 0.000100, 1.000000, 0.001000, 0.000010, 0.000000, 0.000000, 0.950000, -1.772669, -4.087910, -2.529982, 50.756499, 2.709131, 2.111129, 0.782029, -15.123706, 1000, 0.000100, -1.000000, -1.000000, 0.100000, 0.000100, 5.000000, 1.000000, 0.001000, 0.000010, 0.000000, 0.000000, 0.950000, 5.000000, 0.782029, -15.123706, -2.529982, 50.756499, 1000, 0.000100, 2.000000, -1.000000, -1.000000, 0.100000, 0.000100, 1.000000, 0.001000, 0.000010, 0.000000, 0.000000, 0.950000, 2.709131, 2.111129, -1.772669, -4.087910, 1000
8.75, 0.000100, 0.200000, 0.470000, -9.810000, 6.000000, 0.000000, 0.000000, 0.000000, 10.000000, -1.000000, 1.000000, -1.000000, 0.100000, 0.000100, 1.000000, 0.001000, 0.000010, 0.000000, 0.000000, 0.950000, -1.763880, -3.992260, -2.619151, 50.651883, 2.704774, 2.059666, 0.809101, -15.102826, 1000, 0.000100, -1.000000, -1.000000, 0.100000, 0.000100, 5.000000, 1.000000, 0.001000, 0.000010, 0.000000, 0.000000, 0.950000, 5.000000, 0.809101, -15.102826, -2.619151, 50.651883, 1000, 0.000100, 2.000000, -1.000000, -1.000000, 0.100000, 0.000100, 1.000000, 0.001000, 0.000010, 0.000000, 0.000000, 0.950000, 2.704774, 2.059666, -1.763880, -3.992260, 1000
8.76, 0.000100, 0.200000, 0.470000, -9.810000, 6.000000, 0.000000, 0.000000, 0.000000, 10.000000, -1.000000, 1.000000, -1.000000, 0.100000, 0.000100, 1.000000, 0.001000, 0.000010, 0.000000, 0.000000, 0.950000, -1.754993, -3.896523, -2.708103, 50.549928, 2.700337, 2.008195, 0.836129, -15.082461, 1000, 0.000100, -1.000000, -1.000000, 0.100000, 0.000100, 5.000000, 1.000000, 0.001000, 0.000010, 0.000000, 0.000000, 0.950000, 5.000000, 0.836129, -15.082461, -2.708103, 50.549928, 1000, 0.000100, 2.000000, -1.000000, -1.000000, 0.100000, 0.000100, 1.000000, 0.001000, 0.000010, 0.000000, 0.000000, 0.950000, 2.700337, 2.008195, -1.754993, -3.896523, 1000
8.77, 0.000100, 0.200000, 0.470000, -9.810000, 6.000000, 0.000000, 0.000000, 0.000000, 10.000000, -1.000000, 1.000000, -1.000000, 0.100000, 0.000100, 1.000000, 0.001000, 0.000010, 0.000000, 0.000000, 0.950000, -1.746009, -3.800703, -2.796840, 50.450632, 2.695820, 1.956719, 0.863112, -15.062610, 1000, 0.000100, -1.000000, -1.000000, 0.100000, 0.000100, 5.000000, 1.000000, 0.001000, 0.000010, 0.000000, 0.000000, 0.950000, 5.000000, 0.863112, -15.062610, -2.796840, 50.450632, 1000, 0.000100, 2.000000, -1.000000, -1.000000, 0.100000, 0.000100, 1.000000, 0.001000, 0.000010, 0.000000, 0.000000, 0.950000, 2.695820, 1.956719, -1.746009, -3.800703, 1000
8.78, 0.000100, 0.200000, 0.470000, -9.810000, 6.000000, 0.000000, 0.000000, 0.000000, 10.000000, -1.000000, 1.000000, -1.000000, 0.100000, 0.000100, 1.000000, 0.001000, 0.000010, 0.000000, 0.000000, 0.950000, -1.736931, -3.704804, -2.885366, 50.353995, 2.691224, 1.905241, 0.890050, -15.043275, 1000, 0.000100, -1.000000, -1.000000, 0.100000, 0.000100, 5.000000, 1.000000, 0.001000, 0.000010, 0.000000, 0.000000, 0.950000, 5.000000, 0.890050, -15.043275, -2.885366, 50.353995, 1000, 0.000100, 2.000000, -1.000000, -1.000000, 0.100000, 0.000100, 1.000000, 0.001000, 0.000010, 0.000000, 0.000000, 0.950000, 2.691224, 1.905241, -1.736931, -3.704804, 1000
8.79, 0.000100, 0.200000, 0.470000, -9.810000, 6.000000, 0.000000, 0.000000, 0.000000, 10.000000, -1.000000, 1.000000, -1.000000, 0.100000, 0.000100, 1.000000, 0.001000, 0.000010, 0.000000, 0.000000, 0.950000, -1.727760, -3.608830, -2.973681, 50.260018, 2.686548, 1.853764, 0.916941, -15.024454, 1000, 0.000100, -1.000000, -1.000000, 0.100000, 0.000100, 5.000000, 1.000000, 0.001000, 0.000010, 0.000000, 0.000000, 0.950000, 5.000000, 0.916941, -15.024454, -2.973681, 50.260018, 1000, 0.000100, 2.000000, -1.000000, -1.000000, 0.100000, 0.000100, 1.000000, 0.001000, 0.000010, 0.000000, 0.000000, 0.950000, 2.686548, 1.853764, -1.727760, -3.608830, 1000
8.8, 0.000100, 0.200000, 0.470000, -9.810000, 6.000000, 0.000000, 0.000000, 0.000000, 10.000000, -1.000000, 1.000000, -1.000000, 0.100000, 0.000100, 1.000000, 0.001000, 0.000010, 0.000000, 0.000000, 0.950000, -1.718497, -3.512786, -3.061790, 50.168699, 2.681794, 1.802291, 0.943785, -15.006148, 1000, 0.000100, -1.000000, -1.000000, 0.100000, 0.000100, 5.000000, 1.000000, 0.001000, 0.000010, 0.000000, 0.000000, 0.950000, 5.000000, 0.943785, -15.006148, -3.061790, 50.168699, 1000, 0.000100, 2.000000, -1.000000, -1.000000, 0.100000, 0.000100, 1.000000, 0.001000, 0.000010, 0.000000, 0.000000, 0.950000, 2.681794, 1.802291, -1.718497, -3.512786, 1000
8.81, 0.000100, 0.200000, 0.470000, -9.810000, 6.000000, 0.000000, 0.000000, 0.000000, 10.000000, -1.000000, 1.000000, -1.000000, 0.100000, 0.000100, 1.000000, 0.001000, 0.000010, 0.000000, 0.000000, 0.950000, -1.709144, -3.416675, -3.149694, 50.080039, 2.676960, 1.750823, 0.970581, -14.988357, 1000, 0.000100, -1.000000, -1.000000, 0.100000, 0.000100, 5.000000, 1.000000, 0.001000, 0.000010, 0.000000, 0.000000, 0.950000, 5.000000, 0.970581, -14.988357, -3.149694, 50.080039, 1000, 0.000100, 2.000000, -1.000000, -1.000000, 0.100000, 0.000100, 1.000000, 0.001000, 0.000010, 0.000000, 0.000000, 0.950000, 2.676960, 1.750823, -1.709144, -3.416675, 1000
8.82, 0.000100, 0.200000, 0.470000, -9.810000, 6.000000, 0.000000, 0.000000, 0.000000, 10.000000, -1.000000, 1.000000, -1.000000, 0.100000, 0.000100, 1.000000, 0.001000, 0.000010, 0.000000, 0.000000, 0.950000, -1.699703, -3.320502, -3.237397, 49.994036, 2.672049, 1.699365, 0.997328, -14.971080, 1000, 0.000100, -1.000000, -1.000000, 0.100000, 0.000100, 5.000000, 1.000000, 0.001000, 0.000010, 0.000000, 0.000000, 0.950000, 5.000000, 0.997328, -14.971080, -3.237397, 49.994036, 1000, 0.000100, 2.000000, -1.000000, -1.000000, 0.100000, 0.000100, 1.000000, 0.001000, 0.000010, 0.000000, 0.000000, 0.950000, 2.672049, 1.699365, -1.699703, -3.320502, 1000
8.83, 0.000100, 0.200000, 0.470000, -9.810000, 6.000000, 0.000000, 0.000000, 0.000000, 10.000000, -1.000000, 1.000000, -1.000000, 0.100000, 0.000100, 1.000000, 0.001000, 0.000010, 0.000000, 0.000000, 0.950000, -1.690175, -3.224271, -3.324901, 49.910690, 2.667059, 1.647918, 1.024027, -14.954318, 1000, 0.000100, -1.000000, -1.000000, 0.100000, 0.000100, 5.000000, 1.000000, 0.001000, 0.000010, 0.000000, 0.000000, 0.950000, 5.000000, 1.024027, -14.954318, -3.324901, 49.910690, 1000, 0.000100, 2.000000, -1.000000, -1.000000, 0.100000, 0.000100, 1.000000, 0.001000, 0.000010, 0.000000, 0.000000, 0.950000, 2.667059, 1.647918, -1.690175, -3.224271, 1000
8.84, 0.000100, 0.200000, 0.470000, -9.810000, 6.000000, 0.000000, 0.000000, 0.000000, 10.000000, -1.000000, 1.000000, -1.000000, 0.100000, 0.000100, 1.000000, 0.001000, 0.000010, 0.000000, 0.000000, 0.950000, -1.680561, -3.127985, -3.412208, 49.829999, 2.661991, 1.596485, 1.050674, -14.938070, 1000, 0.000100, -1.000000, -1.000000, 0.100000, 0.000100, 5.000000, 1.000000, 0.001000, 0.000010, 0.000000, 0.000000, 0.950000, 5.000000, 1.050674, -14.938070, -3.412208, 49.829999, 1000, 0.000100, 2.000000, -1.000000, -1.000000, 0.100000, 0.000100, 1.000000, 0.001000, 0.000010, 0.000000, 0.000000, 0.950000, 2.661991, 1.596485, -1.680561, -3.127985, 1000
8.85, 0.000100, 0.200000, 0.470000, -9.810000, 6.000000, 0.000000, 0.000000, 0.000000, 10.000000, -1.000000, 1.000000, -1.000000, 0.100000, 0.000100, 1.000000, 0.001000, 0.000010, 0.000000, 0.000000, 0.950000, -1.670865, -3.031650, -3.499321, 49.751961, 2.656846, 1.545068, 1.077271, -14.922337, 1000, 0.000100, -1.000000, -1.000000, 0.100000, 0.000100, 5.000000, 1.000000, 0.001000, 0.000010, 0.000000, 0.000000, 0.950000, 5.000000, 1.077271, -14.922337, -3.499321, 49.751961, 1000, 0.000100, 2.000000, -1.000000, -1.000000, 0.100000, 0.000100, 1.000000, 0.001000, 0.000010, 0.000000, 0.000000, 0.950000, 2.656846, 1.545068, -1.670865, -3.031650, 1000
8.86, 0.000100, 0.200000, 0.470000, -9.810000, 6.000000, 0.000000, 0.000000, 0.000000, 10.000000, -1.000000, 1.000000, -1.000000, 0.100000, 0.000100, 1.000000, 0.001000, 0.000010, 0.000000, 0.000000, 0.950000, -1.661086, -2.935269, -3.586244, 49.676577, 2.651624, 1.493671, 1.103816, -14.907117, 1000, 0.000100, -1.000000, -1.000000, 0.100000, 0.000100, 5.000000, 1.000000, 0.001000, 0.000010, 0.000000, 0.000000, 0.950000, 5.000000, 1.103816, -14.907117, -3.586244, 49.676577, 1000, 0.000100, 2.000000, -1.000000, -1.000000, 0.100000, 0.000100, 1.000000, 0.001000, 0.000010, 0.000000, 0.000000, 0.950000, 2.651624, 1.493671, -1.661086, -2.935269, 1000
8.87, 0.000100, 0.200000, 0.470000, -9.810000, 6.000000, 0.000000, 0.000000, 0.000000, 10.000000, -1.000000, 1.000000, -1.000000, 0.100000, 0.000100, 1.000000, 0.001000, 0.000010, 0.000000, 0.000000, 0.950000, -1.651227, -2.838847, -3.672978, 49.603842, 2.646325, 1.442297, 1.130308, -14.892412, 1000, 0.000100, -1.000000, -1.000000, 0.100000, 0.000100, 5.000000, 1.000000, 0.001000, 0.000010, 0.000000, 0.000000, 0.950000, 5.000000, 1.130308, -14.892412, -3.672978, 49.603842, 1000, 0.000100, 2.000000, -1.000000, -1.000000, 0.100000, 0.000100, 1.000000, 0.001000, 0.000010, 0.000000, 0.000000, 0.950000, 2.646325, 1.442297, -1.651227, -2.838847, 1000
8.88, 0.000100, 0.200000, 0.470000, -9.810000, 6.000000, 0.000000, 0.000000, 0.000000, 10.000000, -1.000000, 1.000000, -1.000000, 0.100000, 0.000100, 1.000000, 0.001000, 0.000010, 0.000000, 0.000000, 0.950000, -1.641290, -2.742388, -3.759527, 49.533757, 2.640949, 1.390947, 1.156747, -14.878220, 1000, 0.000100, -1.000000, -1.000000, 0.100000, 0.000100, 5.000000, 1.000000, 0.001000, 0.000010, 0.000000, 0.000000, 0.950000, 5.000000, 1.156747, -14.878220, -3.759527, 49.533757, 1000, 0.000100, 2.000000, -1.000000, -1.000000, 0.100000, 0.000100, 1.000000, 0.001000, 0.000010, 0.000000, 0.000000, 0.950000, 2.640949, 1.390947, -1.641290, -2.742388, 1000
8.89, 0.000100, 0.200000, 0.470000, -9.810000, 6.000000, 0.000000, 0.000000, 0.000000, 10.000000, -1.000000, 1.000000, -1.000000, 0.100000, 0.000100, 1.000000, 0.001000, 0.000010, 0.000000, 0.000000, 0.950000, -1.631275, -2.645896, -3.845893, 49.466318, 2.635497, 1.339624, 1.183132, -14.864542, 1000, 0.000100, -1.000000, -1.000000, 0.100000, 0.000100, 5.000000, 1.000000, 0.001000, 0.000010, 0.000000, 0.000000, 0.950000, 5.000000, 1.183132, -14.864542, -3.845893, 49.466318, 1000, 0.000100, 2.000000, -1.000000, -1.000000, 0.100000, 0.000100, 1.000000, 0.001000, 0.000010, 0.000000, 0.000000, 0.950000, 2.635497, 1.339624, -1.631275, -2.645896, 1000
8.9, 0.000100, 0.200000, 0.470000, -9.810000, 6.000000, 0.000000, 0.000000, 0.000000, 10.000000, -1.000000, 1.000000, -1.000000, 0.100000, 0.000100, 1.000000, 0.001000, 0.000010, 0.000000, 0.000000, 0.950000, -1.621186, -2.549376, -3.932079, 49.401524, 2.629969, 1.288332, 1.209463, -14.851376, 1000, 0.000100, -1.000000, -1.000000, 0.100000, 0.000100, 5.000000, 1.000000, 0.001000, 0.000010, 0.000000, 0.000000, 0.950000, 5.000000, 1.209463, -14.851376, -3.932079, 49.401524, 1000, 0.000100, 2.000000, -1.000000, -1.000000, 0.100000, 0.000100, 1.000000, 0.001000, 0.000010, 0.000000, 0.000000, 0.950000, 2.629969, 1.288332, -1.621186, -2.549376, 1000
8.91, 0.000100, 0.200000, 0.470000, -9.810000, 6.000000, 0.000000, 0.000000, 0.000000, 10.000000, -1.000000, 1.000000, -1.000000, 0.100000, 0.000100, 1.000000, 0.001000, 0.000010, 0.000000, 0.000000, 0.950000, -1.611024, -2.452832, -4.018087, 49.339372, 2.624364, 1.237072, 1.235737, -14.838723, 1000, 0.000100, -1.000000, -1.000000, 0.100000, 0.000100, 5.000000, 1.000000, 0.001000, 0.000010, 0.000000, 0.000000, 0.950000, 5.000000, 1.235737, -14.838723, -4.018087, 49.339372, 1000, 0.000100, 2.000000, -1.000000, -1.000000, 0.100000, 0.000100, 1.000000, 0.001000, 0.000010, 0.000000, 0.000000, 0.950000, 2.624364, 1.237072, -1.611024, -2.452832, 1000
8.92, 0.000100, 0.200000, 0.470000, -9.810000, 6.000000, 0.000000, 0.000000, 0.000000, 10.000000, -1.000000, 1.000000, -1.000000, 0.100000, 0.000100, 1.000000, 0.001000, 0.000010, 0.000000, 0.000000, 0.950000, -1.600790, -2.356269, -4.103921, 49.279859, 2.618685, 1.185848, 1.261955, -14.826583, 1000, 0.000100, -1.000000, -1.000000, 0.100000, 0.000100, 5.000000, 1.000000, 0.001000, 0.000010, 0.000000, 0.000000, 0.950000, 5.000000, 1.261955, -14.826583, -4.103921, 49.279859, 1000, 0.000100, 2.000000, -1.000000, -1.000000, 0.100000, 0.000100, 1.000000, 0.001000, 0.000010, 0.000000, 0.000000, 0.950000, 2.618685, 1.185848, -1.600790, -2.356269, 1000
8.93, 0.000100, 0.200000, 0.470000, -9.810000, 6.000000, 0.000000, 0.000000, 0.000000, 10.000000, -1.000000, 1.000000, -1.000000, 0.100000, 0.000100, 1.000000, 0.001000, 0.000010, 0.000000, 0.000000, 0.950000, -1.590487, -2.259690, -4.189582, 49.222983, 2.612929, 1.134662, 1.288116, -14.814955, 1000, 0.000100, -1.000000, -1.000000, 0.100000, 0.000100, 5.000000, 1.000000, 0.001000, 0.000010, 0.000000, 0.000000, 0.950000, 5.000000, 1.288116, -14.814955, -4.189582, 49.222983, 1000, 0.000100, 2.000000, -1.000000, -1.000000, 0.100000, 0.000100, 1.000000, 0.001000, 0.000010, 0.000000, 0.000000, 0.950000, 2.612929, 1.134662, -1.590487, -2.259690, 1000
8.94, 0.000100, 0.200000, 0.470000, -9.810000, 6.000000, 0.000000, 0.000000, 0.000000, 10.000000, -1.000000, 1.000000, -1.000000, 0.100000, 0.000100, 1.000000, 0.001000, 0.000010, 0.000000, 0.000000, 0.950000, -1.580115, -2.163102, -4.275075, 49.168740, 2.607099, 1.083516, 1.314219, -14.803839, 1000, 0.000100, -1.000000, -1.000000, 0.100000, 0.000100, 5.000000, 1.000000, 0.001000, 0.000010, 0.000000, 0.000000, 0.950000, 5.000000, 1.314219, -14.803839, -4.275075, 49.168740, 1000, 0.000100, 2.000000, -1.000000, -1.000000, 0.100000, 0.000100, 1.000000, 0.001000, 0.000010, 0.000000, 0.000000, 0.950000, 2.607099, 1.083516, -1.580115, -2.163102, 1000
8.95, 0.000100, 0.200000, 0.470000, -9.810000, 6.000000, 0.000000, 0.000000, 0.000000, 10.000000, -1.000000, 1.000000, -1.000000, 0.100000, 0.000100, 1.000000, 0.001000, 0.000010, 0.000000, 0.000000, 0.950000, -1.569678, -2.066507, -4.360401, 49.117128, 2.601194, 1.032413, 1.340263, -14.793233, 1000, 0.000100, -1.000000, -1.000000, 0.100000, 0.000100, 5.000000, 1.000000, 0.001000, 0.000010, 0.000000, 0.000000, 0.950000, 5.000000, 1.340263, -14.793233, -4.360401, 49.117128, 1000, 0.000100, 2.000000, -1.000000, -1.000000, 0.100000, 0.000100, 1.000000, 0.001000, 0.000010, 0.000000, 0.000000, 0.950000, 2.601194, 1.032413, -1.569678, -2.066507, 1000
8.96, 0.000100, 0.200000, 0.470000, -9.810000, 6.000000, 0.000000, 0.000000, 0.000000, 10.000000, -1.000000, 1.000000, -1.000000, 0.100000, 0.000100, 1.000000, 0.001000, 0.000010, 0.000000, 0.000000, 0.950000, -1.559176, -1.969911, -4.445562, 49.068144, 2.595214, 0.981356, 1.366249, -14.783139, 1000, 0.000100, -1.000000, -1.000000, 0.100000, 0.000100, 5.000000, 1.000000, 0.001000, 0.000010, 0.000000, 0.000000, 0.950000, 5.000000, 1.366249, -14.783139, -4.445562, 49.068144, 1000, 0.000100, 2.000000, -1.000000, -1.000000, 0.100000, 0.000100, 1.000000, 0.001000, 0.000010, 0.000000, 0.000000, 0.950000, 2.595214, 0.981356, -1.559176, -1.969911, 1000
8.97, 0.000100, 0.200000, 0.470000, -9.810000, 6.000000, 0.000000, 0.000000, 0.000000, 10.000000, -1.000000, 1.000000, -1.000000, 0.100000, 0.000100, 1.000000, 0.001000, 0.000010, 0.000000, 0.000000, 0.950000, -1.548613, -1.873318, -4.530563, 49.021783, 2.589159, 0.930348, 1.392173, -14.773555, 1000, 0.000100, -1.000000, -1.000000, 0.100000, 0.000100, 5.000000, 1.000000, 0.001000, 0.000010, 0.000000, 0.000000, 0.950000, 5.000000, 1.392173, -14.773555, -4.530563, 49.021783, 1000, 0.000100, 2.000000, -1.000000, -1.000000, 0.100000, 0.000100, 1.000000, 0.001000, 0.000010, 0.000000, 0.000000, 0.950000, 2.589159, 0.930348, -1.548613, -1.873318, 1000
8.98, 0.000100, 0.200000, 0.470000, -9.810000, 6.000000, 0.000000, 0.000000, 0.000000, 10.000000, -1.000000, 1.000000, -1.000000, 0.100000, 0.000100, 1.000000, 0.001000, 0.000010, 0.000000, 0.000000, 0.950000, -1.537988, -1.776733, -4.615404, 48.978042, 2.583031, 0.879390, 1.418037, -14.764481, 1000, 0.000100, -1.000000, -1.000000, 0.100000, 0.000100, 5.000000, 1.000000, 0.001000, 0.000010, 0.000000, 0.000000, 0.950000, 5.000000, 1.418037, -14.764481, -4.615404, 48.978042, 1000, 0.000100, 2.000000, -1.000000, -1.000000, 0.100000, 0.000100, 1.000000, 0.001000, 0.000010, 0.000000, 0.000000, 0.950000, 2.583031, 0.879390, -1.537988, -1.776733, 1000
8.99, 0.000100, 0.200000, 0.470000, -9.810000, 6.000000, 0.000000, 0.000000, 0.000000, 10.000000, -1.000000, 1.000000, -1.000000, 0.100000, 0.000100, 1.000000, 0.001000, 0.000010, 0.000000, 0.000000, 0.950000, -1.527305, -1.680161, -4.700090, 48.936918, 2.576828, 0.828486, 1.443840, -14.755916, 1000, 0.000100, -1.000000, -1.000000, 0.100000, 0.000100, 5.000000, 1.000000, 0.001000, 0.000010, 0.000000, 0.000000, 0.950000, 5.000000, 1.443840, -14.755916, -4.700090, 48.936918, 1000, 0.000100, 2.000000, -1.000000, -1.000000, 0.100000, 0.000100, 1.000000, 0.001000, 0.000010, 0.000000, 0.000000, 0.950000, 2.576828, 0.828486, -1.527305, -1.680161, 1000
9, 0.000100, 0.200000, 0.470000, -9.810000, 6.000000, 0.000000, 0.000000, 0.000000, 10.000000, -1.000000, 1.000000, -1.000000, 0.100000, 0.000100, 1.000000, 0.001000, 0.000010, 0.000000, 0.000000, 0.950000, -1.516565, -1.583605, -4.784621, 48.898406, 2.570552, 0.777638, 1.469580, -14.747860, 1000, 0.000100, -1.000000, -1.000000, 0.100000, 0.000100, 5.000000, 1.000000, 0.001000, 0.000010, 0.000000, 0.000000, 0.950000, 5.000000, 1.469580, -14.747860, -4.784621, 48.898406, 1000, 0.000100, 2.000000, -1.000000, -1.000000, 0.100000, 0.000100, 1.000000, 0.001000, 0.000010, 0.000000, 0.000000, 0.950000, 2.570552, 0.777638, -1.516565, -1.583605, 1000
9.01, 0.000100, 0.200000, 0.470000, -9.810000, 6.000000, 0.000000, 0.000000, 0.000000, 10.000000, -1.000000, 1.000000, -1.000000, 0.100000, 0.000100, 1.000000, 0.001000, 0.000010, 0.000000, 0.000000, 0.950000, -1.505771, -1.487072, -4.869001, 48.862502, 2.564202, 0.726849, 1.495257, -14.740312, 1000, 0.000100, -1.000000, -1.000000, 0.100000, 0.000100, 5.000000, 1.000000, 0.001000, 0.000010, 0.000000, 0.000000, 0.950000, 5.000000, 1.495257, -14.740312, -4.869001, 48.862502, 1000, 0.000100, 2.000000, -1.000000, -1.000000, 0.100000, 0.000100, 1.000000, 0.001000, 0.000010, 0.000000, 0.000000, 0.950000, 2.564202, 0.726849, -1.505771, -1.487072, 1000
9.02, 0.000100, 0.200000, 0.470000, -9.810000, 6.000000, 0.000000, 0.000000, 0.000000, 10.000000, -1.000000, 1.000000, -1.000000, 0.100000, 0.000100, 1.000000, 0.001000, 0.000010, 0.000000, 0.000000, 0.950000, -1.494923, -1.390565, -4.953233, 48.829202, 2.557779, 0.676120, 1.520870, -14.733272, 1000, 0.000100, -1.000000, -1.000000, 0.100000, 0.000100, 5.000000, 1.000000, 0.001000, 0.000010, 0.000000, 0.000000, 0.950000, 5.000000, 1.520870, -14.733272, -4.953233, 48.829202, 1000, 0.000100, 2.000000, -1.000000, -1.000000, 0.100000, 0.000100, 1.000000, 0.001000, 0.000010, 0.000000, 0.000000, 0.950000, 2.557779, 0.676120, -1.494923, -1.390565, 1000
9.03, 0.000100, 0.200000, 0.470000, -9.810000, 6.000000, 0.000000, 0.000000, 0.000000, 10.000000, -1.000000, 1.000000, -1.000000, 0.100000, 0.000100, 1.000000, 0.001000, 0.000010, 0.000000, 0.000000, 0.950000, -1.484025, -1.294089, -5.037318, 48.798502, 2.551283, 0.625456, 1.546418, -14.726739, 1000, 0.000100, -1.000000, -1.000000, 0.100000, 0.000100, 5.000000, 1.000000, 0.001000, 0.000010, 0.000000, 0.000000, 0.950000, 5.000000, 1.546418, -14.726739, -5.037318, 48.798502, 1000, 0.000100, 2.000000, -1.000000, -1.000000, 0.100000, 0.000100, 1.000000, 0.001000, 0.000010, 0.000000, 0.000000, 0.950000, 2.551283, 0.625456, -1.484025, -1.294089, 1000
9.04, 0.000100, 0.200000, 0.470000, -9.810000, 6.000000, 0.000000, 0.000000, 0.000000, 10.000000, -1.000000, 1.000000, -1.000000, 0.100000, 0.000100, 1.000000, 0.001000, 0.000010, 0.000000, 0.000000, 0.950000, -1.473077, -1.197650, -5.121259, 48.770397, 2.544713, 0.574858, 1.571902, -14.720712, 1000, 0.000100, -1.000000, -1.000000, 0.100000, 0.000100, 5.000000, 1.000000, 0.001000, 0.000010, 0.000000, 0.000000, 0.950000, 5.000000, 1.571902, -14.720712, -5.121259, 48.770397, 1000, 0.000100, 2.000000, -1.000000, -1.000000, 0.100000, 0.000100, 1.000000, 0.001000, 0.000010, 0.000000, 0.000000, 0.950000, 2.544713, 0.574858, -1.473077, -1.197650, 1000
9.05, 0.000100, 0.200000, 0.470000, -9.810000, 6.000000, 0.000000, 0.000000, 0.000000, 10.000000, -1.000000, 1.000000, -1.000000, 0.100000, 0.000100, 1.000000, 0.001000, 0.000010, 0.000000, 0.000000, 0.950000, -1.462083, -1.101251, -5.205058, 48.744881, 2.538071, 0.524328, 1.597319, -14.715191, 1000, 0.000100, -1.000000, -1.000000, 0.100000, 0.000100, 5.000000, 1.000000, 0.001000, 0.000010, 0.000000, 0.000000, 0.950000, 5.000000, 1.597319, -14.715191, -5.205058, 48.744881, 1000, 0.000100, 2.000000, -1.000000, -1.000000, 0.100000, 0.000100, 1.000000, 0.001000, 0.000010, 0.000000, 0.000000, 0.950000, 2.538071, 0.524328, -1.462083, -1.101251, 1000
9.06, 0.000100, 0.200000, 0.470000, -9.810000, 6.000000, 0.000000, 0.000000, 0.000000, 10.000000, -1.000000, 1.000000, -1.000000, 0.100000, 0.000100, 1.000000, 0.001000, 0.000010, 0.000000, 0.000000, 0.950000, -1.451043, -1.004899, -5.288718, 48.721951, 2.531357, 0.473870, 1.622669, -14.710174, 1000, 0.000100, -1.000000, -1.000000, 0.100000, 0.000100, 5.000000, 1.000000, 0.001000, 0.000010, 0.000000, 0.000000, 0.950000, 5.000000, 1.622669, -14.710174, -5.288718, 48.721951, 1000, 0.000100, 2.000000, -1.000000, -1.000000, 0.100000, 0.000100, 1.000000, 0.001000, 0.000010, 0.000000, 0.000000, 0.950000, 2.531357, 0.473870, -1.451043, -1.004899, 1000
9.07, 0.000100, 0.200000, 0.470000, -9.810000, 6.000000, 0.000000, 0.000000, 0.000000, 10.000000, -1.000000, 1.000000, -1.000000, 0.100000, 0.000100, 1.000000, 0.001000, 0.000010, 0.000000, 0.000000, 0.950000, -1.439960, -0.908597, -5.372241, 48.701600, 2.524570, 0.423485, 1.647953, -14.705663, 1000, 0.000100, -1.000000, -1.000000, 0.100000, 0.000100, 5.000000, 1.000000, 0.001000, 0.000010, 0.000000, 0.000000, 0.950000, 5.000000, 1.647953, -14.705663, -5.372241, 48.701600, 1000, 0.000100, 2.000000, -1.000000, -1.000000, 0.100000, 0.000100, 1.000000, 0.001000, 0.000010, 0.000000, 0.000000, 0.950000, 2.524570, 0.423485, -1.439960, -0.908597, 1000
9.08, 0.000100, 0.200000, 0.470000, -9.810000, 6.000000, 0.000000, 0.000000, 0.000000, 10.000000, -1.000000, 1.000000, -1.000000, 0.100000, 0.000100, 1.000000, 0.001000, 0.000010, 0.000000, 0.000000, 0.950000, -1.428835, -0.812350, -5.455628, 48.683824, 2.517711, 0.373177, 1.673167, -14.701654, 1000, 0.000100, -1.000000, -1.000000, 0.100000, 0.000100, 5.000000, 1.000000, 0.001000, 0.000010, 0.000000, 0.000000, 0.950000, 5.000000, 1.673167, -14.701654, -5.455628, 48.683824, 1000, 0.000100, 2.000000, -1.000000, -1.000000, 0.100000, 0.000100, 1.000000, 0.001000, 0.000010, 0.000000, 0.000000, 0.950000, 2.517711, 0.373177, -1.428835, -0.812350, 1000
9.09, 0.000100, 0.200000, 0.470000, -9.810000, 6.000000, 0.000000, 0.000000, 0.000000, 10.000000, -1.000000, 1.000000, -1.000000, 0.100000, 0.000100, 1.000000, 0.001000, 0.000010, 0.000000, 0.000000, 0.950000, -1.417672, -0.716164, -5.538883, 48.668618, 2.510779, 0.322948, 1.698313, -14.698148, 1000, 0.000100, -1.000000, -1.000000, 0.100000, 0.000100, 5.000000, 1.000000, 0.001000, 0.000010, 0.000000, 0.000000, 0.950000, 5.000000, 1.698313, -14.698148, -5.538883, 48.668618, 1000, 0.000100, 2.000000, -1.000000, -1.000000, 0.100000, 0.000100, 1.000000, 0.001000, 0.000010, 0.000000, 0.000000, 0.950000, 2.510779, 0.322948, -1.417672, -0.716164, 1000
9.1, 0.000100, 0.200000, 0.470000, -9.810000, 6.000000, 0.000000, 0.000000, 0.000000, 10.000000, -1.000000, 1.000000, -1.000000, 0.100000, 0.000100, 1.000000, 0.001000, 0.000010, 0.000000, 0.000000, 0.950000, -1.406470, -0.620043, -5.622007, 48.655975, 2.503776, 0.272800, 1.723390, -14.695144, 1000, 0.000100, -1.000000, -1.000000, 0.100000, 0.000100, 5.000000, 1.000000, 0.001000, 0.000010, 0.000000, 0.000000, 0.950000, 5.000000, 1.723390, -14.695144, -5.622007, 48.655975, 1000, 0.000100, 2.000000, -1.000000, -1.000000, 0.100000, 0.000100, 1.000000, 0.001000, 0.000010, 0.000000, 0.000000, 0.950000, 2.503776, 0.272800, -1.406470, -0.620043, 1000
9.11, 0.000100, 0.200000, 0.470000, -9.810000, 6.000000, 0.000000, 0.000000, 0.000000, 10.000000, -1.000000, 1.000000, -1.000000, 0.100000, 0.000100, 1.000000, 0.001000, 0.000010, 0.000000, 0.000000, 0.950000, -1.395234, -0.523993, -5.705001, 48.645890, 2.496702, 0.222735, 1.748395, -14.692642, 1000, 0.000100, -1.000000, -1.000000, 0.100000, 0.000100, 5.000000, 1.000000, 0.001000, 0.000010, 0.000000, 0.000000, 0.950000, 5.000000, 1.748395, -14.692642, -5.705001, 48.645890, 1000, 0.000100, 2.000000, -1.000000, -1.000000, 0.100000, 0.000100, 1.000000, 0.001000, 0.000010, 0.000000, 0.000000, 0.950000, 2.496702, 0.222735, -1.395234, -0.523993, 1000
9.12, 0.000100, 0.200000, 0.470000, -9.810000, 6.000000, 0.000000, 0.000000, 0.000000, 10.000000, -1.000000, 1.000000, -1.000000, 0.100000, 0.000100, 1.000000, 0.001000, 0.000010, 0.000000, 0.000000, 0.950000, -1.383964, -0.428018, -5.787869, 48.638358, 2.489556, 0.172757, 1.773330, -14.690639, 1000, 0.000100, -1.000000, -1.000000, 0.100000, 0.000100, 5.000000, 1.000000, 0.001000, 0.000010, 0.000000, 0.000000, 0.950000, 5.000000, 1.773330, -14.690639, -5.787869, 48.638358, 1000, 0.000100, 2.000000, -1.000000, -1.000000, 0.100000, 0.000100, 1.000000, 0.001000, 0.000010, 0.000000, 0.000000, 0.950000, 2.489556, 0.172757, -1.383964, -0.428018, 1000
9.13, 0.000100, 0.200000, 0.470000, -9.810000, 6.000000, 0.000000, 0.000000, 0.000000, 10.000000, -1.000000, 1.000000, -1.000000, 0.100000, 0.000100, 1.000000, 0.001000, 0.000010, 0.000000, 0.000000, 0.950000, -1.372663, -0.332124, -5.870611, 48.633371, 2.482338, 0.122867, 1.798193, -14.689136, 1000, 0.000100, -1.000000, -1.000000, 0.100000, 0.000100, 5.000000, 1.000000, 0.001000, 0.000010, 0.000000, 0.000000, 0.950000, 5.000000, 1.798193, -14.689136, -5.870611, 48.633371, 1000, 0.000100, 2.000000, -1.000000, -1.000000, 0.100000, 0.000100, 1.000000, 0.001000, 0.000010, 0.000000, 0.000000, 0.950000, 2.482338, 0.122867, -1.372663, -0.332124, 1000
9.14, 0.000100, 0.200000, 0.470000, -9.810000, 6.000000, 0.000000, 0.000000, 0.000000, 10.000000, -1.000000, 1.000000, -1.000000, 0.100000, 0.000100, 1.000000, 0.001000, 0.000010, 0.000000, 0.000000, 0.950000, -1.361332, -0.236315, -5.953230, 48.630925, 2.475050, 0.073068, 1.822984, -14.688132, 1000, 0.000100, -1.000000, -1.000000, 0.100000, 0.000100, 5.000000, 1.000000, 0.001000, 0.000010, 0.000000, 0.000000, 0.950000, 5.000000, 1.822984, -14.688132, -5.953230, 48.630925, 1000, 0.000100, 2.000000, -1.000000, -1.000000, 0.100000, 0.000100, 1.000000, 0.001000, 0.000010, 0.000000, 0.000000, 0.950000, 2.475050, 0.073068, -1.361332, -0.236315, 1000
9.15, 0.000100, 0.200000, 0.470000, -9.810000, 6.000000, 0.000000, 0.000000, 0.000000, 10.000000, -1.000000, 1.000000, -1.000000, 0.100000, 0.000100, 1.000000, 0.001000, 0.000010, 0.000000, 0.000000, 0.950000, -1.349974, -0.140597, -6.035727, 48.631012, 2.467690, 0.023363, 1.847701, -14.687625, 1000, 0.000100, -1.000000, -1.000000, 0.100000, 0.000100, 5.000000, 1.000000, 0.001000, 0.000010, 0.000000, 0.000000, 0.950000, 5.000000, 1.847701, -14.687625, -6.035727, 48.631012, 1000, 0.000100, 2.000000, -1.000000, -1.000000, 0.100000, 0.000100, 1.000000, 0.001000, 0.000010, 0.000000, 0.000000, 0.950000, 2.467690, 0.023363, -1.349974, -0.140597, 1000
9.16, 0.000100, 0.200000, 0.470000, -9.810000, 6.000000, 0.000000, 0.000000, 0.000000, 10.000000, -1.000000, 1.000000, -1.000000, 0.100000, 0.000100, 1.000000, 0.001000, 0.000010, 0.000000, 0.000000, 0.950000, -1.338590, -0.044974, -6.118104, 48.633626, 2.460259, -0.026247, 1.872345, -14.687614, 1000, 0.000100, -1.000000, -1.000000, 0.100000, 0.000100, 5.000000, 1.000000, 0.001000, 0.000010, 0.000000, 0.000000, 0.950000, 5.000000, 1.872345, -14.687614, -6.118104, 48.633626, 1000, 0.000100, 2.000000, -1.000000, -1.000000, 0.100000, 0.000100, 1.000000, 0.001000, 0.000010, 0.000000, 0.000000, 0.950000, 2.460259, -0.026247, -1.338590, -0.044974, 1000
9.17, 0.000100, 0.200000, 0.470000, -9.810000, 6.000000, 0.000000, 0.000000, 0.000000, 10.000000, -1.000000, 1.000000, -1.000000, 0.100000, 0.000100, 1.000000, 0.001000, 0.000010, 0.000000, 0.000000, 0.950000, -1.327183, 0.050549, -6.200362, 48.638761, 2.452758, -0.075758, 1.896914, -14.688100, 1000, 0.000100, -1.000000, -1.000000, 0.100000, 0.000100, 5.000000, 1.000000, 0.001000, 0.000010, 0.000000, 0.000000, 0.950000, 5.000000, 1.896914, -14.688100, -6.200362, 48.638761, 1000, 0.000100, 2.000000, -1.000000, -1.000000, 0.100000, 0.000100, 1.000000, 0.001000, 0.000010, 0.000000, 0.000000, 0.950000, 2.452758, -0.075758, -1.327183, 0.050549, 1000
9.18, 0.000100, 0.200000, 0.470000, -9.810000, 6.000000, 0.000000, 0.000000, 0.000000, 10.000000, -1.000000, 1.000000, -1.000000, 0.100000, 0.000100, 1.000000, 0.001000, 0.000010, 0.000000, 0.000000, 0.950000, -1.315754, 0.145965, -6.282504, 48.646410, 2.445186, -0.125169, 1.921407, -14.689080, 1000, 0.000100, -1.000000, -1.000000, 0.100000, 0.000100, 5.000000, 1.000000, 0.001000, 0.000010, 0.000000, 0.000000, 0.950000, 5.000000, 1.921407, -14.689080, -6.282504, 48.646410, 1000, 0.000100, 2.000000, -1.000000, -1.000000, 0.100000, 0.000100, 1.000000, 0.001000, 0.000010, 0.000000, 0.000000, 0.950000, 2.445186, -0.125169, -1.315754, 0.145965, 1000
9.19, 0.000100, 0.200000, 0.470000, -9.810000, 6.000000, 0.000000, 0.000000, 0.000000, 10.000000, -1.000000, 1.000000, -1.000000, 0.100000, 0.000100, 1.000000, 0.001000, 0.000010, 0.000000, 0.000000, 0.950000, -1.304306, 0.241270, -6.364529, 48.656566, 2.437544, -0.174476, 1.945825, -14.690553, 1000, 0.000100, -1.000000, -1.000000, 0.100000, 0.000100, 5.000000, 1.000000, 0.001000, 0.000010, 0.000000, 0.000000, 0.950000, 5.000000, 1.945825, -14.690553, -6.364529, 48.656566, 1000, 0.000100, 2.000000, -1.000000, -1.000000, 0.100000, 0.000100, 1.000000, 0.001000, 0.000010, 0.000000, 0.000000, 0.950000, 2.437544, -0.174476, -1.304306, 0.241270, 1000
9.2, 0.000100, 0.200000, 0.470000, -9.810000, 6.000000, 0.000000, 0.000000, 0.000000, 10.000000, -1.000000, 1.000000, -1.000000, 0.100000, 0.000100, 1.000000, 0.001000, 0.000010, 0.000000, 0.000000, 0.950000, -1.292840, 0.336459, -6.446440, 48.669223, 2.429831, -0.223678, 1.970165, -14.692519, 1000, 0.000100, -1.000000, -1.000000, 0.100000, 0.000100, 5.000000, 1.000000, 0.001000, 0.000010, 0.000000, 0.000000, 0.950000, 5.000000, 1.970165, -14.692519, -6.446440, 48.669223, 1000, 0.000100, 2.000000, -1.000000, -1.000000, 0.100000, 0.000100, 1.000000, 0.001000, 0.000010, 0.000000, 0.000000, 0.950000, 2.429831, -0.223678, -1.292840, 0.336459, 1000
9.21, 0.000100, 0.200000, 0.470000, -9.810000, 6.000000, 0.000000, 0.000000, 0.000000, 10.000000, -1.000000, 1.000000, -1.000000, 0.100000, 0.000100, 1.000000, 0.001000, 0.000010, 0.000000, 0.000000, 0.950000, -1.281359, 0.431526, -6.528238, 48.684372, 2.422049, -0.272772, 1.994429, -14.694977, 1000, 0.000100, -1.000000, -1.000000, 0.100000, 0.000100, 5.000000, 1.000000, 0.001000, 0.000010, 0.000000, 0.000000, 0.950000, 5.000000, 1.994429, -14.694977, -6.528238, 48.684372, 1000, 0.000100, 2.000000, -1.000000, -1.000000, 0.100000, 0.000100, 1.000000, 0.001000, 0.000010, 0.000000, 0.000000, 0.950000, 2.422049, -0.272772, -1.281359, 0.431526, 1000
9.22, 0.000100, 0.200000, 0.470000, -9.810000, 6.000000, 0.000000, 0.000000, 0.000000, 10.000000, -1.000000, 1.000000, -1.000000, 0.100000, 0.000100, 1.000000, 0.001000, 0.000010, 0.000000, 0.000000, 0.950000, -1.269864, 0.526466, -6.609924, 48.702007, 2.414196, -0.321756, 2.018614, -14.697925, 1000, 0.000100, -1.000000, -1.000000, 0.100000, 0.000100, 5.000000, 1.000000, 0.001000, 0.000010, 0.000000, 0.000000, 0.950000, 5.000000, 2.018614, -14.697925, -6.609924, 48.702007, 1000, 0.000100, 2.000000, -1.000000, -1.000000, 0.100000, 0.000100, 1.000000, 0.001000, 0.000010, 0.000000, 0.000000, 0.950000, 2.414196, -0.321756, -1.269864, 0.526466, 1000
9.23, 0.000100, 0.200000, 0.470000, -9.810000, 6.000000, 0.000000, 0.000000, 0.000000, 10.000000, -1.000000, 1.000000, -1.000000, 0.100000, 0.000100, 1.000000, 0.001000, 0.000010, 0.000000, 0.000000, 0.950000, -1.258358, 0.621273, -6.691499, 48.722120, 2.406273, -0.370626, 2.042720, -14.701363, 1000, 0.000100, -1.000000, -1.000000, 0.100000, 0.000100, 5.000000, 1.000000, 0.001000, 0.000010, 0.000000, 0.000000, 0.950000, 5.000000, 2.042720, -14.701363, -6.691499, 48.722120, 1000, 0.000100, 2.000000, -1.000000, -1.000000, 0.100000, 0.000100, 1.000000, 0.001000, 0.000010, 0.000000, 0.000000, 0.950000, 2.406273, -0.370626, -1.258358, 0.621273, 1000
9.24, 0.000100, 0.200000, 0.470000, -9.810000, 6.000000, 0.000000, 0.000000, 0.000000, 10.000000, -1.000000, 1.000000, -1.000000, 0.100000, 0.000100, 1.000000, 0.001000, 0.000010, 0.000000, 0.000000, 0.950000, -1.246841, 0.715943, -6.772963, 48.744705, 2.398281, -0.419382, 2.066747, -14.705288, 1000, 0.000100, -1.000000, -1.000000, 0.100000, 0.000100, 5.000000, 1.000000, 0.001000, 0.000010, 0.000000, 0.000000, 0.950000, 5.000000, 2.066747, -14.705288, -6.772963, 48.744705, 1000, 0.000100, 2.000000, -1.000000, -1.000000, 0.100000, 0.000100, 1.000000, 0.001000, 0.000010, 0.000000, 0.000000, 0.950000, 2.398281, -0.419382, -1.246841, 0.715943, 1000
9.25, 0.000100, 0.200000, 0.470000, -9.810000, 6.000000, 0.000000, 0.000000, 0.000000, 10.000000, -1.000000, 1.000000, -1.000000, 0.100000, 0.000100, 1.000000, 0.001000, 0.000010, 0.000000, 0.000000, 0.950000, -1.235317, 0.810470, -6.854319, 48.769752, 2.390219, -0.468020, 2.090693, -14.709701, 1000, 0.000100, -1.000000, -1.000000, 0.100000, 0.000100, 5.000000, 1.000000, 0.001000, 0.000010, 0.000000, 0.000000, 0.950000, 5.000000, 2.090693, -14.709701, -6.854319, 48.769752, 1000, 0.000100, 2.000000, -1.000000, -1.000000, 0.100000, 0.000100, 1.000000, 0.001000, 0.000010, 0.000000, 0.000000, 0.950000, 2.390219, -0.468020, -1.235317, 0.810470, 1000
9.26, 0.000100, 0.200000, 0.470000, -9.810000, 6.000000, 0.000000, 0.000000, 0.000000, 10.000000, -1.000000, 1.000000, -1.000000, 0.100000, 0.000100, 1.000000, 0.001000, 0.000010, 0.000000, 0.000000, 0.950000, -1.223787, 0.904848, -6.935566, 48.797255, 2.382087, -0.516538, 2.114559, -14.714599, 1000, 0.000100, -1.000000, -1.000000, 0.100000, 0.000100, 5.000000, 1.000000, 0.001000, 0.000010, 0.000000, 0.000000, 0.950000, 5.000000, 2.114559, -14.714599, -6.935566, 48.797255, 1000, 0.000100, 2.000000, -1.000000, -1.000000, 0.100000, 0.000100, 1.000000, 0.001000, 0.000010, 0.000000, 0.000000, 0.950000, 2.382087, -0.516538, -1.223787, 0.904848, 1000
9.27, 0.000100, 0.200000, 0.470000, -9.810000, 6.000000, 0.000000, 0.000000, 0.000000, 10.000000, -1.000000, 1.000000, -1.000000, 0.100000, 0.000100, 1.000000, 0.001000, 0.000010, 0.000000, 0.000000, 0.950000, -1.212254, 0.999072, -7.016705, 48.827205, 2.373886, -0.564933, 2.138343, -14.719983, 1000, 0.000100, -1.000000, -1.000000, 0.100000, 0.000100, 5.000000, 1.000000, 0.001000, 0.000010, 0.000000, 0.000000, 0.950000, 5.000000, 2.138343, -14.719983, -7.016705, 48.827205, 1000, 0.000100, 2.000000, -1.000000, -1.000000, 0.100000, 0.000100, 1.000000, 0.001000, 0.000010, 0.000000, 0.000000, 0.950000, 2.373886, -0.564933, -1.212254, 0.999072, 1000
9.28, 0.000100, 0.200000, 0.470000, -9.810000, 6.000000, 0.000000, 0.000000, 0.000000, 10.000000, -1.000000, 1.000000, -1.000000, 0.100000, 0.000100, 1.000000, 0.001000, 0.000010, 0.000000, 0.000000, 0.950000, -1.200718, 1.093137, -7.097737, 48.859595, 2.365615, -0.613205, 2.162045, -14.725849, 1000, 0.000100, -1.000000, -1.000000, 0.100000, 0.000100, 5.000000, 1.000000, 0.001000, 0.000010, 0.000000, 0.000000, 0.950000, 5.000000, 2.162045, -14.725849, -7.097737, 48.859595, 1000, 0.000100, 2.000000, -1.000000, -1.000000, 0.100000, 0.000100, 1.000000, 0.001000, 0.000010, 0.000000, 0.000000, 0.950000, 2.365615, -0.613205, -1.200718, 1.093137, 1000
9.29, 0.000100, 0.200000, 0.470000, -9.810000, 6.000000, 0.000000, 0.000000, 0.000000, 10.000000, -1.000000, 1.000000, -1.000000, 0.100000, 0.000100, 1.000000, 0.001000, 0.000010, 0.000000, 0.000000, 0.950000, -1.189183, 1.187038, -7.178663, 48.894417, 2.357276, -0.661349, 2.185663, -14.732198, 1000, 0.000100, -1.000000, -1.000000, 0.100000, 0.000100, 5.000000, 1.000000, 0.001000, 0.000010, 0.000000, 0.000000, 0.950000, 5.000000, 2.185663, -14.732198, -7.178663, 48.894417, 1000, 0.000100, 2.000000, -1.000000, -1.000000, 0.100000, 0.000100, 1.000000, 0.001000, 0.000010, 0.000000, 0.000000, 0.950000, 2.357276, -0.661349, -1.189183, 1.187038, 1000
9.3, 0.000100, 0.200000, 0.470000, -9.810000, 6.000000, 0.000000, 0.000000, 0.000000, 10.000000, -1.000000, 1.000000, -1.000000, 0.100000, 0.000100, 1.000000, 0.001000, 0.000010, 0.000000, 0.000000, 0.950000, -1.177649, 1.280768, -7.259483, 48.931662, 2.348867, -0.709364, 2.209198, -14.739027, 1000, 0.000100, -1.000000, -1.000000, 0.100000, 0.000100, 5.000000, 1.000000, 0.001000, 0.000010, 0.000000, 0.000000, 0.950000, 5.000000, 2.209198, -14.739027, -7.259483, 48.931662, 1000, 0.000100, 2.000000, -1.000000, -1.000000, 0.100000, 0.000100, 1.000000, 0.001000, 0.000010, 0.000000, 0.000000, 0.950000, 2.348867, -0.709364, -1.177649, 1.280768, 1000
9.31, 0.000100, 0.200000, 0.470000, -9.810000, 6.000000, 0.000000, 0.000000, 0.000000, 10.000000, -1.000000, 1.000000, -1.000000, 0.100000, 0.000100, 1.000000, 0.001000, 0.000010, 0.000000, 0.000000, 0.950000, -1.166119, 1.374323, -7.340196, 48.971321, 2.340389, -0.757248, 2.232649, -14.746337, 1000, 0.000100, -1.000000, -1.000000, 0.100000, 0.000100, 5.000000, 1.000000, 0.001000, 0.000010, 0.000000, 0.000000, 0.950000, 5.000000, 2.232649, -14.746337, -7.340196, 48.971321, 1000, 0.000100, 2.000000, -1.000000, -1.000000, 0.100000, 0.000100, 1.000000, 0.001000, 0.000010, 0.000000, 0.000000, 0.950000, 2.340389, -0.757248, -1.166119, 1.374323, 1000
9.32, 0.000100, 0.200000, 0.470000, -9.810000, 6.000000, 0.000000, 0.000000, 0.000000, 10.000000, -1.000000, 1.000000, -1.000000, 0.100000, 0.000100, 1.000000, 0.001000, 0.000010, 0.000000, 0.000000, 0.950000, -1.154595, 1.467698, -7.420804, 49.013387, 2.331843, -0.804998, 2.256014, -14.754124, 1000, 0.000100, -1.000000, -1.000000, 0.100000, 0.000100, 5.000000, 1.000000, 0.001000, 0.000010, 0.000000, 0.000000, 0.950000, 5.000000, 2.256014, -14.754124, -7.420804, 49.013387, 1000, 0.000100, 2.000000, -1.000000, -1.000000, 0.100000, 0.000100, 1.000000, 0.001000, 0.000010, 0.000000, 0.000000, 0.950000, 2.331843, -0.804998, -1.154595, 1.467698, 1000
9.33, 0.000100, 0.200000, 0.470000, -9.810000, 6.000000, 0.000000, 0.000000, 0.000000, 10.000000, -1.000000, 1.000000, -1.000000, 0.100000, 0.000100, 1.000000, 0.001000, 0.000010, 0.000000, 0.000000, 0.950000, -1.143079, 1.560886, -7.501306, 49.057851, 2.323227, -0.852611, 2.279294, -14.762388, 1000, 0.000100, -1.000000, -1.000000, 0.100000, 0.000100, 5.000000, 1.000000, 0.001000, 0.000010, 0.000000, 0.000000, 0.950000, 5.000000, 2.279294, -14.762388, -7.501306, 49.057851, 1000, 0.000100, 2.000000, -1.000000, -1.000000, 0.100000, 0.000100, 1.000000, 0.001000, 0.000010, 0.000000, 0.000000, 0.950000, 2.323227, -0.852611, -1.143079, 1.560886, 1000
9.34, 0.000100, 0.200000, 0.470000, -9.810000, 6.000000, 0.000000, 0.000000, 0.000000, 10.000000, -1.000000, 1.000000, -1.000000, 0.100000, 0.000100, 1.000000, 0.001000, 0.000010, 0.000000, 0.000000, 0.950000, -1.131571, 1.653882, -7.581703, 49.104704, 2.314543, -0.900087, 2.302487, -14.771128, 1000, 0.000100, -1.000000, -1.000000, 0.100000, 0.000100, 5.000000, 1.000000, 0.001000, 0.000010, 0.000000, 0.000000, 0.950000, 5.000000, 2.302487, -14.771128, -7.581703, 49.104704, 1000, 0.000100, 2.000000, -1.000000, -1.000000, 0.100000, 0.000100, 1.000000, 0.001000, 0.000010, 0.000000, 0.000000, 0.950000, 2.314543, -0.900087, -1.131571, 1.653882, 1000
9.35, 0.000100, 0.200000, 0.470000, -9.810000, 6.000000, 0.000000, 0.000000, 0.000000, 10.000000, -1.000000, 1.000000, -1.000000, 0.100000, 0.000100, 1.000000, 0.001000, 0.000010, 0.000000, 0.000000, 0.950000, -1.120076, 1.746682, -7.661994, 49.153937, 2.305790, -0.947422, 2.325593, -14.780342, 1000, 0.000100, -1.000000, -1.000000, 0.100000, 0.000100, 5.000000, 1.000000, 0.001000, 0.000010, 0.000000, 0.000000, 0.950000, 5.000000, 2.325593, -14.780342, -7.661994, 49.153937, 1000, 0.000100, 2.000000, -1.000000, -1.000000, 0.100000, 0.000100, 1.000000, 0.001000, 0.000010, 0.000000, 0.000000, 0.950000, 2.305790, -0.947422, -1.120076, 1.746682, 1000
9.36, 0.000100, 0.200000, 0.470000, -9.810000, 6.000000, 0.000000, 0.000000, 0.000000, 10.000000, -1.000000, 1.000000, -1.000000, 0.100000, 0.000100, 1.000000, 0.001000, 0.000010, 0.000000, 0.000000, 0.950000, -1.108593, 1.839279, -7.742180, 49.205542, 2.296969, -0.994615, 2.348611, -14.790028, 1000, 0.000100, -1.000000, -1.000000, 0.100000, 0.000100, 5.000000, 1.000000, 0.001000, 0.000010, 0.000000, 0.000000, 0.950000, 5.000000, 2.348611, -14.790028, -7.742180, 49.205542, 1000, 0.000100, 2.000000, -1.000000, -1.000000, 0.100000, 0.000100, 1.000000, 0.001000, 0.000010, 0.000000, 0.000000, 0.950000, 2.296969, -0.994615, -1.108593, 1.839279, 1000
9.37, 0.000100, 0.200000, 0.470000, -9.810000, 6.000000, 0.000000, 0.000000, 0.000000, 10.000000, -1.000000, 1.000000, -1.000000, 0.100000, 0.000100, 1.000000, 0.001000, 0.000010, 0.000000, 0.000000, 0.950000, -1.097125, 1.931669, -7.822259, 49.259509, 2.288080, -1.041662, 2.371541, -14.800186, 1000, 0.000100, -1.000000, -1.000000, 0.100000, 0.000100, 5.000000, 1.000000, 0.001000, 0.000010, 0.000000, 0.000000, 0.950000, 5.000000, 2.371541, -14.800186, -7.822259, 49.259509, 1000, 0.000100, 2.000000, -1.000000, -1.000000, 0.100000, 0.000100, 1.000000, 0.001000, 0.000010, 0.000000, 0.000000, 0.950000, 2.288080, -1.041662, -1.097125, 1.931669, 1000
9.38, 0.000100, 0.200000, 0.470000, -9.810000, 6.000000, 0.000000, 0.000000, 0.000000, 10.000000, -1.000000, 1.000000, -1.000000, 0.100000, 0.000100, 1.000000, 0.001000, 0.000010, 0.000000, 0.000000, 0.950000, -1.085674, 2.023845, -7.902232, 49.315830, 2.279122, -1.088563, 2.394381, -14.810814, 1000, 0.000100, -1.000000, -1.000000, 0.100000, 0.000100, 5.000000, 1.000000, 0.001000, 0.000010, 0.000000, 0.000000, 0.950000, 5.000000, 2.394381, -14.810814, -7.902232, 49.315830, 1000, 0.000100, 2.000000, -1.000000, -1.000000, 0.100000, 0.000100, 1.000000, 0.001000, 0.000010, 0.000000, 0.000000, 0.950000, 2.279122, -1.088563, -1.085674, 2.023845, 1000
9.39, 0.000100, 0.200000, 0.470000, -9.810000, 6.000000, 0.000000, 0.000000, 0.000000, 10.000000, -1.000000, 1.000000, -1.000000, 0.100000, 0.000100, 1.000000, 0.001000, 0.000010, 0.000000, 0.000000, 0.950000, -1.074242, 2.115802, -7.982098, 49.374494, 2.270096, -1.135314, 2.417132, -14.821910, 1000, 0.000100, -1.000000, -1.000000, 0.100000, 0.000100, 5.000000, 1.000000, 0.001000, 0.000010, 0.000000, 0.000000, 0.950000, 5.000000, 2.417132, -14.821910, -7.982098, 49.374494, 1000, 0.000100, 2.000000, -1.000000, -1.000000, 0.100000, 0.000100, 1.000000, 0.001000, 0.000010, 0.000000, 0.000000, 0.950000, 2.270096, -1.135314, -1.074242, 2.115802, 1000
9.4, 0.000100, 0.200000, 0.470000, -9.810000, 6.000000, 0.000000, 0.000000, 0.000000, 10.000000, -1.000000, 1.000000, -1.000000, 0.100000, 0.000100, 1.000000, 0.001000, 0.000010, 0.000000, 0.000000, 0.950000, -1.062830, 2.207536, -8.061857, 49.435494, 2.261001, -1.181914, 2.439792, -14.833473, 1000, 0.000100, -1.000000, -1.000000, 0.100000, 0.000100, 5.000000, 1.000000, 0.001000, 0.000010, 0.000000, 0.000000, 0.950000, 5.000000, 2.439792, -14.833473, -8.061857, 49.435494, 1000, 0.000100, 2.000000, -1.000000, -1.000000, 0.100000, 0.000100, 1.000000, 0.001000, 0.000010, 0.000000, 0.000000, 0.950000, 2.261001, -1.181914, -1.062830, 2.207536, 1000
9.41, 0.000100, 0.200000, 0.470000, -9.810000, 6.000000, 0.000000, 0.000000, 0.000000, 10.000000, -1.000000, 1.000000, -1.000000, 0.100000, 0.000100, 1.000000, 0.001000, 0.000010, 0.000000, 0.000000, 0.950000, -1.051440, 2.299041, -8.141507, 49.498820, 2.251839, -1.228360, 2.462361, -14.845501, 1000, 0.000100, -1.000000, -1.000000, 0.100000, 0.000100, 5.000000, 1.000000, 0.001000, 0.000010, 0.000000, 0.000000, 0.950000, 5.000000, 2.462361, -14.845501, -8.141507, 49.498820, 1000, 0.000100, 2.000000, -1.000000, -1.000000, 0.100000, 0.000100, 1.000000, 0.001000, 0.000010, 0.000000, 0.000000, 0.950000, 2.251839, -1.228360, -1.051440, 2.299041, 1000
9.42, 0.000100, 0.200000, 0.470000, -9.810000, 6.000000, 0.000000, 0.000000, 0.000000, 10.000000, -1.000000, 1.000000, -1.000000, 0.100000, 0.000100, 1.000000, 0.001000, 0.000010, 0.000000, 0.000000, 0.950000, -1.040073, 2.390311, -8.221049, 49.564461, 2.242609, -1.274651, 2.484838, -14.857993, 1000, 0.000100, -1.000000, -1.000000, 0.100000, 0.000100, 5.000000, 1.000000, 0.001000, 0.000010, 0.000000, 0.000000, 0.950000, 5.000000, 2.484838, -14.857993, -8.221049, 49.564461, 1000, 0.000100, 2.000000, -1.000000, -1.000000, 0.100000, 0.000100, 1.000000, 0.001000, 0.000010, 0.000000, 0.000000, 0.950000, 2.242609, -1.274651, -1.040073, 2.390311, 1000
9.43, 0.000100, 0.200000, 0.470000, -9.810000, 6.000000, 0.000000, 0.000000, 0.000000, 10.000000, -1.000000, 1.000000, -1.000000, 0.100000, 0.000100, 1.000000, 0.001000, 0.000010, 0.000000, 0.000000, 0.950000, -1.028733, 2.481341, -8.300480, 49.632409, 2.233311, -1.320783, 2.507222, -14.870947, 1000, 0.000100, -1.000000, -1.000000, 0.100000, 0.000100, 5.000000, 1.000000, 0.001000, 0.000010, 0.000000, 0.000000, 0.950000, 5.000000, 2.507222, -14.870947, -8.300480, 49.632409, 1000, 0.000100, 2.000000, -1.000000, -1.000000, 0.100000, 0.000100, 1.000000, 0.001000, 0.000010, 0.000000, 0.000000, 0.950000, 2.233311, -1.320783, -1.028733, 2.481341, 1000
9.44, 0.000100, 0.200000, 0.470000, -9.810000, 6.000000, 0.000000, 0.000000, 0.000000, 10.000000, -1.000000, 1.000000, -1.000000, 0.100000, 0.000100, 1.000000, 0.001000, 0.000010, 0.000000, 0.000000, 0.950000, -1.017419, 2.572125, -8.379801, 49.702654, 2.223945, -1.366756, 2.529513, -14.884362, 1000, 0.000100, -1.000000, -1.000000, 0.100000, 0.000100, 5.000000, 1.000000, 0.001000, 0.000010, 0.000000, 0.000000, 0.950000, 5.000000, 2.529513, -14.884362, -8.379801, 49.702654, 1000, 0.000100, 2.000000, -1.000000, -1.000000, 0.100000, 0.000100, 1.000000, 0.001000, 0.000010, 0.000000, 0.000000, 0.950000, 2.223945, -1.366756, -1.017419, 2.572125, 1000
9.45, 0.000100, 0.200000, 0.470000, -9.810000, 6.000000, 0.000000, 0.000000, 0.000000, 10.000000, -1.000000, 1.000000, -1.000000, 0.100000, 0.000100, 1.000000, 0.001000, 0.000010, 0.000000, 0.000000, 0.950000, -1.006135, 2.662660, -8.459010, 49.775185, 2.214511, -1.412567, 2.551710, -14.898235, 1000, 0.000100, -1.000000, -1.000000, 0.100000, 0.000100, 5.000000, 1.000000, 0.001000, 0.000010, 0.000000, 0.000000, 0.950000, 5.000000, 2.551710, -14.898235, -8.459010, 49.775185, 1000, 0.000100, 2.000000, -1.000000, -1.000000, 0.100000, 0.000100, 1.000000, 0.001000, 0.000010, 0.000000, 0.000000, 0.950000, 2.214511, -1.412567, -1.006135, 2.662660, 1000
9.46, 0.000100, 0.200000, 0.470000, -9.810000, 6.000000, 0.000000, 0.000000, 0.000000, 10.000000, -1.000000, 1.000000, -1.000000, 0.100000, 0.000100, 1.000000, 0.001000, 0.000010, 0.000000, 0.000000, 0.950000, -0.994881, 2.752938, -8.538107, 49.849994, 2.205010, -1.458214, 2.573812, -14.912566, 1000, 0.000100, -1.000000, -1.000000, 0.100000, 0.000100, 5.000000, 1.000000, 0.001000, 0.000010, 0.000000, 0.000000, 0.950000, 5.000000, 2.573812, -14.912566, -8.538107, 49.849994, 1000, 0.000100, 2.000000, -1.000000, -1.000000, 0.100000, 0.000100, 1.000000, 0.001000, 0.000010, 0.000000, 0.000000, 0.950000, 2.205010, -1.458214, -0.994881, 2.752938, 1000
9.47, 0.000100, 0.200000, 0.470000, -9.810000, 6.000000, 0.000000, 0.000000, 0.000000, 10.000000, -1.000000, 1.000000, -1.000000, 0.100000, 0.000100, 1.000000, 0.001000, 0.000010, 0.000000, 0.000000, 0.950000, -0.983659, 2.842955, -8.617088, 49.927071, 2.195441, -1.503695, 2.595819, -14.927353, 1000, 0.000100, -1.000000, -1.000000, 0.100000, 0.000100, 5.000000, 1.000000, 0.001000, 0.000010, 0.000000, 0.000000, 0.950000, 5.000000, 2.595819, -14.927353, -8.617088, 49.927071, 1000, 0.000100, 2.000000, -1.000000, -1.000000, 0.100000, 0.000100, 1.000000, 0.001000, 0.000010, 0.000000, 0.000000, 0.950000, 2.195441, -1.503695, -0.983659, 2.842955, 1000
9.48, 0.000100, 0.200000, 0.470000, -9.810000, 6.000000, 0.000000, 0.000000, 0.000000, 10.000000, -1.000000, 1.000000, -1.000000, 0.100000, 0.000100, 1.000000, 0.001000, 0.000010, 0.000000, 0.000000, 0.950000, -0.972470, 2.932705, -8.695955, 50.006405, 2.185805, -1.549008, 2.617730, -14.942594, 1000, 0.000100, -1.000000, -1.000000, 0.100000, 0.000100, 5.000000, 1.000000, 0.001000, 0.000010, 0.000000, 0.000000, 0.950000, 5.000000, 2.617730, -14.942594, -8.695955, 50.006405, 1000, 0.000100, 2.000000, -1.000000, -1.000000, 0.100000, 0.000100, 1.000000, 0.001000, 0.000010, 0.000000, 0.000000, 0.950000, 2.185805, -1.549008, -0.972470, 2.932705, 1000
9.49, 0.000100, 0.200000, 0.470000, -9.810000, 6.000000, 0.000000, 0.000000, 0.000000, 10.000000, -1.000000, 1.000000, -1.000000, 0.100000, 0.000100, 1.000000, 0.001000, 0.000010, 0.000000, 0.000000, 0.950000, -0.961318, 3.022184, -8.774704, 50.087986, 2.176101, -1.594151, 2.639545, -14.958287, 1000, 0.000100, -1.000000, -1.000000, 0.100000, 0.000100, 5.000000, 1.000000, 0.001000, 0.000010, 0.000000, 0.000000, 0.950000, 5.000000, 2.639545, -14.958287, -8.774704, 50.087986, 1000, 0.000100, 2.000000, -1.000000, -1.000000, 0.100000, 0.000100, 1.000000, 0.001000, 0.000010, 0.000000, 0.000000, 0.950000, 2.176101, -1.594151, -0.961318, 3.022184, 1000
9.5, 0.000100, 0.200000, 0.470000, -9.810000, 6.000000, 0.000000, 0.000000, 0.000000, 10.000000, -1.000000, 1.000000, -1.000000, 0.100000, 0.000100, 1.000000, 0.001000, 0.000010, 0.000000, 0.000000, 0.950000, -0.950202, 3.111386, -8.853334, 50.171805, 2.166331, -1.639121, 2.661262, -14.974431, 1000, 0.000100, -1.000000, -1.000000, 0.100000, 0.000100, 5.000000, 1.000000, 0.001000, 0.000010, 0.000000, 0.000000, 0.950000, 5.000000, 2.661262, -14.974431, -8.853334, 50.171805, 1000, 0.000100, 2.000000, -1.000000, -1.000000, 0.100000, 0.000100, 1.000000, 0.001000, 0.000010, 0.000000, 0.000000, 0.950000, 2.166331, -1.639121, -0.950202, 3.111386, 1000
9.51, 0.000100, 0.200000, 0.470000, -9.810000, 6.000000, 0.000000, 0.000000, 0.000000, 10.000000, -1.000000, 1.000000, -1.000000, 0.100000, 0.000100, 1.000000, 0.001000, 0.000010, 0.000000, 0.000000, 0.950000, -0.939125, 3.200306, -8.931845, 50.257850, 2.156493, -1.683918, 2.682881, -14.991024, 1000, 0.000100, -1.000000, -1.000000, 0.100000, 0.000100, 5.000000, 1.000000, 0.001000, 0.000010, 0.000000, 0.000000, 0.950000, 5.000000, 2.682881, -14.991024, -8.931845, 50.257850, 1000, 0.000100, 2.000000, -1.000000, -1.000000, 0.100000, 0.000100, 1.000000, 0.001000, 0.000010, 0.000000, 0.000000, 0.950000, 2.156493, -1.683918, -0.939125, 3.200306, 1000
9.52, 0.000100, 0.200000, 0.470000, -9.810000, 6.000000, 0.000000, 0.000000, 0.000000, 10.000000, -1.000000, 1.000000, -1.000000, 0.100000, 0.000100, 1.000000, 0.001000, 0.000010, 0.000000, 0.000000, 0.950000, -0.928087, 3.288939, -9.010233, 50.346112, 2.146587, -1.728538, 2.704401, -15.008064, 1000, 0.000100, -1.000000, -1.000000, 0.100000, 0.000100, 5.000000, 1.000000, 0.001000, 0.000010, 0.000000, 0.000000, 0.950000, 5.000000, 2.704401, -15.008064, -9.010233, 50.346112, 1000, 0.000100, 2.000000, -1.000000, -1.000000, 0.100000, 0.000100, 1.000000, 0.001000, 0.000010, 0.000000, 0.000000, 0.950000, 2.146587, -1.728538, -0.928087, 3.288939, 1000
9.53, 0.000100, 0.200000, 0.470000, -9.810000, 6.000000, 0.000000, 0.000000, 0.000000, 10.000000, -1.000000, 1.000000, -1.000000, 0.100000, 0.000100, 1.000000, 0.001000, 0.000010, 0.000000, 0.000000, 0.950000, -0.917091, 3.377279, -9.088497, 50.436580, 2.136615, -1.772981, 2.725822, -15.025549, 1000, 0.000100, -1.000000, -1.000000, 0.100000, 0.000100, 5.000000, 1.000000, 0.001000, 0.000010, 0.000000, 0.000000, 0.950000, 5.000000, 2.725822, -15.025549, -9.088497, 50.436580, 1000, 0.000100, 2.000000, -1.000000, -1.000000, 0.100000, 0.000100, 1.000000, 0.001000, 0.000010, 0.000000, 0.000000, 0.950000, 2.136615, -1.772981, -0.917091, 3.377279, 1000
9.54, 0.000100, 0.200000, 0.470000, -9.810000, 6.000000, 0.000000, 0.000000, 0.000000, 10.000000, -1.000000, 1.000000, -1.000000, 0.100000, 0.000100, 1.000000, 0.001000, 0.000010, 0.000000, 0.000000, 0.950000, -0.906138, 3.465322, -9.166635, 50.529245, 2.126576, -1.817243, 2.747143, -15.043478, 1000, 0.000100, -1.000000, -1.000000, 0.100000, 0.000100, 5.000000, 1.000000, 0.001000, 0.000010, 0.000000, 0.000000, 0.950000, 5.000000, 2.747143, -15.043478, -9.166635, 50.529245, 1000, 0.000100, 2.000000, -1.000000, -1.000000, 0.100000, 0.000100, 1.000000, 0.001000, 0.000010, 0.000000, 0.000000, 0.950000, 2.126576, -1.817243, -0.906138, 3.465322, 1000
9.55, 0.000100, 0.200000, 0.470000, -9.810000, 6.000000, 0.000000, 0.000000, 0.000000, 10.000000, -1.000000, 1.000000, -1.000000, 0.100000, 0.000100, 1.000000, 0.001000, 0.000010, 0.000000, 0.000000, 0.950000, -0.895230, 3.553062, -9.244646, 50.624094, 2.116470, -1.861324, 2.768363, -15.061849, 1000, 0.000100, -1.000000, -1.000000, 0.100000, 0.000100, 5.000000, 1.000000, 0.001000, 0.000010, 0.000000, 0.000000, 0.950000, 5.000000, 2.768363, -15.061849, -9.244646, 50.624094, 1000, 0.000100, 2.000000, -1.000000, -1.000000, 0.100000, 0.000100, 1.000000, 0.001000, 0.000010, 0.000000, 0.000000, 0.950000, 2.116470, -1.861324, -0.895230, 3.553062, 1000
9.56, 0.000100, 0.200000, 0.470000, -9.810000, 6.000000, 0.000000, 0.000000, 0.000000, 10.000000, -1.000000, 1.000000, -1.000000, 0.100000, 0.000100, 1.000000, 0.001000, 0.000010, 0.000000, 0.000000, 0.950000, -0.884367, 3.640495, -9.322526, 50.721118, 2.106297, -1.905220, 2.789482, -15.080660, 1000, 0.000100, -1.000000, -1.000000, 0.100000, 0.000100, 5.000000, 1.000000, 0.001000, 0.000010, 0.000000, 0.000000, 0.950000, 5.000000, 2.789482, -15.080660, -9.322526, 50.721118, 1000, 0.000100, 2.000000, -1.000000, -1.000000, 0.100000, 0.000100, 1.000000, 0.001000, 0.000010, 0.000000, 0.000000, 0.950000, 2.106297, -1.905220, -0.884367, 3.640495, 1000
9.57, 0.000100, 0.200000, 0.470000, -9.810000, 6.000000, 0.000000, 0.000000, 0.000000, 10.000000, -1.000000, 1.000000, -1.000000, 0.100000, 0.000100, 1.000000, 0.001000, 0.000010, 0.000000, 0.000000, 0.950000, -0.873552, 3.727614, -9.400275, 50.820307, 2.096058, -1.948931, 2.810499, -15.099909, 1000, 0.000100, -1.000000, -1.000000, 0.100000, 0.000100, 5.000000, 1.000000, 0.001000, 0.000010, 0.000000, 0.000000, 0.950000, 5.000000, 2.810499, -15.099909, -9.400275, 50.820307, 1000, 0.000100, 2.000000, -1.000000, -1.000000, 0.100000, 0.000100, 1.000000, 0.001000, 0.000010, 0.000000, 0.000000, 0.950000, 2.096058, -1.948931, -0.873552, 3.727614, 1000
9.58, 0.000100, 0.200000, 0.470000, -9.810000, 6.000000, 0.000000, 0.000000, 0.000000, 10.000000, -1.000000, 1.000000, -1.000000, 0.100000, 0.000100, 1.000000, 0.001000, 0.000010, 0.000000, 0.000000, 0.950000, -0.862785, 3.814416, -9.477888, 50.921648, 2.085752, -1.992455, 2.831413, -15.119594, 1000, 0.000100, -1.000000, -1.000000, 0.100000, 0.000100, 5.000000, 1.000000, 0.001000, 0.000010, 0.000000, 0.000000, 0.950000, 5.000000, 2.831413, -15.119594, -9.477888, 50.921648, 1000, 0.000100, 2.000000, -1.000000, -1.000000, 0.100000, 0.000100, 1.000000, 0.001000, 0.000010, 0.000000, 0.000000, 0.950000, 2.085752, -1.992455, -0.862785, 3.814416, 1000
9.59, 0.000100, 0.200000, 0.470000, -9.810000, 6.000000, 0.000000, 0.000000, 0.000000, 10.000000, -1.000000, 1.000000, -1.000000, 0.100000, 0.000100, 1.000000, 0.001000, 0.000010, 0.000000, 0.000000, 0.950000, -0.852068, 3.900895, -9.555365, 51.025132, 2.075379, -2.035789, 2.852224, -15.139714, 1000, 0.000100, -1.000000, -1.000000, 0.100000, 0.000100, 5.000000, 1.000000, 0.001000, 0.000010, 0.000000, 0.000000, 0.950000, 5.000000, 2.852224, -15.139714, -9.555365, 51.025132, 1000, 0.000100, 2.000000, -1.000000, -1.000000, 0.100000, 0.000100, 1.000000, 0.001000, 0.000010, 0.000000, 0.000000, 0.950000, 2.075379, -2.035789, -0.852068, 3.900895, 1000
9.6, 0.000100, 0.200000, 0.470000, -9.810000, 6.000000, 0.000000, 0.000000, 0.000000, 10.000000, -1.000000, 1.000000, -1.000000, 0.100000, 0.000100, 1.000000, 0.001000, 0.000010, 0.000000, 0.000000, 0.950000, -0.841402, 3.987047, -9.632703, 51.130748, 2.064940, -2.078932, 2.872931, -15.160266, 1000, 0.000100, -1.000000, -1.000000, 0.100000, 0.000100, 5.000000, 1.000000, 0.001000, 0.000010, 0.000000, 0.000000, 0.950000, 5.000000, 2.872931, -15.160266, -9.632703, 51.130748, 1000, 0.000100, 2.000000, -1.000000, -1.000000, 0.100000, 0.000100, 1.000000, 0.001000, 0.000010, 0.000000, 0.000000, 0.950000, 2.064940, -2.078932, -0.841402, 3.987047, 1000
9.61, 0.000100, 0.200000, 0.470000, -9.810000, 6.000000, 0.000000, 0.000000, 0.000000, 10.000000, -1.000000, 1.000000, -1.000000, 0.100000, 0.000100, 1.000000, 0.001000, 0.000010, 0.000000, 0.000000, 0.950000, -0.830788, 4.072866, -9.709898, 51.238485, 2.054434, -2.121881, 2.893533, -15.181248, 1000, 0.000100, -1.000000, -1.000000, 0.100000, 0.000100, 5.000000, 1.000000, 0.001000, 0.000010, 0.000000, 0.000000, 0.950000, 5.000000, 2.893533, -15.181248, -9.709898, 51.238485, 1000, 0.000100, 2.000000, -1.000000, -1.000000, 0.100000, 0.000100, 1.000000, 0.001000, 0.000010, 0.000000, 0.000000, 0.950000, 2.054434, -2.121881, -0.830788, 4.072866, 1000
9.62, 0.000100, 0.200000, 0.470000, -9.810000, 6.000000, 0.000000, 0.000000, 0.000000, 10.000000, -1.000000, 1.000000, -1.000000, 0.100000, 0.000100, 1.000000, 0.001000, 0.000010, 0.000000, 0.000000, 0.950000, -0.820228, 4.158347, -9.786949, 51.348332, 2.043863, -2.164636, 2.914030, -15.202659, 1000, 0.000100, -1.000000, -1.000000, 0.100000, 0.000100, 5.000000, 1.000000, 0.001000, 0.000010, 0.000000, 0.000000, 0.950000, 5.000000, 2.914030, -15.202659, -9.786949, 51.348332, 1000, 0.000100, 2.000000, -1.000000, -1.000000, 0.100000, 0.000100, 1.000000, 0.001000, 0.000010, 0.000000, 0.000000, 0.950000, 2.043863, -2.164636, -0.820228, 4.158347, 1000
9.63, 0.000100, 0.200000, 0.470000, -9.810000, 6.000000, 0.000000, 0.000000, 0.000000, 10.000000, -1.000000, 1.000000, -1.000000, 0.100000, 0.000100, 1.000000, 0.001000, 0.000010, 0.000000, 0.000000, 0.950000, -0.809724, 4.243486, -9.863852, 51.460277, 2.033225, -2.207194, 2.934421, -15.224497, 1000, 0.000100, -1.000000, -1.000000, 0.100000, 0.000100, 5.000000, 1.000000, 0.001000, 0.000010, 0.000000, 0.000000, 0.950000, 5.000000, 2.934421, -15.224497, -9.863852, 51.460277, 1000, 0.000100, 2.000000, -1.000000, -1.000000, 0.100000, 0.000100, 1.000000, 0.001000, 0.000010, 0.000000, 0.000000, 0.950000, 2.033225, -2.207194, -0.809724, 4.243486, 1000
9.64, 0.000100, 0.200000, 0.470000, -9.810000, 6.000000, 0.000000, 0.000000, 0.000000, 10.000000, -1.000000, 1.000000, -1.000000, 0.100000, 0.000100, 1.000000, 0.001000, 0.000010, 0.000000, 0.000000, 0.950000, -0.799275, 4.328278, -9.940606, 51.574311, 2.022521, -2.249554, 2.954705, -15.246760, 1000, 0.000100, -1.000000, -1.000000, 0.100000, 0.000100, 5.000000, 1.000000, 0.001000, 0.000010, 0.000000, 0.000000, 0.950000, 5.000000, 2.954705, -15.246760, -9.940606, 51.574311, 1000, 0.000100, 2.000000, -1.000000, -1.000000, 0.100000, 0.000100, 1.000000, 0.001000, 0.000010, 0.000000, 0.000000, 0.950000, 2.022521, -2.249554, -0.799275, 4.328278, 1000
9.65, 0.000100, 0.200000, 0.470000, -9.810000, 6.000000, 0.000000, 0.000000, 0.000000, 10.000000, -1.000000, 1.000000, -1.000000, 0.100000, 0.000100, 1.000000, 0.001000, 0.000010, 0.000000, 0.000000, 0.950000, -0.788884, 4.412717, -10.017206, 51.690420, 2.011751, -2.291713, 2.974882, -15.269445, 1000, 0.000100, -1.000000, -1.000000, 0.100000, 0.000100, 5.000000, 1.000000, 0.001000, 0.000010, 0.000000, 0.000000, 0.950000, 5.000000, 2.974882, -15.269445, -10.017206, 51.690420, 1000, 0.000100, 2.000000, -1.000000, -1.000000, 0.100000, 0.000100, 1.000000, 0.001000, 0.000010, 0.000000, 0.000000, 0.950000, 2.011751, -2.291713, -0.788884, 4.412717, 1000
9.66, 0.000100, 0.200000, 0.470000, -9.810000, 6.000000, 0.000000, 0.000000, 0.000000, 10.000000, -1.000000, 1.000000, -1.000000, 0.100000, 0.000100, 1.000000, 0.001000, 0.000010, 0.000000, 0.000000, 0.950000, -0.778551, 4.496801, -10.093650, 51.808596, 2.000915, -2.333671, 2.994950, -15.292551, 1000, 0.000100, -1.000000, -1.000000, 0.100000, 0.000100, 5.000000, 1.000000, 0.001000, 0.000010, 0.000000, 0.000000, 0.950000, 5.000000, 2.994950, -15.292551, -10.093650, 51.808596, 1000, 0.000100, 2.000000, -1.000000, -1.000000, 0.100000, 0.000100, 1.000000, 0.001000, 0.000010, 0.000000, 0.000000, 0.950000, 2.000915, -2.333671, -0.778551, 4.496801, 1000
9.67, 0.000100, 0.200000, 0.470000, -9.810000, 6.000000, 0.000000, 0.000000, 0.000000, 10.000000, -1.000000, 1.000000, -1.000000, 0.100000, 0.000100, 1.000000, 0.001000, 0.000010, 0.000000, 0.000000, 0.950000, -0.768277, 4.580522, -10.169935, 51.928825, 1.990014, -2.375425, 3.014910, -15.316076, 1000, 0.000100, -1.000000, -1.000000, 0.100000, 0.000100, 5.000000, 1.000000, 0.001000, 0.000010, 0.000000, 0.000000, 0.950000, 5.000000, 3.014910, -15.316076, -10.169935, 51.928825, 1000, 0.000100, 2.000000, -1.000000, -1.000000, 0.100000, 0.000100, 1.000000, 0.001000, 0.000010, 0.000000, 0.000000, 0.950000, 1.990014, -2.375425, -0.768277, 4.580522, 1000
9.68, 0.000100, 0.200000, 0.470000, -9.810000, 6.000000, 0.000000, 0.000000, 0.000000, 10.000000, -1.000000, 1.000000, -1.000000, 0.100000, 0.000100, 1.000000, 0.001000, 0.000010, 0.000000, 0.000000, 0.950000, -0.758065, 4.663878, -10.246057, 52.051097, 1.979046, -2.416973, 3.034761, -15.340017, 1000, 0.000100, -1.000000, -1.000000, 0.100000, 0.000100, 5.000000, 1.000000, 0.001000, 0.000010, 0.000000, 0.000000, 0.950000, 5.000000, 3.034761, -15.340017, -10.246057, 52.051097, 1000, 0.000100, 2.000000, -1.000000, -1.000000, 0.100000, 0.000100, 1.000000, 0.001000, 0.000010, 0.000000, 0.000000, 0.950000, 1.979046, -2.416973, -0.758065, 4.663878, 1000
9.69, 0.000100, 0.200000, 0.470000, -9.810000, 6.000000, 0.000000, 0.000000, 0.000000, 10.000000, -1.000000, 1.000000, -1.000000, 0.100000, 0.000100, 1.000000, 0.001000, 0.000010, 0.000000, 0.000000, 0.950000, -0.747914, 4.746863, -10.322015, 52.175400, 1.968013, -2.458314, 3.054502, -15.364373, 1000, 0.000100, -1.000000, -1.000000, 0.100000, 0.000100, 5.000000, 1.000000, 0.001000, 0.000010, 0.000000, 0.000000, 0.950000, 5.000000, 3.054502, -15.364373, -10.322015, 52.175400, 1000, 0.000100, 2.000000, -1.000000, -1.000000, 0.100000, 0.000100, 1.000000, 0.001000, 0.000010, 0.000000, 0.000000, 0.950000, 1.968013, -2.458314, -0.747914, 4.746863, 1000
9.7, 0.000100, 0.200000, 0.470000, -9.810000, 6.000000, 0.000000, 0.000000, 0.000000, 10.000000, -1.000000, 1.000000, -1.000000, 0.100000, 0.000100, 1.000000, 0.001000, 0.000010, 0.000000, 0.000000, 0.950000, -0.737825, 4.829473, -10.397803, 52.301724, 1.956915, -2.499447, 3.074132, -15.389141, 1000, 0.000100, -1.000000, -1.000000, 0.100000, 0.000100, 5.000000, 1.000000, 0.001000, 0.000010, 0.000000, 0.000000, 0.950000, 5.000000, 3.074132, -15.389141, -10.397803, 52.301724, 1000, 0.000100, 2.000000, -1.000000, -1.000000, 0.100000, 0.000100, 1.000000, 0.001000, 0.000010, 0.000000, 0.000000, 0.950000, 1.956915, -2.499447, -0.737825, 4.829473, 1000
9.71, 0.000100, 0.200000, 0.470000, -9.810000, 6.000000, 0.000000, 0.000000, 0.000000, 10.000000, -1.000000, 1.000000, -1.000000, 0.100000, 0.000100, 1.000000, 0.001000, 0.000010, 0.000000, 0.000000, 0.950000, -0.727800, 4.911703, -10.473419, 52.430056, 1.945751, -2.540369, 3.093651, -15.414319, 1000, 0.000100, -1.000000, -1.000000, 0.100000, 0.000100, 5.000000, 1.000000, 0.001000, 0.000010, 0.000000, 0.000000, 0.950000, 5.000000, 3.093651, -15.414319, -10.473419, 52.430056, 1000, 0.000100, 2.000000, -1.000000, -1.000000, 0.100000, 0.000100, 1.000000, 0.001000, 0.000010, 0.000000, 0.000000, 0.950000, 1.945751, -2.540369, -0.727800, 4.911703, 1000
9.72, 0.000100, 0.200000, 0.470000, -9.810000, 6.000000, 0.000000, 0.000000, 0.000000, 10.000000, -1.000000, 1.000000, -1.000000, 0.100000, 0.000100, 1.000000, 0.001000, 0.000010, 0.000000, 0.000000, 0.950000, -0.717840, 4.993549, -10.548859, 52.560385, 1.934522, -2.581079, 3.113058, -15.439906, 1000, 0.000100, -1.000000, -1.000000, 0.100000, 0.000100, 5.000000, 1.000000, 0.001000, 0.000010, 0.000000, 0.000000, 0.950000, 5.000000, 3.113058, -15.439906, -10.548859, 52.560385, 1000, 0.000100, 2.000000, -1.000000, -1.000000, 0.100000, 0.000100, 1.000000, 0.001000, 0.000010, 0.000000, 0.000000, 0.950000, 1.934522, -2.581079, -0.717840, 4.993549, 1000
9.73, 0.000100, 0.200000, 0.470000, -9.810000, 6.000000, 0.000000, 0.000000, 0.000000, 10.000000, -1.000000, 1.000000, -1.000000, 0.100000, 0.000100, 1.000000, 0.001000, 0.000010, 0.000000, 0.000000, 0.950000, -0.707945, 5.075006, -10.624121, 52.692699, 1.923228, -2.621575, 3.132352, -15.465899, 1000, 0.000100, -1.000000, -1.000000, 0.100000, 0.000100, 5.000000, 1.000000, 0.001000, 0.000010, 0.000000, 0.000000, 0.950000, 5.000000, 3.132352, -15.465899, -10.624121, 52.692699, 1000, 0.000100, 2.000000, -1.000000, -1.000000, 0.100000, 0.000100, 1.000000, 0.001000, 0.000010, 0.000000, 0.000000, 0.950000, 1.923228, -2.621575, -0.707945, 5.075006, 1000
9.74, 0.000100, 0.200000, 0.470000, -9.810000, 6.000000, 0.000000, 0.000000, 0.000000, 10.000000, -1.000000, 1.000000, -1.000000, 0.100000, 0.000100, 1.000000, 0.001000, 0.000010, 0.000000, 0.000000, 0.950000, -0.698117, 5.156069, -10.699199, 52.826987, 1.911869, -2.661856, 3.151534, -15.492296, 1000, 0.000100, -1.000000, -1.000000, 0.100000, 0.000100, 5.000000, 1.000000, 0.001000, 0.000010, 0.000000, 0.000000, 0.950000, 5.000000, 3.151534, -15.492296, -10.699199, 52.826987, 1000, 0.000100, 2.000000, -1.000000, -1.000000, 0.100000, 0.000100, 1.000000, 0.001000, 0.000010, 0.000000, 0.000000, 0.950000, 1.911869, -2.661856, -0.698117, 5.156069, 1000
9.75, 0.000100, 0.200000, 0.470000, -9.810000, 6.000000, 0.000000, 0.000000, 0.000000, 10.000000, -1.000000, 1.000000, -1.000000, 0.100000, 0.000100, 1.000000, 0.001000, 0.000010, 0.000000, 0.000000, 0.950000, -0.688356, 5.236736, -10.774092, 52.963238, 1.900445, -2.701919, 3.170601, -15.519095, 1000, 0.000100, -1.000000, -1.000000, 0.100000, 0.000100, 5.000000, 1.000000, 0.001000, 0.000010, 0.000000, 0.000000, 0.950000, 5.000000, 3.170601, -15.519095, -10.774092, 52.963238, 1000, 0.000100, 2.000000, -1.000000, -1.000000, 0.100000, 0.000100, 1.000000, 0.001000, 0.000010, 0.000000, 0.000000, 0.950000, 1.900445, -2.701919, -0.688356, 5.236736, 1000
9.76, 0.000100, 0.200000, 0.470000, -9.810000, 6.000000, 0.000000, 0.000000, 0.000000, 10.000000, -1.000000, 1.000000, -1.000000, 0.100000, 0.000100, 1.000000, 0.001000, 0.000010, 0.000000, 0.000000, 0.950000, -0.678663, 5.317000, -10.848794, 53.101438, 1.888956, -2.741765, 3.189554, -15.546294, 1000, 0.000100, -1.000000, -1.000000, 0.100000, 0.000100, 5.000000, 1.000000, 0.001000, 0.000010, 0.000000, 0.000000, 0.950000, 5.000000, 3.189554, -15.546294, -10.848794, 53.101438, 1000, 0.000100, 2.000000, -1.000000, -1.000000, 0.100000, 0.000100, 1.000000, 0.001000, 0.000010, 0.000000, 0.000000, 0.950000, 1.888956, -2.741765, -0.678663, 5.317000, 1000
9.77, 0.000100, 0.200000, 0.470000, -9.810000, 6.000000, 0.000000, 0.000000, 0.000000, 10.000000, -1.000000, 1.000000, -1.000000, 0.100000, 0.000100, 1.000000, 0.001000, 0.000010, 0.000000, 0.000000, 0.950000, -0.669039, 5.396858, -10.923302, 53.241578, 1.877402, -2.781390, 3.208391, -15.573890, 1000, 0.000100, -1.000000, -1.000000, 0.100000, 0.000100, 5.000000, 1.000000, 0.001000, 0.000010, 0.000000, 0.000000, 0.950000, 5.000000, 3.208391, -15.573890, -10.923302, 53.241578, 1000, 0.000100, 2.000000, -1.000000, -1.000000, 0.100000, 0.000100, 1.000000, 0.001000, 0.000010, 0.000000, 0.000000, 0.950000, 1.877402, -2.781390, -0.669039, 5.396858, 1000
9.78, 0.000100, 0.200000, 0.470000, -9.810000, 6.000000, 0.000000, 0.000000, 0.000000, 10.000000, -1.000000, 1.000000, -1.000000, 0.100000, 0.000100, 1.000000, 0.001000, 0.000010, 0.000000, 0.000000, 0.950000, -0.659485, 5.476306, -10.997613, 53.383644, 1.865784, -2.820794, 3.227113, -15.601881, 1000, 0.000100, -1.000000, -1.000000, 0.100000, 0.000100, 5.000000, 1.000000, 0.001000, 0.000010, 0.000000, 0.000000, 0.950000, 5.000000, 3.227113, -15.601881, -10.997613, 53.383644, 1000, 0.000100, 2.000000, -1.000000, -1.000000, 0.100000, 0.000100, 1.000000, 0.001000, 0.000010, 0.000000, 0.000000, 0.950000, 1.865784, -2.820794, -0.659485, 5.476306, 1000
9.79, 0.000100, 0.200000, 0.470000, -9.810000, 6.000000, 0.000000, 0.000000, 0.000000, 10.000000, -1.000000, 1.000000, -1.000000, 0.100000, 0.000100, 1.000000, 0.001000, 0.000010, 0.000000, 0.000000, 0.950000, -0.650001, 5.555340, -11.071722, 53.527626, 1.854101, -2.859975, 3.245718, -15.630265, 1000, 0.000100, -1.000000, -1.000000, 0.100000, 0.000100, 5.000000, 1.000000, 0.001000, 0.000010, 0.000000, 0.000000, 0.950000, 5.000000, 3.245718, -15.630265, -11.071722, 53.527626, 1000, 0.000100, 2.000000, -1.000000, -1.000000, 0.100000, 0.000100, 1.000000, 0.001000, 0.000010, 0.000000, 0.000000, 0.950000, 1.854101, -2.859975, -0.650001, 5.555340, 1000
9.8, 0.000100, 0.200000, 0.470000, -9.810000, 6.000000, 0.000000, 0.000000, 0.000000, 10.000000, -1.000000, 1.000000, -1.000000, 0.100000, 0.000100, 1.000000, 0.001000, 0.000010, 0.000000, 0.000000, 0.950000, -0.640588, 5.633955, -11.145626, 53.673510, 1.842354, -2.898930, 3.264206, -15.659040, 1000, 0.000100, -1.000000, -1.000000, 0.100000, 0.000100, 5.000000, 1.000000, 0.001000, 0.000010, 0.000000, 0.000000, 0.950000, 5.000000, 3.264206, -15.659040, -11.145626, 53.673510, 1000, 0.000100, 2.000000, -1.000000, -1.000000, 0.100000, 0.000100, 1.000000, 0.001000, 0.000010, 0.000000, 0.000000, 0.950000, 1.842354, -2.898930, -0.640588, 5.633955, 1000
9.81, 0.000100, 0.200000, 0.470000, -9.810000, 6.000000, 0.000000, 0.000000, 0.000000, 10.000000, -1.000000, 1.000000, -1.000000, 0.100000, 0.000100, 1.000000, 0.001000, 0.000010, 0.000000, 0.000000, 0.950000, -0.631247, 5.712147, -11.219320, 53.821286, 1.830543, -2.937660, 3.282577, -15.688204, 1000, 0.000100, -1.000000, -1.000000, 0.100000, 0.000100, 5.000000, 1.000000, 0.001000, 0.000010, 0.000000, 0.000000, 0.950000, 5.000000, 3.282577, -15.688204, -11.219320, 53.821286, 1000, 0.000100, 2.000000, -1.000000, -1.000000, 0.100000, 0.000100, 1.000000, 0.001000, 0.000010, 0.000000, 0.000000, 0.950000, 1.830543, -2.937660, -0.631247, 5.712147, 1000
9.82, 0.000100, 0.200000, 0.470000, -9.810000, 6.000000, 0.000000, 0.000000, 0.000000, 10.000000, -1.000000, 1.000000, -1.000000, 0.100000, 0.000100, 1.000000, 0.001000, 0.000010, 0.000000, 0.000000, 0.950000, -0.621978, 5.789912, -11.292800, 53.970940, 1.818668, -2.976162, 3.300829, -15.717754, 1000, 0.000100, -1.000000, -1.000000, 0.100000, 0.000100, 5.000000, 1.000000, 0.001000, 0.000010, 0.000000, 0.000000, 0.950000, 5.000000, 3.300829, -15.717754, -11.292800, 53.970940, 1000, 0.000100, 2.000000, -1.000000, -1.000000, 0.100000, 0.000100, 1.000000, 0.001000, 0.000010, 0.000000, 0.000000, 0.950000, 1.818668, -2.976162, -0.621978, 5.789912, 1000
9.83, 0.000100, 0.200000, 0.470000, -9.810000, 6.000000, 0.000000, 0.000000, 0.000000, 10.000000, -1.000000, 1.000000, -1.000000, 0.100000, 0.000100, 1.000000, 0.001000, 0.000010, 0.000000, 0.000000, 0.950000, -0.612783, 5.867246, -11.366063, 54.122462, 1.806729, -3.014435, 3.318962, -15.747688, 1000, 0.000100, -1.000000, -1.000000, 0.100000, 0.000100, 5.000000, 1.000000, 0.001000, 0.000010, 0.000000, 0.000000, 0.950000, 5.000000, 3.318962, -15.747688, -11.366063, 54.122462, 1000, 0.000100, 2.000000, -1.000000, -1.000000, 0.100000, 0.000100, 1.000000, 0.001000, 0.000010, 0.000000, 0.000000, 0.950000, 1.806729, -3.014435, -0.612783, 5.867246, 1000
9.84, 0.000100, 0.200000, 0.470000, -9.810000, 6.000000, 0.000000, 0.000000, 0.000000, 10.000000, -1.000000, 1.000000, -1.000000, 0.100000, 0.000100, 1.000000, 0.001000, 0.000010, 0.000000, 0.000000, 0.950000, -0.603661, 5.944146, -11.439104, 54.275839, 1.794726, -3.052478, 3.336975, -15.778003, 1000, 0.000100, -1.000000, -1.000000, 0.100000, 0.000100, 5.000000, 1.000000, 0.001000, 0.000010, 0.000000, 0.000000, 0.950000, 5.000000, 3.336975, -15.778003, -11.439104, 54.275839, 1000, 0.000100, 2.000000, -1.000000, -1.000000, 0.100000, 0.000100, 1.000000, 0.001000, 0.000010, 0.000000, 0.000000, 0.950000, 1.794726, -3.052478, -0.603661, 5.944146, 1000
9.85, 0.000100, 0.200000, 0.470000, -9.810000, 6.000000, 0.000000, 0.000000, 0.000000, 10.000000, -1.000000, 1.000000, -1.000000, 0.100000, 0.000100, 1.000000, 0.001000, 0.000010, 0.000000, 0.000000, 0.950000, -0.594613, 6.020607, -11.511918, 54.431059, 1.782660, -3.090288, 3.354868, -15.808698, 1000, 0.000100, -1.000000, -1.000000, 0.100000, 0.000100, 5.000000, 1.000000, 0.001000, 0.000010, 0.000000, 0.000000, 0.950000, 5.000000, 3.354868, -15.808698, -11.511918, 54.431059, 1000, 0.000100, 2.000000, -1.000000, -1.000000, 0.100000, 0.000100, 1.000000, 0.001000, 0.000010, 0.000000, 0.000000, 0.950000, 1.782660, -3.090288, -0.594613, 6.020607, 1000
9.86, 0.000100, 0.200000, 0.470000, -9.810000, 6.000000, 0.000000, 0.000000, 0.000000, 10.000000, -1.000000, 1.000000, -1.000000, 0.100000, 0.000100, 1.000000, 0.001000, 0.000010, 0.000000, 0.000000, 0.950000, -0.585640, 6.096626, -11.584502, 54.588110, 1.770530, -3.127865, 3.372640, -15.839770, 1000, 0.000100, -1.000000, -1.000000, 0.100000, 0.000100, 5.000000, 1.000000, 0.001000, 0.000010, 0.000000, 0.000000, 0.950000, 5.000000, 3.372640, -15.839770, -11.584502, 54.588110, 1000, 0.000100, 2.000000, -1.000000, -1.000000, 0.100000, 0.000100, 1.000000, 0.001000, 0.000010, 0.000000, 0.000000, 0.950000, 1.770530, -3.127865, -0.585640, 6.096626, 1000
9.87, 0.000100, 0.200000, 0.470000, -9.810000, 6.000000, 0.000000, 0.000000, 0.000000, 10.000000, -1.000000, 1.000000, -1.000000, 0.100000, 0.000100, 1.000000, 0.001000, 0.000010, 0.000000, 0.000000, 0.950000, -0.576742, 6.172198, -11.656852, 54.746980, 1.758337, -3.165207, 3.390290, -15.871217, 1000, 0.000100, -1.000000, -1.000000, 0.100000, 0.000100, 5.000000, 1.000000, 0.001000, 0.000010, 0.000000, 0.000000, 0.950000, 5.000000, 3.390290, -15.871217, -11.656852, 54.746980, 1000, 0.000100, 2.000000, -1.000000, -1.000000, 0.100000, 0.000100, 1.000000, 0.001000, 0.000010, 0.000000, 0.000000, 0.950000, 1.758337, -3.165207, -0.576742, 6.172198, 1000
9.88, 0.000100, 0.200000, 0.470000, -9.810000, 6.000000, 0.000000, 0.000000, 0.000000, 10.000000, -1.000000, 1.000000, -1.000000, 0.100000, 0.000100, 1.000000, 0.001000, 0.000010, 0.000000, 0.000000, 0.950000, -0.567920, 6.247320, -11.728962, 54.907656, 1.746080, -3.202314, 3.407819, -15.903036, 1000, 0.000100, -1.000000, -1.000000, 0.100000, 0.000100, 5.000000, 1.000000, 0.001000, 0.000010, 0.000000, 0.000000, 0.950000, 5.000000, 3.407819, -15.903036, -11.728962, 54.907656, 1000, 0.000100, 2.000000, -1.000000, -1.000000, 0.100000, 0.000100, 1.000000, 0.001000, 0.000010, 0.000000, 0.000000, 0.950000, 1.746080, -3.202314, -0.567920, 6.247320, 1000
9.89, 0.000100, 0.200000, 0.470000, -9.810000, 6.000000, 0.000000, 0.000000, 0.000000, 10.000000, -1.000000, 1.000000, -1.000000, 0.100000, 0.000100, 1.000000, 0.001000, 0.000010, 0.000000, 0.000000, 0.950000, -0.559174, 6.321989, -11.800829, 55.070126, 1.733761, -3.239182, 3.425224, -15.935225, 1000, 0.000100, -1.000000, -1.000000, 0.100000, 0.000100, 5.000000, 1.000000, 0.001000, 0.000010, 0.000000, 0.000000, 0.950000, 5.000000, 3.425224, -15.935225, -11.800829, 55.070126, 1000, 0.000100, 2.000000, -1.000000, -1.000000, 0.100000, 0.000100, 1.000000, 0.001000, 0.000010, 0.000000, 0.000000, 0.950000, 1.733761, -3.239182, -0.559174, 6.321989, 1000
9.9, 0.000100, 0.200000, 0.470000, -9.810000, 6.000000, 0.000000, 0.000000, 0.000000, 10.000000, -1.000000, 1.000000, -1.000000, 0.100000, 0.000100, 1.000000, 0.001000, 0.000010, 0.000000, 0.000000, 0.950000, -0.550504, 6.396200, -11.872447, 55.234378, 1.721379, -3.275812, 3.442506, -15.967781, 1000, 0.000100, -1.000000, -1.000000, 0.100000, 0.000100, 5.000000, 1.000000, 0.001000, 0.000010, 0.000000, 0.000000, 0.950000, 5.000000, 3.442506, -15.967781, -11.872447, 55.234378, 1000, 0.000100, 2.000000, -1.000000, -1.000000, 0.100000, 0.000100, 1.000000, 0.001000, 0.000010, 0.000000, 0.000000, 0.950000, 1.721379, -3.275812, -0.550504, 6.396200, 1000
9.91, 0.000100, 0.200000, 0.470000, -9.810000, 6.000000, 0.000000, 0.000000, 0.000000, 10.000000, -1.000000, 1.000000, -1.000000, 0.100000, 0.000100, 1.000000, 0.001000, 0.000010, 0.000000, 0.000000, 0.950000, -0.541911, 6.469951, -11.943813, 55.400400, 1.708934, -3.312201, 3.459664, -16.000703, 1000, 0.000100, -1.000000, -1.000000, 0.100000, 0.000100, 5.000000, 1.000000, 0.001000, 0.000010, 0.000000, 0.000000, 0.950000, 5.000000, 3.459664, -16.000703, -11.943813, 55.400400, 1000, 0.000100, 2.000000, -1.000000, -1.000000, 0.100000, 0.000100, 1.000000, 0.001000, 0.000010, 0.000000, 0.000000, 0.950000, 1.708934, -3.312201, -0.541911, 6.469951, 1000
9.92, 0.000100, 0.200000, 0.470000, -9.810000, 6.000000, 0.000000, 0.000000, 0.000000, 10.000000, -1.000000, 1.000000, -1.000000, 0.100000, 0.000100, 1.000000, 0.001000, 0.000010, 0.000000, 0.000000, 0.950000, -0.533396, 6.543236, -12.014922, 55.568179, 1.696427, -3.348349, 3.476697, -16.033988, 1000, 0.000100, -1.000000, -1.000000, 0.100000, 0.000100, 5.000000, 1.000000, 0.001000, 0.000010, 0.000000, 0.000000, 0.950000, 5.000000, 3.476697, -16.033988, -12.014922, 55.568179, 1000, 0.000100, 2.000000, -1.000000, -1.000000, 0.100000, 0.000100, 1.000000, 0.001000, 0.000010, 0.000000, 0.000000, 0.950000, 1.696427, -3.348349, -0.533396, 6.543236, 1000
9.93, 0.000100, 0.200000, 0.470000, -9.810000, 6.000000, 0.000000, 0.000000, 0.000000, 10.000000, -1.000000, 1.000000, -1.000000, 0.100000, 0.000100, 1.000000, 0.001000, 0.000010, 0.000000, 0.000000, 0.950000, -0.524957, 6.616054, -12.085770, 55.737702, 1.683858, -3.384254, 3.493604, -16.067633, 1000, 0.000100, -1.000000, -1.000000, 0.100000, 0.000100, 5.000000, 1.000000, 0.001000, 0.000010, 0.000000, 0.000000, 0.950000, 5.000000, 3.493604, -16.067633, -12.085770, 55.737702, 1000, 0.000100, 2.000000, -1.000000, -1.000000, 0.100000, 0.000100, 1.000000, 0.001000, 0.000010, 0.000000, 0.000000, 0.950000, 1.683858, -3.384254, -0.524957, 6.616054, 1000
9.94, 0.000100, 0.200000, 0.470000, -9.810000, 6.000000, 0.000000, 0.000000, 0.000000, 10.000000, -1.000000, 1.000000, -1.000000, 0.100000, 0.000100, 1.000000, 0.001000, 0.000010, 0.000000, 0.000000, 0.950000, -0.516597, 6.688400, -12.156351, 55.908958, 1.671226, -3.419915, 3.510386, -16.101636, 1000, 0.000100, -1.000000, -1.000000, 0.100000, 0.000100, 5.000000, 1.000000, 0.001000, 0.000010, 0.000000, 0.000000, 0.950000, 5.000000, 3.510386, -16.101636, -12.156351, 55.908958, 1000, 0.000100, 2.000000, -1.000000, -1.000000, 0.100000, 0.000100, 1.000000, 0.001000, 0.000010, 0.000000, 0.000000, 0.950000, 1.671226, -3.419915, -0.516597, 6.688400, 1000
9.95, 0.000100, 0.200000, 0.470000, -9.810000, 6.000000, 0.000000, 0.000000, 0.000000, 10.000000, -1.000000, 1.000000, -1.000000, 0.100000, 0.000100, 1.000000, 0.001000, 0.000010, 0.000000, 0.000000, 0.950000, -0.508315, 6.760272, -12.226661, 56.081934, 1.658533, -3.455330, 3.527041, -16.135995, 1000, 0.000100, -1.000000, -1.000000, 0.100000, 0.000100, 5.000000, 1.000000, 0.001000, 0.000010, 0.000000, 0.000000, 0.950000, 5.000000, 3.527041, -16.135995, -12.226661, 56.081934, 1000, 0.000100, 2.000000, -1.000000, -1.000000, 0.100000, 0.000100, 1.000000, 0.001000, 0.000010, 0.000000, 0.000000, 0.950000, 1.658533, -3.455330, -0.508315, 6.760272, 1000
9.96, 0.000100, 0.200000, 0.470000, -9.810000, 6.000000, 0.000000, 0.000000, 0.000000, 10.000000, -1.000000, 1.000000, -1.000000, 0.100000, 0.000100, 1.000000, 0.001000, 0.000010, 0.000000, 0.000000, 0.950000, -0.500111, 6.831665, -12.296695, 56.256617, 1.645778, -3.490499, 3.543569, -16.170706, 1000, 0.000100, -1.000000, -1.000000, 0.100000, 0.000100, 5.000000, 1.000000, 0.001000, 0.000010, 0.000000, 0.000000, 0.950000, 5.000000, 3.543569, -16.170706, -12.296695, 56.256617, 1000, 0.000100, 2.000000, -1.000000, -1.000000, 0.100000, 0.000100, 1.000000, 0.001000, 0.000010, 0.000000, 0.000000, 0.950000, 1.645778, -3.490499, -0.500111, 6.831665, 1000
9.97, 0.000100, 0.200000, 0.470000, -9.810000, 6.000000, 0.000000, 0.000000, 0.000000, 10.000000, -1.000000, 1.000000, -1.000000, 0.100000, 0.000100, 1.000000, 0.001000, 0.000010, 0.000000, 0.000000, 0.950000, -0.491985, 6.902577, -12.366450, 56.432995, 1.632961, -3.525420, 3.559969, -16.205768, 1000, 0.000100, -1.000000, -1.000000, 0.100000, 0.000100, 5.000000, 1.000000, 0.001000, 0.000010, 0.000000, 0.000000, 0.950000, 5.000000, 3.559969, -16.205768, -12.366450, 56.432995, 1000, 0.000100, 2.000000, -1.000000, -1.000000, 0.100000, 0.000100, 1.000000, 0.001000, 0.000010, 0.000000, 0.000000, 0.950000, 1.632961, -3.525420, -0.491985, 6.902577, 1000
9.98, 0.000100, 0.200000, 0.470000, -9.810000, 6.000000, 0.000000, 0.000000, 0.000000, 10.000000, -1.000000, 1.000000, -1.000000, 0.100000, 0.000100, 1.000000, 0.001000, 0.000010, 0.000000, 0.000000, 0.950000, -0.483938, 6.973004, -12.435919, 56.611055, 1.620083, -3.560092, 3.576241, -16.241178, 1000, 0.000100, -1.000000, -1.000000, 0.100000, 0.000100, 5.000000, 1.000000, 0.001000, 0.000010, 0.000000, 0.000000, 0.950000, 5.000000, 3.576241, -16.241178, -12.435919, 56.611055, 1000, 0.000100, 2.000000, -1.000000, -1.000000, 0.100000, 0.000100, 1.000000, 0.001000, 0.000010, 0.000000, 0.000000, 0.950000, 1.620083, -3.560092, -0.483938, 6.973004, 1000
9.99, 0.000100, 0.200000, 0.470000, -9.810000, 6.000000, 0.000000, 0.000000, 0.000000, 10.000000, -1.000000, 1.000000, -1.000000, 0.100000, 0.000100, 1.000000, 0.001000, 0.000010, 0.000000, 0.000000, 0.950000, -0.475970, 7.042943, -12.505098, 56.790785, 1.607144, -3.594514, 3.592384, -16.276934, 1000, 0.000100, -1.000000, -1.000000, 0.100000, 0.000100, 5.000000, 1.000000, 0.001000, 0.000010, 0.000000, 0.000000, 0.950000, 5.000000, 3.592384, -16.276934, -12.505098, 56.790785, 1000, 0.000100, 2.000000, -1.000000, -1.000000, 0.100000, 0.000100, 1.000000, 0.001000, 0.000010, 0.000000, 0.000000, 0.950000, 1.607144, -3.594514, -0.475970, 7.042943, 1000
10, 0.000100, 0.200000, 0.470000, -9.810000, 6.000000, 0.000000, 0.000000, 0.000000, 10.000000, -1.000000, 1.000000, -1.000000, 0.100000, 0.000100, 1.000000, 0.001000, 0.000010, 0.000000, 0.000000, 0.950000, -0.468080, 7.112391, -12.573983, 56.972171, 1.594144, -3.628684, 3.608396, -16.313033, 1000, 0.000100, -1.000000, -1.000000, 0.100000, 0.000100, 5.000000, 1.000000, 0.001000, 0.000010, 0.000000, 0.000000, 0.950000, 5.000000, 3.608396, -16.313033, -12.573983, 56.972171, 1000, 0.000100, 2.000000, -1.000000, -1.000000, 0.100000, 0.000100, 1.000000, 0.001000, 0.000010, 0.000000, 0.000000, 0.950000, 1.594144, -3.628684, -0.468080, 7.112391, 1000
