time, slave::Ground.p1.u[REAL], slave::Ground.p2.u[REAL], slave::Ground.p1.i[REAL], slave::Ground.p2.i[REAL], slave::Ground.p.u[REAL], slave::Ground.p.i[REAL], slave::HeatCapacity1.p1.T[REAL], slave::HeatCapacity1.p2.T[REAL], slave::HeatCapacity1.p3.T[REAL], slave::HeatCapacity1.p1.dQ[REAL], slave::HeatCapacity1.p2.dQ[REAL], slave::HeatCapacity1.p3.dQ[REAL], slave::HeatCapacity1.p.T[REAL], slave::HeatCapacity1.C[REAL], slave::HeatCapacity1.T0[REAL], slave::HeatCapacity1.E[REAL], slave::OnOffController.input[REAL], slave::OnOffController.output[REAL], slave::OnOffController.reference[REAL], slave::OnOffController.bandwidth[REAL], slave::Ramp.output[REAL], slave::Ramp.slope[REAL], slave::Ramp.start_time[REAL], slave::Ramp.stop_time[REAL], slave::Ramp.offset[REAL], slave::Splitter1.input[REAL], slave::Splitter1.output1[REAL], slave::Splitter1.output2[REAL], slave::Splitter2.input[REAL], slave::Splitter2.output1[REAL], slave::Splitter2.output2[REAL], slave::Switch.Ground1.p1.u[REAL], slave::Switch.Ground1.p1.i[REAL], slave::Switch.Ground1.p.u[REAL], slave::Switch.Ground1.p.i[REAL], slave::Switch.Ground2.p1.u[REAL], slave::Switch.Ground2.p1.i[REAL], slave::Switch.Ground2.p.u[REAL], slave::Switch.Ground2.p.i[REAL], slave::Switch.Node1.p1.u[REAL], slave::Switch.Node1.p2.u[REAL], slave::Switch.Node1.p3.u[REAL], slave::Switch.Node1.p1.i[REAL], slave::Switch.Node1.p2.i[REAL], slave::Switch.Node2.p1.u[REAL], slave::Switch.Node2.p2.u[REAL], slave::Switch.Node2.p3.u[REAL], slave::Switch.Node2.p1.i[REAL], slave::Switch.Node2.p2.i[REAL], slave::Switch.Node2.p3.i[REAL], slave::Switch.R1.p.u[REAL], slave::Switch.R1.p.i[REAL], slave::Switch.R1.p_high.u[REAL], slave::Switch.R1.p_high.i[REAL], slave::Switch.R1.p_low.u[REAL], slave::Switch.R1.p_low.i[REAL], slave::Switch.R1.R[REAL], slave::Switch.R2.p.u[REAL], slave::Switch.R2.p.i[REAL], slave::Switch.R2.p_high.u[REAL], slave::Switch.R2.p_high.i[REAL], slave::Switch.R2.p_low.u[REAL], slave::Switch.R2.p_low.i[REAL], slave::Switch.R2.R[REAL], slave::Switch.Resistance12.p.u[REAL], slave::Switch.Resistance12.p.i[REAL], slave::Switch.Resistance12.p_high.u[REAL], slave::Switch.Resistance12.p_high.i[REAL], slave::Switch.Resistance12.p_low.u[REAL], slave::Switch.Resistance12.p_low.i[REAL], slave::Switch.Resistance12.input[REAL], slave::Switch.Resistance12.Ron[REAL], slave::Switch.Resistance12.Roff[REAL], slave::Switch.Resistance12.vt[REAL], slave::Switch.Resistance12.R[REAL], slave::Switch.input[REAL], slave::Switch.p2.u[REAL], slave::Switch.p2.i[REAL], slave::Switch.p1.u[REAL], slave::Switch.p1.i[REAL], slave::TemperatureSource.p.T[REAL], slave::TemperatureSource.p.dQ[REAL], slave::TemperatureSource.T[REAL], slave::ThermalConductor.p.T[REAL], slave::ThermalConductor.p.dQ[REAL], slave::ThermalConductor.p_high.T[REAL], slave::ThermalConductor.p_high.dQ[REAL], slave::ThermalConductor.p_low.T[REAL], slave::ThermalConductor.p_low.dQ[REAL], slave::ThermalConductor.G[REAL], slave::Thermistor.p_el.u[REAL], slave::Thermistor.p_el.i[REAL], slave::Thermistor.p_el_high.u[REAL], slave::Thermistor.p_el_high.i[REAL], slave::Thermistor.p_el_low.u[REAL], slave::Thermistor.p_el_low.i[REAL], slave::Thermistor.p_th.T[REAL], slave::Thermistor.p_th.dQ[REAL], slave::Thermistor.R_ref[REAL], slave::Thermistor.T_ref[REAL], slave::Thermistor.alpha[REAL], slave::Thermistor.R[REAL], slave::VoltageSource.p.u[REAL], slave::VoltageSource.p.i[REAL], slave::VoltageSource.p_high.u[REAL], slave::VoltageSource.p_high.i[REAL], slave::VoltageSource.p_low.u[REAL], slave::VoltageSource.p_low.i[REAL], slave::VoltageSource.U[REAL], slave::ZeroJunction.effort[REAL], slave::ZeroJunction.p1.T[REAL], slave::ZeroJunction.p1.dQ[REAL], slave::Temperature_Reference[REAL], slave::Temperature_Room[REAL], slave::HeatCapacity1.p.dQ[REAL], slave::HeatCapacity1.p.dQ_int[REAL], slave::HeatCapacity1.p.dQ_int_initial[REAL], slave::Switch.Node1.p3.i[REAL]
0, 0.000000, 0.000000, 0.000100, 0.000102, 0.000000, -0.000002, 298.000000, 298.000000, 298.000000, -0.485000, 0.000000, 0.000000, 298.000000, 0.100000, 298.000000, 29.800000, 298.000000, 0.000000, 298.150000, 2.000000, 298.150000, 4.166670, 8.000000, 16.000000, 298.150000, 298.150000, 298.150000, 298.150000, 298.000000, 298.000000, 298.000000, 0.000000, 0.000002, 0.000000, 0.000002, 0.000000, 0.000000, 0.000000, 0.000000, 0.001019, 0.001019, 0.001019, 0.000100, 0.000000, 10.000000, 10.000000, 10.000000, 0.000002, 0.000100, 0.000102, 10.000000, 0.000002, 10.000000, 0.000002, 0.000000, 0.000002, 5000000.000000, 0.001019, 0.000000, 0.001019, 0.000000, 0.000000, 0.000000, 5000000.000000, 9.998981, 0.000100, 10.000000, 0.000100, 0.001019, 0.000100, 0.000000, 0.000010, 100000.000000, 0.500000, 100000.000000, 0.000000, 0.001019, 0.000100, 10.000000, 0.000102, 293.150000, -0.485000, 293.150000, -4.850000, -0.485000, 293.150000, -0.485000, 298.000000, -0.485000, 0.100000, 0.001019, 0.000100, 0.001019, 0.000100, 0.000000, 0.000100, 298.000000, 0.000000, 10.000000, 293.150000, 0.004000, 10.194000, 10.000000, 0.000102, 10.000000, 0.000102, 0.000000, 0.000102, 10.000000, 298.000000, 298.000000, 0.000000, 25.000000, 24.850000, -0.485000, 0.000000, 0.000000, 0.000100
0.02, 0.000000, 0.000000, 0.000100, 0.000102, 0.000000, -0.000002, 297.903964, 297.903964, 297.903964, -0.475396, 0.000000, 0.000000, 297.903964, 0.100000, 298.000000, 29.790396, 297.903964, 0.000000, 298.150000, 2.000000, 298.150000, 4.166670, 8.000000, 16.000000, 298.150000, 298.150000, 298.150000, 298.150000, 297.903964, 297.903964, 297.903964, 0.000000, 0.000002, 0.000000, 0.000002, 0.000000, 0.000000, 0.000000, 0.000000, 0.001019, 0.001019, 0.001019, 0.000100, 0.000000, 10.000000, 10.000000, 10.000000, 0.000002, 0.000100, 0.000102, 10.000000, 0.000002, 10.000000, 0.000002, 0.000000, 0.000002, 5000000.000000, 0.001019, 0.000000, 0.001019, 0.000000, 0.000000, 0.000000, 5000000.000000, 9.998981, 0.000100, 10.000000, 0.000100, 0.001019, 0.000100, 0.000000, 0.000010, 100000.000000, 0.500000, 100000.000000, 0.000000, 0.001019, 0.000100, 10.000000, 0.000102, 293.150000, -0.475396, 293.150000, -4.753964, -0.475396, 293.150000, -0.475396, 297.903964, -0.475396, 0.100000, 0.001019, 0.000100, 0.001019, 0.000100, 0.000000, 0.000100, 297.903964, 0.000000, 10.000000, 293.150000, 0.004000, 10.190159, 10.000000, 0.000102, 10.000000, 0.000102, 0.000000, 0.000102, 10.000000, 297.903964, 297.903964, 0.000000, 25.000000, 24.753964, -0.475396, -0.009604, 0.000000, 0.000100
0.04, 0.000000, 0.000000, 0.000100, 0.000102, 0.000000, -0.000002, 297.809829, 297.809829, 297.809829, -0.465983, 0.000000, 0.000000, 297.809829, 0.100000, 298.000000, 29.780983, 297.809829, 0.000000, 298.150000, 2.000000, 298.150000, 4.166670, 8.000000, 16.000000, 298.150000, 298.150000, 298.150000, 298.150000, 297.809829, 297.809829, 297.809829, 0.000000, 0.000002, 0.000000, 0.000002, 0.000000, 0.000000, 0.000000, 0.000000, 0.001019, 0.001019, 0.001019, 0.000100, 0.000000, 10.000000, 10.000000, 10.000000, 0.000002, 0.000100, 0.000102, 10.000000, 0.000002, 10.000000, 0.000002, 0.000000, 0.000002, 5000000.000000, 0.001019, 0.000000, 0.001019, 0.000000, 0.000000, 0.000000, 5000000.000000, 9.998981, 0.000100, 10.000000, 0.000100, 0.001019, 0.000100, 0.000000, 0.000010, 100000.000000, 0.500000, 100000.000000, 0.000000, 0.001019, 0.000100, 10.000000, 0.000102, 293.150000, -0.465983, 293.150000, -4.659829, -0.465983, 293.150000, -0.465983, 297.809829, -0.465983, 0.100000, 0.001019, 0.000100, 0.001019, 0.000100, 0.000000, 0.000100, 297.809829, 0.000000, 10.000000, 293.150000, 0.004000, 10.186393, 10.000000, 0.000102, 10.000000, 0.000102, 0.000000, 0.000102, 10.000000, 297.809829, 297.809829, 0.000000, 25.000000, 24.659829, -0.465983, -0.019017, 0.000000, 0.000100
0.06, 0.000000, 0.000000, 0.000100, 0.000102, 0.000000, -0.000002, 297.717558, 297.717558, 297.717558, -0.456756, 0.000000, 0.000000, 297.717558, 0.100000, 298.000000, 29.771756, 297.717558, 0.000000, 298.150000, 2.000000, 298.150000, 4.166670, 8.000000, 16.000000, 298.150000, 298.150000, 298.150000, 298.150000, 297.717558, 297.717558, 297.717558, 0.000000, 0.000002, 0.000000, 0.000002, 0.000000, 0.000000, 0.000000, 0.000000, 0.001018, 0.001018, 0.001018, 0.000100, 0.000000, 10.000000, 10.000000, 10.000000, 0.000002, 0.000100, 0.000102, 10.000000, 0.000002, 10.000000, 0.000002, 0.000000, 0.000002, 5000000.000000, 0.001018, 0.000000, 0.001018, 0.000000, 0.000000, 0.000000, 5000000.000000, 9.998982, 0.000100, 10.000000, 0.000100, 0.001018, 0.000100, 0.000000, 0.000010, 100000.000000, 0.500000, 100000.000000, 0.000000, 0.001018, 0.000100, 10.000000, 0.000102, 293.150000, -0.456756, 293.150000, -4.567558, -0.456756, 293.150000, -0.456756, 297.717558, -0.456756, 0.100000, 0.001018, 0.000100, 0.001018, 0.000100, 0.000000, 0.000100, 297.717558, 0.000000, 10.000000, 293.150000, 0.004000, 10.182702, 10.000000, 0.000102, 10.000000, 0.000102, 0.000000, 0.000102, 10.000000, 297.717558, 297.717558, 0.000000, 25.000000, 24.567558, -0.456756, -0.028244, 0.000000, 0.000100
0.08, 0.000000, 0.000000, 0.000100, 0.000102, 0.000000, -0.000002, 297.627114, 297.627114, 297.627114, -0.447711, 0.000000, 0.000000, 297.627114, 0.100000, 298.000000, 29.762711, 297.627114, 0.000000, 298.150000, 2.000000, 298.150000, 4.166670, 8.000000, 16.000000, 298.150000, 298.150000, 298.150000, 298.150000, 297.627114, 297.627114, 297.627114, 0.000000, 0.000002, 0.000000, 0.000002, 0.000000, 0.000000, 0.000000, 0.000000, 0.001018, 0.001018, 0.001018, 0.000100, 0.000000, 10.000000, 10.000000, 10.000000, 0.000002, 0.000100, 0.000102, 10.000000, 0.000002, 10.000000, 0.000002, 0.000000, 0.000002, 5000000.000000, 0.001018, 0.000000, 0.001018, 0.000000, 0.000000, 0.000000, 5000000.000000, 9.998982, 0.000100, 10.000000, 0.000100, 0.001018, 0.000100, 0.000000, 0.000010, 100000.000000, 0.500000, 100000.000000, 0.000000, 0.001018, 0.000100, 10.000000, 0.000102, 293.150000, -0.447711, 293.150000, -4.477114, -0.447711, 293.150000, -0.447711, 297.627114, -0.447711, 0.100000, 0.001018, 0.000100, 0.001018, 0.000100, 0.000000, 0.000100, 297.627114, 0.000000, 10.000000, 293.150000, 0.004000, 10.179085, 10.000000, 0.000102, 10.000000, 0.000102, 0.000000, 0.000102, 10.000000, 297.627114, 297.627114, 0.000000, 25.000000, 24.477114, -0.447711, -0.037289, 0.000000, 0.000100
0.1, 0.000000, 0.000000, 0.000100, 0.000102, 0.000000, -0.000002, 297.538462, 297.538462, 297.538462, -0.438846, 0.000000, 0.000000, 297.538462, 0.100000, 298.000000, 29.753846, 297.538462, 0.000000, 298.150000, 2.000000, 298.150000, 4.166670, 8.000000, 16.000000, 298.150000, 298.150000, 298.150000, 298.150000, 297.538462, 297.538462, 297.538462, 0.000000, 0.000002, 0.000000, 0.000002, 0.000000, 0.000000, 0.000000, 0.000000, 0.001017, 0.001017, 0.001017, 0.000100, 0.000000, 10.000000, 10.000000, 10.000000, 0.000002, 0.000100, 0.000102, 10.000000, 0.000002, 10.000000, 0.000002, 0.000000, 0.000002, 5000000.000000, 0.001017, 0.000000, 0.001017, 0.000000, 0.000000, 0.000000, 5000000.000000, 9.998983, 0.000100, 10.000000, 0.000100, 0.001017, 0.000100, 0.000000, 0.000010, 100000.000000, 0.500000, 100000.000000, 0.000000, 0.001017, 0.000100, 10.000000, 0.000102, 293.150000, -0.438846, 293.150000, -4.388462, -0.438846, 293.150000, -0.438846, 297.538462, -0.438846, 0.100000, 0.001017, 0.000100, 0.001017, 0.000100, 0.000000, 0.000100, 297.538462, 0.000000, 10.000000, 293.150000, 0.004000, 10.175538, 10.000000, 0.000102, 10.000000, 0.000102, 0.000000, 0.000102, 10.000000, 297.538462, 297.538462, 0.000000, 25.000000, 24.388462, -0.438846, -0.046154, 0.000000, 0.000100
0.12, 0.000000, 0.000000, 0.000100, 0.000102, 0.000000, -0.000002, 297.451564, 297.451564, 297.451564, -0.430156, 0.000000, 0.000000, 297.451564, 0.100000, 298.000000, 29.745156, 297.451564, 0.000000, 298.150000, 2.000000, 298.150000, 4.166670, 8.000000, 16.000000, 298.150000, 298.150000, 298.150000, 298.150000, 297.451564, 297.451564, 297.451564, 0.000000, 0.000002, 0.000000, 0.000002, 0.000000, 0.000000, 0.000000, 0.000000, 0.001017, 0.001017, 0.001017, 0.000100, 0.000000, 10.000000, 10.000000, 10.000000, 0.000002, 0.000100, 0.000102, 10.000000, 0.000002, 10.000000, 0.000002, 0.000000, 0.000002, 5000000.000000, 0.001017, 0.000000, 0.001017, 0.000000, 0.000000, 0.000000, 5000000.000000, 9.998983, 0.000100, 10.000000, 0.000100, 0.001017, 0.000100, 0.000000, 0.000010, 100000.000000, 0.500000, 100000.000000, 0.000000, 0.001017, 0.000100, 10.000000, 0.000102, 293.150000, -0.430156, 293.150000, -4.301564, -0.430156, 293.150000, -0.430156, 297.451564, -0.430156, 0.100000, 0.001017, 0.000100, 0.001017, 0.000100, 0.000000, 0.000100, 297.451564, 0.000000, 10.000000, 293.150000, 0.004000, 10.172063, 10.000000, 0.000102, 10.000000, 0.000102, 0.000000, 0.000102, 10.000000, 297.451564, 297.451564, 0.000000, 25.000000, 24.301564, -0.430156, -0.054844, 0.000000, 0.000100
0.14, 0.000000, 0.000000, 0.000100, 0.000102, 0.000000, -0.000002, 297.366388, 297.366388, 297.366388, -0.421639, 0.000000, 0.000000, 297.366388, 0.100000, 298.000000, 29.736639, 297.366388, 0.000000, 298.150000, 2.000000, 298.150000, 4.166670, 8.000000, 16.000000, 298.150000, 298.150000, 298.150000, 298.150000, 297.366388, 297.366388, 297.366388, 0.000000, 0.000002, 0.000000, 0.000002, 0.000000, 0.000000, 0.000000, 0.000000, 0.001017, 0.001017, 0.001017, 0.000100, 0.000000, 10.000000, 10.000000, 10.000000, 0.000002, 0.000100, 0.000102, 10.000000, 0.000002, 10.000000, 0.000002, 0.000000, 0.000002, 5000000.000000, 0.001017, 0.000000, 0.001017, 0.000000, 0.000000, 0.000000, 5000000.000000, 9.998983, 0.000100, 10.000000, 0.000100, 0.001017, 0.000100, 0.000000, 0.000010, 100000.000000, 0.500000, 100000.000000, 0.000000, 0.001017, 0.000100, 10.000000, 0.000102, 293.150000, -0.421639, 293.150000, -4.216388, -0.421639, 293.150000, -0.421639, 297.366388, -0.421639, 0.100000, 0.001017, 0.000100, 0.001017, 0.000100, 0.000000, 0.000100, 297.366388, 0.000000, 10.000000, 293.150000, 0.004000, 10.168656, 10.000000, 0.000102, 10.000000, 0.000102, 0.000000, 0.000102, 10.000000, 297.366388, 297.366388, 0.000000, 25.000000, 24.216388, -0.421639, -0.063361, 0.000000, 0.000100
0.16, 0.000000, 0.000000, 0.000100, 0.000102, 0.000000, -0.000002, 297.282898, 297.282898, 297.282898, -0.413290, 0.000000, 0.000000, 297.282898, 0.100000, 298.000000, 29.728290, 297.282898, 0.000000, 298.150000, 2.000000, 298.150000, 4.166670, 8.000000, 16.000000, 298.150000, 298.150000, 298.150000, 298.150000, 297.282898, 297.282898, 297.282898, 0.000000, 0.000002, 0.000000, 0.000002, 0.000000, 0.000000, 0.000000, 0.000000, 0.001016, 0.001016, 0.001016, 0.000100, 0.000000, 10.000000, 10.000000, 10.000000, 0.000002, 0.000100, 0.000102, 10.000000, 0.000002, 10.000000, 0.000002, 0.000000, 0.000002, 5000000.000000, 0.001016, 0.000000, 0.001016, 0.000000, 0.000000, 0.000000, 5000000.000000, 9.998984, 0.000100, 10.000000, 0.000100, 0.001016, 0.000100, 0.000000, 0.000010, 100000.000000, 0.500000, 100000.000000, 0.000000, 0.001016, 0.000100, 10.000000, 0.000102, 293.150000, -0.413290, 293.150000, -4.132898, -0.413290, 293.150000, -0.413290, 297.282898, -0.413290, 0.100000, 0.001016, 0.000100, 0.001016, 0.000100, 0.000000, 0.000100, 297.282898, 0.000000, 10.000000, 293.150000, 0.004000, 10.165316, 10.000000, 0.000102, 10.000000, 0.000102, 0.000000, 0.000102, 10.000000, 297.282898, 297.282898, 0.000000, 25.000000, 24.132898, -0.413290, -0.071710, 0.000000, 0.000100
0.18, 0.000000, 0.000000, 0.000100, 0.000102, 0.000000, -0.000002, 297.201061, 297.201061, 297.201061, -0.405106, 0.000000, 0.000000, 297.201061, 0.100000, 298.000000, 29.720106, 297.201061, 0.000000, 298.150000, 2.000000, 298.150000, 4.166670, 8.000000, 16.000000, 298.150000, 298.150000, 298.150000, 298.150000, 297.201061, 297.201061, 297.201061, 0.000000, 0.000002, 0.000000, 0.000002, 0.000000, 0.000000, 0.000000, 0.000000, 0.001016, 0.001016, 0.001016, 0.000100, 0.000000, 10.000000, 10.000000, 10.000000, 0.000002, 0.000100, 0.000102, 10.000000, 0.000002, 10.000000, 0.000002, 0.000000, 0.000002, 5000000.000000, 0.001016, 0.000000, 0.001016, 0.000000, 0.000000, 0.000000, 5000000.000000, 9.998984, 0.000100, 10.000000, 0.000100, 0.001016, 0.000100, 0.000000, 0.000010, 100000.000000, 0.500000, 100000.000000, 0.000000, 0.001016, 0.000100, 10.000000, 0.000102, 293.150000, -0.405106, 293.150000, -4.051061, -0.405106, 293.150000, -0.405106, 297.201061, -0.405106, 0.100000, 0.001016, 0.000100, 0.001016, 0.000100, 0.000000, 0.000100, 297.201061, 0.000000, 10.000000, 293.150000, 0.004000, 10.162042, 10.000000, 0.000102, 10.000000, 0.000102, 0.000000, 0.000102, 10.000000, 297.201061, 297.201061, 0.000000, 25.000000, 24.051061, -0.405106, -0.079894, 0.000000, 0.000100
0.2, 0.000000, 0.000000, 0.981601, 0.981605, 0.000000, -0.000004, 297.835763, 297.835763, 297.835763, -0.468576, 0.000000, 9.815999, 297.835763, 0.100000, 298.000000, 29.783576, 297.835763, 1.000000, 298.150000, 2.000000, 298.150000, 4.166670, 8.000000, 16.000000, 298.150000, 298.150000, 298.150000, 298.150000, 297.835763, 297.835763, 297.835763, 0.000000, 0.000002, 0.000000, 0.000002, 0.000000, 0.000002, 0.000000, 0.000002, 9.999990, 9.999990, 9.999990, 0.981601, 0.000002, 10.000000, 10.000000, 10.000000, 0.000002, 0.981603, 0.981605, 10.000000, 0.000002, 10.000000, 0.000002, 0.000000, 0.000002, 5000000.000000, 9.999990, 0.000002, 9.999990, 0.000002, 0.000000, 0.000002, 5000000.000000, 0.000010, 0.981603, 10.000000, 0.981603, 9.999990, 0.981603, 1.000000, 0.000010, 100000.000000, 0.500000, 0.000010, 1.000000, 9.999990, 0.981601, 10.000000, 0.981605, 293.150000, -0.468576, 293.150000, -4.685763, -0.468576, 293.150000, -0.468576, 297.835763, -0.468576, 0.100000, 9.999990, 0.981601, 9.999990, 0.981601, 0.000000, 0.981601, 297.835763, 9.815999, 10.000000, 293.150000, 0.004000, 10.187431, 10.000000, 0.981605, 10.000000, 0.981605, 0.000000, 0.981605, 10.000000, 297.835763, 297.835763, 0.000000, 25.000000, 24.685763, 9.347422, -0.016424, 0.000000, 0.981603
0.22, 0.000000, 0.000000, 0.000100, 0.000102, 0.000000, -0.000002, 299.115438, 299.115438, 299.115438, -0.596544, 0.000000, 0.000000, 299.115438, 0.100000, 298.000000, 29.911544, 299.115438, 0.000000, 298.150000, 2.000000, 298.150000, 4.166670, 8.000000, 16.000000, 298.150000, 298.150000, 298.150000, 298.150000, 299.115438, 299.115438, 299.115438, 0.000000, 0.000002, 0.000000, 0.000002, 0.000000, 0.000000, 0.000000, 0.000000, 0.001024, 0.001024, 0.001024, 0.000100, 0.000000, 10.000000, 10.000000, 10.000000, 0.000002, 0.000100, 0.000102, 10.000000, 0.000002, 10.000000, 0.000002, 0.000000, 0.000002, 5000000.000000, 0.001024, 0.000000, 0.001024, 0.000000, 0.000000, 0.000000, 5000000.000000, 9.998976, 0.000100, 10.000000, 0.000100, 0.001024, 0.000100, 0.000000, 0.000010, 100000.000000, 0.500000, 100000.000000, 0.000000, 0.001024, 0.000100, 10.000000, 0.000102, 293.150000, -0.596544, 293.150000, -5.965438, -0.596544, 293.150000, -0.596544, 299.115438, -0.596544, 0.100000, 0.001024, 0.000100, 0.001024, 0.000100, 0.000000, 0.000100, 299.115438, 0.000000, 10.000000, 293.150000, 0.004000, 10.238618, 10.000000, 0.000102, 10.000000, 0.000102, 0.000000, 0.000102, 10.000000, 299.115438, 299.115438, 0.000000, 25.000000, 25.965438, -0.596544, 0.111544, 0.000000, 0.000100
0.24, 0.000000, 0.000000, 0.000100, 0.000102, 0.000000, -0.000002, 298.997315, 298.997315, 298.997315, -0.584731, 0.000000, 0.000000, 298.997315, 0.100000, 298.000000, 29.899731, 298.997315, 0.000000, 298.150000, 2.000000, 298.150000, 4.166670, 8.000000, 16.000000, 298.150000, 298.150000, 298.150000, 298.150000, 298.997315, 298.997315, 298.997315, 0.000000, 0.000002, 0.000000, 0.000002, 0.000000, 0.000000, 0.000000, 0.000000, 0.001023, 0.001023, 0.001023, 0.000100, 0.000000, 10.000000, 10.000000, 10.000000, 0.000002, 0.000100, 0.000102, 10.000000, 0.000002, 10.000000, 0.000002, 0.000000, 0.000002, 5000000.000000, 0.001023, 0.000000, 0.001023, 0.000000, 0.000000, 0.000000, 5000000.000000, 9.998977, 0.000100, 10.000000, 0.000100, 0.001023, 0.000100, 0.000000, 0.000010, 100000.000000, 0.500000, 100000.000000, 0.000000, 0.001023, 0.000100, 10.000000, 0.000102, 293.150000, -0.584731, 293.150000, -5.847315, -0.584731, 293.150000, -0.584731, 298.997315, -0.584731, 0.100000, 0.001023, 0.000100, 0.001023, 0.000100, 0.000000, 0.000100, 298.997315, 0.000000, 10.000000, 293.150000, 0.004000, 10.233893, 10.000000, 0.000102, 10.000000, 0.000102, 0.000000, 0.000102, 10.000000, 298.997315, 298.997315, 0.000000, 25.000000, 25.847315, -0.584731, 0.099731, 0.000000, 0.000100
0.26, 0.000000, 0.000000, 0.000100, 0.000102, 0.000000, -0.000002, 298.881530, 298.881530, 298.881530, -0.573153, 0.000000, 0.000000, 298.881530, 0.100000, 298.000000, 29.888153, 298.881530, 0.000000, 298.150000, 2.000000, 298.150000, 4.166670, 8.000000, 16.000000, 298.150000, 298.150000, 298.150000, 298.150000, 298.881530, 298.881530, 298.881530, 0.000000, 0.000002, 0.000000, 0.000002, 0.000000, 0.000000, 0.000000, 0.000000, 0.001023, 0.001023, 0.001023, 0.000100, 0.000000, 10.000000, 10.000000, 10.000000, 0.000002, 0.000100, 0.000102, 10.000000, 0.000002, 10.000000, 0.000002, 0.000000, 0.000002, 5000000.000000, 0.001023, 0.000000, 0.001023, 0.000000, 0.000000, 0.000000, 5000000.000000, 9.998977, 0.000100, 10.000000, 0.000100, 0.001023, 0.000100, 0.000000, 0.000010, 100000.000000, 0.500000, 100000.000000, 0.000000, 0.001023, 0.000100, 10.000000, 0.000102, 293.150000, -0.573153, 293.150000, -5.731530, -0.573153, 293.150000, -0.573153, 298.881530, -0.573153, 0.100000, 0.001023, 0.000100, 0.001023, 0.000100, 0.000000, 0.000100, 298.881530, 0.000000, 10.000000, 293.150000, 0.004000, 10.229261, 10.000000, 0.000102, 10.000000, 0.000102, 0.000000, 0.000102, 10.000000, 298.881530, 298.881530, 0.000000, 25.000000, 25.731530, -0.573153, 0.088153, 0.000000, 0.000100
0.28, 0.000000, 0.000000, 0.000100, 0.000102, 0.000000, -0.000002, 298.768038, 298.768038, 298.768038, -0.561804, 0.000000, 0.000000, 298.768038, 0.100000, 298.000000, 29.876804, 298.768038, 0.000000, 298.150000, 2.000000, 298.150000, 4.166670, 8.000000, 16.000000, 298.150000, 298.150000, 298.150000, 298.150000, 298.768038, 298.768038, 298.768038, 0.000000, 0.000002, 0.000000, 0.000002, 0.000000, 0.000000, 0.000000, 0.000000, 0.001022, 0.001022, 0.001022, 0.000100, 0.000000, 10.000000, 10.000000, 10.000000, 0.000002, 0.000100, 0.000102, 10.000000, 0.000002, 10.000000, 0.000002, 0.000000, 0.000002, 5000000.000000, 0.001022, 0.000000, 0.001022, 0.000000, 0.000000, 0.000000, 5000000.000000, 9.998978, 0.000100, 10.000000, 0.000100, 0.001022, 0.000100, 0.000000, 0.000010, 100000.000000, 0.500000, 100000.000000, 0.000000, 0.001022, 0.000100, 10.000000, 0.000102, 293.150000, -0.561804, 293.150000, -5.618038, -0.561804, 293.150000, -0.561804, 298.768038, -0.561804, 0.100000, 0.001022, 0.000100, 0.001022, 0.000100, 0.000000, 0.000100, 298.768038, 0.000000, 10.000000, 293.150000, 0.004000, 10.224722, 10.000000, 0.000102, 10.000000, 0.000102, 0.000000, 0.000102, 10.000000, 298.768038, 298.768038, 0.000000, 25.000000, 25.618038, -0.561804, 0.076804, 0.000000, 0.000100
0.3, 0.000000, 0.000000, 0.000100, 0.000102, 0.000000, -0.000002, 298.656794, 298.656794, 298.656794, -0.550679, 0.000000, 0.000000, 298.656794, 0.100000, 298.000000, 29.865679, 298.656794, 0.000000, 298.150000, 2.000000, 298.150000, 4.166670, 8.000000, 16.000000, 298.150000, 298.150000, 298.150000, 298.150000, 298.656794, 298.656794, 298.656794, 0.000000, 0.000002, 0.000000, 0.000002, 0.000000, 0.000000, 0.000000, 0.000000, 0.001022, 0.001022, 0.001022, 0.000100, 0.000000, 10.000000, 10.000000, 10.000000, 0.000002, 0.000100, 0.000102, 10.000000, 0.000002, 10.000000, 0.000002, 0.000000, 0.000002, 5000000.000000, 0.001022, 0.000000, 0.001022, 0.000000, 0.000000, 0.000000, 5000000.000000, 9.998978, 0.000100, 10.000000, 0.000100, 0.001022, 0.000100, 0.000000, 0.000010, 100000.000000, 0.500000, 100000.000000, 0.000000, 0.001022, 0.000100, 10.000000, 0.000102, 293.150000, -0.550679, 293.150000, -5.506794, -0.550679, 293.150000, -0.550679, 298.656794, -0.550679, 0.100000, 0.001022, 0.000100, 0.001022, 0.000100, 0.000000, 0.000100, 298.656794, 0.000000, 10.000000, 293.150000, 0.004000, 10.220272, 10.000000, 0.000102, 10.000000, 0.000102, 0.000000, 0.000102, 10.000000, 298.656794, 298.656794, 0.000000, 25.000000, 25.506794, -0.550679, 0.065679, 0.000000, 0.000100
0.32, 0.000000, 0.000000, 0.000100, 0.000102, 0.000000, -0.000002, 298.547752, 298.547752, 298.547752, -0.539775, 0.000000, 0.000000, 298.547752, 0.100000, 298.000000, 29.854775, 298.547752, 0.000000, 298.150000, 2.000000, 298.150000, 4.166670, 8.000000, 16.000000, 298.150000, 298.150000, 298.150000, 298.150000, 298.547752, 298.547752, 298.547752, 0.000000, 0.000002, 0.000000, 0.000002, 0.000000, 0.000000, 0.000000, 0.000000, 0.001021, 0.001021, 0.001021, 0.000100, 0.000000, 10.000000, 10.000000, 10.000000, 0.000002, 0.000100, 0.000102, 10.000000, 0.000002, 10.000000, 0.000002, 0.000000, 0.000002, 5000000.000000, 0.001021, 0.000000, 0.001021, 0.000000, 0.000000, 0.000000, 5000000.000000, 9.998979, 0.000100, 10.000000, 0.000100, 0.001021, 0.000100, 0.000000, 0.000010, 100000.000000, 0.500000, 100000.000000, 0.000000, 0.001021, 0.000100, 10.000000, 0.000102, 293.150000, -0.539775, 293.150000, -5.397752, -0.539775, 293.150000, -0.539775, 298.547752, -0.539775, 0.100000, 0.001021, 0.000100, 0.001021, 0.000100, 0.000000, 0.000100, 298.547752, 0.000000, 10.000000, 293.150000, 0.004000, 10.215910, 10.000000, 0.000102, 10.000000, 0.000102, 0.000000, 0.000102, 10.000000, 298.547752, 298.547752, 0.000000, 25.000000, 25.397752, -0.539775, 0.054775, 0.000000, 0.000100
0.34, 0.000000, 0.000000, 0.000100, 0.000102, 0.000000, -0.000002, 298.440869, 298.440869, 298.440869, -0.529087, 0.000000, 0.000000, 298.440869, 0.100000, 298.000000, 29.844087, 298.440869, 0.000000, 298.150000, 2.000000, 298.150000, 4.166670, 8.000000, 16.000000, 298.150000, 298.150000, 298.150000, 298.150000, 298.440869, 298.440869, 298.440869, 0.000000, 0.000002, 0.000000, 0.000002, 0.000000, 0.000000, 0.000000, 0.000000, 0.001021, 0.001021, 0.001021, 0.000100, 0.000000, 10.000000, 10.000000, 10.000000, 0.000002, 0.000100, 0.000102, 10.000000, 0.000002, 10.000000, 0.000002, 0.000000, 0.000002, 5000000.000000, 0.001021, 0.000000, 0.001021, 0.000000, 0.000000, 0.000000, 5000000.000000, 9.998979, 0.000100, 10.000000, 0.000100, 0.001021, 0.000100, 0.000000, 0.000010, 100000.000000, 0.500000, 100000.000000, 0.000000, 0.001021, 0.000100, 10.000000, 0.000102, 293.150000, -0.529087, 293.150000, -5.290869, -0.529087, 293.150000, -0.529087, 298.440869, -0.529087, 0.100000, 0.001021, 0.000100, 0.001021, 0.000100, 0.000000, 0.000100, 298.440869, 0.000000, 10.000000, 293.150000, 0.004000, 10.211635, 10.000000, 0.000102, 10.000000, 0.000102, 0.000000, 0.000102, 10.000000, 298.440869, 298.440869, 0.000000, 25.000000, 25.290869, -0.529087, 0.044087, 0.000000, 0.000100
0.36, 0.000000, 0.000000, 0.000100, 0.000102, 0.000000, -0.000002, 298.336103, 298.336103, 298.336103, -0.518610, 0.000000, 0.000000, 298.336103, 0.100000, 298.000000, 29.833610, 298.336103, 0.000000, 298.150000, 2.000000, 298.150000, 4.166670, 8.000000, 16.000000, 298.150000, 298.150000, 298.150000, 298.150000, 298.336103, 298.336103, 298.336103, 0.000000, 0.000002, 0.000000, 0.000002, 0.000000, 0.000000, 0.000000, 0.000000, 0.001021, 0.001021, 0.001021, 0.000100, 0.000000, 10.000000, 10.000000, 10.000000, 0.000002, 0.000100, 0.000102, 10.000000, 0.000002, 10.000000, 0.000002, 0.000000, 0.000002, 5000000.000000, 0.001021, 0.000000, 0.001021, 0.000000, 0.000000, 0.000000, 5000000.000000, 9.998979, 0.000100, 10.000000, 0.000100, 0.001021, 0.000100, 0.000000, 0.000010, 100000.000000, 0.500000, 100000.000000, 0.000000, 0.001021, 0.000100, 10.000000, 0.000102, 293.150000, -0.518610, 293.150000, -5.186103, -0.518610, 293.150000, -0.518610, 298.336103, -0.518610, 0.100000, 0.001021, 0.000100, 0.001021, 0.000100, 0.000000, 0.000100, 298.336103, 0.000000, 10.000000, 293.150000, 0.004000, 10.207444, 10.000000, 0.000102, 10.000000, 0.000102, 0.000000, 0.000102, 10.000000, 298.336103, 298.336103, 0.000000, 25.000000, 25.186103, -0.518610, 0.033610, 0.000000, 0.000100
0.38, 0.000000, 0.000000, 0.000100, 0.000102, 0.000000, -0.000002, 298.233412, 298.233412, 298.233412, -0.508341, 0.000000, 0.000000, 298.233412, 0.100000, 298.000000, 29.823341, 298.233412, 0.000000, 298.150000, 2.000000, 298.150000, 4.166670, 8.000000, 16.000000, 298.150000, 298.150000, 298.150000, 298.150000, 298.233412, 298.233412, 298.233412, 0.000000, 0.000002, 0.000000, 0.000002, 0.000000, 0.000000, 0.000000, 0.000000, 0.001020, 0.001020, 0.001020, 0.000100, 0.000000, 10.000000, 10.000000, 10.000000, 0.000002, 0.000100, 0.000102, 10.000000, 0.000002, 10.000000, 0.000002, 0.000000, 0.000002, 5000000.000000, 0.001020, 0.000000, 0.001020, 0.000000, 0.000000, 0.000000, 5000000.000000, 9.998980, 0.000100, 10.000000, 0.000100, 0.001020, 0.000100, 0.000000, 0.000010, 100000.000000, 0.500000, 100000.000000, 0.000000, 0.001020, 0.000100, 10.000000, 0.000102, 293.150000, -0.508341, 293.150000, -5.083412, -0.508341, 293.150000, -0.508341, 298.233412, -0.508341, 0.100000, 0.001020, 0.000100, 0.001020, 0.000100, 0.000000, 0.000100, 298.233412, 0.000000, 10.000000, 293.150000, 0.004000, 10.203336, 10.000000, 0.000102, 10.000000, 0.000102, 0.000000, 0.000102, 10.000000, 298.233412, 298.233412, 0.000000, 25.000000, 25.083412, -0.508341, 0.023341, 0.000000, 0.000100
0.4, 0.000000, 0.000000, 0.000100, 0.000102, 0.000000, -0.000002, 298.132753, 298.132753, 298.132753, -0.498275, 0.000000, 0.000000, 298.132753, 0.100000, 298.000000, 29.813275, 298.132753, 0.000000, 298.150000, 2.000000, 298.150000, 4.166670, 8.000000, 16.000000, 298.150000, 298.150000, 298.150000, 298.150000, 298.132753, 298.132753, 298.132753, 0.000000, 0.000002, 0.000000, 0.000002, 0.000000, 0.000000, 0.000000, 0.000000, 0.001020, 0.001020, 0.001020, 0.000100, 0.000000, 10.000000, 10.000000, 10.000000, 0.000002, 0.000100, 0.000102, 10.000000, 0.000002, 10.000000, 0.000002, 0.000000, 0.000002, 5000000.000000, 0.001020, 0.000000, 0.001020, 0.000000, 0.000000, 0.000000, 5000000.000000, 9.998980, 0.000100, 10.000000, 0.000100, 0.001020, 0.000100, 0.000000, 0.000010, 100000.000000, 0.500000, 100000.000000, 0.000000, 0.001020, 0.000100, 10.000000, 0.000102, 293.150000, -0.498275, 293.150000, -4.982753, -0.498275, 293.150000, -0.498275, 298.132753, -0.498275, 0.100000, 0.001020, 0.000100, 0.001020, 0.000100, 0.000000, 0.000100, 298.132753, 0.000000, 10.000000, 293.150000, 0.004000, 10.199310, 10.000000, 0.000102, 10.000000, 0.000102, 0.000000, 0.000102, 10.000000, 298.132753, 298.132753, 0.000000, 25.000000, 24.982753, -0.498275, 0.013275, 0.000000, 0.000100
0.42, 0.000000, 0.000000, 0.000100, 0.000102, 0.000000, -0.000002, 298.034088, 298.034088, 298.034088, -0.488409, 0.000000, 0.000000, 298.034088, 0.100000, 298.000000, 29.803409, 298.034088, 0.000000, 298.150000, 2.000000, 298.150000, 4.166670, 8.000000, 16.000000, 298.150000, 298.150000, 298.150000, 298.150000, 298.034088, 298.034088, 298.034088, 0.000000, 0.000002, 0.000000, 0.000002, 0.000000, 0.000000, 0.000000, 0.000000, 0.001019, 0.001019, 0.001019, 0.000100, 0.000000, 10.000000, 10.000000, 10.000000, 0.000002, 0.000100, 0.000102, 10.000000, 0.000002, 10.000000, 0.000002, 0.000000, 0.000002, 5000000.000000, 0.001019, 0.000000, 0.001019, 0.000000, 0.000000, 0.000000, 5000000.000000, 9.998981, 0.000100, 10.000000, 0.000100, 0.001019, 0.000100, 0.000000, 0.000010, 100000.000000, 0.500000, 100000.000000, 0.000000, 0.001019, 0.000100, 10.000000, 0.000102, 293.150000, -0.488409, 293.150000, -4.884088, -0.488409, 293.150000, -0.488409, 298.034088, -0.488409, 0.100000, 0.001019, 0.000100, 0.001019, 0.000100, 0.000000, 0.000100, 298.034088, 0.000000, 10.000000, 293.150000, 0.004000, 10.195364, 10.000000, 0.000102, 10.000000, 0.000102, 0.000000, 0.000102, 10.000000, 298.034088, 298.034088, 0.000000, 25.000000, 24.884088, -0.488409, 0.003409, 0.000000, 0.000100
0.44, 0.000000, 0.000000, 0.000100, 0.000102, 0.000000, -0.000002, 297.937377, 297.937377, 297.937377, -0.478738, 0.000000, 0.000000, 297.937377, 0.100000, 298.000000, 29.793738, 297.937377, 0.000000, 298.150000, 2.000000, 298.150000, 4.166670, 8.000000, 16.000000, 298.150000, 298.150000, 298.150000, 298.150000, 297.937377, 297.937377, 297.937377, 0.000000, 0.000002, 0.000000, 0.000002, 0.000000, 0.000000, 0.000000, 0.000000, 0.001019, 0.001019, 0.001019, 0.000100, 0.000000, 10.000000, 10.000000, 10.000000, 0.000002, 0.000100, 0.000102, 10.000000, 0.000002, 10.000000, 0.000002, 0.000000, 0.000002, 5000000.000000, 0.001019, 0.000000, 0.001019, 0.000000, 0.000000, 0.000000, 5000000.000000, 9.998981, 0.000100, 10.000000, 0.000100, 0.001019, 0.000100, 0.000000, 0.000010, 100000.000000, 0.500000, 100000.000000, 0.000000, 0.001019, 0.000100, 10.000000, 0.000102, 293.150000, -0.478738, 293.150000, -4.787377, -0.478738, 293.150000, -0.478738, 297.937377, -0.478738, 0.100000, 0.001019, 0.000100, 0.001019, 0.000100, 0.000000, 0.000100, 297.937377, 0.000000, 10.000000, 293.150000, 0.004000, 10.191495, 10.000000, 0.000102, 10.000000, 0.000102, 0.000000, 0.000102, 10.000000, 297.937377, 297.937377, 0.000000, 25.000000, 24.787377, -0.478738, -0.006262, 0.000000, 0.000100
0.46, 0.000000, 0.000000, 0.000100, 0.000102, 0.000000, -0.000002, 297.842580, 297.842580, 297.842580, -0.469258, 0.000000, 0.000000, 297.842580, 0.100000, 298.000000, 29.784258, 297.842580, 0.000000, 298.150000, 2.000000, 298.150000, 4.166670, 8.000000, 16.000000, 298.150000, 298.150000, 298.150000, 298.150000, 297.842580, 297.842580, 297.842580, 0.000000, 0.000002, 0.000000, 0.000002, 0.000000, 0.000000, 0.000000, 0.000000, 0.001019, 0.001019, 0.001019, 0.000100, 0.000000, 10.000000, 10.000000, 10.000000, 0.000002, 0.000100, 0.000102, 10.000000, 0.000002, 10.000000, 0.000002, 0.000000, 0.000002, 5000000.000000, 0.001019, 0.000000, 0.001019, 0.000000, 0.000000, 0.000000, 5000000.000000, 9.998981, 0.000100, 10.000000, 0.000100, 0.001019, 0.000100, 0.000000, 0.000010, 100000.000000, 0.500000, 100000.000000, 0.000000, 0.001019, 0.000100, 10.000000, 0.000102, 293.150000, -0.469258, 293.150000, -4.692580, -0.469258, 293.150000, -0.469258, 297.842580, -0.469258, 0.100000, 0.001019, 0.000100, 0.001019, 0.000100, 0.000000, 0.000100, 297.842580, 0.000000, 10.000000, 293.150000, 0.004000, 10.187703, 10.000000, 0.000102, 10.000000, 0.000102, 0.000000, 0.000102, 10.000000, 297.842580, 297.842580, 0.000000, 25.000000, 24.692580, -0.469258, -0.015742, 0.000000, 0.000100
0.48, 0.000000, 0.000000, 0.000100, 0.000102, 0.000000, -0.000002, 297.749661, 297.749661, 297.749661, -0.459966, 0.000000, 0.000000, 297.749661, 0.100000, 298.000000, 29.774966, 297.749661, 0.000000, 298.150000, 2.000000, 298.150000, 4.166670, 8.000000, 16.000000, 298.150000, 298.150000, 298.150000, 298.150000, 297.749661, 297.749661, 297.749661, 0.000000, 0.000002, 0.000000, 0.000002, 0.000000, 0.000000, 0.000000, 0.000000, 0.001018, 0.001018, 0.001018, 0.000100, 0.000000, 10.000000, 10.000000, 10.000000, 0.000002, 0.000100, 0.000102, 10.000000, 0.000002, 10.000000, 0.000002, 0.000000, 0.000002, 5000000.000000, 0.001018, 0.000000, 0.001018, 0.000000, 0.000000, 0.000000, 5000000.000000, 9.998982, 0.000100, 10.000000, 0.000100, 0.001018, 0.000100, 0.000000, 0.000010, 100000.000000, 0.500000, 100000.000000, 0.000000, 0.001018, 0.000100, 10.000000, 0.000102, 293.150000, -0.459966, 293.150000, -4.599661, -0.459966, 293.150000, -0.459966, 297.749661, -0.459966, 0.100000, 0.001018, 0.000100, 0.001018, 0.000100, 0.000000, 0.000100, 297.749661, 0.000000, 10.000000, 293.150000, 0.004000, 10.183986, 10.000000, 0.000102, 10.000000, 0.000102, 0.000000, 0.000102, 10.000000, 297.749661, 297.749661, 0.000000, 25.000000, 24.599661, -0.459966, -0.025034, 0.000000, 0.000100
0.5, 0.000000, 0.000000, 0.000100, 0.000102, 0.000000, -0.000002, 297.658582, 297.658582, 297.658582, -0.450858, 0.000000, 0.000000, 297.658582, 0.100000, 298.000000, 29.765858, 297.658582, 0.000000, 298.150000, 2.000000, 298.150000, 4.166670, 8.000000, 16.000000, 298.150000, 298.150000, 298.150000, 298.150000, 297.658582, 297.658582, 297.658582, 0.000000, 0.000002, 0.000000, 0.000002, 0.000000, 0.000000, 0.000000, 0.000000, 0.001018, 0.001018, 0.001018, 0.000100, 0.000000, 10.000000, 10.000000, 10.000000, 0.000002, 0.000100, 0.000102, 10.000000, 0.000002, 10.000000, 0.000002, 0.000000, 0.000002, 5000000.000000, 0.001018, 0.000000, 0.001018, 0.000000, 0.000000, 0.000000, 5000000.000000, 9.998982, 0.000100, 10.000000, 0.000100, 0.001018, 0.000100, 0.000000, 0.000010, 100000.000000, 0.500000, 100000.000000, 0.000000, 0.001018, 0.000100, 10.000000, 0.000102, 293.150000, -0.450858, 293.150000, -4.508582, -0.450858, 293.150000, -0.450858, 297.658582, -0.450858, 0.100000, 0.001018, 0.000100, 0.001018, 0.000100, 0.000000, 0.000100, 297.658582, 0.000000, 10.000000, 293.150000, 0.004000, 10.180343, 10.000000, 0.000102, 10.000000, 0.000102, 0.000000, 0.000102, 10.000000, 297.658582, 297.658582, 0.000000, 25.000000, 24.508582, -0.450858, -0.034142, 0.000000, 0.000100
0.52, 0.000000, 0.000000, 0.000100, 0.000102, 0.000000, -0.000002, 297.569306, 297.569306, 297.569306, -0.441931, 0.000000, 0.000000, 297.569306, 0.100000, 298.000000, 29.756931, 297.569306, 0.000000, 298.150000, 2.000000, 298.150000, 4.166670, 8.000000, 16.000000, 298.150000, 298.150000, 298.150000, 298.150000, 297.569306, 297.569306, 297.569306, 0.000000, 0.000002, 0.000000, 0.000002, 0.000000, 0.000000, 0.000000, 0.000000, 0.001018, 0.001018, 0.001018, 0.000100, 0.000000, 10.000000, 10.000000, 10.000000, 0.000002, 0.000100, 0.000102, 10.000000, 0.000002, 10.000000, 0.000002, 0.000000, 0.000002, 5000000.000000, 0.001018, 0.000000, 0.001018, 0.000000, 0.000000, 0.000000, 5000000.000000, 9.998982, 0.000100, 10.000000, 0.000100, 0.001018, 0.000100, 0.000000, 0.000010, 100000.000000, 0.500000, 100000.000000, 0.000000, 0.001018, 0.000100, 10.000000, 0.000102, 293.150000, -0.441931, 293.150000, -4.419306, -0.441931, 293.150000, -0.441931, 297.569306, -0.441931, 0.100000, 0.001018, 0.000100, 0.001018, 0.000100, 0.000000, 0.000100, 297.569306, 0.000000, 10.000000, 293.150000, 0.004000, 10.176772, 10.000000, 0.000102, 10.000000, 0.000102, 0.000000, 0.000102, 10.000000, 297.569306, 297.569306, 0.000000, 25.000000, 24.419306, -0.441930, -0.043069, 0.000000, 0.000100
0.54, 0.000000, 0.000000, 0.000100, 0.000102, 0.000000, -0.000002, 297.481798, 297.481798, 297.481798, -0.433180, 0.000000, 0.000000, 297.481798, 0.100000, 298.000000, 29.748180, 297.481798, 0.000000, 298.150000, 2.000000, 298.150000, 4.166670, 8.000000, 16.000000, 298.150000, 298.150000, 298.150000, 298.150000, 297.481798, 297.481798, 297.481798, 0.000000, 0.000002, 0.000000, 0.000002, 0.000000, 0.000000, 0.000000, 0.000000, 0.001017, 0.001017, 0.001017, 0.000100, 0.000000, 10.000000, 10.000000, 10.000000, 0.000002, 0.000100, 0.000102, 10.000000, 0.000002, 10.000000, 0.000002, 0.000000, 0.000002, 5000000.000000, 0.001017, 0.000000, 0.001017, 0.000000, 0.000000, 0.000000, 5000000.000000, 9.998983, 0.000100, 10.000000, 0.000100, 0.001017, 0.000100, 0.000000, 0.000010, 100000.000000, 0.500000, 100000.000000, 0.000000, 0.001017, 0.000100, 10.000000, 0.000102, 293.150000, -0.433180, 293.150000, -4.331798, -0.433180, 293.150000, -0.433180, 297.481798, -0.433180, 0.100000, 0.001017, 0.000100, 0.001017, 0.000100, 0.000000, 0.000100, 297.481798, 0.000000, 10.000000, 293.150000, 0.004000, 10.173272, 10.000000, 0.000102, 10.000000, 0.000102, 0.000000, 0.000102, 10.000000, 297.481798, 297.481798, 0.000000, 25.000000, 24.331798, -0.433180, -0.051820, 0.000000, 0.000100
0.56, 0.000000, 0.000000, 0.000100, 0.000102, 0.000000, -0.000002, 297.396022, 297.396022, 297.396022, -0.424602, 0.000000, 0.000000, 297.396022, 0.100000, 298.000000, 29.739602, 297.396022, 0.000000, 298.150000, 2.000000, 298.150000, 4.166670, 8.000000, 16.000000, 298.150000, 298.150000, 298.150000, 298.150000, 297.396022, 297.396022, 297.396022, 0.000000, 0.000002, 0.000000, 0.000002, 0.000000, 0.000000, 0.000000, 0.000000, 0.001017, 0.001017, 0.001017, 0.000100, 0.000000, 10.000000, 10.000000, 10.000000, 0.000002, 0.000100, 0.000102, 10.000000, 0.000002, 10.000000, 0.000002, 0.000000, 0.000002, 5000000.000000, 0.001017, 0.000000, 0.001017, 0.000000, 0.000000, 0.000000, 5000000.000000, 9.998983, 0.000100, 10.000000, 0.000100, 0.001017, 0.000100, 0.000000, 0.000010, 100000.000000, 0.500000, 100000.000000, 0.000000, 0.001017, 0.000100, 10.000000, 0.000102, 293.150000, -0.424602, 293.150000, -4.246022, -0.424602, 293.150000, -0.424602, 297.396022, -0.424602, 0.100000, 0.001017, 0.000100, 0.001017, 0.000100, 0.000000, 0.000100, 297.396022, 0.000000, 10.000000, 293.150000, 0.004000, 10.169841, 10.000000, 0.000102, 10.000000, 0.000102, 0.000000, 0.000102, 10.000000, 297.396022, 297.396022, 0.000000, 25.000000, 24.246022, -0.424602, -0.060398, 0.000000, 0.000100
0.58, 0.000000, 0.000000, 0.000100, 0.000102, 0.000000, -0.000002, 297.311946, 297.311946, 297.311946, -0.416195, 0.000000, 0.000000, 297.311946, 0.100000, 298.000000, 29.731195, 297.311946, 0.000000, 298.150000, 2.000000, 298.150000, 4.166670, 8.000000, 16.000000, 298.150000, 298.150000, 298.150000, 298.150000, 297.311946, 297.311946, 297.311946, 0.000000, 0.000002, 0.000000, 0.000002, 0.000000, 0.000000, 0.000000, 0.000000, 0.001017, 0.001017, 0.001017, 0.000100, 0.000000, 10.000000, 10.000000, 10.000000, 0.000002, 0.000100, 0.000102, 10.000000, 0.000002, 10.000000, 0.000002, 0.000000, 0.000002, 5000000.000000, 0.001017, 0.000000, 0.001017, 0.000000, 0.000000, 0.000000, 5000000.000000, 9.998983, 0.000100, 10.000000, 0.000100, 0.001017, 0.000100, 0.000000, 0.000010, 100000.000000, 0.500000, 100000.000000, 0.000000, 0.001017, 0.000100, 10.000000, 0.000102, 293.150000, -0.416195, 293.150000, -4.161946, -0.416195, 293.150000, -0.416195, 297.311946, -0.416195, 0.100000, 0.001017, 0.000100, 0.001017, 0.000100, 0.000000, 0.000100, 297.311946, 0.000000, 10.000000, 293.150000, 0.004000, 10.166478, 10.000000, 0.000102, 10.000000, 0.000102, 0.000000, 0.000102, 10.000000, 297.311946, 297.311946, 0.000000, 25.000000, 24.161946, -0.416194, -0.068805, 0.000000, 0.000100
0.6, 0.000000, 0.000000, 0.000100, 0.000102, 0.000000, -0.000002, 297.229533, 297.229533, 297.229533, -0.407953, 0.000000, 0.000000, 297.229533, 0.100000, 298.000000, 29.722953, 297.229533, 0.000000, 298.150000, 2.000000, 298.150000, 4.166670, 8.000000, 16.000000, 298.150000, 298.150000, 298.150000, 298.150000, 297.229533, 297.229533, 297.229533, 0.000000, 0.000002, 0.000000, 0.000002, 0.000000, 0.000000, 0.000000, 0.000000, 0.001016, 0.001016, 0.001016, 0.000100, 0.000000, 10.000000, 10.000000, 10.000000, 0.000002, 0.000100, 0.000102, 10.000000, 0.000002, 10.000000, 0.000002, 0.000000, 0.000002, 5000000.000000, 0.001016, 0.000000, 0.001016, 0.000000, 0.000000, 0.000000, 5000000.000000, 9.998984, 0.000100, 10.000000, 0.000100, 0.001016, 0.000100, 0.000000, 0.000010, 100000.000000, 0.500000, 100000.000000, 0.000000, 0.001016, 0.000100, 10.000000, 0.000102, 293.150000, -0.407953, 293.150000, -4.079533, -0.407953, 293.150000, -0.407953, 297.229533, -0.407953, 0.100000, 0.001016, 0.000100, 0.001016, 0.000100, 0.000000, 0.000100, 297.229533, 0.000000, 10.000000, 293.150000, 0.004000, 10.163181, 10.000000, 0.000102, 10.000000, 0.000102, 0.000000, 0.000102, 10.000000, 297.229533, 297.229533, 0.000000, 25.000000, 24.079533, -0.407953, -0.077047, 0.000000, 0.000100
0.62, 0.000000, 0.000000, 0.984141, 0.984145, 0.000000, -0.000004, 297.178275, 297.178275, 297.178275, -0.402827, 0.000000, 9.841405, 297.178275, 0.100000, 298.000000, 29.717827, 297.178275, 1.000000, 298.150000, 2.000000, 298.150000, 4.166670, 8.000000, 16.000000, 298.150000, 298.150000, 298.150000, 298.150000, 297.178275, 297.178275, 297.178275, 0.000000, 0.000002, 0.000000, 0.000002, 0.000000, 0.000002, 0.000000, 0.000002, 9.999990, 9.999990, 9.999990, 0.984141, 0.000002, 10.000000, 10.000000, 10.000000, 0.000002, 0.984143, 0.984145, 10.000000, 0.000002, 10.000000, 0.000002, 0.000000, 0.000002, 5000000.000000, 9.999990, 0.000002, 9.999990, 0.000002, 0.000000, 0.000002, 5000000.000000, 0.000010, 0.984143, 10.000000, 0.984143, 9.999990, 0.984143, 1.000000, 0.000010, 100000.000000, 0.500000, 0.000010, 1.000000, 9.999990, 0.984141, 10.000000, 0.984145, 293.150000, -0.402827, 293.150000, -4.028275, -0.402827, 293.150000, -0.402827, 297.178275, -0.402827, 0.100000, 9.999990, 0.984141, 9.999990, 0.984141, 0.000000, 0.984141, 297.178275, 9.841405, 10.000000, 293.150000, 0.004000, 10.161131, 10.000000, 0.984145, 10.000000, 0.984145, 0.000000, 0.984145, 10.000000, 297.178275, 297.178275, 0.000000, 25.000000, 24.028275, 9.438577, -0.082173, 0.000000, 0.984143
0.64, 0.000000, 0.000000, 0.976981, 0.976985, 0.000000, -0.000004, 299.040075, 299.040075, 299.040075, -0.589008, 0.000000, 9.769801, 299.040075, 0.100000, 298.000000, 29.904008, 299.040075, 1.000000, 298.150000, 2.000000, 298.150000, 4.166670, 8.000000, 16.000000, 298.150000, 298.150000, 298.150000, 298.150000, 299.040075, 299.040075, 299.040075, 0.000000, 0.000002, 0.000000, 0.000002, 0.000000, 0.000002, 0.000000, 0.000002, 9.999990, 9.999990, 9.999990, 0.976981, 0.000002, 10.000000, 10.000000, 10.000000, 0.000002, 0.976983, 0.976985, 10.000000, 0.000002, 10.000000, 0.000002, 0.000000, 0.000002, 5000000.000000, 9.999990, 0.000002, 9.999990, 0.000002, 0.000000, 0.000002, 5000000.000000, 0.000010, 0.976983, 10.000000, 0.976983, 9.999990, 0.976983, 1.000000, 0.000010, 100000.000000, 0.500000, 0.000010, 1.000000, 9.999990, 0.976981, 10.000000, 0.976985, 293.150000, -0.589008, 293.150000, -5.890075, -0.589008, 293.150000, -0.589008, 299.040075, -0.589008, 0.100000, 9.999990, 0.976981, 9.999990, 0.976981, 0.000000, 0.976981, 299.040075, 9.769801, 10.000000, 293.150000, 0.004000, 10.235603, 10.000000, 0.976985, 10.000000, 0.976985, 0.000000, 0.976985, 10.000000, 299.040075, 299.040075, 0.000000, 25.000000, 25.890075, 9.180793, 0.104008, 0.000000, 0.976983
0.66, 0.000000, 0.000000, 0.000100, 0.000102, 0.000000, -0.000002, 299.038405, 299.038405, 299.038405, -0.588840, 0.000000, 0.000000, 299.038405, 0.100000, 298.000000, 29.903840, 299.038405, 0.000000, 298.150000, 2.000000, 298.150000, 4.166670, 8.000000, 16.000000, 298.150000, 298.150000, 298.150000, 298.150000, 299.038405, 299.038405, 299.038405, 0.000000, 0.000002, 0.000000, 0.000002, 0.000000, 0.000000, 0.000000, 0.000000, 0.001023, 0.001023, 0.001023, 0.000100, 0.000000, 10.000000, 10.000000, 10.000000, 0.000002, 0.000100, 0.000102, 10.000000, 0.000002, 10.000000, 0.000002, 0.000000, 0.000002, 5000000.000000, 0.001023, 0.000000, 0.001023, 0.000000, 0.000000, 0.000000, 5000000.000000, 9.998977, 0.000100, 10.000000, 0.000100, 0.001023, 0.000100, 0.000000, 0.000010, 100000.000000, 0.500000, 100000.000000, 0.000000, 0.001023, 0.000100, 10.000000, 0.000102, 293.150000, -0.588840, 293.150000, -5.888405, -0.588840, 293.150000, -0.588840, 299.038405, -0.588840, 0.100000, 0.001023, 0.000100, 0.001023, 0.000100, 0.000000, 0.000100, 299.038405, 0.000000, 10.000000, 293.150000, 0.004000, 10.235536, 10.000000, 0.000102, 10.000000, 0.000102, 0.000000, 0.000102, 10.000000, 299.038405, 299.038405, 0.000000, 25.000000, 25.888405, -0.588840, 0.103840, 0.000000, 0.000100
0.68, 0.000000, 0.000000, 0.000100, 0.000102, 0.000000, -0.000002, 298.921806, 298.921806, 298.921806, -0.577181, 0.000000, 0.000000, 298.921806, 0.100000, 298.000000, 29.892181, 298.921806, 0.000000, 298.150000, 2.000000, 298.150000, 4.166670, 8.000000, 16.000000, 298.150000, 298.150000, 298.150000, 298.150000, 298.921806, 298.921806, 298.921806, 0.000000, 0.000002, 0.000000, 0.000002, 0.000000, 0.000000, 0.000000, 0.000000, 0.001023, 0.001023, 0.001023, 0.000100, 0.000000, 10.000000, 10.000000, 10.000000, 0.000002, 0.000100, 0.000102, 10.000000, 0.000002, 10.000000, 0.000002, 0.000000, 0.000002, 5000000.000000, 0.001023, 0.000000, 0.001023, 0.000000, 0.000000, 0.000000, 5000000.000000, 9.998977, 0.000100, 10.000000, 0.000100, 0.001023, 0.000100, 0.000000, 0.000010, 100000.000000, 0.500000, 100000.000000, 0.000000, 0.001023, 0.000100, 10.000000, 0.000102, 293.150000, -0.577181, 293.150000, -5.771806, -0.577181, 293.150000, -0.577181, 298.921806, -0.577181, 0.100000, 0.001023, 0.000100, 0.001023, 0.000100, 0.000000, 0.000100, 298.921806, 0.000000, 10.000000, 293.150000, 0.004000, 10.230872, 10.000000, 0.000102, 10.000000, 0.000102, 0.000000, 0.000102, 10.000000, 298.921806, 298.921806, 0.000000, 25.000000, 25.771806, -0.577181, 0.092181, 0.000000, 0.000100
0.7, 0.000000, 0.000000, 0.000100, 0.000102, 0.000000, -0.000002, 298.807517, 298.807517, 298.807517, -0.565752, 0.000000, 0.000000, 298.807517, 0.100000, 298.000000, 29.880752, 298.807517, 0.000000, 298.150000, 2.000000, 298.150000, 4.166670, 8.000000, 16.000000, 298.150000, 298.150000, 298.150000, 298.150000, 298.807517, 298.807517, 298.807517, 0.000000, 0.000002, 0.000000, 0.000002, 0.000000, 0.000000, 0.000000, 0.000000, 0.001023, 0.001023, 0.001023, 0.000100, 0.000000, 10.000000, 10.000000, 10.000000, 0.000002, 0.000100, 0.000102, 10.000000, 0.000002, 10.000000, 0.000002, 0.000000, 0.000002, 5000000.000000, 0.001023, 0.000000, 0.001023, 0.000000, 0.000000, 0.000000, 5000000.000000, 9.998977, 0.000100, 10.000000, 0.000100, 0.001023, 0.000100, 0.000000, 0.000010, 100000.000000, 0.500000, 100000.000000, 0.000000, 0.001023, 0.000100, 10.000000, 0.000102, 293.150000, -0.565752, 293.150000, -5.657517, -0.565752, 293.150000, -0.565752, 298.807517, -0.565752, 0.100000, 0.001023, 0.000100, 0.001023, 0.000100, 0.000000, 0.000100, 298.807517, 0.000000, 10.000000, 293.150000, 0.004000, 10.226301, 10.000000, 0.000102, 10.000000, 0.000102, 0.000000, 0.000102, 10.000000, 298.807517, 298.807517, 0.000000, 25.000000, 25.657517, -0.565752, 0.080752, 0.000000, 0.000100
0.72, 0.000000, 0.000000, 0.000100, 0.000102, 0.000000, -0.000002, 298.695491, 298.695491, 298.695491, -0.554549, 0.000000, 0.000000, 298.695491, 0.100000, 298.000000, 29.869549, 298.695491, 0.000000, 298.150000, 2.000000, 298.150000, 4.166670, 8.000000, 16.000000, 298.150000, 298.150000, 298.150000, 298.150000, 298.695491, 298.695491, 298.695491, 0.000000, 0.000002, 0.000000, 0.000002, 0.000000, 0.000000, 0.000000, 0.000000, 0.001022, 0.001022, 0.001022, 0.000100, 0.000000, 10.000000, 10.000000, 10.000000, 0.000002, 0.000100, 0.000102, 10.000000, 0.000002, 10.000000, 0.000002, 0.000000, 0.000002, 5000000.000000, 0.001022, 0.000000, 0.001022, 0.000000, 0.000000, 0.000000, 5000000.000000, 9.998978, 0.000100, 10.000000, 0.000100, 0.001022, 0.000100, 0.000000, 0.000010, 100000.000000, 0.500000, 100000.000000, 0.000000, 0.001022, 0.000100, 10.000000, 0.000102, 293.150000, -0.554549, 293.150000, -5.545491, -0.554549, 293.150000, -0.554549, 298.695491, -0.554549, 0.100000, 0.001022, 0.000100, 0.001022, 0.000100, 0.000000, 0.000100, 298.695491, 0.000000, 10.000000, 293.150000, 0.004000, 10.221820, 10.000000, 0.000102, 10.000000, 0.000102, 0.000000, 0.000102, 10.000000, 298.695491, 298.695491, 0.000000, 25.000000, 25.545491, -0.554549, 0.069549, 0.000000, 0.000100
0.74, 0.000000, 0.000000, 0.000100, 0.000102, 0.000000, -0.000002, 298.585683, 298.585683, 298.585683, -0.543568, 0.000000, 0.000000, 298.585683, 0.100000, 298.000000, 29.858568, 298.585683, 0.000000, 298.150000, 2.000000, 298.150000, 4.166670, 8.000000, 16.000000, 298.150000, 298.150000, 298.150000, 298.150000, 298.585683, 298.585683, 298.585683, 0.000000, 0.000002, 0.000000, 0.000002, 0.000000, 0.000000, 0.000000, 0.000000, 0.001022, 0.001022, 0.001022, 0.000100, 0.000000, 10.000000, 10.000000, 10.000000, 0.000002, 0.000100, 0.000102, 10.000000, 0.000002, 10.000000, 0.000002, 0.000000, 0.000002, 5000000.000000, 0.001022, 0.000000, 0.001022, 0.000000, 0.000000, 0.000000, 5000000.000000, 9.998978, 0.000100, 10.000000, 0.000100, 0.001022, 0.000100, 0.000000, 0.000010, 100000.000000, 0.500000, 100000.000000, 0.000000, 0.001022, 0.000100, 10.000000, 0.000102, 293.150000, -0.543568, 293.150000, -5.435683, -0.543568, 293.150000, -0.543568, 298.585683, -0.543568, 0.100000, 0.001022, 0.000100, 0.001022, 0.000100, 0.000000, 0.000100, 298.585683, 0.000000, 10.000000, 293.150000, 0.004000, 10.217427, 10.000000, 0.000102, 10.000000, 0.000102, 0.000000, 0.000102, 10.000000, 298.585683, 298.585683, 0.000000, 25.000000, 25.435683, -0.543568, 0.058568, 0.000000, 0.000100
0.76, 0.000000, 0.000000, 0.000100, 0.000102, 0.000000, -0.000002, 298.478049, 298.478049, 298.478049, -0.532805, 0.000000, 0.000000, 298.478049, 0.100000, 298.000000, 29.847805, 298.478049, 0.000000, 298.150000, 2.000000, 298.150000, 4.166670, 8.000000, 16.000000, 298.150000, 298.150000, 298.150000, 298.150000, 298.478049, 298.478049, 298.478049, 0.000000, 0.000002, 0.000000, 0.000002, 0.000000, 0.000000, 0.000000, 0.000000, 0.001021, 0.001021, 0.001021, 0.000100, 0.000000, 10.000000, 10.000000, 10.000000, 0.000002, 0.000100, 0.000102, 10.000000, 0.000002, 10.000000, 0.000002, 0.000000, 0.000002, 5000000.000000, 0.001021, 0.000000, 0.001021, 0.000000, 0.000000, 0.000000, 5000000.000000, 9.998979, 0.000100, 10.000000, 0.000100, 0.001021, 0.000100, 0.000000, 0.000010, 100000.000000, 0.500000, 100000.000000, 0.000000, 0.001021, 0.000100, 10.000000, 0.000102, 293.150000, -0.532805, 293.150000, -5.328049, -0.532805, 293.150000, -0.532805, 298.478049, -0.532805, 0.100000, 0.001021, 0.000100, 0.001021, 0.000100, 0.000000, 0.000100, 298.478049, 0.000000, 10.000000, 293.150000, 0.004000, 10.213122, 10.000000, 0.000102, 10.000000, 0.000102, 0.000000, 0.000102, 10.000000, 298.478049, 298.478049, 0.000000, 25.000000, 25.328049, -0.532805, 0.047805, 0.000000, 0.000100
0.78, 0.000000, 0.000000, 0.000100, 0.000102, 0.000000, -0.000002, 298.372546, 298.372546, 298.372546, -0.522255, 0.000000, 0.000000, 298.372546, 0.100000, 298.000000, 29.837255, 298.372546, 0.000000, 298.150000, 2.000000, 298.150000, 4.166670, 8.000000, 16.000000, 298.150000, 298.150000, 298.150000, 298.150000, 298.372546, 298.372546, 298.372546, 0.000000, 0.000002, 0.000000, 0.000002, 0.000000, 0.000000, 0.000000, 0.000000, 0.001021, 0.001021, 0.001021, 0.000100, 0.000000, 10.000000, 10.000000, 10.000000, 0.000002, 0.000100, 0.000102, 10.000000, 0.000002, 10.000000, 0.000002, 0.000000, 0.000002, 5000000.000000, 0.001021, 0.000000, 0.001021, 0.000000, 0.000000, 0.000000, 5000000.000000, 9.998979, 0.000100, 10.000000, 0.000100, 0.001021, 0.000100, 0.000000, 0.000010, 100000.000000, 0.500000, 100000.000000, 0.000000, 0.001021, 0.000100, 10.000000, 0.000102, 293.150000, -0.522255, 293.150000, -5.222546, -0.522255, 293.150000, -0.522255, 298.372546, -0.522255, 0.100000, 0.001021, 0.000100, 0.001021, 0.000100, 0.000000, 0.000100, 298.372546, 0.000000, 10.000000, 293.150000, 0.004000, 10.208902, 10.000000, 0.000102, 10.000000, 0.000102, 0.000000, 0.000102, 10.000000, 298.372546, 298.372546, 0.000000, 25.000000, 25.222546, -0.522255, 0.037255, 0.000000, 0.000100
0.8, 0.000000, 0.000000, 0.000100, 0.000102, 0.000000, -0.000002, 298.269133, 298.269133, 298.269133, -0.511913, 0.000000, 0.000000, 298.269133, 0.100000, 298.000000, 29.826913, 298.269133, 0.000000, 298.150000, 2.000000, 298.150000, 4.166670, 8.000000, 16.000000, 298.150000, 298.150000, 298.150000, 298.150000, 298.269133, 298.269133, 298.269133, 0.000000, 0.000002, 0.000000, 0.000002, 0.000000, 0.000000, 0.000000, 0.000000, 0.001020, 0.001020, 0.001020, 0.000100, 0.000000, 10.000000, 10.000000, 10.000000, 0.000002, 0.000100, 0.000102, 10.000000, 0.000002, 10.000000, 0.000002, 0.000000, 0.000002, 5000000.000000, 0.001020, 0.000000, 0.001020, 0.000000, 0.000000, 0.000000, 5000000.000000, 9.998980, 0.000100, 10.000000, 0.000100, 0.001020, 0.000100, 0.000000, 0.000010, 100000.000000, 0.500000, 100000.000000, 0.000000, 0.001020, 0.000100, 10.000000, 0.000102, 293.150000, -0.511913, 293.150000, -5.119133, -0.511913, 293.150000, -0.511913, 298.269133, -0.511913, 0.100000, 0.001020, 0.000100, 0.001020, 0.000100, 0.000000, 0.000100, 298.269133, 0.000000, 10.000000, 293.150000, 0.004000, 10.204765, 10.000000, 0.000102, 10.000000, 0.000102, 0.000000, 0.000102, 10.000000, 298.269133, 298.269133, 0.000000, 25.000000, 25.119133, -0.511913, 0.026913, 0.000000, 0.000100
0.82, 0.000000, 0.000000, 0.000100, 0.000102, 0.000000, -0.000002, 298.167768, 298.167768, 298.167768, -0.501777, 0.000000, 0.000000, 298.167768, 0.100000, 298.000000, 29.816777, 298.167768, 0.000000, 298.150000, 2.000000, 298.150000, 4.166670, 8.000000, 16.000000, 298.150000, 298.150000, 298.150000, 298.150000, 298.167768, 298.167768, 298.167768, 0.000000, 0.000002, 0.000000, 0.000002, 0.000000, 0.000000, 0.000000, 0.000000, 0.001020, 0.001020, 0.001020, 0.000100, 0.000000, 10.000000, 10.000000, 10.000000, 0.000002, 0.000100, 0.000102, 10.000000, 0.000002, 10.000000, 0.000002, 0.000000, 0.000002, 5000000.000000, 0.001020, 0.000000, 0.001020, 0.000000, 0.000000, 0.000000, 5000000.000000, 9.998980, 0.000100, 10.000000, 0.000100, 0.001020, 0.000100, 0.000000, 0.000010, 100000.000000, 0.500000, 100000.000000, 0.000000, 0.001020, 0.000100, 10.000000, 0.000102, 293.150000, -0.501777, 293.150000, -5.017768, -0.501777, 293.150000, -0.501777, 298.167768, -0.501777, 0.100000, 0.001020, 0.000100, 0.001020, 0.000100, 0.000000, 0.000100, 298.167768, 0.000000, 10.000000, 293.150000, 0.004000, 10.200711, 10.000000, 0.000102, 10.000000, 0.000102, 0.000000, 0.000102, 10.000000, 298.167768, 298.167768, 0.000000, 25.000000, 25.017768, -0.501777, 0.016777, 0.000000, 0.000100
0.84, 0.000000, 0.000000, 0.000100, 0.000102, 0.000000, -0.000002, 298.068409, 298.068409, 298.068409, -0.491841, 0.000000, 0.000000, 298.068409, 0.100000, 298.000000, 29.806841, 298.068409, 0.000000, 298.150000, 2.000000, 298.150000, 4.166670, 8.000000, 16.000000, 298.150000, 298.150000, 298.150000, 298.150000, 298.068409, 298.068409, 298.068409, 0.000000, 0.000002, 0.000000, 0.000002, 0.000000, 0.000000, 0.000000, 0.000000, 0.001020, 0.001020, 0.001020, 0.000100, 0.000000, 10.000000, 10.000000, 10.000000, 0.000002, 0.000100, 0.000102, 10.000000, 0.000002, 10.000000, 0.000002, 0.000000, 0.000002, 5000000.000000, 0.001020, 0.000000, 0.001020, 0.000000, 0.000000, 0.000000, 5000000.000000, 9.998980, 0.000100, 10.000000, 0.000100, 0.001020, 0.000100, 0.000000, 0.000010, 100000.000000, 0.500000, 100000.000000, 0.000000, 0.001020, 0.000100, 10.000000, 0.000102, 293.150000, -0.491841, 293.150000, -4.918409, -0.491841, 293.150000, -0.491841, 298.068409, -0.491841, 0.100000, 0.001020, 0.000100, 0.001020, 0.000100, 0.000000, 0.000100, 298.068409, 0.000000, 10.000000, 293.150000, 0.004000, 10.196736, 10.000000, 0.000102, 10.000000, 0.000102, 0.000000, 0.000102, 10.000000, 298.068409, 298.068409, 0.000000, 25.000000, 24.918409, -0.491841, 0.006841, 0.000000, 0.000100
0.86, 0.000000, 0.000000, 0.000100, 0.000102, 0.000000, -0.000002, 297.971018, 297.971018, 297.971018, -0.482102, 0.000000, 0.000000, 297.971018, 0.100000, 298.000000, 29.797102, 297.971018, 0.000000, 298.150000, 2.000000, 298.150000, 4.166670, 8.000000, 16.000000, 298.150000, 298.150000, 298.150000, 298.150000, 297.971018, 297.971018, 297.971018, 0.000000, 0.000002, 0.000000, 0.000002, 0.000000, 0.000000, 0.000000, 0.000000, 0.001019, 0.001019, 0.001019, 0.000100, 0.000000, 10.000000, 10.000000, 10.000000, 0.000002, 0.000100, 0.000102, 10.000000, 0.000002, 10.000000, 0.000002, 0.000000, 0.000002, 5000000.000000, 0.001019, 0.000000, 0.001019, 0.000000, 0.000000, 0.000000, 5000000.000000, 9.998981, 0.000100, 10.000000, 0.000100, 0.001019, 0.000100, 0.000000, 0.000010, 100000.000000, 0.500000, 100000.000000, 0.000000, 0.001019, 0.000100, 10.000000, 0.000102, 293.150000, -0.482102, 293.150000, -4.821018, -0.482102, 293.150000, -0.482102, 297.971018, -0.482102, 0.100000, 0.001019, 0.000100, 0.001019, 0.000100, 0.000000, 0.000100, 297.971018, 0.000000, 10.000000, 293.150000, 0.004000, 10.192841, 10.000000, 0.000102, 10.000000, 0.000102, 0.000000, 0.000102, 10.000000, 297.971018, 297.971018, 0.000000, 25.000000, 24.821018, -0.482102, -0.002898, 0.000000, 0.000100
0.88, 0.000000, 0.000000, 0.000100, 0.000102, 0.000000, -0.000002, 297.875556, 297.875556, 297.875556, -0.472556, 0.000000, 0.000000, 297.875556, 0.100000, 298.000000, 29.787556, 297.875556, 0.000000, 298.150000, 2.000000, 298.150000, 4.166670, 8.000000, 16.000000, 298.150000, 298.150000, 298.150000, 298.150000, 297.875556, 297.875556, 297.875556, 0.000000, 0.000002, 0.000000, 0.000002, 0.000000, 0.000000, 0.000000, 0.000000, 0.001019, 0.001019, 0.001019, 0.000100, 0.000000, 10.000000, 10.000000, 10.000000, 0.000002, 0.000100, 0.000102, 10.000000, 0.000002, 10.000000, 0.000002, 0.000000, 0.000002, 5000000.000000, 0.001019, 0.000000, 0.001019, 0.000000, 0.000000, 0.000000, 5000000.000000, 9.998981, 0.000100, 10.000000, 0.000100, 0.001019, 0.000100, 0.000000, 0.000010, 100000.000000, 0.500000, 100000.000000, 0.000000, 0.001019, 0.000100, 10.000000, 0.000102, 293.150000, -0.472556, 293.150000, -4.725556, -0.472556, 293.150000, -0.472556, 297.875556, -0.472556, 0.100000, 0.001019, 0.000100, 0.001019, 0.000100, 0.000000, 0.000100, 297.875556, 0.000000, 10.000000, 293.150000, 0.004000, 10.189022, 10.000000, 0.000102, 10.000000, 0.000102, 0.000000, 0.000102, 10.000000, 297.875556, 297.875556, 0.000000, 25.000000, 24.725556, -0.472555, -0.012444, 0.000000, 0.000100
0.9, 0.000000, 0.000000, 0.000100, 0.000102, 0.000000, -0.000002, 297.781983, 297.781983, 297.781983, -0.463198, 0.000000, 0.000000, 297.781983, 0.100000, 298.000000, 29.778198, 297.781983, 0.000000, 298.150000, 2.000000, 298.150000, 4.166670, 8.000000, 16.000000, 298.150000, 298.150000, 298.150000, 298.150000, 297.781983, 297.781983, 297.781983, 0.000000, 0.000002, 0.000000, 0.000002, 0.000000, 0.000000, 0.000000, 0.000000, 0.001018, 0.001018, 0.001018, 0.000100, 0.000000, 10.000000, 10.000000, 10.000000, 0.000002, 0.000100, 0.000102, 10.000000, 0.000002, 10.000000, 0.000002, 0.000000, 0.000002, 5000000.000000, 0.001018, 0.000000, 0.001018, 0.000000, 0.000000, 0.000000, 5000000.000000, 9.998982, 0.000100, 10.000000, 0.000100, 0.001018, 0.000100, 0.000000, 0.000010, 100000.000000, 0.500000, 100000.000000, 0.000000, 0.001018, 0.000100, 10.000000, 0.000102, 293.150000, -0.463198, 293.150000, -4.631983, -0.463198, 293.150000, -0.463198, 297.781983, -0.463198, 0.100000, 0.001018, 0.000100, 0.001018, 0.000100, 0.000000, 0.000100, 297.781983, 0.000000, 10.000000, 293.150000, 0.004000, 10.185279, 10.000000, 0.000102, 10.000000, 0.000102, 0.000000, 0.000102, 10.000000, 297.781983, 297.781983, 0.000000, 25.000000, 24.631983, -0.463198, -0.021802, 0.000000, 0.000100
0.92, 0.000000, 0.000000, 0.000100, 0.000102, 0.000000, -0.000002, 297.690264, 297.690264, 297.690264, -0.454026, 0.000000, 0.000000, 297.690264, 0.100000, 298.000000, 29.769026, 297.690264, 0.000000, 298.150000, 2.000000, 298.150000, 4.166670, 8.000000, 16.000000, 298.150000, 298.150000, 298.150000, 298.150000, 297.690264, 297.690264, 297.690264, 0.000000, 0.000002, 0.000000, 0.000002, 0.000000, 0.000000, 0.000000, 0.000000, 0.001018, 0.001018, 0.001018, 0.000100, 0.000000, 10.000000, 10.000000, 10.000000, 0.000002, 0.000100, 0.000102, 10.000000, 0.000002, 10.000000, 0.000002, 0.000000, 0.000002, 5000000.000000, 0.001018, 0.000000, 0.001018, 0.000000, 0.000000, 0.000000, 5000000.000000, 9.998982, 0.000100, 10.000000, 0.000100, 0.001018, 0.000100, 0.000000, 0.000010, 100000.000000, 0.500000, 100000.000000, 0.000000, 0.001018, 0.000100, 10.000000, 0.000102, 293.150000, -0.454026, 293.150000, -4.540264, -0.454026, 293.150000, -0.454026, 297.690264, -0.454026, 0.100000, 0.001018, 0.000100, 0.001018, 0.000100, 0.000000, 0.000100, 297.690264, 0.000000, 10.000000, 293.150000, 0.004000, 10.181611, 10.000000, 0.000102, 10.000000, 0.000102, 0.000000, 0.000102, 10.000000, 297.690264, 297.690264, 0.000000, 25.000000, 24.540264, -0.454026, -0.030974, 0.000000, 0.000100
0.94, 0.000000, 0.000000, 0.000100, 0.000102, 0.000000, -0.000002, 297.600361, 297.600361, 297.600361, -0.445036, 0.000000, 0.000000, 297.600361, 0.100000, 298.000000, 29.760036, 297.600361, 0.000000, 298.150000, 2.000000, 298.150000, 4.166670, 8.000000, 16.000000, 298.150000, 298.150000, 298.150000, 298.150000, 297.600361, 297.600361, 297.600361, 0.000000, 0.000002, 0.000000, 0.000002, 0.000000, 0.000000, 0.000000, 0.000000, 0.001018, 0.001018, 0.001018, 0.000100, 0.000000, 10.000000, 10.000000, 10.000000, 0.000002, 0.000100, 0.000102, 10.000000, 0.000002, 10.000000, 0.000002, 0.000000, 0.000002, 5000000.000000, 0.001018, 0.000000, 0.001018, 0.000000, 0.000000, 0.000000, 5000000.000000, 9.998982, 0.000100, 10.000000, 0.000100, 0.001018, 0.000100, 0.000000, 0.000010, 100000.000000, 0.500000, 100000.000000, 0.000000, 0.001018, 0.000100, 10.000000, 0.000102, 293.150000, -0.445036, 293.150000, -4.450361, -0.445036, 293.150000, -0.445036, 297.600361, -0.445036, 0.100000, 0.001018, 0.000100, 0.001018, 0.000100, 0.000000, 0.000100, 297.600361, 0.000000, 10.000000, 293.150000, 0.004000, 10.178014, 10.000000, 0.000102, 10.000000, 0.000102, 0.000000, 0.000102, 10.000000, 297.600361, 297.600361, 0.000000, 25.000000, 24.450361, -0.445036, -0.039964, 0.000000, 0.000100
0.96, 0.000000, 0.000000, 0.000100, 0.000102, 0.000000, -0.000002, 297.512238, 297.512238, 297.512238, -0.436224, 0.000000, 0.000000, 297.512238, 0.100000, 298.000000, 29.751224, 297.512238, 0.000000, 298.150000, 2.000000, 298.150000, 4.166670, 8.000000, 16.000000, 298.150000, 298.150000, 298.150000, 298.150000, 297.512238, 297.512238, 297.512238, 0.000000, 0.000002, 0.000000, 0.000002, 0.000000, 0.000000, 0.000000, 0.000000, 0.001017, 0.001017, 0.001017, 0.000100, 0.000000, 10.000000, 10.000000, 10.000000, 0.000002, 0.000100, 0.000102, 10.000000, 0.000002, 10.000000, 0.000002, 0.000000, 0.000002, 5000000.000000, 0.001017, 0.000000, 0.001017, 0.000000, 0.000000, 0.000000, 5000000.000000, 9.998983, 0.000100, 10.000000, 0.000100, 0.001017, 0.000100, 0.000000, 0.000010, 100000.000000, 0.500000, 100000.000000, 0.000000, 0.001017, 0.000100, 10.000000, 0.000102, 293.150000, -0.436224, 293.150000, -4.362238, -0.436224, 293.150000, -0.436224, 297.512238, -0.436224, 0.100000, 0.001017, 0.000100, 0.001017, 0.000100, 0.000000, 0.000100, 297.512238, 0.000000, 10.000000, 293.150000, 0.004000, 10.174490, 10.000000, 0.000102, 10.000000, 0.000102, 0.000000, 0.000102, 10.000000, 297.512238, 297.512238, 0.000000, 25.000000, 24.362238, -0.436224, -0.048776, 0.000000, 0.000100
0.98, 0.000000, 0.000000, 0.000100, 0.000102, 0.000000, -0.000002, 297.425860, 297.425860, 297.425860, -0.427586, 0.000000, 0.000000, 297.425860, 0.100000, 298.000000, 29.742586, 297.425860, 0.000000, 298.150000, 2.000000, 298.150000, 4.166670, 8.000000, 16.000000, 298.150000, 298.150000, 298.150000, 298.150000, 297.425860, 297.425860, 297.425860, 0.000000, 0.000002, 0.000000, 0.000002, 0.000000, 0.000000, 0.000000, 0.000000, 0.001017, 0.001017, 0.001017, 0.000100, 0.000000, 10.000000, 10.000000, 10.000000, 0.000002, 0.000100, 0.000102, 10.000000, 0.000002, 10.000000, 0.000002, 0.000000, 0.000002, 5000000.000000, 0.001017, 0.000000, 0.001017, 0.000000, 0.000000, 0.000000, 5000000.000000, 9.998983, 0.000100, 10.000000, 0.000100, 0.001017, 0.000100, 0.000000, 0.000010, 100000.000000, 0.500000, 100000.000000, 0.000000, 0.001017, 0.000100, 10.000000, 0.000102, 293.150000, -0.427586, 293.150000, -4.275860, -0.427586, 293.150000, -0.427586, 297.425860, -0.427586, 0.100000, 0.001017, 0.000100, 0.001017, 0.000100, 0.000000, 0.000100, 297.425860, 0.000000, 10.000000, 293.150000, 0.004000, 10.171034, 10.000000, 0.000102, 10.000000, 0.000102, 0.000000, 0.000102, 10.000000, 297.425860, 297.425860, 0.000000, 25.000000, 24.275860, -0.427586, -0.057414, 0.000000, 0.000100
1, 0.000000, 0.000000, 0.000100, 0.000102, 0.000000, -0.000002, 297.341192, 297.341192, 297.341192, -0.419119, 0.000000, 0.000000, 297.341192, 0.100000, 298.000000, 29.734119, 297.341192, 0.000000, 298.150000, 2.000000, 298.150000, 4.166670, 8.000000, 16.000000, 298.150000, 298.150000, 298.150000, 298.150000, 297.341192, 297.341192, 297.341192, 0.000000, 0.000002, 0.000000, 0.000002, 0.000000, 0.000000, 0.000000, 0.000000, 0.001017, 0.001017, 0.001017, 0.000100, 0.000000, 10.000000, 10.000000, 10.000000, 0.000002, 0.000100, 0.000102, 10.000000, 0.000002, 10.000000, 0.000002, 0.000000, 0.000002, 5000000.000000, 0.001017, 0.000000, 0.001017, 0.000000, 0.000000, 0.000000, 5000000.000000, 9.998983, 0.000100, 10.000000, 0.000100, 0.001017, 0.000100, 0.000000, 0.000010, 100000.000000, 0.500000, 100000.000000, 0.000000, 0.001017, 0.000100, 10.000000, 0.000102, 293.150000, -0.419119, 293.150000, -4.191192, -0.419119, 293.150000, -0.419119, 297.341192, -0.419119, 0.100000, 0.001017, 0.000100, 0.001017, 0.000100, 0.000000, 0.000100, 297.341192, 0.000000, 10.000000, 293.150000, 0.004000, 10.167648, 10.000000, 0.000102, 10.000000, 0.000102, 0.000000, 0.000102, 10.000000, 297.341192, 297.341192, 0.000000, 25.000000, 24.191192, -0.419119, -0.065881, 0.000000, 0.000100
1.02, 0.000000, 0.000000, 0.000100, 0.000102, 0.000000, -0.000002, 297.258201, 297.258201, 297.258201, -0.410820, 0.000000, 0.000000, 297.258201, 0.100000, 298.000000, 29.725820, 297.258201, 0.000000, 298.150000, 2.000000, 298.150000, 4.166670, 8.000000, 16.000000, 298.150000, 298.150000, 298.150000, 298.150000, 297.258201, 297.258201, 297.258201, 0.000000, 0.000002, 0.000000, 0.000002, 0.000000, 0.000000, 0.000000, 0.000000, 0.001016, 0.001016, 0.001016, 0.000100, 0.000000, 10.000000, 10.000000, 10.000000, 0.000002, 0.000100, 0.000102, 10.000000, 0.000002, 10.000000, 0.000002, 0.000000, 0.000002, 5000000.000000, 0.001016, 0.000000, 0.001016, 0.000000, 0.000000, 0.000000, 5000000.000000, 9.998984, 0.000100, 10.000000, 0.000100, 0.001016, 0.000100, 0.000000, 0.000010, 100000.000000, 0.500000, 100000.000000, 0.000000, 0.001016, 0.000100, 10.000000, 0.000102, 293.150000, -0.410820, 293.150000, -4.108201, -0.410820, 293.150000, -0.410820, 297.258201, -0.410820, 0.100000, 0.001016, 0.000100, 0.001016, 0.000100, 0.000000, 0.000100, 297.258201, 0.000000, 10.000000, 293.150000, 0.004000, 10.164328, 10.000000, 0.000102, 10.000000, 0.000102, 0.000000, 0.000102, 10.000000, 297.258201, 297.258201, 0.000000, 25.000000, 24.108201, -0.410820, -0.074180, 0.000000, 0.000100
1.04, 0.000000, 0.000000, 0.000100, 0.000102, 0.000000, -0.000002, 297.176853, 297.176853, 297.176853, -0.402685, 0.000000, 0.000000, 297.176853, 0.100000, 298.000000, 29.717685, 297.176853, 0.000000, 298.150000, 2.000000, 298.150000, 4.166670, 8.000000, 16.000000, 298.150000, 298.150000, 298.150000, 298.150000, 297.176853, 297.176853, 297.176853, 0.000000, 0.000002, 0.000000, 0.000002, 0.000000, 0.000000, 0.000000, 0.000000, 0.001016, 0.001016, 0.001016, 0.000100, 0.000000, 10.000000, 10.000000, 10.000000, 0.000002, 0.000100, 0.000102, 10.000000, 0.000002, 10.000000, 0.000002, 0.000000, 0.000002, 5000000.000000, 0.001016, 0.000000, 0.001016, 0.000000, 0.000000, 0.000000, 5000000.000000, 9.998984, 0.000100, 10.000000, 0.000100, 0.001016, 0.000100, 0.000000, 0.000010, 100000.000000, 0.500000, 100000.000000, 0.000000, 0.001016, 0.000100, 10.000000, 0.000102, 293.150000, -0.402685, 293.150000, -4.026853, -0.402685, 293.150000, -0.402685, 297.176853, -0.402685, 0.100000, 0.001016, 0.000100, 0.001016, 0.000100, 0.000000, 0.000100, 297.176853, 0.000000, 10.000000, 293.150000, 0.004000, 10.161074, 10.000000, 0.000102, 10.000000, 0.000102, 0.000000, 0.000102, 10.000000, 297.176853, 297.176853, 0.000000, 25.000000, 24.026853, -0.402685, -0.082315, 0.000000, 0.000100
1.06, 0.000000, 0.000000, 0.979453, 0.979457, 0.000000, -0.000004, 298.394310, 298.394310, 298.394310, -0.524431, 0.000000, 9.794518, 298.394310, 0.100000, 298.000000, 29.839431, 298.394310, 1.000000, 298.150000, 2.000000, 298.150000, 4.166670, 8.000000, 16.000000, 298.150000, 298.150000, 298.150000, 298.150000, 298.394310, 298.394310, 298.394310, 0.000000, 0.000002, 0.000000, 0.000002, 0.000000, 0.000002, 0.000000, 0.000002, 9.999990, 9.999990, 9.999990, 0.979453, 0.000002, 10.000000, 10.000000, 10.000000, 0.000002, 0.979455, 0.979457, 10.000000, 0.000002, 10.000000, 0.000002, 0.000000, 0.000002, 5000000.000000, 9.999990, 0.000002, 9.999990, 0.000002, 0.000000, 0.000002, 5000000.000000, 0.000010, 0.979455, 10.000000, 0.979455, 9.999990, 0.979455, 1.000000, 0.000010, 100000.000000, 0.500000, 0.000010, 1.000000, 9.999990, 0.979453, 10.000000, 0.979457, 293.150000, -0.524431, 293.150000, -5.244310, -0.524431, 293.150000, -0.524431, 298.394310, -0.524431, 0.100000, 9.999990, 0.979453, 9.999990, 0.979453, 0.000000, 0.979453, 298.394310, 9.794518, 10.000000, 293.150000, 0.004000, 10.209772, 10.000000, 0.979457, 10.000000, 0.979457, 0.000000, 0.979457, 10.000000, 298.394310, 298.394310, 0.000000, 25.000000, 25.244310, 9.270087, 0.039431, 0.000000, 0.979455
1.08, 0.000000, 0.000000, 0.000100, 0.000102, 0.000000, -0.000002, 299.079778, 299.079778, 299.079778, -0.592978, 0.000000, 0.000000, 299.079778, 0.100000, 298.000000, 29.907978, 299.079778, 0.000000, 298.150000, 2.000000, 298.150000, 4.166670, 8.000000, 16.000000, 298.150000, 298.150000, 298.150000, 298.150000, 299.079778, 299.079778, 299.079778, 0.000000, 0.000002, 0.000000, 0.000002, 0.000000, 0.000000, 0.000000, 0.000000, 0.001024, 0.001024, 0.001024, 0.000100, 0.000000, 10.000000, 10.000000, 10.000000, 0.000002, 0.000100, 0.000102, 10.000000, 0.000002, 10.000000, 0.000002, 0.000000, 0.000002, 5000000.000000, 0.001024, 0.000000, 0.001024, 0.000000, 0.000000, 0.000000, 5000000.000000, 9.998976, 0.000100, 10.000000, 0.000100, 0.001024, 0.000100, 0.000000, 0.000010, 100000.000000, 0.500000, 100000.000000, 0.000000, 0.001024, 0.000100, 10.000000, 0.000102, 293.150000, -0.592978, 293.150000, -5.929778, -0.592978, 293.150000, -0.592978, 299.079778, -0.592978, 0.100000, 0.001024, 0.000100, 0.001024, 0.000100, 0.000000, 0.000100, 299.079778, 0.000000, 10.000000, 293.150000, 0.004000, 10.237191, 10.000000, 0.000102, 10.000000, 0.000102, 0.000000, 0.000102, 10.000000, 299.079778, 299.079778, 0.000000, 25.000000, 25.929778, -0.592978, 0.107978, 0.000000, 0.000100
1.1, 0.000000, 0.000000, 0.000100, 0.000102, 0.000000, -0.000002, 298.962360, 298.962360, 298.962360, -0.581236, 0.000000, 0.000000, 298.962360, 0.100000, 298.000000, 29.896236, 298.962360, 0.000000, 298.150000, 2.000000, 298.150000, 4.166670, 8.000000, 16.000000, 298.150000, 298.150000, 298.150000, 298.150000, 298.962360, 298.962360, 298.962360, 0.000000, 0.000002, 0.000000, 0.000002, 0.000000, 0.000000, 0.000000, 0.000000, 0.001023, 0.001023, 0.001023, 0.000100, 0.000000, 10.000000, 10.000000, 10.000000, 0.000002, 0.000100, 0.000102, 10.000000, 0.000002, 10.000000, 0.000002, 0.000000, 0.000002, 5000000.000000, 0.001023, 0.000000, 0.001023, 0.000000, 0.000000, 0.000000, 5000000.000000, 9.998977, 0.000100, 10.000000, 0.000100, 0.001023, 0.000100, 0.000000, 0.000010, 100000.000000, 0.500000, 100000.000000, 0.000000, 0.001023, 0.000100, 10.000000, 0.000102, 293.150000, -0.581236, 293.150000, -5.812360, -0.581236, 293.150000, -0.581236, 298.962360, -0.581236, 0.100000, 0.001023, 0.000100, 0.001023, 0.000100, 0.000000, 0.000100, 298.962360, 0.000000, 10.000000, 293.150000, 0.004000, 10.232494, 10.000000, 0.000102, 10.000000, 0.000102, 0.000000, 0.000102, 10.000000, 298.962360, 298.962360, 0.000000, 25.000000, 25.812360, -0.581236, 0.096236, 0.000000, 0.000100
1.12, 0.000000, 0.000000, 0.000100, 0.000102, 0.000000, -0.000002, 298.847268, 298.847268, 298.847268, -0.569727, 0.000000, 0.000000, 298.847268, 0.100000, 298.000000, 29.884727, 298.847268, 0.000000, 298.150000, 2.000000, 298.150000, 4.166670, 8.000000, 16.000000, 298.150000, 298.150000, 298.150000, 298.150000, 298.847268, 298.847268, 298.847268, 0.000000, 0.000002, 0.000000, 0.000002, 0.000000, 0.000000, 0.000000, 0.000000, 0.001023, 0.001023, 0.001023, 0.000100, 0.000000, 10.000000, 10.000000, 10.000000, 0.000002, 0.000100, 0.000102, 10.000000, 0.000002, 10.000000, 0.000002, 0.000000, 0.000002, 5000000.000000, 0.001023, 0.000000, 0.001023, 0.000000, 0.000000, 0.000000, 5000000.000000, 9.998977, 0.000100, 10.000000, 0.000100, 0.001023, 0.000100, 0.000000, 0.000010, 100000.000000, 0.500000, 100000.000000, 0.000000, 0.001023, 0.000100, 10.000000, 0.000102, 293.150000, -0.569727, 293.150000, -5.697268, -0.569727, 293.150000, -0.569727, 298.847268, -0.569727, 0.100000, 0.001023, 0.000100, 0.001023, 0.000100, 0.000000, 0.000100, 298.847268, 0.000000, 10.000000, 293.150000, 0.004000, 10.227891, 10.000000, 0.000102, 10.000000, 0.000102, 0.000000, 0.000102, 10.000000, 298.847268, 298.847268, 0.000000, 25.000000, 25.697268, -0.569727, 0.084727, 0.000000, 0.000100
1.14, 0.000000, 0.000000, 0.000100, 0.000102, 0.000000, -0.000002, 298.734454, 298.734454, 298.734454, -0.558445, 0.000000, 0.000000, 298.734454, 0.100000, 298.000000, 29.873445, 298.734454, 0.000000, 298.150000, 2.000000, 298.150000, 4.166670, 8.000000, 16.000000, 298.150000, 298.150000, 298.150000, 298.150000, 298.734454, 298.734454, 298.734454, 0.000000, 0.000002, 0.000000, 0.000002, 0.000000, 0.000000, 0.000000, 0.000000, 0.001022, 0.001022, 0.001022, 0.000100, 0.000000, 10.000000, 10.000000, 10.000000, 0.000002, 0.000100, 0.000102, 10.000000, 0.000002, 10.000000, 0.000002, 0.000000, 0.000002, 5000000.000000, 0.001022, 0.000000, 0.001022, 0.000000, 0.000000, 0.000000, 5000000.000000, 9.998978, 0.000100, 10.000000, 0.000100, 0.001022, 0.000100, 0.000000, 0.000010, 100000.000000, 0.500000, 100000.000000, 0.000000, 0.001022, 0.000100, 10.000000, 0.000102, 293.150000, -0.558445, 293.150000, -5.584454, -0.558445, 293.150000, -0.558445, 298.734454, -0.558445, 0.100000, 0.001022, 0.000100, 0.001022, 0.000100, 0.000000, 0.000100, 298.734454, 0.000000, 10.000000, 293.150000, 0.004000, 10.223378, 10.000000, 0.000102, 10.000000, 0.000102, 0.000000, 0.000102, 10.000000, 298.734454, 298.734454, 0.000000, 25.000000, 25.584454, -0.558445, 0.073445, 0.000000, 0.000100
1.16, 0.000000, 0.000000, 0.000100, 0.000102, 0.000000, -0.000002, 298.623875, 298.623875, 298.623875, -0.547387, 0.000000, 0.000000, 298.623875, 0.100000, 298.000000, 29.862387, 298.623875, 0.000000, 298.150000, 2.000000, 298.150000, 4.166670, 8.000000, 16.000000, 298.150000, 298.150000, 298.150000, 298.150000, 298.623875, 298.623875, 298.623875, 0.000000, 0.000002, 0.000000, 0.000002, 0.000000, 0.000000, 0.000000, 0.000000, 0.001022, 0.001022, 0.001022, 0.000100, 0.000000, 10.000000, 10.000000, 10.000000, 0.000002, 0.000100, 0.000102, 10.000000, 0.000002, 10.000000, 0.000002, 0.000000, 0.000002, 5000000.000000, 0.001022, 0.000000, 0.001022, 0.000000, 0.000000, 0.000000, 5000000.000000, 9.998978, 0.000100, 10.000000, 0.000100, 0.001022, 0.000100, 0.000000, 0.000010, 100000.000000, 0.500000, 100000.000000, 0.000000, 0.001022, 0.000100, 10.000000, 0.000102, 293.150000, -0.547387, 293.150000, -5.473875, -0.547387, 293.150000, -0.547387, 298.623875, -0.547387, 0.100000, 0.001022, 0.000100, 0.001022, 0.000100, 0.000000, 0.000100, 298.623875, 0.000000, 10.000000, 293.150000, 0.004000, 10.218955, 10.000000, 0.000102, 10.000000, 0.000102, 0.000000, 0.000102, 10.000000, 298.623875, 298.623875, 0.000000, 25.000000, 25.473875, -0.547387, 0.062387, 0.000000, 0.000100
1.18, 0.000000, 0.000000, 0.000100, 0.000102, 0.000000, -0.000002, 298.515485, 298.515485, 298.515485, -0.536548, 0.000000, 0.000000, 298.515485, 0.100000, 298.000000, 29.851548, 298.515485, 0.000000, 298.150000, 2.000000, 298.150000, 4.166670, 8.000000, 16.000000, 298.150000, 298.150000, 298.150000, 298.150000, 298.515485, 298.515485, 298.515485, 0.000000, 0.000002, 0.000000, 0.000002, 0.000000, 0.000000, 0.000000, 0.000000, 0.001021, 0.001021, 0.001021, 0.000100, 0.000000, 10.000000, 10.000000, 10.000000, 0.000002, 0.000100, 0.000102, 10.000000, 0.000002, 10.000000, 0.000002, 0.000000, 0.000002, 5000000.000000, 0.001021, 0.000000, 0.001021, 0.000000, 0.000000, 0.000000, 5000000.000000, 9.998979, 0.000100, 10.000000, 0.000100, 0.001021, 0.000100, 0.000000, 0.000010, 100000.000000, 0.500000, 100000.000000, 0.000000, 0.001021, 0.000100, 10.000000, 0.000102, 293.150000, -0.536548, 293.150000, -5.365485, -0.536548, 293.150000, -0.536548, 298.515485, -0.536548, 0.100000, 0.001021, 0.000100, 0.001021, 0.000100, 0.000000, 0.000100, 298.515485, 0.000000, 10.000000, 293.150000, 0.004000, 10.214619, 10.000000, 0.000102, 10.000000, 0.000102, 0.000000, 0.000102, 10.000000, 298.515485, 298.515485, 0.000000, 25.000000, 25.365485, -0.536548, 0.051548, 0.000000, 0.000100
1.2, 0.000000, 0.000000, 0.000100, 0.000102, 0.000000, -0.000002, 298.409241, 298.409241, 298.409241, -0.525924, 0.000000, 0.000000, 298.409241, 0.100000, 298.000000, 29.840924, 298.409241, 0.000000, 298.150000, 2.000000, 298.150000, 4.166670, 8.000000, 16.000000, 298.150000, 298.150000, 298.150000, 298.150000, 298.409241, 298.409241, 298.409241, 0.000000, 0.000002, 0.000000, 0.000002, 0.000000, 0.000000, 0.000000, 0.000000, 0.001021, 0.001021, 0.001021, 0.000100, 0.000000, 10.000000, 10.000000, 10.000000, 0.000002, 0.000100, 0.000102, 10.000000, 0.000002, 10.000000, 0.000002, 0.000000, 0.000002, 5000000.000000, 0.001021, 0.000000, 0.001021, 0.000000, 0.000000, 0.000000, 5000000.000000, 9.998979, 0.000100, 10.000000, 0.000100, 0.001021, 0.000100, 0.000000, 0.000010, 100000.000000, 0.500000, 100000.000000, 0.000000, 0.001021, 0.000100, 10.000000, 0.000102, 293.150000, -0.525924, 293.150000, -5.259241, -0.525924, 293.150000, -0.525924, 298.409241, -0.525924, 0.100000, 0.001021, 0.000100, 0.001021, 0.000100, 0.000000, 0.000100, 298.409241, 0.000000, 10.000000, 293.150000, 0.004000, 10.210370, 10.000000, 0.000102, 10.000000, 0.000102, 0.000000, 0.000102, 10.000000, 298.409241, 298.409241, 0.000000, 25.000000, 25.259241, -0.525924, 0.040924, 0.000000, 0.000100
1.22, 0.000000, 0.000000, 0.000100, 0.000102, 0.000000, -0.000002, 298.305101, 298.305101, 298.305101, -0.515510, 0.000000, 0.000000, 298.305101, 0.100000, 298.000000, 29.830510, 298.305101, 0.000000, 298.150000, 2.000000, 298.150000, 4.166670, 8.000000, 16.000000, 298.150000, 298.150000, 298.150000, 298.150000, 298.305101, 298.305101, 298.305101, 0.000000, 0.000002, 0.000000, 0.000002, 0.000000, 0.000000, 0.000000, 0.000000, 0.001021, 0.001021, 0.001021, 0.000100, 0.000000, 10.000000, 10.000000, 10.000000, 0.000002, 0.000100, 0.000102, 10.000000, 0.000002, 10.000000, 0.000002, 0.000000, 0.000002, 5000000.000000, 0.001021, 0.000000, 0.001021, 0.000000, 0.000000, 0.000000, 5000000.000000, 9.998979, 0.000100, 10.000000, 0.000100, 0.001021, 0.000100, 0.000000, 0.000010, 100000.000000, 0.500000, 100000.000000, 0.000000, 0.001021, 0.000100, 10.000000, 0.000102, 293.150000, -0.515510, 293.150000, -5.155101, -0.515510, 293.150000, -0.515510, 298.305101, -0.515510, 0.100000, 0.001021, 0.000100, 0.001021, 0.000100, 0.000000, 0.000100, 298.305101, 0.000000, 10.000000, 293.150000, 0.004000, 10.206204, 10.000000, 0.000102, 10.000000, 0.000102, 0.000000, 0.000102, 10.000000, 298.305101, 298.305101, 0.000000, 25.000000, 25.155101, -0.515510, 0.030510, 0.000000, 0.000100
1.24, 0.000000, 0.000000, 0.000100, 0.000102, 0.000000, -0.000002, 298.203023, 298.203023, 298.203023, -0.505302, 0.000000, 0.000000, 298.203023, 0.100000, 298.000000, 29.820302, 298.203023, 0.000000, 298.150000, 2.000000, 298.150000, 4.166670, 8.000000, 16.000000, 298.150000, 298.150000, 298.150000, 298.150000, 298.203023, 298.203023, 298.203023, 0.000000, 0.000002, 0.000000, 0.000002, 0.000000, 0.000000, 0.000000, 0.000000, 0.001020, 0.001020, 0.001020, 0.000100, 0.000000, 10.000000, 10.000000, 10.000000, 0.000002, 0.000100, 0.000102, 10.000000, 0.000002, 10.000000, 0.000002, 0.000000, 0.000002, 5000000.000000, 0.001020, 0.000000, 0.001020, 0.000000, 0.000000, 0.000000, 5000000.000000, 9.998980, 0.000100, 10.000000, 0.000100, 0.001020, 0.000100, 0.000000, 0.000010, 100000.000000, 0.500000, 100000.000000, 0.000000, 0.001020, 0.000100, 10.000000, 0.000102, 293.150000, -0.505302, 293.150000, -5.053023, -0.505302, 293.150000, -0.505302, 298.203023, -0.505302, 0.100000, 0.001020, 0.000100, 0.001020, 0.000100, 0.000000, 0.000100, 298.203023, 0.000000, 10.000000, 293.150000, 0.004000, 10.202121, 10.000000, 0.000102, 10.000000, 0.000102, 0.000000, 0.000102, 10.000000, 298.203023, 298.203023, 0.000000, 25.000000, 25.053023, -0.505302, 0.020302, 0.000000, 0.000100
1.26, 0.000000, 0.000000, 0.000100, 0.000102, 0.000000, -0.000002, 298.102967, 298.102967, 298.102967, -0.495297, 0.000000, 0.000000, 298.102967, 0.100000, 298.000000, 29.810297, 298.102967, 0.000000, 298.150000, 2.000000, 298.150000, 4.166670, 8.000000, 16.000000, 298.150000, 298.150000, 298.150000, 298.150000, 298.102967, 298.102967, 298.102967, 0.000000, 0.000002, 0.000000, 0.000002, 0.000000, 0.000000, 0.000000, 0.000000, 0.001020, 0.001020, 0.001020, 0.000100, 0.000000, 10.000000, 10.000000, 10.000000, 0.000002, 0.000100, 0.000102, 10.000000, 0.000002, 10.000000, 0.000002, 0.000000, 0.000002, 5000000.000000, 0.001020, 0.000000, 0.001020, 0.000000, 0.000000, 0.000000, 5000000.000000, 9.998980, 0.000100, 10.000000, 0.000100, 0.001020, 0.000100, 0.000000, 0.000010, 100000.000000, 0.500000, 100000.000000, 0.000000, 0.001020, 0.000100, 10.000000, 0.000102, 293.150000, -0.495297, 293.150000, -4.952967, -0.495297, 293.150000, -0.495297, 298.102967, -0.495297, 0.100000, 0.001020, 0.000100, 0.001020, 0.000100, 0.000000, 0.000100, 298.102967, 0.000000, 10.000000, 293.150000, 0.004000, 10.198119, 10.000000, 0.000102, 10.000000, 0.000102, 0.000000, 0.000102, 10.000000, 298.102967, 298.102967, 0.000000, 25.000000, 24.952967, -0.495297, 0.010297, 0.000000, 0.000100
1.28, 0.000000, 0.000000, 0.000100, 0.000102, 0.000000, -0.000002, 298.004892, 298.004892, 298.004892, -0.485489, 0.000000, 0.000000, 298.004892, 0.100000, 298.000000, 29.800489, 298.004892, 0.000000, 298.150000, 2.000000, 298.150000, 4.166670, 8.000000, 16.000000, 298.150000, 298.150000, 298.150000, 298.150000, 298.004892, 298.004892, 298.004892, 0.000000, 0.000002, 0.000000, 0.000002, 0.000000, 0.000000, 0.000000, 0.000000, 0.001019, 0.001019, 0.001019, 0.000100, 0.000000, 10.000000, 10.000000, 10.000000, 0.000002, 0.000100, 0.000102, 10.000000, 0.000002, 10.000000, 0.000002, 0.000000, 0.000002, 5000000.000000, 0.001019, 0.000000, 0.001019, 0.000000, 0.000000, 0.000000, 5000000.000000, 9.998981, 0.000100, 10.000000, 0.000100, 0.001019, 0.000100, 0.000000, 0.000010, 100000.000000, 0.500000, 100000.000000, 0.000000, 0.001019, 0.000100, 10.000000, 0.000102, 293.150000, -0.485489, 293.150000, -4.854892, -0.485489, 293.150000, -0.485489, 298.004892, -0.485489, 0.100000, 0.001019, 0.000100, 0.001019, 0.000100, 0.000000, 0.000100, 298.004892, 0.000000, 10.000000, 293.150000, 0.004000, 10.194196, 10.000000, 0.000102, 10.000000, 0.000102, 0.000000, 0.000102, 10.000000, 298.004892, 298.004892, 0.000000, 25.000000, 24.854892, -0.485489, 0.000489, 0.000000, 0.000100
1.3, 0.000000, 0.000000, 0.000100, 0.000102, 0.000000, -0.000002, 297.908758, 297.908758, 297.908758, -0.475876, 0.000000, 0.000000, 297.908758, 0.100000, 298.000000, 29.790876, 297.908758, 0.000000, 298.150000, 2.000000, 298.150000, 4.166670, 8.000000, 16.000000, 298.150000, 298.150000, 298.150000, 298.150000, 297.908758, 297.908758, 297.908758, 0.000000, 0.000002, 0.000000, 0.000002, 0.000000, 0.000000, 0.000000, 0.000000, 0.001019, 0.001019, 0.001019, 0.000100, 0.000000, 10.000000, 10.000000, 10.000000, 0.000002, 0.000100, 0.000102, 10.000000, 0.000002, 10.000000, 0.000002, 0.000000, 0.000002, 5000000.000000, 0.001019, 0.000000, 0.001019, 0.000000, 0.000000, 0.000000, 5000000.000000, 9.998981, 0.000100, 10.000000, 0.000100, 0.001019, 0.000100, 0.000000, 0.000010, 100000.000000, 0.500000, 100000.000000, 0.000000, 0.001019, 0.000100, 10.000000, 0.000102, 293.150000, -0.475876, 293.150000, -4.758758, -0.475876, 293.150000, -0.475876, 297.908758, -0.475876, 0.100000, 0.001019, 0.000100, 0.001019, 0.000100, 0.000000, 0.000100, 297.908758, 0.000000, 10.000000, 293.150000, 0.004000, 10.190350, 10.000000, 0.000102, 10.000000, 0.000102, 0.000000, 0.000102, 10.000000, 297.908758, 297.908758, 0.000000, 25.000000, 24.758758, -0.475876, -0.009124, 0.000000, 0.000100
1.32, 0.000000, 0.000000, 0.000100, 0.000102, 0.000000, -0.000002, 297.814529, 297.814529, 297.814529, -0.466453, 0.000000, 0.000000, 297.814529, 0.100000, 298.000000, 29.781453, 297.814529, 0.000000, 298.150000, 2.000000, 298.150000, 4.166670, 8.000000, 16.000000, 298.150000, 298.150000, 298.150000, 298.150000, 297.814529, 297.814529, 297.814529, 0.000000, 0.000002, 0.000000, 0.000002, 0.000000, 0.000000, 0.000000, 0.000000, 0.001019, 0.001019, 0.001019, 0.000100, 0.000000, 10.000000, 10.000000, 10.000000, 0.000002, 0.000100, 0.000102, 10.000000, 0.000002, 10.000000, 0.000002, 0.000000, 0.000002, 5000000.000000, 0.001019, 0.000000, 0.001019, 0.000000, 0.000000, 0.000000, 5000000.000000, 9.998981, 0.000100, 10.000000, 0.000100, 0.001019, 0.000100, 0.000000, 0.000010, 100000.000000, 0.500000, 100000.000000, 0.000000, 0.001019, 0.000100, 10.000000, 0.000102, 293.150000, -0.466453, 293.150000, -4.664529, -0.466453, 293.150000, -0.466453, 297.814529, -0.466453, 0.100000, 0.001019, 0.000100, 0.001019, 0.000100, 0.000000, 0.000100, 297.814529, 0.000000, 10.000000, 293.150000, 0.004000, 10.186581, 10.000000, 0.000102, 10.000000, 0.000102, 0.000000, 0.000102, 10.000000, 297.814529, 297.814529, 0.000000, 25.000000, 24.664529, -0.466453, -0.018547, 0.000000, 0.000100
1.34, 0.000000, 0.000000, 0.000100, 0.000102, 0.000000, -0.000002, 297.722165, 297.722165, 297.722165, -0.457216, 0.000000, 0.000000, 297.722165, 0.100000, 298.000000, 29.772216, 297.722165, 0.000000, 298.150000, 2.000000, 298.150000, 4.166670, 8.000000, 16.000000, 298.150000, 298.150000, 298.150000, 298.150000, 297.722165, 297.722165, 297.722165, 0.000000, 0.000002, 0.000000, 0.000002, 0.000000, 0.000000, 0.000000, 0.000000, 0.001018, 0.001018, 0.001018, 0.000100, 0.000000, 10.000000, 10.000000, 10.000000, 0.000002, 0.000100, 0.000102, 10.000000, 0.000002, 10.000000, 0.000002, 0.000000, 0.000002, 5000000.000000, 0.001018, 0.000000, 0.001018, 0.000000, 0.000000, 0.000000, 5000000.000000, 9.998982, 0.000100, 10.000000, 0.000100, 0.001018, 0.000100, 0.000000, 0.000010, 100000.000000, 0.500000, 100000.000000, 0.000000, 0.001018, 0.000100, 10.000000, 0.000102, 293.150000, -0.457216, 293.150000, -4.572165, -0.457216, 293.150000, -0.457216, 297.722165, -0.457216, 0.100000, 0.001018, 0.000100, 0.001018, 0.000100, 0.000000, 0.000100, 297.722165, 0.000000, 10.000000, 293.150000, 0.004000, 10.182887, 10.000000, 0.000102, 10.000000, 0.000102, 0.000000, 0.000102, 10.000000, 297.722165, 297.722165, 0.000000, 25.000000, 24.572165, -0.457216, -0.027784, 0.000000, 0.000100
1.36, 0.000000, 0.000000, 0.000100, 0.000102, 0.000000, -0.000002, 297.631630, 297.631630, 297.631630, -0.448163, 0.000000, 0.000000, 297.631630, 0.100000, 298.000000, 29.763163, 297.631630, 0.000000, 298.150000, 2.000000, 298.150000, 4.166670, 8.000000, 16.000000, 298.150000, 298.150000, 298.150000, 298.150000, 297.631630, 297.631630, 297.631630, 0.000000, 0.000002, 0.000000, 0.000002, 0.000000, 0.000000, 0.000000, 0.000000, 0.001018, 0.001018, 0.001018, 0.000100, 0.000000, 10.000000, 10.000000, 10.000000, 0.000002, 0.000100, 0.000102, 10.000000, 0.000002, 10.000000, 0.000002, 0.000000, 0.000002, 5000000.000000, 0.001018, 0.000000, 0.001018, 0.000000, 0.000000, 0.000000, 5000000.000000, 9.998982, 0.000100, 10.000000, 0.000100, 0.001018, 0.000100, 0.000000, 0.000010, 100000.000000, 0.500000, 100000.000000, 0.000000, 0.001018, 0.000100, 10.000000, 0.000102, 293.150000, -0.448163, 293.150000, -4.481630, -0.448163, 293.150000, -0.448163, 297.631630, -0.448163, 0.100000, 0.001018, 0.000100, 0.001018, 0.000100, 0.000000, 0.000100, 297.631630, 0.000000, 10.000000, 293.150000, 0.004000, 10.179265, 10.000000, 0.000102, 10.000000, 0.000102, 0.000000, 0.000102, 10.000000, 297.631630, 297.631630, 0.000000, 25.000000, 24.481630, -0.448163, -0.036837, 0.000000, 0.000100
1.38, 0.000000, 0.000000, 0.000100, 0.000102, 0.000000, -0.000002, 297.542888, 297.542888, 297.542888, -0.439289, 0.000000, 0.000000, 297.542888, 0.100000, 298.000000, 29.754289, 297.542888, 0.000000, 298.150000, 2.000000, 298.150000, 4.166670, 8.000000, 16.000000, 298.150000, 298.150000, 298.150000, 298.150000, 297.542888, 297.542888, 297.542888, 0.000000, 0.000002, 0.000000, 0.000002, 0.000000, 0.000000, 0.000000, 0.000000, 0.001017, 0.001017, 0.001017, 0.000100, 0.000000, 10.000000, 10.000000, 10.000000, 0.000002, 0.000100, 0.000102, 10.000000, 0.000002, 10.000000, 0.000002, 0.000000, 0.000002, 5000000.000000, 0.001017, 0.000000, 0.001017, 0.000000, 0.000000, 0.000000, 5000000.000000, 9.998983, 0.000100, 10.000000, 0.000100, 0.001017, 0.000100, 0.000000, 0.000010, 100000.000000, 0.500000, 100000.000000, 0.000000, 0.001017, 0.000100, 10.000000, 0.000102, 293.150000, -0.439289, 293.150000, -4.392888, -0.439289, 293.150000, -0.439289, 297.542888, -0.439289, 0.100000, 0.001017, 0.000100, 0.001017, 0.000100, 0.000000, 0.000100, 297.542888, 0.000000, 10.000000, 293.150000, 0.004000, 10.175716, 10.000000, 0.000102, 10.000000, 0.000102, 0.000000, 0.000102, 10.000000, 297.542888, 297.542888, 0.000000, 25.000000, 24.392888, -0.439289, -0.045711, 0.000000, 0.000100
1.4, 0.000000, 0.000000, 0.000100, 0.000102, 0.000000, -0.000002, 297.455903, 297.455903, 297.455903, -0.430590, 0.000000, 0.000000, 297.455903, 0.100000, 298.000000, 29.745590, 297.455903, 0.000000, 298.150000, 2.000000, 298.150000, 4.166670, 8.000000, 16.000000, 298.150000, 298.150000, 298.150000, 298.150000, 297.455903, 297.455903, 297.455903, 0.000000, 0.000002, 0.000000, 0.000002, 0.000000, 0.000000, 0.000000, 0.000000, 0.001017, 0.001017, 0.001017, 0.000100, 0.000000, 10.000000, 10.000000, 10.000000, 0.000002, 0.000100, 0.000102, 10.000000, 0.000002, 10.000000, 0.000002, 0.000000, 0.000002, 5000000.000000, 0.001017, 0.000000, 0.001017, 0.000000, 0.000000, 0.000000, 5000000.000000, 9.998983, 0.000100, 10.000000, 0.000100, 0.001017, 0.000100, 0.000000, 0.000010, 100000.000000, 0.500000, 100000.000000, 0.000000, 0.001017, 0.000100, 10.000000, 0.000102, 293.150000, -0.430590, 293.150000, -4.305903, -0.430590, 293.150000, -0.430590, 297.455903, -0.430590, 0.100000, 0.001017, 0.000100, 0.001017, 0.000100, 0.000000, 0.000100, 297.455903, 0.000000, 10.000000, 293.150000, 0.004000, 10.172236, 10.000000, 0.000102, 10.000000, 0.000102, 0.000000, 0.000102, 10.000000, 297.455903, 297.455903, 0.000000, 25.000000, 24.305903, -0.430590, -0.054410, 0.000000, 0.000100
1.42, 0.000000, 0.000000, 0.000100, 0.000102, 0.000000, -0.000002, 297.370640, 297.370640, 297.370640, -0.422064, 0.000000, 0.000000, 297.370640, 0.100000, 298.000000, 29.737064, 297.370640, 0.000000, 298.150000, 2.000000, 298.150000, 4.166670, 8.000000, 16.000000, 298.150000, 298.150000, 298.150000, 298.150000, 297.370640, 297.370640, 297.370640, 0.000000, 0.000002, 0.000000, 0.000002, 0.000000, 0.000000, 0.000000, 0.000000, 0.001017, 0.001017, 0.001017, 0.000100, 0.000000, 10.000000, 10.000000, 10.000000, 0.000002, 0.000100, 0.000102, 10.000000, 0.000002, 10.000000, 0.000002, 0.000000, 0.000002, 5000000.000000, 0.001017, 0.000000, 0.001017, 0.000000, 0.000000, 0.000000, 5000000.000000, 9.998983, 0.000100, 10.000000, 0.000100, 0.001017, 0.000100, 0.000000, 0.000010, 100000.000000, 0.500000, 100000.000000, 0.000000, 0.001017, 0.000100, 10.000000, 0.000102, 293.150000, -0.422064, 293.150000, -4.220640, -0.422064, 293.150000, -0.422064, 297.370640, -0.422064, 0.100000, 0.001017, 0.000100, 0.001017, 0.000100, 0.000000, 0.000100, 297.370640, 0.000000, 10.000000, 293.150000, 0.004000, 10.168826, 10.000000, 0.000102, 10.000000, 0.000102, 0.000000, 0.000102, 10.000000, 297.370640, 297.370640, 0.000000, 25.000000, 24.220640, -0.422064, -0.062936, 0.000000, 0.000100
1.44, 0.000000, 0.000000, 0.000100, 0.000102, 0.000000, -0.000002, 297.287066, 297.287066, 297.287066, -0.413707, 0.000000, 0.000000, 297.287066, 0.100000, 298.000000, 29.728707, 297.287066, 0.000000, 298.150000, 2.000000, 298.150000, 4.166670, 8.000000, 16.000000, 298.150000, 298.150000, 298.150000, 298.150000, 297.287066, 297.287066, 297.287066, 0.000000, 0.000002, 0.000000, 0.000002, 0.000000, 0.000000, 0.000000, 0.000000, 0.001016, 0.001016, 0.001016, 0.000100, 0.000000, 10.000000, 10.000000, 10.000000, 0.000002, 0.000100, 0.000102, 10.000000, 0.000002, 10.000000, 0.000002, 0.000000, 0.000002, 5000000.000000, 0.001016, 0.000000, 0.001016, 0.000000, 0.000000, 0.000000, 5000000.000000, 9.998984, 0.000100, 10.000000, 0.000100, 0.001016, 0.000100, 0.000000, 0.000010, 100000.000000, 0.500000, 100000.000000, 0.000000, 0.001016, 0.000100, 10.000000, 0.000102, 293.150000, -0.413707, 293.150000, -4.137066, -0.413707, 293.150000, -0.413707, 297.287066, -0.413707, 0.100000, 0.001016, 0.000100, 0.001016, 0.000100, 0.000000, 0.000100, 297.287066, 0.000000, 10.000000, 293.150000, 0.004000, 10.165483, 10.000000, 0.000102, 10.000000, 0.000102, 0.000000, 0.000102, 10.000000, 297.287066, 297.287066, 0.000000, 25.000000, 24.137066, -0.413706, -0.071293, 0.000000, 0.000100
1.46, 0.000000, 0.000000, 0.000100, 0.000102, 0.000000, -0.000002, 297.205146, 297.205146, 297.205146, -0.405515, 0.000000, 0.000000, 297.205146, 0.100000, 298.000000, 29.720515, 297.205146, 0.000000, 298.150000, 2.000000, 298.150000, 4.166670, 8.000000, 16.000000, 298.150000, 298.150000, 298.150000, 298.150000, 297.205146, 297.205146, 297.205146, 0.000000, 0.000002, 0.000000, 0.000002, 0.000000, 0.000000, 0.000000, 0.000000, 0.001016, 0.001016, 0.001016, 0.000100, 0.000000, 10.000000, 10.000000, 10.000000, 0.000002, 0.000100, 0.000102, 10.000000, 0.000002, 10.000000, 0.000002, 0.000000, 0.000002, 5000000.000000, 0.001016, 0.000000, 0.001016, 0.000000, 0.000000, 0.000000, 5000000.000000, 9.998984, 0.000100, 10.000000, 0.000100, 0.001016, 0.000100, 0.000000, 0.000010, 100000.000000, 0.500000, 100000.000000, 0.000000, 0.001016, 0.000100, 10.000000, 0.000102, 293.150000, -0.405515, 293.150000, -4.055146, -0.405515, 293.150000, -0.405515, 297.205146, -0.405515, 0.100000, 0.001016, 0.000100, 0.001016, 0.000100, 0.000000, 0.000100, 297.205146, 0.000000, 10.000000, 293.150000, 0.004000, 10.162206, 10.000000, 0.000102, 10.000000, 0.000102, 0.000000, 0.000102, 10.000000, 297.205146, 297.205146, 0.000000, 25.000000, 24.055146, -0.405515, -0.079485, 0.000000, 0.000100
1.48, 0.000000, 0.000000, 0.981961, 0.981965, 0.000000, -0.000004, 297.742256, 297.742256, 297.742256, -0.459226, 0.000000, 9.819604, 297.742256, 0.100000, 298.000000, 29.774226, 297.742256, 1.000000, 298.150000, 2.000000, 298.150000, 4.166670, 8.000000, 16.000000, 298.150000, 298.150000, 298.150000, 298.150000, 297.742256, 297.742256, 297.742256, 0.000000, 0.000002, 0.000000, 0.000002, 0.000000, 0.000002, 0.000000, 0.000002, 9.999990, 9.999990, 9.999990, 0.981961, 0.000002, 10.000000, 10.000000, 10.000000, 0.000002, 0.981963, 0.981965, 10.000000, 0.000002, 10.000000, 0.000002, 0.000000, 0.000002, 5000000.000000, 9.999990, 0.000002, 9.999990, 0.000002, 0.000000, 0.000002, 5000000.000000, 0.000010, 0.981963, 10.000000, 0.981963, 9.999990, 0.981963, 1.000000, 0.000010, 100000.000000, 0.500000, 0.000010, 1.000000, 9.999990, 0.981961, 10.000000, 0.981965, 293.150000, -0.459226, 293.150000, -4.592256, -0.459226, 293.150000, -0.459226, 297.742256, -0.459226, 0.100000, 9.999990, 0.981961, 9.999990, 0.981961, 0.000000, 0.981961, 297.742256, 9.819604, 10.000000, 293.150000, 0.004000, 10.183690, 10.000000, 0.981965, 10.000000, 0.981965, 0.000000, 0.981965, 10.000000, 297.742256, 297.742256, 0.000000, 25.000000, 24.592256, 9.360378, -0.025774, 0.000000, 0.981963
1.5, 0.000000, 0.000000, 0.000100, 0.000102, 0.000000, -0.000002, 299.121438, 299.121438, 299.121438, -0.597144, 0.000000, 0.000000, 299.121438, 0.100000, 298.000000, 29.912144, 299.121438, 0.000000, 298.150000, 2.000000, 298.150000, 4.166670, 8.000000, 16.000000, 298.150000, 298.150000, 298.150000, 298.150000, 299.121438, 299.121438, 299.121438, 0.000000, 0.000002, 0.000000, 0.000002, 0.000000, 0.000000, 0.000000, 0.000000, 0.001024, 0.001024, 0.001024, 0.000100, 0.000000, 10.000000, 10.000000, 10.000000, 0.000002, 0.000100, 0.000102, 10.000000, 0.000002, 10.000000, 0.000002, 0.000000, 0.000002, 5000000.000000, 0.001024, 0.000000, 0.001024, 0.000000, 0.000000, 0.000000, 5000000.000000, 9.998976, 0.000100, 10.000000, 0.000100, 0.001024, 0.000100, 0.000000, 0.000010, 100000.000000, 0.500000, 100000.000000, 0.000000, 0.001024, 0.000100, 10.000000, 0.000102, 293.150000, -0.597144, 293.150000, -5.971438, -0.597144, 293.150000, -0.597144, 299.121438, -0.597144, 0.100000, 0.001024, 0.000100, 0.001024, 0.000100, 0.000000, 0.000100, 299.121438, 0.000000, 10.000000, 293.150000, 0.004000, 10.238858, 10.000000, 0.000102, 10.000000, 0.000102, 0.000000, 0.000102, 10.000000, 299.121438, 299.121438, 0.000000, 25.000000, 25.971438, -0.597144, 0.112144, 0.000000, 0.000100
1.52, 0.000000, 0.000000, 0.000100, 0.000102, 0.000000, -0.000002, 299.003196, 299.003196, 299.003196, -0.585320, 0.000000, 0.000000, 299.003196, 0.100000, 298.000000, 29.900320, 299.003196, 0.000000, 298.150000, 2.000000, 298.150000, 4.166670, 8.000000, 16.000000, 298.150000, 298.150000, 298.150000, 298.150000, 299.003196, 299.003196, 299.003196, 0.000000, 0.000002, 0.000000, 0.000002, 0.000000, 0.000000, 0.000000, 0.000000, 0.001023, 0.001023, 0.001023, 0.000100, 0.000000, 10.000000, 10.000000, 10.000000, 0.000002, 0.000100, 0.000102, 10.000000, 0.000002, 10.000000, 0.000002, 0.000000, 0.000002, 5000000.000000, 0.001023, 0.000000, 0.001023, 0.000000, 0.000000, 0.000000, 5000000.000000, 9.998977, 0.000100, 10.000000, 0.000100, 0.001023, 0.000100, 0.000000, 0.000010, 100000.000000, 0.500000, 100000.000000, 0.000000, 0.001023, 0.000100, 10.000000, 0.000102, 293.150000, -0.585320, 293.150000, -5.853196, -0.585320, 293.150000, -0.585320, 299.003196, -0.585320, 0.100000, 0.001023, 0.000100, 0.001023, 0.000100, 0.000000, 0.000100, 299.003196, 0.000000, 10.000000, 293.150000, 0.004000, 10.234128, 10.000000, 0.000102, 10.000000, 0.000102, 0.000000, 0.000102, 10.000000, 299.003196, 299.003196, 0.000000, 25.000000, 25.853196, -0.585319, 0.100320, 0.000000, 0.000100
1.54, 0.000000, 0.000000, 0.000100, 0.000102, 0.000000, -0.000002, 298.887295, 298.887295, 298.887295, -0.573729, 0.000000, 0.000000, 298.887295, 0.100000, 298.000000, 29.888729, 298.887295, 0.000000, 298.150000, 2.000000, 298.150000, 4.166670, 8.000000, 16.000000, 298.150000, 298.150000, 298.150000, 298.150000, 298.887295, 298.887295, 298.887295, 0.000000, 0.000002, 0.000000, 0.000002, 0.000000, 0.000000, 0.000000, 0.000000, 0.001023, 0.001023, 0.001023, 0.000100, 0.000000, 10.000000, 10.000000, 10.000000, 0.000002, 0.000100, 0.000102, 10.000000, 0.000002, 10.000000, 0.000002, 0.000000, 0.000002, 5000000.000000, 0.001023, 0.000000, 0.001023, 0.000000, 0.000000, 0.000000, 5000000.000000, 9.998977, 0.000100, 10.000000, 0.000100, 0.001023, 0.000100, 0.000000, 0.000010, 100000.000000, 0.500000, 100000.000000, 0.000000, 0.001023, 0.000100, 10.000000, 0.000102, 293.150000, -0.573729, 293.150000, -5.737295, -0.573729, 293.150000, -0.573729, 298.887295, -0.573729, 0.100000, 0.001023, 0.000100, 0.001023, 0.000100, 0.000000, 0.000100, 298.887295, 0.000000, 10.000000, 293.150000, 0.004000, 10.229492, 10.000000, 0.000102, 10.000000, 0.000102, 0.000000, 0.000102, 10.000000, 298.887295, 298.887295, 0.000000, 25.000000, 25.737295, -0.573729, 0.088729, 0.000000, 0.000100
1.56, 0.000000, 0.000000, 0.000100, 0.000102, 0.000000, -0.000002, 298.773689, 298.773689, 298.773689, -0.562369, 0.000000, 0.000000, 298.773689, 0.100000, 298.000000, 29.877369, 298.773689, 0.000000, 298.150000, 2.000000, 298.150000, 4.166670, 8.000000, 16.000000, 298.150000, 298.150000, 298.150000, 298.150000, 298.773689, 298.773689, 298.773689, 0.000000, 0.000002, 0.000000, 0.000002, 0.000000, 0.000000, 0.000000, 0.000000, 0.001022, 0.001022, 0.001022, 0.000100, 0.000000, 10.000000, 10.000000, 10.000000, 0.000002, 0.000100, 0.000102, 10.000000, 0.000002, 10.000000, 0.000002, 0.000000, 0.000002, 5000000.000000, 0.001022, 0.000000, 0.001022, 0.000000, 0.000000, 0.000000, 5000000.000000, 9.998978, 0.000100, 10.000000, 0.000100, 0.001022, 0.000100, 0.000000, 0.000010, 100000.000000, 0.500000, 100000.000000, 0.000000, 0.001022, 0.000100, 10.000000, 0.000102, 293.150000, -0.562369, 293.150000, -5.623689, -0.562369, 293.150000, -0.562369, 298.773689, -0.562369, 0.100000, 0.001022, 0.000100, 0.001022, 0.000100, 0.000000, 0.000100, 298.773689, 0.000000, 10.000000, 293.150000, 0.004000, 10.224948, 10.000000, 0.000102, 10.000000, 0.000102, 0.000000, 0.000102, 10.000000, 298.773689, 298.773689, 0.000000, 25.000000, 25.623689, -0.562369, 0.077369, 0.000000, 0.000100
1.58, 0.000000, 0.000000, 0.000100, 0.000102, 0.000000, -0.000002, 298.662332, 298.662332, 298.662332, -0.551233, 0.000000, 0.000000, 298.662332, 0.100000, 298.000000, 29.866233, 298.662332, 0.000000, 298.150000, 2.000000, 298.150000, 4.166670, 8.000000, 16.000000, 298.150000, 298.150000, 298.150000, 298.150000, 298.662332, 298.662332, 298.662332, 0.000000, 0.000002, 0.000000, 0.000002, 0.000000, 0.000000, 0.000000, 0.000000, 0.001022, 0.001022, 0.001022, 0.000100, 0.000000, 10.000000, 10.000000, 10.000000, 0.000002, 0.000100, 0.000102, 10.000000, 0.000002, 10.000000, 0.000002, 0.000000, 0.000002, 5000000.000000, 0.001022, 0.000000, 0.001022, 0.000000, 0.000000, 0.000000, 5000000.000000, 9.998978, 0.000100, 10.000000, 0.000100, 0.001022, 0.000100, 0.000000, 0.000010, 100000.000000, 0.500000, 100000.000000, 0.000000, 0.001022, 0.000100, 10.000000, 0.000102, 293.150000, -0.551233, 293.150000, -5.512332, -0.551233, 293.150000, -0.551233, 298.662332, -0.551233, 0.100000, 0.001022, 0.000100, 0.001022, 0.000100, 0.000000, 0.000100, 298.662332, 0.000000, 10.000000, 293.150000, 0.004000, 10.220493, 10.000000, 0.000102, 10.000000, 0.000102, 0.000000, 0.000102, 10.000000, 298.662332, 298.662332, 0.000000, 25.000000, 25.512332, -0.551233, 0.066233, 0.000000, 0.000100
1.6, 0.000000, 0.000000, 0.000100, 0.000102, 0.000000, -0.000002, 298.553181, 298.553181, 298.553181, -0.540318, 0.000000, 0.000000, 298.553181, 0.100000, 298.000000, 29.855318, 298.553181, 0.000000, 298.150000, 2.000000, 298.150000, 4.166670, 8.000000, 16.000000, 298.150000, 298.150000, 298.150000, 298.150000, 298.553181, 298.553181, 298.553181, 0.000000, 0.000002, 0.000000, 0.000002, 0.000000, 0.000000, 0.000000, 0.000000, 0.001022, 0.001022, 0.001022, 0.000100, 0.000000, 10.000000, 10.000000, 10.000000, 0.000002, 0.000100, 0.000102, 10.000000, 0.000002, 10.000000, 0.000002, 0.000000, 0.000002, 5000000.000000, 0.001022, 0.000000, 0.001022, 0.000000, 0.000000, 0.000000, 5000000.000000, 9.998978, 0.000100, 10.000000, 0.000100, 0.001022, 0.000100, 0.000000, 0.000010, 100000.000000, 0.500000, 100000.000000, 0.000000, 0.001022, 0.000100, 10.000000, 0.000102, 293.150000, -0.540318, 293.150000, -5.403181, -0.540318, 293.150000, -0.540318, 298.553181, -0.540318, 0.100000, 0.001022, 0.000100, 0.001022, 0.000100, 0.000000, 0.000100, 298.553181, 0.000000, 10.000000, 293.150000, 0.004000, 10.216127, 10.000000, 0.000102, 10.000000, 0.000102, 0.000000, 0.000102, 10.000000, 298.553181, 298.553181, 0.000000, 25.000000, 25.403181, -0.540318, 0.055318, 0.000000, 0.000100
1.62, 0.000000, 0.000000, 0.000100, 0.000102, 0.000000, -0.000002, 298.446191, 298.446191, 298.446191, -0.529619, 0.000000, 0.000000, 298.446191, 0.100000, 298.000000, 29.844619, 298.446191, 0.000000, 298.150000, 2.000000, 298.150000, 4.166670, 8.000000, 16.000000, 298.150000, 298.150000, 298.150000, 298.150000, 298.446191, 298.446191, 298.446191, 0.000000, 0.000002, 0.000000, 0.000002, 0.000000, 0.000000, 0.000000, 0.000000, 0.001021, 0.001021, 0.001021, 0.000100, 0.000000, 10.000000, 10.000000, 10.000000, 0.000002, 0.000100, 0.000102, 10.000000, 0.000002, 10.000000, 0.000002, 0.000000, 0.000002, 5000000.000000, 0.001021, 0.000000, 0.001021, 0.000000, 0.000000, 0.000000, 5000000.000000, 9.998979, 0.000100, 10.000000, 0.000100, 0.001021, 0.000100, 0.000000, 0.000010, 100000.000000, 0.500000, 100000.000000, 0.000000, 0.001021, 0.000100, 10.000000, 0.000102, 293.150000, -0.529619, 293.150000, -5.296191, -0.529619, 293.150000, -0.529619, 298.446191, -0.529619, 0.100000, 0.001021, 0.000100, 0.001021, 0.000100, 0.000000, 0.000100, 298.446191, 0.000000, 10.000000, 293.150000, 0.004000, 10.211848, 10.000000, 0.000102, 10.000000, 0.000102, 0.000000, 0.000102, 10.000000, 298.446191, 298.446191, 0.000000, 25.000000, 25.296191, -0.529619, 0.044619, 0.000000, 0.000100
1.64, 0.000000, 0.000000, 0.000100, 0.000102, 0.000000, -0.000002, 298.341319, 298.341319, 298.341319, -0.519132, 0.000000, 0.000000, 298.341319, 0.100000, 298.000000, 29.834132, 298.341319, 0.000000, 298.150000, 2.000000, 298.150000, 4.166670, 8.000000, 16.000000, 298.150000, 298.150000, 298.150000, 298.150000, 298.341319, 298.341319, 298.341319, 0.000000, 0.000002, 0.000000, 0.000002, 0.000000, 0.000000, 0.000000, 0.000000, 0.001021, 0.001021, 0.001021, 0.000100, 0.000000, 10.000000, 10.000000, 10.000000, 0.000002, 0.000100, 0.000102, 10.000000, 0.000002, 10.000000, 0.000002, 0.000000, 0.000002, 5000000.000000, 0.001021, 0.000000, 0.001021, 0.000000, 0.000000, 0.000000, 5000000.000000, 9.998979, 0.000100, 10.000000, 0.000100, 0.001021, 0.000100, 0.000000, 0.000010, 100000.000000, 0.500000, 100000.000000, 0.000000, 0.001021, 0.000100, 10.000000, 0.000102, 293.150000, -0.519132, 293.150000, -5.191319, -0.519132, 293.150000, -0.519132, 298.341319, -0.519132, 0.100000, 0.001021, 0.000100, 0.001021, 0.000100, 0.000000, 0.000100, 298.341319, 0.000000, 10.000000, 293.150000, 0.004000, 10.207653, 10.000000, 0.000102, 10.000000, 0.000102, 0.000000, 0.000102, 10.000000, 298.341319, 298.341319, 0.000000, 25.000000, 25.191319, -0.519132, 0.034132, 0.000000, 0.000100
1.66, 0.000000, 0.000000, 0.000100, 0.000102, 0.000000, -0.000002, 298.238524, 298.238524, 298.238524, -0.508852, 0.000000, 0.000000, 298.238524, 0.100000, 298.000000, 29.823852, 298.238524, 0.000000, 298.150000, 2.000000, 298.150000, 4.166670, 8.000000, 16.000000, 298.150000, 298.150000, 298.150000, 298.150000, 298.238524, 298.238524, 298.238524, 0.000000, 0.000002, 0.000000, 0.000002, 0.000000, 0.000000, 0.000000, 0.000000, 0.001020, 0.001020, 0.001020, 0.000100, 0.000000, 10.000000, 10.000000, 10.000000, 0.000002, 0.000100, 0.000102, 10.000000, 0.000002, 10.000000, 0.000002, 0.000000, 0.000002, 5000000.000000, 0.001020, 0.000000, 0.001020, 0.000000, 0.000000, 0.000000, 5000000.000000, 9.998980, 0.000100, 10.000000, 0.000100, 0.001020, 0.000100, 0.000000, 0.000010, 100000.000000, 0.500000, 100000.000000, 0.000000, 0.001020, 0.000100, 10.000000, 0.000102, 293.150000, -0.508852, 293.150000, -5.088524, -0.508852, 293.150000, -0.508852, 298.238524, -0.508852, 0.100000, 0.001020, 0.000100, 0.001020, 0.000100, 0.000000, 0.000100, 298.238524, 0.000000, 10.000000, 293.150000, 0.004000, 10.203541, 10.000000, 0.000102, 10.000000, 0.000102, 0.000000, 0.000102, 10.000000, 298.238524, 298.238524, 0.000000, 25.000000, 25.088524, -0.508852, 0.023852, 0.000000, 0.000100
1.68, 0.000000, 0.000000, 0.000100, 0.000102, 0.000000, -0.000002, 298.137764, 298.137764, 298.137764, -0.498776, 0.000000, 0.000000, 298.137764, 0.100000, 298.000000, 29.813776, 298.137764, 0.000000, 298.150000, 2.000000, 298.150000, 4.166670, 8.000000, 16.000000, 298.150000, 298.150000, 298.150000, 298.150000, 298.137764, 298.137764, 298.137764, 0.000000, 0.000002, 0.000000, 0.000002, 0.000000, 0.000000, 0.000000, 0.000000, 0.001020, 0.001020, 0.001020, 0.000100, 0.000000, 10.000000, 10.000000, 10.000000, 0.000002, 0.000100, 0.000102, 10.000000, 0.000002, 10.000000, 0.000002, 0.000000, 0.000002, 5000000.000000, 0.001020, 0.000000, 0.001020, 0.000000, 0.000000, 0.000000, 5000000.000000, 9.998980, 0.000100, 10.000000, 0.000100, 0.001020, 0.000100, 0.000000, 0.000010, 100000.000000, 0.500000, 100000.000000, 0.000000, 0.001020, 0.000100, 10.000000, 0.000102, 293.150000, -0.498776, 293.150000, -4.987764, -0.498776, 293.150000, -0.498776, 298.137764, -0.498776, 0.100000, 0.001020, 0.000100, 0.001020, 0.000100, 0.000000, 0.000100, 298.137764, 0.000000, 10.000000, 293.150000, 0.004000, 10.199511, 10.000000, 0.000102, 10.000000, 0.000102, 0.000000, 0.000102, 10.000000, 298.137764, 298.137764, 0.000000, 25.000000, 24.987764, -0.498776, 0.013776, 0.000000, 0.000100
1.7, 0.000000, 0.000000, 0.000100, 0.000102, 0.000000, -0.000002, 298.039000, 298.039000, 298.039000, -0.488900, 0.000000, 0.000000, 298.039000, 0.100000, 298.000000, 29.803900, 298.039000, 0.000000, 298.150000, 2.000000, 298.150000, 4.166670, 8.000000, 16.000000, 298.150000, 298.150000, 298.150000, 298.150000, 298.039000, 298.039000, 298.039000, 0.000000, 0.000002, 0.000000, 0.000002, 0.000000, 0.000000, 0.000000, 0.000000, 0.001019, 0.001019, 0.001019, 0.000100, 0.000000, 10.000000, 10.000000, 10.000000, 0.000002, 0.000100, 0.000102, 10.000000, 0.000002, 10.000000, 0.000002, 0.000000, 0.000002, 5000000.000000, 0.001019, 0.000000, 0.001019, 0.000000, 0.000000, 0.000000, 5000000.000000, 9.998981, 0.000100, 10.000000, 0.000100, 0.001019, 0.000100, 0.000000, 0.000010, 100000.000000, 0.500000, 100000.000000, 0.000000, 0.001019, 0.000100, 10.000000, 0.000102, 293.150000, -0.488900, 293.150000, -4.889000, -0.488900, 293.150000, -0.488900, 298.039000, -0.488900, 0.100000, 0.001019, 0.000100, 0.001019, 0.000100, 0.000000, 0.000100, 298.039000, 0.000000, 10.000000, 293.150000, 0.004000, 10.195560, 10.000000, 0.000102, 10.000000, 0.000102, 0.000000, 0.000102, 10.000000, 298.039000, 298.039000, 0.000000, 25.000000, 24.889000, -0.488900, 0.003900, 0.000000, 0.000100
1.72, 0.000000, 0.000000, 0.000100, 0.000102, 0.000000, -0.000002, 297.942191, 297.942191, 297.942191, -0.479219, 0.000000, 0.000000, 297.942191, 0.100000, 298.000000, 29.794219, 297.942191, 0.000000, 298.150000, 2.000000, 298.150000, 4.166670, 8.000000, 16.000000, 298.150000, 298.150000, 298.150000, 298.150000, 297.942191, 297.942191, 297.942191, 0.000000, 0.000002, 0.000000, 0.000002, 0.000000, 0.000000, 0.000000, 0.000000, 0.001019, 0.001019, 0.001019, 0.000100, 0.000000, 10.000000, 10.000000, 10.000000, 0.000002, 0.000100, 0.000102, 10.000000, 0.000002, 10.000000, 0.000002, 0.000000, 0.000002, 5000000.000000, 0.001019, 0.000000, 0.001019, 0.000000, 0.000000, 0.000000, 5000000.000000, 9.998981, 0.000100, 10.000000, 0.000100, 0.001019, 0.000100, 0.000000, 0.000010, 100000.000000, 0.500000, 100000.000000, 0.000000, 0.001019, 0.000100, 10.000000, 0.000102, 293.150000, -0.479219, 293.150000, -4.792191, -0.479219, 293.150000, -0.479219, 297.942191, -0.479219, 0.100000, 0.001019, 0.000100, 0.001019, 0.000100, 0.000000, 0.000100, 297.942191, 0.000000, 10.000000, 293.150000, 0.004000, 10.191688, 10.000000, 0.000102, 10.000000, 0.000102, 0.000000, 0.000102, 10.000000, 297.942191, 297.942191, 0.000000, 25.000000, 24.792191, -0.479219, -0.005781, 0.000000, 0.000100
1.74, 0.000000, 0.000000, 0.000100, 0.000102, 0.000000, -0.000002, 297.847300, 297.847300, 297.847300, -0.469730, 0.000000, 0.000000, 297.847300, 0.100000, 298.000000, 29.784730, 297.847300, 0.000000, 298.150000, 2.000000, 298.150000, 4.166670, 8.000000, 16.000000, 298.150000, 298.150000, 298.150000, 298.150000, 297.847300, 297.847300, 297.847300, 0.000000, 0.000002, 0.000000, 0.000002, 0.000000, 0.000000, 0.000000, 0.000000, 0.001019, 0.001019, 0.001019, 0.000100, 0.000000, 10.000000, 10.000000, 10.000000, 0.000002, 0.000100, 0.000102, 10.000000, 0.000002, 10.000000, 0.000002, 0.000000, 0.000002, 5000000.000000, 0.001019, 0.000000, 0.001019, 0.000000, 0.000000, 0.000000, 5000000.000000, 9.998981, 0.000100, 10.000000, 0.000100, 0.001019, 0.000100, 0.000000, 0.000010, 100000.000000, 0.500000, 100000.000000, 0.000000, 0.001019, 0.000100, 10.000000, 0.000102, 293.150000, -0.469730, 293.150000, -4.697300, -0.469730, 293.150000, -0.469730, 297.847300, -0.469730, 0.100000, 0.001019, 0.000100, 0.001019, 0.000100, 0.000000, 0.000100, 297.847300, 0.000000, 10.000000, 293.150000, 0.004000, 10.187892, 10.000000, 0.000102, 10.000000, 0.000102, 0.000000, 0.000102, 10.000000, 297.847300, 297.847300, 0.000000, 25.000000, 24.697300, -0.469730, -0.015270, 0.000000, 0.000100
1.76, 0.000000, 0.000000, 0.000100, 0.000102, 0.000000, -0.000002, 297.754287, 297.754287, 297.754287, -0.460429, 0.000000, 0.000000, 297.754287, 0.100000, 298.000000, 29.775429, 297.754287, 0.000000, 298.150000, 2.000000, 298.150000, 4.166670, 8.000000, 16.000000, 298.150000, 298.150000, 298.150000, 298.150000, 297.754287, 297.754287, 297.754287, 0.000000, 0.000002, 0.000000, 0.000002, 0.000000, 0.000000, 0.000000, 0.000000, 0.001018, 0.001018, 0.001018, 0.000100, 0.000000, 10.000000, 10.000000, 10.000000, 0.000002, 0.000100, 0.000102, 10.000000, 0.000002, 10.000000, 0.000002, 0.000000, 0.000002, 5000000.000000, 0.001018, 0.000000, 0.001018, 0.000000, 0.000000, 0.000000, 5000000.000000, 9.998982, 0.000100, 10.000000, 0.000100, 0.001018, 0.000100, 0.000000, 0.000010, 100000.000000, 0.500000, 100000.000000, 0.000000, 0.001018, 0.000100, 10.000000, 0.000102, 293.150000, -0.460429, 293.150000, -4.604287, -0.460429, 293.150000, -0.460429, 297.754287, -0.460429, 0.100000, 0.001018, 0.000100, 0.001018, 0.000100, 0.000000, 0.000100, 297.754287, 0.000000, 10.000000, 293.150000, 0.004000, 10.184171, 10.000000, 0.000102, 10.000000, 0.000102, 0.000000, 0.000102, 10.000000, 297.754287, 297.754287, 0.000000, 25.000000, 24.604287, -0.460429, -0.024571, 0.000000, 0.000100
1.78, 0.000000, 0.000000, 0.000100, 0.000102, 0.000000, -0.000002, 297.663116, 297.663116, 297.663116, -0.451312, 0.000000, 0.000000, 297.663116, 0.100000, 298.000000, 29.766312, 297.663116, 0.000000, 298.150000, 2.000000, 298.150000, 4.166670, 8.000000, 16.000000, 298.150000, 298.150000, 298.150000, 298.150000, 297.663116, 297.663116, 297.663116, 0.000000, 0.000002, 0.000000, 0.000002, 0.000000, 0.000000, 0.000000, 0.000000, 0.001018, 0.001018, 0.001018, 0.000100, 0.000000, 10.000000, 10.000000, 10.000000, 0.000002, 0.000100, 0.000102, 10.000000, 0.000002, 10.000000, 0.000002, 0.000000, 0.000002, 5000000.000000, 0.001018, 0.000000, 0.001018, 0.000000, 0.000000, 0.000000, 5000000.000000, 9.998982, 0.000100, 10.000000, 0.000100, 0.001018, 0.000100, 0.000000, 0.000010, 100000.000000, 0.500000, 100000.000000, 0.000000, 0.001018, 0.000100, 10.000000, 0.000102, 293.150000, -0.451312, 293.150000, -4.513116, -0.451312, 293.150000, -0.451312, 297.663116, -0.451312, 0.100000, 0.001018, 0.000100, 0.001018, 0.000100, 0.000000, 0.000100, 297.663116, 0.000000, 10.000000, 293.150000, 0.004000, 10.180525, 10.000000, 0.000102, 10.000000, 0.000102, 0.000000, 0.000102, 10.000000, 297.663116, 297.663116, 0.000000, 25.000000, 24.513116, -0.451311, -0.033688, 0.000000, 0.000100
1.8, 0.000000, 0.000000, 0.000100, 0.000102, 0.000000, -0.000002, 297.573750, 297.573750, 297.573750, -0.442375, 0.000000, 0.000000, 297.573750, 0.100000, 298.000000, 29.757375, 297.573750, 0.000000, 298.150000, 2.000000, 298.150000, 4.166670, 8.000000, 16.000000, 298.150000, 298.150000, 298.150000, 298.150000, 297.573750, 297.573750, 297.573750, 0.000000, 0.000002, 0.000000, 0.000002, 0.000000, 0.000000, 0.000000, 0.000000, 0.001018, 0.001018, 0.001018, 0.000100, 0.000000, 10.000000, 10.000000, 10.000000, 0.000002, 0.000100, 0.000102, 10.000000, 0.000002, 10.000000, 0.000002, 0.000000, 0.000002, 5000000.000000, 0.001018, 0.000000, 0.001018, 0.000000, 0.000000, 0.000000, 5000000.000000, 9.998982, 0.000100, 10.000000, 0.000100, 0.001018, 0.000100, 0.000000, 0.000010, 100000.000000, 0.500000, 100000.000000, 0.000000, 0.001018, 0.000100, 10.000000, 0.000102, 293.150000, -0.442375, 293.150000, -4.423750, -0.442375, 293.150000, -0.442375, 297.573750, -0.442375, 0.100000, 0.001018, 0.000100, 0.001018, 0.000100, 0.000000, 0.000100, 297.573750, 0.000000, 10.000000, 293.150000, 0.004000, 10.176950, 10.000000, 0.000102, 10.000000, 0.000102, 0.000000, 0.000102, 10.000000, 297.573750, 297.573750, 0.000000, 25.000000, 24.423750, -0.442375, -0.042625, 0.000000, 0.000100
1.82, 0.000000, 0.000000, 0.000100, 0.000102, 0.000000, -0.000002, 297.486154, 297.486154, 297.486154, -0.433615, 0.000000, 0.000000, 297.486154, 0.100000, 298.000000, 29.748615, 297.486154, 0.000000, 298.150000, 2.000000, 298.150000, 4.166670, 8.000000, 16.000000, 298.150000, 298.150000, 298.150000, 298.150000, 297.486154, 297.486154, 297.486154, 0.000000, 0.000002, 0.000000, 0.000002, 0.000000, 0.000000, 0.000000, 0.000000, 0.001017, 0.001017, 0.001017, 0.000100, 0.000000, 10.000000, 10.000000, 10.000000, 0.000002, 0.000100, 0.000102, 10.000000, 0.000002, 10.000000, 0.000002, 0.000000, 0.000002, 5000000.000000, 0.001017, 0.000000, 0.001017, 0.000000, 0.000000, 0.000000, 5000000.000000, 9.998983, 0.000100, 10.000000, 0.000100, 0.001017, 0.000100, 0.000000, 0.000010, 100000.000000, 0.500000, 100000.000000, 0.000000, 0.001017, 0.000100, 10.000000, 0.000102, 293.150000, -0.433615, 293.150000, -4.336154, -0.433615, 293.150000, -0.433615, 297.486154, -0.433615, 0.100000, 0.001017, 0.000100, 0.001017, 0.000100, 0.000000, 0.000100, 297.486154, 0.000000, 10.000000, 293.150000, 0.004000, 10.173446, 10.000000, 0.000102, 10.000000, 0.000102, 0.000000, 0.000102, 10.000000, 297.486154, 297.486154, 0.000000, 25.000000, 24.336154, -0.433615, -0.051385, 0.000000, 0.000100
1.84, 0.000000, 0.000000, 0.000100, 0.000102, 0.000000, -0.000002, 297.400293, 297.400293, 297.400293, -0.425029, 0.000000, 0.000000, 297.400293, 0.100000, 298.000000, 29.740029, 297.400293, 0.000000, 298.150000, 2.000000, 298.150000, 4.166670, 8.000000, 16.000000, 298.150000, 298.150000, 298.150000, 298.150000, 297.400293, 297.400293, 297.400293, 0.000000, 0.000002, 0.000000, 0.000002, 0.000000, 0.000000, 0.000000, 0.000000, 0.001017, 0.001017, 0.001017, 0.000100, 0.000000, 10.000000, 10.000000, 10.000000, 0.000002, 0.000100, 0.000102, 10.000000, 0.000002, 10.000000, 0.000002, 0.000000, 0.000002, 5000000.000000, 0.001017, 0.000000, 0.001017, 0.000000, 0.000000, 0.000000, 5000000.000000, 9.998983, 0.000100, 10.000000, 0.000100, 0.001017, 0.000100, 0.000000, 0.000010, 100000.000000, 0.500000, 100000.000000, 0.000000, 0.001017, 0.000100, 10.000000, 0.000102, 293.150000, -0.425029, 293.150000, -4.250293, -0.425029, 293.150000, -0.425029, 297.400293, -0.425029, 0.100000, 0.001017, 0.000100, 0.001017, 0.000100, 0.000000, 0.000100, 297.400293, 0.000000, 10.000000, 293.150000, 0.004000, 10.170012, 10.000000, 0.000102, 10.000000, 0.000102, 0.000000, 0.000102, 10.000000, 297.400293, 297.400293, 0.000000, 25.000000, 24.250293, -0.425029, -0.059971, 0.000000, 0.000100
1.86, 0.000000, 0.000000, 0.000100, 0.000102, 0.000000, -0.000002, 297.316131, 297.316131, 297.316131, -0.416613, 0.000000, 0.000000, 297.316131, 0.100000, 298.000000, 29.731613, 297.316131, 0.000000, 298.150000, 2.000000, 298.150000, 4.166670, 8.000000, 16.000000, 298.150000, 298.150000, 298.150000, 298.150000, 297.316131, 297.316131, 297.316131, 0.000000, 0.000002, 0.000000, 0.000002, 0.000000, 0.000000, 0.000000, 0.000000, 0.001017, 0.001017, 0.001017, 0.000100, 0.000000, 10.000000, 10.000000, 10.000000, 0.000002, 0.000100, 0.000102, 10.000000, 0.000002, 10.000000, 0.000002, 0.000000, 0.000002, 5000000.000000, 0.001017, 0.000000, 0.001017, 0.000000, 0.000000, 0.000000, 5000000.000000, 9.998983, 0.000100, 10.000000, 0.000100, 0.001017, 0.000100, 0.000000, 0.000010, 100000.000000, 0.500000, 100000.000000, 0.000000, 0.001017, 0.000100, 10.000000, 0.000102, 293.150000, -0.416613, 293.150000, -4.166131, -0.416613, 293.150000, -0.416613, 297.316131, -0.416613, 0.100000, 0.001017, 0.000100, 0.001017, 0.000100, 0.000000, 0.000100, 297.316131, 0.000000, 10.000000, 293.150000, 0.004000, 10.166645, 10.000000, 0.000102, 10.000000, 0.000102, 0.000000, 0.000102, 10.000000, 297.316131, 297.316131, 0.000000, 25.000000, 24.166131, -0.416613, -0.068387, 0.000000, 0.000100
1.88, 0.000000, 0.000000, 0.000100, 0.000102, 0.000000, -0.000002, 297.233636, 297.233636, 297.233636, -0.408364, 0.000000, 0.000000, 297.233636, 0.100000, 298.000000, 29.723364, 297.233636, 0.000000, 298.150000, 2.000000, 298.150000, 4.166670, 8.000000, 16.000000, 298.150000, 298.150000, 298.150000, 298.150000, 297.233636, 297.233636, 297.233636, 0.000000, 0.000002, 0.000000, 0.000002, 0.000000, 0.000000, 0.000000, 0.000000, 0.001016, 0.001016, 0.001016, 0.000100, 0.000000, 10.000000, 10.000000, 10.000000, 0.000002, 0.000100, 0.000102, 10.000000, 0.000002, 10.000000, 0.000002, 0.000000, 0.000002, 5000000.000000, 0.001016, 0.000000, 0.001016, 0.000000, 0.000000, 0.000000, 5000000.000000, 9.998984, 0.000100, 10.000000, 0.000100, 0.001016, 0.000100, 0.000000, 0.000010, 100000.000000, 0.500000, 100000.000000, 0.000000, 0.001016, 0.000100, 10.000000, 0.000102, 293.150000, -0.408364, 293.150000, -4.083636, -0.408364, 293.150000, -0.408364, 297.233636, -0.408364, 0.100000, 0.001016, 0.000100, 0.001016, 0.000100, 0.000000, 0.000100, 297.233636, 0.000000, 10.000000, 293.150000, 0.004000, 10.163345, 10.000000, 0.000102, 10.000000, 0.000102, 0.000000, 0.000102, 10.000000, 297.233636, 297.233636, 0.000000, 25.000000, 24.083636, -0.408364, -0.076636, 0.000000, 0.000100
1.9, 0.000000, 0.000000, 0.000100, 0.000102, 0.000000, -0.000002, 297.152775, 297.152775, 297.152775, -0.400277, 0.000000, 0.000000, 297.152775, 0.100000, 298.000000, 29.715277, 297.152775, 0.000000, 298.150000, 2.000000, 298.150000, 4.166670, 8.000000, 16.000000, 298.150000, 298.150000, 298.150000, 298.150000, 297.152775, 297.152775, 297.152775, 0.000000, 0.000002, 0.000000, 0.000002, 0.000000, 0.000000, 0.000000, 0.000000, 0.001016, 0.001016, 0.001016, 0.000100, 0.000000, 10.000000, 10.000000, 10.000000, 0.000002, 0.000100, 0.000102, 10.000000, 0.000002, 10.000000, 0.000002, 0.000000, 0.000002, 5000000.000000, 0.001016, 0.000000, 0.001016, 0.000000, 0.000000, 0.000000, 5000000.000000, 9.998984, 0.000100, 10.000000, 0.000100, 0.001016, 0.000100, 0.000000, 0.000010, 100000.000000, 0.500000, 100000.000000, 0.000000, 0.001016, 0.000100, 10.000000, 0.000102, 293.150000, -0.400277, 293.150000, -4.002775, -0.400277, 293.150000, -0.400277, 297.152775, -0.400277, 0.100000, 0.001016, 0.000100, 0.001016, 0.000100, 0.000000, 0.000100, 297.152775, 0.000000, 10.000000, 293.150000, 0.004000, 10.160111, 10.000000, 0.000102, 10.000000, 0.000102, 0.000000, 0.000102, 10.000000, 297.152775, 297.152775, 0.000000, 25.000000, 24.002775, -0.400277, -0.084723, 0.000000, 0.000100
1.92, 0.000000, 0.000000, 0.977332, 0.977336, 0.000000, -0.000004, 298.948224, 298.948224, 298.948224, -0.579822, 0.000000, 9.773309, 298.948224, 0.100000, 298.000000, 29.894822, 298.948224, 1.000000, 298.150000, 2.000000, 298.150000, 4.166670, 8.000000, 16.000000, 298.150000, 298.150000, 298.150000, 298.150000, 298.948224, 298.948224, 298.948224, 0.000000, 0.000002, 0.000000, 0.000002, 0.000000, 0.000002, 0.000000, 0.000002, 9.999990, 9.999990, 9.999990, 0.977332, 0.000002, 10.000000, 10.000000, 10.000000, 0.000002, 0.977334, 0.977336, 10.000000, 0.000002, 10.000000, 0.000002, 0.000000, 0.000002, 5000000.000000, 9.999990, 0.000002, 9.999990, 0.000002, 0.000000, 0.000002, 5000000.000000, 0.000010, 0.977334, 10.000000, 0.977334, 9.999990, 0.977334, 1.000000, 0.000010, 100000.000000, 0.500000, 0.000010, 1.000000, 9.999990, 0.977332, 10.000000, 0.977336, 293.150000, -0.579822, 293.150000, -5.798224, -0.579822, 293.150000, -0.579822, 298.948224, -0.579822, 0.100000, 9.999990, 0.977332, 9.999990, 0.977332, 0.000000, 0.977332, 298.948224, 9.773309, 10.000000, 293.150000, 0.004000, 10.231929, 10.000000, 0.977336, 10.000000, 0.977336, 0.000000, 0.977336, 10.000000, 298.948224, 298.948224, 0.000000, 25.000000, 25.798224, 9.193487, 0.094822, 0.000000, 0.977334
1.94, 0.000000, 0.000000, 0.000100, 0.000102, 0.000000, -0.000002, 299.044316, 299.044316, 299.044316, -0.589432, 0.000000, 0.000000, 299.044316, 0.100000, 298.000000, 29.904432, 299.044316, 0.000000, 298.150000, 2.000000, 298.150000, 4.166670, 8.000000, 16.000000, 298.150000, 298.150000, 298.150000, 298.150000, 299.044316, 299.044316, 299.044316, 0.000000, 0.000002, 0.000000, 0.000002, 0.000000, 0.000000, 0.000000, 0.000000, 0.001023, 0.001023, 0.001023, 0.000100, 0.000000, 10.000000, 10.000000, 10.000000, 0.000002, 0.000100, 0.000102, 10.000000, 0.000002, 10.000000, 0.000002, 0.000000, 0.000002, 5000000.000000, 0.001023, 0.000000, 0.001023, 0.000000, 0.000000, 0.000000, 5000000.000000, 9.998977, 0.000100, 10.000000, 0.000100, 0.001023, 0.000100, 0.000000, 0.000010, 100000.000000, 0.500000, 100000.000000, 0.000000, 0.001023, 0.000100, 10.000000, 0.000102, 293.150000, -0.589432, 293.150000, -5.894316, -0.589432, 293.150000, -0.589432, 299.044316, -0.589432, 0.100000, 0.001023, 0.000100, 0.001023, 0.000100, 0.000000, 0.000100, 299.044316, 0.000000, 10.000000, 293.150000, 0.004000, 10.235773, 10.000000, 0.000102, 10.000000, 0.000102, 0.000000, 0.000102, 10.000000, 299.044316, 299.044316, 0.000000, 25.000000, 25.894316, -0.589431, 0.104432, 0.000000, 0.000100
1.96, 0.000000, 0.000000, 0.000100, 0.000102, 0.000000, -0.000002, 298.927601, 298.927601, 298.927601, -0.577760, 0.000000, 0.000000, 298.927601, 0.100000, 298.000000, 29.892760, 298.927601, 0.000000, 298.150000, 2.000000, 298.150000, 4.166670, 8.000000, 16.000000, 298.150000, 298.150000, 298.150000, 298.150000, 298.927601, 298.927601, 298.927601, 0.000000, 0.000002, 0.000000, 0.000002, 0.000000, 0.000000, 0.000000, 0.000000, 0.001023, 0.001023, 0.001023, 0.000100, 0.000000, 10.000000, 10.000000, 10.000000, 0.000002, 0.000100, 0.000102, 10.000000, 0.000002, 10.000000, 0.000002, 0.000000, 0.000002, 5000000.000000, 0.001023, 0.000000, 0.001023, 0.000000, 0.000000, 0.000000, 5000000.000000, 9.998977, 0.000100, 10.000000, 0.000100, 0.001023, 0.000100, 0.000000, 0.000010, 100000.000000, 0.500000, 100000.000000, 0.000000, 0.001023, 0.000100, 10.000000, 0.000102, 293.150000, -0.577760, 293.150000, -5.777601, -0.577760, 293.150000, -0.577760, 298.927601, -0.577760, 0.100000, 0.001023, 0.000100, 0.001023, 0.000100, 0.000000, 0.000100, 298.927601, 0.000000, 10.000000, 293.150000, 0.004000, 10.231104, 10.000000, 0.000102, 10.000000, 0.000102, 0.000000, 0.000102, 10.000000, 298.927601, 298.927601, 0.000000, 25.000000, 25.777601, -0.577760, 0.092760, 0.000000, 0.000100
1.98, 0.000000, 0.000000, 0.000100, 0.000102, 0.000000, -0.000002, 298.813196, 298.813196, 298.813196, -0.566320, 0.000000, 0.000000, 298.813196, 0.100000, 298.000000, 29.881320, 298.813196, 0.000000, 298.150000, 2.000000, 298.150000, 4.166670, 8.000000, 16.000000, 298.150000, 298.150000, 298.150000, 298.150000, 298.813196, 298.813196, 298.813196, 0.000000, 0.000002, 0.000000, 0.000002, 0.000000, 0.000000, 0.000000, 0.000000, 0.001023, 0.001023, 0.001023, 0.000100, 0.000000, 10.000000, 10.000000, 10.000000, 0.000002, 0.000100, 0.000102, 10.000000, 0.000002, 10.000000, 0.000002, 0.000000, 0.000002, 5000000.000000, 0.001023, 0.000000, 0.001023, 0.000000, 0.000000, 0.000000, 5000000.000000, 9.998977, 0.000100, 10.000000, 0.000100, 0.001023, 0.000100, 0.000000, 0.000010, 100000.000000, 0.500000, 100000.000000, 0.000000, 0.001023, 0.000100, 10.000000, 0.000102, 293.150000, -0.566320, 293.150000, -5.663196, -0.566320, 293.150000, -0.566320, 298.813196, -0.566320, 0.100000, 0.001023, 0.000100, 0.001023, 0.000100, 0.000000, 0.000100, 298.813196, 0.000000, 10.000000, 293.150000, 0.004000, 10.226528, 10.000000, 0.000102, 10.000000, 0.000102, 0.000000, 0.000102, 10.000000, 298.813196, 298.813196, 0.000000, 25.000000, 25.663196, -0.566320, 0.081320, 0.000000, 0.000100
2, 0.000000, 0.000000, 0.000100, 0.000102, 0.000000, -0.000002, 298.701058, 298.701058, 298.701058, -0.555106, 0.000000, 0.000000, 298.701058, 0.100000, 298.000000, 29.870106, 298.701058, 0.000000, 298.150000, 2.000000, 298.150000, 4.166670, 8.000000, 16.000000, 298.150000, 298.150000, 298.150000, 298.150000, 298.701058, 298.701058, 298.701058, 0.000000, 0.000002, 0.000000, 0.000002, 0.000000, 0.000000, 0.000000, 0.000000, 0.001022, 0.001022, 0.001022, 0.000100, 0.000000, 10.000000, 10.000000, 10.000000, 0.000002, 0.000100, 0.000102, 10.000000, 0.000002, 10.000000, 0.000002, 0.000000, 0.000002, 5000000.000000, 0.001022, 0.000000, 0.001022, 0.000000, 0.000000, 0.000000, 5000000.000000, 9.998978, 0.000100, 10.000000, 0.000100, 0.001022, 0.000100, 0.000000, 0.000010, 100000.000000, 0.500000, 100000.000000, 0.000000, 0.001022, 0.000100, 10.000000, 0.000102, 293.150000, -0.555106, 293.150000, -5.551058, -0.555106, 293.150000, -0.555106, 298.701058, -0.555106, 0.100000, 0.001022, 0.000100, 0.001022, 0.000100, 0.000000, 0.000100, 298.701058, 0.000000, 10.000000, 293.150000, 0.004000, 10.222042, 10.000000, 0.000102, 10.000000, 0.000102, 0.000000, 0.000102, 10.000000, 298.701058, 298.701058, 0.000000, 25.000000, 25.551058, -0.555106, 0.070106, 0.000000, 0.000100
2.02, 0.000000, 0.000000, 0.000100, 0.000102, 0.000000, -0.000002, 298.591139, 298.591139, 298.591139, -0.544114, 0.000000, 0.000000, 298.591139, 0.100000, 298.000000, 29.859114, 298.591139, 0.000000, 298.150000, 2.000000, 298.150000, 4.166670, 8.000000, 16.000000, 298.150000, 298.150000, 298.150000, 298.150000, 298.591139, 298.591139, 298.591139, 0.000000, 0.000002, 0.000000, 0.000002, 0.000000, 0.000000, 0.000000, 0.000000, 0.001022, 0.001022, 0.001022, 0.000100, 0.000000, 10.000000, 10.000000, 10.000000, 0.000002, 0.000100, 0.000102, 10.000000, 0.000002, 10.000000, 0.000002, 0.000000, 0.000002, 5000000.000000, 0.001022, 0.000000, 0.001022, 0.000000, 0.000000, 0.000000, 5000000.000000, 9.998978, 0.000100, 10.000000, 0.000100, 0.001022, 0.000100, 0.000000, 0.000010, 100000.000000, 0.500000, 100000.000000, 0.000000, 0.001022, 0.000100, 10.000000, 0.000102, 293.150000, -0.544114, 293.150000, -5.441139, -0.544114, 293.150000, -0.544114, 298.591139, -0.544114, 0.100000, 0.001022, 0.000100, 0.001022, 0.000100, 0.000000, 0.000100, 298.591139, 0.000000, 10.000000, 293.150000, 0.004000, 10.217646, 10.000000, 0.000102, 10.000000, 0.000102, 0.000000, 0.000102, 10.000000, 298.591139, 298.591139, 0.000000, 25.000000, 25.441139, -0.544114, 0.059114, 0.000000, 0.000100
2.04, 0.000000, 0.000000, 0.000100, 0.000102, 0.000000, -0.000002, 298.483398, 298.483398, 298.483398, -0.533340, 0.000000, 0.000000, 298.483398, 0.100000, 298.000000, 29.848340, 298.483398, 0.000000, 298.150000, 2.000000, 298.150000, 4.166670, 8.000000, 16.000000, 298.150000, 298.150000, 298.150000, 298.150000, 298.483398, 298.483398, 298.483398, 0.000000, 0.000002, 0.000000, 0.000002, 0.000000, 0.000000, 0.000000, 0.000000, 0.001021, 0.001021, 0.001021, 0.000100, 0.000000, 10.000000, 10.000000, 10.000000, 0.000002, 0.000100, 0.000102, 10.000000, 0.000002, 10.000000, 0.000002, 0.000000, 0.000002, 5000000.000000, 0.001021, 0.000000, 0.001021, 0.000000, 0.000000, 0.000000, 5000000.000000, 9.998979, 0.000100, 10.000000, 0.000100, 0.001021, 0.000100, 0.000000, 0.000010, 100000.000000, 0.500000, 100000.000000, 0.000000, 0.001021, 0.000100, 10.000000, 0.000102, 293.150000, -0.533340, 293.150000, -5.333398, -0.533340, 293.150000, -0.533340, 298.483398, -0.533340, 0.100000, 0.001021, 0.000100, 0.001021, 0.000100, 0.000000, 0.000100, 298.483398, 0.000000, 10.000000, 293.150000, 0.004000, 10.213336, 10.000000, 0.000102, 10.000000, 0.000102, 0.000000, 0.000102, 10.000000, 298.483398, 298.483398, 0.000000, 25.000000, 25.333398, -0.533340, 0.048340, 0.000000, 0.000100
2.06, 0.000000, 0.000000, 0.000100, 0.000102, 0.000000, -0.000002, 298.377789, 298.377789, 298.377789, -0.522779, 0.000000, 0.000000, 298.377789, 0.100000, 298.000000, 29.837779, 298.377789, 0.000000, 298.150000, 2.000000, 298.150000, 4.166670, 8.000000, 16.000000, 298.150000, 298.150000, 298.150000, 298.150000, 298.377789, 298.377789, 298.377789, 0.000000, 0.000002, 0.000000, 0.000002, 0.000000, 0.000000, 0.000000, 0.000000, 0.001021, 0.001021, 0.001021, 0.000100, 0.000000, 10.000000, 10.000000, 10.000000, 0.000002, 0.000100, 0.000102, 10.000000, 0.000002, 10.000000, 0.000002, 0.000000, 0.000002, 5000000.000000, 0.001021, 0.000000, 0.001021, 0.000000, 0.000000, 0.000000, 5000000.000000, 9.998979, 0.000100, 10.000000, 0.000100, 0.001021, 0.000100, 0.000000, 0.000010, 100000.000000, 0.500000, 100000.000000, 0.000000, 0.001021, 0.000100, 10.000000, 0.000102, 293.150000, -0.522779, 293.150000, -5.227789, -0.522779, 293.150000, -0.522779, 298.377789, -0.522779, 0.100000, 0.001021, 0.000100, 0.001021, 0.000100, 0.000000, 0.000100, 298.377789, 0.000000, 10.000000, 293.150000, 0.004000, 10.209112, 10.000000, 0.000102, 10.000000, 0.000102, 0.000000, 0.000102, 10.000000, 298.377789, 298.377789, 0.000000, 25.000000, 25.227789, -0.522779, 0.037779, 0.000000, 0.000100
2.08, 0.000000, 0.000000, 0.000100, 0.000102, 0.000000, -0.000002, 298.274272, 298.274272, 298.274272, -0.512427, 0.000000, 0.000000, 298.274272, 0.100000, 298.000000, 29.827427, 298.274272, 0.000000, 298.150000, 2.000000, 298.150000, 4.166670, 8.000000, 16.000000, 298.150000, 298.150000, 298.150000, 298.150000, 298.274272, 298.274272, 298.274272, 0.000000, 0.000002, 0.000000, 0.000002, 0.000000, 0.000000, 0.000000, 0.000000, 0.001020, 0.001020, 0.001020, 0.000100, 0.000000, 10.000000, 10.000000, 10.000000, 0.000002, 0.000100, 0.000102, 10.000000, 0.000002, 10.000000, 0.000002, 0.000000, 0.000002, 5000000.000000, 0.001020, 0.000000, 0.001020, 0.000000, 0.000000, 0.000000, 5000000.000000, 9.998980, 0.000100, 10.000000, 0.000100, 0.001020, 0.000100, 0.000000, 0.000010, 100000.000000, 0.500000, 100000.000000, 0.000000, 0.001020, 0.000100, 10.000000, 0.000102, 293.150000, -0.512427, 293.150000, -5.124272, -0.512427, 293.150000, -0.512427, 298.274272, -0.512427, 0.100000, 0.001020, 0.000100, 0.001020, 0.000100, 0.000000, 0.000100, 298.274272, 0.000000, 10.000000, 293.150000, 0.004000, 10.204971, 10.000000, 0.000102, 10.000000, 0.000102, 0.000000, 0.000102, 10.000000, 298.274272, 298.274272, 0.000000, 25.000000, 25.124272, -0.512427, 0.027427, 0.000000, 0.000100
2.1, 0.000000, 0.000000, 0.000100, 0.000102, 0.000000, -0.000002, 298.172805, 298.172805, 298.172805, -0.502280, 0.000000, 0.000000, 298.172805, 0.100000, 298.000000, 29.817280, 298.172805, 0.000000, 298.150000, 2.000000, 298.150000, 4.166670, 8.000000, 16.000000, 298.150000, 298.150000, 298.150000, 298.150000, 298.172805, 298.172805, 298.172805, 0.000000, 0.000002, 0.000000, 0.000002, 0.000000, 0.000000, 0.000000, 0.000000, 0.001020, 0.001020, 0.001020, 0.000100, 0.000000, 10.000000, 10.000000, 10.000000, 0.000002, 0.000100, 0.000102, 10.000000, 0.000002, 10.000000, 0.000002, 0.000000, 0.000002, 5000000.000000, 0.001020, 0.000000, 0.001020, 0.000000, 0.000000, 0.000000, 5000000.000000, 9.998980, 0.000100, 10.000000, 0.000100, 0.001020, 0.000100, 0.000000, 0.000010, 100000.000000, 0.500000, 100000.000000, 0.000000, 0.001020, 0.000100, 10.000000, 0.000102, 293.150000, -0.502280, 293.150000, -5.022805, -0.502280, 293.150000, -0.502280, 298.172805, -0.502280, 0.100000, 0.001020, 0.000100, 0.001020, 0.000100, 0.000000, 0.000100, 298.172805, 0.000000, 10.000000, 293.150000, 0.004000, 10.200912, 10.000000, 0.000102, 10.000000, 0.000102, 0.000000, 0.000102, 10.000000, 298.172805, 298.172805, 0.000000, 25.000000, 25.022805, -0.502280, 0.017280, 0.000000, 0.000100
2.12, 0.000000, 0.000000, 0.000100, 0.000102, 0.000000, -0.000002, 298.073347, 298.073347, 298.073347, -0.492335, 0.000000, 0.000000, 298.073347, 0.100000, 298.000000, 29.807335, 298.073347, 0.000000, 298.150000, 2.000000, 298.150000, 4.166670, 8.000000, 16.000000, 298.150000, 298.150000, 298.150000, 298.150000, 298.073347, 298.073347, 298.073347, 0.000000, 0.000002, 0.000000, 0.000002, 0.000000, 0.000000, 0.000000, 0.000000, 0.001020, 0.001020, 0.001020, 0.000100, 0.000000, 10.000000, 10.000000, 10.000000, 0.000002, 0.000100, 0.000102, 10.000000, 0.000002, 10.000000, 0.000002, 0.000000, 0.000002, 5000000.000000, 0.001020, 0.000000, 0.001020, 0.000000, 0.000000, 0.000000, 5000000.000000, 9.998980, 0.000100, 10.000000, 0.000100, 0.001020, 0.000100, 0.000000, 0.000010, 100000.000000, 0.500000, 100000.000000, 0.000000, 0.001020, 0.000100, 10.000000, 0.000102, 293.150000, -0.492335, 293.150000, -4.923347, -0.492335, 293.150000, -0.492335, 298.073347, -0.492335, 0.100000, 0.001020, 0.000100, 0.001020, 0.000100, 0.000000, 0.000100, 298.073347, 0.000000, 10.000000, 293.150000, 0.004000, 10.196934, 10.000000, 0.000102, 10.000000, 0.000102, 0.000000, 0.000102, 10.000000, 298.073347, 298.073347, 0.000000, 25.000000, 24.923347, -0.492335, 0.007335, 0.000000, 0.000100
2.14, 0.000000, 0.000000, 0.000100, 0.000102, 0.000000, -0.000002, 297.975858, 297.975858, 297.975858, -0.482586, 0.000000, 0.000000, 297.975858, 0.100000, 298.000000, 29.797586, 297.975858, 0.000000, 298.150000, 2.000000, 298.150000, 4.166670, 8.000000, 16.000000, 298.150000, 298.150000, 298.150000, 298.150000, 297.975858, 297.975858, 297.975858, 0.000000, 0.000002, 0.000000, 0.000002, 0.000000, 0.000000, 0.000000, 0.000000, 0.001019, 0.001019, 0.001019, 0.000100, 0.000000, 10.000000, 10.000000, 10.000000, 0.000002, 0.000100, 0.000102, 10.000000, 0.000002, 10.000000, 0.000002, 0.000000, 0.000002, 5000000.000000, 0.001019, 0.000000, 0.001019, 0.000000, 0.000000, 0.000000, 5000000.000000, 9.998981, 0.000100, 10.000000, 0.000100, 0.001019, 0.000100, 0.000000, 0.000010, 100000.000000, 0.500000, 100000.000000, 0.000000, 0.001019, 0.000100, 10.000000, 0.000102, 293.150000, -0.482586, 293.150000, -4.825858, -0.482586, 293.150000, -0.482586, 297.975858, -0.482586, 0.100000, 0.001019, 0.000100, 0.001019, 0.000100, 0.000000, 0.000100, 297.975858, 0.000000, 10.000000, 293.150000, 0.004000, 10.193034, 10.000000, 0.000102, 10.000000, 0.000102, 0.000000, 0.000102, 10.000000, 297.975858, 297.975858, 0.000000, 25.000000, 24.825858, -0.482586, -0.002414, 0.000000, 0.000100
2.16, 0.000000, 0.000000, 0.000100, 0.000102, 0.000000, -0.000002, 297.880299, 297.880299, 297.880299, -0.473030, 0.000000, 0.000000, 297.880299, 0.100000, 298.000000, 29.788030, 297.880299, 0.000000, 298.150000, 2.000000, 298.150000, 4.166670, 8.000000, 16.000000, 298.150000, 298.150000, 298.150000, 298.150000, 297.880299, 297.880299, 297.880299, 0.000000, 0.000002, 0.000000, 0.000002, 0.000000, 0.000000, 0.000000, 0.000000, 0.001019, 0.001019, 0.001019, 0.000100, 0.000000, 10.000000, 10.000000, 10.000000, 0.000002, 0.000100, 0.000102, 10.000000, 0.000002, 10.000000, 0.000002, 0.000000, 0.000002, 5000000.000000, 0.001019, 0.000000, 0.001019, 0.000000, 0.000000, 0.000000, 5000000.000000, 9.998981, 0.000100, 10.000000, 0.000100, 0.001019, 0.000100, 0.000000, 0.000010, 100000.000000, 0.500000, 100000.000000, 0.000000, 0.001019, 0.000100, 10.000000, 0.000102, 293.150000, -0.473030, 293.150000, -4.730299, -0.473030, 293.150000, -0.473030, 297.880299, -0.473030, 0.100000, 0.001019, 0.000100, 0.001019, 0.000100, 0.000000, 0.000100, 297.880299, 0.000000, 10.000000, 293.150000, 0.004000, 10.189212, 10.000000, 0.000102, 10.000000, 0.000102, 0.000000, 0.000102, 10.000000, 297.880299, 297.880299, 0.000000, 25.000000, 24.730299, -0.473030, -0.011970, 0.000000, 0.000100
2.18, 0.000000, 0.000000, 0.000100, 0.000102, 0.000000, -0.000002, 297.786633, 297.786633, 297.786633, -0.463663, 0.000000, 0.000000, 297.786633, 0.100000, 298.000000, 29.778663, 297.786633, 0.000000, 298.150000, 2.000000, 298.150000, 4.166670, 8.000000, 16.000000, 298.150000, 298.150000, 298.150000, 298.150000, 297.786633, 297.786633, 297.786633, 0.000000, 0.000002, 0.000000, 0.000002, 0.000000, 0.000000, 0.000000, 0.000000, 0.001018, 0.001018, 0.001018, 0.000100, 0.000000, 10.000000, 10.000000, 10.000000, 0.000002, 0.000100, 0.000102, 10.000000, 0.000002, 10.000000, 0.000002, 0.000000, 0.000002, 5000000.000000, 0.001018, 0.000000, 0.001018, 0.000000, 0.000000, 0.000000, 5000000.000000, 9.998982, 0.000100, 10.000000, 0.000100, 0.001018, 0.000100, 0.000000, 0.000010, 100000.000000, 0.500000, 100000.000000, 0.000000, 0.001018, 0.000100, 10.000000, 0.000102, 293.150000, -0.463663, 293.150000, -4.636633, -0.463663, 293.150000, -0.463663, 297.786633, -0.463663, 0.100000, 0.001018, 0.000100, 0.001018, 0.000100, 0.000000, 0.000100, 297.786633, 0.000000, 10.000000, 293.150000, 0.004000, 10.185465, 10.000000, 0.000102, 10.000000, 0.000102, 0.000000, 0.000102, 10.000000, 297.786633, 297.786633, 0.000000, 25.000000, 24.636633, -0.463663, -0.021337, 0.000000, 0.000100
2.2, 0.000000, 0.000000, 0.000100, 0.000102, 0.000000, -0.000002, 297.694822, 297.694822, 297.694822, -0.454482, 0.000000, 0.000000, 297.694822, 0.100000, 298.000000, 29.769482, 297.694822, 0.000000, 298.150000, 2.000000, 298.150000, 4.166670, 8.000000, 16.000000, 298.150000, 298.150000, 298.150000, 298.150000, 297.694822, 297.694822, 297.694822, 0.000000, 0.000002, 0.000000, 0.000002, 0.000000, 0.000000, 0.000000, 0.000000, 0.001018, 0.001018, 0.001018, 0.000100, 0.000000, 10.000000, 10.000000, 10.000000, 0.000002, 0.000100, 0.000102, 10.000000, 0.000002, 10.000000, 0.000002, 0.000000, 0.000002, 5000000.000000, 0.001018, 0.000000, 0.001018, 0.000000, 0.000000, 0.000000, 5000000.000000, 9.998982, 0.000100, 10.000000, 0.000100, 0.001018, 0.000100, 0.000000, 0.000010, 100000.000000, 0.500000, 100000.000000, 0.000000, 0.001018, 0.000100, 10.000000, 0.000102, 293.150000, -0.454482, 293.150000, -4.544822, -0.454482, 293.150000, -0.454482, 297.694822, -0.454482, 0.100000, 0.001018, 0.000100, 0.001018, 0.000100, 0.000000, 0.000100, 297.694822, 0.000000, 10.000000, 293.150000, 0.004000, 10.181793, 10.000000, 0.000102, 10.000000, 0.000102, 0.000000, 0.000102, 10.000000, 297.694822, 297.694822, 0.000000, 25.000000, 24.544822, -0.454482, -0.030518, 0.000000, 0.000100
2.22, 0.000000, 0.000000, 0.000100, 0.000102, 0.000000, -0.000002, 297.604828, 297.604828, 297.604828, -0.445483, 0.000000, 0.000000, 297.604828, 0.100000, 298.000000, 29.760483, 297.604828, 0.000000, 298.150000, 2.000000, 298.150000, 4.166670, 8.000000, 16.000000, 298.150000, 298.150000, 298.150000, 298.150000, 297.604828, 297.604828, 297.604828, 0.000000, 0.000002, 0.000000, 0.000002, 0.000000, 0.000000, 0.000000, 0.000000, 0.001018, 0.001018, 0.001018, 0.000100, 0.000000, 10.000000, 10.000000, 10.000000, 0.000002, 0.000100, 0.000102, 10.000000, 0.000002, 10.000000, 0.000002, 0.000000, 0.000002, 5000000.000000, 0.001018, 0.000000, 0.001018, 0.000000, 0.000000, 0.000000, 5000000.000000, 9.998982, 0.000100, 10.000000, 0.000100, 0.001018, 0.000100, 0.000000, 0.000010, 100000.000000, 0.500000, 100000.000000, 0.000000, 0.001018, 0.000100, 10.000000, 0.000102, 293.150000, -0.445483, 293.150000, -4.454828, -0.445483, 293.150000, -0.445483, 297.604828, -0.445483, 0.100000, 0.001018, 0.000100, 0.001018, 0.000100, 0.000000, 0.000100, 297.604828, 0.000000, 10.000000, 293.150000, 0.004000, 10.178193, 10.000000, 0.000102, 10.000000, 0.000102, 0.000000, 0.000102, 10.000000, 297.604828, 297.604828, 0.000000, 25.000000, 24.454828, -0.445483, -0.039517, 0.000000, 0.000100
2.24, 0.000000, 0.000000, 0.000100, 0.000102, 0.000000, -0.000002, 297.516617, 297.516617, 297.516617, -0.436662, 0.000000, 0.000000, 297.516617, 0.100000, 298.000000, 29.751662, 297.516617, 0.000000, 298.150000, 2.000000, 298.150000, 4.166670, 8.000000, 16.000000, 298.150000, 298.150000, 298.150000, 298.150000, 297.516617, 297.516617, 297.516617, 0.000000, 0.000002, 0.000000, 0.000002, 0.000000, 0.000000, 0.000000, 0.000000, 0.001017, 0.001017, 0.001017, 0.000100, 0.000000, 10.000000, 10.000000, 10.000000, 0.000002, 0.000100, 0.000102, 10.000000, 0.000002, 10.000000, 0.000002, 0.000000, 0.000002, 5000000.000000, 0.001017, 0.000000, 0.001017, 0.000000, 0.000000, 0.000000, 5000000.000000, 9.998983, 0.000100, 10.000000, 0.000100, 0.001017, 0.000100, 0.000000, 0.000010, 100000.000000, 0.500000, 100000.000000, 0.000000, 0.001017, 0.000100, 10.000000, 0.000102, 293.150000, -0.436662, 293.150000, -4.366617, -0.436662, 293.150000, -0.436662, 297.516617, -0.436662, 0.100000, 0.001017, 0.000100, 0.001017, 0.000100, 0.000000, 0.000100, 297.516617, 0.000000, 10.000000, 293.150000, 0.004000, 10.174665, 10.000000, 0.000102, 10.000000, 0.000102, 0.000000, 0.000102, 10.000000, 297.516617, 297.516617, 0.000000, 25.000000, 24.366617, -0.436662, -0.048338, 0.000000, 0.000100
2.26, 0.000000, 0.000000, 0.000100, 0.000102, 0.000000, -0.000002, 297.430152, 297.430152, 297.430152, -0.428015, 0.000000, 0.000000, 297.430152, 0.100000, 298.000000, 29.743015, 297.430152, 0.000000, 298.150000, 2.000000, 298.150000, 4.166670, 8.000000, 16.000000, 298.150000, 298.150000, 298.150000, 298.150000, 297.430152, 297.430152, 297.430152, 0.000000, 0.000002, 0.000000, 0.000002, 0.000000, 0.000000, 0.000000, 0.000000, 0.001017, 0.001017, 0.001017, 0.000100, 0.000000, 10.000000, 10.000000, 10.000000, 0.000002, 0.000100, 0.000102, 10.000000, 0.000002, 10.000000, 0.000002, 0.000000, 0.000002, 5000000.000000, 0.001017, 0.000000, 0.001017, 0.000000, 0.000000, 0.000000, 5000000.000000, 9.998983, 0.000100, 10.000000, 0.000100, 0.001017, 0.000100, 0.000000, 0.000010, 100000.000000, 0.500000, 100000.000000, 0.000000, 0.001017, 0.000100, 10.000000, 0.000102, 293.150000, -0.428015, 293.150000, -4.280152, -0.428015, 293.150000, -0.428015, 297.430152, -0.428015, 0.100000, 0.001017, 0.000100, 0.001017, 0.000100, 0.000000, 0.000100, 297.430152, 0.000000, 10.000000, 293.150000, 0.004000, 10.171206, 10.000000, 0.000102, 10.000000, 0.000102, 0.000000, 0.000102, 10.000000, 297.430152, 297.430152, 0.000000, 25.000000, 24.280152, -0.428015, -0.056985, 0.000000, 0.000100
2.28, 0.000000, 0.000000, 0.000100, 0.000102, 0.000000, -0.000002, 297.345399, 297.345399, 297.345399, -0.419540, 0.000000, 0.000000, 297.345399, 0.100000, 298.000000, 29.734540, 297.345399, 0.000000, 298.150000, 2.000000, 298.150000, 4.166670, 8.000000, 16.000000, 298.150000, 298.150000, 298.150000, 298.150000, 297.345399, 297.345399, 297.345399, 0.000000, 0.000002, 0.000000, 0.000002, 0.000000, 0.000000, 0.000000, 0.000000, 0.001017, 0.001017, 0.001017, 0.000100, 0.000000, 10.000000, 10.000000, 10.000000, 0.000002, 0.000100, 0.000102, 10.000000, 0.000002, 10.000000, 0.000002, 0.000000, 0.000002, 5000000.000000, 0.001017, 0.000000, 0.001017, 0.000000, 0.000000, 0.000000, 5000000.000000, 9.998983, 0.000100, 10.000000, 0.000100, 0.001017, 0.000100, 0.000000, 0.000010, 100000.000000, 0.500000, 100000.000000, 0.000000, 0.001017, 0.000100, 10.000000, 0.000102, 293.150000, -0.419540, 293.150000, -4.195399, -0.419540, 293.150000, -0.419540, 297.345399, -0.419540, 0.100000, 0.001017, 0.000100, 0.001017, 0.000100, 0.000000, 0.000100, 297.345399, 0.000000, 10.000000, 293.150000, 0.004000, 10.167816, 10.000000, 0.000102, 10.000000, 0.000102, 0.000000, 0.000102, 10.000000, 297.345399, 297.345399, 0.000000, 25.000000, 24.195399, -0.419540, -0.065460, 0.000000, 0.000100
2.3, 0.000000, 0.000000, 0.000100, 0.000102, 0.000000, -0.000002, 297.262325, 297.262325, 297.262325, -0.411232, 0.000000, 0.000000, 297.262325, 0.100000, 298.000000, 29.726232, 297.262325, 0.000000, 298.150000, 2.000000, 298.150000, 4.166670, 8.000000, 16.000000, 298.150000, 298.150000, 298.150000, 298.150000, 297.262325, 297.262325, 297.262325, 0.000000, 0.000002, 0.000000, 0.000002, 0.000000, 0.000000, 0.000000, 0.000000, 0.001016, 0.001016, 0.001016, 0.000100, 0.000000, 10.000000, 10.000000, 10.000000, 0.000002, 0.000100, 0.000102, 10.000000, 0.000002, 10.000000, 0.000002, 0.000000, 0.000002, 5000000.000000, 0.001016, 0.000000, 0.001016, 0.000000, 0.000000, 0.000000, 5000000.000000, 9.998984, 0.000100, 10.000000, 0.000100, 0.001016, 0.000100, 0.000000, 0.000010, 100000.000000, 0.500000, 100000.000000, 0.000000, 0.001016, 0.000100, 10.000000, 0.000102, 293.150000, -0.411232, 293.150000, -4.112325, -0.411232, 293.150000, -0.411232, 297.262325, -0.411232, 0.100000, 0.001016, 0.000100, 0.001016, 0.000100, 0.000000, 0.000100, 297.262325, 0.000000, 10.000000, 293.150000, 0.004000, 10.164493, 10.000000, 0.000102, 10.000000, 0.000102, 0.000000, 0.000102, 10.000000, 297.262325, 297.262325, 0.000000, 25.000000, 24.112325, -0.411232, -0.073768, 0.000000, 0.000100
2.32, 0.000000, 0.000000, 0.000100, 0.000102, 0.000000, -0.000002, 297.180895, 297.180895, 297.180895, -0.403090, 0.000000, 0.000000, 297.180895, 0.100000, 298.000000, 29.718090, 297.180895, 0.000000, 298.150000, 2.000000, 298.150000, 4.166670, 8.000000, 16.000000, 298.150000, 298.150000, 298.150000, 298.150000, 297.180895, 297.180895, 297.180895, 0.000000, 0.000002, 0.000000, 0.000002, 0.000000, 0.000000, 0.000000, 0.000000, 0.001016, 0.001016, 0.001016, 0.000100, 0.000000, 10.000000, 10.000000, 10.000000, 0.000002, 0.000100, 0.000102, 10.000000, 0.000002, 10.000000, 0.000002, 0.000000, 0.000002, 5000000.000000, 0.001016, 0.000000, 0.001016, 0.000000, 0.000000, 0.000000, 5000000.000000, 9.998984, 0.000100, 10.000000, 0.000100, 0.001016, 0.000100, 0.000000, 0.000010, 100000.000000, 0.500000, 100000.000000, 0.000000, 0.001016, 0.000100, 10.000000, 0.000102, 293.150000, -0.403090, 293.150000, -4.030895, -0.403090, 293.150000, -0.403090, 297.180895, -0.403090, 0.100000, 0.001016, 0.000100, 0.001016, 0.000100, 0.000000, 0.000100, 297.180895, 0.000000, 10.000000, 293.150000, 0.004000, 10.161236, 10.000000, 0.000102, 10.000000, 0.000102, 0.000000, 0.000102, 10.000000, 297.180895, 297.180895, 0.000000, 25.000000, 24.030895, -0.403089, -0.081910, 0.000000, 0.000100
2.34, 0.000000, 0.000000, 0.979809, 0.979813, 0.000000, -0.000004, 298.301558, 298.301558, 298.301558, -0.515156, 0.000000, 9.798079, 298.301558, 0.100000, 298.000000, 29.830156, 298.301558, 1.000000, 298.150000, 2.000000, 298.150000, 4.166670, 8.000000, 16.000000, 298.150000, 298.150000, 298.150000, 298.150000, 298.301558, 298.301558, 298.301558, 0.000000, 0.000002, 0.000000, 0.000002, 0.000000, 0.000002, 0.000000, 0.000002, 9.999990, 9.999990, 9.999990, 0.979809, 0.000002, 10.000000, 10.000000, 10.000000, 0.000002, 0.979811, 0.979813, 10.000000, 0.000002, 10.000000, 0.000002, 0.000000, 0.000002, 5000000.000000, 9.999990, 0.000002, 9.999990, 0.000002, 0.000000, 0.000002, 5000000.000000, 0.000010, 0.979811, 10.000000, 0.979811, 9.999990, 0.979811, 1.000000, 0.000010, 100000.000000, 0.500000, 0.000010, 1.000000, 9.999990, 0.979809, 10.000000, 0.979813, 293.150000, -0.515156, 293.150000, -5.151558, -0.515156, 293.150000, -0.515156, 298.301558, -0.515156, 0.100000, 9.999990, 0.979809, 9.999990, 0.979809, 0.000000, 0.979809, 298.301558, 9.798079, 10.000000, 293.150000, 0.004000, 10.206062, 10.000000, 0.979813, 10.000000, 0.979813, 0.000000, 0.979813, 10.000000, 298.301558, 298.301558, 0.000000, 25.000000, 25.151558, 9.282923, 0.030156, 0.000000, 0.979811
2.36, 0.000000, 0.000000, 0.000100, 0.000102, 0.000000, -0.000002, 299.085723, 299.085723, 299.085723, -0.593572, 0.000000, 0.000000, 299.085723, 0.100000, 298.000000, 29.908572, 299.085723, 0.000000, 298.150000, 2.000000, 298.150000, 4.166670, 8.000000, 16.000000, 298.150000, 298.150000, 298.150000, 298.150000, 299.085723, 299.085723, 299.085723, 0.000000, 0.000002, 0.000000, 0.000002, 0.000000, 0.000000, 0.000000, 0.000000, 0.001024, 0.001024, 0.001024, 0.000100, 0.000000, 10.000000, 10.000000, 10.000000, 0.000002, 0.000100, 0.000102, 10.000000, 0.000002, 10.000000, 0.000002, 0.000000, 0.000002, 5000000.000000, 0.001024, 0.000000, 0.001024, 0.000000, 0.000000, 0.000000, 5000000.000000, 9.998976, 0.000100, 10.000000, 0.000100, 0.001024, 0.000100, 0.000000, 0.000010, 100000.000000, 0.500000, 100000.000000, 0.000000, 0.001024, 0.000100, 10.000000, 0.000102, 293.150000, -0.593572, 293.150000, -5.935723, -0.593572, 293.150000, -0.593572, 299.085723, -0.593572, 0.100000, 0.001024, 0.000100, 0.001024, 0.000100, 0.000000, 0.000100, 299.085723, 0.000000, 10.000000, 293.150000, 0.004000, 10.237429, 10.000000, 0.000102, 10.000000, 0.000102, 0.000000, 0.000102, 10.000000, 299.085723, 299.085723, 0.000000, 25.000000, 25.935723, -0.593572, 0.108572, 0.000000, 0.000100
2.38, 0.000000, 0.000000, 0.000100, 0.000102, 0.000000, -0.000002, 298.968188, 298.968188, 298.968188, -0.581819, 0.000000, 0.000000, 298.968188, 0.100000, 298.000000, 29.896819, 298.968188, 0.000000, 298.150000, 2.000000, 298.150000, 4.166670, 8.000000, 16.000000, 298.150000, 298.150000, 298.150000, 298.150000, 298.968188, 298.968188, 298.968188, 0.000000, 0.000002, 0.000000, 0.000002, 0.000000, 0.000000, 0.000000, 0.000000, 0.001023, 0.001023, 0.001023, 0.000100, 0.000000, 10.000000, 10.000000, 10.000000, 0.000002, 0.000100, 0.000102, 10.000000, 0.000002, 10.000000, 0.000002, 0.000000, 0.000002, 5000000.000000, 0.001023, 0.000000, 0.001023, 0.000000, 0.000000, 0.000000, 5000000.000000, 9.998977, 0.000100, 10.000000, 0.000100, 0.001023, 0.000100, 0.000000, 0.000010, 100000.000000, 0.500000, 100000.000000, 0.000000, 0.001023, 0.000100, 10.000000, 0.000102, 293.150000, -0.581819, 293.150000, -5.818188, -0.581819, 293.150000, -0.581819, 298.968188, -0.581819, 0.100000, 0.001023, 0.000100, 0.001023, 0.000100, 0.000000, 0.000100, 298.968188, 0.000000, 10.000000, 293.150000, 0.004000, 10.232728, 10.000000, 0.000102, 10.000000, 0.000102, 0.000000, 0.000102, 10.000000, 298.968188, 298.968188, 0.000000, 25.000000, 25.818188, -0.581819, 0.096819, 0.000000, 0.000100
2.4, 0.000000, 0.000000, 0.000100, 0.000102, 0.000000, -0.000002, 298.852980, 298.852980, 298.852980, -0.570298, 0.000000, 0.000000, 298.852980, 0.100000, 298.000000, 29.885298, 298.852980, 0.000000, 298.150000, 2.000000, 298.150000, 4.166670, 8.000000, 16.000000, 298.150000, 298.150000, 298.150000, 298.150000, 298.852980, 298.852980, 298.852980, 0.000000, 0.000002, 0.000000, 0.000002, 0.000000, 0.000000, 0.000000, 0.000000, 0.001023, 0.001023, 0.001023, 0.000100, 0.000000, 10.000000, 10.000000, 10.000000, 0.000002, 0.000100, 0.000102, 10.000000, 0.000002, 10.000000, 0.000002, 0.000000, 0.000002, 5000000.000000, 0.001023, 0.000000, 0.001023, 0.000000, 0.000000, 0.000000, 5000000.000000, 9.998977, 0.000100, 10.000000, 0.000100, 0.001023, 0.000100, 0.000000, 0.000010, 100000.000000, 0.500000, 100000.000000, 0.000000, 0.001023, 0.000100, 10.000000, 0.000102, 293.150000, -0.570298, 293.150000, -5.702980, -0.570298, 293.150000, -0.570298, 298.852980, -0.570298, 0.100000, 0.001023, 0.000100, 0.001023, 0.000100, 0.000000, 0.000100, 298.852980, 0.000000, 10.000000, 293.150000, 0.004000, 10.228119, 10.000000, 0.000102, 10.000000, 0.000102, 0.000000, 0.000102, 10.000000, 298.852980, 298.852980, 0.000000, 25.000000, 25.702980, -0.570298, 0.085298, 0.000000, 0.000100
2.42, 0.000000, 0.000000, 0.000100, 0.000102, 0.000000, -0.000002, 298.740054, 298.740054, 298.740054, -0.559005, 0.000000, 0.000000, 298.740054, 0.100000, 298.000000, 29.874005, 298.740054, 0.000000, 298.150000, 2.000000, 298.150000, 4.166670, 8.000000, 16.000000, 298.150000, 298.150000, 298.150000, 298.150000, 298.740054, 298.740054, 298.740054, 0.000000, 0.000002, 0.000000, 0.000002, 0.000000, 0.000000, 0.000000, 0.000000, 0.001022, 0.001022, 0.001022, 0.000100, 0.000000, 10.000000, 10.000000, 10.000000, 0.000002, 0.000100, 0.000102, 10.000000, 0.000002, 10.000000, 0.000002, 0.000000, 0.000002, 5000000.000000, 0.001022, 0.000000, 0.001022, 0.000000, 0.000000, 0.000000, 5000000.000000, 9.998978, 0.000100, 10.000000, 0.000100, 0.001022, 0.000100, 0.000000, 0.000010, 100000.000000, 0.500000, 100000.000000, 0.000000, 0.001022, 0.000100, 10.000000, 0.000102, 293.150000, -0.559005, 293.150000, -5.590054, -0.559005, 293.150000, -0.559005, 298.740054, -0.559005, 0.100000, 0.001022, 0.000100, 0.001022, 0.000100, 0.000000, 0.000100, 298.740054, 0.000000, 10.000000, 293.150000, 0.004000, 10.223602, 10.000000, 0.000102, 10.000000, 0.000102, 0.000000, 0.000102, 10.000000, 298.740054, 298.740054, 0.000000, 25.000000, 25.590054, -0.559005, 0.074005, 0.000000, 0.000100
2.44, 0.000000, 0.000000, 0.000100, 0.000102, 0.000000, -0.000002, 298.629363, 298.629363, 298.629363, -0.547936, 0.000000, 0.000000, 298.629363, 0.100000, 298.000000, 29.862936, 298.629363, 0.000000, 298.150000, 2.000000, 298.150000, 4.166670, 8.000000, 16.000000, 298.150000, 298.150000, 298.150000, 298.150000, 298.629363, 298.629363, 298.629363, 0.000000, 0.000002, 0.000000, 0.000002, 0.000000, 0.000000, 0.000000, 0.000000, 0.001022, 0.001022, 0.001022, 0.000100, 0.000000, 10.000000, 10.000000, 10.000000, 0.000002, 0.000100, 0.000102, 10.000000, 0.000002, 10.000000, 0.000002, 0.000000, 0.000002, 5000000.000000, 0.001022, 0.000000, 0.001022, 0.000000, 0.000000, 0.000000, 5000000.000000, 9.998978, 0.000100, 10.000000, 0.000100, 0.001022, 0.000100, 0.000000, 0.000010, 100000.000000, 0.500000, 100000.000000, 0.000000, 0.001022, 0.000100, 10.000000, 0.000102, 293.150000, -0.547936, 293.150000, -5.479363, -0.547936, 293.150000, -0.547936, 298.629363, -0.547936, 0.100000, 0.001022, 0.000100, 0.001022, 0.000100, 0.000000, 0.000100, 298.629363, 0.000000, 10.000000, 293.150000, 0.004000, 10.219175, 10.000000, 0.000102, 10.000000, 0.000102, 0.000000, 0.000102, 10.000000, 298.629363, 298.629363, 0.000000, 25.000000, 25.479363, -0.547936, 0.062936, 0.000000, 0.000100
2.46, 0.000000, 0.000000, 0.000100, 0.000102, 0.000000, -0.000002, 298.520865, 298.520865, 298.520865, -0.537086, 0.000000, 0.000000, 298.520865, 0.100000, 298.000000, 29.852086, 298.520865, 0.000000, 298.150000, 2.000000, 298.150000, 4.166670, 8.000000, 16.000000, 298.150000, 298.150000, 298.150000, 298.150000, 298.520865, 298.520865, 298.520865, 0.000000, 0.000002, 0.000000, 0.000002, 0.000000, 0.000000, 0.000000, 0.000000, 0.001021, 0.001021, 0.001021, 0.000100, 0.000000, 10.000000, 10.000000, 10.000000, 0.000002, 0.000100, 0.000102, 10.000000, 0.000002, 10.000000, 0.000002, 0.000000, 0.000002, 5000000.000000, 0.001021, 0.000000, 0.001021, 0.000000, 0.000000, 0.000000, 5000000.000000, 9.998979, 0.000100, 10.000000, 0.000100, 0.001021, 0.000100, 0.000000, 0.000010, 100000.000000, 0.500000, 100000.000000, 0.000000, 0.001021, 0.000100, 10.000000, 0.000102, 293.150000, -0.537086, 293.150000, -5.370865, -0.537086, 293.150000, -0.537086, 298.520865, -0.537086, 0.100000, 0.001021, 0.000100, 0.001021, 0.000100, 0.000000, 0.000100, 298.520865, 0.000000, 10.000000, 293.150000, 0.004000, 10.214835, 10.000000, 0.000102, 10.000000, 0.000102, 0.000000, 0.000102, 10.000000, 298.520865, 298.520865, 0.000000, 25.000000, 25.370865, -0.537086, 0.052086, 0.000000, 0.000100
2.48, 0.000000, 0.000000, 0.000100, 0.000102, 0.000000, -0.000002, 298.414514, 298.414514, 298.414514, -0.526451, 0.000000, 0.000000, 298.414514, 0.100000, 298.000000, 29.841451, 298.414514, 0.000000, 298.150000, 2.000000, 298.150000, 4.166670, 8.000000, 16.000000, 298.150000, 298.150000, 298.150000, 298.150000, 298.414514, 298.414514, 298.414514, 0.000000, 0.000002, 0.000000, 0.000002, 0.000000, 0.000000, 0.000000, 0.000000, 0.001021, 0.001021, 0.001021, 0.000100, 0.000000, 10.000000, 10.000000, 10.000000, 0.000002, 0.000100, 0.000102, 10.000000, 0.000002, 10.000000, 0.000002, 0.000000, 0.000002, 5000000.000000, 0.001021, 0.000000, 0.001021, 0.000000, 0.000000, 0.000000, 5000000.000000, 9.998979, 0.000100, 10.000000, 0.000100, 0.001021, 0.000100, 0.000000, 0.000010, 100000.000000, 0.500000, 100000.000000, 0.000000, 0.001021, 0.000100, 10.000000, 0.000102, 293.150000, -0.526451, 293.150000, -5.264514, -0.526451, 293.150000, -0.526451, 298.414514, -0.526451, 0.100000, 0.001021, 0.000100, 0.001021, 0.000100, 0.000000, 0.000100, 298.414514, 0.000000, 10.000000, 293.150000, 0.004000, 10.210581, 10.000000, 0.000102, 10.000000, 0.000102, 0.000000, 0.000102, 10.000000, 298.414514, 298.414514, 0.000000, 25.000000, 25.264514, -0.526451, 0.041451, 0.000000, 0.000100
2.5, 0.000000, 0.000000, 0.000100, 0.000102, 0.000000, -0.000002, 298.310270, 298.310270, 298.310270, -0.516027, 0.000000, 0.000000, 298.310270, 0.100000, 298.000000, 29.831027, 298.310270, 0.000000, 298.150000, 2.000000, 298.150000, 4.166670, 8.000000, 16.000000, 298.150000, 298.150000, 298.150000, 298.150000, 298.310270, 298.310270, 298.310270, 0.000000, 0.000002, 0.000000, 0.000002, 0.000000, 0.000000, 0.000000, 0.000000, 0.001021, 0.001021, 0.001021, 0.000100, 0.000000, 10.000000, 10.000000, 10.000000, 0.000002, 0.000100, 0.000102, 10.000000, 0.000002, 10.000000, 0.000002, 0.000000, 0.000002, 5000000.000000, 0.001021, 0.000000, 0.001021, 0.000000, 0.000000, 0.000000, 5000000.000000, 9.998979, 0.000100, 10.000000, 0.000100, 0.001021, 0.000100, 0.000000, 0.000010, 100000.000000, 0.500000, 100000.000000, 0.000000, 0.001021, 0.000100, 10.000000, 0.000102, 293.150000, -0.516027, 293.150000, -5.160270, -0.516027, 293.150000, -0.516027, 298.310270, -0.516027, 0.100000, 0.001021, 0.000100, 0.001021, 0.000100, 0.000000, 0.000100, 298.310270, 0.000000, 10.000000, 293.150000, 0.004000, 10.206411, 10.000000, 0.000102, 10.000000, 0.000102, 0.000000, 0.000102, 10.000000, 298.310270, 298.310270, 0.000000, 25.000000, 25.160270, -0.516027, 0.031027, 0.000000, 0.000100
2.52, 0.000000, 0.000000, 0.000100, 0.000102, 0.000000, -0.000002, 298.208090, 298.208090, 298.208090, -0.505809, 0.000000, 0.000000, 298.208090, 0.100000, 298.000000, 29.820809, 298.208090, 0.000000, 298.150000, 2.000000, 298.150000, 4.166670, 8.000000, 16.000000, 298.150000, 298.150000, 298.150000, 298.150000, 298.208090, 298.208090, 298.208090, 0.000000, 0.000002, 0.000000, 0.000002, 0.000000, 0.000000, 0.000000, 0.000000, 0.001020, 0.001020, 0.001020, 0.000100, 0.000000, 10.000000, 10.000000, 10.000000, 0.000002, 0.000100, 0.000102, 10.000000, 0.000002, 10.000000, 0.000002, 0.000000, 0.000002, 5000000.000000, 0.001020, 0.000000, 0.001020, 0.000000, 0.000000, 0.000000, 5000000.000000, 9.998980, 0.000100, 10.000000, 0.000100, 0.001020, 0.000100, 0.000000, 0.000010, 100000.000000, 0.500000, 100000.000000, 0.000000, 0.001020, 0.000100, 10.000000, 0.000102, 293.150000, -0.505809, 293.150000, -5.058090, -0.505809, 293.150000, -0.505809, 298.208090, -0.505809, 0.100000, 0.001020, 0.000100, 0.001020, 0.000100, 0.000000, 0.000100, 298.208090, 0.000000, 10.000000, 293.150000, 0.004000, 10.202324, 10.000000, 0.000102, 10.000000, 0.000102, 0.000000, 0.000102, 10.000000, 298.208090, 298.208090, 0.000000, 25.000000, 25.058090, -0.505809, 0.020809, 0.000000, 0.000100
2.54, 0.000000, 0.000000, 0.000100, 0.000102, 0.000000, -0.000002, 298.107933, 298.107933, 298.107933, -0.495793, 0.000000, 0.000000, 298.107933, 0.100000, 298.000000, 29.810793, 298.107933, 0.000000, 298.150000, 2.000000, 298.150000, 4.166670, 8.000000, 16.000000, 298.150000, 298.150000, 298.150000, 298.150000, 298.107933, 298.107933, 298.107933, 0.000000, 0.000002, 0.000000, 0.000002, 0.000000, 0.000000, 0.000000, 0.000000, 0.001020, 0.001020, 0.001020, 0.000100, 0.000000, 10.000000, 10.000000, 10.000000, 0.000002, 0.000100, 0.000102, 10.000000, 0.000002, 10.000000, 0.000002, 0.000000, 0.000002, 5000000.000000, 0.001020, 0.000000, 0.001020, 0.000000, 0.000000, 0.000000, 5000000.000000, 9.998980, 0.000100, 10.000000, 0.000100, 0.001020, 0.000100, 0.000000, 0.000010, 100000.000000, 0.500000, 100000.000000, 0.000000, 0.001020, 0.000100, 10.000000, 0.000102, 293.150000, -0.495793, 293.150000, -4.957933, -0.495793, 293.150000, -0.495793, 298.107933, -0.495793, 0.100000, 0.001020, 0.000100, 0.001020, 0.000100, 0.000000, 0.000100, 298.107933, 0.000000, 10.000000, 293.150000, 0.004000, 10.198317, 10.000000, 0.000102, 10.000000, 0.000102, 0.000000, 0.000102, 10.000000, 298.107933, 298.107933, 0.000000, 25.000000, 24.957933, -0.495793, 0.010793, 0.000000, 0.000100
2.56, 0.000000, 0.000000, 0.000100, 0.000102, 0.000000, -0.000002, 298.009759, 298.009759, 298.009759, -0.485976, 0.000000, 0.000000, 298.009759, 0.100000, 298.000000, 29.800976, 298.009759, 0.000000, 298.150000, 2.000000, 298.150000, 4.166670, 8.000000, 16.000000, 298.150000, 298.150000, 298.150000, 298.150000, 298.009759, 298.009759, 298.009759, 0.000000, 0.000002, 0.000000, 0.000002, 0.000000, 0.000000, 0.000000, 0.000000, 0.001019, 0.001019, 0.001019, 0.000100, 0.000000, 10.000000, 10.000000, 10.000000, 0.000002, 0.000100, 0.000102, 10.000000, 0.000002, 10.000000, 0.000002, 0.000000, 0.000002, 5000000.000000, 0.001019, 0.000000, 0.001019, 0.000000, 0.000000, 0.000000, 5000000.000000, 9.998981, 0.000100, 10.000000, 0.000100, 0.001019, 0.000100, 0.000000, 0.000010, 100000.000000, 0.500000, 100000.000000, 0.000000, 0.001019, 0.000100, 10.000000, 0.000102, 293.150000, -0.485976, 293.150000, -4.859759, -0.485976, 293.150000, -0.485976, 298.009759, -0.485976, 0.100000, 0.001019, 0.000100, 0.001019, 0.000100, 0.000000, 0.000100, 298.009759, 0.000000, 10.000000, 293.150000, 0.004000, 10.194390, 10.000000, 0.000102, 10.000000, 0.000102, 0.000000, 0.000102, 10.000000, 298.009759, 298.009759, 0.000000, 25.000000, 24.859759, -0.485976, 0.000976, 0.000000, 0.000100
2.58, 0.000000, 0.000000, 0.000100, 0.000102, 0.000000, -0.000002, 297.913530, 297.913530, 297.913530, -0.476353, 0.000000, 0.000000, 297.913530, 0.100000, 298.000000, 29.791353, 297.913530, 0.000000, 298.150000, 2.000000, 298.150000, 4.166670, 8.000000, 16.000000, 298.150000, 298.150000, 298.150000, 298.150000, 297.913530, 297.913530, 297.913530, 0.000000, 0.000002, 0.000000, 0.000002, 0.000000, 0.000000, 0.000000, 0.000000, 0.001019, 0.001019, 0.001019, 0.000100, 0.000000, 10.000000, 10.000000, 10.000000, 0.000002, 0.000100, 0.000102, 10.000000, 0.000002, 10.000000, 0.000002, 0.000000, 0.000002, 5000000.000000, 0.001019, 0.000000, 0.001019, 0.000000, 0.000000, 0.000000, 5000000.000000, 9.998981, 0.000100, 10.000000, 0.000100, 0.001019, 0.000100, 0.000000, 0.000010, 100000.000000, 0.500000, 100000.000000, 0.000000, 0.001019, 0.000100, 10.000000, 0.000102, 293.150000, -0.476353, 293.150000, -4.763530, -0.476353, 293.150000, -0.476353, 297.913530, -0.476353, 0.100000, 0.001019, 0.000100, 0.001019, 0.000100, 0.000000, 0.000100, 297.913530, 0.000000, 10.000000, 293.150000, 0.004000, 10.190541, 10.000000, 0.000102, 10.000000, 0.000102, 0.000000, 0.000102, 10.000000, 297.913530, 297.913530, 0.000000, 25.000000, 24.763530, -0.476353, -0.008647, 0.000000, 0.000100
2.6, 0.000000, 0.000000, 0.000100, 0.000102, 0.000000, -0.000002, 297.819206, 297.819206, 297.819206, -0.466921, 0.000000, 0.000000, 297.819206, 0.100000, 298.000000, 29.781921, 297.819206, 0.000000, 298.150000, 2.000000, 298.150000, 4.166670, 8.000000, 16.000000, 298.150000, 298.150000, 298.150000, 298.150000, 297.819206, 297.819206, 297.819206, 0.000000, 0.000002, 0.000000, 0.000002, 0.000000, 0.000000, 0.000000, 0.000000, 0.001019, 0.001019, 0.001019, 0.000100, 0.000000, 10.000000, 10.000000, 10.000000, 0.000002, 0.000100, 0.000102, 10.000000, 0.000002, 10.000000, 0.000002, 0.000000, 0.000002, 5000000.000000, 0.001019, 0.000000, 0.001019, 0.000000, 0.000000, 0.000000, 5000000.000000, 9.998981, 0.000100, 10.000000, 0.000100, 0.001019, 0.000100, 0.000000, 0.000010, 100000.000000, 0.500000, 100000.000000, 0.000000, 0.001019, 0.000100, 10.000000, 0.000102, 293.150000, -0.466921, 293.150000, -4.669206, -0.466921, 293.150000, -0.466921, 297.819206, -0.466921, 0.100000, 0.001019, 0.000100, 0.001019, 0.000100, 0.000000, 0.000100, 297.819206, 0.000000, 10.000000, 293.150000, 0.004000, 10.186768, 10.000000, 0.000102, 10.000000, 0.000102, 0.000000, 0.000102, 10.000000, 297.819206, 297.819206, 0.000000, 25.000000, 24.669206, -0.466920, -0.018079, 0.000000, 0.000100
2.62, 0.000000, 0.000000, 0.000100, 0.000102, 0.000000, -0.000002, 297.726749, 297.726749, 297.726749, -0.457675, 0.000000, 0.000000, 297.726749, 0.100000, 298.000000, 29.772675, 297.726749, 0.000000, 298.150000, 2.000000, 298.150000, 4.166670, 8.000000, 16.000000, 298.150000, 298.150000, 298.150000, 298.150000, 297.726749, 297.726749, 297.726749, 0.000000, 0.000002, 0.000000, 0.000002, 0.000000, 0.000000, 0.000000, 0.000000, 0.001018, 0.001018, 0.001018, 0.000100, 0.000000, 10.000000, 10.000000, 10.000000, 0.000002, 0.000100, 0.000102, 10.000000, 0.000002, 10.000000, 0.000002, 0.000000, 0.000002, 5000000.000000, 0.001018, 0.000000, 0.001018, 0.000000, 0.000000, 0.000000, 5000000.000000, 9.998982, 0.000100, 10.000000, 0.000100, 0.001018, 0.000100, 0.000000, 0.000010, 100000.000000, 0.500000, 100000.000000, 0.000000, 0.001018, 0.000100, 10.000000, 0.000102, 293.150000, -0.457675, 293.150000, -4.576749, -0.457675, 293.150000, -0.457675, 297.726749, -0.457675, 0.100000, 0.001018, 0.000100, 0.001018, 0.000100, 0.000000, 0.000100, 297.726749, 0.000000, 10.000000, 293.150000, 0.004000, 10.183070, 10.000000, 0.000102, 10.000000, 0.000102, 0.000000, 0.000102, 10.000000, 297.726749, 297.726749, 0.000000, 25.000000, 24.576749, -0.457675, -0.027325, 0.000000, 0.000100
2.64, 0.000000, 0.000000, 0.000100, 0.000102, 0.000000, -0.000002, 297.636123, 297.636123, 297.636123, -0.448612, 0.000000, 0.000000, 297.636123, 0.100000, 298.000000, 29.763612, 297.636123, 0.000000, 298.150000, 2.000000, 298.150000, 4.166670, 8.000000, 16.000000, 298.150000, 298.150000, 298.150000, 298.150000, 297.636123, 297.636123, 297.636123, 0.000000, 0.000002, 0.000000, 0.000002, 0.000000, 0.000000, 0.000000, 0.000000, 0.001018, 0.001018, 0.001018, 0.000100, 0.000000, 10.000000, 10.000000, 10.000000, 0.000002, 0.000100, 0.000102, 10.000000, 0.000002, 10.000000, 0.000002, 0.000000, 0.000002, 5000000.000000, 0.001018, 0.000000, 0.001018, 0.000000, 0.000000, 0.000000, 5000000.000000, 9.998982, 0.000100, 10.000000, 0.000100, 0.001018, 0.000100, 0.000000, 0.000010, 100000.000000, 0.500000, 100000.000000, 0.000000, 0.001018, 0.000100, 10.000000, 0.000102, 293.150000, -0.448612, 293.150000, -4.486123, -0.448612, 293.150000, -0.448612, 297.636123, -0.448612, 0.100000, 0.001018, 0.000100, 0.001018, 0.000100, 0.000000, 0.000100, 297.636123, 0.000000, 10.000000, 293.150000, 0.004000, 10.179445, 10.000000, 0.000102, 10.000000, 0.000102, 0.000000, 0.000102, 10.000000, 297.636123, 297.636123, 0.000000, 25.000000, 24.486123, -0.448612, -0.036388, 0.000000, 0.000100
2.66, 0.000000, 0.000000, 0.000100, 0.000102, 0.000000, -0.000002, 297.547292, 297.547292, 297.547292, -0.439729, 0.000000, 0.000000, 297.547292, 0.100000, 298.000000, 29.754729, 297.547292, 0.000000, 298.150000, 2.000000, 298.150000, 4.166670, 8.000000, 16.000000, 298.150000, 298.150000, 298.150000, 298.150000, 297.547292, 297.547292, 297.547292, 0.000000, 0.000002, 0.000000, 0.000002, 0.000000, 0.000000, 0.000000, 0.000000, 0.001017, 0.001017, 0.001017, 0.000100, 0.000000, 10.000000, 10.000000, 10.000000, 0.000002, 0.000100, 0.000102, 10.000000, 0.000002, 10.000000, 0.000002, 0.000000, 0.000002, 5000000.000000, 0.001017, 0.000000, 0.001017, 0.000000, 0.000000, 0.000000, 5000000.000000, 9.998983, 0.000100, 10.000000, 0.000100, 0.001017, 0.000100, 0.000000, 0.000010, 100000.000000, 0.500000, 100000.000000, 0.000000, 0.001017, 0.000100, 10.000000, 0.000102, 293.150000, -0.439729, 293.150000, -4.397292, -0.439729, 293.150000, -0.439729, 297.547292, -0.439729, 0.100000, 0.001017, 0.000100, 0.001017, 0.000100, 0.000000, 0.000100, 297.547292, 0.000000, 10.000000, 293.150000, 0.004000, 10.175892, 10.000000, 0.000102, 10.000000, 0.000102, 0.000000, 0.000102, 10.000000, 297.547292, 297.547292, 0.000000, 25.000000, 24.397292, -0.439729, -0.045271, 0.000000, 0.000100
2.68, 0.000000, 0.000000, 0.000100, 0.000102, 0.000000, -0.000002, 297.460220, 297.460220, 297.460220, -0.431022, 0.000000, 0.000000, 297.460220, 0.100000, 298.000000, 29.746022, 297.460220, 0.000000, 298.150000, 2.000000, 298.150000, 4.166670, 8.000000, 16.000000, 298.150000, 298.150000, 298.150000, 298.150000, 297.460220, 297.460220, 297.460220, 0.000000, 0.000002, 0.000000, 0.000002, 0.000000, 0.000000, 0.000000, 0.000000, 0.001017, 0.001017, 0.001017, 0.000100, 0.000000, 10.000000, 10.000000, 10.000000, 0.000002, 0.000100, 0.000102, 10.000000, 0.000002, 10.000000, 0.000002, 0.000000, 0.000002, 5000000.000000, 0.001017, 0.000000, 0.001017, 0.000000, 0.000000, 0.000000, 5000000.000000, 9.998983, 0.000100, 10.000000, 0.000100, 0.001017, 0.000100, 0.000000, 0.000010, 100000.000000, 0.500000, 100000.000000, 0.000000, 0.001017, 0.000100, 10.000000, 0.000102, 293.150000, -0.431022, 293.150000, -4.310220, -0.431022, 293.150000, -0.431022, 297.460220, -0.431022, 0.100000, 0.001017, 0.000100, 0.001017, 0.000100, 0.000000, 0.000100, 297.460220, 0.000000, 10.000000, 293.150000, 0.004000, 10.172409, 10.000000, 0.000102, 10.000000, 0.000102, 0.000000, 0.000102, 10.000000, 297.460220, 297.460220, 0.000000, 25.000000, 24.310220, -0.431022, -0.053978, 0.000000, 0.000100
2.7, 0.000000, 0.000000, 0.000100, 0.000102, 0.000000, -0.000002, 297.374872, 297.374872, 297.374872, -0.422487, 0.000000, 0.000000, 297.374872, 0.100000, 298.000000, 29.737487, 297.374872, 0.000000, 298.150000, 2.000000, 298.150000, 4.166670, 8.000000, 16.000000, 298.150000, 298.150000, 298.150000, 298.150000, 297.374872, 297.374872, 297.374872, 0.000000, 0.000002, 0.000000, 0.000002, 0.000000, 0.000000, 0.000000, 0.000000, 0.001017, 0.001017, 0.001017, 0.000100, 0.000000, 10.000000, 10.000000, 10.000000, 0.000002, 0.000100, 0.000102, 10.000000, 0.000002, 10.000000, 0.000002, 0.000000, 0.000002, 5000000.000000, 0.001017, 0.000000, 0.001017, 0.000000, 0.000000, 0.000000, 5000000.000000, 9.998983, 0.000100, 10.000000, 0.000100, 0.001017, 0.000100, 0.000000, 0.000010, 100000.000000, 0.500000, 100000.000000, 0.000000, 0.001017, 0.000100, 10.000000, 0.000102, 293.150000, -0.422487, 293.150000, -4.224872, -0.422487, 293.150000, -0.422487, 297.374872, -0.422487, 0.100000, 0.001017, 0.000100, 0.001017, 0.000100, 0.000000, 0.000100, 297.374872, 0.000000, 10.000000, 293.150000, 0.004000, 10.168995, 10.000000, 0.000102, 10.000000, 0.000102, 0.000000, 0.000102, 10.000000, 297.374872, 297.374872, 0.000000, 25.000000, 24.224872, -0.422487, -0.062513, 0.000000, 0.000100
2.72, 0.000000, 0.000000, 0.000100, 0.000102, 0.000000, -0.000002, 297.291214, 297.291214, 297.291214, -0.414121, 0.000000, 0.000000, 297.291214, 0.100000, 298.000000, 29.729121, 297.291214, 0.000000, 298.150000, 2.000000, 298.150000, 4.166670, 8.000000, 16.000000, 298.150000, 298.150000, 298.150000, 298.150000, 297.291214, 297.291214, 297.291214, 0.000000, 0.000002, 0.000000, 0.000002, 0.000000, 0.000000, 0.000000, 0.000000, 0.001016, 0.001016, 0.001016, 0.000100, 0.000000, 10.000000, 10.000000, 10.000000, 0.000002, 0.000100, 0.000102, 10.000000, 0.000002, 10.000000, 0.000002, 0.000000, 0.000002, 5000000.000000, 0.001016, 0.000000, 0.001016, 0.000000, 0.000000, 0.000000, 5000000.000000, 9.998984, 0.000100, 10.000000, 0.000100, 0.001016, 0.000100, 0.000000, 0.000010, 100000.000000, 0.500000, 100000.000000, 0.000000, 0.001016, 0.000100, 10.000000, 0.000102, 293.150000, -0.414121, 293.150000, -4.141214, -0.414121, 293.150000, -0.414121, 297.291214, -0.414121, 0.100000, 0.001016, 0.000100, 0.001016, 0.000100, 0.000000, 0.000100, 297.291214, 0.000000, 10.000000, 293.150000, 0.004000, 10.165649, 10.000000, 0.000102, 10.000000, 0.000102, 0.000000, 0.000102, 10.000000, 297.291214, 297.291214, 0.000000, 25.000000, 24.141214, -0.414121, -0.070879, 0.000000, 0.000100
2.74, 0.000000, 0.000000, 0.000100, 0.000102, 0.000000, -0.000002, 297.209212, 297.209212, 297.209212, -0.405921, 0.000000, 0.000000, 297.209212, 0.100000, 298.000000, 29.720921, 297.209212, 0.000000, 298.150000, 2.000000, 298.150000, 4.166670, 8.000000, 16.000000, 298.150000, 298.150000, 298.150000, 298.150000, 297.209212, 297.209212, 297.209212, 0.000000, 0.000002, 0.000000, 0.000002, 0.000000, 0.000000, 0.000000, 0.000000, 0.001016, 0.001016, 0.001016, 0.000100, 0.000000, 10.000000, 10.000000, 10.000000, 0.000002, 0.000100, 0.000102, 10.000000, 0.000002, 10.000000, 0.000002, 0.000000, 0.000002, 5000000.000000, 0.001016, 0.000000, 0.001016, 0.000000, 0.000000, 0.000000, 5000000.000000, 9.998984, 0.000100, 10.000000, 0.000100, 0.001016, 0.000100, 0.000000, 0.000010, 100000.000000, 0.500000, 100000.000000, 0.000000, 0.001016, 0.000100, 10.000000, 0.000102, 293.150000, -0.405921, 293.150000, -4.059212, -0.405921, 293.150000, -0.405921, 297.209212, -0.405921, 0.100000, 0.001016, 0.000100, 0.001016, 0.000100, 0.000000, 0.000100, 297.209212, 0.000000, 10.000000, 293.150000, 0.004000, 10.162368, 10.000000, 0.000102, 10.000000, 0.000102, 0.000000, 0.000102, 10.000000, 297.209212, 297.209212, 0.000000, 25.000000, 24.059212, -0.405921, -0.079079, 0.000000, 0.000100
2.76, 0.000000, 0.000000, 0.982323, 0.982327, 0.000000, -0.000004, 297.648596, 297.648596, 297.648596, -0.449860, 0.000000, 9.823218, 297.648596, 0.100000, 298.000000, 29.764860, 297.648596, 1.000000, 298.150000, 2.000000, 298.150000, 4.166670, 8.000000, 16.000000, 298.150000, 298.150000, 298.150000, 298.150000, 297.648596, 297.648596, 297.648596, 0.000000, 0.000002, 0.000000, 0.000002, 0.000000, 0.000002, 0.000000, 0.000002, 9.999990, 9.999990, 9.999990, 0.982323, 0.000002, 10.000000, 10.000000, 10.000000, 0.000002, 0.982325, 0.982327, 10.000000, 0.000002, 10.000000, 0.000002, 0.000000, 0.000002, 5000000.000000, 9.999990, 0.000002, 9.999990, 0.000002, 0.000000, 0.000002, 5000000.000000, 0.000010, 0.982325, 10.000000, 0.982325, 9.999990, 0.982325, 1.000000, 0.000010, 100000.000000, 0.500000, 0.000010, 1.000000, 9.999990, 0.982323, 10.000000, 0.982327, 293.150000, -0.449860, 293.150000, -4.498596, -0.449860, 293.150000, -0.449860, 297.648596, -0.449860, 0.100000, 9.999990, 0.982323, 9.999990, 0.982323, 0.000000, 0.982323, 297.648596, 9.823218, 10.000000, 293.150000, 0.004000, 10.179944, 10.000000, 0.982327, 10.000000, 0.982327, 0.000000, 0.982327, 10.000000, 297.648596, 297.648596, 0.000000, 25.000000, 24.498596, 9.373358, -0.035140, 0.000000, 0.982325
2.78, 0.000000, 0.000000, 0.000100, 0.000102, 0.000000, -0.000002, 299.127421, 299.127421, 299.127421, -0.597742, 0.000000, 0.000000, 299.127421, 0.100000, 298.000000, 29.912742, 299.127421, 0.000000, 298.150000, 2.000000, 298.150000, 4.166670, 8.000000, 16.000000, 298.150000, 298.150000, 298.150000, 298.150000, 299.127421, 299.127421, 299.127421, 0.000000, 0.000002, 0.000000, 0.000002, 0.000000, 0.000000, 0.000000, 0.000000, 0.001024, 0.001024, 0.001024, 0.000100, 0.000000, 10.000000, 10.000000, 10.000000, 0.000002, 0.000100, 0.000102, 10.000000, 0.000002, 10.000000, 0.000002, 0.000000, 0.000002, 5000000.000000, 0.001024, 0.000000, 0.001024, 0.000000, 0.000000, 0.000000, 5000000.000000, 9.998976, 0.000100, 10.000000, 0.000100, 0.001024, 0.000100, 0.000000, 0.000010, 100000.000000, 0.500000, 100000.000000, 0.000000, 0.001024, 0.000100, 10.000000, 0.000102, 293.150000, -0.597742, 293.150000, -5.977421, -0.597742, 293.150000, -0.597742, 299.127421, -0.597742, 0.100000, 0.001024, 0.000100, 0.001024, 0.000100, 0.000000, 0.000100, 299.127421, 0.000000, 10.000000, 293.150000, 0.004000, 10.239097, 10.000000, 0.000102, 10.000000, 0.000102, 0.000000, 0.000102, 10.000000, 299.127421, 299.127421, 0.000000, 25.000000, 25.977421, -0.597742, 0.112742, 0.000000, 0.000100
2.8, 0.000000, 0.000000, 0.000100, 0.000102, 0.000000, -0.000002, 299.009060, 299.009060, 299.009060, -0.585906, 0.000000, 0.000000, 299.009060, 0.100000, 298.000000, 29.900906, 299.009060, 0.000000, 298.150000, 2.000000, 298.150000, 4.166670, 8.000000, 16.000000, 298.150000, 298.150000, 298.150000, 298.150000, 299.009060, 299.009060, 299.009060, 0.000000, 0.000002, 0.000000, 0.000002, 0.000000, 0.000000, 0.000000, 0.000000, 0.001023, 0.001023, 0.001023, 0.000100, 0.000000, 10.000000, 10.000000, 10.000000, 0.000002, 0.000100, 0.000102, 10.000000, 0.000002, 10.000000, 0.000002, 0.000000, 0.000002, 5000000.000000, 0.001023, 0.000000, 0.001023, 0.000000, 0.000000, 0.000000, 5000000.000000, 9.998977, 0.000100, 10.000000, 0.000100, 0.001023, 0.000100, 0.000000, 0.000010, 100000.000000, 0.500000, 100000.000000, 0.000000, 0.001023, 0.000100, 10.000000, 0.000102, 293.150000, -0.585906, 293.150000, -5.859060, -0.585906, 293.150000, -0.585906, 299.009060, -0.585906, 0.100000, 0.001023, 0.000100, 0.001023, 0.000100, 0.000000, 0.000100, 299.009060, 0.000000, 10.000000, 293.150000, 0.004000, 10.234362, 10.000000, 0.000102, 10.000000, 0.000102, 0.000000, 0.000102, 10.000000, 299.009060, 299.009060, 0.000000, 25.000000, 25.859060, -0.585906, 0.100906, 0.000000, 0.000100
2.82, 0.000000, 0.000000, 0.000100, 0.000102, 0.000000, -0.000002, 298.893043, 298.893043, 298.893043, -0.574304, 0.000000, 0.000000, 298.893043, 0.100000, 298.000000, 29.889304, 298.893043, 0.000000, 298.150000, 2.000000, 298.150000, 4.166670, 8.000000, 16.000000, 298.150000, 298.150000, 298.150000, 298.150000, 298.893043, 298.893043, 298.893043, 0.000000, 0.000002, 0.000000, 0.000002, 0.000000, 0.000000, 0.000000, 0.000000, 0.001023, 0.001023, 0.001023, 0.000100, 0.000000, 10.000000, 10.000000, 10.000000, 0.000002, 0.000100, 0.000102, 10.000000, 0.000002, 10.000000, 0.000002, 0.000000, 0.000002, 5000000.000000, 0.001023, 0.000000, 0.001023, 0.000000, 0.000000, 0.000000, 5000000.000000, 9.998977, 0.000100, 10.000000, 0.000100, 0.001023, 0.000100, 0.000000, 0.000010, 100000.000000, 0.500000, 100000.000000, 0.000000, 0.001023, 0.000100, 10.000000, 0.000102, 293.150000, -0.574304, 293.150000, -5.743043, -0.574304, 293.150000, -0.574304, 298.893043, -0.574304, 0.100000, 0.001023, 0.000100, 0.001023, 0.000100, 0.000000, 0.000100, 298.893043, 0.000000, 10.000000, 293.150000, 0.004000, 10.229722, 10.000000, 0.000102, 10.000000, 0.000102, 0.000000, 0.000102, 10.000000, 298.893043, 298.893043, 0.000000, 25.000000, 25.743043, -0.574304, 0.089304, 0.000000, 0.000100
2.84, 0.000000, 0.000000, 0.000100, 0.000102, 0.000000, -0.000002, 298.779323, 298.779323, 298.779323, -0.562932, 0.000000, 0.000000, 298.779323, 0.100000, 298.000000, 29.877932, 298.779323, 0.000000, 298.150000, 2.000000, 298.150000, 4.166670, 8.000000, 16.000000, 298.150000, 298.150000, 298.150000, 298.150000, 298.779323, 298.779323, 298.779323, 0.000000, 0.000002, 0.000000, 0.000002, 0.000000, 0.000000, 0.000000, 0.000000, 0.001022, 0.001022, 0.001022, 0.000100, 0.000000, 10.000000, 10.000000, 10.000000, 0.000002, 0.000100, 0.000102, 10.000000, 0.000002, 10.000000, 0.000002, 0.000000, 0.000002, 5000000.000000, 0.001022, 0.000000, 0.001022, 0.000000, 0.000000, 0.000000, 5000000.000000, 9.998978, 0.000100, 10.000000, 0.000100, 0.001022, 0.000100, 0.000000, 0.000010, 100000.000000, 0.500000, 100000.000000, 0.000000, 0.001022, 0.000100, 10.000000, 0.000102, 293.150000, -0.562932, 293.150000, -5.629323, -0.562932, 293.150000, -0.562932, 298.779323, -0.562932, 0.100000, 0.001022, 0.000100, 0.001022, 0.000100, 0.000000, 0.000100, 298.779323, 0.000000, 10.000000, 293.150000, 0.004000, 10.225173, 10.000000, 0.000102, 10.000000, 0.000102, 0.000000, 0.000102, 10.000000, 298.779323, 298.779323, 0.000000, 25.000000, 25.629323, -0.562932, 0.077932, 0.000000, 0.000100
2.86, 0.000000, 0.000000, 0.000100, 0.000102, 0.000000, -0.000002, 298.667855, 298.667855, 298.667855, -0.551785, 0.000000, 0.000000, 298.667855, 0.100000, 298.000000, 29.866785, 298.667855, 0.000000, 298.150000, 2.000000, 298.150000, 4.166670, 8.000000, 16.000000, 298.150000, 298.150000, 298.150000, 298.150000, 298.667855, 298.667855, 298.667855, 0.000000, 0.000002, 0.000000, 0.000002, 0.000000, 0.000000, 0.000000, 0.000000, 0.001022, 0.001022, 0.001022, 0.000100, 0.000000, 10.000000, 10.000000, 10.000000, 0.000002, 0.000100, 0.000102, 10.000000, 0.000002, 10.000000, 0.000002, 0.000000, 0.000002, 5000000.000000, 0.001022, 0.000000, 0.001022, 0.000000, 0.000000, 0.000000, 5000000.000000, 9.998978, 0.000100, 10.000000, 0.000100, 0.001022, 0.000100, 0.000000, 0.000010, 100000.000000, 0.500000, 100000.000000, 0.000000, 0.001022, 0.000100, 10.000000, 0.000102, 293.150000, -0.551785, 293.150000, -5.517855, -0.551785, 293.150000, -0.551785, 298.667855, -0.551785, 0.100000, 0.001022, 0.000100, 0.001022, 0.000100, 0.000000, 0.000100, 298.667855, 0.000000, 10.000000, 293.150000, 0.004000, 10.220714, 10.000000, 0.000102, 10.000000, 0.000102, 0.000000, 0.000102, 10.000000, 298.667855, 298.667855, 0.000000, 25.000000, 25.517855, -0.551785, 0.066785, 0.000000, 0.000100
2.88, 0.000000, 0.000000, 0.000100, 0.000102, 0.000000, -0.000002, 298.558594, 298.558594, 298.558594, -0.540859, 0.000000, 0.000000, 298.558594, 0.100000, 298.000000, 29.855859, 298.558594, 0.000000, 298.150000, 2.000000, 298.150000, 4.166670, 8.000000, 16.000000, 298.150000, 298.150000, 298.150000, 298.150000, 298.558594, 298.558594, 298.558594, 0.000000, 0.000002, 0.000000, 0.000002, 0.000000, 0.000000, 0.000000, 0.000000, 0.001022, 0.001022, 0.001022, 0.000100, 0.000000, 10.000000, 10.000000, 10.000000, 0.000002, 0.000100, 0.000102, 10.000000, 0.000002, 10.000000, 0.000002, 0.000000, 0.000002, 5000000.000000, 0.001022, 0.000000, 0.001022, 0.000000, 0.000000, 0.000000, 5000000.000000, 9.998978, 0.000100, 10.000000, 0.000100, 0.001022, 0.000100, 0.000000, 0.000010, 100000.000000, 0.500000, 100000.000000, 0.000000, 0.001022, 0.000100, 10.000000, 0.000102, 293.150000, -0.540859, 293.150000, -5.408594, -0.540859, 293.150000, -0.540859, 298.558594, -0.540859, 0.100000, 0.001022, 0.000100, 0.001022, 0.000100, 0.000000, 0.000100, 298.558594, 0.000000, 10.000000, 293.150000, 0.004000, 10.216344, 10.000000, 0.000102, 10.000000, 0.000102, 0.000000, 0.000102, 10.000000, 298.558594, 298.558594, 0.000000, 25.000000, 25.408594, -0.540859, 0.055859, 0.000000, 0.000100
2.9, 0.000000, 0.000000, 0.000100, 0.000102, 0.000000, -0.000002, 298.451497, 298.451497, 298.451497, -0.530150, 0.000000, 0.000000, 298.451497, 0.100000, 298.000000, 29.845150, 298.451497, 0.000000, 298.150000, 2.000000, 298.150000, 4.166670, 8.000000, 16.000000, 298.150000, 298.150000, 298.150000, 298.150000, 298.451497, 298.451497, 298.451497, 0.000000, 0.000002, 0.000000, 0.000002, 0.000000, 0.000000, 0.000000, 0.000000, 0.001021, 0.001021, 0.001021, 0.000100, 0.000000, 10.000000, 10.000000, 10.000000, 0.000002, 0.000100, 0.000102, 10.000000, 0.000002, 10.000000, 0.000002, 0.000000, 0.000002, 5000000.000000, 0.001021, 0.000000, 0.001021, 0.000000, 0.000000, 0.000000, 5000000.000000, 9.998979, 0.000100, 10.000000, 0.000100, 0.001021, 0.000100, 0.000000, 0.000010, 100000.000000, 0.500000, 100000.000000, 0.000000, 0.001021, 0.000100, 10.000000, 0.000102, 293.150000, -0.530150, 293.150000, -5.301497, -0.530150, 293.150000, -0.530150, 298.451497, -0.530150, 0.100000, 0.001021, 0.000100, 0.001021, 0.000100, 0.000000, 0.000100, 298.451497, 0.000000, 10.000000, 293.150000, 0.004000, 10.212060, 10.000000, 0.000102, 10.000000, 0.000102, 0.000000, 0.000102, 10.000000, 298.451497, 298.451497, 0.000000, 25.000000, 25.301497, -0.530150, 0.045150, 0.000000, 0.000100
2.92, 0.000000, 0.000000, 0.000100, 0.000102, 0.000000, -0.000002, 298.346520, 298.346520, 298.346520, -0.519652, 0.000000, 0.000000, 298.346520, 0.100000, 298.000000, 29.834652, 298.346520, 0.000000, 298.150000, 2.000000, 298.150000, 4.166670, 8.000000, 16.000000, 298.150000, 298.150000, 298.150000, 298.150000, 298.346520, 298.346520, 298.346520, 0.000000, 0.000002, 0.000000, 0.000002, 0.000000, 0.000000, 0.000000, 0.000000, 0.001021, 0.001021, 0.001021, 0.000100, 0.000000, 10.000000, 10.000000, 10.000000, 0.000002, 0.000100, 0.000102, 10.000000, 0.000002, 10.000000, 0.000002, 0.000000, 0.000002, 5000000.000000, 0.001021, 0.000000, 0.001021, 0.000000, 0.000000, 0.000000, 5000000.000000, 9.998979, 0.000100, 10.000000, 0.000100, 0.001021, 0.000100, 0.000000, 0.000010, 100000.000000, 0.500000, 100000.000000, 0.000000, 0.001021, 0.000100, 10.000000, 0.000102, 293.150000, -0.519652, 293.150000, -5.196520, -0.519652, 293.150000, -0.519652, 298.346520, -0.519652, 0.100000, 0.001021, 0.000100, 0.001021, 0.000100, 0.000000, 0.000100, 298.346520, 0.000000, 10.000000, 293.150000, 0.004000, 10.207861, 10.000000, 0.000102, 10.000000, 0.000102, 0.000000, 0.000102, 10.000000, 298.346520, 298.346520, 0.000000, 25.000000, 25.196520, -0.519652, 0.034652, 0.000000, 0.000100
2.94, 0.000000, 0.000000, 0.000100, 0.000102, 0.000000, -0.000002, 298.243622, 298.243622, 298.243622, -0.509362, 0.000000, 0.000000, 298.243622, 0.100000, 298.000000, 29.824362, 298.243622, 0.000000, 298.150000, 2.000000, 298.150000, 4.166670, 8.000000, 16.000000, 298.150000, 298.150000, 298.150000, 298.150000, 298.243622, 298.243622, 298.243622, 0.000000, 0.000002, 0.000000, 0.000002, 0.000000, 0.000000, 0.000000, 0.000000, 0.001020, 0.001020, 0.001020, 0.000100, 0.000000, 10.000000, 10.000000, 10.000000, 0.000002, 0.000100, 0.000102, 10.000000, 0.000002, 10.000000, 0.000002, 0.000000, 0.000002, 5000000.000000, 0.001020, 0.000000, 0.001020, 0.000000, 0.000000, 0.000000, 5000000.000000, 9.998980, 0.000100, 10.000000, 0.000100, 0.001020, 0.000100, 0.000000, 0.000010, 100000.000000, 0.500000, 100000.000000, 0.000000, 0.001020, 0.000100, 10.000000, 0.000102, 293.150000, -0.509362, 293.150000, -5.093622, -0.509362, 293.150000, -0.509362, 298.243622, -0.509362, 0.100000, 0.001020, 0.000100, 0.001020, 0.000100, 0.000000, 0.000100, 298.243622, 0.000000, 10.000000, 293.150000, 0.004000, 10.203745, 10.000000, 0.000102, 10.000000, 0.000102, 0.000000, 0.000102, 10.000000, 298.243622, 298.243622, 0.000000, 25.000000, 25.093622, -0.509362, 0.024362, 0.000000, 0.000100
2.96, 0.000000, 0.000000, 0.000100, 0.000102, 0.000000, -0.000002, 298.142762, 298.142762, 298.142762, -0.499276, 0.000000, 0.000000, 298.142762, 0.100000, 298.000000, 29.814276, 298.142762, 0.000000, 298.150000, 2.000000, 298.150000, 4.166670, 8.000000, 16.000000, 298.150000, 298.150000, 298.150000, 298.150000, 298.142762, 298.142762, 298.142762, 0.000000, 0.000002, 0.000000, 0.000002, 0.000000, 0.000000, 0.000000, 0.000000, 0.001020, 0.001020, 0.001020, 0.000100, 0.000000, 10.000000, 10.000000, 10.000000, 0.000002, 0.000100, 0.000102, 10.000000, 0.000002, 10.000000, 0.000002, 0.000000, 0.000002, 5000000.000000, 0.001020, 0.000000, 0.001020, 0.000000, 0.000000, 0.000000, 5000000.000000, 9.998980, 0.000100, 10.000000, 0.000100, 0.001020, 0.000100, 0.000000, 0.000010, 100000.000000, 0.500000, 100000.000000, 0.000000, 0.001020, 0.000100, 10.000000, 0.000102, 293.150000, -0.499276, 293.150000, -4.992762, -0.499276, 293.150000, -0.499276, 298.142762, -0.499276, 0.100000, 0.001020, 0.000100, 0.001020, 0.000100, 0.000000, 0.000100, 298.142762, 0.000000, 10.000000, 293.150000, 0.004000, 10.199710, 10.000000, 0.000102, 10.000000, 0.000102, 0.000000, 0.000102, 10.000000, 298.142762, 298.142762, 0.000000, 25.000000, 24.992762, -0.499276, 0.014276, 0.000000, 0.000100
2.98, 0.000000, 0.000000, 0.000100, 0.000102, 0.000000, -0.000002, 298.043898, 298.043898, 298.043898, -0.489390, 0.000000, 0.000000, 298.043898, 0.100000, 298.000000, 29.804390, 298.043898, 0.000000, 298.150000, 2.000000, 298.150000, 4.166670, 8.000000, 16.000000, 298.150000, 298.150000, 298.150000, 298.150000, 298.043898, 298.043898, 298.043898, 0.000000, 0.000002, 0.000000, 0.000002, 0.000000, 0.000000, 0.000000, 0.000000, 0.001019, 0.001019, 0.001019, 0.000100, 0.000000, 10.000000, 10.000000, 10.000000, 0.000002, 0.000100, 0.000102, 10.000000, 0.000002, 10.000000, 0.000002, 0.000000, 0.000002, 5000000.000000, 0.001019, 0.000000, 0.001019, 0.000000, 0.000000, 0.000000, 5000000.000000, 9.998981, 0.000100, 10.000000, 0.000100, 0.001019, 0.000100, 0.000000, 0.000010, 100000.000000, 0.500000, 100000.000000, 0.000000, 0.001019, 0.000100, 10.000000, 0.000102, 293.150000, -0.489390, 293.150000, -4.893898, -0.489390, 293.150000, -0.489390, 298.043898, -0.489390, 0.100000, 0.001019, 0.000100, 0.001019, 0.000100, 0.000000, 0.000100, 298.043898, 0.000000, 10.000000, 293.150000, 0.004000, 10.195756, 10.000000, 0.000102, 10.000000, 0.000102, 0.000000, 0.000102, 10.000000, 298.043898, 298.043898, 0.000000, 25.000000, 24.893898, -0.489390, 0.004390, 0.000000, 0.000100
3, 0.000000, 0.000000, 0.000100, 0.000102, 0.000000, -0.000002, 297.946993, 297.946993, 297.946993, -0.479699, 0.000000, 0.000000, 297.946993, 0.100000, 298.000000, 29.794699, 297.946993, 0.000000, 298.150000, 2.000000, 298.150000, 4.166670, 8.000000, 16.000000, 298.150000, 298.150000, 298.150000, 298.150000, 297.946993, 297.946993, 297.946993, 0.000000, 0.000002, 0.000000, 0.000002, 0.000000, 0.000000, 0.000000, 0.000000, 0.001019, 0.001019, 0.001019, 0.000100, 0.000000, 10.000000, 10.000000, 10.000000, 0.000002, 0.000100, 0.000102, 10.000000, 0.000002, 10.000000, 0.000002, 0.000000, 0.000002, 5000000.000000, 0.001019, 0.000000, 0.001019, 0.000000, 0.000000, 0.000000, 5000000.000000, 9.998981, 0.000100, 10.000000, 0.000100, 0.001019, 0.000100, 0.000000, 0.000010, 100000.000000, 0.500000, 100000.000000, 0.000000, 0.001019, 0.000100, 10.000000, 0.000102, 293.150000, -0.479699, 293.150000, -4.796993, -0.479699, 293.150000, -0.479699, 297.946993, -0.479699, 0.100000, 0.001019, 0.000100, 0.001019, 0.000100, 0.000000, 0.000100, 297.946993, 0.000000, 10.000000, 293.150000, 0.004000, 10.191880, 10.000000, 0.000102, 10.000000, 0.000102, 0.000000, 0.000102, 10.000000, 297.946993, 297.946993, 0.000000, 25.000000, 24.796993, -0.479699, -0.005301, 0.000000, 0.000100
3.02, 0.000000, 0.000000, 0.000100, 0.000102, 0.000000, -0.000002, 297.852006, 297.852006, 297.852006, -0.470201, 0.000000, 0.000000, 297.852006, 0.100000, 298.000000, 29.785201, 297.852006, 0.000000, 298.150000, 2.000000, 298.150000, 4.166670, 8.000000, 16.000000, 298.150000, 298.150000, 298.150000, 298.150000, 297.852006, 297.852006, 297.852006, 0.000000, 0.000002, 0.000000, 0.000002, 0.000000, 0.000000, 0.000000, 0.000000, 0.001019, 0.001019, 0.001019, 0.000100, 0.000000, 10.000000, 10.000000, 10.000000, 0.000002, 0.000100, 0.000102, 10.000000, 0.000002, 10.000000, 0.000002, 0.000000, 0.000002, 5000000.000000, 0.001019, 0.000000, 0.001019, 0.000000, 0.000000, 0.000000, 5000000.000000, 9.998981, 0.000100, 10.000000, 0.000100, 0.001019, 0.000100, 0.000000, 0.000010, 100000.000000, 0.500000, 100000.000000, 0.000000, 0.001019, 0.000100, 10.000000, 0.000102, 293.150000, -0.470201, 293.150000, -4.702006, -0.470201, 293.150000, -0.470201, 297.852006, -0.470201, 0.100000, 0.001019, 0.000100, 0.001019, 0.000100, 0.000000, 0.000100, 297.852006, 0.000000, 10.000000, 293.150000, 0.004000, 10.188080, 10.000000, 0.000102, 10.000000, 0.000102, 0.000000, 0.000102, 10.000000, 297.852006, 297.852006, 0.000000, 25.000000, 24.702006, -0.470200, -0.014799, 0.000000, 0.000100
3.04, 0.000000, 0.000000, 0.000100, 0.000102, 0.000000, -0.000002, 297.758900, 297.758900, 297.758900, -0.460890, 0.000000, 0.000000, 297.758900, 0.100000, 298.000000, 29.775890, 297.758900, 0.000000, 298.150000, 2.000000, 298.150000, 4.166670, 8.000000, 16.000000, 298.150000, 298.150000, 298.150000, 298.150000, 297.758900, 297.758900, 297.758900, 0.000000, 0.000002, 0.000000, 0.000002, 0.000000, 0.000000, 0.000000, 0.000000, 0.001018, 0.001018, 0.001018, 0.000100, 0.000000, 10.000000, 10.000000, 10.000000, 0.000002, 0.000100, 0.000102, 10.000000, 0.000002, 10.000000, 0.000002, 0.000000, 0.000002, 5000000.000000, 0.001018, 0.000000, 0.001018, 0.000000, 0.000000, 0.000000, 5000000.000000, 9.998982, 0.000100, 10.000000, 0.000100, 0.001018, 0.000100, 0.000000, 0.000010, 100000.000000, 0.500000, 100000.000000, 0.000000, 0.001018, 0.000100, 10.000000, 0.000102, 293.150000, -0.460890, 293.150000, -4.608900, -0.460890, 293.150000, -0.460890, 297.758900, -0.460890, 0.100000, 0.001018, 0.000100, 0.001018, 0.000100, 0.000000, 0.000100, 297.758900, 0.000000, 10.000000, 293.150000, 0.004000, 10.184356, 10.000000, 0.000102, 10.000000, 0.000102, 0.000000, 0.000102, 10.000000, 297.758900, 297.758900, 0.000000, 25.000000, 24.608900, -0.460890, -0.024110, 0.000000, 0.000100
3.06, 0.000000, 0.000000, 0.000100, 0.000102, 0.000000, -0.000002, 297.667638, 297.667638, 297.667638, -0.451764, 0.000000, 0.000000, 297.667638, 0.100000, 298.000000, 29.766764, 297.667638, 0.000000, 298.150000, 2.000000, 298.150000, 4.166670, 8.000000, 16.000000, 298.150000, 298.150000, 298.150000, 298.150000, 297.667638, 297.667638, 297.667638, 0.000000, 0.000002, 0.000000, 0.000002, 0.000000, 0.000000, 0.000000, 0.000000, 0.001018, 0.001018, 0.001018, 0.000100, 0.000000, 10.000000, 10.000000, 10.000000, 0.000002, 0.000100, 0.000102, 10.000000, 0.000002, 10.000000, 0.000002, 0.000000, 0.000002, 5000000.000000, 0.001018, 0.000000, 0.001018, 0.000000, 0.000000, 0.000000, 5000000.000000, 9.998982, 0.000100, 10.000000, 0.000100, 0.001018, 0.000100, 0.000000, 0.000010, 100000.000000, 0.500000, 100000.000000, 0.000000, 0.001018, 0.000100, 10.000000, 0.000102, 293.150000, -0.451764, 293.150000, -4.517638, -0.451764, 293.150000, -0.451764, 297.667638, -0.451764, 0.100000, 0.001018, 0.000100, 0.001018, 0.000100, 0.000000, 0.000100, 297.667638, 0.000000, 10.000000, 293.150000, 0.004000, 10.180706, 10.000000, 0.000102, 10.000000, 0.000102, 0.000000, 0.000102, 10.000000, 297.667638, 297.667638, 0.000000, 25.000000, 24.517638, -0.451764, -0.033236, 0.000000, 0.000100
3.08, 0.000000, 0.000000, 0.000100, 0.000102, 0.000000, -0.000002, 297.578183, 297.578183, 297.578183, -0.442818, 0.000000, 0.000000, 297.578183, 0.100000, 298.000000, 29.757818, 297.578183, 0.000000, 298.150000, 2.000000, 298.150000, 4.166670, 8.000000, 16.000000, 298.150000, 298.150000, 298.150000, 298.150000, 297.578183, 297.578183, 297.578183, 0.000000, 0.000002, 0.000000, 0.000002, 0.000000, 0.000000, 0.000000, 0.000000, 0.001018, 0.001018, 0.001018, 0.000100, 0.000000, 10.000000, 10.000000, 10.000000, 0.000002, 0.000100, 0.000102, 10.000000, 0.000002, 10.000000, 0.000002, 0.000000, 0.000002, 5000000.000000, 0.001018, 0.000000, 0.001018, 0.000000, 0.000000, 0.000000, 5000000.000000, 9.998982, 0.000100, 10.000000, 0.000100, 0.001018, 0.000100, 0.000000, 0.000010, 100000.000000, 0.500000, 100000.000000, 0.000000, 0.001018, 0.000100, 10.000000, 0.000102, 293.150000, -0.442818, 293.150000, -4.428183, -0.442818, 293.150000, -0.442818, 297.578183, -0.442818, 0.100000, 0.001018, 0.000100, 0.001018, 0.000100, 0.000000, 0.000100, 297.578183, 0.000000, 10.000000, 293.150000, 0.004000, 10.177127, 10.000000, 0.000102, 10.000000, 0.000102, 0.000000, 0.000102, 10.000000, 297.578183, 297.578183, 0.000000, 25.000000, 24.428183, -0.442818, -0.042182, 0.000000, 0.000100
3.1, 0.000000, 0.000000, 0.000100, 0.000102, 0.000000, -0.000002, 297.490499, 297.490499, 297.490499, -0.434050, 0.000000, 0.000000, 297.490499, 0.100000, 298.000000, 29.749050, 297.490499, 0.000000, 298.150000, 2.000000, 298.150000, 4.166670, 8.000000, 16.000000, 298.150000, 298.150000, 298.150000, 298.150000, 297.490499, 297.490499, 297.490499, 0.000000, 0.000002, 0.000000, 0.000002, 0.000000, 0.000000, 0.000000, 0.000000, 0.001017, 0.001017, 0.001017, 0.000100, 0.000000, 10.000000, 10.000000, 10.000000, 0.000002, 0.000100, 0.000102, 10.000000, 0.000002, 10.000000, 0.000002, 0.000000, 0.000002, 5000000.000000, 0.001017, 0.000000, 0.001017, 0.000000, 0.000000, 0.000000, 5000000.000000, 9.998983, 0.000100, 10.000000, 0.000100, 0.001017, 0.000100, 0.000000, 0.000010, 100000.000000, 0.500000, 100000.000000, 0.000000, 0.001017, 0.000100, 10.000000, 0.000102, 293.150000, -0.434050, 293.150000, -4.340499, -0.434050, 293.150000, -0.434050, 297.490499, -0.434050, 0.100000, 0.001017, 0.000100, 0.001017, 0.000100, 0.000000, 0.000100, 297.490499, 0.000000, 10.000000, 293.150000, 0.004000, 10.173620, 10.000000, 0.000102, 10.000000, 0.000102, 0.000000, 0.000102, 10.000000, 297.490499, 297.490499, 0.000000, 25.000000, 24.340499, -0.434050, -0.050950, 0.000000, 0.000100
3.12, 0.000000, 0.000000, 0.000100, 0.000102, 0.000000, -0.000002, 297.404551, 297.404551, 297.404551, -0.425455, 0.000000, 0.000000, 297.404551, 0.100000, 298.000000, 29.740455, 297.404551, 0.000000, 298.150000, 2.000000, 298.150000, 4.166670, 8.000000, 16.000000, 298.150000, 298.150000, 298.150000, 298.150000, 297.404551, 297.404551, 297.404551, 0.000000, 0.000002, 0.000000, 0.000002, 0.000000, 0.000000, 0.000000, 0.000000, 0.001017, 0.001017, 0.001017, 0.000100, 0.000000, 10.000000, 10.000000, 10.000000, 0.000002, 0.000100, 0.000102, 10.000000, 0.000002, 10.000000, 0.000002, 0.000000, 0.000002, 5000000.000000, 0.001017, 0.000000, 0.001017, 0.000000, 0.000000, 0.000000, 5000000.000000, 9.998983, 0.000100, 10.000000, 0.000100, 0.001017, 0.000100, 0.000000, 0.000010, 100000.000000, 0.500000, 100000.000000, 0.000000, 0.001017, 0.000100, 10.000000, 0.000102, 293.150000, -0.425455, 293.150000, -4.254551, -0.425455, 293.150000, -0.425455, 297.404551, -0.425455, 0.100000, 0.001017, 0.000100, 0.001017, 0.000100, 0.000000, 0.000100, 297.404551, 0.000000, 10.000000, 293.150000, 0.004000, 10.170182, 10.000000, 0.000102, 10.000000, 0.000102, 0.000000, 0.000102, 10.000000, 297.404551, 297.404551, 0.000000, 25.000000, 24.254551, -0.425455, -0.059545, 0.000000, 0.000100
3.14, 0.000000, 0.000000, 0.000100, 0.000102, 0.000000, -0.000002, 297.320305, 297.320305, 297.320305, -0.417031, 0.000000, 0.000000, 297.320305, 0.100000, 298.000000, 29.732031, 297.320305, 0.000000, 298.150000, 2.000000, 298.150000, 4.166670, 8.000000, 16.000000, 298.150000, 298.150000, 298.150000, 298.150000, 297.320305, 297.320305, 297.320305, 0.000000, 0.000002, 0.000000, 0.000002, 0.000000, 0.000000, 0.000000, 0.000000, 0.001017, 0.001017, 0.001017, 0.000100, 0.000000, 10.000000, 10.000000, 10.000000, 0.000002, 0.000100, 0.000102, 10.000000, 0.000002, 10.000000, 0.000002, 0.000000, 0.000002, 5000000.000000, 0.001017, 0.000000, 0.001017, 0.000000, 0.000000, 0.000000, 5000000.000000, 9.998983, 0.000100, 10.000000, 0.000100, 0.001017, 0.000100, 0.000000, 0.000010, 100000.000000, 0.500000, 100000.000000, 0.000000, 0.001017, 0.000100, 10.000000, 0.000102, 293.150000, -0.417031, 293.150000, -4.170305, -0.417031, 293.150000, -0.417031, 297.320305, -0.417031, 0.100000, 0.001017, 0.000100, 0.001017, 0.000100, 0.000000, 0.000100, 297.320305, 0.000000, 10.000000, 293.150000, 0.004000, 10.166812, 10.000000, 0.000102, 10.000000, 0.000102, 0.000000, 0.000102, 10.000000, 297.320305, 297.320305, 0.000000, 25.000000, 24.170305, -0.417030, -0.067969, 0.000000, 0.000100
3.16, 0.000000, 0.000000, 0.000100, 0.000102, 0.000000, -0.000002, 297.237728, 297.237728, 297.237728, -0.408773, 0.000000, 0.000000, 297.237728, 0.100000, 298.000000, 29.723773, 297.237728, 0.000000, 298.150000, 2.000000, 298.150000, 4.166670, 8.000000, 16.000000, 298.150000, 298.150000, 298.150000, 298.150000, 297.237728, 297.237728, 297.237728, 0.000000, 0.000002, 0.000000, 0.000002, 0.000000, 0.000000, 0.000000, 0.000000, 0.001016, 0.001016, 0.001016, 0.000100, 0.000000, 10.000000, 10.000000, 10.000000, 0.000002, 0.000100, 0.000102, 10.000000, 0.000002, 10.000000, 0.000002, 0.000000, 0.000002, 5000000.000000, 0.001016, 0.000000, 0.001016, 0.000000, 0.000000, 0.000000, 5000000.000000, 9.998984, 0.000100, 10.000000, 0.000100, 0.001016, 0.000100, 0.000000, 0.000010, 100000.000000, 0.500000, 100000.000000, 0.000000, 0.001016, 0.000100, 10.000000, 0.000102, 293.150000, -0.408773, 293.150000, -4.087728, -0.408773, 293.150000, -0.408773, 297.237728, -0.408773, 0.100000, 0.001016, 0.000100, 0.001016, 0.000100, 0.000000, 0.000100, 297.237728, 0.000000, 10.000000, 293.150000, 0.004000, 10.163509, 10.000000, 0.000102, 10.000000, 0.000102, 0.000000, 0.000102, 10.000000, 297.237728, 297.237728, 0.000000, 25.000000, 24.087728, -0.408773, -0.076227, 0.000000, 0.000100
3.18, 0.000000, 0.000000, 0.000100, 0.000102, 0.000000, -0.000002, 297.156785, 297.156785, 297.156785, -0.400679, 0.000000, 0.000000, 297.156785, 0.100000, 298.000000, 29.715679, 297.156785, 0.000000, 298.150000, 2.000000, 298.150000, 4.166670, 8.000000, 16.000000, 298.150000, 298.150000, 298.150000, 298.150000, 297.156785, 297.156785, 297.156785, 0.000000, 0.000002, 0.000000, 0.000002, 0.000000, 0.000000, 0.000000, 0.000000, 0.001016, 0.001016, 0.001016, 0.000100, 0.000000, 10.000000, 10.000000, 10.000000, 0.000002, 0.000100, 0.000102, 10.000000, 0.000002, 10.000000, 0.000002, 0.000000, 0.000002, 5000000.000000, 0.001016, 0.000000, 0.001016, 0.000000, 0.000000, 0.000000, 5000000.000000, 9.998984, 0.000100, 10.000000, 0.000100, 0.001016, 0.000100, 0.000000, 0.000010, 100000.000000, 0.500000, 100000.000000, 0.000000, 0.001016, 0.000100, 10.000000, 0.000102, 293.150000, -0.400679, 293.150000, -4.006785, -0.400679, 293.150000, -0.400679, 297.156785, -0.400679, 0.100000, 0.001016, 0.000100, 0.001016, 0.000100, 0.000000, 0.000100, 297.156785, 0.000000, 10.000000, 293.150000, 0.004000, 10.160271, 10.000000, 0.000102, 10.000000, 0.000102, 0.000000, 0.000102, 10.000000, 297.156785, 297.156785, 0.000000, 25.000000, 24.006785, -0.400678, -0.084321, 0.000000, 0.000100
3.2, 0.000000, 0.000000, 0.977683, 0.977687, 0.000000, -0.000004, 298.856231, 298.856231, 298.856231, -0.570623, 0.000000, 9.776825, 298.856231, 0.100000, 298.000000, 29.885623, 298.856231, 1.000000, 298.150000, 2.000000, 298.150000, 4.166670, 8.000000, 16.000000, 298.150000, 298.150000, 298.150000, 298.150000, 298.856231, 298.856231, 298.856231, 0.000000, 0.000002, 0.000000, 0.000002, 0.000000, 0.000002, 0.000000, 0.000002, 9.999990, 9.999990, 9.999990, 0.977683, 0.000002, 10.000000, 10.000000, 10.000000, 0.000002, 0.977685, 0.977687, 10.000000, 0.000002, 10.000000, 0.000002, 0.000000, 0.000002, 5000000.000000, 9.999990, 0.000002, 9.999990, 0.000002, 0.000000, 0.000002, 5000000.000000, 0.000010, 0.977685, 10.000000, 0.977685, 9.999990, 0.977685, 1.000000, 0.000010, 100000.000000, 0.500000, 0.000010, 1.000000, 9.999990, 0.977683, 10.000000, 0.977687, 293.150000, -0.570623, 293.150000, -5.706231, -0.570623, 293.150000, -0.570623, 298.856231, -0.570623, 0.100000, 9.999990, 0.977683, 9.999990, 0.977683, 0.000000, 0.977683, 298.856231, 9.776825, 10.000000, 293.150000, 0.004000, 10.228249, 10.000000, 0.977687, 10.000000, 0.977687, 0.000000, 0.977687, 10.000000, 298.856231, 298.856231, 0.000000, 25.000000, 25.706231, 9.206202, 0.085623, 0.000000, 0.977685
3.22, 0.000000, 0.000000, 0.000100, 0.000102, 0.000000, -0.000002, 299.050218, 299.050218, 299.050218, -0.590022, 0.000000, 0.000000, 299.050218, 0.100000, 298.000000, 29.905022, 299.050218, 0.000000, 298.150000, 2.000000, 298.150000, 4.166670, 8.000000, 16.000000, 298.150000, 298.150000, 298.150000, 298.150000, 299.050218, 299.050218, 299.050218, 0.000000, 0.000002, 0.000000, 0.000002, 0.000000, 0.000000, 0.000000, 0.000000, 0.001023, 0.001023, 0.001023, 0.000100, 0.000000, 10.000000, 10.000000, 10.000000, 0.000002, 0.000100, 0.000102, 10.000000, 0.000002, 10.000000, 0.000002, 0.000000, 0.000002, 5000000.000000, 0.001023, 0.000000, 0.001023, 0.000000, 0.000000, 0.000000, 5000000.000000, 9.998977, 0.000100, 10.000000, 0.000100, 0.001023, 0.000100, 0.000000, 0.000010, 100000.000000, 0.500000, 100000.000000, 0.000000, 0.001023, 0.000100, 10.000000, 0.000102, 293.150000, -0.590022, 293.150000, -5.900218, -0.590022, 293.150000, -0.590022, 299.050218, -0.590022, 0.100000, 0.001023, 0.000100, 0.001023, 0.000100, 0.000000, 0.000100, 299.050218, 0.000000, 10.000000, 293.150000, 0.004000, 10.236009, 10.000000, 0.000102, 10.000000, 0.000102, 0.000000, 0.000102, 10.000000, 299.050218, 299.050218, 0.000000, 25.000000, 25.900218, -0.590022, 0.105022, 0.000000, 0.000100
3.24, 0.000000, 0.000000, 0.000100, 0.000102, 0.000000, -0.000002, 298.933386, 298.933386, 298.933386, -0.578339, 0.000000, 0.000000, 298.933386, 0.100000, 298.000000, 29.893339, 298.933386, 0.000000, 298.150000, 2.000000, 298.150000, 4.166670, 8.000000, 16.000000, 298.150000, 298.150000, 298.150000, 298.150000, 298.933386, 298.933386, 298.933386, 0.000000, 0.000002, 0.000000, 0.000002, 0.000000, 0.000000, 0.000000, 0.000000, 0.001023, 0.001023, 0.001023, 0.000100, 0.000000, 10.000000, 10.000000, 10.000000, 0.000002, 0.000100, 0.000102, 10.000000, 0.000002, 10.000000, 0.000002, 0.000000, 0.000002, 5000000.000000, 0.001023, 0.000000, 0.001023, 0.000000, 0.000000, 0.000000, 5000000.000000, 9.998977, 0.000100, 10.000000, 0.000100, 0.001023, 0.000100, 0.000000, 0.000010, 100000.000000, 0.500000, 100000.000000, 0.000000, 0.001023, 0.000100, 10.000000, 0.000102, 293.150000, -0.578339, 293.150000, -5.783386, -0.578339, 293.150000, -0.578339, 298.933386, -0.578339, 0.100000, 0.001023, 0.000100, 0.001023, 0.000100, 0.000000, 0.000100, 298.933386, 0.000000, 10.000000, 293.150000, 0.004000, 10.231335, 10.000000, 0.000102, 10.000000, 0.000102, 0.000000, 0.000102, 10.000000, 298.933386, 298.933386, 0.000000, 25.000000, 25.783386, -0.578339, 0.093339, 0.000000, 0.000100
3.26, 0.000000, 0.000000, 0.000100, 0.000102, 0.000000, -0.000002, 298.818868, 298.818868, 298.818868, -0.566887, 0.000000, 0.000000, 298.818868, 0.100000, 298.000000, 29.881887, 298.818868, 0.000000, 298.150000, 2.000000, 298.150000, 4.166670, 8.000000, 16.000000, 298.150000, 298.150000, 298.150000, 298.150000, 298.818868, 298.818868, 298.818868, 0.000000, 0.000002, 0.000000, 0.000002, 0.000000, 0.000000, 0.000000, 0.000000, 0.001023, 0.001023, 0.001023, 0.000100, 0.000000, 10.000000, 10.000000, 10.000000, 0.000002, 0.000100, 0.000102, 10.000000, 0.000002, 10.000000, 0.000002, 0.000000, 0.000002, 5000000.000000, 0.001023, 0.000000, 0.001023, 0.000000, 0.000000, 0.000000, 5000000.000000, 9.998977, 0.000100, 10.000000, 0.000100, 0.001023, 0.000100, 0.000000, 0.000010, 100000.000000, 0.500000, 100000.000000, 0.000000, 0.001023, 0.000100, 10.000000, 0.000102, 293.150000, -0.566887, 293.150000, -5.668868, -0.566887, 293.150000, -0.566887, 298.818868, -0.566887, 0.100000, 0.001023, 0.000100, 0.001023, 0.000100, 0.000000, 0.000100, 298.818868, 0.000000, 10.000000, 293.150000, 0.004000, 10.226755, 10.000000, 0.000102, 10.000000, 0.000102, 0.000000, 0.000102, 10.000000, 298.818868, 298.818868, 0.000000, 25.000000, 25.668868, -0.566887, 0.081887, 0.000000, 0.000100
3.28, 0.000000, 0.000000, 0.000100, 0.000102, 0.000000, -0.000002, 298.706616, 298.706616, 298.706616, -0.555662, 0.000000, 0.000000, 298.706616, 0.100000, 298.000000, 29.870662, 298.706616, 0.000000, 298.150000, 2.000000, 298.150000, 4.166670, 8.000000, 16.000000, 298.150000, 298.150000, 298.150000, 298.150000, 298.706616, 298.706616, 298.706616, 0.000000, 0.000002, 0.000000, 0.000002, 0.000000, 0.000000, 0.000000, 0.000000, 0.001022, 0.001022, 0.001022, 0.000100, 0.000000, 10.000000, 10.000000, 10.000000, 0.000002, 0.000100, 0.000102, 10.000000, 0.000002, 10.000000, 0.000002, 0.000000, 0.000002, 5000000.000000, 0.001022, 0.000000, 0.001022, 0.000000, 0.000000, 0.000000, 5000000.000000, 9.998978, 0.000100, 10.000000, 0.000100, 0.001022, 0.000100, 0.000000, 0.000010, 100000.000000, 0.500000, 100000.000000, 0.000000, 0.001022, 0.000100, 10.000000, 0.000102, 293.150000, -0.555662, 293.150000, -5.556616, -0.555662, 293.150000, -0.555662, 298.706616, -0.555662, 0.100000, 0.001022, 0.000100, 0.001022, 0.000100, 0.000000, 0.000100, 298.706616, 0.000000, 10.000000, 293.150000, 0.004000, 10.222265, 10.000000, 0.000102, 10.000000, 0.000102, 0.000000, 0.000102, 10.000000, 298.706616, 298.706616, 0.000000, 25.000000, 25.556616, -0.555662, 0.070662, 0.000000, 0.000100
3.3, 0.000000, 0.000000, 0.000100, 0.000102, 0.000000, -0.000002, 298.596588, 298.596588, 298.596588, -0.544659, 0.000000, 0.000000, 298.596588, 0.100000, 298.000000, 29.859659, 298.596588, 0.000000, 298.150000, 2.000000, 298.150000, 4.166670, 8.000000, 16.000000, 298.150000, 298.150000, 298.150000, 298.150000, 298.596588, 298.596588, 298.596588, 0.000000, 0.000002, 0.000000, 0.000002, 0.000000, 0.000000, 0.000000, 0.000000, 0.001022, 0.001022, 0.001022, 0.000100, 0.000000, 10.000000, 10.000000, 10.000000, 0.000002, 0.000100, 0.000102, 10.000000, 0.000002, 10.000000, 0.000002, 0.000000, 0.000002, 5000000.000000, 0.001022, 0.000000, 0.001022, 0.000000, 0.000000, 0.000000, 5000000.000000, 9.998978, 0.000100, 10.000000, 0.000100, 0.001022, 0.000100, 0.000000, 0.000010, 100000.000000, 0.500000, 100000.000000, 0.000000, 0.001022, 0.000100, 10.000000, 0.000102, 293.150000, -0.544659, 293.150000, -5.446588, -0.544659, 293.150000, -0.544659, 298.596588, -0.544659, 0.100000, 0.001022, 0.000100, 0.001022, 0.000100, 0.000000, 0.000100, 298.596588, 0.000000, 10.000000, 293.150000, 0.004000, 10.217864, 10.000000, 0.000102, 10.000000, 0.000102, 0.000000, 0.000102, 10.000000, 298.596588, 298.596588, 0.000000, 25.000000, 25.446588, -0.544659, 0.059659, 0.000000, 0.000100
3.32, 0.000000, 0.000000, 0.000100, 0.000102, 0.000000, -0.000002, 298.488738, 298.488738, 298.488738, -0.533874, 0.000000, 0.000000, 298.488738, 0.100000, 298.000000, 29.848874, 298.488738, 0.000000, 298.150000, 2.000000, 298.150000, 4.166670, 8.000000, 16.000000, 298.150000, 298.150000, 298.150000, 298.150000, 298.488738, 298.488738, 298.488738, 0.000000, 0.000002, 0.000000, 0.000002, 0.000000, 0.000000, 0.000000, 0.000000, 0.001021, 0.001021, 0.001021, 0.000100, 0.000000, 10.000000, 10.000000, 10.000000, 0.000002, 0.000100, 0.000102, 10.000000, 0.000002, 10.000000, 0.000002, 0.000000, 0.000002, 5000000.000000, 0.001021, 0.000000, 0.001021, 0.000000, 0.000000, 0.000000, 5000000.000000, 9.998979, 0.000100, 10.000000, 0.000100, 0.001021, 0.000100, 0.000000, 0.000010, 100000.000000, 0.500000, 100000.000000, 0.000000, 0.001021, 0.000100, 10.000000, 0.000102, 293.150000, -0.533874, 293.150000, -5.338738, -0.533874, 293.150000, -0.533874, 298.488738, -0.533874, 0.100000, 0.001021, 0.000100, 0.001021, 0.000100, 0.000000, 0.000100, 298.488738, 0.000000, 10.000000, 293.150000, 0.004000, 10.213550, 10.000000, 0.000102, 10.000000, 0.000102, 0.000000, 0.000102, 10.000000, 298.488738, 298.488738, 0.000000, 25.000000, 25.338738, -0.533874, 0.048874, 0.000000, 0.000100
3.34, 0.000000, 0.000000, 0.000100, 0.000102, 0.000000, -0.000002, 298.383024, 298.383024, 298.383024, -0.523302, 0.000000, 0.000000, 298.383024, 0.100000, 298.000000, 29.838302, 298.383024, 0.000000, 298.150000, 2.000000, 298.150000, 4.166670, 8.000000, 16.000000, 298.150000, 298.150000, 298.150000, 298.150000, 298.383024, 298.383024, 298.383024, 0.000000, 0.000002, 0.000000, 0.000002, 0.000000, 0.000000, 0.000000, 0.000000, 0.001021, 0.001021, 0.001021, 0.000100, 0.000000, 10.000000, 10.000000, 10.000000, 0.000002, 0.000100, 0.000102, 10.000000, 0.000002, 10.000000, 0.000002, 0.000000, 0.000002, 5000000.000000, 0.001021, 0.000000, 0.001021, 0.000000, 0.000000, 0.000000, 5000000.000000, 9.998979, 0.000100, 10.000000, 0.000100, 0.001021, 0.000100, 0.000000, 0.000010, 100000.000000, 0.500000, 100000.000000, 0.000000, 0.001021, 0.000100, 10.000000, 0.000102, 293.150000, -0.523302, 293.150000, -5.233024, -0.523302, 293.150000, -0.523302, 298.383024, -0.523302, 0.100000, 0.001021, 0.000100, 0.001021, 0.000100, 0.000000, 0.000100, 298.383024, 0.000000, 10.000000, 293.150000, 0.004000, 10.209321, 10.000000, 0.000102, 10.000000, 0.000102, 0.000000, 0.000102, 10.000000, 298.383024, 298.383024, 0.000000, 25.000000, 25.233024, -0.523302, 0.038302, 0.000000, 0.000100
3.36, 0.000000, 0.000000, 0.000100, 0.000102, 0.000000, -0.000002, 298.279404, 298.279404, 298.279404, -0.512940, 0.000000, 0.000000, 298.279404, 0.100000, 298.000000, 29.827940, 298.279404, 0.000000, 298.150000, 2.000000, 298.150000, 4.166670, 8.000000, 16.000000, 298.150000, 298.150000, 298.150000, 298.150000, 298.279404, 298.279404, 298.279404, 0.000000, 0.000002, 0.000000, 0.000002, 0.000000, 0.000000, 0.000000, 0.000000, 0.001020, 0.001020, 0.001020, 0.000100, 0.000000, 10.000000, 10.000000, 10.000000, 0.000002, 0.000100, 0.000102, 10.000000, 0.000002, 10.000000, 0.000002, 0.000000, 0.000002, 5000000.000000, 0.001020, 0.000000, 0.001020, 0.000000, 0.000000, 0.000000, 5000000.000000, 9.998980, 0.000100, 10.000000, 0.000100, 0.001020, 0.000100, 0.000000, 0.000010, 100000.000000, 0.500000, 100000.000000, 0.000000, 0.001020, 0.000100, 10.000000, 0.000102, 293.150000, -0.512940, 293.150000, -5.129404, -0.512940, 293.150000, -0.512940, 298.279404, -0.512940, 0.100000, 0.001020, 0.000100, 0.001020, 0.000100, 0.000000, 0.000100, 298.279404, 0.000000, 10.000000, 293.150000, 0.004000, 10.205176, 10.000000, 0.000102, 10.000000, 0.000102, 0.000000, 0.000102, 10.000000, 298.279404, 298.279404, 0.000000, 25.000000, 25.129404, -0.512940, 0.027940, 0.000000, 0.000100
3.38, 0.000000, 0.000000, 0.000100, 0.000102, 0.000000, -0.000002, 298.177835, 298.177835, 298.177835, -0.502783, 0.000000, 0.000000, 298.177835, 0.100000, 298.000000, 29.817783, 298.177835, 0.000000, 298.150000, 2.000000, 298.150000, 4.166670, 8.000000, 16.000000, 298.150000, 298.150000, 298.150000, 298.150000, 298.177835, 298.177835, 298.177835, 0.000000, 0.000002, 0.000000, 0.000002, 0.000000, 0.000000, 0.000000, 0.000000, 0.001020, 0.001020, 0.001020, 0.000100, 0.000000, 10.000000, 10.000000, 10.000000, 0.000002, 0.000100, 0.000102, 10.000000, 0.000002, 10.000000, 0.000002, 0.000000, 0.000002, 5000000.000000, 0.001020, 0.000000, 0.001020, 0.000000, 0.000000, 0.000000, 5000000.000000, 9.998980, 0.000100, 10.000000, 0.000100, 0.001020, 0.000100, 0.000000, 0.000010, 100000.000000, 0.500000, 100000.000000, 0.000000, 0.001020, 0.000100, 10.000000, 0.000102, 293.150000, -0.502783, 293.150000, -5.027835, -0.502783, 293.150000, -0.502783, 298.177835, -0.502783, 0.100000, 0.001020, 0.000100, 0.001020, 0.000100, 0.000000, 0.000100, 298.177835, 0.000000, 10.000000, 293.150000, 0.004000, 10.201113, 10.000000, 0.000102, 10.000000, 0.000102, 0.000000, 0.000102, 10.000000, 298.177835, 298.177835, 0.000000, 25.000000, 25.027835, -0.502783, 0.017783, 0.000000, 0.000100
3.4, 0.000000, 0.000000, 0.000100, 0.000102, 0.000000, -0.000002, 298.078277, 298.078277, 298.078277, -0.492828, 0.000000, 0.000000, 298.078277, 0.100000, 298.000000, 29.807828, 298.078277, 0.000000, 298.150000, 2.000000, 298.150000, 4.166670, 8.000000, 16.000000, 298.150000, 298.150000, 298.150000, 298.150000, 298.078277, 298.078277, 298.078277, 0.000000, 0.000002, 0.000000, 0.000002, 0.000000, 0.000000, 0.000000, 0.000000, 0.001020, 0.001020, 0.001020, 0.000100, 0.000000, 10.000000, 10.000000, 10.000000, 0.000002, 0.000100, 0.000102, 10.000000, 0.000002, 10.000000, 0.000002, 0.000000, 0.000002, 5000000.000000, 0.001020, 0.000000, 0.001020, 0.000000, 0.000000, 0.000000, 5000000.000000, 9.998980, 0.000100, 10.000000, 0.000100, 0.001020, 0.000100, 0.000000, 0.000010, 100000.000000, 0.500000, 100000.000000, 0.000000, 0.001020, 0.000100, 10.000000, 0.000102, 293.150000, -0.492828, 293.150000, -4.928277, -0.492828, 293.150000, -0.492828, 298.078277, -0.492828, 0.100000, 0.001020, 0.000100, 0.001020, 0.000100, 0.000000, 0.000100, 298.078277, 0.000000, 10.000000, 293.150000, 0.004000, 10.197131, 10.000000, 0.000102, 10.000000, 0.000102, 0.000000, 0.000102, 10.000000, 298.078277, 298.078277, 0.000000, 25.000000, 24.928277, -0.492828, 0.007828, 0.000000, 0.000100
3.42, 0.000000, 0.000000, 0.000100, 0.000102, 0.000000, -0.000002, 297.980690, 297.980690, 297.980690, -0.483069, 0.000000, 0.000000, 297.980690, 0.100000, 298.000000, 29.798069, 297.980690, 0.000000, 298.150000, 2.000000, 298.150000, 4.166670, 8.000000, 16.000000, 298.150000, 298.150000, 298.150000, 298.150000, 297.980690, 297.980690, 297.980690, 0.000000, 0.000002, 0.000000, 0.000002, 0.000000, 0.000000, 0.000000, 0.000000, 0.001019, 0.001019, 0.001019, 0.000100, 0.000000, 10.000000, 10.000000, 10.000000, 0.000002, 0.000100, 0.000102, 10.000000, 0.000002, 10.000000, 0.000002, 0.000000, 0.000002, 5000000.000000, 0.001019, 0.000000, 0.001019, 0.000000, 0.000000, 0.000000, 5000000.000000, 9.998981, 0.000100, 10.000000, 0.000100, 0.001019, 0.000100, 0.000000, 0.000010, 100000.000000, 0.500000, 100000.000000, 0.000000, 0.001019, 0.000100, 10.000000, 0.000102, 293.150000, -0.483069, 293.150000, -4.830690, -0.483069, 293.150000, -0.483069, 297.980690, -0.483069, 0.100000, 0.001019, 0.000100, 0.001019, 0.000100, 0.000000, 0.000100, 297.980690, 0.000000, 10.000000, 293.150000, 0.004000, 10.193228, 10.000000, 0.000102, 10.000000, 0.000102, 0.000000, 0.000102, 10.000000, 297.980690, 297.980690, 0.000000, 25.000000, 24.830690, -0.483069, -0.001931, 0.000000, 0.000100
3.44, 0.000000, 0.000000, 0.000100, 0.000102, 0.000000, -0.000002, 297.885036, 297.885036, 297.885036, -0.473504, 0.000000, 0.000000, 297.885036, 0.100000, 298.000000, 29.788504, 297.885036, 0.000000, 298.150000, 2.000000, 298.150000, 4.166670, 8.000000, 16.000000, 298.150000, 298.150000, 298.150000, 298.150000, 297.885036, 297.885036, 297.885036, 0.000000, 0.000002, 0.000000, 0.000002, 0.000000, 0.000000, 0.000000, 0.000000, 0.001019, 0.001019, 0.001019, 0.000100, 0.000000, 10.000000, 10.000000, 10.000000, 0.000002, 0.000100, 0.000102, 10.000000, 0.000002, 10.000000, 0.000002, 0.000000, 0.000002, 5000000.000000, 0.001019, 0.000000, 0.001019, 0.000000, 0.000000, 0.000000, 5000000.000000, 9.998981, 0.000100, 10.000000, 0.000100, 0.001019, 0.000100, 0.000000, 0.000010, 100000.000000, 0.500000, 100000.000000, 0.000000, 0.001019, 0.000100, 10.000000, 0.000102, 293.150000, -0.473504, 293.150000, -4.735036, -0.473504, 293.150000, -0.473504, 297.885036, -0.473504, 0.100000, 0.001019, 0.000100, 0.001019, 0.000100, 0.000000, 0.000100, 297.885036, 0.000000, 10.000000, 293.150000, 0.004000, 10.189401, 10.000000, 0.000102, 10.000000, 0.000102, 0.000000, 0.000102, 10.000000, 297.885036, 297.885036, 0.000000, 25.000000, 24.735036, -0.473504, -0.011496, 0.000000, 0.000100
3.46, 0.000000, 0.000000, 0.000100, 0.000102, 0.000000, -0.000002, 297.791276, 297.791276, 297.791276, -0.464128, 0.000000, 0.000000, 297.791276, 0.100000, 298.000000, 29.779128, 297.791276, 0.000000, 298.150000, 2.000000, 298.150000, 4.166670, 8.000000, 16.000000, 298.150000, 298.150000, 298.150000, 298.150000, 297.791276, 297.791276, 297.791276, 0.000000, 0.000002, 0.000000, 0.000002, 0.000000, 0.000000, 0.000000, 0.000000, 0.001018, 0.001018, 0.001018, 0.000100, 0.000000, 10.000000, 10.000000, 10.000000, 0.000002, 0.000100, 0.000102, 10.000000, 0.000002, 10.000000, 0.000002, 0.000000, 0.000002, 5000000.000000, 0.001018, 0.000000, 0.001018, 0.000000, 0.000000, 0.000000, 5000000.000000, 9.998982, 0.000100, 10.000000, 0.000100, 0.001018, 0.000100, 0.000000, 0.000010, 100000.000000, 0.500000, 100000.000000, 0.000000, 0.001018, 0.000100, 10.000000, 0.000102, 293.150000, -0.464128, 293.150000, -4.641276, -0.464128, 293.150000, -0.464128, 297.791276, -0.464128, 0.100000, 0.001018, 0.000100, 0.001018, 0.000100, 0.000000, 0.000100, 297.791276, 0.000000, 10.000000, 293.150000, 0.004000, 10.185651, 10.000000, 0.000102, 10.000000, 0.000102, 0.000000, 0.000102, 10.000000, 297.791276, 297.791276, 0.000000, 25.000000, 24.641276, -0.464128, -0.020872, 0.000000, 0.000100
3.48, 0.000000, 0.000000, 0.000100, 0.000102, 0.000000, -0.000002, 297.699373, 297.699373, 297.699373, -0.454937, 0.000000, 0.000000, 297.699373, 0.100000, 298.000000, 29.769937, 297.699373, 0.000000, 298.150000, 2.000000, 298.150000, 4.166670, 8.000000, 16.000000, 298.150000, 298.150000, 298.150000, 298.150000, 297.699373, 297.699373, 297.699373, 0.000000, 0.000002, 0.000000, 0.000002, 0.000000, 0.000000, 0.000000, 0.000000, 0.001018, 0.001018, 0.001018, 0.000100, 0.000000, 10.000000, 10.000000, 10.000000, 0.000002, 0.000100, 0.000102, 10.000000, 0.000002, 10.000000, 0.000002, 0.000000, 0.000002, 5000000.000000, 0.001018, 0.000000, 0.001018, 0.000000, 0.000000, 0.000000, 5000000.000000, 9.998982, 0.000100, 10.000000, 0.000100, 0.001018, 0.000100, 0.000000, 0.000010, 100000.000000, 0.500000, 100000.000000, 0.000000, 0.001018, 0.000100, 10.000000, 0.000102, 293.150000, -0.454937, 293.150000, -4.549373, -0.454937, 293.150000, -0.454937, 297.699373, -0.454937, 0.100000, 0.001018, 0.000100, 0.001018, 0.000100, 0.000000, 0.000100, 297.699373, 0.000000, 10.000000, 293.150000, 0.004000, 10.181975, 10.000000, 0.000102, 10.000000, 0.000102, 0.000000, 0.000102, 10.000000, 297.699373, 297.699373, 0.000000, 25.000000, 24.549373, -0.454937, -0.030063, 0.000000, 0.000100
3.5, 0.000000, 0.000000, 0.000100, 0.000102, 0.000000, -0.000002, 297.609289, 297.609289, 297.609289, -0.445929, 0.000000, 0.000000, 297.609289, 0.100000, 298.000000, 29.760929, 297.609289, 0.000000, 298.150000, 2.000000, 298.150000, 4.166670, 8.000000, 16.000000, 298.150000, 298.150000, 298.150000, 298.150000, 297.609289, 297.609289, 297.609289, 0.000000, 0.000002, 0.000000, 0.000002, 0.000000, 0.000000, 0.000000, 0.000000, 0.001018, 0.001018, 0.001018, 0.000100, 0.000000, 10.000000, 10.000000, 10.000000, 0.000002, 0.000100, 0.000102, 10.000000, 0.000002, 10.000000, 0.000002, 0.000000, 0.000002, 5000000.000000, 0.001018, 0.000000, 0.001018, 0.000000, 0.000000, 0.000000, 5000000.000000, 9.998982, 0.000100, 10.000000, 0.000100, 0.001018, 0.000100, 0.000000, 0.000010, 100000.000000, 0.500000, 100000.000000, 0.000000, 0.001018, 0.000100, 10.000000, 0.000102, 293.150000, -0.445929, 293.150000, -4.459289, -0.445929, 293.150000, -0.445929, 297.609289, -0.445929, 0.100000, 0.001018, 0.000100, 0.001018, 0.000100, 0.000000, 0.000100, 297.609289, 0.000000, 10.000000, 293.150000, 0.004000, 10.178372, 10.000000, 0.000102, 10.000000, 0.000102, 0.000000, 0.000102, 10.000000, 297.609289, 297.609289, 0.000000, 25.000000, 24.459289, -0.445929, -0.039071, 0.000000, 0.000100
3.52, 0.000000, 0.000000, 0.000100, 0.000102, 0.000000, -0.000002, 297.520990, 297.520990, 297.520990, -0.437099, 0.000000, 0.000000, 297.520990, 0.100000, 298.000000, 29.752099, 297.520990, 0.000000, 298.150000, 2.000000, 298.150000, 4.166670, 8.000000, 16.000000, 298.150000, 298.150000, 298.150000, 298.150000, 297.520990, 297.520990, 297.520990, 0.000000, 0.000002, 0.000000, 0.000002, 0.000000, 0.000000, 0.000000, 0.000000, 0.001017, 0.001017, 0.001017, 0.000100, 0.000000, 10.000000, 10.000000, 10.000000, 0.000002, 0.000100, 0.000102, 10.000000, 0.000002, 10.000000, 0.000002, 0.000000, 0.000002, 5000000.000000, 0.001017, 0.000000, 0.001017, 0.000000, 0.000000, 0.000000, 5000000.000000, 9.998983, 0.000100, 10.000000, 0.000100, 0.001017, 0.000100, 0.000000, 0.000010, 100000.000000, 0.500000, 100000.000000, 0.000000, 0.001017, 0.000100, 10.000000, 0.000102, 293.150000, -0.437099, 293.150000, -4.370990, -0.437099, 293.150000, -0.437099, 297.520990, -0.437099, 0.100000, 0.001017, 0.000100, 0.001017, 0.000100, 0.000000, 0.000100, 297.520990, 0.000000, 10.000000, 293.150000, 0.004000, 10.174840, 10.000000, 0.000102, 10.000000, 0.000102, 0.000000, 0.000102, 10.000000, 297.520990, 297.520990, 0.000000, 25.000000, 24.370990, -0.437099, -0.047901, 0.000000, 0.000100
3.54, 0.000000, 0.000000, 0.000100, 0.000102, 0.000000, -0.000002, 297.434438, 297.434438, 297.434438, -0.428444, 0.000000, 0.000000, 297.434438, 0.100000, 298.000000, 29.743444, 297.434438, 0.000000, 298.150000, 2.000000, 298.150000, 4.166670, 8.000000, 16.000000, 298.150000, 298.150000, 298.150000, 298.150000, 297.434438, 297.434438, 297.434438, 0.000000, 0.000002, 0.000000, 0.000002, 0.000000, 0.000000, 0.000000, 0.000000, 0.001017, 0.001017, 0.001017, 0.000100, 0.000000, 10.000000, 10.000000, 10.000000, 0.000002, 0.000100, 0.000102, 10.000000, 0.000002, 10.000000, 0.000002, 0.000000, 0.000002, 5000000.000000, 0.001017, 0.000000, 0.001017, 0.000000, 0.000000, 0.000000, 5000000.000000, 9.998983, 0.000100, 10.000000, 0.000100, 0.001017, 0.000100, 0.000000, 0.000010, 100000.000000, 0.500000, 100000.000000, 0.000000, 0.001017, 0.000100, 10.000000, 0.000102, 293.150000, -0.428444, 293.150000, -4.284438, -0.428444, 293.150000, -0.428444, 297.434438, -0.428444, 0.100000, 0.001017, 0.000100, 0.001017, 0.000100, 0.000000, 0.000100, 297.434438, 0.000000, 10.000000, 293.150000, 0.004000, 10.171378, 10.000000, 0.000102, 10.000000, 0.000102, 0.000000, 0.000102, 10.000000, 297.434438, 297.434438, 0.000000, 25.000000, 24.284438, -0.428444, -0.056556, 0.000000, 0.000100
3.56, 0.000000, 0.000000, 0.000100, 0.000102, 0.000000, -0.000002, 297.349601, 297.349601, 297.349601, -0.419960, 0.000000, 0.000000, 297.349601, 0.100000, 298.000000, 29.734960, 297.349601, 0.000000, 298.150000, 2.000000, 298.150000, 4.166670, 8.000000, 16.000000, 298.150000, 298.150000, 298.150000, 298.150000, 297.349601, 297.349601, 297.349601, 0.000000, 0.000002, 0.000000, 0.000002, 0.000000, 0.000000, 0.000000, 0.000000, 0.001017, 0.001017, 0.001017, 0.000100, 0.000000, 10.000000, 10.000000, 10.000000, 0.000002, 0.000100, 0.000102, 10.000000, 0.000002, 10.000000, 0.000002, 0.000000, 0.000002, 5000000.000000, 0.001017, 0.000000, 0.001017, 0.000000, 0.000000, 0.000000, 5000000.000000, 9.998983, 0.000100, 10.000000, 0.000100, 0.001017, 0.000100, 0.000000, 0.000010, 100000.000000, 0.500000, 100000.000000, 0.000000, 0.001017, 0.000100, 10.000000, 0.000102, 293.150000, -0.419960, 293.150000, -4.199601, -0.419960, 293.150000, -0.419960, 297.349601, -0.419960, 0.100000, 0.001017, 0.000100, 0.001017, 0.000100, 0.000000, 0.000100, 297.349601, 0.000000, 10.000000, 293.150000, 0.004000, 10.167984, 10.000000, 0.000102, 10.000000, 0.000102, 0.000000, 0.000102, 10.000000, 297.349601, 297.349601, 0.000000, 25.000000, 24.199601, -0.419960, -0.065040, 0.000000, 0.000100
3.58, 0.000000, 0.000000, 0.000100, 0.000102, 0.000000, -0.000002, 297.266443, 297.266443, 297.266443, -0.411644, 0.000000, 0.000000, 297.266443, 0.100000, 298.000000, 29.726644, 297.266443, 0.000000, 298.150000, 2.000000, 298.150000, 4.166670, 8.000000, 16.000000, 298.150000, 298.150000, 298.150000, 298.150000, 297.266443, 297.266443, 297.266443, 0.000000, 0.000002, 0.000000, 0.000002, 0.000000, 0.000000, 0.000000, 0.000000, 0.001016, 0.001016, 0.001016, 0.000100, 0.000000, 10.000000, 10.000000, 10.000000, 0.000002, 0.000100, 0.000102, 10.000000, 0.000002, 10.000000, 0.000002, 0.000000, 0.000002, 5000000.000000, 0.001016, 0.000000, 0.001016, 0.000000, 0.000000, 0.000000, 5000000.000000, 9.998984, 0.000100, 10.000000, 0.000100, 0.001016, 0.000100, 0.000000, 0.000010, 100000.000000, 0.500000, 100000.000000, 0.000000, 0.001016, 0.000100, 10.000000, 0.000102, 293.150000, -0.411644, 293.150000, -4.116443, -0.411644, 293.150000, -0.411644, 297.266443, -0.411644, 0.100000, 0.001016, 0.000100, 0.001016, 0.000100, 0.000000, 0.000100, 297.266443, 0.000000, 10.000000, 293.150000, 0.004000, 10.164658, 10.000000, 0.000102, 10.000000, 0.000102, 0.000000, 0.000102, 10.000000, 297.266443, 297.266443, 0.000000, 25.000000, 24.116443, -0.411644, -0.073356, 0.000000, 0.000100
3.6, 0.000000, 0.000000, 0.000100, 0.000102, 0.000000, -0.000002, 297.184932, 297.184932, 297.184932, -0.403493, 0.000000, 0.000000, 297.184932, 0.100000, 298.000000, 29.718493, 297.184932, 0.000000, 298.150000, 2.000000, 298.150000, 4.166670, 8.000000, 16.000000, 298.150000, 298.150000, 298.150000, 298.150000, 297.184932, 297.184932, 297.184932, 0.000000, 0.000002, 0.000000, 0.000002, 0.000000, 0.000000, 0.000000, 0.000000, 0.001016, 0.001016, 0.001016, 0.000100, 0.000000, 10.000000, 10.000000, 10.000000, 0.000002, 0.000100, 0.000102, 10.000000, 0.000002, 10.000000, 0.000002, 0.000000, 0.000002, 5000000.000000, 0.001016, 0.000000, 0.001016, 0.000000, 0.000000, 0.000000, 5000000.000000, 9.998984, 0.000100, 10.000000, 0.000100, 0.001016, 0.000100, 0.000000, 0.000010, 100000.000000, 0.500000, 100000.000000, 0.000000, 0.001016, 0.000100, 10.000000, 0.000102, 293.150000, -0.403493, 293.150000, -4.034932, -0.403493, 293.150000, -0.403493, 297.184932, -0.403493, 0.100000, 0.001016, 0.000100, 0.001016, 0.000100, 0.000000, 0.000100, 297.184932, 0.000000, 10.000000, 293.150000, 0.004000, 10.161397, 10.000000, 0.000102, 10.000000, 0.000102, 0.000000, 0.000102, 10.000000, 297.184932, 297.184932, 0.000000, 25.000000, 24.034932, -0.403493, -0.081507, 0.000000, 0.000100
3.62, 0.000000, 0.000000, 0.980166, 0.980170, 0.000000, -0.000004, 298.208669, 298.208669, 298.208669, -0.505867, 0.000000, 9.801647, 298.208669, 0.100000, 298.000000, 29.820867, 298.208669, 1.000000, 298.150000, 2.000000, 298.150000, 4.166670, 8.000000, 16.000000, 298.150000, 298.150000, 298.150000, 298.150000, 298.208669, 298.208669, 298.208669, 0.000000, 0.000002, 0.000000, 0.000002, 0.000000, 0.000002, 0.000000, 0.000002, 9.999990, 9.999990, 9.999990, 0.980166, 0.000002, 10.000000, 10.000000, 10.000000, 0.000002, 0.980168, 0.980170, 10.000000, 0.000002, 10.000000, 0.000002, 0.000000, 0.000002, 5000000.000000, 9.999990, 0.000002, 9.999990, 0.000002, 0.000000, 0.000002, 5000000.000000, 0.000010, 0.980168, 10.000000, 0.980168, 9.999990, 0.980168, 1.000000, 0.000010, 100000.000000, 0.500000, 0.000010, 1.000000, 9.999990, 0.980166, 10.000000, 0.980170, 293.150000, -0.505867, 293.150000, -5.058669, -0.505867, 293.150000, -0.505867, 298.208669, -0.505867, 0.100000, 9.999990, 0.980166, 9.999990, 0.980166, 0.000000, 0.980166, 298.208669, 9.801647, 10.000000, 293.150000, 0.004000, 10.202347, 10.000000, 0.980170, 10.000000, 0.980170, 0.000000, 0.980170, 10.000000, 298.208669, 298.208669, 0.000000, 25.000000, 25.058669, 9.295780, 0.020867, 0.000000, 0.980168
3.64, 0.000000, 0.000000, 0.000100, 0.000102, 0.000000, -0.000002, 299.091666, 299.091666, 299.091666, -0.594167, 0.000000, 0.000000, 299.091666, 0.100000, 298.000000, 29.909167, 299.091666, 0.000000, 298.150000, 2.000000, 298.150000, 4.166670, 8.000000, 16.000000, 298.150000, 298.150000, 298.150000, 298.150000, 299.091666, 299.091666, 299.091666, 0.000000, 0.000002, 0.000000, 0.000002, 0.000000, 0.000000, 0.000000, 0.000000, 0.001024, 0.001024, 0.001024, 0.000100, 0.000000, 10.000000, 10.000000, 10.000000, 0.000002, 0.000100, 0.000102, 10.000000, 0.000002, 10.000000, 0.000002, 0.000000, 0.000002, 5000000.000000, 0.001024, 0.000000, 0.001024, 0.000000, 0.000000, 0.000000, 5000000.000000, 9.998976, 0.000100, 10.000000, 0.000100, 0.001024, 0.000100, 0.000000, 0.000010, 100000.000000, 0.500000, 100000.000000, 0.000000, 0.001024, 0.000100, 10.000000, 0.000102, 293.150000, -0.594167, 293.150000, -5.941666, -0.594167, 293.150000, -0.594167, 299.091666, -0.594167, 0.100000, 0.001024, 0.000100, 0.001024, 0.000100, 0.000000, 0.000100, 299.091666, 0.000000, 10.000000, 293.150000, 0.004000, 10.237667, 10.000000, 0.000102, 10.000000, 0.000102, 0.000000, 0.000102, 10.000000, 299.091666, 299.091666, 0.000000, 25.000000, 25.941666, -0.594166, 0.109167, 0.000000, 0.000100
3.66, 0.000000, 0.000000, 0.000100, 0.000102, 0.000000, -0.000002, 298.974013, 298.974013, 298.974013, -0.582401, 0.000000, 0.000000, 298.974013, 0.100000, 298.000000, 29.897401, 298.974013, 0.000000, 298.150000, 2.000000, 298.150000, 4.166670, 8.000000, 16.000000, 298.150000, 298.150000, 298.150000, 298.150000, 298.974013, 298.974013, 298.974013, 0.000000, 0.000002, 0.000000, 0.000002, 0.000000, 0.000000, 0.000000, 0.000000, 0.001023, 0.001023, 0.001023, 0.000100, 0.000000, 10.000000, 10.000000, 10.000000, 0.000002, 0.000100, 0.000102, 10.000000, 0.000002, 10.000000, 0.000002, 0.000000, 0.000002, 5000000.000000, 0.001023, 0.000000, 0.001023, 0.000000, 0.000000, 0.000000, 5000000.000000, 9.998977, 0.000100, 10.000000, 0.000100, 0.001023, 0.000100, 0.000000, 0.000010, 100000.000000, 0.500000, 100000.000000, 0.000000, 0.001023, 0.000100, 10.000000, 0.000102, 293.150000, -0.582401, 293.150000, -5.824013, -0.582401, 293.150000, -0.582401, 298.974013, -0.582401, 0.100000, 0.001023, 0.000100, 0.001023, 0.000100, 0.000000, 0.000100, 298.974013, 0.000000, 10.000000, 293.150000, 0.004000, 10.232961, 10.000000, 0.000102, 10.000000, 0.000102, 0.000000, 0.000102, 10.000000, 298.974013, 298.974013, 0.000000, 25.000000, 25.824013, -0.582401, 0.097401, 0.000000, 0.000100
3.68, 0.000000, 0.000000, 0.000100, 0.000102, 0.000000, -0.000002, 298.858690, 298.858690, 298.858690, -0.570869, 0.000000, 0.000000, 298.858690, 0.100000, 298.000000, 29.885869, 298.858690, 0.000000, 298.150000, 2.000000, 298.150000, 4.166670, 8.000000, 16.000000, 298.150000, 298.150000, 298.150000, 298.150000, 298.858690, 298.858690, 298.858690, 0.000000, 0.000002, 0.000000, 0.000002, 0.000000, 0.000000, 0.000000, 0.000000, 0.001023, 0.001023, 0.001023, 0.000100, 0.000000, 10.000000, 10.000000, 10.000000, 0.000002, 0.000100, 0.000102, 10.000000, 0.000002, 10.000000, 0.000002, 0.000000, 0.000002, 5000000.000000, 0.001023, 0.000000, 0.001023, 0.000000, 0.000000, 0.000000, 5000000.000000, 9.998977, 0.000100, 10.000000, 0.000100, 0.001023, 0.000100, 0.000000, 0.000010, 100000.000000, 0.500000, 100000.000000, 0.000000, 0.001023, 0.000100, 10.000000, 0.000102, 293.150000, -0.570869, 293.150000, -5.708690, -0.570869, 293.150000, -0.570869, 298.858690, -0.570869, 0.100000, 0.001023, 0.000100, 0.001023, 0.000100, 0.000000, 0.000100, 298.858690, 0.000000, 10.000000, 293.150000, 0.004000, 10.228348, 10.000000, 0.000102, 10.000000, 0.000102, 0.000000, 0.000102, 10.000000, 298.858690, 298.858690, 0.000000, 25.000000, 25.708690, -0.570869, 0.085869, 0.000000, 0.000100
3.7, 0.000000, 0.000000, 0.000100, 0.000102, 0.000000, -0.000002, 298.745650, 298.745650, 298.745650, -0.559565, 0.000000, 0.000000, 298.745650, 0.100000, 298.000000, 29.874565, 298.745650, 0.000000, 298.150000, 2.000000, 298.150000, 4.166670, 8.000000, 16.000000, 298.150000, 298.150000, 298.150000, 298.150000, 298.745650, 298.745650, 298.745650, 0.000000, 0.000002, 0.000000, 0.000002, 0.000000, 0.000000, 0.000000, 0.000000, 0.001022, 0.001022, 0.001022, 0.000100, 0.000000, 10.000000, 10.000000, 10.000000, 0.000002, 0.000100, 0.000102, 10.000000, 0.000002, 10.000000, 0.000002, 0.000000, 0.000002, 5000000.000000, 0.001022, 0.000000, 0.001022, 0.000000, 0.000000, 0.000000, 5000000.000000, 9.998978, 0.000100, 10.000000, 0.000100, 0.001022, 0.000100, 0.000000, 0.000010, 100000.000000, 0.500000, 100000.000000, 0.000000, 0.001022, 0.000100, 10.000000, 0.000102, 293.150000, -0.559565, 293.150000, -5.595650, -0.559565, 293.150000, -0.559565, 298.745650, -0.559565, 0.100000, 0.001022, 0.000100, 0.001022, 0.000100, 0.000000, 0.000100, 298.745650, 0.000000, 10.000000, 293.150000, 0.004000, 10.223826, 10.000000, 0.000102, 10.000000, 0.000102, 0.000000, 0.000102, 10.000000, 298.745650, 298.745650, 0.000000, 25.000000, 25.595650, -0.559565, 0.074565, 0.000000, 0.000100
3.72, 0.000000, 0.000000, 0.000100, 0.000102, 0.000000, -0.000002, 298.634849, 298.634849, 298.634849, -0.548485, 0.000000, 0.000000, 298.634849, 0.100000, 298.000000, 29.863485, 298.634849, 0.000000, 298.150000, 2.000000, 298.150000, 4.166670, 8.000000, 16.000000, 298.150000, 298.150000, 298.150000, 298.150000, 298.634849, 298.634849, 298.634849, 0.000000, 0.000002, 0.000000, 0.000002, 0.000000, 0.000000, 0.000000, 0.000000, 0.001022, 0.001022, 0.001022, 0.000100, 0.000000, 10.000000, 10.000000, 10.000000, 0.000002, 0.000100, 0.000102, 10.000000, 0.000002, 10.000000, 0.000002, 0.000000, 0.000002, 5000000.000000, 0.001022, 0.000000, 0.001022, 0.000000, 0.000000, 0.000000, 5000000.000000, 9.998978, 0.000100, 10.000000, 0.000100, 0.001022, 0.000100, 0.000000, 0.000010, 100000.000000, 0.500000, 100000.000000, 0.000000, 0.001022, 0.000100, 10.000000, 0.000102, 293.150000, -0.548485, 293.150000, -5.484849, -0.548485, 293.150000, -0.548485, 298.634849, -0.548485, 0.100000, 0.001022, 0.000100, 0.001022, 0.000100, 0.000000, 0.000100, 298.634849, 0.000000, 10.000000, 293.150000, 0.004000, 10.219394, 10.000000, 0.000102, 10.000000, 0.000102, 0.000000, 0.000102, 10.000000, 298.634849, 298.634849, 0.000000, 25.000000, 25.484849, -0.548485, 0.063485, 0.000000, 0.000100
3.74, 0.000000, 0.000000, 0.000100, 0.000102, 0.000000, -0.000002, 298.526241, 298.526241, 298.526241, -0.537624, 0.000000, 0.000000, 298.526241, 0.100000, 298.000000, 29.852624, 298.526241, 0.000000, 298.150000, 2.000000, 298.150000, 4.166670, 8.000000, 16.000000, 298.150000, 298.150000, 298.150000, 298.150000, 298.526241, 298.526241, 298.526241, 0.000000, 0.000002, 0.000000, 0.000002, 0.000000, 0.000000, 0.000000, 0.000000, 0.001021, 0.001021, 0.001021, 0.000100, 0.000000, 10.000000, 10.000000, 10.000000, 0.000002, 0.000100, 0.000102, 10.000000, 0.000002, 10.000000, 0.000002, 0.000000, 0.000002, 5000000.000000, 0.001021, 0.000000, 0.001021, 0.000000, 0.000000, 0.000000, 5000000.000000, 9.998979, 0.000100, 10.000000, 0.000100, 0.001021, 0.000100, 0.000000, 0.000010, 100000.000000, 0.500000, 100000.000000, 0.000000, 0.001021, 0.000100, 10.000000, 0.000102, 293.150000, -0.537624, 293.150000, -5.376241, -0.537624, 293.150000, -0.537624, 298.526241, -0.537624, 0.100000, 0.001021, 0.000100, 0.001021, 0.000100, 0.000000, 0.000100, 298.526241, 0.000000, 10.000000, 293.150000, 0.004000, 10.215050, 10.000000, 0.000102, 10.000000, 0.000102, 0.000000, 0.000102, 10.000000, 298.526241, 298.526241, 0.000000, 25.000000, 25.376241, -0.537624, 0.052624, 0.000000, 0.000100
3.76, 0.000000, 0.000000, 0.000100, 0.000102, 0.000000, -0.000002, 298.419785, 298.419785, 298.419785, -0.526978, 0.000000, 0.000000, 298.419785, 0.100000, 298.000000, 29.841978, 298.419785, 0.000000, 298.150000, 2.000000, 298.150000, 4.166670, 8.000000, 16.000000, 298.150000, 298.150000, 298.150000, 298.150000, 298.419785, 298.419785, 298.419785, 0.000000, 0.000002, 0.000000, 0.000002, 0.000000, 0.000000, 0.000000, 0.000000, 0.001021, 0.001021, 0.001021, 0.000100, 0.000000, 10.000000, 10.000000, 10.000000, 0.000002, 0.000100, 0.000102, 10.000000, 0.000002, 10.000000, 0.000002, 0.000000, 0.000002, 5000000.000000, 0.001021, 0.000000, 0.001021, 0.000000, 0.000000, 0.000000, 5000000.000000, 9.998979, 0.000100, 10.000000, 0.000100, 0.001021, 0.000100, 0.000000, 0.000010, 100000.000000, 0.500000, 100000.000000, 0.000000, 0.001021, 0.000100, 10.000000, 0.000102, 293.150000, -0.526978, 293.150000, -5.269785, -0.526978, 293.150000, -0.526978, 298.419785, -0.526978, 0.100000, 0.001021, 0.000100, 0.001021, 0.000100, 0.000000, 0.000100, 298.419785, 0.000000, 10.000000, 293.150000, 0.004000, 10.210791, 10.000000, 0.000102, 10.000000, 0.000102, 0.000000, 0.000102, 10.000000, 298.419785, 298.419785, 0.000000, 25.000000, 25.269785, -0.526978, 0.041978, 0.000000, 0.000100
3.78, 0.000000, 0.000000, 0.000100, 0.000102, 0.000000, -0.000002, 298.315436, 298.315436, 298.315436, -0.516544, 0.000000, 0.000000, 298.315436, 0.100000, 298.000000, 29.831544, 298.315436, 0.000000, 298.150000, 2.000000, 298.150000, 4.166670, 8.000000, 16.000000, 298.150000, 298.150000, 298.150000, 298.150000, 298.315436, 298.315436, 298.315436, 0.000000, 0.000002, 0.000000, 0.000002, 0.000000, 0.000000, 0.000000, 0.000000, 0.001021, 0.001021, 0.001021, 0.000100, 0.000000, 10.000000, 10.000000, 10.000000, 0.000002, 0.000100, 0.000102, 10.000000, 0.000002, 10.000000, 0.000002, 0.000000, 0.000002, 5000000.000000, 0.001021, 0.000000, 0.001021, 0.000000, 0.000000, 0.000000, 5000000.000000, 9.998979, 0.000100, 10.000000, 0.000100, 0.001021, 0.000100, 0.000000, 0.000010, 100000.000000, 0.500000, 100000.000000, 0.000000, 0.001021, 0.000100, 10.000000, 0.000102, 293.150000, -0.516544, 293.150000, -5.165436, -0.516544, 293.150000, -0.516544, 298.315436, -0.516544, 0.100000, 0.001021, 0.000100, 0.001021, 0.000100, 0.000000, 0.000100, 298.315436, 0.000000, 10.000000, 293.150000, 0.004000, 10.206617, 10.000000, 0.000102, 10.000000, 0.000102, 0.000000, 0.000102, 10.000000, 298.315436, 298.315436, 0.000000, 25.000000, 25.165436, -0.516543, 0.031544, 0.000000, 0.000100
3.8, 0.000000, 0.000000, 0.000100, 0.000102, 0.000000, -0.000002, 298.213154, 298.213154, 298.213154, -0.506315, 0.000000, 0.000000, 298.213154, 0.100000, 298.000000, 29.821315, 298.213154, 0.000000, 298.150000, 2.000000, 298.150000, 4.166670, 8.000000, 16.000000, 298.150000, 298.150000, 298.150000, 298.150000, 298.213154, 298.213154, 298.213154, 0.000000, 0.000002, 0.000000, 0.000002, 0.000000, 0.000000, 0.000000, 0.000000, 0.001020, 0.001020, 0.001020, 0.000100, 0.000000, 10.000000, 10.000000, 10.000000, 0.000002, 0.000100, 0.000102, 10.000000, 0.000002, 10.000000, 0.000002, 0.000000, 0.000002, 5000000.000000, 0.001020, 0.000000, 0.001020, 0.000000, 0.000000, 0.000000, 5000000.000000, 9.998980, 0.000100, 10.000000, 0.000100, 0.001020, 0.000100, 0.000000, 0.000010, 100000.000000, 0.500000, 100000.000000, 0.000000, 0.001020, 0.000100, 10.000000, 0.000102, 293.150000, -0.506315, 293.150000, -5.063154, -0.506315, 293.150000, -0.506315, 298.213154, -0.506315, 0.100000, 0.001020, 0.000100, 0.001020, 0.000100, 0.000000, 0.000100, 298.213154, 0.000000, 10.000000, 293.150000, 0.004000, 10.202526, 10.000000, 0.000102, 10.000000, 0.000102, 0.000000, 0.000102, 10.000000, 298.213154, 298.213154, 0.000000, 25.000000, 25.063154, -0.506315, 0.021315, 0.000000, 0.000100
3.82, 0.000000, 0.000000, 0.000100, 0.000102, 0.000000, -0.000002, 298.112896, 298.112896, 298.112896, -0.496290, 0.000000, 0.000000, 298.112896, 0.100000, 298.000000, 29.811290, 298.112896, 0.000000, 298.150000, 2.000000, 298.150000, 4.166670, 8.000000, 16.000000, 298.150000, 298.150000, 298.150000, 298.150000, 298.112896, 298.112896, 298.112896, 0.000000, 0.000002, 0.000000, 0.000002, 0.000000, 0.000000, 0.000000, 0.000000, 0.001020, 0.001020, 0.001020, 0.000100, 0.000000, 10.000000, 10.000000, 10.000000, 0.000002, 0.000100, 0.000102, 10.000000, 0.000002, 10.000000, 0.000002, 0.000000, 0.000002, 5000000.000000, 0.001020, 0.000000, 0.001020, 0.000000, 0.000000, 0.000000, 5000000.000000, 9.998980, 0.000100, 10.000000, 0.000100, 0.001020, 0.000100, 0.000000, 0.000010, 100000.000000, 0.500000, 100000.000000, 0.000000, 0.001020, 0.000100, 10.000000, 0.000102, 293.150000, -0.496290, 293.150000, -4.962896, -0.496290, 293.150000, -0.496290, 298.112896, -0.496290, 0.100000, 0.001020, 0.000100, 0.001020, 0.000100, 0.000000, 0.000100, 298.112896, 0.000000, 10.000000, 293.150000, 0.004000, 10.198516, 10.000000, 0.000102, 10.000000, 0.000102, 0.000000, 0.000102, 10.000000, 298.112896, 298.112896, 0.000000, 25.000000, 24.962896, -0.496290, 0.011290, 0.000000, 0.000100
3.84, 0.000000, 0.000000, 0.000100, 0.000102, 0.000000, -0.000002, 298.014624, 298.014624, 298.014624, -0.486462, 0.000000, 0.000000, 298.014624, 0.100000, 298.000000, 29.801462, 298.014624, 0.000000, 298.150000, 2.000000, 298.150000, 4.166670, 8.000000, 16.000000, 298.150000, 298.150000, 298.150000, 298.150000, 298.014624, 298.014624, 298.014624, 0.000000, 0.000002, 0.000000, 0.000002, 0.000000, 0.000000, 0.000000, 0.000000, 0.001019, 0.001019, 0.001019, 0.000100, 0.000000, 10.000000, 10.000000, 10.000000, 0.000002, 0.000100, 0.000102, 10.000000, 0.000002, 10.000000, 0.000002, 0.000000, 0.000002, 5000000.000000, 0.001019, 0.000000, 0.001019, 0.000000, 0.000000, 0.000000, 5000000.000000, 9.998981, 0.000100, 10.000000, 0.000100, 0.001019, 0.000100, 0.000000, 0.000010, 100000.000000, 0.500000, 100000.000000, 0.000000, 0.001019, 0.000100, 10.000000, 0.000102, 293.150000, -0.486462, 293.150000, -4.864624, -0.486462, 293.150000, -0.486462, 298.014624, -0.486462, 0.100000, 0.001019, 0.000100, 0.001019, 0.000100, 0.000000, 0.000100, 298.014624, 0.000000, 10.000000, 293.150000, 0.004000, 10.194585, 10.000000, 0.000102, 10.000000, 0.000102, 0.000000, 0.000102, 10.000000, 298.014624, 298.014624, 0.000000, 25.000000, 24.864624, -0.486462, 0.001462, 0.000000, 0.000100
3.86, 0.000000, 0.000000, 0.000100, 0.000102, 0.000000, -0.000002, 297.918298, 297.918298, 297.918298, -0.476830, 0.000000, 0.000000, 297.918298, 0.100000, 298.000000, 29.791830, 297.918298, 0.000000, 298.150000, 2.000000, 298.150000, 4.166670, 8.000000, 16.000000, 298.150000, 298.150000, 298.150000, 298.150000, 297.918298, 297.918298, 297.918298, 0.000000, 0.000002, 0.000000, 0.000002, 0.000000, 0.000000, 0.000000, 0.000000, 0.001019, 0.001019, 0.001019, 0.000100, 0.000000, 10.000000, 10.000000, 10.000000, 0.000002, 0.000100, 0.000102, 10.000000, 0.000002, 10.000000, 0.000002, 0.000000, 0.000002, 5000000.000000, 0.001019, 0.000000, 0.001019, 0.000000, 0.000000, 0.000000, 5000000.000000, 9.998981, 0.000100, 10.000000, 0.000100, 0.001019, 0.000100, 0.000000, 0.000010, 100000.000000, 0.500000, 100000.000000, 0.000000, 0.001019, 0.000100, 10.000000, 0.000102, 293.150000, -0.476830, 293.150000, -4.768298, -0.476830, 293.150000, -0.476830, 297.918298, -0.476830, 0.100000, 0.001019, 0.000100, 0.001019, 0.000100, 0.000000, 0.000100, 297.918298, 0.000000, 10.000000, 293.150000, 0.004000, 10.190732, 10.000000, 0.000102, 10.000000, 0.000102, 0.000000, 0.000102, 10.000000, 297.918298, 297.918298, 0.000000, 25.000000, 24.768298, -0.476830, -0.008170, 0.000000, 0.000100
3.88, 0.000000, 0.000000, 0.000100, 0.000102, 0.000000, -0.000002, 297.823880, 297.823880, 297.823880, -0.467388, 0.000000, 0.000000, 297.823880, 0.100000, 298.000000, 29.782388, 297.823880, 0.000000, 298.150000, 2.000000, 298.150000, 4.166670, 8.000000, 16.000000, 298.150000, 298.150000, 298.150000, 298.150000, 297.823880, 297.823880, 297.823880, 0.000000, 0.000002, 0.000000, 0.000002, 0.000000, 0.000000, 0.000000, 0.000000, 0.001019, 0.001019, 0.001019, 0.000100, 0.000000, 10.000000, 10.000000, 10.000000, 0.000002, 0.000100, 0.000102, 10.000000, 0.000002, 10.000000, 0.000002, 0.000000, 0.000002, 5000000.000000, 0.001019, 0.000000, 0.001019, 0.000000, 0.000000, 0.000000, 5000000.000000, 9.998981, 0.000100, 10.000000, 0.000100, 0.001019, 0.000100, 0.000000, 0.000010, 100000.000000, 0.500000, 100000.000000, 0.000000, 0.001019, 0.000100, 10.000000, 0.000102, 293.150000, -0.467388, 293.150000, -4.673880, -0.467388, 293.150000, -0.467388, 297.823880, -0.467388, 0.100000, 0.001019, 0.000100, 0.001019, 0.000100, 0.000000, 0.000100, 297.823880, 0.000000, 10.000000, 293.150000, 0.004000, 10.186955, 10.000000, 0.000102, 10.000000, 0.000102, 0.000000, 0.000102, 10.000000, 297.823880, 297.823880, 0.000000, 25.000000, 24.673880, -0.467388, -0.017612, 0.000000, 0.000100
3.9, 0.000000, 0.000000, 0.000100, 0.000102, 0.000000, -0.000002, 297.731331, 297.731331, 297.731331, -0.458133, 0.000000, 0.000000, 297.731331, 0.100000, 298.000000, 29.773133, 297.731331, 0.000000, 298.150000, 2.000000, 298.150000, 4.166670, 8.000000, 16.000000, 298.150000, 298.150000, 298.150000, 298.150000, 297.731331, 297.731331, 297.731331, 0.000000, 0.000002, 0.000000, 0.000002, 0.000000, 0.000000, 0.000000, 0.000000, 0.001018, 0.001018, 0.001018, 0.000100, 0.000000, 10.000000, 10.000000, 10.000000, 0.000002, 0.000100, 0.000102, 10.000000, 0.000002, 10.000000, 0.000002, 0.000000, 0.000002, 5000000.000000, 0.001018, 0.000000, 0.001018, 0.000000, 0.000000, 0.000000, 5000000.000000, 9.998982, 0.000100, 10.000000, 0.000100, 0.001018, 0.000100, 0.000000, 0.000010, 100000.000000, 0.500000, 100000.000000, 0.000000, 0.001018, 0.000100, 10.000000, 0.000102, 293.150000, -0.458133, 293.150000, -4.581331, -0.458133, 293.150000, -0.458133, 297.731331, -0.458133, 0.100000, 0.001018, 0.000100, 0.001018, 0.000100, 0.000000, 0.000100, 297.731331, 0.000000, 10.000000, 293.150000, 0.004000, 10.183253, 10.000000, 0.000102, 10.000000, 0.000102, 0.000000, 0.000102, 10.000000, 297.731331, 297.731331, 0.000000, 25.000000, 24.581331, -0.458133, -0.026867, 0.000000, 0.000100
3.92, 0.000000, 0.000000, 0.000100, 0.000102, 0.000000, -0.000002, 297.640614, 297.640614, 297.640614, -0.449061, 0.000000, 0.000000, 297.640614, 0.100000, 298.000000, 29.764061, 297.640614, 0.000000, 298.150000, 2.000000, 298.150000, 4.166670, 8.000000, 16.000000, 298.150000, 298.150000, 298.150000, 298.150000, 297.640614, 297.640614, 297.640614, 0.000000, 0.000002, 0.000000, 0.000002, 0.000000, 0.000000, 0.000000, 0.000000, 0.001018, 0.001018, 0.001018, 0.000100, 0.000000, 10.000000, 10.000000, 10.000000, 0.000002, 0.000100, 0.000102, 10.000000, 0.000002, 10.000000, 0.000002, 0.000000, 0.000002, 5000000.000000, 0.001018, 0.000000, 0.001018, 0.000000, 0.000000, 0.000000, 5000000.000000, 9.998982, 0.000100, 10.000000, 0.000100, 0.001018, 0.000100, 0.000000, 0.000010, 100000.000000, 0.500000, 100000.000000, 0.000000, 0.001018, 0.000100, 10.000000, 0.000102, 293.150000, -0.449061, 293.150000, -4.490614, -0.449061, 293.150000, -0.449061, 297.640614, -0.449061, 0.100000, 0.001018, 0.000100, 0.001018, 0.000100, 0.000000, 0.000100, 297.640614, 0.000000, 10.000000, 293.150000, 0.004000, 10.179625, 10.000000, 0.000102, 10.000000, 0.000102, 0.000000, 0.000102, 10.000000, 297.640614, 297.640614, 0.000000, 25.000000, 24.490614, -0.449061, -0.035939, 0.000000, 0.000100
3.94, 0.000000, 0.000000, 0.000100, 0.000102, 0.000000, -0.000002, 297.551694, 297.551694, 297.551694, -0.440169, 0.000000, 0.000000, 297.551694, 0.100000, 298.000000, 29.755169, 297.551694, 0.000000, 298.150000, 2.000000, 298.150000, 4.166670, 8.000000, 16.000000, 298.150000, 298.150000, 298.150000, 298.150000, 297.551694, 297.551694, 297.551694, 0.000000, 0.000002, 0.000000, 0.000002, 0.000000, 0.000000, 0.000000, 0.000000, 0.001018, 0.001018, 0.001018, 0.000100, 0.000000, 10.000000, 10.000000, 10.000000, 0.000002, 0.000100, 0.000102, 10.000000, 0.000002, 10.000000, 0.000002, 0.000000, 0.000002, 5000000.000000, 0.001018, 0.000000, 0.001018, 0.000000, 0.000000, 0.000000, 5000000.000000, 9.998982, 0.000100, 10.000000, 0.000100, 0.001018, 0.000100, 0.000000, 0.000010, 100000.000000, 0.500000, 100000.000000, 0.000000, 0.001018, 0.000100, 10.000000, 0.000102, 293.150000, -0.440169, 293.150000, -4.401694, -0.440169, 293.150000, -0.440169, 297.551694, -0.440169, 0.100000, 0.001018, 0.000100, 0.001018, 0.000100, 0.000000, 0.000100, 297.551694, 0.000000, 10.000000, 293.150000, 0.004000, 10.176068, 10.000000, 0.000102, 10.000000, 0.000102, 0.000000, 0.000102, 10.000000, 297.551694, 297.551694, 0.000000, 25.000000, 24.401694, -0.440169, -0.044831, 0.000000, 0.000100
3.96, 0.000000, 0.000000, 0.000100, 0.000102, 0.000000, -0.000002, 297.464535, 297.464535, 297.464535, -0.431453, 0.000000, 0.000000, 297.464535, 0.100000, 298.000000, 29.746453, 297.464535, 0.000000, 298.150000, 2.000000, 298.150000, 4.166670, 8.000000, 16.000000, 298.150000, 298.150000, 298.150000, 298.150000, 297.464535, 297.464535, 297.464535, 0.000000, 0.000002, 0.000000, 0.000002, 0.000000, 0.000000, 0.000000, 0.000000, 0.001017, 0.001017, 0.001017, 0.000100, 0.000000, 10.000000, 10.000000, 10.000000, 0.000002, 0.000100, 0.000102, 10.000000, 0.000002, 10.000000, 0.000002, 0.000000, 0.000002, 5000000.000000, 0.001017, 0.000000, 0.001017, 0.000000, 0.000000, 0.000000, 5000000.000000, 9.998983, 0.000100, 10.000000, 0.000100, 0.001017, 0.000100, 0.000000, 0.000010, 100000.000000, 0.500000, 100000.000000, 0.000000, 0.001017, 0.000100, 10.000000, 0.000102, 293.150000, -0.431453, 293.150000, -4.314535, -0.431453, 293.150000, -0.431453, 297.464535, -0.431453, 0.100000, 0.001017, 0.000100, 0.001017, 0.000100, 0.000000, 0.000100, 297.464535, 0.000000, 10.000000, 293.150000, 0.004000, 10.172581, 10.000000, 0.000102, 10.000000, 0.000102, 0.000000, 0.000102, 10.000000, 297.464535, 297.464535, 0.000000, 25.000000, 24.314535, -0.431453, -0.053547, 0.000000, 0.000100
3.98, 0.000000, 0.000000, 0.000100, 0.000102, 0.000000, -0.000002, 297.379101, 297.379101, 297.379101, -0.422910, 0.000000, 0.000000, 297.379101, 0.100000, 298.000000, 29.737910, 297.379101, 0.000000, 298.150000, 2.000000, 298.150000, 4.166670, 8.000000, 16.000000, 298.150000, 298.150000, 298.150000, 298.150000, 297.379101, 297.379101, 297.379101, 0.000000, 0.000002, 0.000000, 0.000002, 0.000000, 0.000000, 0.000000, 0.000000, 0.001017, 0.001017, 0.001017, 0.000100, 0.000000, 10.000000, 10.000000, 10.000000, 0.000002, 0.000100, 0.000102, 10.000000, 0.000002, 10.000000, 0.000002, 0.000000, 0.000002, 5000000.000000, 0.001017, 0.000000, 0.001017, 0.000000, 0.000000, 0.000000, 5000000.000000, 9.998983, 0.000100, 10.000000, 0.000100, 0.001017, 0.000100, 0.000000, 0.000010, 100000.000000, 0.500000, 100000.000000, 0.000000, 0.001017, 0.000100, 10.000000, 0.000102, 293.150000, -0.422910, 293.150000, -4.229101, -0.422910, 293.150000, -0.422910, 297.379101, -0.422910, 0.100000, 0.001017, 0.000100, 0.001017, 0.000100, 0.000000, 0.000100, 297.379101, 0.000000, 10.000000, 293.150000, 0.004000, 10.169164, 10.000000, 0.000102, 10.000000, 0.000102, 0.000000, 0.000102, 10.000000, 297.379101, 297.379101, 0.000000, 25.000000, 24.229101, -0.422910, -0.062090, 0.000000, 0.000100
4, 0.000000, 0.000000, 0.000100, 0.000102, 0.000000, -0.000002, 297.295360, 297.295360, 297.295360, -0.414536, 0.000000, 0.000000, 297.295360, 0.100000, 298.000000, 29.729536, 297.295360, 0.000000, 298.150000, 2.000000, 298.150000, 4.166670, 8.000000, 16.000000, 298.150000, 298.150000, 298.150000, 298.150000, 297.295360, 297.295360, 297.295360, 0.000000, 0.000002, 0.000000, 0.000002, 0.000000, 0.000000, 0.000000, 0.000000, 0.001016, 0.001016, 0.001016, 0.000100, 0.000000, 10.000000, 10.000000, 10.000000, 0.000002, 0.000100, 0.000102, 10.000000, 0.000002, 10.000000, 0.000002, 0.000000, 0.000002, 5000000.000000, 0.001016, 0.000000, 0.001016, 0.000000, 0.000000, 0.000000, 5000000.000000, 9.998984, 0.000100, 10.000000, 0.000100, 0.001016, 0.000100, 0.000000, 0.000010, 100000.000000, 0.500000, 100000.000000, 0.000000, 0.001016, 0.000100, 10.000000, 0.000102, 293.150000, -0.414536, 293.150000, -4.145360, -0.414536, 293.150000, -0.414536, 297.295360, -0.414536, 0.100000, 0.001016, 0.000100, 0.001016, 0.000100, 0.000000, 0.000100, 297.295360, 0.000000, 10.000000, 293.150000, 0.004000, 10.165814, 10.000000, 0.000102, 10.000000, 0.000102, 0.000000, 0.000102, 10.000000, 297.295360, 297.295360, 0.000000, 25.000000, 24.145360, -0.414536, -0.070464, 0.000000, 0.000100
4.02, 0.000000, 0.000000, 0.000100, 0.000102, 0.000000, -0.000002, 297.213276, 297.213276, 297.213276, -0.406328, 0.000000, 0.000000, 297.213276, 0.100000, 298.000000, 29.721328, 297.213276, 0.000000, 298.150000, 2.000000, 298.150000, 4.166670, 8.000000, 16.000000, 298.150000, 298.150000, 298.150000, 298.150000, 297.213276, 297.213276, 297.213276, 0.000000, 0.000002, 0.000000, 0.000002, 0.000000, 0.000000, 0.000000, 0.000000, 0.001016, 0.001016, 0.001016, 0.000100, 0.000000, 10.000000, 10.000000, 10.000000, 0.000002, 0.000100, 0.000102, 10.000000, 0.000002, 10.000000, 0.000002, 0.000000, 0.000002, 5000000.000000, 0.001016, 0.000000, 0.001016, 0.000000, 0.000000, 0.000000, 5000000.000000, 9.998984, 0.000100, 10.000000, 0.000100, 0.001016, 0.000100, 0.000000, 0.000010, 100000.000000, 0.500000, 100000.000000, 0.000000, 0.001016, 0.000100, 10.000000, 0.000102, 293.150000, -0.406328, 293.150000, -4.063276, -0.406328, 293.150000, -0.406328, 297.213276, -0.406328, 0.100000, 0.001016, 0.000100, 0.001016, 0.000100, 0.000000, 0.000100, 297.213276, 0.000000, 10.000000, 293.150000, 0.004000, 10.162531, 10.000000, 0.000102, 10.000000, 0.000102, 0.000000, 0.000102, 10.000000, 297.213276, 297.213276, 0.000000, 25.000000, 24.063276, -0.406328, -0.078672, 0.000000, 0.000100
4.04, 0.000000, 0.000000, 0.982685, 0.982689, 0.000000, -0.000004, 297.554800, 297.554800, 297.554800, -0.440480, 0.000000, 9.826839, 297.554800, 0.100000, 298.000000, 29.755480, 297.554800, 1.000000, 298.150000, 2.000000, 298.150000, 4.166670, 8.000000, 16.000000, 298.150000, 298.150000, 298.150000, 298.150000, 297.554800, 297.554800, 297.554800, 0.000000, 0.000002, 0.000000, 0.000002, 0.000000, 0.000002, 0.000000, 0.000002, 9.999990, 9.999990, 9.999990, 0.982685, 0.000002, 10.000000, 10.000000, 10.000000, 0.000002, 0.982687, 0.982689, 10.000000, 0.000002, 10.000000, 0.000002, 0.000000, 0.000002, 5000000.000000, 9.999990, 0.000002, 9.999990, 0.000002, 0.000000, 0.000002, 5000000.000000, 0.000010, 0.982687, 10.000000, 0.982687, 9.999990, 0.982687, 1.000000, 0.000010, 100000.000000, 0.500000, 0.000010, 1.000000, 9.999990, 0.982685, 10.000000, 0.982689, 293.150000, -0.440480, 293.150000, -4.404800, -0.440480, 293.150000, -0.440480, 297.554800, -0.440480, 0.100000, 9.999990, 0.982685, 9.999990, 0.982685, 0.000000, 0.982685, 297.554800, 9.826839, 10.000000, 293.150000, 0.004000, 10.176192, 10.000000, 0.982689, 10.000000, 0.982689, 0.000000, 0.982689, 10.000000, 297.554800, 297.554800, 0.000000, 25.000000, 24.404800, 9.386359, -0.044520, 0.000000, 0.982687
4.06, 0.000000, 0.000000, 0.000100, 0.000102, 0.000000, -0.000002, 299.133404, 299.133404, 299.133404, -0.598340, 0.000000, 0.000000, 299.133404, 0.100000, 298.000000, 29.913340, 299.133404, 0.000000, 298.150000, 2.000000, 298.150000, 4.166670, 8.000000, 16.000000, 298.150000, 298.150000, 298.150000, 298.150000, 299.133404, 299.133404, 299.133404, 0.000000, 0.000002, 0.000000, 0.000002, 0.000000, 0.000000, 0.000000, 0.000000, 0.001024, 0.001024, 0.001024, 0.000100, 0.000000, 10.000000, 10.000000, 10.000000, 0.000002, 0.000100, 0.000102, 10.000000, 0.000002, 10.000000, 0.000002, 0.000000, 0.000002, 5000000.000000, 0.001024, 0.000000, 0.001024, 0.000000, 0.000000, 0.000000, 5000000.000000, 9.998976, 0.000100, 10.000000, 0.000100, 0.001024, 0.000100, 0.000000, 0.000010, 100000.000000, 0.500000, 100000.000000, 0.000000, 0.001024, 0.000100, 10.000000, 0.000102, 293.150000, -0.598340, 293.150000, -5.983404, -0.598340, 293.150000, -0.598340, 299.133404, -0.598340, 0.100000, 0.001024, 0.000100, 0.001024, 0.000100, 0.000000, 0.000100, 299.133404, 0.000000, 10.000000, 293.150000, 0.004000, 10.239336, 10.000000, 0.000102, 10.000000, 0.000102, 0.000000, 0.000102, 10.000000, 299.133404, 299.133404, 0.000000, 25.000000, 25.983404, -0.598340, 0.113340, 0.000000, 0.000100
4.08, 0.000000, 0.000000, 0.000100, 0.000102, 0.000000, -0.000002, 299.014924, 299.014924, 299.014924, -0.586492, 0.000000, 0.000000, 299.014924, 0.100000, 298.000000, 29.901492, 299.014924, 0.000000, 298.150000, 2.000000, 298.150000, 4.166670, 8.000000, 16.000000, 298.150000, 298.150000, 298.150000, 298.150000, 299.014924, 299.014924, 299.014924, 0.000000, 0.000002, 0.000000, 0.000002, 0.000000, 0.000000, 0.000000, 0.000000, 0.001023, 0.001023, 0.001023, 0.000100, 0.000000, 10.000000, 10.000000, 10.000000, 0.000002, 0.000100, 0.000102, 10.000000, 0.000002, 10.000000, 0.000002, 0.000000, 0.000002, 5000000.000000, 0.001023, 0.000000, 0.001023, 0.000000, 0.000000, 0.000000, 5000000.000000, 9.998977, 0.000100, 10.000000, 0.000100, 0.001023, 0.000100, 0.000000, 0.000010, 100000.000000, 0.500000, 100000.000000, 0.000000, 0.001023, 0.000100, 10.000000, 0.000102, 293.150000, -0.586492, 293.150000, -5.864924, -0.586492, 293.150000, -0.586492, 299.014924, -0.586492, 0.100000, 0.001023, 0.000100, 0.001023, 0.000100, 0.000000, 0.000100, 299.014924, 0.000000, 10.000000, 293.150000, 0.004000, 10.234597, 10.000000, 0.000102, 10.000000, 0.000102, 0.000000, 0.000102, 10.000000, 299.014924, 299.014924, 0.000000, 25.000000, 25.864924, -0.586492, 0.101492, 0.000000, 0.000100
4.1, 0.000000, 0.000000, 0.000100, 0.000102, 0.000000, -0.000002, 298.898791, 298.898791, 298.898791, -0.574879, 0.000000, 0.000000, 298.898791, 0.100000, 298.000000, 29.889879, 298.898791, 0.000000, 298.150000, 2.000000, 298.150000, 4.166670, 8.000000, 16.000000, 298.150000, 298.150000, 298.150000, 298.150000, 298.898791, 298.898791, 298.898791, 0.000000, 0.000002, 0.000000, 0.000002, 0.000000, 0.000000, 0.000000, 0.000000, 0.001023, 0.001023, 0.001023, 0.000100, 0.000000, 10.000000, 10.000000, 10.000000, 0.000002, 0.000100, 0.000102, 10.000000, 0.000002, 10.000000, 0.000002, 0.000000, 0.000002, 5000000.000000, 0.001023, 0.000000, 0.001023, 0.000000, 0.000000, 0.000000, 5000000.000000, 9.998977, 0.000100, 10.000000, 0.000100, 0.001023, 0.000100, 0.000000, 0.000010, 100000.000000, 0.500000, 100000.000000, 0.000000, 0.001023, 0.000100, 10.000000, 0.000102, 293.150000, -0.574879, 293.150000, -5.748791, -0.574879, 293.150000, -0.574879, 298.898791, -0.574879, 0.100000, 0.001023, 0.000100, 0.001023, 0.000100, 0.000000, 0.000100, 298.898791, 0.000000, 10.000000, 293.150000, 0.004000, 10.229952, 10.000000, 0.000102, 10.000000, 0.000102, 0.000000, 0.000102, 10.000000, 298.898791, 298.898791, 0.000000, 25.000000, 25.748791, -0.574879, 0.089879, 0.000000, 0.000100
4.12, 0.000000, 0.000000, 0.000100, 0.000102, 0.000000, -0.000002, 298.784957, 298.784957, 298.784957, -0.563496, 0.000000, 0.000000, 298.784957, 0.100000, 298.000000, 29.878496, 298.784957, 0.000000, 298.150000, 2.000000, 298.150000, 4.166670, 8.000000, 16.000000, 298.150000, 298.150000, 298.150000, 298.150000, 298.784957, 298.784957, 298.784957, 0.000000, 0.000002, 0.000000, 0.000002, 0.000000, 0.000000, 0.000000, 0.000000, 0.001022, 0.001022, 0.001022, 0.000100, 0.000000, 10.000000, 10.000000, 10.000000, 0.000002, 0.000100, 0.000102, 10.000000, 0.000002, 10.000000, 0.000002, 0.000000, 0.000002, 5000000.000000, 0.001022, 0.000000, 0.001022, 0.000000, 0.000000, 0.000000, 5000000.000000, 9.998978, 0.000100, 10.000000, 0.000100, 0.001022, 0.000100, 0.000000, 0.000010, 100000.000000, 0.500000, 100000.000000, 0.000000, 0.001022, 0.000100, 10.000000, 0.000102, 293.150000, -0.563496, 293.150000, -5.634957, -0.563496, 293.150000, -0.563496, 298.784957, -0.563496, 0.100000, 0.001022, 0.000100, 0.001022, 0.000100, 0.000000, 0.000100, 298.784957, 0.000000, 10.000000, 293.150000, 0.004000, 10.225398, 10.000000, 0.000102, 10.000000, 0.000102, 0.000000, 0.000102, 10.000000, 298.784957, 298.784957, 0.000000, 25.000000, 25.634957, -0.563496, 0.078496, 0.000000, 0.000100
4.14, 0.000000, 0.000000, 0.000100, 0.000102, 0.000000, -0.000002, 298.673378, 298.673378, 298.673378, -0.552338, 0.000000, 0.000000, 298.673378, 0.100000, 298.000000, 29.867338, 298.673378, 0.000000, 298.150000, 2.000000, 298.150000, 4.166670, 8.000000, 16.000000, 298.150000, 298.150000, 298.150000, 298.150000, 298.673378, 298.673378, 298.673378, 0.000000, 0.000002, 0.000000, 0.000002, 0.000000, 0.000000, 0.000000, 0.000000, 0.001022, 0.001022, 0.001022, 0.000100, 0.000000, 10.000000, 10.000000, 10.000000, 0.000002, 0.000100, 0.000102, 10.000000, 0.000002, 10.000000, 0.000002, 0.000000, 0.000002, 5000000.000000, 0.001022, 0.000000, 0.001022, 0.000000, 0.000000, 0.000000, 5000000.000000, 9.998978, 0.000100, 10.000000, 0.000100, 0.001022, 0.000100, 0.000000, 0.000010, 100000.000000, 0.500000, 100000.000000, 0.000000, 0.001022, 0.000100, 10.000000, 0.000102, 293.150000, -0.552338, 293.150000, -5.523378, -0.552338, 293.150000, -0.552338, 298.673378, -0.552338, 0.100000, 0.001022, 0.000100, 0.001022, 0.000100, 0.000000, 0.000100, 298.673378, 0.000000, 10.000000, 293.150000, 0.004000, 10.220935, 10.000000, 0.000102, 10.000000, 0.000102, 0.000000, 0.000102, 10.000000, 298.673378, 298.673378, 0.000000, 25.000000, 25.523378, -0.552338, 0.067338, 0.000000, 0.000100
4.16, 0.000000, 0.000000, 0.000100, 0.000102, 0.000000, -0.000002, 298.564008, 298.564008, 298.564008, -0.541401, 0.000000, 0.000000, 298.564008, 0.100000, 298.000000, 29.856401, 298.564008, 0.000000, 298.150000, 2.000000, 298.150000, 4.166670, 8.000000, 16.000000, 298.150000, 298.150000, 298.150000, 298.150000, 298.564008, 298.564008, 298.564008, 0.000000, 0.000002, 0.000000, 0.000002, 0.000000, 0.000000, 0.000000, 0.000000, 0.001022, 0.001022, 0.001022, 0.000100, 0.000000, 10.000000, 10.000000, 10.000000, 0.000002, 0.000100, 0.000102, 10.000000, 0.000002, 10.000000, 0.000002, 0.000000, 0.000002, 5000000.000000, 0.001022, 0.000000, 0.001022, 0.000000, 0.000000, 0.000000, 5000000.000000, 9.998978, 0.000100, 10.000000, 0.000100, 0.001022, 0.000100, 0.000000, 0.000010, 100000.000000, 0.500000, 100000.000000, 0.000000, 0.001022, 0.000100, 10.000000, 0.000102, 293.150000, -0.541401, 293.150000, -5.414008, -0.541401, 293.150000, -0.541401, 298.564008, -0.541401, 0.100000, 0.001022, 0.000100, 0.001022, 0.000100, 0.000000, 0.000100, 298.564008, 0.000000, 10.000000, 293.150000, 0.004000, 10.216560, 10.000000, 0.000102, 10.000000, 0.000102, 0.000000, 0.000102, 10.000000, 298.564008, 298.564008, 0.000000, 25.000000, 25.414008, -0.541401, 0.056401, 0.000000, 0.000100
4.18, 0.000000, 0.000000, 0.000100, 0.000102, 0.000000, -0.000002, 298.456803, 298.456803, 298.456803, -0.530680, 0.000000, 0.000000, 298.456803, 0.100000, 298.000000, 29.845680, 298.456803, 0.000000, 298.150000, 2.000000, 298.150000, 4.166670, 8.000000, 16.000000, 298.150000, 298.150000, 298.150000, 298.150000, 298.456803, 298.456803, 298.456803, 0.000000, 0.000002, 0.000000, 0.000002, 0.000000, 0.000000, 0.000000, 0.000000, 0.001021, 0.001021, 0.001021, 0.000100, 0.000000, 10.000000, 10.000000, 10.000000, 0.000002, 0.000100, 0.000102, 10.000000, 0.000002, 10.000000, 0.000002, 0.000000, 0.000002, 5000000.000000, 0.001021, 0.000000, 0.001021, 0.000000, 0.000000, 0.000000, 5000000.000000, 9.998979, 0.000100, 10.000000, 0.000100, 0.001021, 0.000100, 0.000000, 0.000010, 100000.000000, 0.500000, 100000.000000, 0.000000, 0.001021, 0.000100, 10.000000, 0.000102, 293.150000, -0.530680, 293.150000, -5.306803, -0.530680, 293.150000, -0.530680, 298.456803, -0.530680, 0.100000, 0.001021, 0.000100, 0.001021, 0.000100, 0.000000, 0.000100, 298.456803, 0.000000, 10.000000, 293.150000, 0.004000, 10.212272, 10.000000, 0.000102, 10.000000, 0.000102, 0.000000, 0.000102, 10.000000, 298.456803, 298.456803, 0.000000, 25.000000, 25.306803, -0.530680, 0.045680, 0.000000, 0.000100
4.2, 0.000000, 0.000000, 0.000100, 0.000102, 0.000000, -0.000002, 298.351721, 298.351721, 298.351721, -0.520172, 0.000000, 0.000000, 298.351721, 0.100000, 298.000000, 29.835172, 298.351721, 0.000000, 298.150000, 2.000000, 298.150000, 4.166670, 8.000000, 16.000000, 298.150000, 298.150000, 298.150000, 298.150000, 298.351721, 298.351721, 298.351721, 0.000000, 0.000002, 0.000000, 0.000002, 0.000000, 0.000000, 0.000000, 0.000000, 0.001021, 0.001021, 0.001021, 0.000100, 0.000000, 10.000000, 10.000000, 10.000000, 0.000002, 0.000100, 0.000102, 10.000000, 0.000002, 10.000000, 0.000002, 0.000000, 0.000002, 5000000.000000, 0.001021, 0.000000, 0.001021, 0.000000, 0.000000, 0.000000, 5000000.000000, 9.998979, 0.000100, 10.000000, 0.000100, 0.001021, 0.000100, 0.000000, 0.000010, 100000.000000, 0.500000, 100000.000000, 0.000000, 0.001021, 0.000100, 10.000000, 0.000102, 293.150000, -0.520172, 293.150000, -5.201721, -0.520172, 293.150000, -0.520172, 298.351721, -0.520172, 0.100000, 0.001021, 0.000100, 0.001021, 0.000100, 0.000000, 0.000100, 298.351721, 0.000000, 10.000000, 293.150000, 0.004000, 10.208069, 10.000000, 0.000102, 10.000000, 0.000102, 0.000000, 0.000102, 10.000000, 298.351721, 298.351721, 0.000000, 25.000000, 25.201721, -0.520172, 0.035172, 0.000000, 0.000100
4.22, 0.000000, 0.000000, 0.000100, 0.000102, 0.000000, -0.000002, 298.248720, 298.248720, 298.248720, -0.509872, 0.000000, 0.000000, 298.248720, 0.100000, 298.000000, 29.824872, 298.248720, 0.000000, 298.150000, 2.000000, 298.150000, 4.166670, 8.000000, 16.000000, 298.150000, 298.150000, 298.150000, 298.150000, 298.248720, 298.248720, 298.248720, 0.000000, 0.000002, 0.000000, 0.000002, 0.000000, 0.000000, 0.000000, 0.000000, 0.001020, 0.001020, 0.001020, 0.000100, 0.000000, 10.000000, 10.000000, 10.000000, 0.000002, 0.000100, 0.000102, 10.000000, 0.000002, 10.000000, 0.000002, 0.000000, 0.000002, 5000000.000000, 0.001020, 0.000000, 0.001020, 0.000000, 0.000000, 0.000000, 5000000.000000, 9.998980, 0.000100, 10.000000, 0.000100, 0.001020, 0.000100, 0.000000, 0.000010, 100000.000000, 0.500000, 100000.000000, 0.000000, 0.001020, 0.000100, 10.000000, 0.000102, 293.150000, -0.509872, 293.150000, -5.098720, -0.509872, 293.150000, -0.509872, 298.248720, -0.509872, 0.100000, 0.001020, 0.000100, 0.001020, 0.000100, 0.000000, 0.000100, 298.248720, 0.000000, 10.000000, 293.150000, 0.004000, 10.203949, 10.000000, 0.000102, 10.000000, 0.000102, 0.000000, 0.000102, 10.000000, 298.248720, 298.248720, 0.000000, 25.000000, 25.098720, -0.509872, 0.024872, 0.000000, 0.000100
4.24, 0.000000, 0.000000, 0.000100, 0.000102, 0.000000, -0.000002, 298.147759, 298.147759, 298.147759, -0.499776, 0.000000, 0.000000, 298.147759, 0.100000, 298.000000, 29.814776, 298.147759, 0.000000, 298.150000, 2.000000, 298.150000, 4.166670, 8.000000, 16.000000, 298.150000, 298.150000, 298.150000, 298.150000, 298.147759, 298.147759, 298.147759, 0.000000, 0.000002, 0.000000, 0.000002, 0.000000, 0.000000, 0.000000, 0.000000, 0.001020, 0.001020, 0.001020, 0.000100, 0.000000, 10.000000, 10.000000, 10.000000, 0.000002, 0.000100, 0.000102, 10.000000, 0.000002, 10.000000, 0.000002, 0.000000, 0.000002, 5000000.000000, 0.001020, 0.000000, 0.001020, 0.000000, 0.000000, 0.000000, 5000000.000000, 9.998980, 0.000100, 10.000000, 0.000100, 0.001020, 0.000100, 0.000000, 0.000010, 100000.000000, 0.500000, 100000.000000, 0.000000, 0.001020, 0.000100, 10.000000, 0.000102, 293.150000, -0.499776, 293.150000, -4.997759, -0.499776, 293.150000, -0.499776, 298.147759, -0.499776, 0.100000, 0.001020, 0.000100, 0.001020, 0.000100, 0.000000, 0.000100, 298.147759, 0.000000, 10.000000, 293.150000, 0.004000, 10.199910, 10.000000, 0.000102, 10.000000, 0.000102, 0.000000, 0.000102, 10.000000, 298.147759, 298.147759, 0.000000, 25.000000, 24.997759, -0.499776, 0.014776, 0.000000, 0.000100
4.26, 0.000000, 0.000000, 0.000100, 0.000102, 0.000000, -0.000002, 298.048797, 298.048797, 298.048797, -0.489880, 0.000000, 0.000000, 298.048797, 0.100000, 298.000000, 29.804880, 298.048797, 0.000000, 298.150000, 2.000000, 298.150000, 4.166670, 8.000000, 16.000000, 298.150000, 298.150000, 298.150000, 298.150000, 298.048797, 298.048797, 298.048797, 0.000000, 0.000002, 0.000000, 0.000002, 0.000000, 0.000000, 0.000000, 0.000000, 0.001019, 0.001019, 0.001019, 0.000100, 0.000000, 10.000000, 10.000000, 10.000000, 0.000002, 0.000100, 0.000102, 10.000000, 0.000002, 10.000000, 0.000002, 0.000000, 0.000002, 5000000.000000, 0.001019, 0.000000, 0.001019, 0.000000, 0.000000, 0.000000, 5000000.000000, 9.998981, 0.000100, 10.000000, 0.000100, 0.001019, 0.000100, 0.000000, 0.000010, 100000.000000, 0.500000, 100000.000000, 0.000000, 0.001019, 0.000100, 10.000000, 0.000102, 293.150000, -0.489880, 293.150000, -4.898797, -0.489880, 293.150000, -0.489880, 298.048797, -0.489880, 0.100000, 0.001019, 0.000100, 0.001019, 0.000100, 0.000000, 0.000100, 298.048797, 0.000000, 10.000000, 293.150000, 0.004000, 10.195952, 10.000000, 0.000102, 10.000000, 0.000102, 0.000000, 0.000102, 10.000000, 298.048797, 298.048797, 0.000000, 25.000000, 24.898797, -0.489880, 0.004880, 0.000000, 0.000100
4.28, 0.000000, 0.000000, 0.000100, 0.000102, 0.000000, -0.000002, 297.951794, 297.951794, 297.951794, -0.480179, 0.000000, 0.000000, 297.951794, 0.100000, 298.000000, 29.795179, 297.951794, 0.000000, 298.150000, 2.000000, 298.150000, 4.166670, 8.000000, 16.000000, 298.150000, 298.150000, 298.150000, 298.150000, 297.951794, 297.951794, 297.951794, 0.000000, 0.000002, 0.000000, 0.000002, 0.000000, 0.000000, 0.000000, 0.000000, 0.001019, 0.001019, 0.001019, 0.000100, 0.000000, 10.000000, 10.000000, 10.000000, 0.000002, 0.000100, 0.000102, 10.000000, 0.000002, 10.000000, 0.000002, 0.000000, 0.000002, 5000000.000000, 0.001019, 0.000000, 0.001019, 0.000000, 0.000000, 0.000000, 5000000.000000, 9.998981, 0.000100, 10.000000, 0.000100, 0.001019, 0.000100, 0.000000, 0.000010, 100000.000000, 0.500000, 100000.000000, 0.000000, 0.001019, 0.000100, 10.000000, 0.000102, 293.150000, -0.480179, 293.150000, -4.801794, -0.480179, 293.150000, -0.480179, 297.951794, -0.480179, 0.100000, 0.001019, 0.000100, 0.001019, 0.000100, 0.000000, 0.000100, 297.951794, 0.000000, 10.000000, 293.150000, 0.004000, 10.192072, 10.000000, 0.000102, 10.000000, 0.000102, 0.000000, 0.000102, 10.000000, 297.951794, 297.951794, 0.000000, 25.000000, 24.801794, -0.480179, -0.004821, 0.000000, 0.000100
4.3, 0.000000, 0.000000, 0.000100, 0.000102, 0.000000, -0.000002, 297.856712, 297.856712, 297.856712, -0.470671, 0.000000, 0.000000, 297.856712, 0.100000, 298.000000, 29.785671, 297.856712, 0.000000, 298.150000, 2.000000, 298.150000, 4.166670, 8.000000, 16.000000, 298.150000, 298.150000, 298.150000, 298.150000, 297.856712, 297.856712, 297.856712, 0.000000, 0.000002, 0.000000, 0.000002, 0.000000, 0.000000, 0.000000, 0.000000, 0.001019, 0.001019, 0.001019, 0.000100, 0.000000, 10.000000, 10.000000, 10.000000, 0.000002, 0.000100, 0.000102, 10.000000, 0.000002, 10.000000, 0.000002, 0.000000, 0.000002, 5000000.000000, 0.001019, 0.000000, 0.001019, 0.000000, 0.000000, 0.000000, 5000000.000000, 9.998981, 0.000100, 10.000000, 0.000100, 0.001019, 0.000100, 0.000000, 0.000010, 100000.000000, 0.500000, 100000.000000, 0.000000, 0.001019, 0.000100, 10.000000, 0.000102, 293.150000, -0.470671, 293.150000, -4.706712, -0.470671, 293.150000, -0.470671, 297.856712, -0.470671, 0.100000, 0.001019, 0.000100, 0.001019, 0.000100, 0.000000, 0.000100, 297.856712, 0.000000, 10.000000, 293.150000, 0.004000, 10.188268, 10.000000, 0.000102, 10.000000, 0.000102, 0.000000, 0.000102, 10.000000, 297.856712, 297.856712, 0.000000, 25.000000, 24.706712, -0.470671, -0.014329, 0.000000, 0.000100
4.32, 0.000000, 0.000000, 0.000100, 0.000102, 0.000000, -0.000002, 297.763513, 297.763513, 297.763513, -0.461351, 0.000000, 0.000000, 297.763513, 0.100000, 298.000000, 29.776351, 297.763513, 0.000000, 298.150000, 2.000000, 298.150000, 4.166670, 8.000000, 16.000000, 298.150000, 298.150000, 298.150000, 298.150000, 297.763513, 297.763513, 297.763513, 0.000000, 0.000002, 0.000000, 0.000002, 0.000000, 0.000000, 0.000000, 0.000000, 0.001018, 0.001018, 0.001018, 0.000100, 0.000000, 10.000000, 10.000000, 10.000000, 0.000002, 0.000100, 0.000102, 10.000000, 0.000002, 10.000000, 0.000002, 0.000000, 0.000002, 5000000.000000, 0.001018, 0.000000, 0.001018, 0.000000, 0.000000, 0.000000, 5000000.000000, 9.998982, 0.000100, 10.000000, 0.000100, 0.001018, 0.000100, 0.000000, 0.000010, 100000.000000, 0.500000, 100000.000000, 0.000000, 0.001018, 0.000100, 10.000000, 0.000102, 293.150000, -0.461351, 293.150000, -4.613513, -0.461351, 293.150000, -0.461351, 297.763513, -0.461351, 0.100000, 0.001018, 0.000100, 0.001018, 0.000100, 0.000000, 0.000100, 297.763513, 0.000000, 10.000000, 293.150000, 0.004000, 10.184541, 10.000000, 0.000102, 10.000000, 0.000102, 0.000000, 0.000102, 10.000000, 297.763513, 297.763513, 0.000000, 25.000000, 24.613513, -0.461351, -0.023649, 0.000000, 0.000100
4.34, 0.000000, 0.000000, 0.000100, 0.000102, 0.000000, -0.000002, 297.672159, 297.672159, 297.672159, -0.452216, 0.000000, 0.000000, 297.672159, 0.100000, 298.000000, 29.767216, 297.672159, 0.000000, 298.150000, 2.000000, 298.150000, 4.166670, 8.000000, 16.000000, 298.150000, 298.150000, 298.150000, 298.150000, 297.672159, 297.672159, 297.672159, 0.000000, 0.000002, 0.000000, 0.000002, 0.000000, 0.000000, 0.000000, 0.000000, 0.001018, 0.001018, 0.001018, 0.000100, 0.000000, 10.000000, 10.000000, 10.000000, 0.000002, 0.000100, 0.000102, 10.000000, 0.000002, 10.000000, 0.000002, 0.000000, 0.000002, 5000000.000000, 0.001018, 0.000000, 0.001018, 0.000000, 0.000000, 0.000000, 5000000.000000, 9.998982, 0.000100, 10.000000, 0.000100, 0.001018, 0.000100, 0.000000, 0.000010, 100000.000000, 0.500000, 100000.000000, 0.000000, 0.001018, 0.000100, 10.000000, 0.000102, 293.150000, -0.452216, 293.150000, -4.522159, -0.452216, 293.150000, -0.452216, 297.672159, -0.452216, 0.100000, 0.001018, 0.000100, 0.001018, 0.000100, 0.000000, 0.000100, 297.672159, 0.000000, 10.000000, 293.150000, 0.004000, 10.180886, 10.000000, 0.000102, 10.000000, 0.000102, 0.000000, 0.000102, 10.000000, 297.672159, 297.672159, 0.000000, 25.000000, 24.522159, -0.452216, -0.032784, 0.000000, 0.000100
4.36, 0.000000, 0.000000, 0.000100, 0.000102, 0.000000, -0.000002, 297.582615, 297.582615, 297.582615, -0.443261, 0.000000, 0.000000, 297.582615, 0.100000, 298.000000, 29.758261, 297.582615, 0.000000, 298.150000, 2.000000, 298.150000, 4.166670, 8.000000, 16.000000, 298.150000, 298.150000, 298.150000, 298.150000, 297.582615, 297.582615, 297.582615, 0.000000, 0.000002, 0.000000, 0.000002, 0.000000, 0.000000, 0.000000, 0.000000, 0.001018, 0.001018, 0.001018, 0.000100, 0.000000, 10.000000, 10.000000, 10.000000, 0.000002, 0.000100, 0.000102, 10.000000, 0.000002, 10.000000, 0.000002, 0.000000, 0.000002, 5000000.000000, 0.001018, 0.000000, 0.001018, 0.000000, 0.000000, 0.000000, 5000000.000000, 9.998982, 0.000100, 10.000000, 0.000100, 0.001018, 0.000100, 0.000000, 0.000010, 100000.000000, 0.500000, 100000.000000, 0.000000, 0.001018, 0.000100, 10.000000, 0.000102, 293.150000, -0.443261, 293.150000, -4.432615, -0.443261, 293.150000, -0.443261, 297.582615, -0.443261, 0.100000, 0.001018, 0.000100, 0.001018, 0.000100, 0.000000, 0.000100, 297.582615, 0.000000, 10.000000, 293.150000, 0.004000, 10.177305, 10.000000, 0.000102, 10.000000, 0.000102, 0.000000, 0.000102, 10.000000, 297.582615, 297.582615, 0.000000, 25.000000, 24.432615, -0.443261, -0.041739, 0.000000, 0.000100
4.38, 0.000000, 0.000000, 0.000100, 0.000102, 0.000000, -0.000002, 297.494843, 297.494843, 297.494843, -0.434484, 0.000000, 0.000000, 297.494843, 0.100000, 298.000000, 29.749484, 297.494843, 0.000000, 298.150000, 2.000000, 298.150000, 4.166670, 8.000000, 16.000000, 298.150000, 298.150000, 298.150000, 298.150000, 297.494843, 297.494843, 297.494843, 0.000000, 0.000002, 0.000000, 0.000002, 0.000000, 0.000000, 0.000000, 0.000000, 0.001017, 0.001017, 0.001017, 0.000100, 0.000000, 10.000000, 10.000000, 10.000000, 0.000002, 0.000100, 0.000102, 10.000000, 0.000002, 10.000000, 0.000002, 0.000000, 0.000002, 5000000.000000, 0.001017, 0.000000, 0.001017, 0.000000, 0.000000, 0.000000, 5000000.000000, 9.998983, 0.000100, 10.000000, 0.000100, 0.001017, 0.000100, 0.000000, 0.000010, 100000.000000, 0.500000, 100000.000000, 0.000000, 0.001017, 0.000100, 10.000000, 0.000102, 293.150000, -0.434484, 293.150000, -4.344843, -0.434484, 293.150000, -0.434484, 297.494843, -0.434484, 0.100000, 0.001017, 0.000100, 0.001017, 0.000100, 0.000000, 0.000100, 297.494843, 0.000000, 10.000000, 293.150000, 0.004000, 10.173794, 10.000000, 0.000102, 10.000000, 0.000102, 0.000000, 0.000102, 10.000000, 297.494843, 297.494843, 0.000000, 25.000000, 24.344843, -0.434484, -0.050516, 0.000000, 0.000100
4.4, 0.000000, 0.000000, 0.000100, 0.000102, 0.000000, -0.000002, 297.408809, 297.408809, 297.408809, -0.425881, 0.000000, 0.000000, 297.408809, 0.100000, 298.000000, 29.740881, 297.408809, 0.000000, 298.150000, 2.000000, 298.150000, 4.166670, 8.000000, 16.000000, 298.150000, 298.150000, 298.150000, 298.150000, 297.408809, 297.408809, 297.408809, 0.000000, 0.000002, 0.000000, 0.000002, 0.000000, 0.000000, 0.000000, 0.000000, 0.001017, 0.001017, 0.001017, 0.000100, 0.000000, 10.000000, 10.000000, 10.000000, 0.000002, 0.000100, 0.000102, 10.000000, 0.000002, 10.000000, 0.000002, 0.000000, 0.000002, 5000000.000000, 0.001017, 0.000000, 0.001017, 0.000000, 0.000000, 0.000000, 5000000.000000, 9.998983, 0.000100, 10.000000, 0.000100, 0.001017, 0.000100, 0.000000, 0.000010, 100000.000000, 0.500000, 100000.000000, 0.000000, 0.001017, 0.000100, 10.000000, 0.000102, 293.150000, -0.425881, 293.150000, -4.258809, -0.425881, 293.150000, -0.425881, 297.408809, -0.425881, 0.100000, 0.001017, 0.000100, 0.001017, 0.000100, 0.000000, 0.000100, 297.408809, 0.000000, 10.000000, 293.150000, 0.004000, 10.170352, 10.000000, 0.000102, 10.000000, 0.000102, 0.000000, 0.000102, 10.000000, 297.408809, 297.408809, 0.000000, 25.000000, 24.258809, -0.425881, -0.059119, 0.000000, 0.000100
4.42, 0.000000, 0.000000, 0.000100, 0.000102, 0.000000, -0.000002, 297.324479, 297.324479, 297.324479, -0.417448, 0.000000, 0.000000, 297.324479, 0.100000, 298.000000, 29.732448, 297.324479, 0.000000, 298.150000, 2.000000, 298.150000, 4.166670, 8.000000, 16.000000, 298.150000, 298.150000, 298.150000, 298.150000, 297.324479, 297.324479, 297.324479, 0.000000, 0.000002, 0.000000, 0.000002, 0.000000, 0.000000, 0.000000, 0.000000, 0.001017, 0.001017, 0.001017, 0.000100, 0.000000, 10.000000, 10.000000, 10.000000, 0.000002, 0.000100, 0.000102, 10.000000, 0.000002, 10.000000, 0.000002, 0.000000, 0.000002, 5000000.000000, 0.001017, 0.000000, 0.001017, 0.000000, 0.000000, 0.000000, 5000000.000000, 9.998983, 0.000100, 10.000000, 0.000100, 0.001017, 0.000100, 0.000000, 0.000010, 100000.000000, 0.500000, 100000.000000, 0.000000, 0.001017, 0.000100, 10.000000, 0.000102, 293.150000, -0.417448, 293.150000, -4.174479, -0.417448, 293.150000, -0.417448, 297.324479, -0.417448, 0.100000, 0.001017, 0.000100, 0.001017, 0.000100, 0.000000, 0.000100, 297.324479, 0.000000, 10.000000, 293.150000, 0.004000, 10.166979, 10.000000, 0.000102, 10.000000, 0.000102, 0.000000, 0.000102, 10.000000, 297.324479, 297.324479, 0.000000, 25.000000, 24.174479, -0.417448, -0.067552, 0.000000, 0.000100
4.44, 0.000000, 0.000000, 0.000100, 0.000102, 0.000000, -0.000002, 297.241819, 297.241819, 297.241819, -0.409182, 0.000000, 0.000000, 297.241819, 0.100000, 298.000000, 29.724182, 297.241819, 0.000000, 298.150000, 2.000000, 298.150000, 4.166670, 8.000000, 16.000000, 298.150000, 298.150000, 298.150000, 298.150000, 297.241819, 297.241819, 297.241819, 0.000000, 0.000002, 0.000000, 0.000002, 0.000000, 0.000000, 0.000000, 0.000000, 0.001016, 0.001016, 0.001016, 0.000100, 0.000000, 10.000000, 10.000000, 10.000000, 0.000002, 0.000100, 0.000102, 10.000000, 0.000002, 10.000000, 0.000002, 0.000000, 0.000002, 5000000.000000, 0.001016, 0.000000, 0.001016, 0.000000, 0.000000, 0.000000, 5000000.000000, 9.998984, 0.000100, 10.000000, 0.000100, 0.001016, 0.000100, 0.000000, 0.000010, 100000.000000, 0.500000, 100000.000000, 0.000000, 0.001016, 0.000100, 10.000000, 0.000102, 293.150000, -0.409182, 293.150000, -4.091819, -0.409182, 293.150000, -0.409182, 297.241819, -0.409182, 0.100000, 0.001016, 0.000100, 0.001016, 0.000100, 0.000000, 0.000100, 297.241819, 0.000000, 10.000000, 293.150000, 0.004000, 10.163673, 10.000000, 0.000102, 10.000000, 0.000102, 0.000000, 0.000102, 10.000000, 297.241819, 297.241819, 0.000000, 25.000000, 24.091819, -0.409182, -0.075818, 0.000000, 0.000100
4.46, 0.000000, 0.000000, 0.000100, 0.000102, 0.000000, -0.000002, 297.160796, 297.160796, 297.160796, -0.401080, 0.000000, 0.000000, 297.160796, 0.100000, 298.000000, 29.716080, 297.160796, 0.000000, 298.150000, 2.000000, 298.150000, 4.166670, 8.000000, 16.000000, 298.150000, 298.150000, 298.150000, 298.150000, 297.160796, 297.160796, 297.160796, 0.000000, 0.000002, 0.000000, 0.000002, 0.000000, 0.000000, 0.000000, 0.000000, 0.001016, 0.001016, 0.001016, 0.000100, 0.000000, 10.000000, 10.000000, 10.000000, 0.000002, 0.000100, 0.000102, 10.000000, 0.000002, 10.000000, 0.000002, 0.000000, 0.000002, 5000000.000000, 0.001016, 0.000000, 0.001016, 0.000000, 0.000000, 0.000000, 5000000.000000, 9.998984, 0.000100, 10.000000, 0.000100, 0.001016, 0.000100, 0.000000, 0.000010, 100000.000000, 0.500000, 100000.000000, 0.000000, 0.001016, 0.000100, 10.000000, 0.000102, 293.150000, -0.401080, 293.150000, -4.010796, -0.401080, 293.150000, -0.401080, 297.160796, -0.401080, 0.100000, 0.001016, 0.000100, 0.001016, 0.000100, 0.000000, 0.000100, 297.160796, 0.000000, 10.000000, 293.150000, 0.004000, 10.160432, 10.000000, 0.000102, 10.000000, 0.000102, 0.000000, 0.000102, 10.000000, 297.160796, 297.160796, 0.000000, 25.000000, 24.010796, -0.401079, -0.083920, 0.000000, 0.000100
4.48, 0.000000, 0.000000, 0.978036, 0.978040, 0.000000, -0.000004, 298.764107, 298.764107, 298.764107, -0.561411, 0.000000, 9.780349, 298.764107, 0.100000, 298.000000, 29.876411, 298.764107, 1.000000, 298.150000, 2.000000, 298.150000, 4.166670, 8.000000, 16.000000, 298.150000, 298.150000, 298.150000, 298.150000, 298.764107, 298.764107, 298.764107, 0.000000, 0.000002, 0.000000, 0.000002, 0.000000, 0.000002, 0.000000, 0.000002, 9.999990, 9.999990, 9.999990, 0.978036, 0.000002, 10.000000, 10.000000, 10.000000, 0.000002, 0.978038, 0.978040, 10.000000, 0.000002, 10.000000, 0.000002, 0.000000, 0.000002, 5000000.000000, 9.999990, 0.000002, 9.999990, 0.000002, 0.000000, 0.000002, 5000000.000000, 0.000010, 0.978038, 10.000000, 0.978038, 9.999990, 0.978038, 1.000000, 0.000010, 100000.000000, 0.500000, 0.000010, 1.000000, 9.999990, 0.978036, 10.000000, 0.978040, 293.150000, -0.561411, 293.150000, -5.614107, -0.561411, 293.150000, -0.561411, 298.764107, -0.561411, 0.100000, 9.999990, 0.978036, 9.999990, 0.978036, 0.000000, 0.978036, 298.764107, 9.780349, 10.000000, 293.150000, 0.004000, 10.224564, 10.000000, 0.978040, 10.000000, 0.978040, 0.000000, 0.978040, 10.000000, 298.764107, 298.764107, 0.000000, 25.000000, 25.614107, 9.218938, 0.076411, 0.000000, 0.978038
4.5, 0.000000, 0.000000, 0.000100, 0.000102, 0.000000, -0.000002, 299.056123, 299.056123, 299.056123, -0.590612, 0.000000, 0.000000, 299.056123, 0.100000, 298.000000, 29.905612, 299.056123, 0.000000, 298.150000, 2.000000, 298.150000, 4.166670, 8.000000, 16.000000, 298.150000, 298.150000, 298.150000, 298.150000, 299.056123, 299.056123, 299.056123, 0.000000, 0.000002, 0.000000, 0.000002, 0.000000, 0.000000, 0.000000, 0.000000, 0.001024, 0.001024, 0.001024, 0.000100, 0.000000, 10.000000, 10.000000, 10.000000, 0.000002, 0.000100, 0.000102, 10.000000, 0.000002, 10.000000, 0.000002, 0.000000, 0.000002, 5000000.000000, 0.001024, 0.000000, 0.001024, 0.000000, 0.000000, 0.000000, 5000000.000000, 9.998976, 0.000100, 10.000000, 0.000100, 0.001024, 0.000100, 0.000000, 0.000010, 100000.000000, 0.500000, 100000.000000, 0.000000, 0.001024, 0.000100, 10.000000, 0.000102, 293.150000, -0.590612, 293.150000, -5.906123, -0.590612, 293.150000, -0.590612, 299.056123, -0.590612, 0.100000, 0.001024, 0.000100, 0.001024, 0.000100, 0.000000, 0.000100, 299.056123, 0.000000, 10.000000, 293.150000, 0.004000, 10.236245, 10.000000, 0.000102, 10.000000, 0.000102, 0.000000, 0.000102, 10.000000, 299.056123, 299.056123, 0.000000, 25.000000, 25.906123, -0.590612, 0.105612, 0.000000, 0.000100
4.52, 0.000000, 0.000000, 0.000100, 0.000102, 0.000000, -0.000002, 298.939174, 298.939174, 298.939174, -0.578917, 0.000000, 0.000000, 298.939174, 0.100000, 298.000000, 29.893917, 298.939174, 0.000000, 298.150000, 2.000000, 298.150000, 4.166670, 8.000000, 16.000000, 298.150000, 298.150000, 298.150000, 298.150000, 298.939174, 298.939174, 298.939174, 0.000000, 0.000002, 0.000000, 0.000002, 0.000000, 0.000000, 0.000000, 0.000000, 0.001023, 0.001023, 0.001023, 0.000100, 0.000000, 10.000000, 10.000000, 10.000000, 0.000002, 0.000100, 0.000102, 10.000000, 0.000002, 10.000000, 0.000002, 0.000000, 0.000002, 5000000.000000, 0.001023, 0.000000, 0.001023, 0.000000, 0.000000, 0.000000, 5000000.000000, 9.998977, 0.000100, 10.000000, 0.000100, 0.001023, 0.000100, 0.000000, 0.000010, 100000.000000, 0.500000, 100000.000000, 0.000000, 0.001023, 0.000100, 10.000000, 0.000102, 293.150000, -0.578917, 293.150000, -5.789174, -0.578917, 293.150000, -0.578917, 298.939174, -0.578917, 0.100000, 0.001023, 0.000100, 0.001023, 0.000100, 0.000000, 0.000100, 298.939174, 0.000000, 10.000000, 293.150000, 0.004000, 10.231567, 10.000000, 0.000102, 10.000000, 0.000102, 0.000000, 0.000102, 10.000000, 298.939174, 298.939174, 0.000000, 25.000000, 25.789174, -0.578917, 0.093917, 0.000000, 0.000100
4.54, 0.000000, 0.000000, 0.000100, 0.000102, 0.000000, -0.000002, 298.824541, 298.824541, 298.824541, -0.567454, 0.000000, 0.000000, 298.824541, 0.100000, 298.000000, 29.882454, 298.824541, 0.000000, 298.150000, 2.000000, 298.150000, 4.166670, 8.000000, 16.000000, 298.150000, 298.150000, 298.150000, 298.150000, 298.824541, 298.824541, 298.824541, 0.000000, 0.000002, 0.000000, 0.000002, 0.000000, 0.000000, 0.000000, 0.000000, 0.001023, 0.001023, 0.001023, 0.000100, 0.000000, 10.000000, 10.000000, 10.000000, 0.000002, 0.000100, 0.000102, 10.000000, 0.000002, 10.000000, 0.000002, 0.000000, 0.000002, 5000000.000000, 0.001023, 0.000000, 0.001023, 0.000000, 0.000000, 0.000000, 5000000.000000, 9.998977, 0.000100, 10.000000, 0.000100, 0.001023, 0.000100, 0.000000, 0.000010, 100000.000000, 0.500000, 100000.000000, 0.000000, 0.001023, 0.000100, 10.000000, 0.000102, 293.150000, -0.567454, 293.150000, -5.674541, -0.567454, 293.150000, -0.567454, 298.824541, -0.567454, 0.100000, 0.001023, 0.000100, 0.001023, 0.000100, 0.000000, 0.000100, 298.824541, 0.000000, 10.000000, 293.150000, 0.004000, 10.226982, 10.000000, 0.000102, 10.000000, 0.000102, 0.000000, 0.000102, 10.000000, 298.824541, 298.824541, 0.000000, 25.000000, 25.674541, -0.567454, 0.082454, 0.000000, 0.000100
4.56, 0.000000, 0.000000, 0.000100, 0.000102, 0.000000, -0.000002, 298.712177, 298.712177, 298.712177, -0.556218, 0.000000, 0.000000, 298.712177, 0.100000, 298.000000, 29.871218, 298.712177, 0.000000, 298.150000, 2.000000, 298.150000, 4.166670, 8.000000, 16.000000, 298.150000, 298.150000, 298.150000, 298.150000, 298.712177, 298.712177, 298.712177, 0.000000, 0.000002, 0.000000, 0.000002, 0.000000, 0.000000, 0.000000, 0.000000, 0.001022, 0.001022, 0.001022, 0.000100, 0.000000, 10.000000, 10.000000, 10.000000, 0.000002, 0.000100, 0.000102, 10.000000, 0.000002, 10.000000, 0.000002, 0.000000, 0.000002, 5000000.000000, 0.001022, 0.000000, 0.001022, 0.000000, 0.000000, 0.000000, 5000000.000000, 9.998978, 0.000100, 10.000000, 0.000100, 0.001022, 0.000100, 0.000000, 0.000010, 100000.000000, 0.500000, 100000.000000, 0.000000, 0.001022, 0.000100, 10.000000, 0.000102, 293.150000, -0.556218, 293.150000, -5.562177, -0.556218, 293.150000, -0.556218, 298.712177, -0.556218, 0.100000, 0.001022, 0.000100, 0.001022, 0.000100, 0.000000, 0.000100, 298.712177, 0.000000, 10.000000, 293.150000, 0.004000, 10.222487, 10.000000, 0.000102, 10.000000, 0.000102, 0.000000, 0.000102, 10.000000, 298.712177, 298.712177, 0.000000, 25.000000, 25.562177, -0.556218, 0.071218, 0.000000, 0.000100
4.58, 0.000000, 0.000000, 0.000100, 0.000102, 0.000000, -0.000002, 298.602039, 298.602039, 298.602039, -0.545204, 0.000000, 0.000000, 298.602039, 0.100000, 298.000000, 29.860204, 298.602039, 0.000000, 298.150000, 2.000000, 298.150000, 4.166670, 8.000000, 16.000000, 298.150000, 298.150000, 298.150000, 298.150000, 298.602039, 298.602039, 298.602039, 0.000000, 0.000002, 0.000000, 0.000002, 0.000000, 0.000000, 0.000000, 0.000000, 0.001022, 0.001022, 0.001022, 0.000100, 0.000000, 10.000000, 10.000000, 10.000000, 0.000002, 0.000100, 0.000102, 10.000000, 0.000002, 10.000000, 0.000002, 0.000000, 0.000002, 5000000.000000, 0.001022, 0.000000, 0.001022, 0.000000, 0.000000, 0.000000, 5000000.000000, 9.998978, 0.000100, 10.000000, 0.000100, 0.001022, 0.000100, 0.000000, 0.000010, 100000.000000, 0.500000, 100000.000000, 0.000000, 0.001022, 0.000100, 10.000000, 0.000102, 293.150000, -0.545204, 293.150000, -5.452039, -0.545204, 293.150000, -0.545204, 298.602039, -0.545204, 0.100000, 0.001022, 0.000100, 0.001022, 0.000100, 0.000000, 0.000100, 298.602039, 0.000000, 10.000000, 293.150000, 0.004000, 10.218082, 10.000000, 0.000102, 10.000000, 0.000102, 0.000000, 0.000102, 10.000000, 298.602039, 298.602039, 0.000000, 25.000000, 25.452039, -0.545204, 0.060204, 0.000000, 0.000100
4.6, 0.000000, 0.000000, 0.000100, 0.000102, 0.000000, -0.000002, 298.494081, 298.494081, 298.494081, -0.534408, 0.000000, 0.000000, 298.494081, 0.100000, 298.000000, 29.849408, 298.494081, 0.000000, 298.150000, 2.000000, 298.150000, 4.166670, 8.000000, 16.000000, 298.150000, 298.150000, 298.150000, 298.150000, 298.494081, 298.494081, 298.494081, 0.000000, 0.000002, 0.000000, 0.000002, 0.000000, 0.000000, 0.000000, 0.000000, 0.001021, 0.001021, 0.001021, 0.000100, 0.000000, 10.000000, 10.000000, 10.000000, 0.000002, 0.000100, 0.000102, 10.000000, 0.000002, 10.000000, 0.000002, 0.000000, 0.000002, 5000000.000000, 0.001021, 0.000000, 0.001021, 0.000000, 0.000000, 0.000000, 5000000.000000, 9.998979, 0.000100, 10.000000, 0.000100, 0.001021, 0.000100, 0.000000, 0.000010, 100000.000000, 0.500000, 100000.000000, 0.000000, 0.001021, 0.000100, 10.000000, 0.000102, 293.150000, -0.534408, 293.150000, -5.344081, -0.534408, 293.150000, -0.534408, 298.494081, -0.534408, 0.100000, 0.001021, 0.000100, 0.001021, 0.000100, 0.000000, 0.000100, 298.494081, 0.000000, 10.000000, 293.150000, 0.004000, 10.213763, 10.000000, 0.000102, 10.000000, 0.000102, 0.000000, 0.000102, 10.000000, 298.494081, 298.494081, 0.000000, 25.000000, 25.344081, -0.534408, 0.049408, 0.000000, 0.000100
4.62, 0.000000, 0.000000, 0.000100, 0.000102, 0.000000, -0.000002, 298.388261, 298.388261, 298.388261, -0.523826, 0.000000, 0.000000, 298.388261, 0.100000, 298.000000, 29.838826, 298.388261, 0.000000, 298.150000, 2.000000, 298.150000, 4.166670, 8.000000, 16.000000, 298.150000, 298.150000, 298.150000, 298.150000, 298.388261, 298.388261, 298.388261, 0.000000, 0.000002, 0.000000, 0.000002, 0.000000, 0.000000, 0.000000, 0.000000, 0.001021, 0.001021, 0.001021, 0.000100, 0.000000, 10.000000, 10.000000, 10.000000, 0.000002, 0.000100, 0.000102, 10.000000, 0.000002, 10.000000, 0.000002, 0.000000, 0.000002, 5000000.000000, 0.001021, 0.000000, 0.001021, 0.000000, 0.000000, 0.000000, 5000000.000000, 9.998979, 0.000100, 10.000000, 0.000100, 0.001021, 0.000100, 0.000000, 0.000010, 100000.000000, 0.500000, 100000.000000, 0.000000, 0.001021, 0.000100, 10.000000, 0.000102, 293.150000, -0.523826, 293.150000, -5.238261, -0.523826, 293.150000, -0.523826, 298.388261, -0.523826, 0.100000, 0.001021, 0.000100, 0.001021, 0.000100, 0.000000, 0.000100, 298.388261, 0.000000, 10.000000, 293.150000, 0.004000, 10.209530, 10.000000, 0.000102, 10.000000, 0.000102, 0.000000, 0.000102, 10.000000, 298.388261, 298.388261, 0.000000, 25.000000, 25.238261, -0.523826, 0.038826, 0.000000, 0.000100
4.64, 0.000000, 0.000000, 0.000100, 0.000102, 0.000000, -0.000002, 298.284537, 298.284537, 298.284537, -0.513454, 0.000000, 0.000000, 298.284537, 0.100000, 298.000000, 29.828454, 298.284537, 0.000000, 298.150000, 2.000000, 298.150000, 4.166670, 8.000000, 16.000000, 298.150000, 298.150000, 298.150000, 298.150000, 298.284537, 298.284537, 298.284537, 0.000000, 0.000002, 0.000000, 0.000002, 0.000000, 0.000000, 0.000000, 0.000000, 0.001020, 0.001020, 0.001020, 0.000100, 0.000000, 10.000000, 10.000000, 10.000000, 0.000002, 0.000100, 0.000102, 10.000000, 0.000002, 10.000000, 0.000002, 0.000000, 0.000002, 5000000.000000, 0.001020, 0.000000, 0.001020, 0.000000, 0.000000, 0.000000, 5000000.000000, 9.998980, 0.000100, 10.000000, 0.000100, 0.001020, 0.000100, 0.000000, 0.000010, 100000.000000, 0.500000, 100000.000000, 0.000000, 0.001020, 0.000100, 10.000000, 0.000102, 293.150000, -0.513454, 293.150000, -5.134537, -0.513454, 293.150000, -0.513454, 298.284537, -0.513454, 0.100000, 0.001020, 0.000100, 0.001020, 0.000100, 0.000000, 0.000100, 298.284537, 0.000000, 10.000000, 293.150000, 0.004000, 10.205381, 10.000000, 0.000102, 10.000000, 0.000102, 0.000000, 0.000102, 10.000000, 298.284537, 298.284537, 0.000000, 25.000000, 25.134537, -0.513454, 0.028454, 0.000000, 0.000100
4.66, 0.000000, 0.000000, 0.000100, 0.000102, 0.000000, -0.000002, 298.182866, 298.182866, 298.182866, -0.503287, 0.000000, 0.000000, 298.182866, 0.100000, 298.000000, 29.818287, 298.182866, 0.000000, 298.150000, 2.000000, 298.150000, 4.166670, 8.000000, 16.000000, 298.150000, 298.150000, 298.150000, 298.150000, 298.182866, 298.182866, 298.182866, 0.000000, 0.000002, 0.000000, 0.000002, 0.000000, 0.000000, 0.000000, 0.000000, 0.001020, 0.001020, 0.001020, 0.000100, 0.000000, 10.000000, 10.000000, 10.000000, 0.000002, 0.000100, 0.000102, 10.000000, 0.000002, 10.000000, 0.000002, 0.000000, 0.000002, 5000000.000000, 0.001020, 0.000000, 0.001020, 0.000000, 0.000000, 0.000000, 5000000.000000, 9.998980, 0.000100, 10.000000, 0.000100, 0.001020, 0.000100, 0.000000, 0.000010, 100000.000000, 0.500000, 100000.000000, 0.000000, 0.001020, 0.000100, 10.000000, 0.000102, 293.150000, -0.503287, 293.150000, -5.032866, -0.503287, 293.150000, -0.503287, 298.182866, -0.503287, 0.100000, 0.001020, 0.000100, 0.001020, 0.000100, 0.000000, 0.000100, 298.182866, 0.000000, 10.000000, 293.150000, 0.004000, 10.201315, 10.000000, 0.000102, 10.000000, 0.000102, 0.000000, 0.000102, 10.000000, 298.182866, 298.182866, 0.000000, 25.000000, 25.032866, -0.503287, 0.018287, 0.000000, 0.000100
4.68, 0.000000, 0.000000, 0.000100, 0.000102, 0.000000, -0.000002, 298.083209, 298.083209, 298.083209, -0.493321, 0.000000, 0.000000, 298.083209, 0.100000, 298.000000, 29.808321, 298.083209, 0.000000, 298.150000, 2.000000, 298.150000, 4.166670, 8.000000, 16.000000, 298.150000, 298.150000, 298.150000, 298.150000, 298.083209, 298.083209, 298.083209, 0.000000, 0.000002, 0.000000, 0.000002, 0.000000, 0.000000, 0.000000, 0.000000, 0.001020, 0.001020, 0.001020, 0.000100, 0.000000, 10.000000, 10.000000, 10.000000, 0.000002, 0.000100, 0.000102, 10.000000, 0.000002, 10.000000, 0.000002, 0.000000, 0.000002, 5000000.000000, 0.001020, 0.000000, 0.001020, 0.000000, 0.000000, 0.000000, 5000000.000000, 9.998980, 0.000100, 10.000000, 0.000100, 0.001020, 0.000100, 0.000000, 0.000010, 100000.000000, 0.500000, 100000.000000, 0.000000, 0.001020, 0.000100, 10.000000, 0.000102, 293.150000, -0.493321, 293.150000, -4.933209, -0.493321, 293.150000, -0.493321, 298.083209, -0.493321, 0.100000, 0.001020, 0.000100, 0.001020, 0.000100, 0.000000, 0.000100, 298.083209, 0.000000, 10.000000, 293.150000, 0.004000, 10.197328, 10.000000, 0.000102, 10.000000, 0.000102, 0.000000, 0.000102, 10.000000, 298.083209, 298.083209, 0.000000, 25.000000, 24.933209, -0.493321, 0.008321, 0.000000, 0.000100
4.7, 0.000000, 0.000000, 0.000100, 0.000102, 0.000000, -0.000002, 297.985525, 297.985525, 297.985525, -0.483552, 0.000000, 0.000000, 297.985525, 0.100000, 298.000000, 29.798552, 297.985525, 0.000000, 298.150000, 2.000000, 298.150000, 4.166670, 8.000000, 16.000000, 298.150000, 298.150000, 298.150000, 298.150000, 297.985525, 297.985525, 297.985525, 0.000000, 0.000002, 0.000000, 0.000002, 0.000000, 0.000000, 0.000000, 0.000000, 0.001019, 0.001019, 0.001019, 0.000100, 0.000000, 10.000000, 10.000000, 10.000000, 0.000002, 0.000100, 0.000102, 10.000000, 0.000002, 10.000000, 0.000002, 0.000000, 0.000002, 5000000.000000, 0.001019, 0.000000, 0.001019, 0.000000, 0.000000, 0.000000, 5000000.000000, 9.998981, 0.000100, 10.000000, 0.000100, 0.001019, 0.000100, 0.000000, 0.000010, 100000.000000, 0.500000, 100000.000000, 0.000000, 0.001019, 0.000100, 10.000000, 0.000102, 293.150000, -0.483552, 293.150000, -4.835525, -0.483552, 293.150000, -0.483552, 297.985525, -0.483552, 0.100000, 0.001019, 0.000100, 0.001019, 0.000100, 0.000000, 0.000100, 297.985525, 0.000000, 10.000000, 293.150000, 0.004000, 10.193421, 10.000000, 0.000102, 10.000000, 0.000102, 0.000000, 0.000102, 10.000000, 297.985525, 297.985525, 0.000000, 25.000000, 24.835525, -0.483552, -0.001448, 0.000000, 0.000100
4.72, 0.000000, 0.000000, 0.000100, 0.000102, 0.000000, -0.000002, 297.889775, 297.889775, 297.889775, -0.473977, 0.000000, 0.000000, 297.889775, 0.100000, 298.000000, 29.788977, 297.889775, 0.000000, 298.150000, 2.000000, 298.150000, 4.166670, 8.000000, 16.000000, 298.150000, 298.150000, 298.150000, 298.150000, 297.889775, 297.889775, 297.889775, 0.000000, 0.000002, 0.000000, 0.000002, 0.000000, 0.000000, 0.000000, 0.000000, 0.001019, 0.001019, 0.001019, 0.000100, 0.000000, 10.000000, 10.000000, 10.000000, 0.000002, 0.000100, 0.000102, 10.000000, 0.000002, 10.000000, 0.000002, 0.000000, 0.000002, 5000000.000000, 0.001019, 0.000000, 0.001019, 0.000000, 0.000000, 0.000000, 5000000.000000, 9.998981, 0.000100, 10.000000, 0.000100, 0.001019, 0.000100, 0.000000, 0.000010, 100000.000000, 0.500000, 100000.000000, 0.000000, 0.001019, 0.000100, 10.000000, 0.000102, 293.150000, -0.473977, 293.150000, -4.739775, -0.473977, 293.150000, -0.473977, 297.889775, -0.473977, 0.100000, 0.001019, 0.000100, 0.001019, 0.000100, 0.000000, 0.000100, 297.889775, 0.000000, 10.000000, 293.150000, 0.004000, 10.189591, 10.000000, 0.000102, 10.000000, 0.000102, 0.000000, 0.000102, 10.000000, 297.889775, 297.889775, 0.000000, 25.000000, 24.739775, -0.473977, -0.011023, 0.000000, 0.000100
4.74, 0.000000, 0.000000, 0.000100, 0.000102, 0.000000, -0.000002, 297.795921, 297.795921, 297.795921, -0.464592, 0.000000, 0.000000, 297.795921, 0.100000, 298.000000, 29.779592, 297.795921, 0.000000, 298.150000, 2.000000, 298.150000, 4.166670, 8.000000, 16.000000, 298.150000, 298.150000, 298.150000, 298.150000, 297.795921, 297.795921, 297.795921, 0.000000, 0.000002, 0.000000, 0.000002, 0.000000, 0.000000, 0.000000, 0.000000, 0.001018, 0.001018, 0.001018, 0.000100, 0.000000, 10.000000, 10.000000, 10.000000, 0.000002, 0.000100, 0.000102, 10.000000, 0.000002, 10.000000, 0.000002, 0.000000, 0.000002, 5000000.000000, 0.001018, 0.000000, 0.001018, 0.000000, 0.000000, 0.000000, 5000000.000000, 9.998982, 0.000100, 10.000000, 0.000100, 0.001018, 0.000100, 0.000000, 0.000010, 100000.000000, 0.500000, 100000.000000, 0.000000, 0.001018, 0.000100, 10.000000, 0.000102, 293.150000, -0.464592, 293.150000, -4.645921, -0.464592, 293.150000, -0.464592, 297.795921, -0.464592, 0.100000, 0.001018, 0.000100, 0.001018, 0.000100, 0.000000, 0.000100, 297.795921, 0.000000, 10.000000, 293.150000, 0.004000, 10.185837, 10.000000, 0.000102, 10.000000, 0.000102, 0.000000, 0.000102, 10.000000, 297.795921, 297.795921, 0.000000, 25.000000, 24.645921, -0.464592, -0.020408, 0.000000, 0.000100
4.76, 0.000000, 0.000000, 0.000100, 0.000102, 0.000000, -0.000002, 297.703926, 297.703926, 297.703926, -0.455393, 0.000000, 0.000000, 297.703926, 0.100000, 298.000000, 29.770393, 297.703926, 0.000000, 298.150000, 2.000000, 298.150000, 4.166670, 8.000000, 16.000000, 298.150000, 298.150000, 298.150000, 298.150000, 297.703926, 297.703926, 297.703926, 0.000000, 0.000002, 0.000000, 0.000002, 0.000000, 0.000000, 0.000000, 0.000000, 0.001018, 0.001018, 0.001018, 0.000100, 0.000000, 10.000000, 10.000000, 10.000000, 0.000002, 0.000100, 0.000102, 10.000000, 0.000002, 10.000000, 0.000002, 0.000000, 0.000002, 5000000.000000, 0.001018, 0.000000, 0.001018, 0.000000, 0.000000, 0.000000, 5000000.000000, 9.998982, 0.000100, 10.000000, 0.000100, 0.001018, 0.000100, 0.000000, 0.000010, 100000.000000, 0.500000, 100000.000000, 0.000000, 0.001018, 0.000100, 10.000000, 0.000102, 293.150000, -0.455393, 293.150000, -4.553926, -0.455393, 293.150000, -0.455393, 297.703926, -0.455393, 0.100000, 0.001018, 0.000100, 0.001018, 0.000100, 0.000000, 0.000100, 297.703926, 0.000000, 10.000000, 293.150000, 0.004000, 10.182157, 10.000000, 0.000102, 10.000000, 0.000102, 0.000000, 0.000102, 10.000000, 297.703926, 297.703926, 0.000000, 25.000000, 24.553926, -0.455392, -0.029607, 0.000000, 0.000100
4.78, 0.000000, 0.000000, 0.000100, 0.000102, 0.000000, -0.000002, 297.613752, 297.613752, 297.613752, -0.446375, 0.000000, 0.000000, 297.613752, 0.100000, 298.000000, 29.761375, 297.613752, 0.000000, 298.150000, 2.000000, 298.150000, 4.166670, 8.000000, 16.000000, 298.150000, 298.150000, 298.150000, 298.150000, 297.613752, 297.613752, 297.613752, 0.000000, 0.000002, 0.000000, 0.000002, 0.000000, 0.000000, 0.000000, 0.000000, 0.001018, 0.001018, 0.001018, 0.000100, 0.000000, 10.000000, 10.000000, 10.000000, 0.000002, 0.000100, 0.000102, 10.000000, 0.000002, 10.000000, 0.000002, 0.000000, 0.000002, 5000000.000000, 0.001018, 0.000000, 0.001018, 0.000000, 0.000000, 0.000000, 5000000.000000, 9.998982, 0.000100, 10.000000, 0.000100, 0.001018, 0.000100, 0.000000, 0.000010, 100000.000000, 0.500000, 100000.000000, 0.000000, 0.001018, 0.000100, 10.000000, 0.000102, 293.150000, -0.446375, 293.150000, -4.463752, -0.446375, 293.150000, -0.446375, 297.613752, -0.446375, 0.100000, 0.001018, 0.000100, 0.001018, 0.000100, 0.000000, 0.000100, 297.613752, 0.000000, 10.000000, 293.150000, 0.004000, 10.178550, 10.000000, 0.000102, 10.000000, 0.000102, 0.000000, 0.000102, 10.000000, 297.613752, 297.613752, 0.000000, 25.000000, 24.463752, -0.446375, -0.038625, 0.000000, 0.000100
4.8, 0.000000, 0.000000, 0.000100, 0.000102, 0.000000, -0.000002, 297.525364, 297.525364, 297.525364, -0.437536, 0.000000, 0.000000, 297.525364, 0.100000, 298.000000, 29.752536, 297.525364, 0.000000, 298.150000, 2.000000, 298.150000, 4.166670, 8.000000, 16.000000, 298.150000, 298.150000, 298.150000, 298.150000, 297.525364, 297.525364, 297.525364, 0.000000, 0.000002, 0.000000, 0.000002, 0.000000, 0.000000, 0.000000, 0.000000, 0.001017, 0.001017, 0.001017, 0.000100, 0.000000, 10.000000, 10.000000, 10.000000, 0.000002, 0.000100, 0.000102, 10.000000, 0.000002, 10.000000, 0.000002, 0.000000, 0.000002, 5000000.000000, 0.001017, 0.000000, 0.001017, 0.000000, 0.000000, 0.000000, 5000000.000000, 9.998983, 0.000100, 10.000000, 0.000100, 0.001017, 0.000100, 0.000000, 0.000010, 100000.000000, 0.500000, 100000.000000, 0.000000, 0.001017, 0.000100, 10.000000, 0.000102, 293.150000, -0.437536, 293.150000, -4.375364, -0.437536, 293.150000, -0.437536, 297.525364, -0.437536, 0.100000, 0.001017, 0.000100, 0.001017, 0.000100, 0.000000, 0.000100, 297.525364, 0.000000, 10.000000, 293.150000, 0.004000, 10.175015, 10.000000, 0.000102, 10.000000, 0.000102, 0.000000, 0.000102, 10.000000, 297.525364, 297.525364, 0.000000, 25.000000, 24.375364, -0.437536, -0.047464, 0.000000, 0.000100
4.82, 0.000000, 0.000000, 0.000100, 0.000102, 0.000000, -0.000002, 297.438726, 297.438726, 297.438726, -0.428873, 0.000000, 0.000000, 297.438726, 0.100000, 298.000000, 29.743873, 297.438726, 0.000000, 298.150000, 2.000000, 298.150000, 4.166670, 8.000000, 16.000000, 298.150000, 298.150000, 298.150000, 298.150000, 297.438726, 297.438726, 297.438726, 0.000000, 0.000002, 0.000000, 0.000002, 0.000000, 0.000000, 0.000000, 0.000000, 0.001017, 0.001017, 0.001017, 0.000100, 0.000000, 10.000000, 10.000000, 10.000000, 0.000002, 0.000100, 0.000102, 10.000000, 0.000002, 10.000000, 0.000002, 0.000000, 0.000002, 5000000.000000, 0.001017, 0.000000, 0.001017, 0.000000, 0.000000, 0.000000, 5000000.000000, 9.998983, 0.000100, 10.000000, 0.000100, 0.001017, 0.000100, 0.000000, 0.000010, 100000.000000, 0.500000, 100000.000000, 0.000000, 0.001017, 0.000100, 10.000000, 0.000102, 293.150000, -0.428873, 293.150000, -4.288726, -0.428873, 293.150000, -0.428873, 297.438726, -0.428873, 0.100000, 0.001017, 0.000100, 0.001017, 0.000100, 0.000000, 0.000100, 297.438726, 0.000000, 10.000000, 293.150000, 0.004000, 10.171549, 10.000000, 0.000102, 10.000000, 0.000102, 0.000000, 0.000102, 10.000000, 297.438726, 297.438726, 0.000000, 25.000000, 24.288726, -0.428872, -0.056127, 0.000000, 0.000100
4.84, 0.000000, 0.000000, 0.000100, 0.000102, 0.000000, -0.000002, 297.353803, 297.353803, 297.353803, -0.420380, 0.000000, 0.000000, 297.353803, 0.100000, 298.000000, 29.735380, 297.353803, 0.000000, 298.150000, 2.000000, 298.150000, 4.166670, 8.000000, 16.000000, 298.150000, 298.150000, 298.150000, 298.150000, 297.353803, 297.353803, 297.353803, 0.000000, 0.000002, 0.000000, 0.000002, 0.000000, 0.000000, 0.000000, 0.000000, 0.001017, 0.001017, 0.001017, 0.000100, 0.000000, 10.000000, 10.000000, 10.000000, 0.000002, 0.000100, 0.000102, 10.000000, 0.000002, 10.000000, 0.000002, 0.000000, 0.000002, 5000000.000000, 0.001017, 0.000000, 0.001017, 0.000000, 0.000000, 0.000000, 5000000.000000, 9.998983, 0.000100, 10.000000, 0.000100, 0.001017, 0.000100, 0.000000, 0.000010, 100000.000000, 0.500000, 100000.000000, 0.000000, 0.001017, 0.000100, 10.000000, 0.000102, 293.150000, -0.420380, 293.150000, -4.203803, -0.420380, 293.150000, -0.420380, 297.353803, -0.420380, 0.100000, 0.001017, 0.000100, 0.001017, 0.000100, 0.000000, 0.000100, 297.353803, 0.000000, 10.000000, 293.150000, 0.004000, 10.168152, 10.000000, 0.000102, 10.000000, 0.000102, 0.000000, 0.000102, 10.000000, 297.353803, 297.353803, 0.000000, 25.000000, 24.203803, -0.420380, -0.064620, 0.000000, 0.000100
4.86, 0.000000, 0.000000, 0.000100, 0.000102, 0.000000, -0.000002, 297.270563, 297.270563, 297.270563, -0.412056, 0.000000, 0.000000, 297.270563, 0.100000, 298.000000, 29.727056, 297.270563, 0.000000, 298.150000, 2.000000, 298.150000, 4.166670, 8.000000, 16.000000, 298.150000, 298.150000, 298.150000, 298.150000, 297.270563, 297.270563, 297.270563, 0.000000, 0.000002, 0.000000, 0.000002, 0.000000, 0.000000, 0.000000, 0.000000, 0.001016, 0.001016, 0.001016, 0.000100, 0.000000, 10.000000, 10.000000, 10.000000, 0.000002, 0.000100, 0.000102, 10.000000, 0.000002, 10.000000, 0.000002, 0.000000, 0.000002, 5000000.000000, 0.001016, 0.000000, 0.001016, 0.000000, 0.000000, 0.000000, 5000000.000000, 9.998984, 0.000100, 10.000000, 0.000100, 0.001016, 0.000100, 0.000000, 0.000010, 100000.000000, 0.500000, 100000.000000, 0.000000, 0.001016, 0.000100, 10.000000, 0.000102, 293.150000, -0.412056, 293.150000, -4.120563, -0.412056, 293.150000, -0.412056, 297.270563, -0.412056, 0.100000, 0.001016, 0.000100, 0.001016, 0.000100, 0.000000, 0.000100, 297.270563, 0.000000, 10.000000, 293.150000, 0.004000, 10.164823, 10.000000, 0.000102, 10.000000, 0.000102, 0.000000, 0.000102, 10.000000, 297.270563, 297.270563, 0.000000, 25.000000, 24.120563, -0.412056, -0.072944, 0.000000, 0.000100
4.88, 0.000000, 0.000000, 0.000100, 0.000102, 0.000000, -0.000002, 297.188970, 297.188970, 297.188970, -0.403897, 0.000000, 0.000000, 297.188970, 0.100000, 298.000000, 29.718897, 297.188970, 0.000000, 298.150000, 2.000000, 298.150000, 4.166670, 8.000000, 16.000000, 298.150000, 298.150000, 298.150000, 298.150000, 297.188970, 297.188970, 297.188970, 0.000000, 0.000002, 0.000000, 0.000002, 0.000000, 0.000000, 0.000000, 0.000000, 0.001016, 0.001016, 0.001016, 0.000100, 0.000000, 10.000000, 10.000000, 10.000000, 0.000002, 0.000100, 0.000102, 10.000000, 0.000002, 10.000000, 0.000002, 0.000000, 0.000002, 5000000.000000, 0.001016, 0.000000, 0.001016, 0.000000, 0.000000, 0.000000, 5000000.000000, 9.998984, 0.000100, 10.000000, 0.000100, 0.001016, 0.000100, 0.000000, 0.000010, 100000.000000, 0.500000, 100000.000000, 0.000000, 0.001016, 0.000100, 10.000000, 0.000102, 293.150000, -0.403897, 293.150000, -4.038970, -0.403897, 293.150000, -0.403897, 297.188970, -0.403897, 0.100000, 0.001016, 0.000100, 0.001016, 0.000100, 0.000000, 0.000100, 297.188970, 0.000000, 10.000000, 293.150000, 0.004000, 10.161559, 10.000000, 0.000102, 10.000000, 0.000102, 0.000000, 0.000102, 10.000000, 297.188970, 297.188970, 0.000000, 25.000000, 24.038970, -0.403897, -0.081103, 0.000000, 0.000100
4.9, 0.000000, 0.000000, 0.980523, 0.980527, 0.000000, -0.000004, 298.115647, 298.115647, 298.115647, -0.496565, 0.000000, 9.805223, 298.115647, 0.100000, 298.000000, 29.811565, 298.115647, 1.000000, 298.150000, 2.000000, 298.150000, 4.166670, 8.000000, 16.000000, 298.150000, 298.150000, 298.150000, 298.150000, 298.115647, 298.115647, 298.115647, 0.000000, 0.000002, 0.000000, 0.000002, 0.000000, 0.000002, 0.000000, 0.000002, 9.999990, 9.999990, 9.999990, 0.980523, 0.000002, 10.000000, 10.000000, 10.000000, 0.000002, 0.980525, 0.980527, 10.000000, 0.000002, 10.000000, 0.000002, 0.000000, 0.000002, 5000000.000000, 9.999990, 0.000002, 9.999990, 0.000002, 0.000000, 0.000002, 5000000.000000, 0.000010, 0.980525, 10.000000, 0.980525, 9.999990, 0.980525, 1.000000, 0.000010, 100000.000000, 0.500000, 0.000010, 1.000000, 9.999990, 0.980523, 10.000000, 0.980527, 293.150000, -0.496565, 293.150000, -4.965647, -0.496565, 293.150000, -0.496565, 298.115647, -0.496565, 0.100000, 9.999990, 0.980523, 9.999990, 0.980523, 0.000000, 0.980523, 298.115647, 9.805223, 10.000000, 293.150000, 0.004000, 10.198626, 10.000000, 0.980527, 10.000000, 0.980527, 0.000000, 0.980527, 10.000000, 298.115647, 298.115647, 0.000000, 25.000000, 24.965647, 9.308659, 0.011565, 0.000000, 0.980525
4.92, 0.000000, 0.000000, 0.000100, 0.000102, 0.000000, -0.000002, 299.097611, 299.097611, 299.097611, -0.594761, 0.000000, 0.000000, 299.097611, 0.100000, 298.000000, 29.909761, 299.097611, 0.000000, 298.150000, 2.000000, 298.150000, 4.166670, 8.000000, 16.000000, 298.150000, 298.150000, 298.150000, 298.150000, 299.097611, 299.097611, 299.097611, 0.000000, 0.000002, 0.000000, 0.000002, 0.000000, 0.000000, 0.000000, 0.000000, 0.001024, 0.001024, 0.001024, 0.000100, 0.000000, 10.000000, 10.000000, 10.000000, 0.000002, 0.000100, 0.000102, 10.000000, 0.000002, 10.000000, 0.000002, 0.000000, 0.000002, 5000000.000000, 0.001024, 0.000000, 0.001024, 0.000000, 0.000000, 0.000000, 5000000.000000, 9.998976, 0.000100, 10.000000, 0.000100, 0.001024, 0.000100, 0.000000, 0.000010, 100000.000000, 0.500000, 100000.000000, 0.000000, 0.001024, 0.000100, 10.000000, 0.000102, 293.150000, -0.594761, 293.150000, -5.947611, -0.594761, 293.150000, -0.594761, 299.097611, -0.594761, 0.100000, 0.001024, 0.000100, 0.001024, 0.000100, 0.000000, 0.000100, 299.097611, 0.000000, 10.000000, 293.150000, 0.004000, 10.237904, 10.000000, 0.000102, 10.000000, 0.000102, 0.000000, 0.000102, 10.000000, 299.097611, 299.097611, 0.000000, 25.000000, 25.947611, -0.594761, 0.109761, 0.000000, 0.000100
4.94, 0.000000, 0.000000, 0.000100, 0.000102, 0.000000, -0.000002, 298.979841, 298.979841, 298.979841, -0.582984, 0.000000, 0.000000, 298.979841, 0.100000, 298.000000, 29.897984, 298.979841, 0.000000, 298.150000, 2.000000, 298.150000, 4.166670, 8.000000, 16.000000, 298.150000, 298.150000, 298.150000, 298.150000, 298.979841, 298.979841, 298.979841, 0.000000, 0.000002, 0.000000, 0.000002, 0.000000, 0.000000, 0.000000, 0.000000, 0.001023, 0.001023, 0.001023, 0.000100, 0.000000, 10.000000, 10.000000, 10.000000, 0.000002, 0.000100, 0.000102, 10.000000, 0.000002, 10.000000, 0.000002, 0.000000, 0.000002, 5000000.000000, 0.001023, 0.000000, 0.001023, 0.000000, 0.000000, 0.000000, 5000000.000000, 9.998977, 0.000100, 10.000000, 0.000100, 0.001023, 0.000100, 0.000000, 0.000010, 100000.000000, 0.500000, 100000.000000, 0.000000, 0.001023, 0.000100, 10.000000, 0.000102, 293.150000, -0.582984, 293.150000, -5.829841, -0.582984, 293.150000, -0.582984, 298.979841, -0.582984, 0.100000, 0.001023, 0.000100, 0.001023, 0.000100, 0.000000, 0.000100, 298.979841, 0.000000, 10.000000, 293.150000, 0.004000, 10.233194, 10.000000, 0.000102, 10.000000, 0.000102, 0.000000, 0.000102, 10.000000, 298.979841, 298.979841, 0.000000, 25.000000, 25.829841, -0.582984, 0.097984, 0.000000, 0.000100
4.96, 0.000000, 0.000000, 0.000100, 0.000102, 0.000000, -0.000002, 298.864402, 298.864402, 298.864402, -0.571440, 0.000000, 0.000000, 298.864402, 0.100000, 298.000000, 29.886440, 298.864402, 0.000000, 298.150000, 2.000000, 298.150000, 4.166670, 8.000000, 16.000000, 298.150000, 298.150000, 298.150000, 298.150000, 298.864402, 298.864402, 298.864402, 0.000000, 0.000002, 0.000000, 0.000002, 0.000000, 0.000000, 0.000000, 0.000000, 0.001023, 0.001023, 0.001023, 0.000100, 0.000000, 10.000000, 10.000000, 10.000000, 0.000002, 0.000100, 0.000102, 10.000000, 0.000002, 10.000000, 0.000002, 0.000000, 0.000002, 5000000.000000, 0.001023, 0.000000, 0.001023, 0.000000, 0.000000, 0.000000, 5000000.000000, 9.998977, 0.000100, 10.000000, 0.000100, 0.001023, 0.000100, 0.000000, 0.000010, 100000.000000, 0.500000, 100000.000000, 0.000000, 0.001023, 0.000100, 10.000000, 0.000102, 293.150000, -0.571440, 293.150000, -5.714402, -0.571440, 293.150000, -0.571440, 298.864402, -0.571440, 0.100000, 0.001023, 0.000100, 0.001023, 0.000100, 0.000000, 0.000100, 298.864402, 0.000000, 10.000000, 293.150000, 0.004000, 10.228576, 10.000000, 0.000102, 10.000000, 0.000102, 0.000000, 0.000102, 10.000000, 298.864402, 298.864402, 0.000000, 25.000000, 25.714402, -0.571440, 0.086440, 0.000000, 0.000100
4.98, 0.000000, 0.000000, 0.000100, 0.000102, 0.000000, -0.000002, 298.751249, 298.751249, 298.751249, -0.560125, 0.000000, 0.000000, 298.751249, 0.100000, 298.000000, 29.875125, 298.751249, 0.000000, 298.150000, 2.000000, 298.150000, 4.166670, 8.000000, 16.000000, 298.150000, 298.150000, 298.150000, 298.150000, 298.751249, 298.751249, 298.751249, 0.000000, 0.000002, 0.000000, 0.000002, 0.000000, 0.000000, 0.000000, 0.000000, 0.001022, 0.001022, 0.001022, 0.000100, 0.000000, 10.000000, 10.000000, 10.000000, 0.000002, 0.000100, 0.000102, 10.000000, 0.000002, 10.000000, 0.000002, 0.000000, 0.000002, 5000000.000000, 0.001022, 0.000000, 0.001022, 0.000000, 0.000000, 0.000000, 5000000.000000, 9.998978, 0.000100, 10.000000, 0.000100, 0.001022, 0.000100, 0.000000, 0.000010, 100000.000000, 0.500000, 100000.000000, 0.000000, 0.001022, 0.000100, 10.000000, 0.000102, 293.150000, -0.560125, 293.150000, -5.601249, -0.560125, 293.150000, -0.560125, 298.751249, -0.560125, 0.100000, 0.001022, 0.000100, 0.001022, 0.000100, 0.000000, 0.000100, 298.751249, 0.000000, 10.000000, 293.150000, 0.004000, 10.224050, 10.000000, 0.000102, 10.000000, 0.000102, 0.000000, 0.000102, 10.000000, 298.751249, 298.751249, 0.000000, 25.000000, 25.601249, -0.560125, 0.075125, 0.000000, 0.000100
5, 0.000000, 0.000000, 0.000100, 0.000102, 0.000000, -0.000002, 298.640337, 298.640337, 298.640337, -0.549034, 0.000000, 0.000000, 298.640337, 0.100000, 298.000000, 29.864034, 298.640337, 0.000000, 298.150000, 2.000000, 298.150000, 4.166670, 8.000000, 16.000000, 298.150000, 298.150000, 298.150000, 298.150000, 298.640337, 298.640337, 298.640337, 0.000000, 0.000002, 0.000000, 0.000002, 0.000000, 0.000000, 0.000000, 0.000000, 0.001022, 0.001022, 0.001022, 0.000100, 0.000000, 10.000000, 10.000000, 10.000000, 0.000002, 0.000100, 0.000102, 10.000000, 0.000002, 10.000000, 0.000002, 0.000000, 0.000002, 5000000.000000, 0.001022, 0.000000, 0.001022, 0.000000, 0.000000, 0.000000, 5000000.000000, 9.998978, 0.000100, 10.000000, 0.000100, 0.001022, 0.000100, 0.000000, 0.000010, 100000.000000, 0.500000, 100000.000000, 0.000000, 0.001022, 0.000100, 10.000000, 0.000102, 293.150000, -0.549034, 293.150000, -5.490337, -0.549034, 293.150000, -0.549034, 298.640337, -0.549034, 0.100000, 0.001022, 0.000100, 0.001022, 0.000100, 0.000000, 0.000100, 298.640337, 0.000000, 10.000000, 293.150000, 0.004000, 10.219613, 10.000000, 0.000102, 10.000000, 0.000102, 0.000000, 0.000102, 10.000000, 298.640337, 298.640337, 0.000000, 25.000000, 25.490337, -0.549034, 0.064034, 0.000000, 0.000100
5.02, 0.000000, 0.000000, 0.000100, 0.000102, 0.000000, -0.000002, 298.531621, 298.531621, 298.531621, -0.538162, 0.000000, 0.000000, 298.531621, 0.100000, 298.000000, 29.853162, 298.531621, 0.000000, 298.150000, 2.000000, 298.150000, 4.166670, 8.000000, 16.000000, 298.150000, 298.150000, 298.150000, 298.150000, 298.531621, 298.531621, 298.531621, 0.000000, 0.000002, 0.000000, 0.000002, 0.000000, 0.000000, 0.000000, 0.000000, 0.001021, 0.001021, 0.001021, 0.000100, 0.000000, 10.000000, 10.000000, 10.000000, 0.000002, 0.000100, 0.000102, 10.000000, 0.000002, 10.000000, 0.000002, 0.000000, 0.000002, 5000000.000000, 0.001021, 0.000000, 0.001021, 0.000000, 0.000000, 0.000000, 5000000.000000, 9.998979, 0.000100, 10.000000, 0.000100, 0.001021, 0.000100, 0.000000, 0.000010, 100000.000000, 0.500000, 100000.000000, 0.000000, 0.001021, 0.000100, 10.000000, 0.000102, 293.150000, -0.538162, 293.150000, -5.381621, -0.538162, 293.150000, -0.538162, 298.531621, -0.538162, 0.100000, 0.001021, 0.000100, 0.001021, 0.000100, 0.000000, 0.000100, 298.531621, 0.000000, 10.000000, 293.150000, 0.004000, 10.215265, 10.000000, 0.000102, 10.000000, 0.000102, 0.000000, 0.000102, 10.000000, 298.531621, 298.531621, 0.000000, 25.000000, 25.381621, -0.538162, 0.053162, 0.000000, 0.000100
5.04, 0.000000, 0.000000, 0.000100, 0.000102, 0.000000, -0.000002, 298.425058, 298.425058, 298.425058, -0.527506, 0.000000, 0.000000, 298.425058, 0.100000, 298.000000, 29.842506, 298.425058, 0.000000, 298.150000, 2.000000, 298.150000, 4.166670, 8.000000, 16.000000, 298.150000, 298.150000, 298.150000, 298.150000, 298.425058, 298.425058, 298.425058, 0.000000, 0.000002, 0.000000, 0.000002, 0.000000, 0.000000, 0.000000, 0.000000, 0.001021, 0.001021, 0.001021, 0.000100, 0.000000, 10.000000, 10.000000, 10.000000, 0.000002, 0.000100, 0.000102, 10.000000, 0.000002, 10.000000, 0.000002, 0.000000, 0.000002, 5000000.000000, 0.001021, 0.000000, 0.001021, 0.000000, 0.000000, 0.000000, 5000000.000000, 9.998979, 0.000100, 10.000000, 0.000100, 0.001021, 0.000100, 0.000000, 0.000010, 100000.000000, 0.500000, 100000.000000, 0.000000, 0.001021, 0.000100, 10.000000, 0.000102, 293.150000, -0.527506, 293.150000, -5.275058, -0.527506, 293.150000, -0.527506, 298.425058, -0.527506, 0.100000, 0.001021, 0.000100, 0.001021, 0.000100, 0.000000, 0.000100, 298.425058, 0.000000, 10.000000, 293.150000, 0.004000, 10.211002, 10.000000, 0.000102, 10.000000, 0.000102, 0.000000, 0.000102, 10.000000, 298.425058, 298.425058, 0.000000, 25.000000, 25.275058, -0.527506, 0.042506, 0.000000, 0.000100
5.06, 0.000000, 0.000000, 0.000100, 0.000102, 0.000000, -0.000002, 298.320605, 298.320605, 298.320605, -0.517060, 0.000000, 0.000000, 298.320605, 0.100000, 298.000000, 29.832060, 298.320605, 0.000000, 298.150000, 2.000000, 298.150000, 4.166670, 8.000000, 16.000000, 298.150000, 298.150000, 298.150000, 298.150000, 298.320605, 298.320605, 298.320605, 0.000000, 0.000002, 0.000000, 0.000002, 0.000000, 0.000000, 0.000000, 0.000000, 0.001021, 0.001021, 0.001021, 0.000100, 0.000000, 10.000000, 10.000000, 10.000000, 0.000002, 0.000100, 0.000102, 10.000000, 0.000002, 10.000000, 0.000002, 0.000000, 0.000002, 5000000.000000, 0.001021, 0.000000, 0.001021, 0.000000, 0.000000, 0.000000, 5000000.000000, 9.998979, 0.000100, 10.000000, 0.000100, 0.001021, 0.000100, 0.000000, 0.000010, 100000.000000, 0.500000, 100000.000000, 0.000000, 0.001021, 0.000100, 10.000000, 0.000102, 293.150000, -0.517060, 293.150000, -5.170605, -0.517060, 293.150000, -0.517060, 298.320605, -0.517060, 0.100000, 0.001021, 0.000100, 0.001021, 0.000100, 0.000000, 0.000100, 298.320605, 0.000000, 10.000000, 293.150000, 0.004000, 10.206824, 10.000000, 0.000102, 10.000000, 0.000102, 0.000000, 0.000102, 10.000000, 298.320605, 298.320605, 0.000000, 25.000000, 25.170605, -0.517060, 0.032060, 0.000000, 0.000100
5.08, 0.000000, 0.000000, 0.000100, 0.000102, 0.000000, -0.000002, 298.218220, 298.218220, 298.218220, -0.506822, 0.000000, 0.000000, 298.218220, 0.100000, 298.000000, 29.821822, 298.218220, 0.000000, 298.150000, 2.000000, 298.150000, 4.166670, 8.000000, 16.000000, 298.150000, 298.150000, 298.150000, 298.150000, 298.218220, 298.218220, 298.218220, 0.000000, 0.000002, 0.000000, 0.000002, 0.000000, 0.000000, 0.000000, 0.000000, 0.001020, 0.001020, 0.001020, 0.000100, 0.000000, 10.000000, 10.000000, 10.000000, 0.000002, 0.000100, 0.000102, 10.000000, 0.000002, 10.000000, 0.000002, 0.000000, 0.000002, 5000000.000000, 0.001020, 0.000000, 0.001020, 0.000000, 0.000000, 0.000000, 5000000.000000, 9.998980, 0.000100, 10.000000, 0.000100, 0.001020, 0.000100, 0.000000, 0.000010, 100000.000000, 0.500000, 100000.000000, 0.000000, 0.001020, 0.000100, 10.000000, 0.000102, 293.150000, -0.506822, 293.150000, -5.068220, -0.506822, 293.150000, -0.506822, 298.218220, -0.506822, 0.100000, 0.001020, 0.000100, 0.001020, 0.000100, 0.000000, 0.000100, 298.218220, 0.000000, 10.000000, 293.150000, 0.004000, 10.202729, 10.000000, 0.000102, 10.000000, 0.000102, 0.000000, 0.000102, 10.000000, 298.218220, 298.218220, 0.000000, 25.000000, 25.068220, -0.506822, 0.021822, 0.000000, 0.000100
5.1, 0.000000, 0.000000, 0.000100, 0.000102, 0.000000, -0.000002, 298.117863, 298.117863, 298.117863, -0.496786, 0.000000, 0.000000, 298.117863, 0.100000, 298.000000, 29.811786, 298.117863, 0.000000, 298.150000, 2.000000, 298.150000, 4.166670, 8.000000, 16.000000, 298.150000, 298.150000, 298.150000, 298.150000, 298.117863, 298.117863, 298.117863, 0.000000, 0.000002, 0.000000, 0.000002, 0.000000, 0.000000, 0.000000, 0.000000, 0.001020, 0.001020, 0.001020, 0.000100, 0.000000, 10.000000, 10.000000, 10.000000, 0.000002, 0.000100, 0.000102, 10.000000, 0.000002, 10.000000, 0.000002, 0.000000, 0.000002, 5000000.000000, 0.001020, 0.000000, 0.001020, 0.000000, 0.000000, 0.000000, 5000000.000000, 9.998980, 0.000100, 10.000000, 0.000100, 0.001020, 0.000100, 0.000000, 0.000010, 100000.000000, 0.500000, 100000.000000, 0.000000, 0.001020, 0.000100, 10.000000, 0.000102, 293.150000, -0.496786, 293.150000, -4.967863, -0.496786, 293.150000, -0.496786, 298.117863, -0.496786, 0.100000, 0.001020, 0.000100, 0.001020, 0.000100, 0.000000, 0.000100, 298.117863, 0.000000, 10.000000, 293.150000, 0.004000, 10.198715, 10.000000, 0.000102, 10.000000, 0.000102, 0.000000, 0.000102, 10.000000, 298.117863, 298.117863, 0.000000, 25.000000, 24.967863, -0.496786, 0.011786, 0.000000, 0.000100
5.12, 0.000000, 0.000000, 0.000100, 0.000102, 0.000000, -0.000002, 298.019492, 298.019492, 298.019492, -0.486949, 0.000000, 0.000000, 298.019492, 0.100000, 298.000000, 29.801949, 298.019492, 0.000000, 298.150000, 2.000000, 298.150000, 4.166670, 8.000000, 16.000000, 298.150000, 298.150000, 298.150000, 298.150000, 298.019492, 298.019492, 298.019492, 0.000000, 0.000002, 0.000000, 0.000002, 0.000000, 0.000000, 0.000000, 0.000000, 0.001019, 0.001019, 0.001019, 0.000100, 0.000000, 10.000000, 10.000000, 10.000000, 0.000002, 0.000100, 0.000102, 10.000000, 0.000002, 10.000000, 0.000002, 0.000000, 0.000002, 5000000.000000, 0.001019, 0.000000, 0.001019, 0.000000, 0.000000, 0.000000, 5000000.000000, 9.998981, 0.000100, 10.000000, 0.000100, 0.001019, 0.000100, 0.000000, 0.000010, 100000.000000, 0.500000, 100000.000000, 0.000000, 0.001019, 0.000100, 10.000000, 0.000102, 293.150000, -0.486949, 293.150000, -4.869492, -0.486949, 293.150000, -0.486949, 298.019492, -0.486949, 0.100000, 0.001019, 0.000100, 0.001019, 0.000100, 0.000000, 0.000100, 298.019492, 0.000000, 10.000000, 293.150000, 0.004000, 10.194780, 10.000000, 0.000102, 10.000000, 0.000102, 0.000000, 0.000102, 10.000000, 298.019492, 298.019492, 0.000000, 25.000000, 24.869492, -0.486949, 0.001949, 0.000000, 0.000100
5.14, 0.000000, 0.000000, 0.000100, 0.000102, 0.000000, -0.000002, 297.923070, 297.923070, 297.923070, -0.477307, 0.000000, 0.000000, 297.923070, 0.100000, 298.000000, 29.792307, 297.923070, 0.000000, 298.150000, 2.000000, 298.150000, 4.166670, 8.000000, 16.000000, 298.150000, 298.150000, 298.150000, 298.150000, 297.923070, 297.923070, 297.923070, 0.000000, 0.000002, 0.000000, 0.000002, 0.000000, 0.000000, 0.000000, 0.000000, 0.001019, 0.001019, 0.001019, 0.000100, 0.000000, 10.000000, 10.000000, 10.000000, 0.000002, 0.000100, 0.000102, 10.000000, 0.000002, 10.000000, 0.000002, 0.000000, 0.000002, 5000000.000000, 0.001019, 0.000000, 0.001019, 0.000000, 0.000000, 0.000000, 5000000.000000, 9.998981, 0.000100, 10.000000, 0.000100, 0.001019, 0.000100, 0.000000, 0.000010, 100000.000000, 0.500000, 100000.000000, 0.000000, 0.001019, 0.000100, 10.000000, 0.000102, 293.150000, -0.477307, 293.150000, -4.773070, -0.477307, 293.150000, -0.477307, 297.923070, -0.477307, 0.100000, 0.001019, 0.000100, 0.001019, 0.000100, 0.000000, 0.000100, 297.923070, 0.000000, 10.000000, 293.150000, 0.004000, 10.190923, 10.000000, 0.000102, 10.000000, 0.000102, 0.000000, 0.000102, 10.000000, 297.923070, 297.923070, 0.000000, 25.000000, 24.773070, -0.477307, -0.007693, 0.000000, 0.000100
5.16, 0.000000, 0.000000, 0.000100, 0.000102, 0.000000, -0.000002, 297.828557, 297.828557, 297.828557, -0.467856, 0.000000, 0.000000, 297.828557, 0.100000, 298.000000, 29.782856, 297.828557, 0.000000, 298.150000, 2.000000, 298.150000, 4.166670, 8.000000, 16.000000, 298.150000, 298.150000, 298.150000, 298.150000, 297.828557, 297.828557, 297.828557, 0.000000, 0.000002, 0.000000, 0.000002, 0.000000, 0.000000, 0.000000, 0.000000, 0.001019, 0.001019, 0.001019, 0.000100, 0.000000, 10.000000, 10.000000, 10.000000, 0.000002, 0.000100, 0.000102, 10.000000, 0.000002, 10.000000, 0.000002, 0.000000, 0.000002, 5000000.000000, 0.001019, 0.000000, 0.001019, 0.000000, 0.000000, 0.000000, 5000000.000000, 9.998981, 0.000100, 10.000000, 0.000100, 0.001019, 0.000100, 0.000000, 0.000010, 100000.000000, 0.500000, 100000.000000, 0.000000, 0.001019, 0.000100, 10.000000, 0.000102, 293.150000, -0.467856, 293.150000, -4.678557, -0.467856, 293.150000, -0.467856, 297.828557, -0.467856, 0.100000, 0.001019, 0.000100, 0.001019, 0.000100, 0.000000, 0.000100, 297.828557, 0.000000, 10.000000, 293.150000, 0.004000, 10.187142, 10.000000, 0.000102, 10.000000, 0.000102, 0.000000, 0.000102, 10.000000, 297.828557, 297.828557, 0.000000, 25.000000, 24.678557, -0.467856, -0.017144, 0.000000, 0.000100
5.18, 0.000000, 0.000000, 0.000100, 0.000102, 0.000000, -0.000002, 297.735915, 297.735915, 297.735915, -0.458592, 0.000000, 0.000000, 297.735915, 0.100000, 298.000000, 29.773592, 297.735915, 0.000000, 298.150000, 2.000000, 298.150000, 4.166670, 8.000000, 16.000000, 298.150000, 298.150000, 298.150000, 298.150000, 297.735915, 297.735915, 297.735915, 0.000000, 0.000002, 0.000000, 0.000002, 0.000000, 0.000000, 0.000000, 0.000000, 0.001018, 0.001018, 0.001018, 0.000100, 0.000000, 10.000000, 10.000000, 10.000000, 0.000002, 0.000100, 0.000102, 10.000000, 0.000002, 10.000000, 0.000002, 0.000000, 0.000002, 5000000.000000, 0.001018, 0.000000, 0.001018, 0.000000, 0.000000, 0.000000, 5000000.000000, 9.998982, 0.000100, 10.000000, 0.000100, 0.001018, 0.000100, 0.000000, 0.000010, 100000.000000, 0.500000, 100000.000000, 0.000000, 0.001018, 0.000100, 10.000000, 0.000102, 293.150000, -0.458592, 293.150000, -4.585915, -0.458592, 293.150000, -0.458592, 297.735915, -0.458592, 0.100000, 0.001018, 0.000100, 0.001018, 0.000100, 0.000000, 0.000100, 297.735915, 0.000000, 10.000000, 293.150000, 0.004000, 10.183437, 10.000000, 0.000102, 10.000000, 0.000102, 0.000000, 0.000102, 10.000000, 297.735915, 297.735915, 0.000000, 25.000000, 24.585915, -0.458591, -0.026408, 0.000000, 0.000100
5.2, 0.000000, 0.000000, 0.000100, 0.000102, 0.000000, -0.000002, 297.645108, 297.645108, 297.645108, -0.449511, 0.000000, 0.000000, 297.645108, 0.100000, 298.000000, 29.764511, 297.645108, 0.000000, 298.150000, 2.000000, 298.150000, 4.166670, 8.000000, 16.000000, 298.150000, 298.150000, 298.150000, 298.150000, 297.645108, 297.645108, 297.645108, 0.000000, 0.000002, 0.000000, 0.000002, 0.000000, 0.000000, 0.000000, 0.000000, 0.001018, 0.001018, 0.001018, 0.000100, 0.000000, 10.000000, 10.000000, 10.000000, 0.000002, 0.000100, 0.000102, 10.000000, 0.000002, 10.000000, 0.000002, 0.000000, 0.000002, 5000000.000000, 0.001018, 0.000000, 0.001018, 0.000000, 0.000000, 0.000000, 5000000.000000, 9.998982, 0.000100, 10.000000, 0.000100, 0.001018, 0.000100, 0.000000, 0.000010, 100000.000000, 0.500000, 100000.000000, 0.000000, 0.001018, 0.000100, 10.000000, 0.000102, 293.150000, -0.449511, 293.150000, -4.495108, -0.449511, 293.150000, -0.449511, 297.645108, -0.449511, 0.100000, 0.001018, 0.000100, 0.001018, 0.000100, 0.000000, 0.000100, 297.645108, 0.000000, 10.000000, 293.150000, 0.004000, 10.179804, 10.000000, 0.000102, 10.000000, 0.000102, 0.000000, 0.000102, 10.000000, 297.645108, 297.645108, 0.000000, 25.000000, 24.495108, -0.449511, -0.035489, 0.000000, 0.000100
5.22, 0.000000, 0.000000, 0.000100, 0.000102, 0.000000, -0.000002, 297.556099, 297.556099, 297.556099, -0.440610, 0.000000, 0.000000, 297.556099, 0.100000, 298.000000, 29.755610, 297.556099, 0.000000, 298.150000, 2.000000, 298.150000, 4.166670, 8.000000, 16.000000, 298.150000, 298.150000, 298.150000, 298.150000, 297.556099, 297.556099, 297.556099, 0.000000, 0.000002, 0.000000, 0.000002, 0.000000, 0.000000, 0.000000, 0.000000, 0.001018, 0.001018, 0.001018, 0.000100, 0.000000, 10.000000, 10.000000, 10.000000, 0.000002, 0.000100, 0.000102, 10.000000, 0.000002, 10.000000, 0.000002, 0.000000, 0.000002, 5000000.000000, 0.001018, 0.000000, 0.001018, 0.000000, 0.000000, 0.000000, 5000000.000000, 9.998982, 0.000100, 10.000000, 0.000100, 0.001018, 0.000100, 0.000000, 0.000010, 100000.000000, 0.500000, 100000.000000, 0.000000, 0.001018, 0.000100, 10.000000, 0.000102, 293.150000, -0.440610, 293.150000, -4.406099, -0.440610, 293.150000, -0.440610, 297.556099, -0.440610, 0.100000, 0.001018, 0.000100, 0.001018, 0.000100, 0.000000, 0.000100, 297.556099, 0.000000, 10.000000, 293.150000, 0.004000, 10.176244, 10.000000, 0.000102, 10.000000, 0.000102, 0.000000, 0.000102, 10.000000, 297.556099, 297.556099, 0.000000, 25.000000, 24.406099, -0.440610, -0.044390, 0.000000, 0.000100
5.24, 0.000000, 0.000000, 0.000100, 0.000102, 0.000000, -0.000002, 297.468852, 297.468852, 297.468852, -0.431885, 0.000000, 0.000000, 297.468852, 0.100000, 298.000000, 29.746885, 297.468852, 0.000000, 298.150000, 2.000000, 298.150000, 4.166670, 8.000000, 16.000000, 298.150000, 298.150000, 298.150000, 298.150000, 297.468852, 297.468852, 297.468852, 0.000000, 0.000002, 0.000000, 0.000002, 0.000000, 0.000000, 0.000000, 0.000000, 0.001017, 0.001017, 0.001017, 0.000100, 0.000000, 10.000000, 10.000000, 10.000000, 0.000002, 0.000100, 0.000102, 10.000000, 0.000002, 10.000000, 0.000002, 0.000000, 0.000002, 5000000.000000, 0.001017, 0.000000, 0.001017, 0.000000, 0.000000, 0.000000, 5000000.000000, 9.998983, 0.000100, 10.000000, 0.000100, 0.001017, 0.000100, 0.000000, 0.000010, 100000.000000, 0.500000, 100000.000000, 0.000000, 0.001017, 0.000100, 10.000000, 0.000102, 293.150000, -0.431885, 293.150000, -4.318852, -0.431885, 293.150000, -0.431885, 297.468852, -0.431885, 0.100000, 0.001017, 0.000100, 0.001017, 0.000100, 0.000000, 0.000100, 297.468852, 0.000000, 10.000000, 293.150000, 0.004000, 10.172754, 10.000000, 0.000102, 10.000000, 0.000102, 0.000000, 0.000102, 10.000000, 297.468852, 297.468852, 0.000000, 25.000000, 24.318852, -0.431885, -0.053115, 0.000000, 0.000100
5.26, 0.000000, 0.000000, 0.000100, 0.000102, 0.000000, -0.000002, 297.383333, 297.383333, 297.383333, -0.423333, 0.000000, 0.000000, 297.383333, 0.100000, 298.000000, 29.738333, 297.383333, 0.000000, 298.150000, 2.000000, 298.150000, 4.166670, 8.000000, 16.000000, 298.150000, 298.150000, 298.150000, 298.150000, 297.383333, 297.383333, 297.383333, 0.000000, 0.000002, 0.000000, 0.000002, 0.000000, 0.000000, 0.000000, 0.000000, 0.001017, 0.001017, 0.001017, 0.000100, 0.000000, 10.000000, 10.000000, 10.000000, 0.000002, 0.000100, 0.000102, 10.000000, 0.000002, 10.000000, 0.000002, 0.000000, 0.000002, 5000000.000000, 0.001017, 0.000000, 0.001017, 0.000000, 0.000000, 0.000000, 5000000.000000, 9.998983, 0.000100, 10.000000, 0.000100, 0.001017, 0.000100, 0.000000, 0.000010, 100000.000000, 0.500000, 100000.000000, 0.000000, 0.001017, 0.000100, 10.000000, 0.000102, 293.150000, -0.423333, 293.150000, -4.233333, -0.423333, 293.150000, -0.423333, 297.383333, -0.423333, 0.100000, 0.001017, 0.000100, 0.001017, 0.000100, 0.000000, 0.000100, 297.383333, 0.000000, 10.000000, 293.150000, 0.004000, 10.169333, 10.000000, 0.000102, 10.000000, 0.000102, 0.000000, 0.000102, 10.000000, 297.383333, 297.383333, 0.000000, 25.000000, 24.233333, -0.423333, -0.061667, 0.000000, 0.000100
5.28, 0.000000, 0.000000, 0.000100, 0.000102, 0.000000, -0.000002, 297.299508, 297.299508, 297.299508, -0.414951, 0.000000, 0.000000, 297.299508, 0.100000, 298.000000, 29.729951, 297.299508, 0.000000, 298.150000, 2.000000, 298.150000, 4.166670, 8.000000, 16.000000, 298.150000, 298.150000, 298.150000, 298.150000, 297.299508, 297.299508, 297.299508, 0.000000, 0.000002, 0.000000, 0.000002, 0.000000, 0.000000, 0.000000, 0.000000, 0.001016, 0.001016, 0.001016, 0.000100, 0.000000, 10.000000, 10.000000, 10.000000, 0.000002, 0.000100, 0.000102, 10.000000, 0.000002, 10.000000, 0.000002, 0.000000, 0.000002, 5000000.000000, 0.001016, 0.000000, 0.001016, 0.000000, 0.000000, 0.000000, 5000000.000000, 9.998984, 0.000100, 10.000000, 0.000100, 0.001016, 0.000100, 0.000000, 0.000010, 100000.000000, 0.500000, 100000.000000, 0.000000, 0.001016, 0.000100, 10.000000, 0.000102, 293.150000, -0.414951, 293.150000, -4.149508, -0.414951, 293.150000, -0.414951, 297.299508, -0.414951, 0.100000, 0.001016, 0.000100, 0.001016, 0.000100, 0.000000, 0.000100, 297.299508, 0.000000, 10.000000, 293.150000, 0.004000, 10.165980, 10.000000, 0.000102, 10.000000, 0.000102, 0.000000, 0.000102, 10.000000, 297.299508, 297.299508, 0.000000, 25.000000, 24.149508, -0.414951, -0.070049, 0.000000, 0.000100
5.3, 0.000000, 0.000000, 0.000100, 0.000102, 0.000000, -0.000002, 297.217342, 297.217342, 297.217342, -0.406734, 0.000000, 0.000000, 297.217342, 0.100000, 298.000000, 29.721734, 297.217342, 0.000000, 298.150000, 2.000000, 298.150000, 4.166670, 8.000000, 16.000000, 298.150000, 298.150000, 298.150000, 298.150000, 297.217342, 297.217342, 297.217342, 0.000000, 0.000002, 0.000000, 0.000002, 0.000000, 0.000000, 0.000000, 0.000000, 0.001016, 0.001016, 0.001016, 0.000100, 0.000000, 10.000000, 10.000000, 10.000000, 0.000002, 0.000100, 0.000102, 10.000000, 0.000002, 10.000000, 0.000002, 0.000000, 0.000002, 5000000.000000, 0.001016, 0.000000, 0.001016, 0.000000, 0.000000, 0.000000, 5000000.000000, 9.998984, 0.000100, 10.000000, 0.000100, 0.001016, 0.000100, 0.000000, 0.000010, 100000.000000, 0.500000, 100000.000000, 0.000000, 0.001016, 0.000100, 10.000000, 0.000102, 293.150000, -0.406734, 293.150000, -4.067342, -0.406734, 293.150000, -0.406734, 297.217342, -0.406734, 0.100000, 0.001016, 0.000100, 0.001016, 0.000100, 0.000000, 0.000100, 297.217342, 0.000000, 10.000000, 293.150000, 0.004000, 10.162694, 10.000000, 0.000102, 10.000000, 0.000102, 0.000000, 0.000102, 10.000000, 297.217342, 297.217342, 0.000000, 25.000000, 24.067342, -0.406734, -0.078266, 0.000000, 0.000100
5.32, 0.000000, 0.000000, 0.983048, 0.983052, 0.000000, -0.000004, 297.460872, 297.460872, 297.460872, -0.431087, 0.000000, 9.830469, 297.460872, 0.100000, 298.000000, 29.746087, 297.460872, 1.000000, 298.150000, 2.000000, 298.150000, 4.166670, 8.000000, 16.000000, 298.150000, 298.150000, 298.150000, 298.150000, 297.460872, 297.460872, 297.460872, 0.000000, 0.000002, 0.000000, 0.000002, 0.000000, 0.000002, 0.000000, 0.000002, 9.999990, 9.999990, 9.999990, 0.983048, 0.000002, 10.000000, 10.000000, 10.000000, 0.000002, 0.983050, 0.983052, 10.000000, 0.000002, 10.000000, 0.000002, 0.000000, 0.000002, 5000000.000000, 9.999990, 0.000002, 9.999990, 0.000002, 0.000000, 0.000002, 5000000.000000, 0.000010, 0.983050, 10.000000, 0.983050, 9.999990, 0.983050, 1.000000, 0.000010, 100000.000000, 0.500000, 0.000010, 1.000000, 9.999990, 0.983048, 10.000000, 0.983052, 293.150000, -0.431087, 293.150000, -4.310872, -0.431087, 293.150000, -0.431087, 297.460872, -0.431087, 0.100000, 9.999990, 0.983048, 9.999990, 0.983048, 0.000000, 0.983048, 297.460872, 9.830469, 10.000000, 293.150000, 0.004000, 10.172435, 10.000000, 0.983052, 10.000000, 0.983052, 0.000000, 0.983052, 10.000000, 297.460872, 297.460872, 0.000000, 25.000000, 24.310872, 9.399382, -0.053913, 0.000000, 0.983050
5.34, 0.000000, 0.000000, 0.000100, 0.000102, 0.000000, -0.000002, 299.139391, 299.139391, 299.139391, -0.598939, 0.000000, 0.000000, 299.139391, 0.100000, 298.000000, 29.913939, 299.139391, 0.000000, 298.150000, 2.000000, 298.150000, 4.166670, 8.000000, 16.000000, 298.150000, 298.150000, 298.150000, 298.150000, 299.139391, 299.139391, 299.139391, 0.000000, 0.000002, 0.000000, 0.000002, 0.000000, 0.000000, 0.000000, 0.000000, 0.001024, 0.001024, 0.001024, 0.000100, 0.000000, 10.000000, 10.000000, 10.000000, 0.000002, 0.000100, 0.000102, 10.000000, 0.000002, 10.000000, 0.000002, 0.000000, 0.000002, 5000000.000000, 0.001024, 0.000000, 0.001024, 0.000000, 0.000000, 0.000000, 5000000.000000, 9.998976, 0.000100, 10.000000, 0.000100, 0.001024, 0.000100, 0.000000, 0.000010, 100000.000000, 0.500000, 100000.000000, 0.000000, 0.001024, 0.000100, 10.000000, 0.000102, 293.150000, -0.598939, 293.150000, -5.989391, -0.598939, 293.150000, -0.598939, 299.139391, -0.598939, 0.100000, 0.001024, 0.000100, 0.001024, 0.000100, 0.000000, 0.000100, 299.139391, 0.000000, 10.000000, 293.150000, 0.004000, 10.239576, 10.000000, 0.000102, 10.000000, 0.000102, 0.000000, 0.000102, 10.000000, 299.139391, 299.139391, 0.000000, 25.000000, 25.989391, -0.598939, 0.113939, 0.000000, 0.000100
5.36, 0.000000, 0.000000, 0.000100, 0.000102, 0.000000, -0.000002, 299.020793, 299.020793, 299.020793, -0.587079, 0.000000, 0.000000, 299.020793, 0.100000, 298.000000, 29.902079, 299.020793, 0.000000, 298.150000, 2.000000, 298.150000, 4.166670, 8.000000, 16.000000, 298.150000, 298.150000, 298.150000, 298.150000, 299.020793, 299.020793, 299.020793, 0.000000, 0.000002, 0.000000, 0.000002, 0.000000, 0.000000, 0.000000, 0.000000, 0.001023, 0.001023, 0.001023, 0.000100, 0.000000, 10.000000, 10.000000, 10.000000, 0.000002, 0.000100, 0.000102, 10.000000, 0.000002, 10.000000, 0.000002, 0.000000, 0.000002, 5000000.000000, 0.001023, 0.000000, 0.001023, 0.000000, 0.000000, 0.000000, 5000000.000000, 9.998977, 0.000100, 10.000000, 0.000100, 0.001023, 0.000100, 0.000000, 0.000010, 100000.000000, 0.500000, 100000.000000, 0.000000, 0.001023, 0.000100, 10.000000, 0.000102, 293.150000, -0.587079, 293.150000, -5.870793, -0.587079, 293.150000, -0.587079, 299.020793, -0.587079, 0.100000, 0.001023, 0.000100, 0.001023, 0.000100, 0.000000, 0.000100, 299.020793, 0.000000, 10.000000, 293.150000, 0.004000, 10.234832, 10.000000, 0.000102, 10.000000, 0.000102, 0.000000, 0.000102, 10.000000, 299.020793, 299.020793, 0.000000, 25.000000, 25.870793, -0.587079, 0.102079, 0.000000, 0.000100
5.38, 0.000000, 0.000000, 0.000100, 0.000102, 0.000000, -0.000002, 298.904543, 298.904543, 298.904543, -0.575454, 0.000000, 0.000000, 298.904543, 0.100000, 298.000000, 29.890454, 298.904543, 0.000000, 298.150000, 2.000000, 298.150000, 4.166670, 8.000000, 16.000000, 298.150000, 298.150000, 298.150000, 298.150000, 298.904543, 298.904543, 298.904543, 0.000000, 0.000002, 0.000000, 0.000002, 0.000000, 0.000000, 0.000000, 0.000000, 0.001023, 0.001023, 0.001023, 0.000100, 0.000000, 10.000000, 10.000000, 10.000000, 0.000002, 0.000100, 0.000102, 10.000000, 0.000002, 10.000000, 0.000002, 0.000000, 0.000002, 5000000.000000, 0.001023, 0.000000, 0.001023, 0.000000, 0.000000, 0.000000, 5000000.000000, 9.998977, 0.000100, 10.000000, 0.000100, 0.001023, 0.000100, 0.000000, 0.000010, 100000.000000, 0.500000, 100000.000000, 0.000000, 0.001023, 0.000100, 10.000000, 0.000102, 293.150000, -0.575454, 293.150000, -5.754543, -0.575454, 293.150000, -0.575454, 298.904543, -0.575454, 0.100000, 0.001023, 0.000100, 0.001023, 0.000100, 0.000000, 0.000100, 298.904543, 0.000000, 10.000000, 293.150000, 0.004000, 10.230182, 10.000000, 0.000102, 10.000000, 0.000102, 0.000000, 0.000102, 10.000000, 298.904543, 298.904543, 0.000000, 25.000000, 25.754543, -0.575454, 0.090454, 0.000000, 0.000100
5.4, 0.000000, 0.000000, 0.000100, 0.000102, 0.000000, -0.000002, 298.790596, 298.790596, 298.790596, -0.564060, 0.000000, 0.000000, 298.790596, 0.100000, 298.000000, 29.879060, 298.790596, 0.000000, 298.150000, 2.000000, 298.150000, 4.166670, 8.000000, 16.000000, 298.150000, 298.150000, 298.150000, 298.150000, 298.790596, 298.790596, 298.790596, 0.000000, 0.000002, 0.000000, 0.000002, 0.000000, 0.000000, 0.000000, 0.000000, 0.001022, 0.001022, 0.001022, 0.000100, 0.000000, 10.000000, 10.000000, 10.000000, 0.000002, 0.000100, 0.000102, 10.000000, 0.000002, 10.000000, 0.000002, 0.000000, 0.000002, 5000000.000000, 0.001022, 0.000000, 0.001022, 0.000000, 0.000000, 0.000000, 5000000.000000, 9.998978, 0.000100, 10.000000, 0.000100, 0.001022, 0.000100, 0.000000, 0.000010, 100000.000000, 0.500000, 100000.000000, 0.000000, 0.001022, 0.000100, 10.000000, 0.000102, 293.150000, -0.564060, 293.150000, -5.640596, -0.564060, 293.150000, -0.564060, 298.790596, -0.564060, 0.100000, 0.001022, 0.000100, 0.001022, 0.000100, 0.000000, 0.000100, 298.790596, 0.000000, 10.000000, 293.150000, 0.004000, 10.225624, 10.000000, 0.000102, 10.000000, 0.000102, 0.000000, 0.000102, 10.000000, 298.790596, 298.790596, 0.000000, 25.000000, 25.640596, -0.564059, 0.079060, 0.000000, 0.000100
5.42, 0.000000, 0.000000, 0.000100, 0.000102, 0.000000, -0.000002, 298.678904, 298.678904, 298.678904, -0.552890, 0.000000, 0.000000, 298.678904, 0.100000, 298.000000, 29.867890, 298.678904, 0.000000, 298.150000, 2.000000, 298.150000, 4.166670, 8.000000, 16.000000, 298.150000, 298.150000, 298.150000, 298.150000, 298.678904, 298.678904, 298.678904, 0.000000, 0.000002, 0.000000, 0.000002, 0.000000, 0.000000, 0.000000, 0.000000, 0.001022, 0.001022, 0.001022, 0.000100, 0.000000, 10.000000, 10.000000, 10.000000, 0.000002, 0.000100, 0.000102, 10.000000, 0.000002, 10.000000, 0.000002, 0.000000, 0.000002, 5000000.000000, 0.001022, 0.000000, 0.001022, 0.000000, 0.000000, 0.000000, 5000000.000000, 9.998978, 0.000100, 10.000000, 0.000100, 0.001022, 0.000100, 0.000000, 0.000010, 100000.000000, 0.500000, 100000.000000, 0.000000, 0.001022, 0.000100, 10.000000, 0.000102, 293.150000, -0.552890, 293.150000, -5.528904, -0.552890, 293.150000, -0.552890, 298.678904, -0.552890, 0.100000, 0.001022, 0.000100, 0.001022, 0.000100, 0.000000, 0.000100, 298.678904, 0.000000, 10.000000, 293.150000, 0.004000, 10.221156, 10.000000, 0.000102, 10.000000, 0.000102, 0.000000, 0.000102, 10.000000, 298.678904, 298.678904, 0.000000, 25.000000, 25.528904, -0.552890, 0.067890, 0.000000, 0.000100
5.44, 0.000000, 0.000000, 0.000100, 0.000102, 0.000000, -0.000002, 298.569425, 298.569425, 298.569425, -0.541942, 0.000000, 0.000000, 298.569425, 0.100000, 298.000000, 29.856942, 298.569425, 0.000000, 298.150000, 2.000000, 298.150000, 4.166670, 8.000000, 16.000000, 298.150000, 298.150000, 298.150000, 298.150000, 298.569425, 298.569425, 298.569425, 0.000000, 0.000002, 0.000000, 0.000002, 0.000000, 0.000000, 0.000000, 0.000000, 0.001022, 0.001022, 0.001022, 0.000100, 0.000000, 10.000000, 10.000000, 10.000000, 0.000002, 0.000100, 0.000102, 10.000000, 0.000002, 10.000000, 0.000002, 0.000000, 0.000002, 5000000.000000, 0.001022, 0.000000, 0.001022, 0.000000, 0.000000, 0.000000, 5000000.000000, 9.998978, 0.000100, 10.000000, 0.000100, 0.001022, 0.000100, 0.000000, 0.000010, 100000.000000, 0.500000, 100000.000000, 0.000000, 0.001022, 0.000100, 10.000000, 0.000102, 293.150000, -0.541942, 293.150000, -5.419425, -0.541942, 293.150000, -0.541942, 298.569425, -0.541942, 0.100000, 0.001022, 0.000100, 0.001022, 0.000100, 0.000000, 0.000100, 298.569425, 0.000000, 10.000000, 293.150000, 0.004000, 10.216777, 10.000000, 0.000102, 10.000000, 0.000102, 0.000000, 0.000102, 10.000000, 298.569425, 298.569425, 0.000000, 25.000000, 25.419425, -0.541942, 0.056942, 0.000000, 0.000100
5.46, 0.000000, 0.000000, 0.000100, 0.000102, 0.000000, -0.000002, 298.462113, 298.462113, 298.462113, -0.531211, 0.000000, 0.000000, 298.462113, 0.100000, 298.000000, 29.846211, 298.462113, 0.000000, 298.150000, 2.000000, 298.150000, 4.166670, 8.000000, 16.000000, 298.150000, 298.150000, 298.150000, 298.150000, 298.462113, 298.462113, 298.462113, 0.000000, 0.000002, 0.000000, 0.000002, 0.000000, 0.000000, 0.000000, 0.000000, 0.001021, 0.001021, 0.001021, 0.000100, 0.000000, 10.000000, 10.000000, 10.000000, 0.000002, 0.000100, 0.000102, 10.000000, 0.000002, 10.000000, 0.000002, 0.000000, 0.000002, 5000000.000000, 0.001021, 0.000000, 0.001021, 0.000000, 0.000000, 0.000000, 5000000.000000, 9.998979, 0.000100, 10.000000, 0.000100, 0.001021, 0.000100, 0.000000, 0.000010, 100000.000000, 0.500000, 100000.000000, 0.000000, 0.001021, 0.000100, 10.000000, 0.000102, 293.150000, -0.531211, 293.150000, -5.312113, -0.531211, 293.150000, -0.531211, 298.462113, -0.531211, 0.100000, 0.001021, 0.000100, 0.001021, 0.000100, 0.000000, 0.000100, 298.462113, 0.000000, 10.000000, 293.150000, 0.004000, 10.212485, 10.000000, 0.000102, 10.000000, 0.000102, 0.000000, 0.000102, 10.000000, 298.462113, 298.462113, 0.000000, 25.000000, 25.312113, -0.531211, 0.046211, 0.000000, 0.000100
5.48, 0.000000, 0.000000, 0.000100, 0.000102, 0.000000, -0.000002, 298.356926, 298.356926, 298.356926, -0.520693, 0.000000, 0.000000, 298.356926, 0.100000, 298.000000, 29.835693, 298.356926, 0.000000, 298.150000, 2.000000, 298.150000, 4.166670, 8.000000, 16.000000, 298.150000, 298.150000, 298.150000, 298.150000, 298.356926, 298.356926, 298.356926, 0.000000, 0.000002, 0.000000, 0.000002, 0.000000, 0.000000, 0.000000, 0.000000, 0.001021, 0.001021, 0.001021, 0.000100, 0.000000, 10.000000, 10.000000, 10.000000, 0.000002, 0.000100, 0.000102, 10.000000, 0.000002, 10.000000, 0.000002, 0.000000, 0.000002, 5000000.000000, 0.001021, 0.000000, 0.001021, 0.000000, 0.000000, 0.000000, 5000000.000000, 9.998979, 0.000100, 10.000000, 0.000100, 0.001021, 0.000100, 0.000000, 0.000010, 100000.000000, 0.500000, 100000.000000, 0.000000, 0.001021, 0.000100, 10.000000, 0.000102, 293.150000, -0.520693, 293.150000, -5.206926, -0.520693, 293.150000, -0.520693, 298.356926, -0.520693, 0.100000, 0.001021, 0.000100, 0.001021, 0.000100, 0.000000, 0.000100, 298.356926, 0.000000, 10.000000, 293.150000, 0.004000, 10.208277, 10.000000, 0.000102, 10.000000, 0.000102, 0.000000, 0.000102, 10.000000, 298.356926, 298.356926, 0.000000, 25.000000, 25.206926, -0.520693, 0.035693, 0.000000, 0.000100
5.5, 0.000000, 0.000000, 0.000100, 0.000102, 0.000000, -0.000002, 298.253822, 298.253822, 298.253822, -0.510382, 0.000000, 0.000000, 298.253822, 0.100000, 298.000000, 29.825382, 298.253822, 0.000000, 298.150000, 2.000000, 298.150000, 4.166670, 8.000000, 16.000000, 298.150000, 298.150000, 298.150000, 298.150000, 298.253822, 298.253822, 298.253822, 0.000000, 0.000002, 0.000000, 0.000002, 0.000000, 0.000000, 0.000000, 0.000000, 0.001020, 0.001020, 0.001020, 0.000100, 0.000000, 10.000000, 10.000000, 10.000000, 0.000002, 0.000100, 0.000102, 10.000000, 0.000002, 10.000000, 0.000002, 0.000000, 0.000002, 5000000.000000, 0.001020, 0.000000, 0.001020, 0.000000, 0.000000, 0.000000, 5000000.000000, 9.998980, 0.000100, 10.000000, 0.000100, 0.001020, 0.000100, 0.000000, 0.000010, 100000.000000, 0.500000, 100000.000000, 0.000000, 0.001020, 0.000100, 10.000000, 0.000102, 293.150000, -0.510382, 293.150000, -5.103822, -0.510382, 293.150000, -0.510382, 298.253822, -0.510382, 0.100000, 0.001020, 0.000100, 0.001020, 0.000100, 0.000000, 0.000100, 298.253822, 0.000000, 10.000000, 293.150000, 0.004000, 10.204153, 10.000000, 0.000102, 10.000000, 0.000102, 0.000000, 0.000102, 10.000000, 298.253822, 298.253822, 0.000000, 25.000000, 25.103822, -0.510382, 0.025382, 0.000000, 0.000100
5.52, 0.000000, 0.000000, 0.000100, 0.000102, 0.000000, -0.000002, 298.152760, 298.152760, 298.152760, -0.500276, 0.000000, 0.000000, 298.152760, 0.100000, 298.000000, 29.815276, 298.152760, 0.000000, 298.150000, 2.000000, 298.150000, 4.166670, 8.000000, 16.000000, 298.150000, 298.150000, 298.150000, 298.150000, 298.152760, 298.152760, 298.152760, 0.000000, 0.000002, 0.000000, 0.000002, 0.000000, 0.000000, 0.000000, 0.000000, 0.001020, 0.001020, 0.001020, 0.000100, 0.000000, 10.000000, 10.000000, 10.000000, 0.000002, 0.000100, 0.000102, 10.000000, 0.000002, 10.000000, 0.000002, 0.000000, 0.000002, 5000000.000000, 0.001020, 0.000000, 0.001020, 0.000000, 0.000000, 0.000000, 5000000.000000, 9.998980, 0.000100, 10.000000, 0.000100, 0.001020, 0.000100, 0.000000, 0.000010, 100000.000000, 0.500000, 100000.000000, 0.000000, 0.001020, 0.000100, 10.000000, 0.000102, 293.150000, -0.500276, 293.150000, -5.002760, -0.500276, 293.150000, -0.500276, 298.152760, -0.500276, 0.100000, 0.001020, 0.000100, 0.001020, 0.000100, 0.000000, 0.000100, 298.152760, 0.000000, 10.000000, 293.150000, 0.004000, 10.200110, 10.000000, 0.000102, 10.000000, 0.000102, 0.000000, 0.000102, 10.000000, 298.152760, 298.152760, 0.000000, 25.000000, 25.002760, -0.500276, 0.015276, 0.000000, 0.000100
5.54, 0.000000, 0.000000, 0.000100, 0.000102, 0.000000, -0.000002, 298.053698, 298.053698, 298.053698, -0.490370, 0.000000, 0.000000, 298.053698, 0.100000, 298.000000, 29.805370, 298.053698, 0.000000, 298.150000, 2.000000, 298.150000, 4.166670, 8.000000, 16.000000, 298.150000, 298.150000, 298.150000, 298.150000, 298.053698, 298.053698, 298.053698, 0.000000, 0.000002, 0.000000, 0.000002, 0.000000, 0.000000, 0.000000, 0.000000, 0.001020, 0.001020, 0.001020, 0.000100, 0.000000, 10.000000, 10.000000, 10.000000, 0.000002, 0.000100, 0.000102, 10.000000, 0.000002, 10.000000, 0.000002, 0.000000, 0.000002, 5000000.000000, 0.001020, 0.000000, 0.001020, 0.000000, 0.000000, 0.000000, 5000000.000000, 9.998980, 0.000100, 10.000000, 0.000100, 0.001020, 0.000100, 0.000000, 0.000010, 100000.000000, 0.500000, 100000.000000, 0.000000, 0.001020, 0.000100, 10.000000, 0.000102, 293.150000, -0.490370, 293.150000, -4.903698, -0.490370, 293.150000, -0.490370, 298.053698, -0.490370, 0.100000, 0.001020, 0.000100, 0.001020, 0.000100, 0.000000, 0.000100, 298.053698, 0.000000, 10.000000, 293.150000, 0.004000, 10.196148, 10.000000, 0.000102, 10.000000, 0.000102, 0.000000, 0.000102, 10.000000, 298.053698, 298.053698, 0.000000, 25.000000, 24.903698, -0.490370, 0.005370, 0.000000, 0.000100
5.56, 0.000000, 0.000000, 0.000100, 0.000102, 0.000000, -0.000002, 297.956599, 297.956599, 297.956599, -0.480660, 0.000000, 0.000000, 297.956599, 0.100000, 298.000000, 29.795660, 297.956599, 0.000000, 298.150000, 2.000000, 298.150000, 4.166670, 8.000000, 16.000000, 298.150000, 298.150000, 298.150000, 298.150000, 297.956599, 297.956599, 297.956599, 0.000000, 0.000002, 0.000000, 0.000002, 0.000000, 0.000000, 0.000000, 0.000000, 0.001019, 0.001019, 0.001019, 0.000100, 0.000000, 10.000000, 10.000000, 10.000000, 0.000002, 0.000100, 0.000102, 10.000000, 0.000002, 10.000000, 0.000002, 0.000000, 0.000002, 5000000.000000, 0.001019, 0.000000, 0.001019, 0.000000, 0.000000, 0.000000, 5000000.000000, 9.998981, 0.000100, 10.000000, 0.000100, 0.001019, 0.000100, 0.000000, 0.000010, 100000.000000, 0.500000, 100000.000000, 0.000000, 0.001019, 0.000100, 10.000000, 0.000102, 293.150000, -0.480660, 293.150000, -4.806599, -0.480660, 293.150000, -0.480660, 297.956599, -0.480660, 0.100000, 0.001019, 0.000100, 0.001019, 0.000100, 0.000000, 0.000100, 297.956599, 0.000000, 10.000000, 293.150000, 0.004000, 10.192264, 10.000000, 0.000102, 10.000000, 0.000102, 0.000000, 0.000102, 10.000000, 297.956599, 297.956599, 0.000000, 25.000000, 24.806599, -0.480660, -0.004340, 0.000000, 0.000100
5.58, 0.000000, 0.000000, 0.000100, 0.000102, 0.000000, -0.000002, 297.861422, 297.861422, 297.861422, -0.471142, 0.000000, 0.000000, 297.861422, 0.100000, 298.000000, 29.786142, 297.861422, 0.000000, 298.150000, 2.000000, 298.150000, 4.166670, 8.000000, 16.000000, 298.150000, 298.150000, 298.150000, 298.150000, 297.861422, 297.861422, 297.861422, 0.000000, 0.000002, 0.000000, 0.000002, 0.000000, 0.000000, 0.000000, 0.000000, 0.001019, 0.001019, 0.001019, 0.000100, 0.000000, 10.000000, 10.000000, 10.000000, 0.000002, 0.000100, 0.000102, 10.000000, 0.000002, 10.000000, 0.000002, 0.000000, 0.000002, 5000000.000000, 0.001019, 0.000000, 0.001019, 0.000000, 0.000000, 0.000000, 5000000.000000, 9.998981, 0.000100, 10.000000, 0.000100, 0.001019, 0.000100, 0.000000, 0.000010, 100000.000000, 0.500000, 100000.000000, 0.000000, 0.001019, 0.000100, 10.000000, 0.000102, 293.150000, -0.471142, 293.150000, -4.711422, -0.471142, 293.150000, -0.471142, 297.861422, -0.471142, 0.100000, 0.001019, 0.000100, 0.001019, 0.000100, 0.000000, 0.000100, 297.861422, 0.000000, 10.000000, 293.150000, 0.004000, 10.188457, 10.000000, 0.000102, 10.000000, 0.000102, 0.000000, 0.000102, 10.000000, 297.861422, 297.861422, 0.000000, 25.000000, 24.711422, -0.471142, -0.013858, 0.000000, 0.000100
5.6, 0.000000, 0.000000, 0.000100, 0.000102, 0.000000, -0.000002, 297.768129, 297.768129, 297.768129, -0.461813, 0.000000, 0.000000, 297.768129, 0.100000, 298.000000, 29.776813, 297.768129, 0.000000, 298.150000, 2.000000, 298.150000, 4.166670, 8.000000, 16.000000, 298.150000, 298.150000, 298.150000, 298.150000, 297.768129, 297.768129, 297.768129, 0.000000, 0.000002, 0.000000, 0.000002, 0.000000, 0.000000, 0.000000, 0.000000, 0.001018, 0.001018, 0.001018, 0.000100, 0.000000, 10.000000, 10.000000, 10.000000, 0.000002, 0.000100, 0.000102, 10.000000, 0.000002, 10.000000, 0.000002, 0.000000, 0.000002, 5000000.000000, 0.001018, 0.000000, 0.001018, 0.000000, 0.000000, 0.000000, 5000000.000000, 9.998982, 0.000100, 10.000000, 0.000100, 0.001018, 0.000100, 0.000000, 0.000010, 100000.000000, 0.500000, 100000.000000, 0.000000, 0.001018, 0.000100, 10.000000, 0.000102, 293.150000, -0.461813, 293.150000, -4.618129, -0.461813, 293.150000, -0.461813, 297.768129, -0.461813, 0.100000, 0.001018, 0.000100, 0.001018, 0.000100, 0.000000, 0.000100, 297.768129, 0.000000, 10.000000, 293.150000, 0.004000, 10.184725, 10.000000, 0.000102, 10.000000, 0.000102, 0.000000, 0.000102, 10.000000, 297.768129, 297.768129, 0.000000, 25.000000, 24.618129, -0.461813, -0.023187, 0.000000, 0.000100
5.62, 0.000000, 0.000000, 0.000100, 0.000102, 0.000000, -0.000002, 297.676684, 297.676684, 297.676684, -0.452668, 0.000000, 0.000000, 297.676684, 0.100000, 298.000000, 29.767668, 297.676684, 0.000000, 298.150000, 2.000000, 298.150000, 4.166670, 8.000000, 16.000000, 298.150000, 298.150000, 298.150000, 298.150000, 297.676684, 297.676684, 297.676684, 0.000000, 0.000002, 0.000000, 0.000002, 0.000000, 0.000000, 0.000000, 0.000000, 0.001018, 0.001018, 0.001018, 0.000100, 0.000000, 10.000000, 10.000000, 10.000000, 0.000002, 0.000100, 0.000102, 10.000000, 0.000002, 10.000000, 0.000002, 0.000000, 0.000002, 5000000.000000, 0.001018, 0.000000, 0.001018, 0.000000, 0.000000, 0.000000, 5000000.000000, 9.998982, 0.000100, 10.000000, 0.000100, 0.001018, 0.000100, 0.000000, 0.000010, 100000.000000, 0.500000, 100000.000000, 0.000000, 0.001018, 0.000100, 10.000000, 0.000102, 293.150000, -0.452668, 293.150000, -4.526684, -0.452668, 293.150000, -0.452668, 297.676684, -0.452668, 0.100000, 0.001018, 0.000100, 0.001018, 0.000100, 0.000000, 0.000100, 297.676684, 0.000000, 10.000000, 293.150000, 0.004000, 10.181067, 10.000000, 0.000102, 10.000000, 0.000102, 0.000000, 0.000102, 10.000000, 297.676684, 297.676684, 0.000000, 25.000000, 24.526684, -0.452668, -0.032332, 0.000000, 0.000100
5.64, 0.000000, 0.000000, 0.000100, 0.000102, 0.000000, -0.000002, 297.587050, 297.587050, 297.587050, -0.443705, 0.000000, 0.000000, 297.587050, 0.100000, 298.000000, 29.758705, 297.587050, 0.000000, 298.150000, 2.000000, 298.150000, 4.166670, 8.000000, 16.000000, 298.150000, 298.150000, 298.150000, 298.150000, 297.587050, 297.587050, 297.587050, 0.000000, 0.000002, 0.000000, 0.000002, 0.000000, 0.000000, 0.000000, 0.000000, 0.001018, 0.001018, 0.001018, 0.000100, 0.000000, 10.000000, 10.000000, 10.000000, 0.000002, 0.000100, 0.000102, 10.000000, 0.000002, 10.000000, 0.000002, 0.000000, 0.000002, 5000000.000000, 0.001018, 0.000000, 0.001018, 0.000000, 0.000000, 0.000000, 5000000.000000, 9.998982, 0.000100, 10.000000, 0.000100, 0.001018, 0.000100, 0.000000, 0.000010, 100000.000000, 0.500000, 100000.000000, 0.000000, 0.001018, 0.000100, 10.000000, 0.000102, 293.150000, -0.443705, 293.150000, -4.437050, -0.443705, 293.150000, -0.443705, 297.587050, -0.443705, 0.100000, 0.001018, 0.000100, 0.001018, 0.000100, 0.000000, 0.000100, 297.587050, 0.000000, 10.000000, 293.150000, 0.004000, 10.177482, 10.000000, 0.000102, 10.000000, 0.000102, 0.000000, 0.000102, 10.000000, 297.587050, 297.587050, 0.000000, 25.000000, 24.437050, -0.443705, -0.041295, 0.000000, 0.000100
5.66, 0.000000, 0.000000, 0.000100, 0.000102, 0.000000, -0.000002, 297.499190, 297.499190, 297.499190, -0.434919, 0.000000, 0.000000, 297.499190, 0.100000, 298.000000, 29.749919, 297.499190, 0.000000, 298.150000, 2.000000, 298.150000, 4.166670, 8.000000, 16.000000, 298.150000, 298.150000, 298.150000, 298.150000, 297.499190, 297.499190, 297.499190, 0.000000, 0.000002, 0.000000, 0.000002, 0.000000, 0.000000, 0.000000, 0.000000, 0.001017, 0.001017, 0.001017, 0.000100, 0.000000, 10.000000, 10.000000, 10.000000, 0.000002, 0.000100, 0.000102, 10.000000, 0.000002, 10.000000, 0.000002, 0.000000, 0.000002, 5000000.000000, 0.001017, 0.000000, 0.001017, 0.000000, 0.000000, 0.000000, 5000000.000000, 9.998983, 0.000100, 10.000000, 0.000100, 0.001017, 0.000100, 0.000000, 0.000010, 100000.000000, 0.500000, 100000.000000, 0.000000, 0.001017, 0.000100, 10.000000, 0.000102, 293.150000, -0.434919, 293.150000, -4.349190, -0.434919, 293.150000, -0.434919, 297.499190, -0.434919, 0.100000, 0.001017, 0.000100, 0.001017, 0.000100, 0.000000, 0.000100, 297.499190, 0.000000, 10.000000, 293.150000, 0.004000, 10.173968, 10.000000, 0.000102, 10.000000, 0.000102, 0.000000, 0.000102, 10.000000, 297.499190, 297.499190, 0.000000, 25.000000, 24.349190, -0.434919, -0.050081, 0.000000, 0.000100
5.68, 0.000000, 0.000000, 0.000100, 0.000102, 0.000000, -0.000002, 297.413071, 297.413071, 297.413071, -0.426307, 0.000000, 0.000000, 297.413071, 0.100000, 298.000000, 29.741307, 297.413071, 0.000000, 298.150000, 2.000000, 298.150000, 4.166670, 8.000000, 16.000000, 298.150000, 298.150000, 298.150000, 298.150000, 297.413071, 297.413071, 297.413071, 0.000000, 0.000002, 0.000000, 0.000002, 0.000000, 0.000000, 0.000000, 0.000000, 0.001017, 0.001017, 0.001017, 0.000100, 0.000000, 10.000000, 10.000000, 10.000000, 0.000002, 0.000100, 0.000102, 10.000000, 0.000002, 10.000000, 0.000002, 0.000000, 0.000002, 5000000.000000, 0.001017, 0.000000, 0.001017, 0.000000, 0.000000, 0.000000, 5000000.000000, 9.998983, 0.000100, 10.000000, 0.000100, 0.001017, 0.000100, 0.000000, 0.000010, 100000.000000, 0.500000, 100000.000000, 0.000000, 0.001017, 0.000100, 10.000000, 0.000102, 293.150000, -0.426307, 293.150000, -4.263071, -0.426307, 293.150000, -0.426307, 297.413071, -0.426307, 0.100000, 0.001017, 0.000100, 0.001017, 0.000100, 0.000000, 0.000100, 297.413071, 0.000000, 10.000000, 293.150000, 0.004000, 10.170523, 10.000000, 0.000102, 10.000000, 0.000102, 0.000000, 0.000102, 10.000000, 297.413071, 297.413071, 0.000000, 25.000000, 24.263071, -0.426307, -0.058693, 0.000000, 0.000100
5.7, 0.000000, 0.000000, 0.000100, 0.000102, 0.000000, -0.000002, 297.328656, 297.328656, 297.328656, -0.417866, 0.000000, 0.000000, 297.328656, 0.100000, 298.000000, 29.732866, 297.328656, 0.000000, 298.150000, 2.000000, 298.150000, 4.166670, 8.000000, 16.000000, 298.150000, 298.150000, 298.150000, 298.150000, 297.328656, 297.328656, 297.328656, 0.000000, 0.000002, 0.000000, 0.000002, 0.000000, 0.000000, 0.000000, 0.000000, 0.001017, 0.001017, 0.001017, 0.000100, 0.000000, 10.000000, 10.000000, 10.000000, 0.000002, 0.000100, 0.000102, 10.000000, 0.000002, 10.000000, 0.000002, 0.000000, 0.000002, 5000000.000000, 0.001017, 0.000000, 0.001017, 0.000000, 0.000000, 0.000000, 5000000.000000, 9.998983, 0.000100, 10.000000, 0.000100, 0.001017, 0.000100, 0.000000, 0.000010, 100000.000000, 0.500000, 100000.000000, 0.000000, 0.001017, 0.000100, 10.000000, 0.000102, 293.150000, -0.417866, 293.150000, -4.178656, -0.417866, 293.150000, -0.417866, 297.328656, -0.417866, 0.100000, 0.001017, 0.000100, 0.001017, 0.000100, 0.000000, 0.000100, 297.328656, 0.000000, 10.000000, 293.150000, 0.004000, 10.167146, 10.000000, 0.000102, 10.000000, 0.000102, 0.000000, 0.000102, 10.000000, 297.328656, 297.328656, 0.000000, 25.000000, 24.178656, -0.417866, -0.067134, 0.000000, 0.000100
5.72, 0.000000, 0.000000, 0.000100, 0.000102, 0.000000, -0.000002, 297.245913, 297.245913, 297.245913, -0.409591, 0.000000, 0.000000, 297.245913, 0.100000, 298.000000, 29.724591, 297.245913, 0.000000, 298.150000, 2.000000, 298.150000, 4.166670, 8.000000, 16.000000, 298.150000, 298.150000, 298.150000, 298.150000, 297.245913, 297.245913, 297.245913, 0.000000, 0.000002, 0.000000, 0.000002, 0.000000, 0.000000, 0.000000, 0.000000, 0.001016, 0.001016, 0.001016, 0.000100, 0.000000, 10.000000, 10.000000, 10.000000, 0.000002, 0.000100, 0.000102, 10.000000, 0.000002, 10.000000, 0.000002, 0.000000, 0.000002, 5000000.000000, 0.001016, 0.000000, 0.001016, 0.000000, 0.000000, 0.000000, 5000000.000000, 9.998984, 0.000100, 10.000000, 0.000100, 0.001016, 0.000100, 0.000000, 0.000010, 100000.000000, 0.500000, 100000.000000, 0.000000, 0.001016, 0.000100, 10.000000, 0.000102, 293.150000, -0.409591, 293.150000, -4.095913, -0.409591, 293.150000, -0.409591, 297.245913, -0.409591, 0.100000, 0.001016, 0.000100, 0.001016, 0.000100, 0.000000, 0.000100, 297.245913, 0.000000, 10.000000, 293.150000, 0.004000, 10.163837, 10.000000, 0.000102, 10.000000, 0.000102, 0.000000, 0.000102, 10.000000, 297.245913, 297.245913, 0.000000, 25.000000, 24.095913, -0.409591, -0.075409, 0.000000, 0.000100
5.74, 0.000000, 0.000000, 0.000100, 0.000102, 0.000000, -0.000002, 297.164809, 297.164809, 297.164809, -0.401481, 0.000000, 0.000000, 297.164809, 0.100000, 298.000000, 29.716481, 297.164809, 0.000000, 298.150000, 2.000000, 298.150000, 4.166670, 8.000000, 16.000000, 298.150000, 298.150000, 298.150000, 298.150000, 297.164809, 297.164809, 297.164809, 0.000000, 0.000002, 0.000000, 0.000002, 0.000000, 0.000000, 0.000000, 0.000000, 0.001016, 0.001016, 0.001016, 0.000100, 0.000000, 10.000000, 10.000000, 10.000000, 0.000002, 0.000100, 0.000102, 10.000000, 0.000002, 10.000000, 0.000002, 0.000000, 0.000002, 5000000.000000, 0.001016, 0.000000, 0.001016, 0.000000, 0.000000, 0.000000, 5000000.000000, 9.998984, 0.000100, 10.000000, 0.000100, 0.001016, 0.000100, 0.000000, 0.000010, 100000.000000, 0.500000, 100000.000000, 0.000000, 0.001016, 0.000100, 10.000000, 0.000102, 293.150000, -0.401481, 293.150000, -4.014809, -0.401481, 293.150000, -0.401481, 297.164809, -0.401481, 0.100000, 0.001016, 0.000100, 0.001016, 0.000100, 0.000000, 0.000100, 297.164809, 0.000000, 10.000000, 293.150000, 0.004000, 10.160592, 10.000000, 0.000102, 10.000000, 0.000102, 0.000000, 0.000102, 10.000000, 297.164809, 297.164809, 0.000000, 25.000000, 24.014809, -0.401481, -0.083519, 0.000000, 0.000100
5.76, 0.000000, 0.000000, 0.978389, 0.978393, 0.000000, -0.000004, 298.671854, 298.671854, 298.671854, -0.552185, 0.000000, 9.783880, 298.671854, 0.100000, 298.000000, 29.867185, 298.671854, 1.000000, 298.150000, 2.000000, 298.150000, 4.166670, 8.000000, 16.000000, 298.150000, 298.150000, 298.150000, 298.150000, 298.671854, 298.671854, 298.671854, 0.000000, 0.000002, 0.000000, 0.000002, 0.000000, 0.000002, 0.000000, 0.000002, 9.999990, 9.999990, 9.999990, 0.978389, 0.000002, 10.000000, 10.000000, 10.000000, 0.000002, 0.978391, 0.978393, 10.000000, 0.000002, 10.000000, 0.000002, 0.000000, 0.000002, 5000000.000000, 9.999990, 0.000002, 9.999990, 0.000002, 0.000000, 0.000002, 5000000.000000, 0.000010, 0.978391, 10.000000, 0.978391, 9.999990, 0.978391, 1.000000, 0.000010, 100000.000000, 0.500000, 0.000010, 1.000000, 9.999990, 0.978389, 10.000000, 0.978393, 293.150000, -0.552185, 293.150000, -5.521854, -0.552185, 293.150000, -0.552185, 298.671854, -0.552185, 0.100000, 9.999990, 0.978389, 9.999990, 0.978389, 0.000000, 0.978389, 298.671854, 9.783880, 10.000000, 293.150000, 0.004000, 10.220874, 10.000000, 0.978393, 10.000000, 0.978393, 0.000000, 0.978393, 10.000000, 298.671854, 298.671854, 0.000000, 25.000000, 25.521854, 9.231694, 0.067185, 0.000000, 0.978391
5.78, 0.000000, 0.000000, 0.000100, 0.000102, 0.000000, -0.000002, 299.062033, 299.062033, 299.062033, -0.591203, 0.000000, 0.000000, 299.062033, 0.100000, 298.000000, 29.906203, 299.062033, 0.000000, 298.150000, 2.000000, 298.150000, 4.166670, 8.000000, 16.000000, 298.150000, 298.150000, 298.150000, 298.150000, 299.062033, 299.062033, 299.062033, 0.000000, 0.000002, 0.000000, 0.000002, 0.000000, 0.000000, 0.000000, 0.000000, 0.001024, 0.001024, 0.001024, 0.000100, 0.000000, 10.000000, 10.000000, 10.000000, 0.000002, 0.000100, 0.000102, 10.000000, 0.000002, 10.000000, 0.000002, 0.000000, 0.000002, 5000000.000000, 0.001024, 0.000000, 0.001024, 0.000000, 0.000000, 0.000000, 5000000.000000, 9.998976, 0.000100, 10.000000, 0.000100, 0.001024, 0.000100, 0.000000, 0.000010, 100000.000000, 0.500000, 100000.000000, 0.000000, 0.001024, 0.000100, 10.000000, 0.000102, 293.150000, -0.591203, 293.150000, -5.912033, -0.591203, 293.150000, -0.591203, 299.062033, -0.591203, 0.100000, 0.001024, 0.000100, 0.001024, 0.000100, 0.000000, 0.000100, 299.062033, 0.000000, 10.000000, 293.150000, 0.004000, 10.236481, 10.000000, 0.000102, 10.000000, 0.000102, 0.000000, 0.000102, 10.000000, 299.062033, 299.062033, 0.000000, 25.000000, 25.912033, -0.591203, 0.106203, 0.000000, 0.000100
5.8, 0.000000, 0.000000, 0.000100, 0.000102, 0.000000, -0.000002, 298.944966, 298.944966, 298.944966, -0.579497, 0.000000, 0.000000, 298.944966, 0.100000, 298.000000, 29.894497, 298.944966, 0.000000, 298.150000, 2.000000, 298.150000, 4.166670, 8.000000, 16.000000, 298.150000, 298.150000, 298.150000, 298.150000, 298.944966, 298.944966, 298.944966, 0.000000, 0.000002, 0.000000, 0.000002, 0.000000, 0.000000, 0.000000, 0.000000, 0.001023, 0.001023, 0.001023, 0.000100, 0.000000, 10.000000, 10.000000, 10.000000, 0.000002, 0.000100, 0.000102, 10.000000, 0.000002, 10.000000, 0.000002, 0.000000, 0.000002, 5000000.000000, 0.001023, 0.000000, 0.001023, 0.000000, 0.000000, 0.000000, 5000000.000000, 9.998977, 0.000100, 10.000000, 0.000100, 0.001023, 0.000100, 0.000000, 0.000010, 100000.000000, 0.500000, 100000.000000, 0.000000, 0.001023, 0.000100, 10.000000, 0.000102, 293.150000, -0.579497, 293.150000, -5.794966, -0.579497, 293.150000, -0.579497, 298.944966, -0.579497, 0.100000, 0.001023, 0.000100, 0.001023, 0.000100, 0.000000, 0.000100, 298.944966, 0.000000, 10.000000, 293.150000, 0.004000, 10.231799, 10.000000, 0.000102, 10.000000, 0.000102, 0.000000, 0.000102, 10.000000, 298.944966, 298.944966, 0.000000, 25.000000, 25.794966, -0.579497, 0.094497, 0.000000, 0.000100
5.82, 0.000000, 0.000000, 0.000100, 0.000102, 0.000000, -0.000002, 298.830218, 298.830218, 298.830218, -0.568022, 0.000000, 0.000000, 298.830218, 0.100000, 298.000000, 29.883022, 298.830218, 0.000000, 298.150000, 2.000000, 298.150000, 4.166670, 8.000000, 16.000000, 298.150000, 298.150000, 298.150000, 298.150000, 298.830218, 298.830218, 298.830218, 0.000000, 0.000002, 0.000000, 0.000002, 0.000000, 0.000000, 0.000000, 0.000000, 0.001023, 0.001023, 0.001023, 0.000100, 0.000000, 10.000000, 10.000000, 10.000000, 0.000002, 0.000100, 0.000102, 10.000000, 0.000002, 10.000000, 0.000002, 0.000000, 0.000002, 5000000.000000, 0.001023, 0.000000, 0.001023, 0.000000, 0.000000, 0.000000, 5000000.000000, 9.998977, 0.000100, 10.000000, 0.000100, 0.001023, 0.000100, 0.000000, 0.000010, 100000.000000, 0.500000, 100000.000000, 0.000000, 0.001023, 0.000100, 10.000000, 0.000102, 293.150000, -0.568022, 293.150000, -5.680218, -0.568022, 293.150000, -0.568022, 298.830218, -0.568022, 0.100000, 0.001023, 0.000100, 0.001023, 0.000100, 0.000000, 0.000100, 298.830218, 0.000000, 10.000000, 293.150000, 0.004000, 10.227209, 10.000000, 0.000102, 10.000000, 0.000102, 0.000000, 0.000102, 10.000000, 298.830218, 298.830218, 0.000000, 25.000000, 25.680218, -0.568022, 0.083022, 0.000000, 0.000100
5.84, 0.000000, 0.000000, 0.000100, 0.000102, 0.000000, -0.000002, 298.717743, 298.717743, 298.717743, -0.556774, 0.000000, 0.000000, 298.717743, 0.100000, 298.000000, 29.871774, 298.717743, 0.000000, 298.150000, 2.000000, 298.150000, 4.166670, 8.000000, 16.000000, 298.150000, 298.150000, 298.150000, 298.150000, 298.717743, 298.717743, 298.717743, 0.000000, 0.000002, 0.000000, 0.000002, 0.000000, 0.000000, 0.000000, 0.000000, 0.001022, 0.001022, 0.001022, 0.000100, 0.000000, 10.000000, 10.000000, 10.000000, 0.000002, 0.000100, 0.000102, 10.000000, 0.000002, 10.000000, 0.000002, 0.000000, 0.000002, 5000000.000000, 0.001022, 0.000000, 0.001022, 0.000000, 0.000000, 0.000000, 5000000.000000, 9.998978, 0.000100, 10.000000, 0.000100, 0.001022, 0.000100, 0.000000, 0.000010, 100000.000000, 0.500000, 100000.000000, 0.000000, 0.001022, 0.000100, 10.000000, 0.000102, 293.150000, -0.556774, 293.150000, -5.567743, -0.556774, 293.150000, -0.556774, 298.717743, -0.556774, 0.100000, 0.001022, 0.000100, 0.001022, 0.000100, 0.000000, 0.000100, 298.717743, 0.000000, 10.000000, 293.150000, 0.004000, 10.222710, 10.000000, 0.000102, 10.000000, 0.000102, 0.000000, 0.000102, 10.000000, 298.717743, 298.717743, 0.000000, 25.000000, 25.567743, -0.556774, 0.071774, 0.000000, 0.000100
5.86, 0.000000, 0.000000, 0.000100, 0.000102, 0.000000, -0.000002, 298.607494, 298.607494, 298.607494, -0.545749, 0.000000, 0.000000, 298.607494, 0.100000, 298.000000, 29.860749, 298.607494, 0.000000, 298.150000, 2.000000, 298.150000, 4.166670, 8.000000, 16.000000, 298.150000, 298.150000, 298.150000, 298.150000, 298.607494, 298.607494, 298.607494, 0.000000, 0.000002, 0.000000, 0.000002, 0.000000, 0.000000, 0.000000, 0.000000, 0.001022, 0.001022, 0.001022, 0.000100, 0.000000, 10.000000, 10.000000, 10.000000, 0.000002, 0.000100, 0.000102, 10.000000, 0.000002, 10.000000, 0.000002, 0.000000, 0.000002, 5000000.000000, 0.001022, 0.000000, 0.001022, 0.000000, 0.000000, 0.000000, 5000000.000000, 9.998978, 0.000100, 10.000000, 0.000100, 0.001022, 0.000100, 0.000000, 0.000010, 100000.000000, 0.500000, 100000.000000, 0.000000, 0.001022, 0.000100, 10.000000, 0.000102, 293.150000, -0.545749, 293.150000, -5.457494, -0.545749, 293.150000, -0.545749, 298.607494, -0.545749, 0.100000, 0.001022, 0.000100, 0.001022, 0.000100, 0.000000, 0.000100, 298.607494, 0.000000, 10.000000, 293.150000, 0.004000, 10.218300, 10.000000, 0.000102, 10.000000, 0.000102, 0.000000, 0.000102, 10.000000, 298.607494, 298.607494, 0.000000, 25.000000, 25.457494, -0.545749, 0.060749, 0.000000, 0.000100
5.88, 0.000000, 0.000000, 0.000100, 0.000102, 0.000000, -0.000002, 298.499428, 298.499428, 298.499428, -0.534943, 0.000000, 0.000000, 298.499428, 0.100000, 298.000000, 29.849943, 298.499428, 0.000000, 298.150000, 2.000000, 298.150000, 4.166670, 8.000000, 16.000000, 298.150000, 298.150000, 298.150000, 298.150000, 298.499428, 298.499428, 298.499428, 0.000000, 0.000002, 0.000000, 0.000002, 0.000000, 0.000000, 0.000000, 0.000000, 0.001021, 0.001021, 0.001021, 0.000100, 0.000000, 10.000000, 10.000000, 10.000000, 0.000002, 0.000100, 0.000102, 10.000000, 0.000002, 10.000000, 0.000002, 0.000000, 0.000002, 5000000.000000, 0.001021, 0.000000, 0.001021, 0.000000, 0.000000, 0.000000, 5000000.000000, 9.998979, 0.000100, 10.000000, 0.000100, 0.001021, 0.000100, 0.000000, 0.000010, 100000.000000, 0.500000, 100000.000000, 0.000000, 0.001021, 0.000100, 10.000000, 0.000102, 293.150000, -0.534943, 293.150000, -5.349428, -0.534943, 293.150000, -0.534943, 298.499428, -0.534943, 0.100000, 0.001021, 0.000100, 0.001021, 0.000100, 0.000000, 0.000100, 298.499428, 0.000000, 10.000000, 293.150000, 0.004000, 10.213977, 10.000000, 0.000102, 10.000000, 0.000102, 0.000000, 0.000102, 10.000000, 298.499428, 298.499428, 0.000000, 25.000000, 25.349428, -0.534943, 0.049943, 0.000000, 0.000100
5.9, 0.000000, 0.000000, 0.000100, 0.000102, 0.000000, -0.000002, 298.393503, 298.393503, 298.393503, -0.524350, 0.000000, 0.000000, 298.393503, 0.100000, 298.000000, 29.839350, 298.393503, 0.000000, 298.150000, 2.000000, 298.150000, 4.166670, 8.000000, 16.000000, 298.150000, 298.150000, 298.150000, 298.150000, 298.393503, 298.393503, 298.393503, 0.000000, 0.000002, 0.000000, 0.000002, 0.000000, 0.000000, 0.000000, 0.000000, 0.001021, 0.001021, 0.001021, 0.000100, 0.000000, 10.000000, 10.000000, 10.000000, 0.000002, 0.000100, 0.000102, 10.000000, 0.000002, 10.000000, 0.000002, 0.000000, 0.000002, 5000000.000000, 0.001021, 0.000000, 0.001021, 0.000000, 0.000000, 0.000000, 5000000.000000, 9.998979, 0.000100, 10.000000, 0.000100, 0.001021, 0.000100, 0.000000, 0.000010, 100000.000000, 0.500000, 100000.000000, 0.000000, 0.001021, 0.000100, 10.000000, 0.000102, 293.150000, -0.524350, 293.150000, -5.243503, -0.524350, 293.150000, -0.524350, 298.393503, -0.524350, 0.100000, 0.001021, 0.000100, 0.001021, 0.000100, 0.000000, 0.000100, 298.393503, 0.000000, 10.000000, 293.150000, 0.004000, 10.209740, 10.000000, 0.000102, 10.000000, 0.000102, 0.000000, 0.000102, 10.000000, 298.393503, 298.393503, 0.000000, 25.000000, 25.243503, -0.524350, 0.039350, 0.000000, 0.000100
5.92, 0.000000, 0.000000, 0.000100, 0.000102, 0.000000, -0.000002, 298.289674, 298.289674, 298.289674, -0.513967, 0.000000, 0.000000, 298.289674, 0.100000, 298.000000, 29.828967, 298.289674, 0.000000, 298.150000, 2.000000, 298.150000, 4.166670, 8.000000, 16.000000, 298.150000, 298.150000, 298.150000, 298.150000, 298.289674, 298.289674, 298.289674, 0.000000, 0.000002, 0.000000, 0.000002, 0.000000, 0.000000, 0.000000, 0.000000, 0.001020, 0.001020, 0.001020, 0.000100, 0.000000, 10.000000, 10.000000, 10.000000, 0.000002, 0.000100, 0.000102, 10.000000, 0.000002, 10.000000, 0.000002, 0.000000, 0.000002, 5000000.000000, 0.001020, 0.000000, 0.001020, 0.000000, 0.000000, 0.000000, 5000000.000000, 9.998980, 0.000100, 10.000000, 0.000100, 0.001020, 0.000100, 0.000000, 0.000010, 100000.000000, 0.500000, 100000.000000, 0.000000, 0.001020, 0.000100, 10.000000, 0.000102, 293.150000, -0.513967, 293.150000, -5.139674, -0.513967, 293.150000, -0.513967, 298.289674, -0.513967, 0.100000, 0.001020, 0.000100, 0.001020, 0.000100, 0.000000, 0.000100, 298.289674, 0.000000, 10.000000, 293.150000, 0.004000, 10.205587, 10.000000, 0.000102, 10.000000, 0.000102, 0.000000, 0.000102, 10.000000, 298.289674, 298.289674, 0.000000, 25.000000, 25.139674, -0.513967, 0.028967, 0.000000, 0.000100
5.94, 0.000000, 0.000000, 0.000100, 0.000102, 0.000000, -0.000002, 298.187902, 298.187902, 298.187902, -0.503790, 0.000000, 0.000000, 298.187902, 0.100000, 298.000000, 29.818790, 298.187902, 0.000000, 298.150000, 2.000000, 298.150000, 4.166670, 8.000000, 16.000000, 298.150000, 298.150000, 298.150000, 298.150000, 298.187902, 298.187902, 298.187902, 0.000000, 0.000002, 0.000000, 0.000002, 0.000000, 0.000000, 0.000000, 0.000000, 0.001020, 0.001020, 0.001020, 0.000100, 0.000000, 10.000000, 10.000000, 10.000000, 0.000002, 0.000100, 0.000102, 10.000000, 0.000002, 10.000000, 0.000002, 0.000000, 0.000002, 5000000.000000, 0.001020, 0.000000, 0.001020, 0.000000, 0.000000, 0.000000, 5000000.000000, 9.998980, 0.000100, 10.000000, 0.000100, 0.001020, 0.000100, 0.000000, 0.000010, 100000.000000, 0.500000, 100000.000000, 0.000000, 0.001020, 0.000100, 10.000000, 0.000102, 293.150000, -0.503790, 293.150000, -5.037902, -0.503790, 293.150000, -0.503790, 298.187902, -0.503790, 0.100000, 0.001020, 0.000100, 0.001020, 0.000100, 0.000000, 0.000100, 298.187902, 0.000000, 10.000000, 293.150000, 0.004000, 10.201516, 10.000000, 0.000102, 10.000000, 0.000102, 0.000000, 0.000102, 10.000000, 298.187902, 298.187902, 0.000000, 25.000000, 25.037902, -0.503790, 0.018790, 0.000000, 0.000100
5.96, 0.000000, 0.000000, 0.000100, 0.000102, 0.000000, -0.000002, 298.088145, 298.088145, 298.088145, -0.493814, 0.000000, 0.000000, 298.088145, 0.100000, 298.000000, 29.808814, 298.088145, 0.000000, 298.150000, 2.000000, 298.150000, 4.166670, 8.000000, 16.000000, 298.150000, 298.150000, 298.150000, 298.150000, 298.088145, 298.088145, 298.088145, 0.000000, 0.000002, 0.000000, 0.000002, 0.000000, 0.000000, 0.000000, 0.000000, 0.001020, 0.001020, 0.001020, 0.000100, 0.000000, 10.000000, 10.000000, 10.000000, 0.000002, 0.000100, 0.000102, 10.000000, 0.000002, 10.000000, 0.000002, 0.000000, 0.000002, 5000000.000000, 0.001020, 0.000000, 0.001020, 0.000000, 0.000000, 0.000000, 5000000.000000, 9.998980, 0.000100, 10.000000, 0.000100, 0.001020, 0.000100, 0.000000, 0.000010, 100000.000000, 0.500000, 100000.000000, 0.000000, 0.001020, 0.000100, 10.000000, 0.000102, 293.150000, -0.493814, 293.150000, -4.938145, -0.493814, 293.150000, -0.493814, 298.088145, -0.493814, 0.100000, 0.001020, 0.000100, 0.001020, 0.000100, 0.000000, 0.000100, 298.088145, 0.000000, 10.000000, 293.150000, 0.004000, 10.197526, 10.000000, 0.000102, 10.000000, 0.000102, 0.000000, 0.000102, 10.000000, 298.088145, 298.088145, 0.000000, 25.000000, 24.938145, -0.493814, 0.008814, 0.000000, 0.000100
5.98, 0.000000, 0.000000, 0.000100, 0.000102, 0.000000, -0.000002, 297.990363, 297.990363, 297.990363, -0.484036, 0.000000, 0.000000, 297.990363, 0.100000, 298.000000, 29.799036, 297.990363, 0.000000, 298.150000, 2.000000, 298.150000, 4.166670, 8.000000, 16.000000, 298.150000, 298.150000, 298.150000, 298.150000, 297.990363, 297.990363, 297.990363, 0.000000, 0.000002, 0.000000, 0.000002, 0.000000, 0.000000, 0.000000, 0.000000, 0.001019, 0.001019, 0.001019, 0.000100, 0.000000, 10.000000, 10.000000, 10.000000, 0.000002, 0.000100, 0.000102, 10.000000, 0.000002, 10.000000, 0.000002, 0.000000, 0.000002, 5000000.000000, 0.001019, 0.000000, 0.001019, 0.000000, 0.000000, 0.000000, 5000000.000000, 9.998981, 0.000100, 10.000000, 0.000100, 0.001019, 0.000100, 0.000000, 0.000010, 100000.000000, 0.500000, 100000.000000, 0.000000, 0.001019, 0.000100, 10.000000, 0.000102, 293.150000, -0.484036, 293.150000, -4.840363, -0.484036, 293.150000, -0.484036, 297.990363, -0.484036, 0.100000, 0.001019, 0.000100, 0.001019, 0.000100, 0.000000, 0.000100, 297.990363, 0.000000, 10.000000, 293.150000, 0.004000, 10.193615, 10.000000, 0.000102, 10.000000, 0.000102, 0.000000, 0.000102, 10.000000, 297.990363, 297.990363, 0.000000, 25.000000, 24.840363, -0.484036, -0.000964, 0.000000, 0.000100
6, 0.000000, 0.000000, 0.000100, 0.000102, 0.000000, -0.000002, 297.894517, 297.894517, 297.894517, -0.474452, 0.000000, 0.000000, 297.894517, 0.100000, 298.000000, 29.789452, 297.894517, 0.000000, 298.150000, 2.000000, 298.150000, 4.166670, 8.000000, 16.000000, 298.150000, 298.150000, 298.150000, 298.150000, 297.894517, 297.894517, 297.894517, 0.000000, 0.000002, 0.000000, 0.000002, 0.000000, 0.000000, 0.000000, 0.000000, 0.001019, 0.001019, 0.001019, 0.000100, 0.000000, 10.000000, 10.000000, 10.000000, 0.000002, 0.000100, 0.000102, 10.000000, 0.000002, 10.000000, 0.000002, 0.000000, 0.000002, 5000000.000000, 0.001019, 0.000000, 0.001019, 0.000000, 0.000000, 0.000000, 5000000.000000, 9.998981, 0.000100, 10.000000, 0.000100, 0.001019, 0.000100, 0.000000, 0.000010, 100000.000000, 0.500000, 100000.000000, 0.000000, 0.001019, 0.000100, 10.000000, 0.000102, 293.150000, -0.474452, 293.150000, -4.744517, -0.474452, 293.150000, -0.474452, 297.894517, -0.474452, 0.100000, 0.001019, 0.000100, 0.001019, 0.000100, 0.000000, 0.000100, 297.894517, 0.000000, 10.000000, 293.150000, 0.004000, 10.189781, 10.000000, 0.000102, 10.000000, 0.000102, 0.000000, 0.000102, 10.000000, 297.894517, 297.894517, 0.000000, 25.000000, 24.744517, -0.474452, -0.010548, 0.000000, 0.000100
6.02, 0.000000, 0.000000, 0.000100, 0.000102, 0.000000, -0.000002, 297.800570, 297.800570, 297.800570, -0.465057, 0.000000, 0.000000, 297.800570, 0.100000, 298.000000, 29.780057, 297.800570, 0.000000, 298.150000, 2.000000, 298.150000, 4.166670, 8.000000, 16.000000, 298.150000, 298.150000, 298.150000, 298.150000, 297.800570, 297.800570, 297.800570, 0.000000, 0.000002, 0.000000, 0.000002, 0.000000, 0.000000, 0.000000, 0.000000, 0.001018, 0.001018, 0.001018, 0.000100, 0.000000, 10.000000, 10.000000, 10.000000, 0.000002, 0.000100, 0.000102, 10.000000, 0.000002, 10.000000, 0.000002, 0.000000, 0.000002, 5000000.000000, 0.001018, 0.000000, 0.001018, 0.000000, 0.000000, 0.000000, 5000000.000000, 9.998982, 0.000100, 10.000000, 0.000100, 0.001018, 0.000100, 0.000000, 0.000010, 100000.000000, 0.500000, 100000.000000, 0.000000, 0.001018, 0.000100, 10.000000, 0.000102, 293.150000, -0.465057, 293.150000, -4.650570, -0.465057, 293.150000, -0.465057, 297.800570, -0.465057, 0.100000, 0.001018, 0.000100, 0.001018, 0.000100, 0.000000, 0.000100, 297.800570, 0.000000, 10.000000, 293.150000, 0.004000, 10.186023, 10.000000, 0.000102, 10.000000, 0.000102, 0.000000, 0.000102, 10.000000, 297.800570, 297.800570, 0.000000, 25.000000, 24.650570, -0.465057, -0.019943, 0.000000, 0.000100
6.04, 0.000000, 0.000000, 0.000100, 0.000102, 0.000000, -0.000002, 297.708482, 297.708482, 297.708482, -0.455848, 0.000000, 0.000000, 297.708482, 0.100000, 298.000000, 29.770848, 297.708482, 0.000000, 298.150000, 2.000000, 298.150000, 4.166670, 8.000000, 16.000000, 298.150000, 298.150000, 298.150000, 298.150000, 297.708482, 297.708482, 297.708482, 0.000000, 0.000002, 0.000000, 0.000002, 0.000000, 0.000000, 0.000000, 0.000000, 0.001018, 0.001018, 0.001018, 0.000100, 0.000000, 10.000000, 10.000000, 10.000000, 0.000002, 0.000100, 0.000102, 10.000000, 0.000002, 10.000000, 0.000002, 0.000000, 0.000002, 5000000.000000, 0.001018, 0.000000, 0.001018, 0.000000, 0.000000, 0.000000, 5000000.000000, 9.998982, 0.000100, 10.000000, 0.000100, 0.001018, 0.000100, 0.000000, 0.000010, 100000.000000, 0.500000, 100000.000000, 0.000000, 0.001018, 0.000100, 10.000000, 0.000102, 293.150000, -0.455848, 293.150000, -4.558482, -0.455848, 293.150000, -0.455848, 297.708482, -0.455848, 0.100000, 0.001018, 0.000100, 0.001018, 0.000100, 0.000000, 0.000100, 297.708482, 0.000000, 10.000000, 293.150000, 0.004000, 10.182339, 10.000000, 0.000102, 10.000000, 0.000102, 0.000000, 0.000102, 10.000000, 297.708482, 297.708482, 0.000000, 25.000000, 24.558482, -0.455848, -0.029152, 0.000000, 0.000100
6.06, 0.000000, 0.000000, 0.000100, 0.000102, 0.000000, -0.000002, 297.618218, 297.618218, 297.618218, -0.446822, 0.000000, 0.000000, 297.618218, 0.100000, 298.000000, 29.761822, 297.618218, 0.000000, 298.150000, 2.000000, 298.150000, 4.166670, 8.000000, 16.000000, 298.150000, 298.150000, 298.150000, 298.150000, 297.618218, 297.618218, 297.618218, 0.000000, 0.000002, 0.000000, 0.000002, 0.000000, 0.000000, 0.000000, 0.000000, 0.001018, 0.001018, 0.001018, 0.000100, 0.000000, 10.000000, 10.000000, 10.000000, 0.000002, 0.000100, 0.000102, 10.000000, 0.000002, 10.000000, 0.000002, 0.000000, 0.000002, 5000000.000000, 0.001018, 0.000000, 0.001018, 0.000000, 0.000000, 0.000000, 5000000.000000, 9.998982, 0.000100, 10.000000, 0.000100, 0.001018, 0.000100, 0.000000, 0.000010, 100000.000000, 0.500000, 100000.000000, 0.000000, 0.001018, 0.000100, 10.000000, 0.000102, 293.150000, -0.446822, 293.150000, -4.468218, -0.446822, 293.150000, -0.446822, 297.618218, -0.446822, 0.100000, 0.001018, 0.000100, 0.001018, 0.000100, 0.000000, 0.000100, 297.618218, 0.000000, 10.000000, 293.150000, 0.004000, 10.178729, 10.000000, 0.000102, 10.000000, 0.000102, 0.000000, 0.000102, 10.000000, 297.618218, 297.618218, 0.000000, 25.000000, 24.468218, -0.446822, -0.038178, 0.000000, 0.000100
6.08, 0.000000, 0.000000, 0.000100, 0.000102, 0.000000, -0.000002, 297.529742, 297.529742, 297.529742, -0.437974, 0.000000, 0.000000, 297.529742, 0.100000, 298.000000, 29.752974, 297.529742, 0.000000, 298.150000, 2.000000, 298.150000, 4.166670, 8.000000, 16.000000, 298.150000, 298.150000, 298.150000, 298.150000, 297.529742, 297.529742, 297.529742, 0.000000, 0.000002, 0.000000, 0.000002, 0.000000, 0.000000, 0.000000, 0.000000, 0.001017, 0.001017, 0.001017, 0.000100, 0.000000, 10.000000, 10.000000, 10.000000, 0.000002, 0.000100, 0.000102, 10.000000, 0.000002, 10.000000, 0.000002, 0.000000, 0.000002, 5000000.000000, 0.001017, 0.000000, 0.001017, 0.000000, 0.000000, 0.000000, 5000000.000000, 9.998983, 0.000100, 10.000000, 0.000100, 0.001017, 0.000100, 0.000000, 0.000010, 100000.000000, 0.500000, 100000.000000, 0.000000, 0.001017, 0.000100, 10.000000, 0.000102, 293.150000, -0.437974, 293.150000, -4.379742, -0.437974, 293.150000, -0.437974, 297.529742, -0.437974, 0.100000, 0.001017, 0.000100, 0.001017, 0.000100, 0.000000, 0.000100, 297.529742, 0.000000, 10.000000, 293.150000, 0.004000, 10.175190, 10.000000, 0.000102, 10.000000, 0.000102, 0.000000, 0.000102, 10.000000, 297.529742, 297.529742, 0.000000, 25.000000, 24.379742, -0.437974, -0.047026, 0.000000, 0.000100
6.1, 0.000000, 0.000000, 0.000100, 0.000102, 0.000000, -0.000002, 297.443017, 297.443017, 297.443017, -0.429302, 0.000000, 0.000000, 297.443017, 0.100000, 298.000000, 29.744302, 297.443017, 0.000000, 298.150000, 2.000000, 298.150000, 4.166670, 8.000000, 16.000000, 298.150000, 298.150000, 298.150000, 298.150000, 297.443017, 297.443017, 297.443017, 0.000000, 0.000002, 0.000000, 0.000002, 0.000000, 0.000000, 0.000000, 0.000000, 0.001017, 0.001017, 0.001017, 0.000100, 0.000000, 10.000000, 10.000000, 10.000000, 0.000002, 0.000100, 0.000102, 10.000000, 0.000002, 10.000000, 0.000002, 0.000000, 0.000002, 5000000.000000, 0.001017, 0.000000, 0.001017, 0.000000, 0.000000, 0.000000, 5000000.000000, 9.998983, 0.000100, 10.000000, 0.000100, 0.001017, 0.000100, 0.000000, 0.000010, 100000.000000, 0.500000, 100000.000000, 0.000000, 0.001017, 0.000100, 10.000000, 0.000102, 293.150000, -0.429302, 293.150000, -4.293017, -0.429302, 293.150000, -0.429302, 297.443017, -0.429302, 0.100000, 0.001017, 0.000100, 0.001017, 0.000100, 0.000000, 0.000100, 297.443017, 0.000000, 10.000000, 293.150000, 0.004000, 10.171721, 10.000000, 0.000102, 10.000000, 0.000102, 0.000000, 0.000102, 10.000000, 297.443017, 297.443017, 0.000000, 25.000000, 24.293017, -0.429302, -0.055698, 0.000000, 0.000100
6.12, 0.000000, 0.000000, 0.000100, 0.000102, 0.000000, -0.000002, 297.358010, 297.358010, 297.358010, -0.420801, 0.000000, 0.000000, 297.358010, 0.100000, 298.000000, 29.735801, 297.358010, 0.000000, 298.150000, 2.000000, 298.150000, 4.166670, 8.000000, 16.000000, 298.150000, 298.150000, 298.150000, 298.150000, 297.358010, 297.358010, 297.358010, 0.000000, 0.000002, 0.000000, 0.000002, 0.000000, 0.000000, 0.000000, 0.000000, 0.001017, 0.001017, 0.001017, 0.000100, 0.000000, 10.000000, 10.000000, 10.000000, 0.000002, 0.000100, 0.000102, 10.000000, 0.000002, 10.000000, 0.000002, 0.000000, 0.000002, 5000000.000000, 0.001017, 0.000000, 0.001017, 0.000000, 0.000000, 0.000000, 5000000.000000, 9.998983, 0.000100, 10.000000, 0.000100, 0.001017, 0.000100, 0.000000, 0.000010, 100000.000000, 0.500000, 100000.000000, 0.000000, 0.001017, 0.000100, 10.000000, 0.000102, 293.150000, -0.420801, 293.150000, -4.208010, -0.420801, 293.150000, -0.420801, 297.358010, -0.420801, 0.100000, 0.001017, 0.000100, 0.001017, 0.000100, 0.000000, 0.000100, 297.358010, 0.000000, 10.000000, 293.150000, 0.004000, 10.168320, 10.000000, 0.000102, 10.000000, 0.000102, 0.000000, 0.000102, 10.000000, 297.358010, 297.358010, 0.000000, 25.000000, 24.208010, -0.420801, -0.064199, 0.000000, 0.000100
6.14, 0.000000, 0.000000, 0.000100, 0.000102, 0.000000, -0.000002, 297.274685, 297.274685, 297.274685, -0.412469, 0.000000, 0.000000, 297.274685, 0.100000, 298.000000, 29.727469, 297.274685, 0.000000, 298.150000, 2.000000, 298.150000, 4.166670, 8.000000, 16.000000, 298.150000, 298.150000, 298.150000, 298.150000, 297.274685, 297.274685, 297.274685, 0.000000, 0.000002, 0.000000, 0.000002, 0.000000, 0.000000, 0.000000, 0.000000, 0.001016, 0.001016, 0.001016, 0.000100, 0.000000, 10.000000, 10.000000, 10.000000, 0.000002, 0.000100, 0.000102, 10.000000, 0.000002, 10.000000, 0.000002, 0.000000, 0.000002, 5000000.000000, 0.001016, 0.000000, 0.001016, 0.000000, 0.000000, 0.000000, 5000000.000000, 9.998984, 0.000100, 10.000000, 0.000100, 0.001016, 0.000100, 0.000000, 0.000010, 100000.000000, 0.500000, 100000.000000, 0.000000, 0.001016, 0.000100, 10.000000, 0.000102, 293.150000, -0.412469, 293.150000, -4.124685, -0.412469, 293.150000, -0.412469, 297.274685, -0.412469, 0.100000, 0.001016, 0.000100, 0.001016, 0.000100, 0.000000, 0.000100, 297.274685, 0.000000, 10.000000, 293.150000, 0.004000, 10.164987, 10.000000, 0.000102, 10.000000, 0.000102, 0.000000, 0.000102, 10.000000, 297.274685, 297.274685, 0.000000, 25.000000, 24.124685, -0.412468, -0.072531, 0.000000, 0.000100
6.16, 0.000000, 0.000000, 0.000100, 0.000102, 0.000000, -0.000002, 297.193011, 297.193011, 297.193011, -0.404301, 0.000000, 0.000000, 297.193011, 0.100000, 298.000000, 29.719301, 297.193011, 0.000000, 298.150000, 2.000000, 298.150000, 4.166670, 8.000000, 16.000000, 298.150000, 298.150000, 298.150000, 298.150000, 297.193011, 297.193011, 297.193011, 0.000000, 0.000002, 0.000000, 0.000002, 0.000000, 0.000000, 0.000000, 0.000000, 0.001016, 0.001016, 0.001016, 0.000100, 0.000000, 10.000000, 10.000000, 10.000000, 0.000002, 0.000100, 0.000102, 10.000000, 0.000002, 10.000000, 0.000002, 0.000000, 0.000002, 5000000.000000, 0.001016, 0.000000, 0.001016, 0.000000, 0.000000, 0.000000, 5000000.000000, 9.998984, 0.000100, 10.000000, 0.000100, 0.001016, 0.000100, 0.000000, 0.000010, 100000.000000, 0.500000, 100000.000000, 0.000000, 0.001016, 0.000100, 10.000000, 0.000102, 293.150000, -0.404301, 293.150000, -4.043011, -0.404301, 293.150000, -0.404301, 297.193011, -0.404301, 0.100000, 0.001016, 0.000100, 0.001016, 0.000100, 0.000000, 0.000100, 297.193011, 0.000000, 10.000000, 293.150000, 0.004000, 10.161720, 10.000000, 0.000102, 10.000000, 0.000102, 0.000000, 0.000102, 10.000000, 297.193011, 297.193011, 0.000000, 25.000000, 24.043011, -0.404301, -0.080699, 0.000000, 0.000100
6.18, 0.000000, 0.000000, 0.980882, 0.980886, 0.000000, -0.000004, 298.022497, 298.022497, 298.022497, -0.487250, 0.000000, 9.808807, 298.022497, 0.100000, 298.000000, 29.802250, 298.022497, 1.000000, 298.150000, 2.000000, 298.150000, 4.166670, 8.000000, 16.000000, 298.150000, 298.150000, 298.150000, 298.150000, 298.022497, 298.022497, 298.022497, 0.000000, 0.000002, 0.000000, 0.000002, 0.000000, 0.000002, 0.000000, 0.000002, 9.999990, 9.999990, 9.999990, 0.980882, 0.000002, 10.000000, 10.000000, 10.000000, 0.000002, 0.980884, 0.980886, 10.000000, 0.000002, 10.000000, 0.000002, 0.000000, 0.000002, 5000000.000000, 9.999990, 0.000002, 9.999990, 0.000002, 0.000000, 0.000002, 5000000.000000, 0.000010, 0.980884, 10.000000, 0.980884, 9.999990, 0.980884, 1.000000, 0.000010, 100000.000000, 0.500000, 0.000010, 1.000000, 9.999990, 0.980882, 10.000000, 0.980886, 293.150000, -0.487250, 293.150000, -4.872497, -0.487250, 293.150000, -0.487250, 298.022497, -0.487250, 0.100000, 9.999990, 0.980882, 9.999990, 0.980882, 0.000000, 0.980882, 298.022497, 9.808807, 10.000000, 293.150000, 0.004000, 10.194900, 10.000000, 0.980886, 10.000000, 0.980886, 0.000000, 0.980886, 10.000000, 298.022497, 298.022497, 0.000000, 25.000000, 24.872497, 9.321557, 0.002250, 0.000000, 0.980884
6.2, 0.000000, 0.000000, 0.000100, 0.000102, 0.000000, -0.000002, 299.103562, 299.103562, 299.103562, -0.595356, 0.000000, 0.000000, 299.103562, 0.100000, 298.000000, 29.910356, 299.103562, 0.000000, 298.150000, 2.000000, 298.150000, 4.166670, 8.000000, 16.000000, 298.150000, 298.150000, 298.150000, 298.150000, 299.103562, 299.103562, 299.103562, 0.000000, 0.000002, 0.000000, 0.000002, 0.000000, 0.000000, 0.000000, 0.000000, 0.001024, 0.001024, 0.001024, 0.000100, 0.000000, 10.000000, 10.000000, 10.000000, 0.000002, 0.000100, 0.000102, 10.000000, 0.000002, 10.000000, 0.000002, 0.000000, 0.000002, 5000000.000000, 0.001024, 0.000000, 0.001024, 0.000000, 0.000000, 0.000000, 5000000.000000, 9.998976, 0.000100, 10.000000, 0.000100, 0.001024, 0.000100, 0.000000, 0.000010, 100000.000000, 0.500000, 100000.000000, 0.000000, 0.001024, 0.000100, 10.000000, 0.000102, 293.150000, -0.595356, 293.150000, -5.953562, -0.595356, 293.150000, -0.595356, 299.103562, -0.595356, 0.100000, 0.001024, 0.000100, 0.001024, 0.000100, 0.000000, 0.000100, 299.103562, 0.000000, 10.000000, 293.150000, 0.004000, 10.238142, 10.000000, 0.000102, 10.000000, 0.000102, 0.000000, 0.000102, 10.000000, 299.103562, 299.103562, 0.000000, 25.000000, 25.953562, -0.595356, 0.110356, 0.000000, 0.000100
6.22, 0.000000, 0.000000, 0.000100, 0.000102, 0.000000, -0.000002, 298.985674, 298.985674, 298.985674, -0.583567, 0.000000, 0.000000, 298.985674, 0.100000, 298.000000, 29.898567, 298.985674, 0.000000, 298.150000, 2.000000, 298.150000, 4.166670, 8.000000, 16.000000, 298.150000, 298.150000, 298.150000, 298.150000, 298.985674, 298.985674, 298.985674, 0.000000, 0.000002, 0.000000, 0.000002, 0.000000, 0.000000, 0.000000, 0.000000, 0.001023, 0.001023, 0.001023, 0.000100, 0.000000, 10.000000, 10.000000, 10.000000, 0.000002, 0.000100, 0.000102, 10.000000, 0.000002, 10.000000, 0.000002, 0.000000, 0.000002, 5000000.000000, 0.001023, 0.000000, 0.001023, 0.000000, 0.000000, 0.000000, 5000000.000000, 9.998977, 0.000100, 10.000000, 0.000100, 0.001023, 0.000100, 0.000000, 0.000010, 100000.000000, 0.500000, 100000.000000, 0.000000, 0.001023, 0.000100, 10.000000, 0.000102, 293.150000, -0.583567, 293.150000, -5.835674, -0.583567, 293.150000, -0.583567, 298.985674, -0.583567, 0.100000, 0.001023, 0.000100, 0.001023, 0.000100, 0.000000, 0.000100, 298.985674, 0.000000, 10.000000, 293.150000, 0.004000, 10.233427, 10.000000, 0.000102, 10.000000, 0.000102, 0.000000, 0.000102, 10.000000, 298.985674, 298.985674, 0.000000, 25.000000, 25.835674, -0.583567, 0.098567, 0.000000, 0.000100
6.24, 0.000000, 0.000000, 0.000100, 0.000102, 0.000000, -0.000002, 298.870120, 298.870120, 298.870120, -0.572012, 0.000000, 0.000000, 298.870120, 0.100000, 298.000000, 29.887012, 298.870120, 0.000000, 298.150000, 2.000000, 298.150000, 4.166670, 8.000000, 16.000000, 298.150000, 298.150000, 298.150000, 298.150000, 298.870120, 298.870120, 298.870120, 0.000000, 0.000002, 0.000000, 0.000002, 0.000000, 0.000000, 0.000000, 0.000000, 0.001023, 0.001023, 0.001023, 0.000100, 0.000000, 10.000000, 10.000000, 10.000000, 0.000002, 0.000100, 0.000102, 10.000000, 0.000002, 10.000000, 0.000002, 0.000000, 0.000002, 5000000.000000, 0.001023, 0.000000, 0.001023, 0.000000, 0.000000, 0.000000, 5000000.000000, 9.998977, 0.000100, 10.000000, 0.000100, 0.001023, 0.000100, 0.000000, 0.000010, 100000.000000, 0.500000, 100000.000000, 0.000000, 0.001023, 0.000100, 10.000000, 0.000102, 293.150000, -0.572012, 293.150000, -5.720120, -0.572012, 293.150000, -0.572012, 298.870120, -0.572012, 0.100000, 0.001023, 0.000100, 0.001023, 0.000100, 0.000000, 0.000100, 298.870120, 0.000000, 10.000000, 293.150000, 0.004000, 10.228805, 10.000000, 0.000102, 10.000000, 0.000102, 0.000000, 0.000102, 10.000000, 298.870120, 298.870120, 0.000000, 25.000000, 25.720120, -0.572012, 0.087012, 0.000000, 0.000100
6.26, 0.000000, 0.000000, 0.000100, 0.000102, 0.000000, -0.000002, 298.756854, 298.756854, 298.756854, -0.560685, 0.000000, 0.000000, 298.756854, 0.100000, 298.000000, 29.875685, 298.756854, 0.000000, 298.150000, 2.000000, 298.150000, 4.166670, 8.000000, 16.000000, 298.150000, 298.150000, 298.150000, 298.150000, 298.756854, 298.756854, 298.756854, 0.000000, 0.000002, 0.000000, 0.000002, 0.000000, 0.000000, 0.000000, 0.000000, 0.001022, 0.001022, 0.001022, 0.000100, 0.000000, 10.000000, 10.000000, 10.000000, 0.000002, 0.000100, 0.000102, 10.000000, 0.000002, 10.000000, 0.000002, 0.000000, 0.000002, 5000000.000000, 0.001022, 0.000000, 0.001022, 0.000000, 0.000000, 0.000000, 5000000.000000, 9.998978, 0.000100, 10.000000, 0.000100, 0.001022, 0.000100, 0.000000, 0.000010, 100000.000000, 0.500000, 100000.000000, 0.000000, 0.001022, 0.000100, 10.000000, 0.000102, 293.150000, -0.560685, 293.150000, -5.606854, -0.560685, 293.150000, -0.560685, 298.756854, -0.560685, 0.100000, 0.001022, 0.000100, 0.001022, 0.000100, 0.000000, 0.000100, 298.756854, 0.000000, 10.000000, 293.150000, 0.004000, 10.224274, 10.000000, 0.000102, 10.000000, 0.000102, 0.000000, 0.000102, 10.000000, 298.756854, 298.756854, 0.000000, 25.000000, 25.606854, -0.560685, 0.075685, 0.000000, 0.000100
6.28, 0.000000, 0.000000, 0.000100, 0.000102, 0.000000, -0.000002, 298.645830, 298.645830, 298.645830, -0.549583, 0.000000, 0.000000, 298.645830, 0.100000, 298.000000, 29.864583, 298.645830, 0.000000, 298.150000, 2.000000, 298.150000, 4.166670, 8.000000, 16.000000, 298.150000, 298.150000, 298.150000, 298.150000, 298.645830, 298.645830, 298.645830, 0.000000, 0.000002, 0.000000, 0.000002, 0.000000, 0.000000, 0.000000, 0.000000, 0.001022, 0.001022, 0.001022, 0.000100, 0.000000, 10.000000, 10.000000, 10.000000, 0.000002, 0.000100, 0.000102, 10.000000, 0.000002, 10.000000, 0.000002, 0.000000, 0.000002, 5000000.000000, 0.001022, 0.000000, 0.001022, 0.000000, 0.000000, 0.000000, 5000000.000000, 9.998978, 0.000100, 10.000000, 0.000100, 0.001022, 0.000100, 0.000000, 0.000010, 100000.000000, 0.500000, 100000.000000, 0.000000, 0.001022, 0.000100, 10.000000, 0.000102, 293.150000, -0.549583, 293.150000, -5.495830, -0.549583, 293.150000, -0.549583, 298.645830, -0.549583, 0.100000, 0.001022, 0.000100, 0.001022, 0.000100, 0.000000, 0.000100, 298.645830, 0.000000, 10.000000, 293.150000, 0.004000, 10.219833, 10.000000, 0.000102, 10.000000, 0.000102, 0.000000, 0.000102, 10.000000, 298.645830, 298.645830, 0.000000, 25.000000, 25.495830, -0.549583, 0.064583, 0.000000, 0.000100
6.3, 0.000000, 0.000000, 0.000100, 0.000102, 0.000000, -0.000002, 298.537006, 298.537006, 298.537006, -0.538701, 0.000000, 0.000000, 298.537006, 0.100000, 298.000000, 29.853701, 298.537006, 0.000000, 298.150000, 2.000000, 298.150000, 4.166670, 8.000000, 16.000000, 298.150000, 298.150000, 298.150000, 298.150000, 298.537006, 298.537006, 298.537006, 0.000000, 0.000002, 0.000000, 0.000002, 0.000000, 0.000000, 0.000000, 0.000000, 0.001021, 0.001021, 0.001021, 0.000100, 0.000000, 10.000000, 10.000000, 10.000000, 0.000002, 0.000100, 0.000102, 10.000000, 0.000002, 10.000000, 0.000002, 0.000000, 0.000002, 5000000.000000, 0.001021, 0.000000, 0.001021, 0.000000, 0.000000, 0.000000, 5000000.000000, 9.998979, 0.000100, 10.000000, 0.000100, 0.001021, 0.000100, 0.000000, 0.000010, 100000.000000, 0.500000, 100000.000000, 0.000000, 0.001021, 0.000100, 10.000000, 0.000102, 293.150000, -0.538701, 293.150000, -5.387006, -0.538701, 293.150000, -0.538701, 298.537006, -0.538701, 0.100000, 0.001021, 0.000100, 0.001021, 0.000100, 0.000000, 0.000100, 298.537006, 0.000000, 10.000000, 293.150000, 0.004000, 10.215480, 10.000000, 0.000102, 10.000000, 0.000102, 0.000000, 0.000102, 10.000000, 298.537006, 298.537006, 0.000000, 25.000000, 25.387006, -0.538700, 0.053701, 0.000000, 0.000100
6.32, 0.000000, 0.000000, 0.000100, 0.000102, 0.000000, -0.000002, 298.430336, 298.430336, 298.430336, -0.528034, 0.000000, 0.000000, 298.430336, 0.100000, 298.000000, 29.843034, 298.430336, 0.000000, 298.150000, 2.000000, 298.150000, 4.166670, 8.000000, 16.000000, 298.150000, 298.150000, 298.150000, 298.150000, 298.430336, 298.430336, 298.430336, 0.000000, 0.000002, 0.000000, 0.000002, 0.000000, 0.000000, 0.000000, 0.000000, 0.001021, 0.001021, 0.001021, 0.000100, 0.000000, 10.000000, 10.000000, 10.000000, 0.000002, 0.000100, 0.000102, 10.000000, 0.000002, 10.000000, 0.000002, 0.000000, 0.000002, 5000000.000000, 0.001021, 0.000000, 0.001021, 0.000000, 0.000000, 0.000000, 5000000.000000, 9.998979, 0.000100, 10.000000, 0.000100, 0.001021, 0.000100, 0.000000, 0.000010, 100000.000000, 0.500000, 100000.000000, 0.000000, 0.001021, 0.000100, 10.000000, 0.000102, 293.150000, -0.528034, 293.150000, -5.280336, -0.528034, 293.150000, -0.528034, 298.430336, -0.528034, 0.100000, 0.001021, 0.000100, 0.001021, 0.000100, 0.000000, 0.000100, 298.430336, 0.000000, 10.000000, 293.150000, 0.004000, 10.211213, 10.000000, 0.000102, 10.000000, 0.000102, 0.000000, 0.000102, 10.000000, 298.430336, 298.430336, 0.000000, 25.000000, 25.280336, -0.528033, 0.043034, 0.000000, 0.000100
6.34, 0.000000, 0.000000, 0.000100, 0.000102, 0.000000, -0.000002, 298.325778, 298.325778, 298.325778, -0.517578, 0.000000, 0.000000, 298.325778, 0.100000, 298.000000, 29.832578, 298.325778, 0.000000, 298.150000, 2.000000, 298.150000, 4.166670, 8.000000, 16.000000, 298.150000, 298.150000, 298.150000, 298.150000, 298.325778, 298.325778, 298.325778, 0.000000, 0.000002, 0.000000, 0.000002, 0.000000, 0.000000, 0.000000, 0.000000, 0.001021, 0.001021, 0.001021, 0.000100, 0.000000, 10.000000, 10.000000, 10.000000, 0.000002, 0.000100, 0.000102, 10.000000, 0.000002, 10.000000, 0.000002, 0.000000, 0.000002, 5000000.000000, 0.001021, 0.000000, 0.001021, 0.000000, 0.000000, 0.000000, 5000000.000000, 9.998979, 0.000100, 10.000000, 0.000100, 0.001021, 0.000100, 0.000000, 0.000010, 100000.000000, 0.500000, 100000.000000, 0.000000, 0.001021, 0.000100, 10.000000, 0.000102, 293.150000, -0.517578, 293.150000, -5.175778, -0.517578, 293.150000, -0.517578, 298.325778, -0.517578, 0.100000, 0.001021, 0.000100, 0.001021, 0.000100, 0.000000, 0.000100, 298.325778, 0.000000, 10.000000, 293.150000, 0.004000, 10.207031, 10.000000, 0.000102, 10.000000, 0.000102, 0.000000, 0.000102, 10.000000, 298.325778, 298.325778, 0.000000, 25.000000, 25.175778, -0.517578, 0.032578, 0.000000, 0.000100
6.36, 0.000000, 0.000000, 0.000100, 0.000102, 0.000000, -0.000002, 298.223291, 298.223291, 298.223291, -0.507329, 0.000000, 0.000000, 298.223291, 0.100000, 298.000000, 29.822329, 298.223291, 0.000000, 298.150000, 2.000000, 298.150000, 4.166670, 8.000000, 16.000000, 298.150000, 298.150000, 298.150000, 298.150000, 298.223291, 298.223291, 298.223291, 0.000000, 0.000002, 0.000000, 0.000002, 0.000000, 0.000000, 0.000000, 0.000000, 0.001020, 0.001020, 0.001020, 0.000100, 0.000000, 10.000000, 10.000000, 10.000000, 0.000002, 0.000100, 0.000102, 10.000000, 0.000002, 10.000000, 0.000002, 0.000000, 0.000002, 5000000.000000, 0.001020, 0.000000, 0.001020, 0.000000, 0.000000, 0.000000, 5000000.000000, 9.998980, 0.000100, 10.000000, 0.000100, 0.001020, 0.000100, 0.000000, 0.000010, 100000.000000, 0.500000, 100000.000000, 0.000000, 0.001020, 0.000100, 10.000000, 0.000102, 293.150000, -0.507329, 293.150000, -5.073291, -0.507329, 293.150000, -0.507329, 298.223291, -0.507329, 0.100000, 0.001020, 0.000100, 0.001020, 0.000100, 0.000000, 0.000100, 298.223291, 0.000000, 10.000000, 293.150000, 0.004000, 10.202932, 10.000000, 0.000102, 10.000000, 0.000102, 0.000000, 0.000102, 10.000000, 298.223291, 298.223291, 0.000000, 25.000000, 25.073291, -0.507329, 0.022329, 0.000000, 0.000100
6.38, 0.000000, 0.000000, 0.000100, 0.000102, 0.000000, -0.000002, 298.122833, 298.122833, 298.122833, -0.497283, 0.000000, 0.000000, 298.122833, 0.100000, 298.000000, 29.812283, 298.122833, 0.000000, 298.150000, 2.000000, 298.150000, 4.166670, 8.000000, 16.000000, 298.150000, 298.150000, 298.150000, 298.150000, 298.122833, 298.122833, 298.122833, 0.000000, 0.000002, 0.000000, 0.000002, 0.000000, 0.000000, 0.000000, 0.000000, 0.001020, 0.001020, 0.001020, 0.000100, 0.000000, 10.000000, 10.000000, 10.000000, 0.000002, 0.000100, 0.000102, 10.000000, 0.000002, 10.000000, 0.000002, 0.000000, 0.000002, 5000000.000000, 0.001020, 0.000000, 0.001020, 0.000000, 0.000000, 0.000000, 5000000.000000, 9.998980, 0.000100, 10.000000, 0.000100, 0.001020, 0.000100, 0.000000, 0.000010, 100000.000000, 0.500000, 100000.000000, 0.000000, 0.001020, 0.000100, 10.000000, 0.000102, 293.150000, -0.497283, 293.150000, -4.972833, -0.497283, 293.150000, -0.497283, 298.122833, -0.497283, 0.100000, 0.001020, 0.000100, 0.001020, 0.000100, 0.000000, 0.000100, 298.122833, 0.000000, 10.000000, 293.150000, 0.004000, 10.198913, 10.000000, 0.000102, 10.000000, 0.000102, 0.000000, 0.000102, 10.000000, 298.122833, 298.122833, 0.000000, 25.000000, 24.972833, -0.497283, 0.012283, 0.000000, 0.000100
6.4, 0.000000, 0.000000, 0.000100, 0.000102, 0.000000, -0.000002, 298.024364, 298.024364, 298.024364, -0.487436, 0.000000, 0.000000, 298.024364, 0.100000, 298.000000, 29.802436, 298.024364, 0.000000, 298.150000, 2.000000, 298.150000, 4.166670, 8.000000, 16.000000, 298.150000, 298.150000, 298.150000, 298.150000, 298.024364, 298.024364, 298.024364, 0.000000, 0.000002, 0.000000, 0.000002, 0.000000, 0.000000, 0.000000, 0.000000, 0.001019, 0.001019, 0.001019, 0.000100, 0.000000, 10.000000, 10.000000, 10.000000, 0.000002, 0.000100, 0.000102, 10.000000, 0.000002, 10.000000, 0.000002, 0.000000, 0.000002, 5000000.000000, 0.001019, 0.000000, 0.001019, 0.000000, 0.000000, 0.000000, 5000000.000000, 9.998981, 0.000100, 10.000000, 0.000100, 0.001019, 0.000100, 0.000000, 0.000010, 100000.000000, 0.500000, 100000.000000, 0.000000, 0.001019, 0.000100, 10.000000, 0.000102, 293.150000, -0.487436, 293.150000, -4.874364, -0.487436, 293.150000, -0.487436, 298.024364, -0.487436, 0.100000, 0.001019, 0.000100, 0.001019, 0.000100, 0.000000, 0.000100, 298.024364, 0.000000, 10.000000, 293.150000, 0.004000, 10.194975, 10.000000, 0.000102, 10.000000, 0.000102, 0.000000, 0.000102, 10.000000, 298.024364, 298.024364, 0.000000, 25.000000, 24.874364, -0.487436, 0.002436, 0.000000, 0.000100
6.42, 0.000000, 0.000000, 0.000100, 0.000102, 0.000000, -0.000002, 297.927846, 297.927846, 297.927846, -0.477785, 0.000000, 0.000000, 297.927846, 0.100000, 298.000000, 29.792785, 297.927846, 0.000000, 298.150000, 2.000000, 298.150000, 4.166670, 8.000000, 16.000000, 298.150000, 298.150000, 298.150000, 298.150000, 297.927846, 297.927846, 297.927846, 0.000000, 0.000002, 0.000000, 0.000002, 0.000000, 0.000000, 0.000000, 0.000000, 0.001019, 0.001019, 0.001019, 0.000100, 0.000000, 10.000000, 10.000000, 10.000000, 0.000002, 0.000100, 0.000102, 10.000000, 0.000002, 10.000000, 0.000002, 0.000000, 0.000002, 5000000.000000, 0.001019, 0.000000, 0.001019, 0.000000, 0.000000, 0.000000, 5000000.000000, 9.998981, 0.000100, 10.000000, 0.000100, 0.001019, 0.000100, 0.000000, 0.000010, 100000.000000, 0.500000, 100000.000000, 0.000000, 0.001019, 0.000100, 10.000000, 0.000102, 293.150000, -0.477785, 293.150000, -4.777846, -0.477785, 293.150000, -0.477785, 297.927846, -0.477785, 0.100000, 0.001019, 0.000100, 0.001019, 0.000100, 0.000000, 0.000100, 297.927846, 0.000000, 10.000000, 293.150000, 0.004000, 10.191114, 10.000000, 0.000102, 10.000000, 0.000102, 0.000000, 0.000102, 10.000000, 297.927846, 297.927846, 0.000000, 25.000000, 24.777846, -0.477784, -0.007215, 0.000000, 0.000100
6.44, 0.000000, 0.000000, 0.000100, 0.000102, 0.000000, -0.000002, 297.833238, 297.833238, 297.833238, -0.468324, 0.000000, 0.000000, 297.833238, 0.100000, 298.000000, 29.783324, 297.833238, 0.000000, 298.150000, 2.000000, 298.150000, 4.166670, 8.000000, 16.000000, 298.150000, 298.150000, 298.150000, 298.150000, 297.833238, 297.833238, 297.833238, 0.000000, 0.000002, 0.000000, 0.000002, 0.000000, 0.000000, 0.000000, 0.000000, 0.001019, 0.001019, 0.001019, 0.000100, 0.000000, 10.000000, 10.000000, 10.000000, 0.000002, 0.000100, 0.000102, 10.000000, 0.000002, 10.000000, 0.000002, 0.000000, 0.000002, 5000000.000000, 0.001019, 0.000000, 0.001019, 0.000000, 0.000000, 0.000000, 5000000.000000, 9.998981, 0.000100, 10.000000, 0.000100, 0.001019, 0.000100, 0.000000, 0.000010, 100000.000000, 0.500000, 100000.000000, 0.000000, 0.001019, 0.000100, 10.000000, 0.000102, 293.150000, -0.468324, 293.150000, -4.683238, -0.468324, 293.150000, -0.468324, 297.833238, -0.468324, 0.100000, 0.001019, 0.000100, 0.001019, 0.000100, 0.000000, 0.000100, 297.833238, 0.000000, 10.000000, 293.150000, 0.004000, 10.187330, 10.000000, 0.000102, 10.000000, 0.000102, 0.000000, 0.000102, 10.000000, 297.833238, 297.833238, 0.000000, 25.000000, 24.683238, -0.468324, -0.016676, 0.000000, 0.000100
6.46, 0.000000, 0.000000, 0.000100, 0.000102, 0.000000, -0.000002, 297.740504, 297.740504, 297.740504, -0.459050, 0.000000, 0.000000, 297.740504, 0.100000, 298.000000, 29.774050, 297.740504, 0.000000, 298.150000, 2.000000, 298.150000, 4.166670, 8.000000, 16.000000, 298.150000, 298.150000, 298.150000, 298.150000, 297.740504, 297.740504, 297.740504, 0.000000, 0.000002, 0.000000, 0.000002, 0.000000, 0.000000, 0.000000, 0.000000, 0.001018, 0.001018, 0.001018, 0.000100, 0.000000, 10.000000, 10.000000, 10.000000, 0.000002, 0.000100, 0.000102, 10.000000, 0.000002, 10.000000, 0.000002, 0.000000, 0.000002, 5000000.000000, 0.001018, 0.000000, 0.001018, 0.000000, 0.000000, 0.000000, 5000000.000000, 9.998982, 0.000100, 10.000000, 0.000100, 0.001018, 0.000100, 0.000000, 0.000010, 100000.000000, 0.500000, 100000.000000, 0.000000, 0.001018, 0.000100, 10.000000, 0.000102, 293.150000, -0.459050, 293.150000, -4.590504, -0.459050, 293.150000, -0.459050, 297.740504, -0.459050, 0.100000, 0.001018, 0.000100, 0.001018, 0.000100, 0.000000, 0.000100, 297.740504, 0.000000, 10.000000, 293.150000, 0.004000, 10.183620, 10.000000, 0.000102, 10.000000, 0.000102, 0.000000, 0.000102, 10.000000, 297.740504, 297.740504, 0.000000, 25.000000, 24.590504, -0.459050, -0.025950, 0.000000, 0.000100
6.48, 0.000000, 0.000000, 0.000100, 0.000102, 0.000000, -0.000002, 297.649606, 297.649606, 297.649606, -0.449961, 0.000000, 0.000000, 297.649606, 0.100000, 298.000000, 29.764961, 297.649606, 0.000000, 298.150000, 2.000000, 298.150000, 4.166670, 8.000000, 16.000000, 298.150000, 298.150000, 298.150000, 298.150000, 297.649606, 297.649606, 297.649606, 0.000000, 0.000002, 0.000000, 0.000002, 0.000000, 0.000000, 0.000000, 0.000000, 0.001018, 0.001018, 0.001018, 0.000100, 0.000000, 10.000000, 10.000000, 10.000000, 0.000002, 0.000100, 0.000102, 10.000000, 0.000002, 10.000000, 0.000002, 0.000000, 0.000002, 5000000.000000, 0.001018, 0.000000, 0.001018, 0.000000, 0.000000, 0.000000, 5000000.000000, 9.998982, 0.000100, 10.000000, 0.000100, 0.001018, 0.000100, 0.000000, 0.000010, 100000.000000, 0.500000, 100000.000000, 0.000000, 0.001018, 0.000100, 10.000000, 0.000102, 293.150000, -0.449961, 293.150000, -4.499606, -0.449961, 293.150000, -0.449961, 297.649606, -0.449961, 0.100000, 0.001018, 0.000100, 0.001018, 0.000100, 0.000000, 0.000100, 297.649606, 0.000000, 10.000000, 293.150000, 0.004000, 10.179984, 10.000000, 0.000102, 10.000000, 0.000102, 0.000000, 0.000102, 10.000000, 297.649606, 297.649606, 0.000000, 25.000000, 24.499606, -0.449960, -0.035039, 0.000000, 0.000100
6.5, 0.000000, 0.000000, 0.000100, 0.000102, 0.000000, -0.000002, 297.560507, 297.560507, 297.560507, -0.441051, 0.000000, 0.000000, 297.560507, 0.100000, 298.000000, 29.756051, 297.560507, 0.000000, 298.150000, 2.000000, 298.150000, 4.166670, 8.000000, 16.000000, 298.150000, 298.150000, 298.150000, 298.150000, 297.560507, 297.560507, 297.560507, 0.000000, 0.000002, 0.000000, 0.000002, 0.000000, 0.000000, 0.000000, 0.000000, 0.001018, 0.001018, 0.001018, 0.000100, 0.000000, 10.000000, 10.000000, 10.000000, 0.000002, 0.000100, 0.000102, 10.000000, 0.000002, 10.000000, 0.000002, 0.000000, 0.000002, 5000000.000000, 0.001018, 0.000000, 0.001018, 0.000000, 0.000000, 0.000000, 5000000.000000, 9.998982, 0.000100, 10.000000, 0.000100, 0.001018, 0.000100, 0.000000, 0.000010, 100000.000000, 0.500000, 100000.000000, 0.000000, 0.001018, 0.000100, 10.000000, 0.000102, 293.150000, -0.441051, 293.150000, -4.410507, -0.441051, 293.150000, -0.441051, 297.560507, -0.441051, 0.100000, 0.001018, 0.000100, 0.001018, 0.000100, 0.000000, 0.000100, 297.560507, 0.000000, 10.000000, 293.150000, 0.004000, 10.176420, 10.000000, 0.000102, 10.000000, 0.000102, 0.000000, 0.000102, 10.000000, 297.560507, 297.560507, 0.000000, 25.000000, 24.410507, -0.441051, -0.043949, 0.000000, 0.000100
6.52, 0.000000, 0.000000, 0.000100, 0.000102, 0.000000, -0.000002, 297.473174, 297.473174, 297.473174, -0.432317, 0.000000, 0.000000, 297.473174, 0.100000, 298.000000, 29.747317, 297.473174, 0.000000, 298.150000, 2.000000, 298.150000, 4.166670, 8.000000, 16.000000, 298.150000, 298.150000, 298.150000, 298.150000, 297.473174, 297.473174, 297.473174, 0.000000, 0.000002, 0.000000, 0.000002, 0.000000, 0.000000, 0.000000, 0.000000, 0.001017, 0.001017, 0.001017, 0.000100, 0.000000, 10.000000, 10.000000, 10.000000, 0.000002, 0.000100, 0.000102, 10.000000, 0.000002, 10.000000, 0.000002, 0.000000, 0.000002, 5000000.000000, 0.001017, 0.000000, 0.001017, 0.000000, 0.000000, 0.000000, 5000000.000000, 9.998983, 0.000100, 10.000000, 0.000100, 0.001017, 0.000100, 0.000000, 0.000010, 100000.000000, 0.500000, 100000.000000, 0.000000, 0.001017, 0.000100, 10.000000, 0.000102, 293.150000, -0.432317, 293.150000, -4.323174, -0.432317, 293.150000, -0.432317, 297.473174, -0.432317, 0.100000, 0.001017, 0.000100, 0.001017, 0.000100, 0.000000, 0.000100, 297.473174, 0.000000, 10.000000, 293.150000, 0.004000, 10.172927, 10.000000, 0.000102, 10.000000, 0.000102, 0.000000, 0.000102, 10.000000, 297.473174, 297.473174, 0.000000, 25.000000, 24.323174, -0.432317, -0.052683, 0.000000, 0.000100
6.54, 0.000000, 0.000000, 0.000100, 0.000102, 0.000000, -0.000002, 297.387569, 297.387569, 297.387569, -0.423757, 0.000000, 0.000000, 297.387569, 0.100000, 298.000000, 29.738757, 297.387569, 0.000000, 298.150000, 2.000000, 298.150000, 4.166670, 8.000000, 16.000000, 298.150000, 298.150000, 298.150000, 298.150000, 297.387569, 297.387569, 297.387569, 0.000000, 0.000002, 0.000000, 0.000002, 0.000000, 0.000000, 0.000000, 0.000000, 0.001017, 0.001017, 0.001017, 0.000100, 0.000000, 10.000000, 10.000000, 10.000000, 0.000002, 0.000100, 0.000102, 10.000000, 0.000002, 10.000000, 0.000002, 0.000000, 0.000002, 5000000.000000, 0.001017, 0.000000, 0.001017, 0.000000, 0.000000, 0.000000, 5000000.000000, 9.998983, 0.000100, 10.000000, 0.000100, 0.001017, 0.000100, 0.000000, 0.000010, 100000.000000, 0.500000, 100000.000000, 0.000000, 0.001017, 0.000100, 10.000000, 0.000102, 293.150000, -0.423757, 293.150000, -4.237569, -0.423757, 293.150000, -0.423757, 297.387569, -0.423757, 0.100000, 0.001017, 0.000100, 0.001017, 0.000100, 0.000000, 0.000100, 297.387569, 0.000000, 10.000000, 293.150000, 0.004000, 10.169503, 10.000000, 0.000102, 10.000000, 0.000102, 0.000000, 0.000102, 10.000000, 297.387569, 297.387569, 0.000000, 25.000000, 24.237569, -0.423757, -0.061243, 0.000000, 0.000100
6.56, 0.000000, 0.000000, 0.000100, 0.000102, 0.000000, -0.000002, 297.303660, 297.303660, 297.303660, -0.415366, 0.000000, 0.000000, 297.303660, 0.100000, 298.000000, 29.730366, 297.303660, 0.000000, 298.150000, 2.000000, 298.150000, 4.166670, 8.000000, 16.000000, 298.150000, 298.150000, 298.150000, 298.150000, 297.303660, 297.303660, 297.303660, 0.000000, 0.000002, 0.000000, 0.000002, 0.000000, 0.000000, 0.000000, 0.000000, 0.001017, 0.001017, 0.001017, 0.000100, 0.000000, 10.000000, 10.000000, 10.000000, 0.000002, 0.000100, 0.000102, 10.000000, 0.000002, 10.000000, 0.000002, 0.000000, 0.000002, 5000000.000000, 0.001017, 0.000000, 0.001017, 0.000000, 0.000000, 0.000000, 5000000.000000, 9.998983, 0.000100, 10.000000, 0.000100, 0.001017, 0.000100, 0.000000, 0.000010, 100000.000000, 0.500000, 100000.000000, 0.000000, 0.001017, 0.000100, 10.000000, 0.000102, 293.150000, -0.415366, 293.150000, -4.153660, -0.415366, 293.150000, -0.415366, 297.303660, -0.415366, 0.100000, 0.001017, 0.000100, 0.001017, 0.000100, 0.000000, 0.000100, 297.303660, 0.000000, 10.000000, 293.150000, 0.004000, 10.166146, 10.000000, 0.000102, 10.000000, 0.000102, 0.000000, 0.000102, 10.000000, 297.303660, 297.303660, 0.000000, 25.000000, 24.153660, -0.415366, -0.069634, 0.000000, 0.000100
6.58, 0.000000, 0.000000, 0.000100, 0.000102, 0.000000, -0.000002, 297.221412, 297.221412, 297.221412, -0.407141, 0.000000, 0.000000, 297.221412, 0.100000, 298.000000, 29.722141, 297.221412, 0.000000, 298.150000, 2.000000, 298.150000, 4.166670, 8.000000, 16.000000, 298.150000, 298.150000, 298.150000, 298.150000, 297.221412, 297.221412, 297.221412, 0.000000, 0.000002, 0.000000, 0.000002, 0.000000, 0.000000, 0.000000, 0.000000, 0.001016, 0.001016, 0.001016, 0.000100, 0.000000, 10.000000, 10.000000, 10.000000, 0.000002, 0.000100, 0.000102, 10.000000, 0.000002, 10.000000, 0.000002, 0.000000, 0.000002, 5000000.000000, 0.001016, 0.000000, 0.001016, 0.000000, 0.000000, 0.000000, 5000000.000000, 9.998984, 0.000100, 10.000000, 0.000100, 0.001016, 0.000100, 0.000000, 0.000010, 100000.000000, 0.500000, 100000.000000, 0.000000, 0.001016, 0.000100, 10.000000, 0.000102, 293.150000, -0.407141, 293.150000, -4.071412, -0.407141, 293.150000, -0.407141, 297.221412, -0.407141, 0.100000, 0.001016, 0.000100, 0.001016, 0.000100, 0.000000, 0.000100, 297.221412, 0.000000, 10.000000, 293.150000, 0.004000, 10.162856, 10.000000, 0.000102, 10.000000, 0.000102, 0.000000, 0.000102, 10.000000, 297.221412, 297.221412, 0.000000, 25.000000, 24.071412, -0.407141, -0.077859, 0.000000, 0.000100
6.6, 0.000000, 0.000000, 0.983412, 0.983416, 0.000000, -0.000004, 297.366813, 297.366813, 297.366813, -0.421681, 0.000000, 9.834106, 297.366813, 0.100000, 298.000000, 29.736681, 297.366813, 1.000000, 298.150000, 2.000000, 298.150000, 4.166670, 8.000000, 16.000000, 298.150000, 298.150000, 298.150000, 298.150000, 297.366813, 297.366813, 297.366813, 0.000000, 0.000002, 0.000000, 0.000002, 0.000000, 0.000002, 0.000000, 0.000002, 9.999990, 9.999990, 9.999990, 0.983412, 0.000002, 10.000000, 10.000000, 10.000000, 0.000002, 0.983414, 0.983416, 10.000000, 0.000002, 10.000000, 0.000002, 0.000000, 0.000002, 5000000.000000, 9.999990, 0.000002, 9.999990, 0.000002, 0.000000, 0.000002, 5000000.000000, 0.000010, 0.983414, 10.000000, 0.983414, 9.999990, 0.983414, 1.000000, 0.000010, 100000.000000, 0.500000, 0.000010, 1.000000, 9.999990, 0.983412, 10.000000, 0.983416, 293.150000, -0.421681, 293.150000, -4.216813, -0.421681, 293.150000, -0.421681, 297.366813, -0.421681, 0.100000, 9.999990, 0.983412, 9.999990, 0.983412, 0.000000, 0.983412, 297.366813, 9.834106, 10.000000, 293.150000, 0.004000, 10.168673, 10.000000, 0.983416, 10.000000, 0.983416, 0.000000, 0.983416, 10.000000, 297.366813, 297.366813, 0.000000, 25.000000, 24.216813, 9.412425, -0.063319, 0.000000, 0.983414
6.62, 0.000000, 0.000000, 0.000100, 0.000102, 0.000000, -0.000002, 299.145383, 299.145383, 299.145383, -0.599538, 0.000000, 0.000000, 299.145383, 0.100000, 298.000000, 29.914538, 299.145383, 0.000000, 298.150000, 2.000000, 298.150000, 4.166670, 8.000000, 16.000000, 298.150000, 298.150000, 298.150000, 298.150000, 299.145383, 299.145383, 299.145383, 0.000000, 0.000002, 0.000000, 0.000002, 0.000000, 0.000000, 0.000000, 0.000000, 0.001024, 0.001024, 0.001024, 0.000100, 0.000000, 10.000000, 10.000000, 10.000000, 0.000002, 0.000100, 0.000102, 10.000000, 0.000002, 10.000000, 0.000002, 0.000000, 0.000002, 5000000.000000, 0.001024, 0.000000, 0.001024, 0.000000, 0.000000, 0.000000, 5000000.000000, 9.998976, 0.000100, 10.000000, 0.000100, 0.001024, 0.000100, 0.000000, 0.000010, 100000.000000, 0.500000, 100000.000000, 0.000000, 0.001024, 0.000100, 10.000000, 0.000102, 293.150000, -0.599538, 293.150000, -5.995383, -0.599538, 293.150000, -0.599538, 299.145383, -0.599538, 0.100000, 0.001024, 0.000100, 0.001024, 0.000100, 0.000000, 0.000100, 299.145383, 0.000000, 10.000000, 293.150000, 0.004000, 10.239815, 10.000000, 0.000102, 10.000000, 0.000102, 0.000000, 0.000102, 10.000000, 299.145383, 299.145383, 0.000000, 25.000000, 25.995383, -0.599538, 0.114538, 0.000000, 0.000100
6.64, 0.000000, 0.000000, 0.000100, 0.000102, 0.000000, -0.000002, 299.026667, 299.026667, 299.026667, -0.587667, 0.000000, 0.000000, 299.026667, 0.100000, 298.000000, 29.902667, 299.026667, 0.000000, 298.150000, 2.000000, 298.150000, 4.166670, 8.000000, 16.000000, 298.150000, 298.150000, 298.150000, 298.150000, 299.026667, 299.026667, 299.026667, 0.000000, 0.000002, 0.000000, 0.000002, 0.000000, 0.000000, 0.000000, 0.000000, 0.001023, 0.001023, 0.001023, 0.000100, 0.000000, 10.000000, 10.000000, 10.000000, 0.000002, 0.000100, 0.000102, 10.000000, 0.000002, 10.000000, 0.000002, 0.000000, 0.000002, 5000000.000000, 0.001023, 0.000000, 0.001023, 0.000000, 0.000000, 0.000000, 5000000.000000, 9.998977, 0.000100, 10.000000, 0.000100, 0.001023, 0.000100, 0.000000, 0.000010, 100000.000000, 0.500000, 100000.000000, 0.000000, 0.001023, 0.000100, 10.000000, 0.000102, 293.150000, -0.587667, 293.150000, -5.876667, -0.587667, 293.150000, -0.587667, 299.026667, -0.587667, 0.100000, 0.001023, 0.000100, 0.001023, 0.000100, 0.000000, 0.000100, 299.026667, 0.000000, 10.000000, 293.150000, 0.004000, 10.235067, 10.000000, 0.000102, 10.000000, 0.000102, 0.000000, 0.000102, 10.000000, 299.026667, 299.026667, 0.000000, 25.000000, 25.876667, -0.587667, 0.102667, 0.000000, 0.000100
6.66, 0.000000, 0.000000, 0.000100, 0.000102, 0.000000, -0.000002, 298.910301, 298.910301, 298.910301, -0.576030, 0.000000, 0.000000, 298.910301, 0.100000, 298.000000, 29.891030, 298.910301, 0.000000, 298.150000, 2.000000, 298.150000, 4.166670, 8.000000, 16.000000, 298.150000, 298.150000, 298.150000, 298.150000, 298.910301, 298.910301, 298.910301, 0.000000, 0.000002, 0.000000, 0.000002, 0.000000, 0.000000, 0.000000, 0.000000, 0.001023, 0.001023, 0.001023, 0.000100, 0.000000, 10.000000, 10.000000, 10.000000, 0.000002, 0.000100, 0.000102, 10.000000, 0.000002, 10.000000, 0.000002, 0.000000, 0.000002, 5000000.000000, 0.001023, 0.000000, 0.001023, 0.000000, 0.000000, 0.000000, 5000000.000000, 9.998977, 0.000100, 10.000000, 0.000100, 0.001023, 0.000100, 0.000000, 0.000010, 100000.000000, 0.500000, 100000.000000, 0.000000, 0.001023, 0.000100, 10.000000, 0.000102, 293.150000, -0.576030, 293.150000, -5.760301, -0.576030, 293.150000, -0.576030, 298.910301, -0.576030, 0.100000, 0.001023, 0.000100, 0.001023, 0.000100, 0.000000, 0.000100, 298.910301, 0.000000, 10.000000, 293.150000, 0.004000, 10.230412, 10.000000, 0.000102, 10.000000, 0.000102, 0.000000, 0.000102, 10.000000, 298.910301, 298.910301, 0.000000, 25.000000, 25.760301, -0.576030, 0.091030, 0.000000, 0.000100
6.68, 0.000000, 0.000000, 0.000100, 0.000102, 0.000000, -0.000002, 298.796239, 298.796239, 298.796239, -0.564624, 0.000000, 0.000000, 298.796239, 0.100000, 298.000000, 29.879624, 298.796239, 0.000000, 298.150000, 2.000000, 298.150000, 4.166670, 8.000000, 16.000000, 298.150000, 298.150000, 298.150000, 298.150000, 298.796239, 298.796239, 298.796239, 0.000000, 0.000002, 0.000000, 0.000002, 0.000000, 0.000000, 0.000000, 0.000000, 0.001022, 0.001022, 0.001022, 0.000100, 0.000000, 10.000000, 10.000000, 10.000000, 0.000002, 0.000100, 0.000102, 10.000000, 0.000002, 10.000000, 0.000002, 0.000000, 0.000002, 5000000.000000, 0.001022, 0.000000, 0.001022, 0.000000, 0.000000, 0.000000, 5000000.000000, 9.998978, 0.000100, 10.000000, 0.000100, 0.001022, 0.000100, 0.000000, 0.000010, 100000.000000, 0.500000, 100000.000000, 0.000000, 0.001022, 0.000100, 10.000000, 0.000102, 293.150000, -0.564624, 293.150000, -5.646239, -0.564624, 293.150000, -0.564624, 298.796239, -0.564624, 0.100000, 0.001022, 0.000100, 0.001022, 0.000100, 0.000000, 0.000100, 298.796239, 0.000000, 10.000000, 293.150000, 0.004000, 10.225850, 10.000000, 0.000102, 10.000000, 0.000102, 0.000000, 0.000102, 10.000000, 298.796239, 298.796239, 0.000000, 25.000000, 25.646239, -0.564624, 0.079624, 0.000000, 0.000100
6.7, 0.000000, 0.000000, 0.000100, 0.000102, 0.000000, -0.000002, 298.684436, 298.684436, 298.684436, -0.553444, 0.000000, 0.000000, 298.684436, 0.100000, 298.000000, 29.868444, 298.684436, 0.000000, 298.150000, 2.000000, 298.150000, 4.166670, 8.000000, 16.000000, 298.150000, 298.150000, 298.150000, 298.150000, 298.684436, 298.684436, 298.684436, 0.000000, 0.000002, 0.000000, 0.000002, 0.000000, 0.000000, 0.000000, 0.000000, 0.001022, 0.001022, 0.001022, 0.000100, 0.000000, 10.000000, 10.000000, 10.000000, 0.000002, 0.000100, 0.000102, 10.000000, 0.000002, 10.000000, 0.000002, 0.000000, 0.000002, 5000000.000000, 0.001022, 0.000000, 0.001022, 0.000000, 0.000000, 0.000000, 5000000.000000, 9.998978, 0.000100, 10.000000, 0.000100, 0.001022, 0.000100, 0.000000, 0.000010, 100000.000000, 0.500000, 100000.000000, 0.000000, 0.001022, 0.000100, 10.000000, 0.000102, 293.150000, -0.553444, 293.150000, -5.534436, -0.553444, 293.150000, -0.553444, 298.684436, -0.553444, 0.100000, 0.001022, 0.000100, 0.001022, 0.000100, 0.000000, 0.000100, 298.684436, 0.000000, 10.000000, 293.150000, 0.004000, 10.221377, 10.000000, 0.000102, 10.000000, 0.000102, 0.000000, 0.000102, 10.000000, 298.684436, 298.684436, 0.000000, 25.000000, 25.534436, -0.553444, 0.068444, 0.000000, 0.000100
6.72, 0.000000, 0.000000, 0.000100, 0.000102, 0.000000, -0.000002, 298.574847, 298.574847, 298.574847, -0.542485, 0.000000, 0.000000, 298.574847, 0.100000, 298.000000, 29.857485, 298.574847, 0.000000, 298.150000, 2.000000, 298.150000, 4.166670, 8.000000, 16.000000, 298.150000, 298.150000, 298.150000, 298.150000, 298.574847, 298.574847, 298.574847, 0.000000, 0.000002, 0.000000, 0.000002, 0.000000, 0.000000, 0.000000, 0.000000, 0.001022, 0.001022, 0.001022, 0.000100, 0.000000, 10.000000, 10.000000, 10.000000, 0.000002, 0.000100, 0.000102, 10.000000, 0.000002, 10.000000, 0.000002, 0.000000, 0.000002, 5000000.000000, 0.001022, 0.000000, 0.001022, 0.000000, 0.000000, 0.000000, 5000000.000000, 9.998978, 0.000100, 10.000000, 0.000100, 0.001022, 0.000100, 0.000000, 0.000010, 100000.000000, 0.500000, 100000.000000, 0.000000, 0.001022, 0.000100, 10.000000, 0.000102, 293.150000, -0.542485, 293.150000, -5.424847, -0.542485, 293.150000, -0.542485, 298.574847, -0.542485, 0.100000, 0.001022, 0.000100, 0.001022, 0.000100, 0.000000, 0.000100, 298.574847, 0.000000, 10.000000, 293.150000, 0.004000, 10.216994, 10.000000, 0.000102, 10.000000, 0.000102, 0.000000, 0.000102, 10.000000, 298.574847, 298.574847, 0.000000, 25.000000, 25.424847, -0.542485, 0.057485, 0.000000, 0.000100
6.74, 0.000000, 0.000000, 0.000100, 0.000102, 0.000000, -0.000002, 298.467428, 298.467428, 298.467428, -0.531743, 0.000000, 0.000000, 298.467428, 0.100000, 298.000000, 29.846743, 298.467428, 0.000000, 298.150000, 2.000000, 298.150000, 4.166670, 8.000000, 16.000000, 298.150000, 298.150000, 298.150000, 298.150000, 298.467428, 298.467428, 298.467428, 0.000000, 0.000002, 0.000000, 0.000002, 0.000000, 0.000000, 0.000000, 0.000000, 0.001021, 0.001021, 0.001021, 0.000100, 0.000000, 10.000000, 10.000000, 10.000000, 0.000002, 0.000100, 0.000102, 10.000000, 0.000002, 10.000000, 0.000002, 0.000000, 0.000002, 5000000.000000, 0.001021, 0.000000, 0.001021, 0.000000, 0.000000, 0.000000, 5000000.000000, 9.998979, 0.000100, 10.000000, 0.000100, 0.001021, 0.000100, 0.000000, 0.000010, 100000.000000, 0.500000, 100000.000000, 0.000000, 0.001021, 0.000100, 10.000000, 0.000102, 293.150000, -0.531743, 293.150000, -5.317428, -0.531743, 293.150000, -0.531743, 298.467428, -0.531743, 0.100000, 0.001021, 0.000100, 0.001021, 0.000100, 0.000000, 0.000100, 298.467428, 0.000000, 10.000000, 293.150000, 0.004000, 10.212697, 10.000000, 0.000102, 10.000000, 0.000102, 0.000000, 0.000102, 10.000000, 298.467428, 298.467428, 0.000000, 25.000000, 25.317428, -0.531743, 0.046743, 0.000000, 0.000100
6.76, 0.000000, 0.000000, 0.000100, 0.000102, 0.000000, -0.000002, 298.362136, 298.362136, 298.362136, -0.521214, 0.000000, 0.000000, 298.362136, 0.100000, 298.000000, 29.836214, 298.362136, 0.000000, 298.150000, 2.000000, 298.150000, 4.166670, 8.000000, 16.000000, 298.150000, 298.150000, 298.150000, 298.150000, 298.362136, 298.362136, 298.362136, 0.000000, 0.000002, 0.000000, 0.000002, 0.000000, 0.000000, 0.000000, 0.000000, 0.001021, 0.001021, 0.001021, 0.000100, 0.000000, 10.000000, 10.000000, 10.000000, 0.000002, 0.000100, 0.000102, 10.000000, 0.000002, 10.000000, 0.000002, 0.000000, 0.000002, 5000000.000000, 0.001021, 0.000000, 0.001021, 0.000000, 0.000000, 0.000000, 5000000.000000, 9.998979, 0.000100, 10.000000, 0.000100, 0.001021, 0.000100, 0.000000, 0.000010, 100000.000000, 0.500000, 100000.000000, 0.000000, 0.001021, 0.000100, 10.000000, 0.000102, 293.150000, -0.521214, 293.150000, -5.212136, -0.521214, 293.150000, -0.521214, 298.362136, -0.521214, 0.100000, 0.001021, 0.000100, 0.001021, 0.000100, 0.000000, 0.000100, 298.362136, 0.000000, 10.000000, 293.150000, 0.004000, 10.208485, 10.000000, 0.000102, 10.000000, 0.000102, 0.000000, 0.000102, 10.000000, 298.362136, 298.362136, 0.000000, 25.000000, 25.212136, -0.521213, 0.036214, 0.000000, 0.000100
6.78, 0.000000, 0.000000, 0.000100, 0.000102, 0.000000, -0.000002, 298.258929, 298.258929, 298.258929, -0.510893, 0.000000, 0.000000, 298.258929, 0.100000, 298.000000, 29.825893, 298.258929, 0.000000, 298.150000, 2.000000, 298.150000, 4.166670, 8.000000, 16.000000, 298.150000, 298.150000, 298.150000, 298.150000, 298.258929, 298.258929, 298.258929, 0.000000, 0.000002, 0.000000, 0.000002, 0.000000, 0.000000, 0.000000, 0.000000, 0.001020, 0.001020, 0.001020, 0.000100, 0.000000, 10.000000, 10.000000, 10.000000, 0.000002, 0.000100, 0.000102, 10.000000, 0.000002, 10.000000, 0.000002, 0.000000, 0.000002, 5000000.000000, 0.001020, 0.000000, 0.001020, 0.000000, 0.000000, 0.000000, 5000000.000000, 9.998980, 0.000100, 10.000000, 0.000100, 0.001020, 0.000100, 0.000000, 0.000010, 100000.000000, 0.500000, 100000.000000, 0.000000, 0.001020, 0.000100, 10.000000, 0.000102, 293.150000, -0.510893, 293.150000, -5.108929, -0.510893, 293.150000, -0.510893, 298.258929, -0.510893, 0.100000, 0.001020, 0.000100, 0.001020, 0.000100, 0.000000, 0.000100, 298.258929, 0.000000, 10.000000, 293.150000, 0.004000, 10.204357, 10.000000, 0.000102, 10.000000, 0.000102, 0.000000, 0.000102, 10.000000, 298.258929, 298.258929, 0.000000, 25.000000, 25.108929, -0.510893, 0.025893, 0.000000, 0.000100
6.8, 0.000000, 0.000000, 0.000100, 0.000102, 0.000000, -0.000002, 298.157765, 298.157765, 298.157765, -0.500777, 0.000000, 0.000000, 298.157765, 0.100000, 298.000000, 29.815777, 298.157765, 0.000000, 298.150000, 2.000000, 298.150000, 4.166670, 8.000000, 16.000000, 298.150000, 298.150000, 298.150000, 298.150000, 298.157765, 298.157765, 298.157765, 0.000000, 0.000002, 0.000000, 0.000002, 0.000000, 0.000000, 0.000000, 0.000000, 0.001020, 0.001020, 0.001020, 0.000100, 0.000000, 10.000000, 10.000000, 10.000000, 0.000002, 0.000100, 0.000102, 10.000000, 0.000002, 10.000000, 0.000002, 0.000000, 0.000002, 5000000.000000, 0.001020, 0.000000, 0.001020, 0.000000, 0.000000, 0.000000, 5000000.000000, 9.998980, 0.000100, 10.000000, 0.000100, 0.001020, 0.000100, 0.000000, 0.000010, 100000.000000, 0.500000, 100000.000000, 0.000000, 0.001020, 0.000100, 10.000000, 0.000102, 293.150000, -0.500777, 293.150000, -5.007765, -0.500777, 293.150000, -0.500777, 298.157765, -0.500777, 0.100000, 0.001020, 0.000100, 0.001020, 0.000100, 0.000000, 0.000100, 298.157765, 0.000000, 10.000000, 293.150000, 0.004000, 10.200311, 10.000000, 0.000102, 10.000000, 0.000102, 0.000000, 0.000102, 10.000000, 298.157765, 298.157765, 0.000000, 25.000000, 25.007765, -0.500776, 0.015777, 0.000000, 0.000100
6.82, 0.000000, 0.000000, 0.000100, 0.000102, 0.000000, -0.000002, 298.058605, 298.058605, 298.058605, -0.490860, 0.000000, 0.000000, 298.058605, 0.100000, 298.000000, 29.805860, 298.058605, 0.000000, 298.150000, 2.000000, 298.150000, 4.166670, 8.000000, 16.000000, 298.150000, 298.150000, 298.150000, 298.150000, 298.058605, 298.058605, 298.058605, 0.000000, 0.000002, 0.000000, 0.000002, 0.000000, 0.000000, 0.000000, 0.000000, 0.001020, 0.001020, 0.001020, 0.000100, 0.000000, 10.000000, 10.000000, 10.000000, 0.000002, 0.000100, 0.000102, 10.000000, 0.000002, 10.000000, 0.000002, 0.000000, 0.000002, 5000000.000000, 0.001020, 0.000000, 0.001020, 0.000000, 0.000000, 0.000000, 5000000.000000, 9.998980, 0.000100, 10.000000, 0.000100, 0.001020, 0.000100, 0.000000, 0.000010, 100000.000000, 0.500000, 100000.000000, 0.000000, 0.001020, 0.000100, 10.000000, 0.000102, 293.150000, -0.490860, 293.150000, -4.908605, -0.490860, 293.150000, -0.490860, 298.058605, -0.490860, 0.100000, 0.001020, 0.000100, 0.001020, 0.000100, 0.000000, 0.000100, 298.058605, 0.000000, 10.000000, 293.150000, 0.004000, 10.196344, 10.000000, 0.000102, 10.000000, 0.000102, 0.000000, 0.000102, 10.000000, 298.058605, 298.058605, 0.000000, 25.000000, 24.908605, -0.490860, 0.005860, 0.000000, 0.000100
6.84, 0.000000, 0.000000, 0.000100, 0.000102, 0.000000, -0.000002, 297.961408, 297.961408, 297.961408, -0.481141, 0.000000, 0.000000, 297.961408, 0.100000, 298.000000, 29.796141, 297.961408, 0.000000, 298.150000, 2.000000, 298.150000, 4.166670, 8.000000, 16.000000, 298.150000, 298.150000, 298.150000, 298.150000, 297.961408, 297.961408, 297.961408, 0.000000, 0.000002, 0.000000, 0.000002, 0.000000, 0.000000, 0.000000, 0.000000, 0.001019, 0.001019, 0.001019, 0.000100, 0.000000, 10.000000, 10.000000, 10.000000, 0.000002, 0.000100, 0.000102, 10.000000, 0.000002, 10.000000, 0.000002, 0.000000, 0.000002, 5000000.000000, 0.001019, 0.000000, 0.001019, 0.000000, 0.000000, 0.000000, 5000000.000000, 9.998981, 0.000100, 10.000000, 0.000100, 0.001019, 0.000100, 0.000000, 0.000010, 100000.000000, 0.500000, 100000.000000, 0.000000, 0.001019, 0.000100, 10.000000, 0.000102, 293.150000, -0.481141, 293.150000, -4.811408, -0.481141, 293.150000, -0.481141, 297.961408, -0.481141, 0.100000, 0.001019, 0.000100, 0.001019, 0.000100, 0.000000, 0.000100, 297.961408, 0.000000, 10.000000, 293.150000, 0.004000, 10.192456, 10.000000, 0.000102, 10.000000, 0.000102, 0.000000, 0.000102, 10.000000, 297.961408, 297.961408, 0.000000, 25.000000, 24.811408, -0.481141, -0.003859, 0.000000, 0.000100
6.86, 0.000000, 0.000000, 0.000100, 0.000102, 0.000000, -0.000002, 297.866136, 297.866136, 297.866136, -0.471614, 0.000000, 0.000000, 297.866136, 0.100000, 298.000000, 29.786614, 297.866136, 0.000000, 298.150000, 2.000000, 298.150000, 4.166670, 8.000000, 16.000000, 298.150000, 298.150000, 298.150000, 298.150000, 297.866136, 297.866136, 297.866136, 0.000000, 0.000002, 0.000000, 0.000002, 0.000000, 0.000000, 0.000000, 0.000000, 0.001019, 0.001019, 0.001019, 0.000100, 0.000000, 10.000000, 10.000000, 10.000000, 0.000002, 0.000100, 0.000102, 10.000000, 0.000002, 10.000000, 0.000002, 0.000000, 0.000002, 5000000.000000, 0.001019, 0.000000, 0.001019, 0.000000, 0.000000, 0.000000, 5000000.000000, 9.998981, 0.000100, 10.000000, 0.000100, 0.001019, 0.000100, 0.000000, 0.000010, 100000.000000, 0.500000, 100000.000000, 0.000000, 0.001019, 0.000100, 10.000000, 0.000102, 293.150000, -0.471614, 293.150000, -4.716136, -0.471614, 293.150000, -0.471614, 297.866136, -0.471614, 0.100000, 0.001019, 0.000100, 0.001019, 0.000100, 0.000000, 0.000100, 297.866136, 0.000000, 10.000000, 293.150000, 0.004000, 10.188645, 10.000000, 0.000102, 10.000000, 0.000102, 0.000000, 0.000102, 10.000000, 297.866136, 297.866136, 0.000000, 25.000000, 24.716136, -0.471613, -0.013386, 0.000000, 0.000100
6.88, 0.000000, 0.000000, 0.000100, 0.000102, 0.000000, -0.000002, 297.772750, 297.772750, 297.772750, -0.462275, 0.000000, 0.000000, 297.772750, 0.100000, 298.000000, 29.777275, 297.772750, 0.000000, 298.150000, 2.000000, 298.150000, 4.166670, 8.000000, 16.000000, 298.150000, 298.150000, 298.150000, 298.150000, 297.772750, 297.772750, 297.772750, 0.000000, 0.000002, 0.000000, 0.000002, 0.000000, 0.000000, 0.000000, 0.000000, 0.001018, 0.001018, 0.001018, 0.000100, 0.000000, 10.000000, 10.000000, 10.000000, 0.000002, 0.000100, 0.000102, 10.000000, 0.000002, 10.000000, 0.000002, 0.000000, 0.000002, 5000000.000000, 0.001018, 0.000000, 0.001018, 0.000000, 0.000000, 0.000000, 5000000.000000, 9.998982, 0.000100, 10.000000, 0.000100, 0.001018, 0.000100, 0.000000, 0.000010, 100000.000000, 0.500000, 100000.000000, 0.000000, 0.001018, 0.000100, 10.000000, 0.000102, 293.150000, -0.462275, 293.150000, -4.622750, -0.462275, 293.150000, -0.462275, 297.772750, -0.462275, 0.100000, 0.001018, 0.000100, 0.001018, 0.000100, 0.000000, 0.000100, 297.772750, 0.000000, 10.000000, 293.150000, 0.004000, 10.184910, 10.000000, 0.000102, 10.000000, 0.000102, 0.000000, 0.000102, 10.000000, 297.772750, 297.772750, 0.000000, 25.000000, 24.622750, -0.462275, -0.022725, 0.000000, 0.000100
6.9, 0.000000, 0.000000, 0.000100, 0.000102, 0.000000, -0.000002, 297.681213, 297.681213, 297.681213, -0.453121, 0.000000, 0.000000, 297.681213, 0.100000, 298.000000, 29.768121, 297.681213, 0.000000, 298.150000, 2.000000, 298.150000, 4.166670, 8.000000, 16.000000, 298.150000, 298.150000, 298.150000, 298.150000, 297.681213, 297.681213, 297.681213, 0.000000, 0.000002, 0.000000, 0.000002, 0.000000, 0.000000, 0.000000, 0.000000, 0.001018, 0.001018, 0.001018, 0.000100, 0.000000, 10.000000, 10.000000, 10.000000, 0.000002, 0.000100, 0.000102, 10.000000, 0.000002, 10.000000, 0.000002, 0.000000, 0.000002, 5000000.000000, 0.001018, 0.000000, 0.001018, 0.000000, 0.000000, 0.000000, 5000000.000000, 9.998982, 0.000100, 10.000000, 0.000100, 0.001018, 0.000100, 0.000000, 0.000010, 100000.000000, 0.500000, 100000.000000, 0.000000, 0.001018, 0.000100, 10.000000, 0.000102, 293.150000, -0.453121, 293.150000, -4.531213, -0.453121, 293.150000, -0.453121, 297.681213, -0.453121, 0.100000, 0.001018, 0.000100, 0.001018, 0.000100, 0.000000, 0.000100, 297.681213, 0.000000, 10.000000, 293.150000, 0.004000, 10.181249, 10.000000, 0.000102, 10.000000, 0.000102, 0.000000, 0.000102, 10.000000, 297.681213, 297.681213, 0.000000, 25.000000, 24.531213, -0.453121, -0.031879, 0.000000, 0.000100
6.92, 0.000000, 0.000000, 0.000100, 0.000102, 0.000000, -0.000002, 297.591489, 297.591489, 297.591489, -0.444149, 0.000000, 0.000000, 297.591489, 0.100000, 298.000000, 29.759149, 297.591489, 0.000000, 298.150000, 2.000000, 298.150000, 4.166670, 8.000000, 16.000000, 298.150000, 298.150000, 298.150000, 298.150000, 297.591489, 297.591489, 297.591489, 0.000000, 0.000002, 0.000000, 0.000002, 0.000000, 0.000000, 0.000000, 0.000000, 0.001018, 0.001018, 0.001018, 0.000100, 0.000000, 10.000000, 10.000000, 10.000000, 0.000002, 0.000100, 0.000102, 10.000000, 0.000002, 10.000000, 0.000002, 0.000000, 0.000002, 5000000.000000, 0.001018, 0.000000, 0.001018, 0.000000, 0.000000, 0.000000, 5000000.000000, 9.998982, 0.000100, 10.000000, 0.000100, 0.001018, 0.000100, 0.000000, 0.000010, 100000.000000, 0.500000, 100000.000000, 0.000000, 0.001018, 0.000100, 10.000000, 0.000102, 293.150000, -0.444149, 293.150000, -4.441489, -0.444149, 293.150000, -0.444149, 297.591489, -0.444149, 0.100000, 0.001018, 0.000100, 0.001018, 0.000100, 0.000000, 0.000100, 297.591489, 0.000000, 10.000000, 293.150000, 0.004000, 10.177660, 10.000000, 0.000102, 10.000000, 0.000102, 0.000000, 0.000102, 10.000000, 297.591489, 297.591489, 0.000000, 25.000000, 24.441489, -0.444149, -0.040851, 0.000000, 0.000100
6.94, 0.000000, 0.000000, 0.000100, 0.000102, 0.000000, -0.000002, 297.503542, 297.503542, 297.503542, -0.435354, 0.000000, 0.000000, 297.503542, 0.100000, 298.000000, 29.750354, 297.503542, 0.000000, 298.150000, 2.000000, 298.150000, 4.166670, 8.000000, 16.000000, 298.150000, 298.150000, 298.150000, 298.150000, 297.503542, 297.503542, 297.503542, 0.000000, 0.000002, 0.000000, 0.000002, 0.000000, 0.000000, 0.000000, 0.000000, 0.001017, 0.001017, 0.001017, 0.000100, 0.000000, 10.000000, 10.000000, 10.000000, 0.000002, 0.000100, 0.000102, 10.000000, 0.000002, 10.000000, 0.000002, 0.000000, 0.000002, 5000000.000000, 0.001017, 0.000000, 0.001017, 0.000000, 0.000000, 0.000000, 5000000.000000, 9.998983, 0.000100, 10.000000, 0.000100, 0.001017, 0.000100, 0.000000, 0.000010, 100000.000000, 0.500000, 100000.000000, 0.000000, 0.001017, 0.000100, 10.000000, 0.000102, 293.150000, -0.435354, 293.150000, -4.353542, -0.435354, 293.150000, -0.435354, 297.503542, -0.435354, 0.100000, 0.001017, 0.000100, 0.001017, 0.000100, 0.000000, 0.000100, 297.503542, 0.000000, 10.000000, 293.150000, 0.004000, 10.174142, 10.000000, 0.000102, 10.000000, 0.000102, 0.000000, 0.000102, 10.000000, 297.503542, 297.503542, 0.000000, 25.000000, 24.353542, -0.435354, -0.049646, 0.000000, 0.000100
6.96, 0.000000, 0.000000, 0.000100, 0.000102, 0.000000, -0.000002, 297.417336, 297.417336, 297.417336, -0.426734, 0.000000, 0.000000, 297.417336, 0.100000, 298.000000, 29.741734, 297.417336, 0.000000, 298.150000, 2.000000, 298.150000, 4.166670, 8.000000, 16.000000, 298.150000, 298.150000, 298.150000, 298.150000, 297.417336, 297.417336, 297.417336, 0.000000, 0.000002, 0.000000, 0.000002, 0.000000, 0.000000, 0.000000, 0.000000, 0.001017, 0.001017, 0.001017, 0.000100, 0.000000, 10.000000, 10.000000, 10.000000, 0.000002, 0.000100, 0.000102, 10.000000, 0.000002, 10.000000, 0.000002, 0.000000, 0.000002, 5000000.000000, 0.001017, 0.000000, 0.001017, 0.000000, 0.000000, 0.000000, 5000000.000000, 9.998983, 0.000100, 10.000000, 0.000100, 0.001017, 0.000100, 0.000000, 0.000010, 100000.000000, 0.500000, 100000.000000, 0.000000, 0.001017, 0.000100, 10.000000, 0.000102, 293.150000, -0.426734, 293.150000, -4.267336, -0.426734, 293.150000, -0.426734, 297.417336, -0.426734, 0.100000, 0.001017, 0.000100, 0.001017, 0.000100, 0.000000, 0.000100, 297.417336, 0.000000, 10.000000, 293.150000, 0.004000, 10.170693, 10.000000, 0.000102, 10.000000, 0.000102, 0.000000, 0.000102, 10.000000, 297.417336, 297.417336, 0.000000, 25.000000, 24.267336, -0.426734, -0.058266, 0.000000, 0.000100
6.98, 0.000000, 0.000000, 0.000100, 0.000102, 0.000000, -0.000002, 297.332837, 297.332837, 297.332837, -0.418284, 0.000000, 0.000000, 297.332837, 0.100000, 298.000000, 29.733284, 297.332837, 0.000000, 298.150000, 2.000000, 298.150000, 4.166670, 8.000000, 16.000000, 298.150000, 298.150000, 298.150000, 298.150000, 297.332837, 297.332837, 297.332837, 0.000000, 0.000002, 0.000000, 0.000002, 0.000000, 0.000000, 0.000000, 0.000000, 0.001017, 0.001017, 0.001017, 0.000100, 0.000000, 10.000000, 10.000000, 10.000000, 0.000002, 0.000100, 0.000102, 10.000000, 0.000002, 10.000000, 0.000002, 0.000000, 0.000002, 5000000.000000, 0.001017, 0.000000, 0.001017, 0.000000, 0.000000, 0.000000, 5000000.000000, 9.998983, 0.000100, 10.000000, 0.000100, 0.001017, 0.000100, 0.000000, 0.000010, 100000.000000, 0.500000, 100000.000000, 0.000000, 0.001017, 0.000100, 10.000000, 0.000102, 293.150000, -0.418284, 293.150000, -4.182837, -0.418284, 293.150000, -0.418284, 297.332837, -0.418284, 0.100000, 0.001017, 0.000100, 0.001017, 0.000100, 0.000000, 0.000100, 297.332837, 0.000000, 10.000000, 293.150000, 0.004000, 10.167313, 10.000000, 0.000102, 10.000000, 0.000102, 0.000000, 0.000102, 10.000000, 297.332837, 297.332837, 0.000000, 25.000000, 24.182837, -0.418284, -0.066716, 0.000000, 0.000100
7, 0.000000, 0.000000, 0.000100, 0.000102, 0.000000, -0.000002, 297.250011, 297.250011, 297.250011, -0.410001, 0.000000, 0.000000, 297.250011, 0.100000, 298.000000, 29.725001, 297.250011, 0.000000, 298.150000, 2.000000, 298.150000, 4.166670, 8.000000, 16.000000, 298.150000, 298.150000, 298.150000, 298.150000, 297.250011, 297.250011, 297.250011, 0.000000, 0.000002, 0.000000, 0.000002, 0.000000, 0.000000, 0.000000, 0.000000, 0.001016, 0.001016, 0.001016, 0.000100, 0.000000, 10.000000, 10.000000, 10.000000, 0.000002, 0.000100, 0.000102, 10.000000, 0.000002, 10.000000, 0.000002, 0.000000, 0.000002, 5000000.000000, 0.001016, 0.000000, 0.001016, 0.000000, 0.000000, 0.000000, 5000000.000000, 9.998984, 0.000100, 10.000000, 0.000100, 0.001016, 0.000100, 0.000000, 0.000010, 100000.000000, 0.500000, 100000.000000, 0.000000, 0.001016, 0.000100, 10.000000, 0.000102, 293.150000, -0.410001, 293.150000, -4.100011, -0.410001, 293.150000, -0.410001, 297.250011, -0.410001, 0.100000, 0.001016, 0.000100, 0.001016, 0.000100, 0.000000, 0.000100, 297.250011, 0.000000, 10.000000, 293.150000, 0.004000, 10.164000, 10.000000, 0.000102, 10.000000, 0.000102, 0.000000, 0.000102, 10.000000, 297.250011, 297.250011, 0.000000, 25.000000, 24.100011, -0.410001, -0.074999, 0.000000, 0.000100
7.02, 0.000000, 0.000000, 0.000100, 0.000102, 0.000000, -0.000002, 297.168826, 297.168826, 297.168826, -0.401883, 0.000000, 0.000000, 297.168826, 0.100000, 298.000000, 29.716883, 297.168826, 0.000000, 298.150000, 2.000000, 298.150000, 4.166670, 8.000000, 16.000000, 298.150000, 298.150000, 298.150000, 298.150000, 297.168826, 297.168826, 297.168826, 0.000000, 0.000002, 0.000000, 0.000002, 0.000000, 0.000000, 0.000000, 0.000000, 0.001016, 0.001016, 0.001016, 0.000100, 0.000000, 10.000000, 10.000000, 10.000000, 0.000002, 0.000100, 0.000102, 10.000000, 0.000002, 10.000000, 0.000002, 0.000000, 0.000002, 5000000.000000, 0.001016, 0.000000, 0.001016, 0.000000, 0.000000, 0.000000, 5000000.000000, 9.998984, 0.000100, 10.000000, 0.000100, 0.001016, 0.000100, 0.000000, 0.000010, 100000.000000, 0.500000, 100000.000000, 0.000000, 0.001016, 0.000100, 10.000000, 0.000102, 293.150000, -0.401883, 293.150000, -4.018826, -0.401883, 293.150000, -0.401883, 297.168826, -0.401883, 0.100000, 0.001016, 0.000100, 0.001016, 0.000100, 0.000000, 0.000100, 297.168826, 0.000000, 10.000000, 293.150000, 0.004000, 10.160753, 10.000000, 0.000102, 10.000000, 0.000102, 0.000000, 0.000102, 10.000000, 297.168826, 297.168826, 0.000000, 25.000000, 24.018826, -0.401882, -0.083117, 0.000000, 0.000100
7.04, 0.000000, 0.000000, 0.978743, 0.978747, 0.000000, -0.000004, 298.579474, 298.579474, 298.579474, -0.542947, 0.000000, 9.787418, 298.579474, 0.100000, 298.000000, 29.857947, 298.579474, 1.000000, 298.150000, 2.000000, 298.150000, 4.166670, 8.000000, 16.000000, 298.150000, 298.150000, 298.150000, 298.150000, 298.579474, 298.579474, 298.579474, 0.000000, 0.000002, 0.000000, 0.000002, 0.000000, 0.000002, 0.000000, 0.000002, 9.999990, 9.999990, 9.999990, 0.978743, 0.000002, 10.000000, 10.000000, 10.000000, 0.000002, 0.978745, 0.978747, 10.000000, 0.000002, 10.000000, 0.000002, 0.000000, 0.000002, 5000000.000000, 9.999990, 0.000002, 9.999990, 0.000002, 0.000000, 0.000002, 5000000.000000, 0.000010, 0.978745, 10.000000, 0.978745, 9.999990, 0.978745, 1.000000, 0.000010, 100000.000000, 0.500000, 0.000010, 1.000000, 9.999990, 0.978743, 10.000000, 0.978747, 293.150000, -0.542947, 293.150000, -5.429474, -0.542947, 293.150000, -0.542947, 298.579474, -0.542947, 0.100000, 9.999990, 0.978743, 9.999990, 0.978743, 0.000000, 0.978743, 298.579474, 9.787418, 10.000000, 293.150000, 0.004000, 10.217179, 10.000000, 0.978747, 10.000000, 0.978747, 0.000000, 0.978747, 10.000000, 298.579474, 298.579474, 0.000000, 25.000000, 25.429474, 9.244471, 0.057947, 0.000000, 0.978745
7.06, 0.000000, 0.000000, 0.000100, 0.000102, 0.000000, -0.000002, 299.067948, 299.067948, 299.067948, -0.591795, 0.000000, 0.000000, 299.067948, 0.100000, 298.000000, 29.906795, 299.067948, 0.000000, 298.150000, 2.000000, 298.150000, 4.166670, 8.000000, 16.000000, 298.150000, 298.150000, 298.150000, 298.150000, 299.067948, 299.067948, 299.067948, 0.000000, 0.000002, 0.000000, 0.000002, 0.000000, 0.000000, 0.000000, 0.000000, 0.001024, 0.001024, 0.001024, 0.000100, 0.000000, 10.000000, 10.000000, 10.000000, 0.000002, 0.000100, 0.000102, 10.000000, 0.000002, 10.000000, 0.000002, 0.000000, 0.000002, 5000000.000000, 0.001024, 0.000000, 0.001024, 0.000000, 0.000000, 0.000000, 5000000.000000, 9.998976, 0.000100, 10.000000, 0.000100, 0.001024, 0.000100, 0.000000, 0.000010, 100000.000000, 0.500000, 100000.000000, 0.000000, 0.001024, 0.000100, 10.000000, 0.000102, 293.150000, -0.591795, 293.150000, -5.917948, -0.591795, 293.150000, -0.591795, 299.067948, -0.591795, 0.100000, 0.001024, 0.000100, 0.001024, 0.000100, 0.000000, 0.000100, 299.067948, 0.000000, 10.000000, 293.150000, 0.004000, 10.236718, 10.000000, 0.000102, 10.000000, 0.000102, 0.000000, 0.000102, 10.000000, 299.067948, 299.067948, 0.000000, 25.000000, 25.917948, -0.591795, 0.106795, 0.000000, 0.000100
7.08, 0.000000, 0.000000, 0.000100, 0.000102, 0.000000, -0.000002, 298.950764, 298.950764, 298.950764, -0.580076, 0.000000, 0.000000, 298.950764, 0.100000, 298.000000, 29.895076, 298.950764, 0.000000, 298.150000, 2.000000, 298.150000, 4.166670, 8.000000, 16.000000, 298.150000, 298.150000, 298.150000, 298.150000, 298.950764, 298.950764, 298.950764, 0.000000, 0.000002, 0.000000, 0.000002, 0.000000, 0.000000, 0.000000, 0.000000, 0.001023, 0.001023, 0.001023, 0.000100, 0.000000, 10.000000, 10.000000, 10.000000, 0.000002, 0.000100, 0.000102, 10.000000, 0.000002, 10.000000, 0.000002, 0.000000, 0.000002, 5000000.000000, 0.001023, 0.000000, 0.001023, 0.000000, 0.000000, 0.000000, 5000000.000000, 9.998977, 0.000100, 10.000000, 0.000100, 0.001023, 0.000100, 0.000000, 0.000010, 100000.000000, 0.500000, 100000.000000, 0.000000, 0.001023, 0.000100, 10.000000, 0.000102, 293.150000, -0.580076, 293.150000, -5.800764, -0.580076, 293.150000, -0.580076, 298.950764, -0.580076, 0.100000, 0.001023, 0.000100, 0.001023, 0.000100, 0.000000, 0.000100, 298.950764, 0.000000, 10.000000, 293.150000, 0.004000, 10.232031, 10.000000, 0.000102, 10.000000, 0.000102, 0.000000, 0.000102, 10.000000, 298.950764, 298.950764, 0.000000, 25.000000, 25.800764, -0.580076, 0.095076, 0.000000, 0.000100
7.1, 0.000000, 0.000000, 0.000100, 0.000102, 0.000000, -0.000002, 298.835902, 298.835902, 298.835902, -0.568590, 0.000000, 0.000000, 298.835902, 0.100000, 298.000000, 29.883590, 298.835902, 0.000000, 298.150000, 2.000000, 298.150000, 4.166670, 8.000000, 16.000000, 298.150000, 298.150000, 298.150000, 298.150000, 298.835902, 298.835902, 298.835902, 0.000000, 0.000002, 0.000000, 0.000002, 0.000000, 0.000000, 0.000000, 0.000000, 0.001023, 0.001023, 0.001023, 0.000100, 0.000000, 10.000000, 10.000000, 10.000000, 0.000002, 0.000100, 0.000102, 10.000000, 0.000002, 10.000000, 0.000002, 0.000000, 0.000002, 5000000.000000, 0.001023, 0.000000, 0.001023, 0.000000, 0.000000, 0.000000, 5000000.000000, 9.998977, 0.000100, 10.000000, 0.000100, 0.001023, 0.000100, 0.000000, 0.000010, 100000.000000, 0.500000, 100000.000000, 0.000000, 0.001023, 0.000100, 10.000000, 0.000102, 293.150000, -0.568590, 293.150000, -5.685902, -0.568590, 293.150000, -0.568590, 298.835902, -0.568590, 0.100000, 0.001023, 0.000100, 0.001023, 0.000100, 0.000000, 0.000100, 298.835902, 0.000000, 10.000000, 293.150000, 0.004000, 10.227436, 10.000000, 0.000102, 10.000000, 0.000102, 0.000000, 0.000102, 10.000000, 298.835902, 298.835902, 0.000000, 25.000000, 25.685902, -0.568590, 0.083590, 0.000000, 0.000100
7.12, 0.000000, 0.000000, 0.000100, 0.000102, 0.000000, -0.000002, 298.723313, 298.723313, 298.723313, -0.557331, 0.000000, 0.000000, 298.723313, 0.100000, 298.000000, 29.872331, 298.723313, 0.000000, 298.150000, 2.000000, 298.150000, 4.166670, 8.000000, 16.000000, 298.150000, 298.150000, 298.150000, 298.150000, 298.723313, 298.723313, 298.723313, 0.000000, 0.000002, 0.000000, 0.000002, 0.000000, 0.000000, 0.000000, 0.000000, 0.001022, 0.001022, 0.001022, 0.000100, 0.000000, 10.000000, 10.000000, 10.000000, 0.000002, 0.000100, 0.000102, 10.000000, 0.000002, 10.000000, 0.000002, 0.000000, 0.000002, 5000000.000000, 0.001022, 0.000000, 0.001022, 0.000000, 0.000000, 0.000000, 5000000.000000, 9.998978, 0.000100, 10.000000, 0.000100, 0.001022, 0.000100, 0.000000, 0.000010, 100000.000000, 0.500000, 100000.000000, 0.000000, 0.001022, 0.000100, 10.000000, 0.000102, 293.150000, -0.557331, 293.150000, -5.573313, -0.557331, 293.150000, -0.557331, 298.723313, -0.557331, 0.100000, 0.001022, 0.000100, 0.001022, 0.000100, 0.000000, 0.000100, 298.723313, 0.000000, 10.000000, 293.150000, 0.004000, 10.222933, 10.000000, 0.000102, 10.000000, 0.000102, 0.000000, 0.000102, 10.000000, 298.723313, 298.723313, 0.000000, 25.000000, 25.573313, -0.557331, 0.072331, 0.000000, 0.000100
7.14, 0.000000, 0.000000, 0.000100, 0.000102, 0.000000, -0.000002, 298.612954, 298.612954, 298.612954, -0.546295, 0.000000, 0.000000, 298.612954, 0.100000, 298.000000, 29.861295, 298.612954, 0.000000, 298.150000, 2.000000, 298.150000, 4.166670, 8.000000, 16.000000, 298.150000, 298.150000, 298.150000, 298.150000, 298.612954, 298.612954, 298.612954, 0.000000, 0.000002, 0.000000, 0.000002, 0.000000, 0.000000, 0.000000, 0.000000, 0.001022, 0.001022, 0.001022, 0.000100, 0.000000, 10.000000, 10.000000, 10.000000, 0.000002, 0.000100, 0.000102, 10.000000, 0.000002, 10.000000, 0.000002, 0.000000, 0.000002, 5000000.000000, 0.001022, 0.000000, 0.001022, 0.000000, 0.000000, 0.000000, 5000000.000000, 9.998978, 0.000100, 10.000000, 0.000100, 0.001022, 0.000100, 0.000000, 0.000010, 100000.000000, 0.500000, 100000.000000, 0.000000, 0.001022, 0.000100, 10.000000, 0.000102, 293.150000, -0.546295, 293.150000, -5.462954, -0.546295, 293.150000, -0.546295, 298.612954, -0.546295, 0.100000, 0.001022, 0.000100, 0.001022, 0.000100, 0.000000, 0.000100, 298.612954, 0.000000, 10.000000, 293.150000, 0.004000, 10.218518, 10.000000, 0.000102, 10.000000, 0.000102, 0.000000, 0.000102, 10.000000, 298.612954, 298.612954, 0.000000, 25.000000, 25.462954, -0.546295, 0.061295, 0.000000, 0.000100
7.16, 0.000000, 0.000000, 0.000100, 0.000102, 0.000000, -0.000002, 298.504781, 298.504781, 298.504781, -0.535478, 0.000000, 0.000000, 298.504781, 0.100000, 298.000000, 29.850478, 298.504781, 0.000000, 298.150000, 2.000000, 298.150000, 4.166670, 8.000000, 16.000000, 298.150000, 298.150000, 298.150000, 298.150000, 298.504781, 298.504781, 298.504781, 0.000000, 0.000002, 0.000000, 0.000002, 0.000000, 0.000000, 0.000000, 0.000000, 0.001021, 0.001021, 0.001021, 0.000100, 0.000000, 10.000000, 10.000000, 10.000000, 0.000002, 0.000100, 0.000102, 10.000000, 0.000002, 10.000000, 0.000002, 0.000000, 0.000002, 5000000.000000, 0.001021, 0.000000, 0.001021, 0.000000, 0.000000, 0.000000, 5000000.000000, 9.998979, 0.000100, 10.000000, 0.000100, 0.001021, 0.000100, 0.000000, 0.000010, 100000.000000, 0.500000, 100000.000000, 0.000000, 0.001021, 0.000100, 10.000000, 0.000102, 293.150000, -0.535478, 293.150000, -5.354781, -0.535478, 293.150000, -0.535478, 298.504781, -0.535478, 0.100000, 0.001021, 0.000100, 0.001021, 0.000100, 0.000000, 0.000100, 298.504781, 0.000000, 10.000000, 293.150000, 0.004000, 10.214191, 10.000000, 0.000102, 10.000000, 0.000102, 0.000000, 0.000102, 10.000000, 298.504781, 298.504781, 0.000000, 25.000000, 25.354781, -0.535478, 0.050478, 0.000000, 0.000100
7.18, 0.000000, 0.000000, 0.000100, 0.000102, 0.000000, -0.000002, 298.398749, 298.398749, 298.398749, -0.524875, 0.000000, 0.000000, 298.398749, 0.100000, 298.000000, 29.839875, 298.398749, 0.000000, 298.150000, 2.000000, 298.150000, 4.166670, 8.000000, 16.000000, 298.150000, 298.150000, 298.150000, 298.150000, 298.398749, 298.398749, 298.398749, 0.000000, 0.000002, 0.000000, 0.000002, 0.000000, 0.000000, 0.000000, 0.000000, 0.001021, 0.001021, 0.001021, 0.000100, 0.000000, 10.000000, 10.000000, 10.000000, 0.000002, 0.000100, 0.000102, 10.000000, 0.000002, 10.000000, 0.000002, 0.000000, 0.000002, 5000000.000000, 0.001021, 0.000000, 0.001021, 0.000000, 0.000000, 0.000000, 5000000.000000, 9.998979, 0.000100, 10.000000, 0.000100, 0.001021, 0.000100, 0.000000, 0.000010, 100000.000000, 0.500000, 100000.000000, 0.000000, 0.001021, 0.000100, 10.000000, 0.000102, 293.150000, -0.524875, 293.150000, -5.248749, -0.524875, 293.150000, -0.524875, 298.398749, -0.524875, 0.100000, 0.001021, 0.000100, 0.001021, 0.000100, 0.000000, 0.000100, 298.398749, 0.000000, 10.000000, 293.150000, 0.004000, 10.209950, 10.000000, 0.000102, 10.000000, 0.000102, 0.000000, 0.000102, 10.000000, 298.398749, 298.398749, 0.000000, 25.000000, 25.248749, -0.524875, 0.039875, 0.000000, 0.000100
7.2, 0.000000, 0.000000, 0.000100, 0.000102, 0.000000, -0.000002, 298.294817, 298.294817, 298.294817, -0.514482, 0.000000, 0.000000, 298.294817, 0.100000, 298.000000, 29.829482, 298.294817, 0.000000, 298.150000, 2.000000, 298.150000, 4.166670, 8.000000, 16.000000, 298.150000, 298.150000, 298.150000, 298.150000, 298.294817, 298.294817, 298.294817, 0.000000, 0.000002, 0.000000, 0.000002, 0.000000, 0.000000, 0.000000, 0.000000, 0.001020, 0.001020, 0.001020, 0.000100, 0.000000, 10.000000, 10.000000, 10.000000, 0.000002, 0.000100, 0.000102, 10.000000, 0.000002, 10.000000, 0.000002, 0.000000, 0.000002, 5000000.000000, 0.001020, 0.000000, 0.001020, 0.000000, 0.000000, 0.000000, 5000000.000000, 9.998980, 0.000100, 10.000000, 0.000100, 0.001020, 0.000100, 0.000000, 0.000010, 100000.000000, 0.500000, 100000.000000, 0.000000, 0.001020, 0.000100, 10.000000, 0.000102, 293.150000, -0.514482, 293.150000, -5.144817, -0.514482, 293.150000, -0.514482, 298.294817, -0.514482, 0.100000, 0.001020, 0.000100, 0.001020, 0.000100, 0.000000, 0.000100, 298.294817, 0.000000, 10.000000, 293.150000, 0.004000, 10.205793, 10.000000, 0.000102, 10.000000, 0.000102, 0.000000, 0.000102, 10.000000, 298.294817, 298.294817, 0.000000, 25.000000, 25.144817, -0.514482, 0.029482, 0.000000, 0.000100
7.22, 0.000000, 0.000000, 0.000100, 0.000102, 0.000000, -0.000002, 298.192942, 298.192942, 298.192942, -0.504294, 0.000000, 0.000000, 298.192942, 0.100000, 298.000000, 29.819294, 298.192942, 0.000000, 298.150000, 2.000000, 298.150000, 4.166670, 8.000000, 16.000000, 298.150000, 298.150000, 298.150000, 298.150000, 298.192942, 298.192942, 298.192942, 0.000000, 0.000002, 0.000000, 0.000002, 0.000000, 0.000000, 0.000000, 0.000000, 0.001020, 0.001020, 0.001020, 0.000100, 0.000000, 10.000000, 10.000000, 10.000000, 0.000002, 0.000100, 0.000102, 10.000000, 0.000002, 10.000000, 0.000002, 0.000000, 0.000002, 5000000.000000, 0.001020, 0.000000, 0.001020, 0.000000, 0.000000, 0.000000, 5000000.000000, 9.998980, 0.000100, 10.000000, 0.000100, 0.001020, 0.000100, 0.000000, 0.000010, 100000.000000, 0.500000, 100000.000000, 0.000000, 0.001020, 0.000100, 10.000000, 0.000102, 293.150000, -0.504294, 293.150000, -5.042942, -0.504294, 293.150000, -0.504294, 298.192942, -0.504294, 0.100000, 0.001020, 0.000100, 0.001020, 0.000100, 0.000000, 0.000100, 298.192942, 0.000000, 10.000000, 293.150000, 0.004000, 10.201718, 10.000000, 0.000102, 10.000000, 0.000102, 0.000000, 0.000102, 10.000000, 298.192942, 298.192942, 0.000000, 25.000000, 25.042942, -0.504294, 0.019294, 0.000000, 0.000100
7.24, 0.000000, 0.000000, 0.000100, 0.000102, 0.000000, -0.000002, 298.093086, 298.093086, 298.093086, -0.494309, 0.000000, 0.000000, 298.093086, 0.100000, 298.000000, 29.809309, 298.093086, 0.000000, 298.150000, 2.000000, 298.150000, 4.166670, 8.000000, 16.000000, 298.150000, 298.150000, 298.150000, 298.150000, 298.093086, 298.093086, 298.093086, 0.000000, 0.000002, 0.000000, 0.000002, 0.000000, 0.000000, 0.000000, 0.000000, 0.001020, 0.001020, 0.001020, 0.000100, 0.000000, 10.000000, 10.000000, 10.000000, 0.000002, 0.000100, 0.000102, 10.000000, 0.000002, 10.000000, 0.000002, 0.000000, 0.000002, 5000000.000000, 0.001020, 0.000000, 0.001020, 0.000000, 0.000000, 0.000000, 5000000.000000, 9.998980, 0.000100, 10.000000, 0.000100, 0.001020, 0.000100, 0.000000, 0.000010, 100000.000000, 0.500000, 100000.000000, 0.000000, 0.001020, 0.000100, 10.000000, 0.000102, 293.150000, -0.494309, 293.150000, -4.943086, -0.494309, 293.150000, -0.494309, 298.093086, -0.494309, 0.100000, 0.001020, 0.000100, 0.001020, 0.000100, 0.000000, 0.000100, 298.093086, 0.000000, 10.000000, 293.150000, 0.004000, 10.197723, 10.000000, 0.000102, 10.000000, 0.000102, 0.000000, 0.000102, 10.000000, 298.093086, 298.093086, 0.000000, 25.000000, 24.943086, -0.494308, 0.009309, 0.000000, 0.000100
7.26, 0.000000, 0.000000, 0.000100, 0.000102, 0.000000, -0.000002, 297.995206, 297.995206, 297.995206, -0.484521, 0.000000, 0.000000, 297.995206, 0.100000, 298.000000, 29.799521, 297.995206, 0.000000, 298.150000, 2.000000, 298.150000, 4.166670, 8.000000, 16.000000, 298.150000, 298.150000, 298.150000, 298.150000, 297.995206, 297.995206, 297.995206, 0.000000, 0.000002, 0.000000, 0.000002, 0.000000, 0.000000, 0.000000, 0.000000, 0.001019, 0.001019, 0.001019, 0.000100, 0.000000, 10.000000, 10.000000, 10.000000, 0.000002, 0.000100, 0.000102, 10.000000, 0.000002, 10.000000, 0.000002, 0.000000, 0.000002, 5000000.000000, 0.001019, 0.000000, 0.001019, 0.000000, 0.000000, 0.000000, 5000000.000000, 9.998981, 0.000100, 10.000000, 0.000100, 0.001019, 0.000100, 0.000000, 0.000010, 100000.000000, 0.500000, 100000.000000, 0.000000, 0.001019, 0.000100, 10.000000, 0.000102, 293.150000, -0.484521, 293.150000, -4.845206, -0.484521, 293.150000, -0.484521, 297.995206, -0.484521, 0.100000, 0.001019, 0.000100, 0.001019, 0.000100, 0.000000, 0.000100, 297.995206, 0.000000, 10.000000, 293.150000, 0.004000, 10.193808, 10.000000, 0.000102, 10.000000, 0.000102, 0.000000, 0.000102, 10.000000, 297.995206, 297.995206, 0.000000, 25.000000, 24.845206, -0.484520, -0.000479, 0.000000, 0.000100
7.28, 0.000000, 0.000000, 0.000100, 0.000102, 0.000000, -0.000002, 297.899264, 297.899264, 297.899264, -0.474926, 0.000000, 0.000000, 297.899264, 0.100000, 298.000000, 29.789926, 297.899264, 0.000000, 298.150000, 2.000000, 298.150000, 4.166670, 8.000000, 16.000000, 298.150000, 298.150000, 298.150000, 298.150000, 297.899264, 297.899264, 297.899264, 0.000000, 0.000002, 0.000000, 0.000002, 0.000000, 0.000000, 0.000000, 0.000000, 0.001019, 0.001019, 0.001019, 0.000100, 0.000000, 10.000000, 10.000000, 10.000000, 0.000002, 0.000100, 0.000102, 10.000000, 0.000002, 10.000000, 0.000002, 0.000000, 0.000002, 5000000.000000, 0.001019, 0.000000, 0.001019, 0.000000, 0.000000, 0.000000, 5000000.000000, 9.998981, 0.000100, 10.000000, 0.000100, 0.001019, 0.000100, 0.000000, 0.000010, 100000.000000, 0.500000, 100000.000000, 0.000000, 0.001019, 0.000100, 10.000000, 0.000102, 293.150000, -0.474926, 293.150000, -4.749264, -0.474926, 293.150000, -0.474926, 297.899264, -0.474926, 0.100000, 0.001019, 0.000100, 0.001019, 0.000100, 0.000000, 0.000100, 297.899264, 0.000000, 10.000000, 293.150000, 0.004000, 10.189971, 10.000000, 0.000102, 10.000000, 0.000102, 0.000000, 0.000102, 10.000000, 297.899264, 297.899264, 0.000000, 25.000000, 24.749264, -0.474926, -0.010074, 0.000000, 0.000100
7.3, 0.000000, 0.000000, 0.000100, 0.000102, 0.000000, -0.000002, 297.805223, 297.805223, 297.805223, -0.465522, 0.000000, 0.000000, 297.805223, 0.100000, 298.000000, 29.780522, 297.805223, 0.000000, 298.150000, 2.000000, 298.150000, 4.166670, 8.000000, 16.000000, 298.150000, 298.150000, 298.150000, 298.150000, 297.805223, 297.805223, 297.805223, 0.000000, 0.000002, 0.000000, 0.000002, 0.000000, 0.000000, 0.000000, 0.000000, 0.001019, 0.001019, 0.001019, 0.000100, 0.000000, 10.000000, 10.000000, 10.000000, 0.000002, 0.000100, 0.000102, 10.000000, 0.000002, 10.000000, 0.000002, 0.000000, 0.000002, 5000000.000000, 0.001019, 0.000000, 0.001019, 0.000000, 0.000000, 0.000000, 5000000.000000, 9.998981, 0.000100, 10.000000, 0.000100, 0.001019, 0.000100, 0.000000, 0.000010, 100000.000000, 0.500000, 100000.000000, 0.000000, 0.001019, 0.000100, 10.000000, 0.000102, 293.150000, -0.465522, 293.150000, -4.655223, -0.465522, 293.150000, -0.465522, 297.805223, -0.465522, 0.100000, 0.001019, 0.000100, 0.001019, 0.000100, 0.000000, 0.000100, 297.805223, 0.000000, 10.000000, 293.150000, 0.004000, 10.186209, 10.000000, 0.000102, 10.000000, 0.000102, 0.000000, 0.000102, 10.000000, 297.805223, 297.805223, 0.000000, 25.000000, 24.655223, -0.465522, -0.019478, 0.000000, 0.000100
7.32, 0.000000, 0.000000, 0.000100, 0.000102, 0.000000, -0.000002, 297.713043, 297.713043, 297.713043, -0.456304, 0.000000, 0.000000, 297.713043, 0.100000, 298.000000, 29.771304, 297.713043, 0.000000, 298.150000, 2.000000, 298.150000, 4.166670, 8.000000, 16.000000, 298.150000, 298.150000, 298.150000, 298.150000, 297.713043, 297.713043, 297.713043, 0.000000, 0.000002, 0.000000, 0.000002, 0.000000, 0.000000, 0.000000, 0.000000, 0.001018, 0.001018, 0.001018, 0.000100, 0.000000, 10.000000, 10.000000, 10.000000, 0.000002, 0.000100, 0.000102, 10.000000, 0.000002, 10.000000, 0.000002, 0.000000, 0.000002, 5000000.000000, 0.001018, 0.000000, 0.001018, 0.000000, 0.000000, 0.000000, 5000000.000000, 9.998982, 0.000100, 10.000000, 0.000100, 0.001018, 0.000100, 0.000000, 0.000010, 100000.000000, 0.500000, 100000.000000, 0.000000, 0.001018, 0.000100, 10.000000, 0.000102, 293.150000, -0.456304, 293.150000, -4.563043, -0.456304, 293.150000, -0.456304, 297.713043, -0.456304, 0.100000, 0.001018, 0.000100, 0.001018, 0.000100, 0.000000, 0.000100, 297.713043, 0.000000, 10.000000, 293.150000, 0.004000, 10.182522, 10.000000, 0.000102, 10.000000, 0.000102, 0.000000, 0.000102, 10.000000, 297.713043, 297.713043, 0.000000, 25.000000, 24.563043, -0.456304, -0.028696, 0.000000, 0.000100
7.34, 0.000000, 0.000000, 0.000100, 0.000102, 0.000000, -0.000002, 297.622689, 297.622689, 297.622689, -0.447269, 0.000000, 0.000000, 297.622689, 0.100000, 298.000000, 29.762269, 297.622689, 0.000000, 298.150000, 2.000000, 298.150000, 4.166670, 8.000000, 16.000000, 298.150000, 298.150000, 298.150000, 298.150000, 297.622689, 297.622689, 297.622689, 0.000000, 0.000002, 0.000000, 0.000002, 0.000000, 0.000000, 0.000000, 0.000000, 0.001018, 0.001018, 0.001018, 0.000100, 0.000000, 10.000000, 10.000000, 10.000000, 0.000002, 0.000100, 0.000102, 10.000000, 0.000002, 10.000000, 0.000002, 0.000000, 0.000002, 5000000.000000, 0.001018, 0.000000, 0.001018, 0.000000, 0.000000, 0.000000, 5000000.000000, 9.998982, 0.000100, 10.000000, 0.000100, 0.001018, 0.000100, 0.000000, 0.000010, 100000.000000, 0.500000, 100000.000000, 0.000000, 0.001018, 0.000100, 10.000000, 0.000102, 293.150000, -0.447269, 293.150000, -4.472689, -0.447269, 293.150000, -0.447269, 297.622689, -0.447269, 0.100000, 0.001018, 0.000100, 0.001018, 0.000100, 0.000000, 0.000100, 297.622689, 0.000000, 10.000000, 293.150000, 0.004000, 10.178908, 10.000000, 0.000102, 10.000000, 0.000102, 0.000000, 0.000102, 10.000000, 297.622689, 297.622689, 0.000000, 25.000000, 24.472689, -0.447269, -0.037731, 0.000000, 0.000100
7.36, 0.000000, 0.000000, 0.000100, 0.000102, 0.000000, -0.000002, 297.534124, 297.534124, 297.534124, -0.438412, 0.000000, 0.000000, 297.534124, 0.100000, 298.000000, 29.753412, 297.534124, 0.000000, 298.150000, 2.000000, 298.150000, 4.166670, 8.000000, 16.000000, 298.150000, 298.150000, 298.150000, 298.150000, 297.534124, 297.534124, 297.534124, 0.000000, 0.000002, 0.000000, 0.000002, 0.000000, 0.000000, 0.000000, 0.000000, 0.001017, 0.001017, 0.001017, 0.000100, 0.000000, 10.000000, 10.000000, 10.000000, 0.000002, 0.000100, 0.000102, 10.000000, 0.000002, 10.000000, 0.000002, 0.000000, 0.000002, 5000000.000000, 0.001017, 0.000000, 0.001017, 0.000000, 0.000000, 0.000000, 5000000.000000, 9.998983, 0.000100, 10.000000, 0.000100, 0.001017, 0.000100, 0.000000, 0.000010, 100000.000000, 0.500000, 100000.000000, 0.000000, 0.001017, 0.000100, 10.000000, 0.000102, 293.150000, -0.438412, 293.150000, -4.384124, -0.438412, 293.150000, -0.438412, 297.534124, -0.438412, 0.100000, 0.001017, 0.000100, 0.001017, 0.000100, 0.000000, 0.000100, 297.534124, 0.000000, 10.000000, 293.150000, 0.004000, 10.175365, 10.000000, 0.000102, 10.000000, 0.000102, 0.000000, 0.000102, 10.000000, 297.534124, 297.534124, 0.000000, 25.000000, 24.384124, -0.438412, -0.046588, 0.000000, 0.000100
7.38, 0.000000, 0.000000, 0.000100, 0.000102, 0.000000, -0.000002, 297.447312, 297.447312, 297.447312, -0.429731, 0.000000, 0.000000, 297.447312, 0.100000, 298.000000, 29.744731, 297.447312, 0.000000, 298.150000, 2.000000, 298.150000, 4.166670, 8.000000, 16.000000, 298.150000, 298.150000, 298.150000, 298.150000, 297.447312, 297.447312, 297.447312, 0.000000, 0.000002, 0.000000, 0.000002, 0.000000, 0.000000, 0.000000, 0.000000, 0.001017, 0.001017, 0.001017, 0.000100, 0.000000, 10.000000, 10.000000, 10.000000, 0.000002, 0.000100, 0.000102, 10.000000, 0.000002, 10.000000, 0.000002, 0.000000, 0.000002, 5000000.000000, 0.001017, 0.000000, 0.001017, 0.000000, 0.000000, 0.000000, 5000000.000000, 9.998983, 0.000100, 10.000000, 0.000100, 0.001017, 0.000100, 0.000000, 0.000010, 100000.000000, 0.500000, 100000.000000, 0.000000, 0.001017, 0.000100, 10.000000, 0.000102, 293.150000, -0.429731, 293.150000, -4.297312, -0.429731, 293.150000, -0.429731, 297.447312, -0.429731, 0.100000, 0.001017, 0.000100, 0.001017, 0.000100, 0.000000, 0.000100, 297.447312, 0.000000, 10.000000, 293.150000, 0.004000, 10.171892, 10.000000, 0.000102, 10.000000, 0.000102, 0.000000, 0.000102, 10.000000, 297.447312, 297.447312, 0.000000, 25.000000, 24.297312, -0.429731, -0.055269, 0.000000, 0.000100
7.4, 0.000000, 0.000000, 0.000100, 0.000102, 0.000000, -0.000002, 297.362220, 297.362220, 297.362220, -0.421222, 0.000000, 0.000000, 297.362220, 0.100000, 298.000000, 29.736222, 297.362220, 0.000000, 298.150000, 2.000000, 298.150000, 4.166670, 8.000000, 16.000000, 298.150000, 298.150000, 298.150000, 298.150000, 297.362220, 297.362220, 297.362220, 0.000000, 0.000002, 0.000000, 0.000002, 0.000000, 0.000000, 0.000000, 0.000000, 0.001017, 0.001017, 0.001017, 0.000100, 0.000000, 10.000000, 10.000000, 10.000000, 0.000002, 0.000100, 0.000102, 10.000000, 0.000002, 10.000000, 0.000002, 0.000000, 0.000002, 5000000.000000, 0.001017, 0.000000, 0.001017, 0.000000, 0.000000, 0.000000, 5000000.000000, 9.998983, 0.000100, 10.000000, 0.000100, 0.001017, 0.000100, 0.000000, 0.000010, 100000.000000, 0.500000, 100000.000000, 0.000000, 0.001017, 0.000100, 10.000000, 0.000102, 293.150000, -0.421222, 293.150000, -4.212220, -0.421222, 293.150000, -0.421222, 297.362220, -0.421222, 0.100000, 0.001017, 0.000100, 0.001017, 0.000100, 0.000000, 0.000100, 297.362220, 0.000000, 10.000000, 293.150000, 0.004000, 10.168489, 10.000000, 0.000102, 10.000000, 0.000102, 0.000000, 0.000102, 10.000000, 297.362220, 297.362220, 0.000000, 25.000000, 24.212220, -0.421222, -0.063778, 0.000000, 0.000100
7.42, 0.000000, 0.000000, 0.000100, 0.000102, 0.000000, -0.000002, 297.278812, 297.278812, 297.278812, -0.412881, 0.000000, 0.000000, 297.278812, 0.100000, 298.000000, 29.727881, 297.278812, 0.000000, 298.150000, 2.000000, 298.150000, 4.166670, 8.000000, 16.000000, 298.150000, 298.150000, 298.150000, 298.150000, 297.278812, 297.278812, 297.278812, 0.000000, 0.000002, 0.000000, 0.000002, 0.000000, 0.000000, 0.000000, 0.000000, 0.001016, 0.001016, 0.001016, 0.000100, 0.000000, 10.000000, 10.000000, 10.000000, 0.000002, 0.000100, 0.000102, 10.000000, 0.000002, 10.000000, 0.000002, 0.000000, 0.000002, 5000000.000000, 0.001016, 0.000000, 0.001016, 0.000000, 0.000000, 0.000000, 5000000.000000, 9.998984, 0.000100, 10.000000, 0.000100, 0.001016, 0.000100, 0.000000, 0.000010, 100000.000000, 0.500000, 100000.000000, 0.000000, 0.001016, 0.000100, 10.000000, 0.000102, 293.150000, -0.412881, 293.150000, -4.128812, -0.412881, 293.150000, -0.412881, 297.278812, -0.412881, 0.100000, 0.001016, 0.000100, 0.001016, 0.000100, 0.000000, 0.000100, 297.278812, 0.000000, 10.000000, 293.150000, 0.004000, 10.165152, 10.000000, 0.000102, 10.000000, 0.000102, 0.000000, 0.000102, 10.000000, 297.278812, 297.278812, 0.000000, 25.000000, 24.128812, -0.412881, -0.072119, 0.000000, 0.000100
7.44, 0.000000, 0.000000, 0.000100, 0.000102, 0.000000, -0.000002, 297.197056, 297.197056, 297.197056, -0.404706, 0.000000, 0.000000, 297.197056, 0.100000, 298.000000, 29.719706, 297.197056, 0.000000, 298.150000, 2.000000, 298.150000, 4.166670, 8.000000, 16.000000, 298.150000, 298.150000, 298.150000, 298.150000, 297.197056, 297.197056, 297.197056, 0.000000, 0.000002, 0.000000, 0.000002, 0.000000, 0.000000, 0.000000, 0.000000, 0.001016, 0.001016, 0.001016, 0.000100, 0.000000, 10.000000, 10.000000, 10.000000, 0.000002, 0.000100, 0.000102, 10.000000, 0.000002, 10.000000, 0.000002, 0.000000, 0.000002, 5000000.000000, 0.001016, 0.000000, 0.001016, 0.000000, 0.000000, 0.000000, 5000000.000000, 9.998984, 0.000100, 10.000000, 0.000100, 0.001016, 0.000100, 0.000000, 0.000010, 100000.000000, 0.500000, 100000.000000, 0.000000, 0.001016, 0.000100, 10.000000, 0.000102, 293.150000, -0.404706, 293.150000, -4.047056, -0.404706, 293.150000, -0.404706, 297.197056, -0.404706, 0.100000, 0.001016, 0.000100, 0.001016, 0.000100, 0.000000, 0.000100, 297.197056, 0.000000, 10.000000, 293.150000, 0.004000, 10.161882, 10.000000, 0.000102, 10.000000, 0.000102, 0.000000, 0.000102, 10.000000, 297.197056, 297.197056, 0.000000, 25.000000, 24.047056, -0.404706, -0.080294, 0.000000, 0.000100
7.46, 0.000000, 0.000000, 0.981241, 0.981245, 0.000000, -0.000004, 297.929216, 297.929216, 297.929216, -0.477922, 0.000000, 9.812398, 297.929216, 0.100000, 298.000000, 29.792922, 297.929216, 1.000000, 298.150000, 2.000000, 298.150000, 4.166670, 8.000000, 16.000000, 298.150000, 298.150000, 298.150000, 298.150000, 297.929216, 297.929216, 297.929216, 0.000000, 0.000002, 0.000000, 0.000002, 0.000000, 0.000002, 0.000000, 0.000002, 9.999990, 9.999990, 9.999990, 0.981241, 0.000002, 10.000000, 10.000000, 10.000000, 0.000002, 0.981243, 0.981245, 10.000000, 0.000002, 10.000000, 0.000002, 0.000000, 0.000002, 5000000.000000, 9.999990, 0.000002, 9.999990, 0.000002, 0.000000, 0.000002, 5000000.000000, 0.000010, 0.981243, 10.000000, 0.981243, 9.999990, 0.981243, 1.000000, 0.000010, 100000.000000, 0.500000, 0.000010, 1.000000, 9.999990, 0.981241, 10.000000, 0.981245, 293.150000, -0.477922, 293.150000, -4.779216, -0.477922, 293.150000, -0.477922, 297.929216, -0.477922, 0.100000, 9.999990, 0.981241, 9.999990, 0.981241, 0.000000, 0.981241, 297.929216, 9.812398, 10.000000, 293.150000, 0.004000, 10.191169, 10.000000, 0.981245, 10.000000, 0.981245, 0.000000, 0.981245, 10.000000, 297.929216, 297.929216, 0.000000, 25.000000, 24.779216, 9.334476, -0.007078, 0.000000, 0.981243
7.48, 0.000000, 0.000000, 0.000100, 0.000102, 0.000000, -0.000002, 299.109519, 299.109519, 299.109519, -0.595952, 0.000000, 0.000000, 299.109519, 0.100000, 298.000000, 29.910952, 299.109519, 0.000000, 298.150000, 2.000000, 298.150000, 4.166670, 8.000000, 16.000000, 298.150000, 298.150000, 298.150000, 298.150000, 299.109519, 299.109519, 299.109519, 0.000000, 0.000002, 0.000000, 0.000002, 0.000000, 0.000000, 0.000000, 0.000000, 0.001024, 0.001024, 0.001024, 0.000100, 0.000000, 10.000000, 10.000000, 10.000000, 0.000002, 0.000100, 0.000102, 10.000000, 0.000002, 10.000000, 0.000002, 0.000000, 0.000002, 5000000.000000, 0.001024, 0.000000, 0.001024, 0.000000, 0.000000, 0.000000, 5000000.000000, 9.998976, 0.000100, 10.000000, 0.000100, 0.001024, 0.000100, 0.000000, 0.000010, 100000.000000, 0.500000, 100000.000000, 0.000000, 0.001024, 0.000100, 10.000000, 0.000102, 293.150000, -0.595952, 293.150000, -5.959519, -0.595952, 293.150000, -0.595952, 299.109519, -0.595952, 0.100000, 0.001024, 0.000100, 0.001024, 0.000100, 0.000000, 0.000100, 299.109519, 0.000000, 10.000000, 293.150000, 0.004000, 10.238381, 10.000000, 0.000102, 10.000000, 0.000102, 0.000000, 0.000102, 10.000000, 299.109519, 299.109519, 0.000000, 25.000000, 25.959519, -0.595952, 0.110952, 0.000000, 0.000100
7.5, 0.000000, 0.000000, 0.000100, 0.000102, 0.000000, -0.000002, 298.991512, 298.991512, 298.991512, -0.584151, 0.000000, 0.000000, 298.991512, 0.100000, 298.000000, 29.899151, 298.991512, 0.000000, 298.150000, 2.000000, 298.150000, 4.166670, 8.000000, 16.000000, 298.150000, 298.150000, 298.150000, 298.150000, 298.991512, 298.991512, 298.991512, 0.000000, 0.000002, 0.000000, 0.000002, 0.000000, 0.000000, 0.000000, 0.000000, 0.001023, 0.001023, 0.001023, 0.000100, 0.000000, 10.000000, 10.000000, 10.000000, 0.000002, 0.000100, 0.000102, 10.000000, 0.000002, 10.000000, 0.000002, 0.000000, 0.000002, 5000000.000000, 0.001023, 0.000000, 0.001023, 0.000000, 0.000000, 0.000000, 5000000.000000, 9.998977, 0.000100, 10.000000, 0.000100, 0.001023, 0.000100, 0.000000, 0.000010, 100000.000000, 0.500000, 100000.000000, 0.000000, 0.001023, 0.000100, 10.000000, 0.000102, 293.150000, -0.584151, 293.150000, -5.841512, -0.584151, 293.150000, -0.584151, 298.991512, -0.584151, 0.100000, 0.001023, 0.000100, 0.001023, 0.000100, 0.000000, 0.000100, 298.991512, 0.000000, 10.000000, 293.150000, 0.004000, 10.233660, 10.000000, 0.000102, 10.000000, 0.000102, 0.000000, 0.000102, 10.000000, 298.991512, 298.991512, 0.000000, 25.000000, 25.841512, -0.584151, 0.099151, 0.000000, 0.000100
7.52, 0.000000, 0.000000, 0.000100, 0.000102, 0.000000, -0.000002, 298.875843, 298.875843, 298.875843, -0.572584, 0.000000, 0.000000, 298.875843, 0.100000, 298.000000, 29.887584, 298.875843, 0.000000, 298.150000, 2.000000, 298.150000, 4.166670, 8.000000, 16.000000, 298.150000, 298.150000, 298.150000, 298.150000, 298.875843, 298.875843, 298.875843, 0.000000, 0.000002, 0.000000, 0.000002, 0.000000, 0.000000, 0.000000, 0.000000, 0.001023, 0.001023, 0.001023, 0.000100, 0.000000, 10.000000, 10.000000, 10.000000, 0.000002, 0.000100, 0.000102, 10.000000, 0.000002, 10.000000, 0.000002, 0.000000, 0.000002, 5000000.000000, 0.001023, 0.000000, 0.001023, 0.000000, 0.000000, 0.000000, 5000000.000000, 9.998977, 0.000100, 10.000000, 0.000100, 0.001023, 0.000100, 0.000000, 0.000010, 100000.000000, 0.500000, 100000.000000, 0.000000, 0.001023, 0.000100, 10.000000, 0.000102, 293.150000, -0.572584, 293.150000, -5.725843, -0.572584, 293.150000, -0.572584, 298.875843, -0.572584, 0.100000, 0.001023, 0.000100, 0.001023, 0.000100, 0.000000, 0.000100, 298.875843, 0.000000, 10.000000, 293.150000, 0.004000, 10.229034, 10.000000, 0.000102, 10.000000, 0.000102, 0.000000, 0.000102, 10.000000, 298.875843, 298.875843, 0.000000, 25.000000, 25.725843, -0.572584, 0.087584, 0.000000, 0.000100
7.54, 0.000000, 0.000000, 0.000100, 0.000102, 0.000000, -0.000002, 298.762463, 298.762463, 298.762463, -0.561246, 0.000000, 0.000000, 298.762463, 0.100000, 298.000000, 29.876246, 298.762463, 0.000000, 298.150000, 2.000000, 298.150000, 4.166670, 8.000000, 16.000000, 298.150000, 298.150000, 298.150000, 298.150000, 298.762463, 298.762463, 298.762463, 0.000000, 0.000002, 0.000000, 0.000002, 0.000000, 0.000000, 0.000000, 0.000000, 0.001022, 0.001022, 0.001022, 0.000100, 0.000000, 10.000000, 10.000000, 10.000000, 0.000002, 0.000100, 0.000102, 10.000000, 0.000002, 10.000000, 0.000002, 0.000000, 0.000002, 5000000.000000, 0.001022, 0.000000, 0.001022, 0.000000, 0.000000, 0.000000, 5000000.000000, 9.998978, 0.000100, 10.000000, 0.000100, 0.001022, 0.000100, 0.000000, 0.000010, 100000.000000, 0.500000, 100000.000000, 0.000000, 0.001022, 0.000100, 10.000000, 0.000102, 293.150000, -0.561246, 293.150000, -5.612463, -0.561246, 293.150000, -0.561246, 298.762463, -0.561246, 0.100000, 0.001022, 0.000100, 0.001022, 0.000100, 0.000000, 0.000100, 298.762463, 0.000000, 10.000000, 293.150000, 0.004000, 10.224499, 10.000000, 0.000102, 10.000000, 0.000102, 0.000000, 0.000102, 10.000000, 298.762463, 298.762463, 0.000000, 25.000000, 25.612463, -0.561246, 0.076246, 0.000000, 0.000100
7.56, 0.000000, 0.000000, 0.000100, 0.000102, 0.000000, -0.000002, 298.651329, 298.651329, 298.651329, -0.550133, 0.000000, 0.000000, 298.651329, 0.100000, 298.000000, 29.865133, 298.651329, 0.000000, 298.150000, 2.000000, 298.150000, 4.166670, 8.000000, 16.000000, 298.150000, 298.150000, 298.150000, 298.150000, 298.651329, 298.651329, 298.651329, 0.000000, 0.000002, 0.000000, 0.000002, 0.000000, 0.000000, 0.000000, 0.000000, 0.001022, 0.001022, 0.001022, 0.000100, 0.000000, 10.000000, 10.000000, 10.000000, 0.000002, 0.000100, 0.000102, 10.000000, 0.000002, 10.000000, 0.000002, 0.000000, 0.000002, 5000000.000000, 0.001022, 0.000000, 0.001022, 0.000000, 0.000000, 0.000000, 5000000.000000, 9.998978, 0.000100, 10.000000, 0.000100, 0.001022, 0.000100, 0.000000, 0.000010, 100000.000000, 0.500000, 100000.000000, 0.000000, 0.001022, 0.000100, 10.000000, 0.000102, 293.150000, -0.550133, 293.150000, -5.501329, -0.550133, 293.150000, -0.550133, 298.651329, -0.550133, 0.100000, 0.001022, 0.000100, 0.001022, 0.000100, 0.000000, 0.000100, 298.651329, 0.000000, 10.000000, 293.150000, 0.004000, 10.220053, 10.000000, 0.000102, 10.000000, 0.000102, 0.000000, 0.000102, 10.000000, 298.651329, 298.651329, 0.000000, 25.000000, 25.501329, -0.550133, 0.065133, 0.000000, 0.000100
7.58, 0.000000, 0.000000, 0.000100, 0.000102, 0.000000, -0.000002, 298.542396, 298.542396, 298.542396, -0.539240, 0.000000, 0.000000, 298.542396, 0.100000, 298.000000, 29.854240, 298.542396, 0.000000, 298.150000, 2.000000, 298.150000, 4.166670, 8.000000, 16.000000, 298.150000, 298.150000, 298.150000, 298.150000, 298.542396, 298.542396, 298.542396, 0.000000, 0.000002, 0.000000, 0.000002, 0.000000, 0.000000, 0.000000, 0.000000, 0.001021, 0.001021, 0.001021, 0.000100, 0.000000, 10.000000, 10.000000, 10.000000, 0.000002, 0.000100, 0.000102, 10.000000, 0.000002, 10.000000, 0.000002, 0.000000, 0.000002, 5000000.000000, 0.001021, 0.000000, 0.001021, 0.000000, 0.000000, 0.000000, 5000000.000000, 9.998979, 0.000100, 10.000000, 0.000100, 0.001021, 0.000100, 0.000000, 0.000010, 100000.000000, 0.500000, 100000.000000, 0.000000, 0.001021, 0.000100, 10.000000, 0.000102, 293.150000, -0.539240, 293.150000, -5.392396, -0.539240, 293.150000, -0.539240, 298.542396, -0.539240, 0.100000, 0.001021, 0.000100, 0.001021, 0.000100, 0.000000, 0.000100, 298.542396, 0.000000, 10.000000, 293.150000, 0.004000, 10.215696, 10.000000, 0.000102, 10.000000, 0.000102, 0.000000, 0.000102, 10.000000, 298.542396, 298.542396, 0.000000, 25.000000, 25.392396, -0.539239, 0.054240, 0.000000, 0.000100
7.6, 0.000000, 0.000000, 0.000100, 0.000102, 0.000000, -0.000002, 298.435619, 298.435619, 298.435619, -0.528562, 0.000000, 0.000000, 298.435619, 0.100000, 298.000000, 29.843562, 298.435619, 0.000000, 298.150000, 2.000000, 298.150000, 4.166670, 8.000000, 16.000000, 298.150000, 298.150000, 298.150000, 298.150000, 298.435619, 298.435619, 298.435619, 0.000000, 0.000002, 0.000000, 0.000002, 0.000000, 0.000000, 0.000000, 0.000000, 0.001021, 0.001021, 0.001021, 0.000100, 0.000000, 10.000000, 10.000000, 10.000000, 0.000002, 0.000100, 0.000102, 10.000000, 0.000002, 10.000000, 0.000002, 0.000000, 0.000002, 5000000.000000, 0.001021, 0.000000, 0.001021, 0.000000, 0.000000, 0.000000, 5000000.000000, 9.998979, 0.000100, 10.000000, 0.000100, 0.001021, 0.000100, 0.000000, 0.000010, 100000.000000, 0.500000, 100000.000000, 0.000000, 0.001021, 0.000100, 10.000000, 0.000102, 293.150000, -0.528562, 293.150000, -5.285619, -0.528562, 293.150000, -0.528562, 298.435619, -0.528562, 0.100000, 0.001021, 0.000100, 0.001021, 0.000100, 0.000000, 0.000100, 298.435619, 0.000000, 10.000000, 293.150000, 0.004000, 10.211425, 10.000000, 0.000102, 10.000000, 0.000102, 0.000000, 0.000102, 10.000000, 298.435619, 298.435619, 0.000000, 25.000000, 25.285619, -0.528562, 0.043562, 0.000000, 0.000100
7.62, 0.000000, 0.000000, 0.000100, 0.000102, 0.000000, -0.000002, 298.330957, 298.330957, 298.330957, -0.518096, 0.000000, 0.000000, 298.330957, 0.100000, 298.000000, 29.833096, 298.330957, 0.000000, 298.150000, 2.000000, 298.150000, 4.166670, 8.000000, 16.000000, 298.150000, 298.150000, 298.150000, 298.150000, 298.330957, 298.330957, 298.330957, 0.000000, 0.000002, 0.000000, 0.000002, 0.000000, 0.000000, 0.000000, 0.000000, 0.001021, 0.001021, 0.001021, 0.000100, 0.000000, 10.000000, 10.000000, 10.000000, 0.000002, 0.000100, 0.000102, 10.000000, 0.000002, 10.000000, 0.000002, 0.000000, 0.000002, 5000000.000000, 0.001021, 0.000000, 0.001021, 0.000000, 0.000000, 0.000000, 5000000.000000, 9.998979, 0.000100, 10.000000, 0.000100, 0.001021, 0.000100, 0.000000, 0.000010, 100000.000000, 0.500000, 100000.000000, 0.000000, 0.001021, 0.000100, 10.000000, 0.000102, 293.150000, -0.518096, 293.150000, -5.180957, -0.518096, 293.150000, -0.518096, 298.330957, -0.518096, 0.100000, 0.001021, 0.000100, 0.001021, 0.000100, 0.000000, 0.000100, 298.330957, 0.000000, 10.000000, 293.150000, 0.004000, 10.207238, 10.000000, 0.000102, 10.000000, 0.000102, 0.000000, 0.000102, 10.000000, 298.330957, 298.330957, 0.000000, 25.000000, 25.180957, -0.518096, 0.033096, 0.000000, 0.000100
7.64, 0.000000, 0.000000, 0.000100, 0.000102, 0.000000, -0.000002, 298.228367, 298.228367, 298.228367, -0.507837, 0.000000, 0.000000, 298.228367, 0.100000, 298.000000, 29.822837, 298.228367, 0.000000, 298.150000, 2.000000, 298.150000, 4.166670, 8.000000, 16.000000, 298.150000, 298.150000, 298.150000, 298.150000, 298.228367, 298.228367, 298.228367, 0.000000, 0.000002, 0.000000, 0.000002, 0.000000, 0.000000, 0.000000, 0.000000, 0.001020, 0.001020, 0.001020, 0.000100, 0.000000, 10.000000, 10.000000, 10.000000, 0.000002, 0.000100, 0.000102, 10.000000, 0.000002, 10.000000, 0.000002, 0.000000, 0.000002, 5000000.000000, 0.001020, 0.000000, 0.001020, 0.000000, 0.000000, 0.000000, 5000000.000000, 9.998980, 0.000100, 10.000000, 0.000100, 0.001020, 0.000100, 0.000000, 0.000010, 100000.000000, 0.500000, 100000.000000, 0.000000, 0.001020, 0.000100, 10.000000, 0.000102, 293.150000, -0.507837, 293.150000, -5.078367, -0.507837, 293.150000, -0.507837, 298.228367, -0.507837, 0.100000, 0.001020, 0.000100, 0.001020, 0.000100, 0.000000, 0.000100, 298.228367, 0.000000, 10.000000, 293.150000, 0.004000, 10.203135, 10.000000, 0.000102, 10.000000, 0.000102, 0.000000, 0.000102, 10.000000, 298.228367, 298.228367, 0.000000, 25.000000, 25.078367, -0.507837, 0.022837, 0.000000, 0.000100
7.66, 0.000000, 0.000000, 0.000100, 0.000102, 0.000000, -0.000002, 298.127809, 298.127809, 298.127809, -0.497781, 0.000000, 0.000000, 298.127809, 0.100000, 298.000000, 29.812781, 298.127809, 0.000000, 298.150000, 2.000000, 298.150000, 4.166670, 8.000000, 16.000000, 298.150000, 298.150000, 298.150000, 298.150000, 298.127809, 298.127809, 298.127809, 0.000000, 0.000002, 0.000000, 0.000002, 0.000000, 0.000000, 0.000000, 0.000000, 0.001020, 0.001020, 0.001020, 0.000100, 0.000000, 10.000000, 10.000000, 10.000000, 0.000002, 0.000100, 0.000102, 10.000000, 0.000002, 10.000000, 0.000002, 0.000000, 0.000002, 5000000.000000, 0.001020, 0.000000, 0.001020, 0.000000, 0.000000, 0.000000, 5000000.000000, 9.998980, 0.000100, 10.000000, 0.000100, 0.001020, 0.000100, 0.000000, 0.000010, 100000.000000, 0.500000, 100000.000000, 0.000000, 0.001020, 0.000100, 10.000000, 0.000102, 293.150000, -0.497781, 293.150000, -4.977809, -0.497781, 293.150000, -0.497781, 298.127809, -0.497781, 0.100000, 0.001020, 0.000100, 0.001020, 0.000100, 0.000000, 0.000100, 298.127809, 0.000000, 10.000000, 293.150000, 0.004000, 10.199112, 10.000000, 0.000102, 10.000000, 0.000102, 0.000000, 0.000102, 10.000000, 298.127809, 298.127809, 0.000000, 25.000000, 24.977809, -0.497781, 0.012781, 0.000000, 0.000100
7.68, 0.000000, 0.000000, 0.000100, 0.000102, 0.000000, -0.000002, 298.029241, 298.029241, 298.029241, -0.487924, 0.000000, 0.000000, 298.029241, 0.100000, 298.000000, 29.802924, 298.029241, 0.000000, 298.150000, 2.000000, 298.150000, 4.166670, 8.000000, 16.000000, 298.150000, 298.150000, 298.150000, 298.150000, 298.029241, 298.029241, 298.029241, 0.000000, 0.000002, 0.000000, 0.000002, 0.000000, 0.000000, 0.000000, 0.000000, 0.001019, 0.001019, 0.001019, 0.000100, 0.000000, 10.000000, 10.000000, 10.000000, 0.000002, 0.000100, 0.000102, 10.000000, 0.000002, 10.000000, 0.000002, 0.000000, 0.000002, 5000000.000000, 0.001019, 0.000000, 0.001019, 0.000000, 0.000000, 0.000000, 5000000.000000, 9.998981, 0.000100, 10.000000, 0.000100, 0.001019, 0.000100, 0.000000, 0.000010, 100000.000000, 0.500000, 100000.000000, 0.000000, 0.001019, 0.000100, 10.000000, 0.000102, 293.150000, -0.487924, 293.150000, -4.879241, -0.487924, 293.150000, -0.487924, 298.029241, -0.487924, 0.100000, 0.001019, 0.000100, 0.001019, 0.000100, 0.000000, 0.000100, 298.029241, 0.000000, 10.000000, 293.150000, 0.004000, 10.195170, 10.000000, 0.000102, 10.000000, 0.000102, 0.000000, 0.000102, 10.000000, 298.029241, 298.029241, 0.000000, 25.000000, 24.879241, -0.487924, 0.002924, 0.000000, 0.000100
7.7, 0.000000, 0.000000, 0.000100, 0.000102, 0.000000, -0.000002, 297.932626, 297.932626, 297.932626, -0.478263, 0.000000, 0.000000, 297.932626, 0.100000, 298.000000, 29.793263, 297.932626, 0.000000, 298.150000, 2.000000, 298.150000, 4.166670, 8.000000, 16.000000, 298.150000, 298.150000, 298.150000, 298.150000, 297.932626, 297.932626, 297.932626, 0.000000, 0.000002, 0.000000, 0.000002, 0.000000, 0.000000, 0.000000, 0.000000, 0.001019, 0.001019, 0.001019, 0.000100, 0.000000, 10.000000, 10.000000, 10.000000, 0.000002, 0.000100, 0.000102, 10.000000, 0.000002, 10.000000, 0.000002, 0.000000, 0.000002, 5000000.000000, 0.001019, 0.000000, 0.001019, 0.000000, 0.000000, 0.000000, 5000000.000000, 9.998981, 0.000100, 10.000000, 0.000100, 0.001019, 0.000100, 0.000000, 0.000010, 100000.000000, 0.500000, 100000.000000, 0.000000, 0.001019, 0.000100, 10.000000, 0.000102, 293.150000, -0.478263, 293.150000, -4.782626, -0.478263, 293.150000, -0.478263, 297.932626, -0.478263, 0.100000, 0.001019, 0.000100, 0.001019, 0.000100, 0.000000, 0.000100, 297.932626, 0.000000, 10.000000, 293.150000, 0.004000, 10.191305, 10.000000, 0.000102, 10.000000, 0.000102, 0.000000, 0.000102, 10.000000, 297.932626, 297.932626, 0.000000, 25.000000, 24.782626, -0.478262, -0.006737, 0.000000, 0.000100
7.72, 0.000000, 0.000000, 0.000100, 0.000102, 0.000000, -0.000002, 297.837924, 297.837924, 297.837924, -0.468792, 0.000000, 0.000000, 297.837924, 0.100000, 298.000000, 29.783792, 297.837924, 0.000000, 298.150000, 2.000000, 298.150000, 4.166670, 8.000000, 16.000000, 298.150000, 298.150000, 298.150000, 298.150000, 297.837924, 297.837924, 297.837924, 0.000000, 0.000002, 0.000000, 0.000002, 0.000000, 0.000000, 0.000000, 0.000000, 0.001019, 0.001019, 0.001019, 0.000100, 0.000000, 10.000000, 10.000000, 10.000000, 0.000002, 0.000100, 0.000102, 10.000000, 0.000002, 10.000000, 0.000002, 0.000000, 0.000002, 5000000.000000, 0.001019, 0.000000, 0.001019, 0.000000, 0.000000, 0.000000, 5000000.000000, 9.998981, 0.000100, 10.000000, 0.000100, 0.001019, 0.000100, 0.000000, 0.000010, 100000.000000, 0.500000, 100000.000000, 0.000000, 0.001019, 0.000100, 10.000000, 0.000102, 293.150000, -0.468792, 293.150000, -4.687924, -0.468792, 293.150000, -0.468792, 297.837924, -0.468792, 0.100000, 0.001019, 0.000100, 0.001019, 0.000100, 0.000000, 0.000100, 297.837924, 0.000000, 10.000000, 293.150000, 0.004000, 10.187517, 10.000000, 0.000102, 10.000000, 0.000102, 0.000000, 0.000102, 10.000000, 297.837924, 297.837924, 0.000000, 25.000000, 24.687924, -0.468792, -0.016208, 0.000000, 0.000100
7.74, 0.000000, 0.000000, 0.000100, 0.000102, 0.000000, -0.000002, 297.745096, 297.745096, 297.745096, -0.459510, 0.000000, 0.000000, 297.745096, 0.100000, 298.000000, 29.774510, 297.745096, 0.000000, 298.150000, 2.000000, 298.150000, 4.166670, 8.000000, 16.000000, 298.150000, 298.150000, 298.150000, 298.150000, 297.745096, 297.745096, 297.745096, 0.000000, 0.000002, 0.000000, 0.000002, 0.000000, 0.000000, 0.000000, 0.000000, 0.001018, 0.001018, 0.001018, 0.000100, 0.000000, 10.000000, 10.000000, 10.000000, 0.000002, 0.000100, 0.000102, 10.000000, 0.000002, 10.000000, 0.000002, 0.000000, 0.000002, 5000000.000000, 0.001018, 0.000000, 0.001018, 0.000000, 0.000000, 0.000000, 5000000.000000, 9.998982, 0.000100, 10.000000, 0.000100, 0.001018, 0.000100, 0.000000, 0.000010, 100000.000000, 0.500000, 100000.000000, 0.000000, 0.001018, 0.000100, 10.000000, 0.000102, 293.150000, -0.459510, 293.150000, -4.595096, -0.459510, 293.150000, -0.459510, 297.745096, -0.459510, 0.100000, 0.001018, 0.000100, 0.001018, 0.000100, 0.000000, 0.000100, 297.745096, 0.000000, 10.000000, 293.150000, 0.004000, 10.183804, 10.000000, 0.000102, 10.000000, 0.000102, 0.000000, 0.000102, 10.000000, 297.745096, 297.745096, 0.000000, 25.000000, 24.595096, -0.459510, -0.025490, 0.000000, 0.000100
7.76, 0.000000, 0.000000, 0.000100, 0.000102, 0.000000, -0.000002, 297.654107, 297.654107, 297.654107, -0.450411, 0.000000, 0.000000, 297.654107, 0.100000, 298.000000, 29.765411, 297.654107, 0.000000, 298.150000, 2.000000, 298.150000, 4.166670, 8.000000, 16.000000, 298.150000, 298.150000, 298.150000, 298.150000, 297.654107, 297.654107, 297.654107, 0.000000, 0.000002, 0.000000, 0.000002, 0.000000, 0.000000, 0.000000, 0.000000, 0.001018, 0.001018, 0.001018, 0.000100, 0.000000, 10.000000, 10.000000, 10.000000, 0.000002, 0.000100, 0.000102, 10.000000, 0.000002, 10.000000, 0.000002, 0.000000, 0.000002, 5000000.000000, 0.001018, 0.000000, 0.001018, 0.000000, 0.000000, 0.000000, 5000000.000000, 9.998982, 0.000100, 10.000000, 0.000100, 0.001018, 0.000100, 0.000000, 0.000010, 100000.000000, 0.500000, 100000.000000, 0.000000, 0.001018, 0.000100, 10.000000, 0.000102, 293.150000, -0.450411, 293.150000, -4.504107, -0.450411, 293.150000, -0.450411, 297.654107, -0.450411, 0.100000, 0.001018, 0.000100, 0.001018, 0.000100, 0.000000, 0.000100, 297.654107, 0.000000, 10.000000, 293.150000, 0.004000, 10.180164, 10.000000, 0.000102, 10.000000, 0.000102, 0.000000, 0.000102, 10.000000, 297.654107, 297.654107, 0.000000, 25.000000, 24.504107, -0.450411, -0.034589, 0.000000, 0.000100
7.78, 0.000000, 0.000000, 0.000100, 0.000102, 0.000000, -0.000002, 297.564920, 297.564920, 297.564920, -0.441492, 0.000000, 0.000000, 297.564920, 0.100000, 298.000000, 29.756492, 297.564920, 0.000000, 298.150000, 2.000000, 298.150000, 4.166670, 8.000000, 16.000000, 298.150000, 298.150000, 298.150000, 298.150000, 297.564920, 297.564920, 297.564920, 0.000000, 0.000002, 0.000000, 0.000002, 0.000000, 0.000000, 0.000000, 0.000000, 0.001018, 0.001018, 0.001018, 0.000100, 0.000000, 10.000000, 10.000000, 10.000000, 0.000002, 0.000100, 0.000102, 10.000000, 0.000002, 10.000000, 0.000002, 0.000000, 0.000002, 5000000.000000, 0.001018, 0.000000, 0.001018, 0.000000, 0.000000, 0.000000, 5000000.000000, 9.998982, 0.000100, 10.000000, 0.000100, 0.001018, 0.000100, 0.000000, 0.000010, 100000.000000, 0.500000, 100000.000000, 0.000000, 0.001018, 0.000100, 10.000000, 0.000102, 293.150000, -0.441492, 293.150000, -4.414920, -0.441492, 293.150000, -0.441492, 297.564920, -0.441492, 0.100000, 0.001018, 0.000100, 0.001018, 0.000100, 0.000000, 0.000100, 297.564920, 0.000000, 10.000000, 293.150000, 0.004000, 10.176597, 10.000000, 0.000102, 10.000000, 0.000102, 0.000000, 0.000102, 10.000000, 297.564920, 297.564920, 0.000000, 25.000000, 24.414920, -0.441492, -0.043508, 0.000000, 0.000100
7.8, 0.000000, 0.000000, 0.000100, 0.000102, 0.000000, -0.000002, 297.477499, 297.477499, 297.477499, -0.432750, 0.000000, 0.000000, 297.477499, 0.100000, 298.000000, 29.747750, 297.477499, 0.000000, 298.150000, 2.000000, 298.150000, 4.166670, 8.000000, 16.000000, 298.150000, 298.150000, 298.150000, 298.150000, 297.477499, 297.477499, 297.477499, 0.000000, 0.000002, 0.000000, 0.000002, 0.000000, 0.000000, 0.000000, 0.000000, 0.001017, 0.001017, 0.001017, 0.000100, 0.000000, 10.000000, 10.000000, 10.000000, 0.000002, 0.000100, 0.000102, 10.000000, 0.000002, 10.000000, 0.000002, 0.000000, 0.000002, 5000000.000000, 0.001017, 0.000000, 0.001017, 0.000000, 0.000000, 0.000000, 5000000.000000, 9.998983, 0.000100, 10.000000, 0.000100, 0.001017, 0.000100, 0.000000, 0.000010, 100000.000000, 0.500000, 100000.000000, 0.000000, 0.001017, 0.000100, 10.000000, 0.000102, 293.150000, -0.432750, 293.150000, -4.327499, -0.432750, 293.150000, -0.432750, 297.477499, -0.432750, 0.100000, 0.001017, 0.000100, 0.001017, 0.000100, 0.000000, 0.000100, 297.477499, 0.000000, 10.000000, 293.150000, 0.004000, 10.173100, 10.000000, 0.000102, 10.000000, 0.000102, 0.000000, 0.000102, 10.000000, 297.477499, 297.477499, 0.000000, 25.000000, 24.327499, -0.432750, -0.052250, 0.000000, 0.000100
7.82, 0.000000, 0.000000, 0.000100, 0.000102, 0.000000, -0.000002, 297.391809, 297.391809, 297.391809, -0.424181, 0.000000, 0.000000, 297.391809, 0.100000, 298.000000, 29.739181, 297.391809, 0.000000, 298.150000, 2.000000, 298.150000, 4.166670, 8.000000, 16.000000, 298.150000, 298.150000, 298.150000, 298.150000, 297.391809, 297.391809, 297.391809, 0.000000, 0.000002, 0.000000, 0.000002, 0.000000, 0.000000, 0.000000, 0.000000, 0.001017, 0.001017, 0.001017, 0.000100, 0.000000, 10.000000, 10.000000, 10.000000, 0.000002, 0.000100, 0.000102, 10.000000, 0.000002, 10.000000, 0.000002, 0.000000, 0.000002, 5000000.000000, 0.001017, 0.000000, 0.001017, 0.000000, 0.000000, 0.000000, 5000000.000000, 9.998983, 0.000100, 10.000000, 0.000100, 0.001017, 0.000100, 0.000000, 0.000010, 100000.000000, 0.500000, 100000.000000, 0.000000, 0.001017, 0.000100, 10.000000, 0.000102, 293.150000, -0.424181, 293.150000, -4.241809, -0.424181, 293.150000, -0.424181, 297.391809, -0.424181, 0.100000, 0.001017, 0.000100, 0.001017, 0.000100, 0.000000, 0.000100, 297.391809, 0.000000, 10.000000, 293.150000, 0.004000, 10.169672, 10.000000, 0.000102, 10.000000, 0.000102, 0.000000, 0.000102, 10.000000, 297.391809, 297.391809, 0.000000, 25.000000, 24.241809, -0.424181, -0.060819, 0.000000, 0.000100
7.84, 0.000000, 0.000000, 0.000100, 0.000102, 0.000000, -0.000002, 297.307815, 297.307815, 297.307815, -0.415782, 0.000000, 0.000000, 297.307815, 0.100000, 298.000000, 29.730782, 297.307815, 0.000000, 298.150000, 2.000000, 298.150000, 4.166670, 8.000000, 16.000000, 298.150000, 298.150000, 298.150000, 298.150000, 297.307815, 297.307815, 297.307815, 0.000000, 0.000002, 0.000000, 0.000002, 0.000000, 0.000000, 0.000000, 0.000000, 0.001017, 0.001017, 0.001017, 0.000100, 0.000000, 10.000000, 10.000000, 10.000000, 0.000002, 0.000100, 0.000102, 10.000000, 0.000002, 10.000000, 0.000002, 0.000000, 0.000002, 5000000.000000, 0.001017, 0.000000, 0.001017, 0.000000, 0.000000, 0.000000, 5000000.000000, 9.998983, 0.000100, 10.000000, 0.000100, 0.001017, 0.000100, 0.000000, 0.000010, 100000.000000, 0.500000, 100000.000000, 0.000000, 0.001017, 0.000100, 10.000000, 0.000102, 293.150000, -0.415782, 293.150000, -4.157815, -0.415782, 293.150000, -0.415782, 297.307815, -0.415782, 0.100000, 0.001017, 0.000100, 0.001017, 0.000100, 0.000000, 0.000100, 297.307815, 0.000000, 10.000000, 293.150000, 0.004000, 10.166313, 10.000000, 0.000102, 10.000000, 0.000102, 0.000000, 0.000102, 10.000000, 297.307815, 297.307815, 0.000000, 25.000000, 24.157815, -0.415781, -0.069218, 0.000000, 0.000100
7.86, 0.000000, 0.000000, 0.000100, 0.000102, 0.000000, -0.000002, 297.225485, 297.225485, 297.225485, -0.407549, 0.000000, 0.000000, 297.225485, 0.100000, 298.000000, 29.722549, 297.225485, 0.000000, 298.150000, 2.000000, 298.150000, 4.166670, 8.000000, 16.000000, 298.150000, 298.150000, 298.150000, 298.150000, 297.225485, 297.225485, 297.225485, 0.000000, 0.000002, 0.000000, 0.000002, 0.000000, 0.000000, 0.000000, 0.000000, 0.001016, 0.001016, 0.001016, 0.000100, 0.000000, 10.000000, 10.000000, 10.000000, 0.000002, 0.000100, 0.000102, 10.000000, 0.000002, 10.000000, 0.000002, 0.000000, 0.000002, 5000000.000000, 0.001016, 0.000000, 0.001016, 0.000000, 0.000000, 0.000000, 5000000.000000, 9.998984, 0.000100, 10.000000, 0.000100, 0.001016, 0.000100, 0.000000, 0.000010, 100000.000000, 0.500000, 100000.000000, 0.000000, 0.001016, 0.000100, 10.000000, 0.000102, 293.150000, -0.407549, 293.150000, -4.075485, -0.407549, 293.150000, -0.407549, 297.225485, -0.407549, 0.100000, 0.001016, 0.000100, 0.001016, 0.000100, 0.000000, 0.000100, 297.225485, 0.000000, 10.000000, 293.150000, 0.004000, 10.163019, 10.000000, 0.000102, 10.000000, 0.000102, 0.000000, 0.000102, 10.000000, 297.225485, 297.225485, 0.000000, 25.000000, 24.075485, -0.407548, -0.077451, 0.000000, 0.000100
7.88, 0.000000, 0.000000, 0.983776, 0.983780, 0.000000, -0.000004, 297.272624, 297.272624, 297.272624, -0.412262, 0.000000, 9.837751, 297.272624, 0.100000, 298.000000, 29.727262, 297.272624, 1.000000, 298.150000, 2.000000, 298.150000, 4.166670, 8.000000, 16.000000, 298.150000, 298.150000, 298.150000, 298.150000, 297.272624, 297.272624, 297.272624, 0.000000, 0.000002, 0.000000, 0.000002, 0.000000, 0.000002, 0.000000, 0.000002, 9.999990, 9.999990, 9.999990, 0.983776, 0.000002, 10.000000, 10.000000, 10.000000, 0.000002, 0.983778, 0.983780, 10.000000, 0.000002, 10.000000, 0.000002, 0.000000, 0.000002, 5000000.000000, 9.999990, 0.000002, 9.999990, 0.000002, 0.000000, 0.000002, 5000000.000000, 0.000010, 0.983778, 10.000000, 0.983778, 9.999990, 0.983778, 1.000000, 0.000010, 100000.000000, 0.500000, 0.000010, 1.000000, 9.999990, 0.983776, 10.000000, 0.983780, 293.150000, -0.412262, 293.150000, -4.122624, -0.412262, 293.150000, -0.412262, 297.272624, -0.412262, 0.100000, 9.999990, 0.983776, 9.999990, 0.983776, 0.000000, 0.983776, 297.272624, 9.837751, 10.000000, 293.150000, 0.004000, 10.164905, 10.000000, 0.983780, 10.000000, 0.983780, 0.000000, 0.983780, 10.000000, 297.272624, 297.272624, 0.000000, 25.000000, 24.122624, 9.425489, -0.072738, 0.000000, 0.983778
7.9, 0.000000, 0.000000, 0.976631, 0.976635, 0.000000, -0.000004, 299.131848, 299.131848, 299.131848, -0.598185, 0.000000, 9.766298, 299.131848, 0.100000, 298.000000, 29.913185, 299.131848, 1.000000, 298.150000, 2.000000, 298.150000, 4.166670, 8.000000, 16.000000, 298.150000, 298.150000, 298.150000, 298.150000, 299.131848, 299.131848, 299.131848, 0.000000, 0.000002, 0.000000, 0.000002, 0.000000, 0.000002, 0.000000, 0.000002, 9.999990, 9.999990, 9.999990, 0.976631, 0.000002, 10.000000, 10.000000, 10.000000, 0.000002, 0.976633, 0.976635, 10.000000, 0.000002, 10.000000, 0.000002, 0.000000, 0.000002, 5000000.000000, 9.999990, 0.000002, 9.999990, 0.000002, 0.000000, 0.000002, 5000000.000000, 0.000010, 0.976633, 10.000000, 0.976633, 9.999990, 0.976633, 1.000000, 0.000010, 100000.000000, 0.500000, 0.000010, 1.000000, 9.999990, 0.976631, 10.000000, 0.976635, 293.150000, -0.598185, 293.150000, -5.981848, -0.598185, 293.150000, -0.598185, 299.131848, -0.598185, 0.100000, 9.999990, 0.976631, 9.999990, 0.976631, 0.000000, 0.976631, 299.131848, 9.766298, 10.000000, 293.150000, 0.004000, 10.239274, 10.000000, 0.976635, 10.000000, 0.976635, 0.000000, 0.976635, 10.000000, 299.131848, 299.131848, 0.000000, 25.000000, 25.981848, 9.168114, 0.113185, 0.000000, 0.976633
7.92, 0.000000, 0.000000, 0.000100, 0.000102, 0.000000, -0.000002, 299.032546, 299.032546, 299.032546, -0.588255, 0.000000, 0.000000, 299.032546, 0.100000, 298.000000, 29.903255, 299.032546, 0.000000, 298.150000, 2.000000, 298.150000, 4.166670, 8.000000, 16.000000, 298.150000, 298.150000, 298.150000, 298.150000, 299.032546, 299.032546, 299.032546, 0.000000, 0.000002, 0.000000, 0.000002, 0.000000, 0.000000, 0.000000, 0.000000, 0.001023, 0.001023, 0.001023, 0.000100, 0.000000, 10.000000, 10.000000, 10.000000, 0.000002, 0.000100, 0.000102, 10.000000, 0.000002, 10.000000, 0.000002, 0.000000, 0.000002, 5000000.000000, 0.001023, 0.000000, 0.001023, 0.000000, 0.000000, 0.000000, 5000000.000000, 9.998977, 0.000100, 10.000000, 0.000100, 0.001023, 0.000100, 0.000000, 0.000010, 100000.000000, 0.500000, 100000.000000, 0.000000, 0.001023, 0.000100, 10.000000, 0.000102, 293.150000, -0.588255, 293.150000, -5.882546, -0.588255, 293.150000, -0.588255, 299.032546, -0.588255, 0.100000, 0.001023, 0.000100, 0.001023, 0.000100, 0.000000, 0.000100, 299.032546, 0.000000, 10.000000, 293.150000, 0.004000, 10.235302, 10.000000, 0.000102, 10.000000, 0.000102, 0.000000, 0.000102, 10.000000, 299.032546, 299.032546, 0.000000, 25.000000, 25.882546, -0.588255, 0.103255, 0.000000, 0.000100
7.94, 0.000000, 0.000000, 0.000100, 0.000102, 0.000000, -0.000002, 298.916064, 298.916064, 298.916064, -0.576606, 0.000000, 0.000000, 298.916064, 0.100000, 298.000000, 29.891606, 298.916064, 0.000000, 298.150000, 2.000000, 298.150000, 4.166670, 8.000000, 16.000000, 298.150000, 298.150000, 298.150000, 298.150000, 298.916064, 298.916064, 298.916064, 0.000000, 0.000002, 0.000000, 0.000002, 0.000000, 0.000000, 0.000000, 0.000000, 0.001023, 0.001023, 0.001023, 0.000100, 0.000000, 10.000000, 10.000000, 10.000000, 0.000002, 0.000100, 0.000102, 10.000000, 0.000002, 10.000000, 0.000002, 0.000000, 0.000002, 5000000.000000, 0.001023, 0.000000, 0.001023, 0.000000, 0.000000, 0.000000, 5000000.000000, 9.998977, 0.000100, 10.000000, 0.000100, 0.001023, 0.000100, 0.000000, 0.000010, 100000.000000, 0.500000, 100000.000000, 0.000000, 0.001023, 0.000100, 10.000000, 0.000102, 293.150000, -0.576606, 293.150000, -5.766064, -0.576606, 293.150000, -0.576606, 298.916064, -0.576606, 0.100000, 0.001023, 0.000100, 0.001023, 0.000100, 0.000000, 0.000100, 298.916064, 0.000000, 10.000000, 293.150000, 0.004000, 10.230643, 10.000000, 0.000102, 10.000000, 0.000102, 0.000000, 0.000102, 10.000000, 298.916064, 298.916064, 0.000000, 25.000000, 25.766064, -0.576606, 0.091606, 0.000000, 0.000100
7.96, 0.000000, 0.000000, 0.000100, 0.000102, 0.000000, -0.000002, 298.801888, 298.801888, 298.801888, -0.565189, 0.000000, 0.000000, 298.801888, 0.100000, 298.000000, 29.880189, 298.801888, 0.000000, 298.150000, 2.000000, 298.150000, 4.166670, 8.000000, 16.000000, 298.150000, 298.150000, 298.150000, 298.150000, 298.801888, 298.801888, 298.801888, 0.000000, 0.000002, 0.000000, 0.000002, 0.000000, 0.000000, 0.000000, 0.000000, 0.001023, 0.001023, 0.001023, 0.000100, 0.000000, 10.000000, 10.000000, 10.000000, 0.000002, 0.000100, 0.000102, 10.000000, 0.000002, 10.000000, 0.000002, 0.000000, 0.000002, 5000000.000000, 0.001023, 0.000000, 0.001023, 0.000000, 0.000000, 0.000000, 5000000.000000, 9.998977, 0.000100, 10.000000, 0.000100, 0.001023, 0.000100, 0.000000, 0.000010, 100000.000000, 0.500000, 100000.000000, 0.000000, 0.001023, 0.000100, 10.000000, 0.000102, 293.150000, -0.565189, 293.150000, -5.651888, -0.565189, 293.150000, -0.565189, 298.801888, -0.565189, 0.100000, 0.001023, 0.000100, 0.001023, 0.000100, 0.000000, 0.000100, 298.801888, 0.000000, 10.000000, 293.150000, 0.004000, 10.226076, 10.000000, 0.000102, 10.000000, 0.000102, 0.000000, 0.000102, 10.000000, 298.801888, 298.801888, 0.000000, 25.000000, 25.651888, -0.565189, 0.080189, 0.000000, 0.000100
7.98, 0.000000, 0.000000, 0.000100, 0.000102, 0.000000, -0.000002, 298.689973, 298.689973, 298.689973, -0.553997, 0.000000, 0.000000, 298.689973, 0.100000, 298.000000, 29.868997, 298.689973, 0.000000, 298.150000, 2.000000, 298.150000, 4.166670, 8.000000, 16.000000, 298.150000, 298.150000, 298.150000, 298.150000, 298.689973, 298.689973, 298.689973, 0.000000, 0.000002, 0.000000, 0.000002, 0.000000, 0.000000, 0.000000, 0.000000, 0.001022, 0.001022, 0.001022, 0.000100, 0.000000, 10.000000, 10.000000, 10.000000, 0.000002, 0.000100, 0.000102, 10.000000, 0.000002, 10.000000, 0.000002, 0.000000, 0.000002, 5000000.000000, 0.001022, 0.000000, 0.001022, 0.000000, 0.000000, 0.000000, 5000000.000000, 9.998978, 0.000100, 10.000000, 0.000100, 0.001022, 0.000100, 0.000000, 0.000010, 100000.000000, 0.500000, 100000.000000, 0.000000, 0.001022, 0.000100, 10.000000, 0.000102, 293.150000, -0.553997, 293.150000, -5.539973, -0.553997, 293.150000, -0.553997, 298.689973, -0.553997, 0.100000, 0.001022, 0.000100, 0.001022, 0.000100, 0.000000, 0.000100, 298.689973, 0.000000, 10.000000, 293.150000, 0.004000, 10.221599, 10.000000, 0.000102, 10.000000, 0.000102, 0.000000, 0.000102, 10.000000, 298.689973, 298.689973, 0.000000, 25.000000, 25.539973, -0.553997, 0.068997, 0.000000, 0.000100
8, 0.000000, 0.000000, 0.000100, 0.000102, 0.000000, -0.000002, 298.580275, 298.580275, 298.580275, -0.543027, 0.000000, 0.000000, 298.580275, 0.100000, 298.000000, 29.858027, 298.580275, 0.000000, 298.150000, 2.000000, 298.150000, 4.166670, 8.000000, 16.000000, 298.150000, 298.150000, 298.150000, 298.150000, 298.580275, 298.580275, 298.580275, 0.000000, 0.000002, 0.000000, 0.000002, 0.000000, 0.000000, 0.000000, 0.000000, 0.001022, 0.001022, 0.001022, 0.000100, 0.000000, 10.000000, 10.000000, 10.000000, 0.000002, 0.000100, 0.000102, 10.000000, 0.000002, 10.000000, 0.000002, 0.000000, 0.000002, 5000000.000000, 0.001022, 0.000000, 0.001022, 0.000000, 0.000000, 0.000000, 5000000.000000, 9.998978, 0.000100, 10.000000, 0.000100, 0.001022, 0.000100, 0.000000, 0.000010, 100000.000000, 0.500000, 100000.000000, 0.000000, 0.001022, 0.000100, 10.000000, 0.000102, 293.150000, -0.543027, 293.150000, -5.430275, -0.543027, 293.150000, -0.543027, 298.580275, -0.543027, 0.100000, 0.001022, 0.000100, 0.001022, 0.000100, 0.000000, 0.000100, 298.580275, 0.000000, 10.000000, 293.150000, 0.004000, 10.217211, 10.000000, 0.000102, 10.000000, 0.000102, 0.000000, 0.000102, 10.000000, 298.580275, 298.580275, 0.000000, 25.000000, 25.430275, -0.543027, 0.058027, 0.000000, 0.000100
8.02, 0.000000, 0.000000, 0.000100, 0.000102, 0.000000, -0.000002, 298.472748, 298.472748, 298.472748, -0.532275, 0.000000, 0.000000, 298.472748, 0.100000, 298.000000, 29.847275, 298.472748, 0.000000, 298.233333, 2.000000, 298.233333, 4.166670, 8.000000, 16.000000, 298.150000, 298.233333, 298.233333, 298.233333, 298.472748, 298.472748, 298.472748, 0.000000, 0.000002, 0.000000, 0.000002, 0.000000, 0.000000, 0.000000, 0.000000, 0.001021, 0.001021, 0.001021, 0.000100, 0.000000, 10.000000, 10.000000, 10.000000, 0.000002, 0.000100, 0.000102, 10.000000, 0.000002, 10.000000, 0.000002, 0.000000, 0.000002, 5000000.000000, 0.001021, 0.000000, 0.001021, 0.000000, 0.000000, 0.000000, 5000000.000000, 9.998979, 0.000100, 10.000000, 0.000100, 0.001021, 0.000100, 0.000000, 0.000010, 100000.000000, 0.500000, 100000.000000, 0.000000, 0.001021, 0.000100, 10.000000, 0.000102, 293.150000, -0.532275, 293.150000, -5.322748, -0.532275, 293.150000, -0.532275, 298.472748, -0.532275, 0.100000, 0.001021, 0.000100, 0.001021, 0.000100, 0.000000, 0.000100, 298.472748, 0.000000, 10.000000, 293.150000, 0.004000, 10.212910, 10.000000, 0.000102, 10.000000, 0.000102, 0.000000, 0.000102, 10.000000, 298.472748, 298.472748, 0.000000, 25.083333, 25.322748, -0.532275, 0.047275, 0.000000, 0.000100
8.04, 0.000000, 0.000000, 0.000100, 0.000102, 0.000000, -0.000002, 298.367351, 298.367351, 298.367351, -0.521735, 0.000000, 0.000000, 298.367351, 0.100000, 298.000000, 29.836735, 298.367351, 0.000000, 298.316667, 2.000000, 298.316667, 4.166670, 8.000000, 16.000000, 298.150000, 298.316667, 298.316667, 298.316667, 298.367351, 298.367351, 298.367351, 0.000000, 0.000002, 0.000000, 0.000002, 0.000000, 0.000000, 0.000000, 0.000000, 0.001021, 0.001021, 0.001021, 0.000100, 0.000000, 10.000000, 10.000000, 10.000000, 0.000002, 0.000100, 0.000102, 10.000000, 0.000002, 10.000000, 0.000002, 0.000000, 0.000002, 5000000.000000, 0.001021, 0.000000, 0.001021, 0.000000, 0.000000, 0.000000, 5000000.000000, 9.998979, 0.000100, 10.000000, 0.000100, 0.001021, 0.000100, 0.000000, 0.000010, 100000.000000, 0.500000, 100000.000000, 0.000000, 0.001021, 0.000100, 10.000000, 0.000102, 293.150000, -0.521735, 293.150000, -5.217351, -0.521735, 293.150000, -0.521735, 298.367351, -0.521735, 0.100000, 0.001021, 0.000100, 0.001021, 0.000100, 0.000000, 0.000100, 298.367351, 0.000000, 10.000000, 293.150000, 0.004000, 10.208694, 10.000000, 0.000102, 10.000000, 0.000102, 0.000000, 0.000102, 10.000000, 298.367351, 298.367351, 0.000000, 25.166667, 25.217351, -0.521735, 0.036735, 0.000000, 0.000100
8.06, 0.000000, 0.000000, 0.000100, 0.000102, 0.000000, -0.000002, 298.264040, 298.264040, 298.264040, -0.511404, 0.000000, 0.000000, 298.264040, 0.100000, 298.000000, 29.826404, 298.264040, 0.000000, 298.400000, 2.000000, 298.400000, 4.166670, 8.000000, 16.000000, 298.150000, 298.400000, 298.400000, 298.400000, 298.264040, 298.264040, 298.264040, 0.000000, 0.000002, 0.000000, 0.000002, 0.000000, 0.000000, 0.000000, 0.000000, 0.001020, 0.001020, 0.001020, 0.000100, 0.000000, 10.000000, 10.000000, 10.000000, 0.000002, 0.000100, 0.000102, 10.000000, 0.000002, 10.000000, 0.000002, 0.000000, 0.000002, 5000000.000000, 0.001020, 0.000000, 0.001020, 0.000000, 0.000000, 0.000000, 5000000.000000, 9.998980, 0.000100, 10.000000, 0.000100, 0.001020, 0.000100, 0.000000, 0.000010, 100000.000000, 0.500000, 100000.000000, 0.000000, 0.001020, 0.000100, 10.000000, 0.000102, 293.150000, -0.511404, 293.150000, -5.114040, -0.511404, 293.150000, -0.511404, 298.264040, -0.511404, 0.100000, 0.001020, 0.000100, 0.001020, 0.000100, 0.000000, 0.000100, 298.264040, 0.000000, 10.000000, 293.150000, 0.004000, 10.204562, 10.000000, 0.000102, 10.000000, 0.000102, 0.000000, 0.000102, 10.000000, 298.264040, 298.264040, 0.000000, 25.250000, 25.114040, -0.511404, 0.026404, 0.000000, 0.000100
8.08, 0.000000, 0.000000, 0.000100, 0.000102, 0.000000, -0.000002, 298.162775, 298.162775, 298.162775, -0.501278, 0.000000, 0.000000, 298.162775, 0.100000, 298.000000, 29.816278, 298.162775, 0.000000, 298.483334, 2.000000, 298.483334, 4.166670, 8.000000, 16.000000, 298.150000, 298.483334, 298.483334, 298.483334, 298.162775, 298.162775, 298.162775, 0.000000, 0.000002, 0.000000, 0.000002, 0.000000, 0.000000, 0.000000, 0.000000, 0.001020, 0.001020, 0.001020, 0.000100, 0.000000, 10.000000, 10.000000, 10.000000, 0.000002, 0.000100, 0.000102, 10.000000, 0.000002, 10.000000, 0.000002, 0.000000, 0.000002, 5000000.000000, 0.001020, 0.000000, 0.001020, 0.000000, 0.000000, 0.000000, 5000000.000000, 9.998980, 0.000100, 10.000000, 0.000100, 0.001020, 0.000100, 0.000000, 0.000010, 100000.000000, 0.500000, 100000.000000, 0.000000, 0.001020, 0.000100, 10.000000, 0.000102, 293.150000, -0.501278, 293.150000, -5.012775, -0.501278, 293.150000, -0.501278, 298.162775, -0.501278, 0.100000, 0.001020, 0.000100, 0.001020, 0.000100, 0.000000, 0.000100, 298.162775, 0.000000, 10.000000, 293.150000, 0.004000, 10.200511, 10.000000, 0.000102, 10.000000, 0.000102, 0.000000, 0.000102, 10.000000, 298.162775, 298.162775, 0.000000, 25.333334, 25.012775, -0.501277, 0.016278, 0.000000, 0.000100
8.1, 0.000000, 0.000000, 0.000100, 0.000102, 0.000000, -0.000002, 298.063516, 298.063516, 298.063516, -0.491352, 0.000000, 0.000000, 298.063516, 0.100000, 298.000000, 29.806352, 298.063516, 0.000000, 298.566667, 2.000000, 298.566667, 4.166670, 8.000000, 16.000000, 298.150000, 298.566667, 298.566667, 298.566667, 298.063516, 298.063516, 298.063516, 0.000000, 0.000002, 0.000000, 0.000002, 0.000000, 0.000000, 0.000000, 0.000000, 0.001020, 0.001020, 0.001020, 0.000100, 0.000000, 10.000000, 10.000000, 10.000000, 0.000002, 0.000100, 0.000102, 10.000000, 0.000002, 10.000000, 0.000002, 0.000000, 0.000002, 5000000.000000, 0.001020, 0.000000, 0.001020, 0.000000, 0.000000, 0.000000, 5000000.000000, 9.998980, 0.000100, 10.000000, 0.000100, 0.001020, 0.000100, 0.000000, 0.000010, 100000.000000, 0.500000, 100000.000000, 0.000000, 0.001020, 0.000100, 10.000000, 0.000102, 293.150000, -0.491352, 293.150000, -4.913516, -0.491352, 293.150000, -0.491352, 298.063516, -0.491352, 0.100000, 0.001020, 0.000100, 0.001020, 0.000100, 0.000000, 0.000100, 298.063516, 0.000000, 10.000000, 293.150000, 0.004000, 10.196541, 10.000000, 0.000102, 10.000000, 0.000102, 0.000000, 0.000102, 10.000000, 298.063516, 298.063516, 0.000000, 25.416667, 24.913516, -0.491351, 0.006352, 0.000000, 0.000100
8.12, 0.000000, 0.000000, 0.000100, 0.000102, 0.000000, -0.000002, 297.966222, 297.966222, 297.966222, -0.481622, 0.000000, 0.000000, 297.966222, 0.100000, 298.000000, 29.796622, 297.966222, 0.000000, 298.650000, 2.000000, 298.650000, 4.166670, 8.000000, 16.000000, 298.150000, 298.650000, 298.650000, 298.650000, 297.966222, 297.966222, 297.966222, 0.000000, 0.000002, 0.000000, 0.000002, 0.000000, 0.000000, 0.000000, 0.000000, 0.001019, 0.001019, 0.001019, 0.000100, 0.000000, 10.000000, 10.000000, 10.000000, 0.000002, 0.000100, 0.000102, 10.000000, 0.000002, 10.000000, 0.000002, 0.000000, 0.000002, 5000000.000000, 0.001019, 0.000000, 0.001019, 0.000000, 0.000000, 0.000000, 5000000.000000, 9.998981, 0.000100, 10.000000, 0.000100, 0.001019, 0.000100, 0.000000, 0.000010, 100000.000000, 0.500000, 100000.000000, 0.000000, 0.001019, 0.000100, 10.000000, 0.000102, 293.150000, -0.481622, 293.150000, -4.816222, -0.481622, 293.150000, -0.481622, 297.966222, -0.481622, 0.100000, 0.001019, 0.000100, 0.001019, 0.000100, 0.000000, 0.000100, 297.966222, 0.000000, 10.000000, 293.150000, 0.004000, 10.192649, 10.000000, 0.000102, 10.000000, 0.000102, 0.000000, 0.000102, 10.000000, 297.966222, 297.966222, 0.000000, 25.500000, 24.816222, -0.481622, -0.003378, 0.000000, 0.000100
8.14, 0.000000, 0.000000, 0.000100, 0.000102, 0.000000, -0.000002, 297.870854, 297.870854, 297.870854, -0.472085, 0.000000, 0.000000, 297.870854, 0.100000, 298.000000, 29.787085, 297.870854, 0.000000, 298.733334, 2.000000, 298.733334, 4.166670, 8.000000, 16.000000, 298.150000, 298.733334, 298.733334, 298.733334, 297.870854, 297.870854, 297.870854, 0.000000, 0.000002, 0.000000, 0.000002, 0.000000, 0.000000, 0.000000, 0.000000, 0.001019, 0.001019, 0.001019, 0.000100, 0.000000, 10.000000, 10.000000, 10.000000, 0.000002, 0.000100, 0.000102, 10.000000, 0.000002, 10.000000, 0.000002, 0.000000, 0.000002, 5000000.000000, 0.001019, 0.000000, 0.001019, 0.000000, 0.000000, 0.000000, 5000000.000000, 9.998981, 0.000100, 10.000000, 0.000100, 0.001019, 0.000100, 0.000000, 0.000010, 100000.000000, 0.500000, 100000.000000, 0.000000, 0.001019, 0.000100, 10.000000, 0.000102, 293.150000, -0.472085, 293.150000, -4.720854, -0.472085, 293.150000, -0.472085, 297.870854, -0.472085, 0.100000, 0.001019, 0.000100, 0.001019, 0.000100, 0.000000, 0.000100, 297.870854, 0.000000, 10.000000, 293.150000, 0.004000, 10.188834, 10.000000, 0.000102, 10.000000, 0.000102, 0.000000, 0.000102, 10.000000, 297.870854, 297.870854, 0.000000, 25.583334, 24.720854, -0.472085, -0.012915, 0.000000, 0.000100
8.16, 0.000000, 0.000000, 0.980168, 0.980172, 0.000000, -0.000004, 298.208047, 298.208047, 298.208047, -0.505805, 0.000000, 9.801671, 298.208047, 0.100000, 298.000000, 29.820805, 298.208047, 1.000000, 298.816667, 2.000000, 298.816667, 4.166670, 8.000000, 16.000000, 298.150000, 298.816667, 298.816667, 298.816667, 298.208047, 298.208047, 298.208047, 0.000000, 0.000002, 0.000000, 0.000002, 0.000000, 0.000002, 0.000000, 0.000002, 9.999990, 9.999990, 9.999990, 0.980168, 0.000002, 10.000000, 10.000000, 10.000000, 0.000002, 0.980170, 0.980172, 10.000000, 0.000002, 10.000000, 0.000002, 0.000000, 0.000002, 5000000.000000, 9.999990, 0.000002, 9.999990, 0.000002, 0.000000, 0.000002, 5000000.000000, 0.000010, 0.980170, 10.000000, 0.980170, 9.999990, 0.980170, 1.000000, 0.000010, 100000.000000, 0.500000, 0.000010, 1.000000, 9.999990, 0.980168, 10.000000, 0.980172, 293.150000, -0.505805, 293.150000, -5.058047, -0.505805, 293.150000, -0.505805, 298.208047, -0.505805, 0.100000, 9.999990, 0.980168, 9.999990, 0.980168, 0.000000, 0.980168, 298.208047, 9.801671, 10.000000, 293.150000, 0.004000, 10.202322, 10.000000, 0.980172, 10.000000, 0.980172, 0.000000, 0.980172, 10.000000, 298.208047, 298.208047, 0.000000, 25.666667, 25.058047, 9.295866, 0.020805, 0.000000, 0.980170
8.18, 0.000000, 0.000000, 0.000100, 0.000102, 0.000000, -0.000002, 299.886127, 299.886127, 299.886127, -0.673613, 0.000000, 0.000000, 299.886127, 0.100000, 298.000000, 29.988613, 299.886127, 0.000000, 298.900001, 2.000000, 298.900001, 4.166670, 8.000000, 16.000000, 298.150000, 298.900001, 298.900001, 298.900001, 299.886127, 299.886127, 299.886127, 0.000000, 0.000002, 0.000000, 0.000002, 0.000000, 0.000000, 0.000000, 0.000000, 0.001027, 0.001027, 0.001027, 0.000100, 0.000000, 10.000000, 10.000000, 10.000000, 0.000002, 0.000100, 0.000102, 10.000000, 0.000002, 10.000000, 0.000002, 0.000000, 0.000002, 5000000.000000, 0.001027, 0.000000, 0.001027, 0.000000, 0.000000, 0.000000, 5000000.000000, 9.998973, 0.000100, 10.000000, 0.000100, 0.001027, 0.000100, 0.000000, 0.000010, 100000.000000, 0.500000, 100000.000000, 0.000000, 0.001027, 0.000100, 10.000000, 0.000102, 293.150000, -0.673613, 293.150000, -6.736127, -0.673613, 293.150000, -0.673613, 299.886127, -0.673613, 0.100000, 0.001027, 0.000100, 0.001027, 0.000100, 0.000000, 0.000100, 299.886127, 0.000000, 10.000000, 293.150000, 0.004000, 10.269445, 10.000000, 0.000102, 10.000000, 0.000102, 0.000000, 0.000102, 10.000000, 299.886127, 299.886127, 0.000000, 25.750001, 26.736127, -0.673613, 0.188613, 0.000000, 0.000100
8.2, 0.000000, 0.000000, 0.000100, 0.000102, 0.000000, -0.000002, 299.752742, 299.752742, 299.752742, -0.660274, 0.000000, 0.000000, 299.752742, 0.100000, 298.000000, 29.975274, 299.752742, 0.000000, 298.983334, 2.000000, 298.983334, 4.166670, 8.000000, 16.000000, 298.150000, 298.983334, 298.983334, 298.983334, 299.752742, 299.752742, 299.752742, 0.000000, 0.000002, 0.000000, 0.000002, 0.000000, 0.000000, 0.000000, 0.000000, 0.001026, 0.001026, 0.001026, 0.000100, 0.000000, 10.000000, 10.000000, 10.000000, 0.000002, 0.000100, 0.000102, 10.000000, 0.000002, 10.000000, 0.000002, 0.000000, 0.000002, 5000000.000000, 0.001026, 0.000000, 0.001026, 0.000000, 0.000000, 0.000000, 5000000.000000, 9.998974, 0.000100, 10.000000, 0.000100, 0.001026, 0.000100, 0.000000, 0.000010, 100000.000000, 0.500000, 100000.000000, 0.000000, 0.001026, 0.000100, 10.000000, 0.000102, 293.150000, -0.660274, 293.150000, -6.602742, -0.660274, 293.150000, -0.660274, 299.752742, -0.660274, 0.100000, 0.001026, 0.000100, 0.001026, 0.000100, 0.000000, 0.000100, 299.752742, 0.000000, 10.000000, 293.150000, 0.004000, 10.264110, 10.000000, 0.000102, 10.000000, 0.000102, 0.000000, 0.000102, 10.000000, 299.752742, 299.752742, 0.000000, 25.833334, 26.602742, -0.660274, 0.175274, 0.000000, 0.000100
8.22, 0.000000, 0.000000, 0.000100, 0.000102, 0.000000, -0.000002, 299.621999, 299.621999, 299.621999, -0.647200, 0.000000, 0.000000, 299.621999, 0.100000, 298.000000, 29.962200, 299.621999, 0.000000, 299.066667, 2.000000, 299.066667, 4.166670, 8.000000, 16.000000, 298.150000, 299.066667, 299.066667, 299.066667, 299.621999, 299.621999, 299.621999, 0.000000, 0.000002, 0.000000, 0.000002, 0.000000, 0.000000, 0.000000, 0.000000, 0.001026, 0.001026, 0.001026, 0.000100, 0.000000, 10.000000, 10.000000, 10.000000, 0.000002, 0.000100, 0.000102, 10.000000, 0.000002, 10.000000, 0.000002, 0.000000, 0.000002, 5000000.000000, 0.001026, 0.000000, 0.001026, 0.000000, 0.000000, 0.000000, 5000000.000000, 9.998974, 0.000100, 10.000000, 0.000100, 0.001026, 0.000100, 0.000000, 0.000010, 100000.000000, 0.500000, 100000.000000, 0.000000, 0.001026, 0.000100, 10.000000, 0.000102, 293.150000, -0.647200, 293.150000, -6.471999, -0.647200, 293.150000, -0.647200, 299.621999, -0.647200, 0.100000, 0.001026, 0.000100, 0.001026, 0.000100, 0.000000, 0.000100, 299.621999, 0.000000, 10.000000, 293.150000, 0.004000, 10.258880, 10.000000, 0.000102, 10.000000, 0.000102, 0.000000, 0.000102, 10.000000, 299.621999, 299.621999, 0.000000, 25.916667, 26.471999, -0.647200, 0.162200, 0.000000, 0.000100
8.24, 0.000000, 0.000000, 0.000100, 0.000102, 0.000000, -0.000002, 299.493845, 299.493845, 299.493845, -0.634385, 0.000000, 0.000000, 299.493845, 0.100000, 298.000000, 29.949385, 299.493845, 0.000000, 299.150001, 2.000000, 299.150001, 4.166670, 8.000000, 16.000000, 298.150000, 299.150001, 299.150001, 299.150001, 299.493845, 299.493845, 299.493845, 0.000000, 0.000002, 0.000000, 0.000002, 0.000000, 0.000000, 0.000000, 0.000000, 0.001025, 0.001025, 0.001025, 0.000100, 0.000000, 10.000000, 10.000000, 10.000000, 0.000002, 0.000100, 0.000102, 10.000000, 0.000002, 10.000000, 0.000002, 0.000000, 0.000002, 5000000.000000, 0.001025, 0.000000, 0.001025, 0.000000, 0.000000, 0.000000, 5000000.000000, 9.998975, 0.000100, 10.000000, 0.000100, 0.001025, 0.000100, 0.000000, 0.000010, 100000.000000, 0.500000, 100000.000000, 0.000000, 0.001025, 0.000100, 10.000000, 0.000102, 293.150000, -0.634385, 293.150000, -6.343845, -0.634385, 293.150000, -0.634385, 299.493845, -0.634385, 0.100000, 0.001025, 0.000100, 0.001025, 0.000100, 0.000000, 0.000100, 299.493845, 0.000000, 10.000000, 293.150000, 0.004000, 10.253754, 10.000000, 0.000102, 10.000000, 0.000102, 0.000000, 0.000102, 10.000000, 299.493845, 299.493845, 0.000000, 26.000001, 26.343845, -0.634384, 0.149385, 0.000000, 0.000100
8.26, 0.000000, 0.000000, 0.000100, 0.000102, 0.000000, -0.000002, 299.368229, 299.368229, 299.368229, -0.621823, 0.000000, 0.000000, 299.368229, 0.100000, 298.000000, 29.936823, 299.368229, 0.000000, 299.233334, 2.000000, 299.233334, 4.166670, 8.000000, 16.000000, 298.150000, 299.233334, 299.233334, 299.233334, 299.368229, 299.368229, 299.368229, 0.000000, 0.000002, 0.000000, 0.000002, 0.000000, 0.000000, 0.000000, 0.000000, 0.001025, 0.001025, 0.001025, 0.000100, 0.000000, 10.000000, 10.000000, 10.000000, 0.000002, 0.000100, 0.000102, 10.000000, 0.000002, 10.000000, 0.000002, 0.000000, 0.000002, 5000000.000000, 0.001025, 0.000000, 0.001025, 0.000000, 0.000000, 0.000000, 5000000.000000, 9.998975, 0.000100, 10.000000, 0.000100, 0.001025, 0.000100, 0.000000, 0.000010, 100000.000000, 0.500000, 100000.000000, 0.000000, 0.001025, 0.000100, 10.000000, 0.000102, 293.150000, -0.621823, 293.150000, -6.218229, -0.621823, 293.150000, -0.621823, 299.368229, -0.621823, 0.100000, 0.001025, 0.000100, 0.001025, 0.000100, 0.000000, 0.000100, 299.368229, 0.000000, 10.000000, 293.150000, 0.004000, 10.248729, 10.000000, 0.000102, 10.000000, 0.000102, 0.000000, 0.000102, 10.000000, 299.368229, 299.368229, 0.000000, 26.083334, 26.218229, -0.621823, 0.136823, 0.000000, 0.000100
8.28, 0.000000, 0.000000, 0.000100, 0.000102, 0.000000, -0.000002, 299.245100, 299.245100, 299.245100, -0.609510, 0.000000, 0.000000, 299.245100, 0.100000, 298.000000, 29.924510, 299.245100, 0.000000, 299.316668, 2.000000, 299.316668, 4.166670, 8.000000, 16.000000, 298.150000, 299.316668, 299.316668, 299.316668, 299.245100, 299.245100, 299.245100, 0.000000, 0.000002, 0.000000, 0.000002, 0.000000, 0.000000, 0.000000, 0.000000, 0.001024, 0.001024, 0.001024, 0.000100, 0.000000, 10.000000, 10.000000, 10.000000, 0.000002, 0.000100, 0.000102, 10.000000, 0.000002, 10.000000, 0.000002, 0.000000, 0.000002, 5000000.000000, 0.001024, 0.000000, 0.001024, 0.000000, 0.000000, 0.000000, 5000000.000000, 9.998976, 0.000100, 10.000000, 0.000100, 0.001024, 0.000100, 0.000000, 0.000010, 100000.000000, 0.500000, 100000.000000, 0.000000, 0.001024, 0.000100, 10.000000, 0.000102, 293.150000, -0.609510, 293.150000, -6.095100, -0.609510, 293.150000, -0.609510, 299.245100, -0.609510, 0.100000, 0.001024, 0.000100, 0.001024, 0.000100, 0.000000, 0.000100, 299.245100, 0.000000, 10.000000, 293.150000, 0.004000, 10.243804, 10.000000, 0.000102, 10.000000, 0.000102, 0.000000, 0.000102, 10.000000, 299.245100, 299.245100, 0.000000, 26.166668, 26.095100, -0.609510, 0.124510, 0.000000, 0.000100
8.3, 0.000000, 0.000000, 0.000100, 0.000102, 0.000000, -0.000002, 299.124409, 299.124409, 299.124409, -0.597441, 0.000000, 0.000000, 299.124409, 0.100000, 298.000000, 29.912441, 299.124409, 0.000000, 299.400001, 2.000000, 299.400001, 4.166670, 8.000000, 16.000000, 298.150000, 299.400001, 299.400001, 299.400001, 299.124409, 299.124409, 299.124409, 0.000000, 0.000002, 0.000000, 0.000002, 0.000000, 0.000000, 0.000000, 0.000000, 0.001024, 0.001024, 0.001024, 0.000100, 0.000000, 10.000000, 10.000000, 10.000000, 0.000002, 0.000100, 0.000102, 10.000000, 0.000002, 10.000000, 0.000002, 0.000000, 0.000002, 5000000.000000, 0.001024, 0.000000, 0.001024, 0.000000, 0.000000, 0.000000, 5000000.000000, 9.998976, 0.000100, 10.000000, 0.000100, 0.001024, 0.000100, 0.000000, 0.000010, 100000.000000, 0.500000, 100000.000000, 0.000000, 0.001024, 0.000100, 10.000000, 0.000102, 293.150000, -0.597441, 293.150000, -5.974409, -0.597441, 293.150000, -0.597441, 299.124409, -0.597441, 0.100000, 0.001024, 0.000100, 0.001024, 0.000100, 0.000000, 0.000100, 299.124409, 0.000000, 10.000000, 293.150000, 0.004000, 10.238976, 10.000000, 0.000102, 10.000000, 0.000102, 0.000000, 0.000102, 10.000000, 299.124409, 299.124409, 0.000000, 26.250001, 25.974409, -0.597441, 0.112441, 0.000000, 0.000100
8.32, 0.000000, 0.000000, 0.000100, 0.000102, 0.000000, -0.000002, 299.006107, 299.006107, 299.006107, -0.585611, 0.000000, 0.000000, 299.006107, 0.100000, 298.000000, 29.900611, 299.006107, 0.000000, 299.483334, 2.000000, 299.483334, 4.166670, 8.000000, 16.000000, 298.150000, 299.483334, 299.483334, 299.483334, 299.006107, 299.006107, 299.006107, 0.000000, 0.000002, 0.000000, 0.000002, 0.000000, 0.000000, 0.000000, 0.000000, 0.001023, 0.001023, 0.001023, 0.000100, 0.000000, 10.000000, 10.000000, 10.000000, 0.000002, 0.000100, 0.000102, 10.000000, 0.000002, 10.000000, 0.000002, 0.000000, 0.000002, 5000000.000000, 0.001023, 0.000000, 0.001023, 0.000000, 0.000000, 0.000000, 5000000.000000, 9.998977, 0.000100, 10.000000, 0.000100, 0.001023, 0.000100, 0.000000, 0.000010, 100000.000000, 0.500000, 100000.000000, 0.000000, 0.001023, 0.000100, 10.000000, 0.000102, 293.150000, -0.585611, 293.150000, -5.856107, -0.585611, 293.150000, -0.585611, 299.006107, -0.585611, 0.100000, 0.001023, 0.000100, 0.001023, 0.000100, 0.000000, 0.000100, 299.006107, 0.000000, 10.000000, 293.150000, 0.004000, 10.234244, 10.000000, 0.000102, 10.000000, 0.000102, 0.000000, 0.000102, 10.000000, 299.006107, 299.006107, 0.000000, 26.333334, 25.856107, -0.585611, 0.100611, 0.000000, 0.000100
8.34, 0.000000, 0.000000, 0.000100, 0.000102, 0.000000, -0.000002, 298.890149, 298.890149, 298.890149, -0.574015, 0.000000, 0.000000, 298.890149, 0.100000, 298.000000, 29.889015, 298.890149, 0.000000, 299.566668, 2.000000, 299.566668, 4.166670, 8.000000, 16.000000, 298.150000, 299.566668, 299.566668, 299.566668, 298.890149, 298.890149, 298.890149, 0.000000, 0.000002, 0.000000, 0.000002, 0.000000, 0.000000, 0.000000, 0.000000, 0.001023, 0.001023, 0.001023, 0.000100, 0.000000, 10.000000, 10.000000, 10.000000, 0.000002, 0.000100, 0.000102, 10.000000, 0.000002, 10.000000, 0.000002, 0.000000, 0.000002, 5000000.000000, 0.001023, 0.000000, 0.001023, 0.000000, 0.000000, 0.000000, 5000000.000000, 9.998977, 0.000100, 10.000000, 0.000100, 0.001023, 0.000100, 0.000000, 0.000010, 100000.000000, 0.500000, 100000.000000, 0.000000, 0.001023, 0.000100, 10.000000, 0.000102, 293.150000, -0.574015, 293.150000, -5.740149, -0.574015, 293.150000, -0.574015, 298.890149, -0.574015, 0.100000, 0.001023, 0.000100, 0.001023, 0.000100, 0.000000, 0.000100, 298.890149, 0.000000, 10.000000, 293.150000, 0.004000, 10.229606, 10.000000, 0.000102, 10.000000, 0.000102, 0.000000, 0.000102, 10.000000, 298.890149, 298.890149, 0.000000, 26.416668, 25.740149, -0.574015, 0.089015, 0.000000, 0.000100
8.36, 0.000000, 0.000000, 0.000100, 0.000102, 0.000000, -0.000002, 298.776486, 298.776486, 298.776486, -0.562649, 0.000000, 0.000000, 298.776486, 0.100000, 298.000000, 29.877649, 298.776486, 0.000000, 299.650001, 2.000000, 299.650001, 4.166670, 8.000000, 16.000000, 298.150000, 299.650001, 299.650001, 299.650001, 298.776486, 298.776486, 298.776486, 0.000000, 0.000002, 0.000000, 0.000002, 0.000000, 0.000000, 0.000000, 0.000000, 0.001022, 0.001022, 0.001022, 0.000100, 0.000000, 10.000000, 10.000000, 10.000000, 0.000002, 0.000100, 0.000102, 10.000000, 0.000002, 10.000000, 0.000002, 0.000000, 0.000002, 5000000.000000, 0.001022, 0.000000, 0.001022, 0.000000, 0.000000, 0.000000, 5000000.000000, 9.998978, 0.000100, 10.000000, 0.000100, 0.001022, 0.000100, 0.000000, 0.000010, 100000.000000, 0.500000, 100000.000000, 0.000000, 0.001022, 0.000100, 10.000000, 0.000102, 293.150000, -0.562649, 293.150000, -5.626486, -0.562649, 293.150000, -0.562649, 298.776486, -0.562649, 0.100000, 0.001022, 0.000100, 0.001022, 0.000100, 0.000000, 0.000100, 298.776486, 0.000000, 10.000000, 293.150000, 0.004000, 10.225059, 10.000000, 0.000102, 10.000000, 0.000102, 0.000000, 0.000102, 10.000000, 298.776486, 298.776486, 0.000000, 26.500001, 25.626486, -0.562649, 0.077649, 0.000000, 0.000100
8.38, 0.000000, 0.000000, 0.975812, 0.975816, 0.000000, -0.000004, 299.346610, 299.346610, 299.346610, -0.619661, 0.000000, 9.758112, 299.346610, 0.100000, 298.000000, 29.934661, 299.346610, 1.000000, 299.733335, 2.000000, 299.733335, 4.166670, 8.000000, 16.000000, 298.150000, 299.733335, 299.733335, 299.733335, 299.346610, 299.346610, 299.346610, 0.000000, 0.000002, 0.000000, 0.000002, 0.000000, 0.000002, 0.000000, 0.000002, 9.999990, 9.999990, 9.999990, 0.975812, 0.000002, 10.000000, 10.000000, 10.000000, 0.000002, 0.975814, 0.975816, 10.000000, 0.000002, 10.000000, 0.000002, 0.000000, 0.000002, 5000000.000000, 9.999990, 0.000002, 9.999990, 0.000002, 0.000000, 0.000002, 5000000.000000, 0.000010, 0.975814, 10.000000, 0.975814, 9.999990, 0.975814, 1.000000, 0.000010, 100000.000000, 0.500000, 0.000010, 1.000000, 9.999990, 0.975812, 10.000000, 0.975816, 293.150000, -0.619661, 293.150000, -6.196610, -0.619661, 293.150000, -0.619661, 299.346610, -0.619661, 0.100000, 9.999990, 0.975812, 9.999990, 0.975812, 0.000000, 0.975812, 299.346610, 9.758112, 10.000000, 293.150000, 0.004000, 10.247864, 10.000000, 0.975816, 10.000000, 0.975816, 0.000000, 0.975816, 10.000000, 299.346610, 299.346610, 0.000000, 26.583335, 26.196610, 9.138451, 0.134661, 0.000000, 0.975814
8.4, 0.000000, 0.000000, 0.000100, 0.000102, 0.000000, -0.000002, 300.771899, 300.771899, 300.771899, -0.762190, 0.000000, 0.000000, 300.771899, 0.100000, 298.000000, 30.077190, 300.771899, 0.000000, 299.816668, 2.000000, 299.816668, 4.166670, 8.000000, 16.000000, 298.150000, 299.816668, 299.816668, 299.816668, 300.771899, 300.771899, 300.771899, 0.000000, 0.000002, 0.000000, 0.000002, 0.000000, 0.000000, 0.000000, 0.000000, 0.001030, 0.001030, 0.001030, 0.000100, 0.000000, 10.000000, 10.000000, 10.000000, 0.000002, 0.000100, 0.000102, 10.000000, 0.000002, 10.000000, 0.000002, 0.000000, 0.000002, 5000000.000000, 0.001030, 0.000000, 0.001030, 0.000000, 0.000000, 0.000000, 5000000.000000, 9.998970, 0.000100, 10.000000, 0.000100, 0.001030, 0.000100, 0.000000, 0.000010, 100000.000000, 0.500000, 100000.000000, 0.000000, 0.001030, 0.000100, 10.000000, 0.000102, 293.150000, -0.762190, 293.150000, -7.621899, -0.762190, 293.150000, -0.762190, 300.771899, -0.762190, 0.100000, 0.001030, 0.000100, 0.001030, 0.000100, 0.000000, 0.000100, 300.771899, 0.000000, 10.000000, 293.150000, 0.004000, 10.304876, 10.000000, 0.000102, 10.000000, 0.000102, 0.000000, 0.000102, 10.000000, 300.771899, 300.771899, 0.000000, 26.666668, 27.621899, -0.762190, 0.277190, 0.000000, 0.000100
8.42, 0.000000, 0.000000, 0.000100, 0.000102, 0.000000, -0.000002, 300.620976, 300.620976, 300.620976, -0.747098, 0.000000, 0.000000, 300.620976, 0.100000, 298.000000, 30.062098, 300.620976, 0.000000, 299.900001, 2.000000, 299.900001, 4.166670, 8.000000, 16.000000, 298.150000, 299.900001, 299.900001, 299.900001, 300.620976, 300.620976, 300.620976, 0.000000, 0.000002, 0.000000, 0.000002, 0.000000, 0.000000, 0.000000, 0.000000, 0.001030, 0.001030, 0.001030, 0.000100, 0.000000, 10.000000, 10.000000, 10.000000, 0.000002, 0.000100, 0.000102, 10.000000, 0.000002, 10.000000, 0.000002, 0.000000, 0.000002, 5000000.000000, 0.001030, 0.000000, 0.001030, 0.000000, 0.000000, 0.000000, 5000000.000000, 9.998970, 0.000100, 10.000000, 0.000100, 0.001030, 0.000100, 0.000000, 0.000010, 100000.000000, 0.500000, 100000.000000, 0.000000, 0.001030, 0.000100, 10.000000, 0.000102, 293.150000, -0.747098, 293.150000, -7.470976, -0.747098, 293.150000, -0.747098, 300.620976, -0.747098, 0.100000, 0.001030, 0.000100, 0.001030, 0.000100, 0.000000, 0.000100, 300.620976, 0.000000, 10.000000, 293.150000, 0.004000, 10.298839, 10.000000, 0.000102, 10.000000, 0.000102, 0.000000, 0.000102, 10.000000, 300.620976, 300.620976, 0.000000, 26.750001, 27.470976, -0.747097, 0.262098, 0.000000, 0.000100
8.44, 0.000000, 0.000000, 0.000100, 0.000102, 0.000000, -0.000002, 300.473040, 300.473040, 300.473040, -0.732304, 0.000000, 0.000000, 300.473040, 0.100000, 298.000000, 30.047304, 300.473040, 0.000000, 299.983335, 2.000000, 299.983335, 4.166670, 8.000000, 16.000000, 298.150000, 299.983335, 299.983335, 299.983335, 300.473040, 300.473040, 300.473040, 0.000000, 0.000002, 0.000000, 0.000002, 0.000000, 0.000000, 0.000000, 0.000000, 0.001029, 0.001029, 0.001029, 0.000100, 0.000000, 10.000000, 10.000000, 10.000000, 0.000002, 0.000100, 0.000102, 10.000000, 0.000002, 10.000000, 0.000002, 0.000000, 0.000002, 5000000.000000, 0.001029, 0.000000, 0.001029, 0.000000, 0.000000, 0.000000, 5000000.000000, 9.998971, 0.000100, 10.000000, 0.000100, 0.001029, 0.000100, 0.000000, 0.000010, 100000.000000, 0.500000, 100000.000000, 0.000000, 0.001029, 0.000100, 10.000000, 0.000102, 293.150000, -0.732304, 293.150000, -7.323040, -0.732304, 293.150000, -0.732304, 300.473040, -0.732304, 0.100000, 0.001029, 0.000100, 0.001029, 0.000100, 0.000000, 0.000100, 300.473040, 0.000000, 10.000000, 293.150000, 0.004000, 10.292922, 10.000000, 0.000102, 10.000000, 0.000102, 0.000000, 0.000102, 10.000000, 300.473040, 300.473040, 0.000000, 26.833335, 27.323040, -0.732304, 0.247304, 0.000000, 0.000100
8.46, 0.000000, 0.000000, 0.000100, 0.000102, 0.000000, -0.000002, 300.328035, 300.328035, 300.328035, -0.717803, 0.000000, 0.000000, 300.328035, 0.100000, 298.000000, 30.032803, 300.328035, 0.000000, 300.066668, 2.000000, 300.066668, 4.166670, 8.000000, 16.000000, 298.150000, 300.066668, 300.066668, 300.066668, 300.328035, 300.328035, 300.328035, 0.000000, 0.000002, 0.000000, 0.000002, 0.000000, 0.000000, 0.000000, 0.000000, 0.001029, 0.001029, 0.001029, 0.000100, 0.000000, 10.000000, 10.000000, 10.000000, 0.000002, 0.000100, 0.000102, 10.000000, 0.000002, 10.000000, 0.000002, 0.000000, 0.000002, 5000000.000000, 0.001029, 0.000000, 0.001029, 0.000000, 0.000000, 0.000000, 5000000.000000, 9.998971, 0.000100, 10.000000, 0.000100, 0.001029, 0.000100, 0.000000, 0.000010, 100000.000000, 0.500000, 100000.000000, 0.000000, 0.001029, 0.000100, 10.000000, 0.000102, 293.150000, -0.717803, 293.150000, -7.178035, -0.717803, 293.150000, -0.717803, 300.328035, -0.717803, 0.100000, 0.001029, 0.000100, 0.001029, 0.000100, 0.000000, 0.000100, 300.328035, 0.000000, 10.000000, 293.150000, 0.004000, 10.287121, 10.000000, 0.000102, 10.000000, 0.000102, 0.000000, 0.000102, 10.000000, 300.328035, 300.328035, 0.000000, 26.916668, 27.178035, -0.717803, 0.232803, 0.000000, 0.000100
8.48, 0.000000, 0.000000, 0.000100, 0.000102, 0.000000, -0.000002, 300.185900, 300.185900, 300.185900, -0.703590, 0.000000, 0.000000, 300.185900, 0.100000, 298.000000, 30.018590, 300.185900, 0.000000, 300.150002, 2.000000, 300.150002, 4.166670, 8.000000, 16.000000, 298.150000, 300.150002, 300.150002, 300.150002, 300.185900, 300.185900, 300.185900, 0.000000, 0.000002, 0.000000, 0.000002, 0.000000, 0.000000, 0.000000, 0.000000, 0.001028, 0.001028, 0.001028, 0.000100, 0.000000, 10.000000, 10.000000, 10.000000, 0.000002, 0.000100, 0.000102, 10.000000, 0.000002, 10.000000, 0.000002, 0.000000, 0.000002, 5000000.000000, 0.001028, 0.000000, 0.001028, 0.000000, 0.000000, 0.000000, 5000000.000000, 9.998972, 0.000100, 10.000000, 0.000100, 0.001028, 0.000100, 0.000000, 0.000010, 100000.000000, 0.500000, 100000.000000, 0.000000, 0.001028, 0.000100, 10.000000, 0.000102, 293.150000, -0.703590, 293.150000, -7.035900, -0.703590, 293.150000, -0.703590, 300.185900, -0.703590, 0.100000, 0.001028, 0.000100, 0.001028, 0.000100, 0.000000, 0.000100, 300.185900, 0.000000, 10.000000, 293.150000, 0.004000, 10.281436, 10.000000, 0.000102, 10.000000, 0.000102, 0.000000, 0.000102, 10.000000, 300.185900, 300.185900, 0.000000, 27.000002, 27.035900, -0.703590, 0.218590, 0.000000, 0.000100
8.5, 0.000000, 0.000000, 0.000100, 0.000102, 0.000000, -0.000002, 300.046580, 300.046580, 300.046580, -0.689658, 0.000000, 0.000000, 300.046580, 0.100000, 298.000000, 30.004658, 300.046580, 0.000000, 300.233335, 2.000000, 300.233335, 4.166670, 8.000000, 16.000000, 298.150000, 300.233335, 300.233335, 300.233335, 300.046580, 300.046580, 300.046580, 0.000000, 0.000002, 0.000000, 0.000002, 0.000000, 0.000000, 0.000000, 0.000000, 0.001027, 0.001027, 0.001027, 0.000100, 0.000000, 10.000000, 10.000000, 10.000000, 0.000002, 0.000100, 0.000102, 10.000000, 0.000002, 10.000000, 0.000002, 0.000000, 0.000002, 5000000.000000, 0.001027, 0.000000, 0.001027, 0.000000, 0.000000, 0.000000, 5000000.000000, 9.998973, 0.000100, 10.000000, 0.000100, 0.001027, 0.000100, 0.000000, 0.000010, 100000.000000, 0.500000, 100000.000000, 0.000000, 0.001027, 0.000100, 10.000000, 0.000102, 293.150000, -0.689658, 293.150000, -6.896580, -0.689658, 293.150000, -0.689658, 300.046580, -0.689658, 0.100000, 0.001027, 0.000100, 0.001027, 0.000100, 0.000000, 0.000100, 300.046580, 0.000000, 10.000000, 293.150000, 0.004000, 10.275863, 10.000000, 0.000102, 10.000000, 0.000102, 0.000000, 0.000102, 10.000000, 300.046580, 300.046580, 0.000000, 27.083335, 26.896580, -0.689658, 0.204658, 0.000000, 0.000100
8.52, 0.000000, 0.000000, 0.000100, 0.000102, 0.000000, -0.000002, 299.910018, 299.910018, 299.910018, -0.676002, 0.000000, 0.000000, 299.910018, 0.100000, 298.000000, 29.991002, 299.910018, 0.000000, 300.316668, 2.000000, 300.316668, 4.166670, 8.000000, 16.000000, 298.150000, 300.316668, 300.316668, 300.316668, 299.910018, 299.910018, 299.910018, 0.000000, 0.000002, 0.000000, 0.000002, 0.000000, 0.000000, 0.000000, 0.000000, 0.001027, 0.001027, 0.001027, 0.000100, 0.000000, 10.000000, 10.000000, 10.000000, 0.000002, 0.000100, 0.000102, 10.000000, 0.000002, 10.000000, 0.000002, 0.000000, 0.000002, 5000000.000000, 0.001027, 0.000000, 0.001027, 0.000000, 0.000000, 0.000000, 5000000.000000, 9.998973, 0.000100, 10.000000, 0.000100, 0.001027, 0.000100, 0.000000, 0.000010, 100000.000000, 0.500000, 100000.000000, 0.000000, 0.001027, 0.000100, 10.000000, 0.000102, 293.150000, -0.676002, 293.150000, -6.760018, -0.676002, 293.150000, -0.676002, 299.910018, -0.676002, 0.100000, 0.001027, 0.000100, 0.001027, 0.000100, 0.000000, 0.000100, 299.910018, 0.000000, 10.000000, 293.150000, 0.004000, 10.270401, 10.000000, 0.000102, 10.000000, 0.000102, 0.000000, 0.000102, 10.000000, 299.910018, 299.910018, 0.000000, 27.166668, 26.760018, -0.676002, 0.191002, 0.000000, 0.000100
8.54, 0.000000, 0.000000, 0.000100, 0.000102, 0.000000, -0.000002, 299.776161, 299.776161, 299.776161, -0.662616, 0.000000, 0.000000, 299.776161, 0.100000, 298.000000, 29.977616, 299.776161, 0.000000, 300.400002, 2.000000, 300.400002, 4.166670, 8.000000, 16.000000, 298.150000, 300.400002, 300.400002, 300.400002, 299.776161, 299.776161, 299.776161, 0.000000, 0.000002, 0.000000, 0.000002, 0.000000, 0.000000, 0.000000, 0.000000, 0.001026, 0.001026, 0.001026, 0.000100, 0.000000, 10.000000, 10.000000, 10.000000, 0.000002, 0.000100, 0.000102, 10.000000, 0.000002, 10.000000, 0.000002, 0.000000, 0.000002, 5000000.000000, 0.001026, 0.000000, 0.001026, 0.000000, 0.000000, 0.000000, 5000000.000000, 9.998974, 0.000100, 10.000000, 0.000100, 0.001026, 0.000100, 0.000000, 0.000010, 100000.000000, 0.500000, 100000.000000, 0.000000, 0.001026, 0.000100, 10.000000, 0.000102, 293.150000, -0.662616, 293.150000, -6.626161, -0.662616, 293.150000, -0.662616, 299.776161, -0.662616, 0.100000, 0.001026, 0.000100, 0.001026, 0.000100, 0.000000, 0.000100, 299.776161, 0.000000, 10.000000, 293.150000, 0.004000, 10.265046, 10.000000, 0.000102, 10.000000, 0.000102, 0.000000, 0.000102, 10.000000, 299.776161, 299.776161, 0.000000, 27.250002, 26.626161, -0.662616, 0.177616, 0.000000, 0.000100
8.56, 0.000000, 0.000000, 0.000100, 0.000102, 0.000000, -0.000002, 299.644954, 299.644954, 299.644954, -0.649495, 0.000000, 0.000000, 299.644954, 0.100000, 298.000000, 29.964495, 299.644954, 0.000000, 300.483335, 2.000000, 300.483335, 4.166670, 8.000000, 16.000000, 298.150000, 300.483335, 300.483335, 300.483335, 299.644954, 299.644954, 299.644954, 0.000000, 0.000002, 0.000000, 0.000002, 0.000000, 0.000000, 0.000000, 0.000000, 0.001026, 0.001026, 0.001026, 0.000100, 0.000000, 10.000000, 10.000000, 10.000000, 0.000002, 0.000100, 0.000102, 10.000000, 0.000002, 10.000000, 0.000002, 0.000000, 0.000002, 5000000.000000, 0.001026, 0.000000, 0.001026, 0.000000, 0.000000, 0.000000, 5000000.000000, 9.998974, 0.000100, 10.000000, 0.000100, 0.001026, 0.000100, 0.000000, 0.000010, 100000.000000, 0.500000, 100000.000000, 0.000000, 0.001026, 0.000100, 10.000000, 0.000102, 293.150000, -0.649495, 293.150000, -6.494954, -0.649495, 293.150000, -0.649495, 299.644954, -0.649495, 0.100000, 0.001026, 0.000100, 0.001026, 0.000100, 0.000000, 0.000100, 299.644954, 0.000000, 10.000000, 293.150000, 0.004000, 10.259798, 10.000000, 0.000102, 10.000000, 0.000102, 0.000000, 0.000102, 10.000000, 299.644954, 299.644954, 0.000000, 27.333335, 26.494954, -0.649495, 0.164495, 0.000000, 0.000100
8.58, 0.000000, 0.000000, 0.973431, 0.973435, 0.000000, -0.000004, 299.973164, 299.973164, 299.973164, -0.682316, 0.000000, 9.734305, 299.973164, 0.100000, 298.000000, 29.997316, 299.973164, 1.000000, 300.566669, 2.000000, 300.566669, 4.166670, 8.000000, 16.000000, 298.150000, 300.566669, 300.566669, 300.566669, 299.973164, 299.973164, 299.973164, 0.000000, 0.000002, 0.000000, 0.000002, 0.000000, 0.000002, 0.000000, 0.000002, 9.999990, 9.999990, 9.999990, 0.973431, 0.000002, 10.000000, 10.000000, 10.000000, 0.000002, 0.973433, 0.973435, 10.000000, 0.000002, 10.000000, 0.000002, 0.000000, 0.000002, 5000000.000000, 9.999990, 0.000002, 9.999990, 0.000002, 0.000000, 0.000002, 5000000.000000, 0.000010, 0.973433, 10.000000, 0.973433, 9.999990, 0.973433, 1.000000, 0.000010, 100000.000000, 0.500000, 0.000010, 1.000000, 9.999990, 0.973431, 10.000000, 0.973435, 293.150000, -0.682316, 293.150000, -6.823164, -0.682316, 293.150000, -0.682316, 299.973164, -0.682316, 0.100000, 9.999990, 0.973431, 9.999990, 0.973431, 0.000000, 0.973431, 299.973164, 9.734305, 10.000000, 293.150000, 0.004000, 10.272927, 10.000000, 0.973435, 10.000000, 0.973435, 0.000000, 0.973435, 10.000000, 299.973164, 299.973164, 0.000000, 27.416669, 26.823164, 9.051989, 0.197316, 0.000000, 0.973433
8.6, 0.000000, 0.000000, 0.000100, 0.000102, 0.000000, -0.000002, 301.642895, 301.642895, 301.642895, -0.849290, 0.000000, 0.000000, 301.642895, 0.100000, 298.000000, 30.164290, 301.642895, 0.000000, 300.650002, 2.000000, 300.650002, 4.166670, 8.000000, 16.000000, 298.150000, 300.650002, 300.650002, 300.650002, 301.642895, 301.642895, 301.642895, 0.000000, 0.000002, 0.000000, 0.000002, 0.000000, 0.000000, 0.000000, 0.000000, 0.001034, 0.001034, 0.001034, 0.000100, 0.000000, 10.000000, 10.000000, 10.000000, 0.000002, 0.000100, 0.000102, 10.000000, 0.000002, 10.000000, 0.000002, 0.000000, 0.000002, 5000000.000000, 0.001034, 0.000000, 0.001034, 0.000000, 0.000000, 0.000000, 5000000.000000, 9.998966, 0.000100, 10.000000, 0.000100, 0.001034, 0.000100, 0.000000, 0.000010, 100000.000000, 0.500000, 100000.000000, 0.000000, 0.001034, 0.000100, 10.000000, 0.000102, 293.150000, -0.849290, 293.150000, -8.492895, -0.849290, 293.150000, -0.849290, 301.642895, -0.849290, 0.100000, 0.001034, 0.000100, 0.001034, 0.000100, 0.000000, 0.000100, 301.642895, 0.000000, 10.000000, 293.150000, 0.004000, 10.339716, 10.000000, 0.000102, 10.000000, 0.000102, 0.000000, 0.000102, 10.000000, 301.642895, 301.642895, 0.000000, 27.500002, 28.492895, -0.849289, 0.364290, 0.000000, 0.000100
8.62, 0.000000, 0.000000, 0.000100, 0.000102, 0.000000, -0.000002, 301.474725, 301.474725, 301.474725, -0.832472, 0.000000, 0.000000, 301.474725, 0.100000, 298.000000, 30.147472, 301.474725, 0.000000, 300.733335, 2.000000, 300.733335, 4.166670, 8.000000, 16.000000, 298.150000, 300.733335, 300.733335, 300.733335, 301.474725, 301.474725, 301.474725, 0.000000, 0.000002, 0.000000, 0.000002, 0.000000, 0.000000, 0.000000, 0.000000, 0.001033, 0.001033, 0.001033, 0.000100, 0.000000, 10.000000, 10.000000, 10.000000, 0.000002, 0.000100, 0.000102, 10.000000, 0.000002, 10.000000, 0.000002, 0.000000, 0.000002, 5000000.000000, 0.001033, 0.000000, 0.001033, 0.000000, 0.000000, 0.000000, 5000000.000000, 9.998967, 0.000100, 10.000000, 0.000100, 0.001033, 0.000100, 0.000000, 0.000010, 100000.000000, 0.500000, 100000.000000, 0.000000, 0.001033, 0.000100, 10.000000, 0.000102, 293.150000, -0.832472, 293.150000, -8.324725, -0.832472, 293.150000, -0.832472, 301.474725, -0.832472, 0.100000, 0.001033, 0.000100, 0.001033, 0.000100, 0.000000, 0.000100, 301.474725, 0.000000, 10.000000, 293.150000, 0.004000, 10.332989, 10.000000, 0.000102, 10.000000, 0.000102, 0.000000, 0.000102, 10.000000, 301.474725, 301.474725, 0.000000, 27.583335, 28.324725, -0.832472, 0.347472, 0.000000, 0.000100
8.64, 0.000000, 0.000000, 0.000100, 0.000102, 0.000000, -0.000002, 301.309884, 301.309884, 301.309884, -0.815988, 0.000000, 0.000000, 301.309884, 0.100000, 298.000000, 30.130988, 301.309884, 0.000000, 300.816669, 2.000000, 300.816669, 4.166670, 8.000000, 16.000000, 298.150000, 300.816669, 300.816669, 300.816669, 301.309884, 301.309884, 301.309884, 0.000000, 0.000002, 0.000000, 0.000002, 0.000000, 0.000000, 0.000000, 0.000000, 0.001033, 0.001033, 0.001033, 0.000100, 0.000000, 10.000000, 10.000000, 10.000000, 0.000002, 0.000100, 0.000102, 10.000000, 0.000002, 10.000000, 0.000002, 0.000000, 0.000002, 5000000.000000, 0.001033, 0.000000, 0.001033, 0.000000, 0.000000, 0.000000, 5000000.000000, 9.998967, 0.000100, 10.000000, 0.000100, 0.001033, 0.000100, 0.000000, 0.000010, 100000.000000, 0.500000, 100000.000000, 0.000000, 0.001033, 0.000100, 10.000000, 0.000102, 293.150000, -0.815988, 293.150000, -8.159884, -0.815988, 293.150000, -0.815988, 301.309884, -0.815988, 0.100000, 0.001033, 0.000100, 0.001033, 0.000100, 0.000000, 0.000100, 301.309884, 0.000000, 10.000000, 293.150000, 0.004000, 10.326395, 10.000000, 0.000102, 10.000000, 0.000102, 0.000000, 0.000102, 10.000000, 301.309884, 301.309884, 0.000000, 27.666669, 28.159884, -0.815988, 0.330988, 0.000000, 0.000100
8.66, 0.000000, 0.000000, 0.000100, 0.000102, 0.000000, -0.000002, 301.148308, 301.148308, 301.148308, -0.799831, 0.000000, 0.000000, 301.148308, 0.100000, 298.000000, 30.114831, 301.148308, 0.000000, 300.900002, 2.000000, 300.900002, 4.166670, 8.000000, 16.000000, 298.150000, 300.900002, 300.900002, 300.900002, 301.148308, 301.148308, 301.148308, 0.000000, 0.000002, 0.000000, 0.000002, 0.000000, 0.000000, 0.000000, 0.000000, 0.001032, 0.001032, 0.001032, 0.000100, 0.000000, 10.000000, 10.000000, 10.000000, 0.000002, 0.000100, 0.000102, 10.000000, 0.000002, 10.000000, 0.000002, 0.000000, 0.000002, 5000000.000000, 0.001032, 0.000000, 0.001032, 0.000000, 0.000000, 0.000000, 5000000.000000, 9.998968, 0.000100, 10.000000, 0.000100, 0.001032, 0.000100, 0.000000, 0.000010, 100000.000000, 0.500000, 100000.000000, 0.000000, 0.001032, 0.000100, 10.000000, 0.000102, 293.150000, -0.799831, 293.150000, -7.998308, -0.799831, 293.150000, -0.799831, 301.148308, -0.799831, 0.100000, 0.001032, 0.000100, 0.001032, 0.000100, 0.000000, 0.000100, 301.148308, 0.000000, 10.000000, 293.150000, 0.004000, 10.319932, 10.000000, 0.000102, 10.000000, 0.000102, 0.000000, 0.000102, 10.000000, 301.148308, 301.148308, 0.000000, 27.750002, 27.998308, -0.799831, 0.314831, 0.000000, 0.000100
8.68, 0.000000, 0.000000, 0.000100, 0.000102, 0.000000, -0.000002, 300.989931, 300.989931, 300.989931, -0.783993, 0.000000, 0.000000, 300.989931, 0.100000, 298.000000, 30.098993, 300.989931, 0.000000, 300.983336, 2.000000, 300.983336, 4.166670, 8.000000, 16.000000, 298.150000, 300.983336, 300.983336, 300.983336, 300.989931, 300.989931, 300.989931, 0.000000, 0.000002, 0.000000, 0.000002, 0.000000, 0.000000, 0.000000, 0.000000, 0.001031, 0.001031, 0.001031, 0.000100, 0.000000, 10.000000, 10.000000, 10.000000, 0.000002, 0.000100, 0.000102, 10.000000, 0.000002, 10.000000, 0.000002, 0.000000, 0.000002, 5000000.000000, 0.001031, 0.000000, 0.001031, 0.000000, 0.000000, 0.000000, 5000000.000000, 9.998969, 0.000100, 10.000000, 0.000100, 0.001031, 0.000100, 0.000000, 0.000010, 100000.000000, 0.500000, 100000.000000, 0.000000, 0.001031, 0.000100, 10.000000, 0.000102, 293.150000, -0.783993, 293.150000, -7.839931, -0.783993, 293.150000, -0.783993, 300.989931, -0.783993, 0.100000, 0.001031, 0.000100, 0.001031, 0.000100, 0.000000, 0.000100, 300.989931, 0.000000, 10.000000, 293.150000, 0.004000, 10.313597, 10.000000, 0.000102, 10.000000, 0.000102, 0.000000, 0.000102, 10.000000, 300.989931, 300.989931, 0.000000, 27.833336, 27.839931, -0.783993, 0.298993, 0.000000, 0.000100
8.7, 0.000000, 0.000000, 0.000100, 0.000102, 0.000000, -0.000002, 300.834690, 300.834690, 300.834690, -0.768469, 0.000000, 0.000000, 300.834690, 0.100000, 298.000000, 30.083469, 300.834690, 0.000000, 301.066669, 2.000000, 301.066669, 4.166670, 8.000000, 16.000000, 298.150000, 301.066669, 301.066669, 301.066669, 300.834690, 300.834690, 300.834690, 0.000000, 0.000002, 0.000000, 0.000002, 0.000000, 0.000000, 0.000000, 0.000000, 0.001031, 0.001031, 0.001031, 0.000100, 0.000000, 10.000000, 10.000000, 10.000000, 0.000002, 0.000100, 0.000102, 10.000000, 0.000002, 10.000000, 0.000002, 0.000000, 0.000002, 5000000.000000, 0.001031, 0.000000, 0.001031, 0.000000, 0.000000, 0.000000, 5000000.000000, 9.998969, 0.000100, 10.000000, 0.000100, 0.001031, 0.000100, 0.000000, 0.000010, 100000.000000, 0.500000, 100000.000000, 0.000000, 0.001031, 0.000100, 10.000000, 0.000102, 293.150000, -0.768469, 293.150000, -7.684690, -0.768469, 293.150000, -0.768469, 300.834690, -0.768469, 0.100000, 0.001031, 0.000100, 0.001031, 0.000100, 0.000000, 0.000100, 300.834690, 0.000000, 10.000000, 293.150000, 0.004000, 10.307388, 10.000000, 0.000102, 10.000000, 0.000102, 0.000000, 0.000102, 10.000000, 300.834690, 300.834690, 0.000000, 27.916669, 27.684690, -0.768469, 0.283469, 0.000000, 0.000100
8.72, 0.000000, 0.000000, 0.000100, 0.000102, 0.000000, -0.000002, 300.682523, 300.682523, 300.682523, -0.753252, 0.000000, 0.000000, 300.682523, 0.100000, 298.000000, 30.068252, 300.682523, 0.000000, 301.150002, 2.000000, 301.150002, 4.166670, 8.000000, 16.000000, 298.150000, 301.150002, 301.150002, 301.150002, 300.682523, 300.682523, 300.682523, 0.000000, 0.000002, 0.000000, 0.000002, 0.000000, 0.000000, 0.000000, 0.000000, 0.001030, 0.001030, 0.001030, 0.000100, 0.000000, 10.000000, 10.000000, 10.000000, 0.000002, 0.000100, 0.000102, 10.000000, 0.000002, 10.000000, 0.000002, 0.000000, 0.000002, 5000000.000000, 0.001030, 0.000000, 0.001030, 0.000000, 0.000000, 0.000000, 5000000.000000, 9.998970, 0.000100, 10.000000, 0.000100, 0.001030, 0.000100, 0.000000, 0.000010, 100000.000000, 0.500000, 100000.000000, 0.000000, 0.001030, 0.000100, 10.000000, 0.000102, 293.150000, -0.753252, 293.150000, -7.532523, -0.753252, 293.150000, -0.753252, 300.682523, -0.753252, 0.100000, 0.001030, 0.000100, 0.001030, 0.000100, 0.000000, 0.000100, 300.682523, 0.000000, 10.000000, 293.150000, 0.004000, 10.301301, 10.000000, 0.000102, 10.000000, 0.000102, 0.000000, 0.000102, 10.000000, 300.682523, 300.682523, 0.000000, 28.000002, 27.532523, -0.753252, 0.268252, 0.000000, 0.000100
8.74, 0.000000, 0.000000, 0.000100, 0.000102, 0.000000, -0.000002, 300.533369, 300.533369, 300.533369, -0.738337, 0.000000, 0.000000, 300.533369, 0.100000, 298.000000, 30.053337, 300.533369, 0.000000, 301.233336, 2.000000, 301.233336, 4.166670, 8.000000, 16.000000, 298.150000, 301.233336, 301.233336, 301.233336, 300.533369, 300.533369, 300.533369, 0.000000, 0.000002, 0.000000, 0.000002, 0.000000, 0.000000, 0.000000, 0.000000, 0.001029, 0.001029, 0.001029, 0.000100, 0.000000, 10.000000, 10.000000, 10.000000, 0.000002, 0.000100, 0.000102, 10.000000, 0.000002, 10.000000, 0.000002, 0.000000, 0.000002, 5000000.000000, 0.001029, 0.000000, 0.001029, 0.000000, 0.000000, 0.000000, 5000000.000000, 9.998971, 0.000100, 10.000000, 0.000100, 0.001029, 0.000100, 0.000000, 0.000010, 100000.000000, 0.500000, 100000.000000, 0.000000, 0.001029, 0.000100, 10.000000, 0.000102, 293.150000, -0.738337, 293.150000, -7.383369, -0.738337, 293.150000, -0.738337, 300.533369, -0.738337, 0.100000, 0.001029, 0.000100, 0.001029, 0.000100, 0.000000, 0.000100, 300.533369, 0.000000, 10.000000, 293.150000, 0.004000, 10.295335, 10.000000, 0.000102, 10.000000, 0.000102, 0.000000, 0.000102, 10.000000, 300.533369, 300.533369, 0.000000, 28.083336, 27.383369, -0.738337, 0.253337, 0.000000, 0.000100
8.76, 0.000000, 0.000000, 0.000100, 0.000102, 0.000000, -0.000002, 300.387168, 300.387168, 300.387168, -0.723717, 0.000000, 0.000000, 300.387168, 0.100000, 298.000000, 30.038717, 300.387168, 0.000000, 301.316669, 2.000000, 301.316669, 4.166670, 8.000000, 16.000000, 298.150000, 301.316669, 301.316669, 301.316669, 300.387168, 300.387168, 300.387168, 0.000000, 0.000002, 0.000000, 0.000002, 0.000000, 0.000000, 0.000000, 0.000000, 0.001029, 0.001029, 0.001029, 0.000100, 0.000000, 10.000000, 10.000000, 10.000000, 0.000002, 0.000100, 0.000102, 10.000000, 0.000002, 10.000000, 0.000002, 0.000000, 0.000002, 5000000.000000, 0.001029, 0.000000, 0.001029, 0.000000, 0.000000, 0.000000, 5000000.000000, 9.998971, 0.000100, 10.000000, 0.000100, 0.001029, 0.000100, 0.000000, 0.000010, 100000.000000, 0.500000, 100000.000000, 0.000000, 0.001029, 0.000100, 10.000000, 0.000102, 293.150000, -0.723717, 293.150000, -7.237168, -0.723717, 293.150000, -0.723717, 300.387168, -0.723717, 0.100000, 0.001029, 0.000100, 0.001029, 0.000100, 0.000000, 0.000100, 300.387168, 0.000000, 10.000000, 293.150000, 0.004000, 10.289487, 10.000000, 0.000102, 10.000000, 0.000102, 0.000000, 0.000102, 10.000000, 300.387168, 300.387168, 0.000000, 28.166669, 27.237168, -0.723717, 0.238717, 0.000000, 0.000100
8.78, 0.000000, 0.000000, 0.967406, 0.967410, 0.000000, -0.000004, 301.572861, 301.572861, 301.572861, -0.842286, 0.000000, 9.674048, 301.572861, 0.100000, 298.000000, 30.157286, 301.572861, 1.000000, 301.400003, 2.000000, 301.400003, 4.166670, 8.000000, 16.000000, 298.150000, 301.400003, 301.400003, 301.400003, 301.572861, 301.572861, 301.572861, 0.000000, 0.000002, 0.000000, 0.000002, 0.000000, 0.000002, 0.000000, 0.000002, 9.999990, 9.999990, 9.999990, 0.967406, 0.000002, 10.000000, 10.000000, 10.000000, 0.000002, 0.967408, 0.967410, 10.000000, 0.000002, 10.000000, 0.000002, 0.000000, 0.000002, 5000000.000000, 9.999990, 0.000002, 9.999990, 0.000002, 0.000000, 0.000002, 5000000.000000, 0.000010, 0.967408, 10.000000, 0.967408, 9.999990, 0.967408, 1.000000, 0.000010, 100000.000000, 0.500000, 0.000010, 1.000000, 9.999990, 0.967406, 10.000000, 0.967410, 293.150000, -0.842286, 293.150000, -8.422861, -0.842286, 293.150000, -0.842286, 301.572861, -0.842286, 0.100000, 9.999990, 0.967406, 9.999990, 0.967406, 0.000000, 0.967406, 301.572861, 9.674048, 10.000000, 293.150000, 0.004000, 10.336914, 10.000000, 0.967410, 10.000000, 0.967410, 0.000000, 0.967410, 10.000000, 301.572861, 301.572861, 0.000000, 28.250003, 28.422861, 8.831762, 0.357286, 0.000000, 0.967408
8.8, 0.000000, 0.000000, 0.000100, 0.000102, 0.000000, -0.000002, 302.347918, 302.347918, 302.347918, -0.919792, 0.000000, 0.000000, 302.347918, 0.100000, 298.000000, 30.234792, 302.347918, 0.000000, 301.483336, 2.000000, 301.483336, 4.166670, 8.000000, 16.000000, 298.150000, 301.483336, 301.483336, 301.483336, 302.347918, 302.347918, 302.347918, 0.000000, 0.000002, 0.000000, 0.000002, 0.000000, 0.000000, 0.000000, 0.000000, 0.001037, 0.001037, 0.001037, 0.000100, 0.000000, 10.000000, 10.000000, 10.000000, 0.000002, 0.000100, 0.000102, 10.000000, 0.000002, 10.000000, 0.000002, 0.000000, 0.000002, 5000000.000000, 0.001037, 0.000000, 0.001037, 0.000000, 0.000000, 0.000000, 5000000.000000, 9.998963, 0.000100, 10.000000, 0.000100, 0.001037, 0.000100, 0.000000, 0.000010, 100000.000000, 0.500000, 100000.000000, 0.000000, 0.001037, 0.000100, 10.000000, 0.000102, 293.150000, -0.919792, 293.150000, -9.197918, -0.919792, 293.150000, -0.919792, 302.347918, -0.919792, 0.100000, 0.001037, 0.000100, 0.001037, 0.000100, 0.000000, 0.000100, 302.347918, 0.000000, 10.000000, 293.150000, 0.004000, 10.367917, 10.000000, 0.000102, 10.000000, 0.000102, 0.000000, 0.000102, 10.000000, 302.347918, 302.347918, 0.000000, 28.333336, 29.197918, -0.919792, 0.434792, 0.000000, 0.000100
8.82, 0.000000, 0.000000, 0.000100, 0.000102, 0.000000, -0.000002, 302.165787, 302.165787, 302.165787, -0.901579, 0.000000, 0.000000, 302.165787, 0.100000, 298.000000, 30.216579, 302.165787, 0.000000, 301.566669, 2.000000, 301.566669, 4.166670, 8.000000, 16.000000, 298.150000, 301.566669, 301.566669, 301.566669, 302.165787, 302.165787, 302.165787, 0.000000, 0.000002, 0.000000, 0.000002, 0.000000, 0.000000, 0.000000, 0.000000, 0.001036, 0.001036, 0.001036, 0.000100, 0.000000, 10.000000, 10.000000, 10.000000, 0.000002, 0.000100, 0.000102, 10.000000, 0.000002, 10.000000, 0.000002, 0.000000, 0.000002, 5000000.000000, 0.001036, 0.000000, 0.001036, 0.000000, 0.000000, 0.000000, 5000000.000000, 9.998964, 0.000100, 10.000000, 0.000100, 0.001036, 0.000100, 0.000000, 0.000010, 100000.000000, 0.500000, 100000.000000, 0.000000, 0.001036, 0.000100, 10.000000, 0.000102, 293.150000, -0.901579, 293.150000, -9.015787, -0.901579, 293.150000, -0.901579, 302.165787, -0.901579, 0.100000, 0.001036, 0.000100, 0.001036, 0.000100, 0.000000, 0.000100, 302.165787, 0.000000, 10.000000, 293.150000, 0.004000, 10.360631, 10.000000, 0.000102, 10.000000, 0.000102, 0.000000, 0.000102, 10.000000, 302.165787, 302.165787, 0.000000, 28.416669, 29.015787, -0.901579, 0.416579, 0.000000, 0.000100
8.84, 0.000000, 0.000000, 0.000100, 0.000102, 0.000000, -0.000002, 301.987263, 301.987263, 301.987263, -0.883726, 0.000000, 0.000000, 301.987263, 0.100000, 298.000000, 30.198726, 301.987263, 0.000000, 301.650003, 2.000000, 301.650003, 4.166670, 8.000000, 16.000000, 298.150000, 301.650003, 301.650003, 301.650003, 301.987263, 301.987263, 301.987263, 0.000000, 0.000002, 0.000000, 0.000002, 0.000000, 0.000000, 0.000000, 0.000000, 0.001035, 0.001035, 0.001035, 0.000100, 0.000000, 10.000000, 10.000000, 10.000000, 0.000002, 0.000100, 0.000102, 10.000000, 0.000002, 10.000000, 0.000002, 0.000000, 0.000002, 5000000.000000, 0.001035, 0.000000, 0.001035, 0.000000, 0.000000, 0.000000, 5000000.000000, 9.998965, 0.000100, 10.000000, 0.000100, 0.001035, 0.000100, 0.000000, 0.000010, 100000.000000, 0.500000, 100000.000000, 0.000000, 0.001035, 0.000100, 10.000000, 0.000102, 293.150000, -0.883726, 293.150000, -8.837263, -0.883726, 293.150000, -0.883726, 301.987263, -0.883726, 0.100000, 0.001035, 0.000100, 0.001035, 0.000100, 0.000000, 0.000100, 301.987263, 0.000000, 10.000000, 293.150000, 0.004000, 10.353491, 10.000000, 0.000102, 10.000000, 0.000102, 0.000000, 0.000102, 10.000000, 301.987263, 301.987263, 0.000000, 28.500003, 28.837263, -0.883726, 0.398726, 0.000000, 0.000100
8.86, 0.000000, 0.000000, 0.000100, 0.000102, 0.000000, -0.000002, 301.812273, 301.812273, 301.812273, -0.866227, 0.000000, 0.000000, 301.812273, 0.100000, 298.000000, 30.181227, 301.812273, 0.000000, 301.733336, 2.000000, 301.733336, 4.166670, 8.000000, 16.000000, 298.150000, 301.733336, 301.733336, 301.733336, 301.812273, 301.812273, 301.812273, 0.000000, 0.000002, 0.000000, 0.000002, 0.000000, 0.000000, 0.000000, 0.000000, 0.001035, 0.001035, 0.001035, 0.000100, 0.000000, 10.000000, 10.000000, 10.000000, 0.000002, 0.000100, 0.000102, 10.000000, 0.000002, 10.000000, 0.000002, 0.000000, 0.000002, 5000000.000000, 0.001035, 0.000000, 0.001035, 0.000000, 0.000000, 0.000000, 5000000.000000, 9.998965, 0.000100, 10.000000, 0.000100, 0.001035, 0.000100, 0.000000, 0.000010, 100000.000000, 0.500000, 100000.000000, 0.000000, 0.001035, 0.000100, 10.000000, 0.000102, 293.150000, -0.866227, 293.150000, -8.662273, -0.866227, 293.150000, -0.866227, 301.812273, -0.866227, 0.100000, 0.001035, 0.000100, 0.001035, 0.000100, 0.000000, 0.000100, 301.812273, 0.000000, 10.000000, 293.150000, 0.004000, 10.346491, 10.000000, 0.000102, 10.000000, 0.000102, 0.000000, 0.000102, 10.000000, 301.812273, 301.812273, 0.000000, 28.583336, 28.662273, -0.866227, 0.381227, 0.000000, 0.000100
8.88, 0.000000, 0.000000, 0.000100, 0.000102, 0.000000, -0.000002, 301.640749, 301.640749, 301.640749, -0.849075, 0.000000, 0.000000, 301.640749, 0.100000, 298.000000, 30.164075, 301.640749, 0.000000, 301.816670, 2.000000, 301.816670, 4.166670, 8.000000, 16.000000, 298.150000, 301.816670, 301.816670, 301.816670, 301.640749, 301.640749, 301.640749, 0.000000, 0.000002, 0.000000, 0.000002, 0.000000, 0.000000, 0.000000, 0.000000, 0.001034, 0.001034, 0.001034, 0.000100, 0.000000, 10.000000, 10.000000, 10.000000, 0.000002, 0.000100, 0.000102, 10.000000, 0.000002, 10.000000, 0.000002, 0.000000, 0.000002, 5000000.000000, 0.001034, 0.000000, 0.001034, 0.000000, 0.000000, 0.000000, 5000000.000000, 9.998966, 0.000100, 10.000000, 0.000100, 0.001034, 0.000100, 0.000000, 0.000010, 100000.000000, 0.500000, 100000.000000, 0.000000, 0.001034, 0.000100, 10.000000, 0.000102, 293.150000, -0.849075, 293.150000, -8.490749, -0.849075, 293.150000, -0.849075, 301.640749, -0.849075, 0.100000, 0.001034, 0.000100, 0.001034, 0.000100, 0.000000, 0.000100, 301.640749, 0.000000, 10.000000, 293.150000, 0.004000, 10.339630, 10.000000, 0.000102, 10.000000, 0.000102, 0.000000, 0.000102, 10.000000, 301.640749, 301.640749, 0.000000, 28.666670, 28.490749, -0.849075, 0.364075, 0.000000, 0.000100
8.9, 0.000000, 0.000000, 0.000100, 0.000102, 0.000000, -0.000002, 301.472621, 301.472621, 301.472621, -0.832262, 0.000000, 0.000000, 301.472621, 0.100000, 298.000000, 30.147262, 301.472621, 0.000000, 301.900003, 2.000000, 301.900003, 4.166670, 8.000000, 16.000000, 298.150000, 301.900003, 301.900003, 301.900003, 301.472621, 301.472621, 301.472621, 0.000000, 0.000002, 0.000000, 0.000002, 0.000000, 0.000000, 0.000000, 0.000000, 0.001033, 0.001033, 0.001033, 0.000100, 0.000000, 10.000000, 10.000000, 10.000000, 0.000002, 0.000100, 0.000102, 10.000000, 0.000002, 10.000000, 0.000002, 0.000000, 0.000002, 5000000.000000, 0.001033, 0.000000, 0.001033, 0.000000, 0.000000, 0.000000, 5000000.000000, 9.998967, 0.000100, 10.000000, 0.000100, 0.001033, 0.000100, 0.000000, 0.000010, 100000.000000, 0.500000, 100000.000000, 0.000000, 0.001033, 0.000100, 10.000000, 0.000102, 293.150000, -0.832262, 293.150000, -8.322621, -0.832262, 293.150000, -0.832262, 301.472621, -0.832262, 0.100000, 0.001033, 0.000100, 0.001033, 0.000100, 0.000000, 0.000100, 301.472621, 0.000000, 10.000000, 293.150000, 0.004000, 10.332905, 10.000000, 0.000102, 10.000000, 0.000102, 0.000000, 0.000102, 10.000000, 301.472621, 301.472621, 0.000000, 28.750003, 28.322621, -0.832262, 0.347262, 0.000000, 0.000100
8.92, 0.000000, 0.000000, 0.000100, 0.000102, 0.000000, -0.000002, 301.307822, 301.307822, 301.307822, -0.815782, 0.000000, 0.000000, 301.307822, 0.100000, 298.000000, 30.130782, 301.307822, 0.000000, 301.983336, 2.000000, 301.983336, 4.166670, 8.000000, 16.000000, 298.150000, 301.983336, 301.983336, 301.983336, 301.307822, 301.307822, 301.307822, 0.000000, 0.000002, 0.000000, 0.000002, 0.000000, 0.000000, 0.000000, 0.000000, 0.001033, 0.001033, 0.001033, 0.000100, 0.000000, 10.000000, 10.000000, 10.000000, 0.000002, 0.000100, 0.000102, 10.000000, 0.000002, 10.000000, 0.000002, 0.000000, 0.000002, 5000000.000000, 0.001033, 0.000000, 0.001033, 0.000000, 0.000000, 0.000000, 5000000.000000, 9.998967, 0.000100, 10.000000, 0.000100, 0.001033, 0.000100, 0.000000, 0.000010, 100000.000000, 0.500000, 100000.000000, 0.000000, 0.001033, 0.000100, 10.000000, 0.000102, 293.150000, -0.815782, 293.150000, -8.157822, -0.815782, 293.150000, -0.815782, 301.307822, -0.815782, 0.100000, 0.001033, 0.000100, 0.001033, 0.000100, 0.000000, 0.000100, 301.307822, 0.000000, 10.000000, 293.150000, 0.004000, 10.326313, 10.000000, 0.000102, 10.000000, 0.000102, 0.000000, 0.000102, 10.000000, 301.307822, 301.307822, 0.000000, 28.833336, 28.157822, -0.815782, 0.330782, 0.000000, 0.000100
8.94, 0.000000, 0.000000, 0.000100, 0.000102, 0.000000, -0.000002, 301.146286, 301.146286, 301.146286, -0.799629, 0.000000, 0.000000, 301.146286, 0.100000, 298.000000, 30.114629, 301.146286, 0.000000, 302.066670, 2.000000, 302.066670, 4.166670, 8.000000, 16.000000, 298.150000, 302.066670, 302.066670, 302.066670, 301.146286, 301.146286, 301.146286, 0.000000, 0.000002, 0.000000, 0.000002, 0.000000, 0.000000, 0.000000, 0.000000, 0.001032, 0.001032, 0.001032, 0.000100, 0.000000, 10.000000, 10.000000, 10.000000, 0.000002, 0.000100, 0.000102, 10.000000, 0.000002, 10.000000, 0.000002, 0.000000, 0.000002, 5000000.000000, 0.001032, 0.000000, 0.001032, 0.000000, 0.000000, 0.000000, 5000000.000000, 9.998968, 0.000100, 10.000000, 0.000100, 0.001032, 0.000100, 0.000000, 0.000010, 100000.000000, 0.500000, 100000.000000, 0.000000, 0.001032, 0.000100, 10.000000, 0.000102, 293.150000, -0.799629, 293.150000, -7.996286, -0.799629, 293.150000, -0.799629, 301.146286, -0.799629, 0.100000, 0.001032, 0.000100, 0.001032, 0.000100, 0.000000, 0.000100, 301.146286, 0.000000, 10.000000, 293.150000, 0.004000, 10.319851, 10.000000, 0.000102, 10.000000, 0.000102, 0.000000, 0.000102, 10.000000, 301.146286, 301.146286, 0.000000, 28.916670, 27.996286, -0.799628, 0.314629, 0.000000, 0.000100
8.96, 0.000000, 0.000000, 0.964784, 0.964788, 0.000000, -0.000004, 302.275056, 302.275056, 302.275056, -0.912506, 0.000000, 9.647833, 302.275056, 0.100000, 298.000000, 30.227506, 302.275056, 1.000000, 302.150003, 2.000000, 302.150003, 4.166670, 8.000000, 16.000000, 298.150000, 302.150003, 302.150003, 302.150003, 302.275056, 302.275056, 302.275056, 0.000000, 0.000002, 0.000000, 0.000002, 0.000000, 0.000002, 0.000000, 0.000002, 9.999990, 9.999990, 9.999990, 0.964784, 0.000002, 10.000000, 10.000000, 10.000000, 0.000002, 0.964786, 0.964788, 10.000000, 0.000002, 10.000000, 0.000002, 0.000000, 0.000002, 5000000.000000, 9.999990, 0.000002, 9.999990, 0.000002, 0.000000, 0.000002, 5000000.000000, 0.000010, 0.964786, 10.000000, 0.964786, 9.999990, 0.964786, 1.000000, 0.000010, 100000.000000, 0.500000, 0.000010, 1.000000, 9.999990, 0.964784, 10.000000, 0.964788, 293.150000, -0.912506, 293.150000, -9.125056, -0.912506, 293.150000, -0.912506, 302.275056, -0.912506, 0.100000, 9.999990, 0.964784, 9.999990, 0.964784, 0.000000, 0.964784, 302.275056, 9.647833, 10.000000, 293.150000, 0.004000, 10.365002, 10.000000, 0.964788, 10.000000, 0.964788, 0.000000, 0.964788, 10.000000, 302.275056, 302.275056, 0.000000, 29.000003, 29.125056, 8.735327, 0.427506, 0.000000, 0.964786
8.98, 0.000000, 0.000000, 0.000100, 0.000102, 0.000000, -0.000002, 303.100329, 303.100329, 303.100329, -0.995033, 0.000000, 0.000000, 303.100329, 0.100000, 298.000000, 30.310033, 303.100329, 0.000000, 302.233337, 2.000000, 302.233337, 4.166670, 8.000000, 16.000000, 298.150000, 302.233337, 302.233337, 302.233337, 303.100329, 303.100329, 303.100329, 0.000000, 0.000002, 0.000000, 0.000002, 0.000000, 0.000000, 0.000000, 0.000000, 0.001040, 0.001040, 0.001040, 0.000100, 0.000000, 10.000000, 10.000000, 10.000000, 0.000002, 0.000100, 0.000102, 10.000000, 0.000002, 10.000000, 0.000002, 0.000000, 0.000002, 5000000.000000, 0.001040, 0.000000, 0.001040, 0.000000, 0.000000, 0.000000, 5000000.000000, 9.998960, 0.000100, 10.000000, 0.000100, 0.001040, 0.000100, 0.000000, 0.000010, 100000.000000, 0.500000, 100000.000000, 0.000000, 0.001040, 0.000100, 10.000000, 0.000102, 293.150000, -0.995033, 293.150000, -9.950329, -0.995033, 293.150000, -0.995033, 303.100329, -0.995033, 0.100000, 0.001040, 0.000100, 0.001040, 0.000100, 0.000000, 0.000100, 303.100329, 0.000000, 10.000000, 293.150000, 0.004000, 10.398013, 10.000000, 0.000102, 10.000000, 0.000102, 0.000000, 0.000102, 10.000000, 303.100329, 303.100329, 0.000000, 29.083337, 29.950329, -0.995033, 0.510033, 0.000000, 0.000100
9, 0.000000, 0.000000, 0.000100, 0.000102, 0.000000, -0.000002, 302.903299, 302.903299, 302.903299, -0.975330, 0.000000, 0.000000, 302.903299, 0.100000, 298.000000, 30.290330, 302.903299, 0.000000, 302.316670, 2.000000, 302.316670, 4.166670, 8.000000, 16.000000, 298.150000, 302.316670, 302.316670, 302.316670, 302.903299, 302.903299, 302.903299, 0.000000, 0.000002, 0.000000, 0.000002, 0.000000, 0.000000, 0.000000, 0.000000, 0.001039, 0.001039, 0.001039, 0.000100, 0.000000, 10.000000, 10.000000, 10.000000, 0.000002, 0.000100, 0.000102, 10.000000, 0.000002, 10.000000, 0.000002, 0.000000, 0.000002, 5000000.000000, 0.001039, 0.000000, 0.001039, 0.000000, 0.000000, 0.000000, 5000000.000000, 9.998961, 0.000100, 10.000000, 0.000100, 0.001039, 0.000100, 0.000000, 0.000010, 100000.000000, 0.500000, 100000.000000, 0.000000, 0.001039, 0.000100, 10.000000, 0.000102, 293.150000, -0.975330, 293.150000, -9.753299, -0.975330, 293.150000, -0.975330, 302.903299, -0.975330, 0.100000, 0.001039, 0.000100, 0.001039, 0.000100, 0.000000, 0.000100, 302.903299, 0.000000, 10.000000, 293.150000, 0.004000, 10.390132, 10.000000, 0.000102, 10.000000, 0.000102, 0.000000, 0.000102, 10.000000, 302.903299, 302.903299, 0.000000, 29.166670, 29.753299, -0.975330, 0.490330, 0.000000, 0.000100
9.02, 0.000000, 0.000000, 0.000100, 0.000102, 0.000000, -0.000002, 302.710171, 302.710171, 302.710171, -0.956017, 0.000000, 0.000000, 302.710171, 0.100000, 298.000000, 30.271017, 302.710171, 0.000000, 302.400003, 2.000000, 302.400003, 4.166670, 8.000000, 16.000000, 298.150000, 302.400003, 302.400003, 302.400003, 302.710171, 302.710171, 302.710171, 0.000000, 0.000002, 0.000000, 0.000002, 0.000000, 0.000000, 0.000000, 0.000000, 0.001038, 0.001038, 0.001038, 0.000100, 0.000000, 10.000000, 10.000000, 10.000000, 0.000002, 0.000100, 0.000102, 10.000000, 0.000002, 10.000000, 0.000002, 0.000000, 0.000002, 5000000.000000, 0.001038, 0.000000, 0.001038, 0.000000, 0.000000, 0.000000, 5000000.000000, 9.998962, 0.000100, 10.000000, 0.000100, 0.001038, 0.000100, 0.000000, 0.000010, 100000.000000, 0.500000, 100000.000000, 0.000000, 0.001038, 0.000100, 10.000000, 0.000102, 293.150000, -0.956017, 293.150000, -9.560171, -0.956017, 293.150000, -0.956017, 302.710171, -0.956017, 0.100000, 0.001038, 0.000100, 0.001038, 0.000100, 0.000000, 0.000100, 302.710171, 0.000000, 10.000000, 293.150000, 0.004000, 10.382407, 10.000000, 0.000102, 10.000000, 0.000102, 0.000000, 0.000102, 10.000000, 302.710171, 302.710171, 0.000000, 29.250003, 29.560171, -0.956017, 0.471017, 0.000000, 0.000100
9.04, 0.000000, 0.000000, 0.000100, 0.000102, 0.000000, -0.000002, 302.520867, 302.520867, 302.520867, -0.937087, 0.000000, 0.000000, 302.520867, 0.100000, 298.000000, 30.252087, 302.520867, 0.000000, 302.483337, 2.000000, 302.483337, 4.166670, 8.000000, 16.000000, 298.150000, 302.483337, 302.483337, 302.483337, 302.520867, 302.520867, 302.520867, 0.000000, 0.000002, 0.000000, 0.000002, 0.000000, 0.000000, 0.000000, 0.000000, 0.001037, 0.001037, 0.001037, 0.000100, 0.000000, 10.000000, 10.000000, 10.000000, 0.000002, 0.000100, 0.000102, 10.000000, 0.000002, 10.000000, 0.000002, 0.000000, 0.000002, 5000000.000000, 0.001037, 0.000000, 0.001037, 0.000000, 0.000000, 0.000000, 5000000.000000, 9.998963, 0.000100, 10.000000, 0.000100, 0.001037, 0.000100, 0.000000, 0.000010, 100000.000000, 0.500000, 100000.000000, 0.000000, 0.001037, 0.000100, 10.000000, 0.000102, 293.150000, -0.937087, 293.150000, -9.370867, -0.937087, 293.150000, -0.937087, 302.520867, -0.937087, 0.100000, 0.001037, 0.000100, 0.001037, 0.000100, 0.000000, 0.000100, 302.520867, 0.000000, 10.000000, 293.150000, 0.004000, 10.374835, 10.000000, 0.000102, 10.000000, 0.000102, 0.000000, 0.000102, 10.000000, 302.520867, 302.520867, 0.000000, 29.333337, 29.370867, -0.937087, 0.452087, 0.000000, 0.000100
9.06, 0.000000, 0.000000, 0.000100, 0.000102, 0.000000, -0.000002, 302.335311, 302.335311, 302.335311, -0.918531, 0.000000, 0.000000, 302.335311, 0.100000, 298.000000, 30.233531, 302.335311, 0.000000, 302.566670, 2.000000, 302.566670, 4.166670, 8.000000, 16.000000, 298.150000, 302.566670, 302.566670, 302.566670, 302.335311, 302.335311, 302.335311, 0.000000, 0.000002, 0.000000, 0.000002, 0.000000, 0.000000, 0.000000, 0.000000, 0.001037, 0.001037, 0.001037, 0.000100, 0.000000, 10.000000, 10.000000, 10.000000, 0.000002, 0.000100, 0.000102, 10.000000, 0.000002, 10.000000, 0.000002, 0.000000, 0.000002, 5000000.000000, 0.001037, 0.000000, 0.001037, 0.000000, 0.000000, 0.000000, 5000000.000000, 9.998963, 0.000100, 10.000000, 0.000100, 0.001037, 0.000100, 0.000000, 0.000010, 100000.000000, 0.500000, 100000.000000, 0.000000, 0.001037, 0.000100, 10.000000, 0.000102, 293.150000, -0.918531, 293.150000, -9.185311, -0.918531, 293.150000, -0.918531, 302.335311, -0.918531, 0.100000, 0.001037, 0.000100, 0.001037, 0.000100, 0.000000, 0.000100, 302.335311, 0.000000, 10.000000, 293.150000, 0.004000, 10.367412, 10.000000, 0.000102, 10.000000, 0.000102, 0.000000, 0.000102, 10.000000, 302.335311, 302.335311, 0.000000, 29.416670, 29.185311, -0.918531, 0.433531, 0.000000, 0.000100
9.08, 0.000000, 0.000000, 0.000100, 0.000102, 0.000000, -0.000002, 302.153430, 302.153430, 302.153430, -0.900343, 0.000000, 0.000000, 302.153430, 0.100000, 298.000000, 30.215343, 302.153430, 0.000000, 302.650004, 2.000000, 302.650004, 4.166670, 8.000000, 16.000000, 298.150000, 302.650004, 302.650004, 302.650004, 302.153430, 302.153430, 302.153430, 0.000000, 0.000002, 0.000000, 0.000002, 0.000000, 0.000000, 0.000000, 0.000000, 0.001036, 0.001036, 0.001036, 0.000100, 0.000000, 10.000000, 10.000000, 10.000000, 0.000002, 0.000100, 0.000102, 10.000000, 0.000002, 10.000000, 0.000002, 0.000000, 0.000002, 5000000.000000, 0.001036, 0.000000, 0.001036, 0.000000, 0.000000, 0.000000, 5000000.000000, 9.998964, 0.000100, 10.000000, 0.000100, 0.001036, 0.000100, 0.000000, 0.000010, 100000.000000, 0.500000, 100000.000000, 0.000000, 0.001036, 0.000100, 10.000000, 0.000102, 293.150000, -0.900343, 293.150000, -9.003430, -0.900343, 293.150000, -0.900343, 302.153430, -0.900343, 0.100000, 0.001036, 0.000100, 0.001036, 0.000100, 0.000000, 0.000100, 302.153430, 0.000000, 10.000000, 293.150000, 0.004000, 10.360137, 10.000000, 0.000102, 10.000000, 0.000102, 0.000000, 0.000102, 10.000000, 302.153430, 302.153430, 0.000000, 29.500004, 29.003430, -0.900343, 0.415343, 0.000000, 0.000100
9.1, 0.000000, 0.000000, 0.000100, 0.000102, 0.000000, -0.000002, 301.975150, 301.975150, 301.975150, -0.882515, 0.000000, 0.000000, 301.975150, 0.100000, 298.000000, 30.197515, 301.975150, 0.000000, 302.733337, 2.000000, 302.733337, 4.166670, 8.000000, 16.000000, 298.150000, 302.733337, 302.733337, 302.733337, 301.975150, 301.975150, 301.975150, 0.000000, 0.000002, 0.000000, 0.000002, 0.000000, 0.000000, 0.000000, 0.000000, 0.001035, 0.001035, 0.001035, 0.000100, 0.000000, 10.000000, 10.000000, 10.000000, 0.000002, 0.000100, 0.000102, 10.000000, 0.000002, 10.000000, 0.000002, 0.000000, 0.000002, 5000000.000000, 0.001035, 0.000000, 0.001035, 0.000000, 0.000000, 0.000000, 5000000.000000, 9.998965, 0.000100, 10.000000, 0.000100, 0.001035, 0.000100, 0.000000, 0.000010, 100000.000000, 0.500000, 100000.000000, 0.000000, 0.001035, 0.000100, 10.000000, 0.000102, 293.150000, -0.882515, 293.150000, -8.825150, -0.882515, 293.150000, -0.882515, 301.975150, -0.882515, 0.100000, 0.001035, 0.000100, 0.001035, 0.000100, 0.000000, 0.000100, 301.975150, 0.000000, 10.000000, 293.150000, 0.004000, 10.353006, 10.000000, 0.000102, 10.000000, 0.000102, 0.000000, 0.000102, 10.000000, 301.975150, 301.975150, 0.000000, 29.583337, 28.825150, -0.882515, 0.397515, 0.000000, 0.000100
9.12, 0.000000, 0.000000, 0.966122, 0.966126, 0.000000, -0.000004, 301.916289, 301.916289, 301.916289, -0.876629, 0.000000, 9.661209, 301.916289, 0.100000, 298.000000, 30.191629, 301.916289, 1.000000, 302.816670, 2.000000, 302.816670, 4.166670, 8.000000, 16.000000, 298.150000, 302.816670, 302.816670, 302.816670, 301.916289, 301.916289, 301.916289, 0.000000, 0.000002, 0.000000, 0.000002, 0.000000, 0.000002, 0.000000, 0.000002, 9.999990, 9.999990, 9.999990, 0.966122, 0.000002, 10.000000, 10.000000, 10.000000, 0.000002, 0.966124, 0.966126, 10.000000, 0.000002, 10.000000, 0.000002, 0.000000, 0.000002, 5000000.000000, 9.999990, 0.000002, 9.999990, 0.000002, 0.000000, 0.000002, 5000000.000000, 0.000010, 0.966124, 10.000000, 0.966124, 9.999990, 0.966124, 1.000000, 0.000010, 100000.000000, 0.500000, 0.000010, 1.000000, 9.999990, 0.966122, 10.000000, 0.966126, 293.150000, -0.876629, 293.150000, -8.766289, -0.876629, 293.150000, -0.876629, 301.916289, -0.876629, 0.100000, 9.999990, 0.966122, 9.999990, 0.966122, 0.000000, 0.966122, 301.916289, 9.661209, 10.000000, 293.150000, 0.004000, 10.350652, 10.000000, 0.966126, 10.000000, 0.966126, 0.000000, 0.966126, 10.000000, 301.916289, 301.916289, 0.000000, 29.666670, 28.766289, 8.784580, 0.391629, 0.000000, 0.966124
9.14, 0.000000, 0.000000, 0.959694, 0.959698, 0.000000, -0.000004, 303.649324, 303.649324, 303.649324, -1.049932, 0.000000, 9.596935, 303.649324, 0.100000, 298.000000, 30.364932, 303.649324, 1.000000, 302.900004, 2.000000, 302.900004, 4.166670, 8.000000, 16.000000, 298.150000, 302.900004, 302.900004, 302.900004, 303.649324, 303.649324, 303.649324, 0.000000, 0.000002, 0.000000, 0.000002, 0.000000, 0.000002, 0.000000, 0.000002, 9.999990, 9.999990, 9.999990, 0.959694, 0.000002, 10.000000, 10.000000, 10.000000, 0.000002, 0.959696, 0.959698, 10.000000, 0.000002, 10.000000, 0.000002, 0.000000, 0.000002, 5000000.000000, 9.999990, 0.000002, 9.999990, 0.000002, 0.000000, 0.000002, 5000000.000000, 0.000010, 0.959696, 10.000000, 0.959696, 9.999990, 0.959696, 1.000000, 0.000010, 100000.000000, 0.500000, 0.000010, 1.000000, 9.999990, 0.959694, 10.000000, 0.959698, 293.150000, -1.049932, 293.150000, -10.499324, -1.049932, 293.150000, -1.049932, 303.649324, -1.049932, 0.100000, 9.999990, 0.959694, 9.999990, 0.959694, 0.000000, 0.959694, 303.649324, 9.596935, 10.000000, 293.150000, 0.004000, 10.419973, 10.000000, 0.959698, 10.000000, 0.959698, 0.000000, 0.959698, 10.000000, 303.649324, 303.649324, 0.000000, 29.750004, 30.499324, 8.547003, 0.564932, 0.000000, 0.959696
9.16, 0.000000, 0.000000, 0.000100, 0.000102, 0.000000, -0.000002, 303.733342, 303.733342, 303.733342, -1.058334, 0.000000, 0.000000, 303.733342, 0.100000, 298.000000, 30.373334, 303.733342, 0.000000, 302.983337, 2.000000, 302.983337, 4.166670, 8.000000, 16.000000, 298.150000, 302.983337, 302.983337, 302.983337, 303.733342, 303.733342, 303.733342, 0.000000, 0.000002, 0.000000, 0.000002, 0.000000, 0.000000, 0.000000, 0.000000, 0.001042, 0.001042, 0.001042, 0.000100, 0.000000, 10.000000, 10.000000, 10.000000, 0.000002, 0.000100, 0.000102, 10.000000, 0.000002, 10.000000, 0.000002, 0.000000, 0.000002, 5000000.000000, 0.001042, 0.000000, 0.001042, 0.000000, 0.000000, 0.000000, 5000000.000000, 9.998958, 0.000100, 10.000000, 0.000100, 0.001042, 0.000100, 0.000000, 0.000010, 100000.000000, 0.500000, 100000.000000, 0.000000, 0.001042, 0.000100, 10.000000, 0.000102, 293.150000, -1.058334, 293.150000, -10.583342, -1.058334, 293.150000, -1.058334, 303.733342, -1.058334, 0.100000, 0.001042, 0.000100, 0.001042, 0.000100, 0.000000, 0.000100, 303.733342, 0.000000, 10.000000, 293.150000, 0.004000, 10.423334, 10.000000, 0.000102, 10.000000, 0.000102, 0.000000, 0.000102, 10.000000, 303.733342, 303.733342, 0.000000, 29.833337, 30.583342, -1.058334, 0.573334, 0.000000, 0.000100
9.18, 0.000000, 0.000000, 0.000100, 0.000102, 0.000000, -0.000002, 303.523778, 303.523778, 303.523778, -1.037378, 0.000000, 0.000000, 303.523778, 0.100000, 298.000000, 30.352378, 303.523778, 0.000000, 303.066671, 2.000000, 303.066671, 4.166670, 8.000000, 16.000000, 298.150000, 303.066671, 303.066671, 303.066671, 303.523778, 303.523778, 303.523778, 0.000000, 0.000002, 0.000000, 0.000002, 0.000000, 0.000000, 0.000000, 0.000000, 0.001041, 0.001041, 0.001041, 0.000100, 0.000000, 10.000000, 10.000000, 10.000000, 0.000002, 0.000100, 0.000102, 10.000000, 0.000002, 10.000000, 0.000002, 0.000000, 0.000002, 5000000.000000, 0.001041, 0.000000, 0.001041, 0.000000, 0.000000, 0.000000, 5000000.000000, 9.998959, 0.000100, 10.000000, 0.000100, 0.001041, 0.000100, 0.000000, 0.000010, 100000.000000, 0.500000, 100000.000000, 0.000000, 0.001041, 0.000100, 10.000000, 0.000102, 293.150000, -1.037378, 293.150000, -10.373778, -1.037378, 293.150000, -1.037378, 303.523778, -1.037378, 0.100000, 0.001041, 0.000100, 0.001041, 0.000100, 0.000000, 0.000100, 303.523778, 0.000000, 10.000000, 293.150000, 0.004000, 10.414951, 10.000000, 0.000102, 10.000000, 0.000102, 0.000000, 0.000102, 10.000000, 303.523778, 303.523778, 0.000000, 29.916671, 30.373778, -1.037378, 0.552378, 0.000000, 0.000100
9.2, 0.000000, 0.000000, 0.000100, 0.000102, 0.000000, -0.000002, 303.318363, 303.318363, 303.318363, -1.016836, 0.000000, 0.000000, 303.318363, 0.100000, 298.000000, 30.331836, 303.318363, 0.000000, 303.150004, 2.000000, 303.150004, 4.166670, 8.000000, 16.000000, 298.150000, 303.150004, 303.150004, 303.150004, 303.318363, 303.318363, 303.318363, 0.000000, 0.000002, 0.000000, 0.000002, 0.000000, 0.000000, 0.000000, 0.000000, 0.001041, 0.001041, 0.001041, 0.000100, 0.000000, 10.000000, 10.000000, 10.000000, 0.000002, 0.000100, 0.000102, 10.000000, 0.000002, 10.000000, 0.000002, 0.000000, 0.000002, 5000000.000000, 0.001041, 0.000000, 0.001041, 0.000000, 0.000000, 0.000000, 5000000.000000, 9.998959, 0.000100, 10.000000, 0.000100, 0.001041, 0.000100, 0.000000, 0.000010, 100000.000000, 0.500000, 100000.000000, 0.000000, 0.001041, 0.000100, 10.000000, 0.000102, 293.150000, -1.016836, 293.150000, -10.168363, -1.016836, 293.150000, -1.016836, 303.318363, -1.016836, 0.100000, 0.001041, 0.000100, 0.001041, 0.000100, 0.000000, 0.000100, 303.318363, 0.000000, 10.000000, 293.150000, 0.004000, 10.406735, 10.000000, 0.000102, 10.000000, 0.000102, 0.000000, 0.000102, 10.000000, 303.318363, 303.318363, 0.000000, 30.000004, 30.168363, -1.016836, 0.531836, 0.000000, 0.000100
9.22, 0.000000, 0.000000, 0.000100, 0.000102, 0.000000, -0.000002, 303.117016, 303.117016, 303.117016, -0.996702, 0.000000, 0.000000, 303.117016, 0.100000, 298.000000, 30.311702, 303.117016, 0.000000, 303.233337, 2.000000, 303.233337, 4.166670, 8.000000, 16.000000, 298.150000, 303.233337, 303.233337, 303.233337, 303.117016, 303.117016, 303.117016, 0.000000, 0.000002, 0.000000, 0.000002, 0.000000, 0.000000, 0.000000, 0.000000, 0.001040, 0.001040, 0.001040, 0.000100, 0.000000, 10.000000, 10.000000, 10.000000, 0.000002, 0.000100, 0.000102, 10.000000, 0.000002, 10.000000, 0.000002, 0.000000, 0.000002, 5000000.000000, 0.001040, 0.000000, 0.001040, 0.000000, 0.000000, 0.000000, 5000000.000000, 9.998960, 0.000100, 10.000000, 0.000100, 0.001040, 0.000100, 0.000000, 0.000010, 100000.000000, 0.500000, 100000.000000, 0.000000, 0.001040, 0.000100, 10.000000, 0.000102, 293.150000, -0.996702, 293.150000, -9.967016, -0.996702, 293.150000, -0.996702, 303.117016, -0.996702, 0.100000, 0.001040, 0.000100, 0.001040, 0.000100, 0.000000, 0.000100, 303.117016, 0.000000, 10.000000, 293.150000, 0.004000, 10.398681, 10.000000, 0.000102, 10.000000, 0.000102, 0.000000, 0.000102, 10.000000, 303.117016, 303.117016, 0.000000, 30.083337, 29.967016, -0.996702, 0.511702, 0.000000, 0.000100
9.24, 0.000000, 0.000000, 0.000100, 0.000102, 0.000000, -0.000002, 302.919656, 302.919656, 302.919656, -0.976966, 0.000000, 0.000000, 302.919656, 0.100000, 298.000000, 30.291966, 302.919656, 0.000000, 303.316671, 2.000000, 303.316671, 4.166670, 8.000000, 16.000000, 298.150000, 303.316671, 303.316671, 303.316671, 302.919656, 302.919656, 302.919656, 0.000000, 0.000002, 0.000000, 0.000002, 0.000000, 0.000000, 0.000000, 0.000000, 0.001039, 0.001039, 0.001039, 0.000100, 0.000000, 10.000000, 10.000000, 10.000000, 0.000002, 0.000100, 0.000102, 10.000000, 0.000002, 10.000000, 0.000002, 0.000000, 0.000002, 5000000.000000, 0.001039, 0.000000, 0.001039, 0.000000, 0.000000, 0.000000, 5000000.000000, 9.998961, 0.000100, 10.000000, 0.000100, 0.001039, 0.000100, 0.000000, 0.000010, 100000.000000, 0.500000, 100000.000000, 0.000000, 0.001039, 0.000100, 10.000000, 0.000102, 293.150000, -0.976966, 293.150000, -9.769656, -0.976966, 293.150000, -0.976966, 302.919656, -0.976966, 0.100000, 0.001039, 0.000100, 0.001039, 0.000100, 0.000000, 0.000100, 302.919656, 0.000000, 10.000000, 293.150000, 0.004000, 10.390786, 10.000000, 0.000102, 10.000000, 0.000102, 0.000000, 0.000102, 10.000000, 302.919656, 302.919656, 0.000000, 30.166671, 29.769656, -0.976965, 0.491966, 0.000000, 0.000100
9.26, 0.000000, 0.000000, 0.000100, 0.000102, 0.000000, -0.000002, 302.726204, 302.726204, 302.726204, -0.957620, 0.000000, 0.000000, 302.726204, 0.100000, 298.000000, 30.272620, 302.726204, 0.000000, 303.400004, 2.000000, 303.400004, 4.166670, 8.000000, 16.000000, 298.150000, 303.400004, 303.400004, 303.400004, 302.726204, 302.726204, 302.726204, 0.000000, 0.000002, 0.000000, 0.000002, 0.000000, 0.000000, 0.000000, 0.000000, 0.001038, 0.001038, 0.001038, 0.000100, 0.000000, 10.000000, 10.000000, 10.000000, 0.000002, 0.000100, 0.000102, 10.000000, 0.000002, 10.000000, 0.000002, 0.000000, 0.000002, 5000000.000000, 0.001038, 0.000000, 0.001038, 0.000000, 0.000000, 0.000000, 5000000.000000, 9.998962, 0.000100, 10.000000, 0.000100, 0.001038, 0.000100, 0.000000, 0.000010, 100000.000000, 0.500000, 100000.000000, 0.000000, 0.001038, 0.000100, 10.000000, 0.000102, 293.150000, -0.957620, 293.150000, -9.576204, -0.957620, 293.150000, -0.957620, 302.726204, -0.957620, 0.100000, 0.001038, 0.000100, 0.001038, 0.000100, 0.000000, 0.000100, 302.726204, 0.000000, 10.000000, 293.150000, 0.004000, 10.383048, 10.000000, 0.000102, 10.000000, 0.000102, 0.000000, 0.000102, 10.000000, 302.726204, 302.726204, 0.000000, 30.250004, 29.576204, -0.957620, 0.472620, 0.000000, 0.000100
9.28, 0.000000, 0.000000, 0.000100, 0.000102, 0.000000, -0.000002, 302.536582, 302.536582, 302.536582, -0.938658, 0.000000, 0.000000, 302.536582, 0.100000, 298.000000, 30.253658, 302.536582, 0.000000, 303.483338, 2.000000, 303.483338, 4.166670, 8.000000, 16.000000, 298.150000, 303.483338, 303.483338, 303.483338, 302.536582, 302.536582, 302.536582, 0.000000, 0.000002, 0.000000, 0.000002, 0.000000, 0.000000, 0.000000, 0.000000, 0.001037, 0.001037, 0.001037, 0.000100, 0.000000, 10.000000, 10.000000, 10.000000, 0.000002, 0.000100, 0.000102, 10.000000, 0.000002, 10.000000, 0.000002, 0.000000, 0.000002, 5000000.000000, 0.001037, 0.000000, 0.001037, 0.000000, 0.000000, 0.000000, 5000000.000000, 9.998963, 0.000100, 10.000000, 0.000100, 0.001037, 0.000100, 0.000000, 0.000010, 100000.000000, 0.500000, 100000.000000, 0.000000, 0.001037, 0.000100, 10.000000, 0.000102, 293.150000, -0.938658, 293.150000, -9.386582, -0.938658, 293.150000, -0.938658, 302.536582, -0.938658, 0.100000, 0.001037, 0.000100, 0.001037, 0.000100, 0.000000, 0.000100, 302.536582, 0.000000, 10.000000, 293.150000, 0.004000, 10.375463, 10.000000, 0.000102, 10.000000, 0.000102, 0.000000, 0.000102, 10.000000, 302.536582, 302.536582, 0.000000, 30.333338, 29.386582, -0.938658, 0.453658, 0.000000, 0.000100
9.3, 0.000000, 0.000000, 0.958858, 0.958862, 0.000000, -0.000004, 303.876687, 303.876687, 303.876687, -1.072669, 0.000000, 9.588567, 303.876687, 0.100000, 298.000000, 30.387669, 303.876687, 1.000000, 303.566671, 2.000000, 303.566671, 4.166670, 8.000000, 16.000000, 298.150000, 303.566671, 303.566671, 303.566671, 303.876687, 303.876687, 303.876687, 0.000000, 0.000002, 0.000000, 0.000002, 0.000000, 0.000002, 0.000000, 0.000002, 9.999990, 9.999990, 9.999990, 0.958858, 0.000002, 10.000000, 10.000000, 10.000000, 0.000002, 0.958860, 0.958862, 10.000000, 0.000002, 10.000000, 0.000002, 0.000000, 0.000002, 5000000.000000, 9.999990, 0.000002, 9.999990, 0.000002, 0.000000, 0.000002, 5000000.000000, 0.000010, 0.958860, 10.000000, 0.958860, 9.999990, 0.958860, 1.000000, 0.000010, 100000.000000, 0.500000, 0.000010, 1.000000, 9.999990, 0.958858, 10.000000, 0.958862, 293.150000, -1.072669, 293.150000, -10.726687, -1.072669, 293.150000, -1.072669, 303.876687, -1.072669, 0.100000, 9.999990, 0.958858, 9.999990, 0.958858, 0.000000, 0.958858, 303.876687, 9.588567, 10.000000, 293.150000, 0.004000, 10.429067, 10.000000, 0.958862, 10.000000, 0.958862, 0.000000, 0.958862, 10.000000, 303.876687, 303.876687, 0.000000, 30.416671, 30.726687, 8.515898, 0.587669, 0.000000, 0.958860
9.32, 0.000000, 0.000000, 0.000100, 0.000102, 0.000000, -0.000002, 304.474924, 304.474924, 304.474924, -1.132492, 0.000000, 0.000000, 304.474924, 0.100000, 298.000000, 30.447492, 304.474924, 0.000000, 303.650004, 2.000000, 303.650004, 4.166670, 8.000000, 16.000000, 298.150000, 303.650004, 303.650004, 303.650004, 304.474924, 304.474924, 304.474924, 0.000000, 0.000002, 0.000000, 0.000002, 0.000000, 0.000000, 0.000000, 0.000000, 0.001045, 0.001045, 0.001045, 0.000100, 0.000000, 10.000000, 10.000000, 10.000000, 0.000002, 0.000100, 0.000102, 10.000000, 0.000002, 10.000000, 0.000002, 0.000000, 0.000002, 5000000.000000, 0.001045, 0.000000, 0.001045, 0.000000, 0.000000, 0.000000, 5000000.000000, 9.998955, 0.000100, 10.000000, 0.000100, 0.001045, 0.000100, 0.000000, 0.000010, 100000.000000, 0.500000, 100000.000000, 0.000000, 0.001045, 0.000100, 10.000000, 0.000102, 293.150000, -1.132492, 293.150000, -11.324924, -1.132492, 293.150000, -1.132492, 304.474924, -1.132492, 0.100000, 0.001045, 0.000100, 0.001045, 0.000100, 0.000000, 0.000100, 304.474924, 0.000000, 10.000000, 293.150000, 0.004000, 10.452997, 10.000000, 0.000102, 10.000000, 0.000102, 0.000000, 0.000102, 10.000000, 304.474924, 304.474924, 0.000000, 30.500004, 31.324924, -1.132492, 0.647492, 0.000000, 0.000100
9.34, 0.000000, 0.000000, 0.000100, 0.000102, 0.000000, -0.000002, 304.250675, 304.250675, 304.250675, -1.110068, 0.000000, 0.000000, 304.250675, 0.100000, 298.000000, 30.425068, 304.250675, 0.000000, 303.733338, 2.000000, 303.733338, 4.166670, 8.000000, 16.000000, 298.150000, 303.733338, 303.733338, 303.733338, 304.250675, 304.250675, 304.250675, 0.000000, 0.000002, 0.000000, 0.000002, 0.000000, 0.000000, 0.000000, 0.000000, 0.001044, 0.001044, 0.001044, 0.000100, 0.000000, 10.000000, 10.000000, 10.000000, 0.000002, 0.000100, 0.000102, 10.000000, 0.000002, 10.000000, 0.000002, 0.000000, 0.000002, 5000000.000000, 0.001044, 0.000000, 0.001044, 0.000000, 0.000000, 0.000000, 5000000.000000, 9.998956, 0.000100, 10.000000, 0.000100, 0.001044, 0.000100, 0.000000, 0.000010, 100000.000000, 0.500000, 100000.000000, 0.000000, 0.001044, 0.000100, 10.000000, 0.000102, 293.150000, -1.110068, 293.150000, -11.100675, -1.110068, 293.150000, -1.110068, 304.250675, -1.110068, 0.100000, 0.001044, 0.000100, 0.001044, 0.000100, 0.000000, 0.000100, 304.250675, 0.000000, 10.000000, 293.150000, 0.004000, 10.444027, 10.000000, 0.000102, 10.000000, 0.000102, 0.000000, 0.000102, 10.000000, 304.250675, 304.250675, 0.000000, 30.583338, 31.100675, -1.110067, 0.625068, 0.000000, 0.000100
9.36, 0.000000, 0.000000, 0.000100, 0.000102, 0.000000, -0.000002, 304.030867, 304.030867, 304.030867, -1.088087, 0.000000, 0.000000, 304.030867, 0.100000, 298.000000, 30.403087, 304.030867, 0.000000, 303.816671, 2.000000, 303.816671, 4.166670, 8.000000, 16.000000, 298.150000, 303.816671, 303.816671, 303.816671, 304.030867, 304.030867, 304.030867, 0.000000, 0.000002, 0.000000, 0.000002, 0.000000, 0.000000, 0.000000, 0.000000, 0.001043, 0.001043, 0.001043, 0.000100, 0.000000, 10.000000, 10.000000, 10.000000, 0.000002, 0.000100, 0.000102, 10.000000, 0.000002, 10.000000, 0.000002, 0.000000, 0.000002, 5000000.000000, 0.001043, 0.000000, 0.001043, 0.000000, 0.000000, 0.000000, 5000000.000000, 9.998957, 0.000100, 10.000000, 0.000100, 0.001043, 0.000100, 0.000000, 0.000010, 100000.000000, 0.500000, 100000.000000, 0.000000, 0.001043, 0.000100, 10.000000, 0.000102, 293.150000, -1.088087, 293.150000, -10.880867, -1.088087, 293.150000, -1.088087, 304.030867, -1.088087, 0.100000, 0.001043, 0.000100, 0.001043, 0.000100, 0.000000, 0.000100, 304.030867, 0.000000, 10.000000, 293.150000, 0.004000, 10.435235, 10.000000, 0.000102, 10.000000, 0.000102, 0.000000, 0.000102, 10.000000, 304.030867, 304.030867, 0.000000, 30.666671, 30.880867, -1.088087, 0.603087, 0.000000, 0.000100
9.38, 0.000000, 0.000000, 0.000100, 0.000102, 0.000000, -0.000002, 303.815411, 303.815411, 303.815411, -1.066541, 0.000000, 0.000000, 303.815411, 0.100000, 298.000000, 30.381541, 303.815411, 0.000000, 303.900005, 2.000000, 303.900005, 4.166670, 8.000000, 16.000000, 298.150000, 303.900005, 303.900005, 303.900005, 303.815411, 303.815411, 303.815411, 0.000000, 0.000002, 0.000000, 0.000002, 0.000000, 0.000000, 0.000000, 0.000000, 0.001043, 0.001043, 0.001043, 0.000100, 0.000000, 10.000000, 10.000000, 10.000000, 0.000002, 0.000100, 0.000102, 10.000000, 0.000002, 10.000000, 0.000002, 0.000000, 0.000002, 5000000.000000, 0.001043, 0.000000, 0.001043, 0.000000, 0.000000, 0.000000, 5000000.000000, 9.998957, 0.000100, 10.000000, 0.000100, 0.001043, 0.000100, 0.000000, 0.000010, 100000.000000, 0.500000, 100000.000000, 0.000000, 0.001043, 0.000100, 10.000000, 0.000102, 293.150000, -1.066541, 293.150000, -10.665411, -1.066541, 293.150000, -1.066541, 303.815411, -1.066541, 0.100000, 0.001043, 0.000100, 0.001043, 0.000100, 0.000000, 0.000100, 303.815411, 0.000000, 10.000000, 293.150000, 0.004000, 10.426616, 10.000000, 0.000102, 10.000000, 0.000102, 0.000000, 0.000102, 10.000000, 303.815411, 303.815411, 0.000000, 30.750005, 30.665411, -1.066541, 0.581541, 0.000000, 0.000100
9.4, 0.000000, 0.000000, 0.000100, 0.000102, 0.000000, -0.000002, 303.604222, 303.604222, 303.604222, -1.045422, 0.000000, 0.000000, 303.604222, 0.100000, 298.000000, 30.360422, 303.604222, 0.000000, 303.983338, 2.000000, 303.983338, 4.166670, 8.000000, 16.000000, 298.150000, 303.983338, 303.983338, 303.983338, 303.604222, 303.604222, 303.604222, 0.000000, 0.000002, 0.000000, 0.000002, 0.000000, 0.000000, 0.000000, 0.000000, 0.001042, 0.001042, 0.001042, 0.000100, 0.000000, 10.000000, 10.000000, 10.000000, 0.000002, 0.000100, 0.000102, 10.000000, 0.000002, 10.000000, 0.000002, 0.000000, 0.000002, 5000000.000000, 0.001042, 0.000000, 0.001042, 0.000000, 0.000000, 0.000000, 5000000.000000, 9.998958, 0.000100, 10.000000, 0.000100, 0.001042, 0.000100, 0.000000, 0.000010, 100000.000000, 0.500000, 100000.000000, 0.000000, 0.001042, 0.000100, 10.000000, 0.000102, 293.150000, -1.045422, 293.150000, -10.454222, -1.045422, 293.150000, -1.045422, 303.604222, -1.045422, 0.100000, 0.001042, 0.000100, 0.001042, 0.000100, 0.000000, 0.000100, 303.604222, 0.000000, 10.000000, 293.150000, 0.004000, 10.418169, 10.000000, 0.000102, 10.000000, 0.000102, 0.000000, 0.000102, 10.000000, 303.604222, 303.604222, 0.000000, 30.833338, 30.454222, -1.045422, 0.560422, 0.000000, 0.000100
9.42, 0.000000, 0.000000, 0.000100, 0.000102, 0.000000, -0.000002, 303.397215, 303.397215, 303.397215, -1.024721, 0.000000, 0.000000, 303.397215, 0.100000, 298.000000, 30.339721, 303.397215, 0.000000, 304.066671, 2.000000, 304.066671, 4.166670, 8.000000, 16.000000, 298.150000, 304.066671, 304.066671, 304.066671, 303.397215, 303.397215, 303.397215, 0.000000, 0.000002, 0.000000, 0.000002, 0.000000, 0.000000, 0.000000, 0.000000, 0.001041, 0.001041, 0.001041, 0.000100, 0.000000, 10.000000, 10.000000, 10.000000, 0.000002, 0.000100, 0.000102, 10.000000, 0.000002, 10.000000, 0.000002, 0.000000, 0.000002, 5000000.000000, 0.001041, 0.000000, 0.001041, 0.000000, 0.000000, 0.000000, 5000000.000000, 9.998959, 0.000100, 10.000000, 0.000100, 0.001041, 0.000100, 0.000000, 0.000010, 100000.000000, 0.500000, 100000.000000, 0.000000, 0.001041, 0.000100, 10.000000, 0.000102, 293.150000, -1.024721, 293.150000, -10.247215, -1.024721, 293.150000, -1.024721, 303.397215, -1.024721, 0.100000, 0.001041, 0.000100, 0.001041, 0.000100, 0.000000, 0.000100, 303.397215, 0.000000, 10.000000, 293.150000, 0.004000, 10.409889, 10.000000, 0.000102, 10.000000, 0.000102, 0.000000, 0.000102, 10.000000, 303.397215, 303.397215, 0.000000, 30.916671, 30.247215, -1.024721, 0.539721, 0.000000, 0.000100
9.44, 0.000000, 0.000000, 0.000100, 0.000102, 0.000000, -0.000002, 303.194306, 303.194306, 303.194306, -1.004431, 0.000000, 0.000000, 303.194306, 0.100000, 298.000000, 30.319431, 303.194306, 0.000000, 304.150005, 2.000000, 304.150005, 4.166670, 8.000000, 16.000000, 298.150000, 304.150005, 304.150005, 304.150005, 303.194306, 303.194306, 303.194306, 0.000000, 0.000002, 0.000000, 0.000002, 0.000000, 0.000000, 0.000000, 0.000000, 0.001040, 0.001040, 0.001040, 0.000100, 0.000000, 10.000000, 10.000000, 10.000000, 0.000002, 0.000100, 0.000102, 10.000000, 0.000002, 10.000000, 0.000002, 0.000000, 0.000002, 5000000.000000, 0.001040, 0.000000, 0.001040, 0.000000, 0.000000, 0.000000, 5000000.000000, 9.998960, 0.000100, 10.000000, 0.000100, 0.001040, 0.000100, 0.000000, 0.000010, 100000.000000, 0.500000, 100000.000000, 0.000000, 0.001040, 0.000100, 10.000000, 0.000102, 293.150000, -1.004431, 293.150000, -10.044306, -1.004431, 293.150000, -1.004431, 303.194306, -1.004431, 0.100000, 0.001040, 0.000100, 0.001040, 0.000100, 0.000000, 0.000100, 303.194306, 0.000000, 10.000000, 293.150000, 0.004000, 10.401772, 10.000000, 0.000102, 10.000000, 0.000102, 0.000000, 0.000102, 10.000000, 303.194306, 303.194306, 0.000000, 31.000005, 30.044306, -1.004431, 0.519431, 0.000000, 0.000100
9.46, 0.000000, 0.000000, 0.956231, 0.956235, 0.000000, -0.000004, 304.592809, 304.592809, 304.592809, -1.144281, 0.000000, 9.562302, 304.592809, 0.100000, 298.000000, 30.459281, 304.592809, 1.000000, 304.233338, 2.000000, 304.233338, 4.166670, 8.000000, 16.000000, 298.150000, 304.233338, 304.233338, 304.233338, 304.592809, 304.592809, 304.592809, 0.000000, 0.000002, 0.000000, 0.000002, 0.000000, 0.000002, 0.000000, 0.000002, 9.999990, 9.999990, 9.999990, 0.956231, 0.000002, 10.000000, 10.000000, 10.000000, 0.000002, 0.956233, 0.956235, 10.000000, 0.000002, 10.000000, 0.000002, 0.000000, 0.000002, 5000000.000000, 9.999990, 0.000002, 9.999990, 0.000002, 0.000000, 0.000002, 5000000.000000, 0.000010, 0.956233, 10.000000, 0.956233, 9.999990, 0.956233, 1.000000, 0.000010, 100000.000000, 0.500000, 0.000010, 1.000000, 9.999990, 0.956231, 10.000000, 0.956235, 293.150000, -1.144281, 293.150000, -11.442809, -1.144281, 293.150000, -1.144281, 304.592809, -1.144281, 0.100000, 9.999990, 0.956231, 9.999990, 0.956231, 0.000000, 0.956231, 304.592809, 9.562302, 10.000000, 293.150000, 0.004000, 10.457712, 10.000000, 0.956235, 10.000000, 0.956235, 0.000000, 0.956235, 10.000000, 304.592809, 304.592809, 0.000000, 31.083338, 31.442809, 8.418022, 0.659281, 0.000000, 0.956233
9.48, 0.000000, 0.000000, 0.000100, 0.000102, 0.000000, -0.000002, 305.127529, 305.127529, 305.127529, -1.197753, 0.000000, 0.000000, 305.127529, 0.100000, 298.000000, 30.512753, 305.127529, 0.000000, 304.316672, 2.000000, 304.316672, 4.166670, 8.000000, 16.000000, 298.150000, 304.316672, 304.316672, 304.316672, 305.127529, 305.127529, 305.127529, 0.000000, 0.000002, 0.000000, 0.000002, 0.000000, 0.000000, 0.000000, 0.000000, 0.001048, 0.001048, 0.001048, 0.000100, 0.000000, 10.000000, 10.000000, 10.000000, 0.000002, 0.000100, 0.000102, 10.000000, 0.000002, 10.000000, 0.000002, 0.000000, 0.000002, 5000000.000000, 0.001048, 0.000000, 0.001048, 0.000000, 0.000000, 0.000000, 5000000.000000, 9.998952, 0.000100, 10.000000, 0.000100, 0.001048, 0.000100, 0.000000, 0.000010, 100000.000000, 0.500000, 100000.000000, 0.000000, 0.001048, 0.000100, 10.000000, 0.000102, 293.150000, -1.197753, 293.150000, -11.977529, -1.197753, 293.150000, -1.197753, 305.127529, -1.197753, 0.100000, 0.001048, 0.000100, 0.001048, 0.000100, 0.000000, 0.000100, 305.127529, 0.000000, 10.000000, 293.150000, 0.004000, 10.479101, 10.000000, 0.000102, 10.000000, 0.000102, 0.000000, 0.000102, 10.000000, 305.127529, 305.127529, 0.000000, 31.166672, 31.977529, -1.197753, 0.712753, 0.000000, 0.000100
9.5, 0.000000, 0.000000, 0.000100, 0.000102, 0.000000, -0.000002, 304.890358, 304.890358, 304.890358, -1.174036, 0.000000, 0.000000, 304.890358, 0.100000, 298.000000, 30.489036, 304.890358, 0.000000, 304.400005, 2.000000, 304.400005, 4.166670, 8.000000, 16.000000, 298.150000, 304.400005, 304.400005, 304.400005, 304.890358, 304.890358, 304.890358, 0.000000, 0.000002, 0.000000, 0.000002, 0.000000, 0.000000, 0.000000, 0.000000, 0.001047, 0.001047, 0.001047, 0.000100, 0.000000, 10.000000, 10.000000, 10.000000, 0.000002, 0.000100, 0.000102, 10.000000, 0.000002, 10.000000, 0.000002, 0.000000, 0.000002, 5000000.000000, 0.001047, 0.000000, 0.001047, 0.000000, 0.000000, 0.000000, 5000000.000000, 9.998953, 0.000100, 10.000000, 0.000100, 0.001047, 0.000100, 0.000000, 0.000010, 100000.000000, 0.500000, 100000.000000, 0.000000, 0.001047, 0.000100, 10.000000, 0.000102, 293.150000, -1.174036, 293.150000, -11.740358, -1.174036, 293.150000, -1.174036, 304.890358, -1.174036, 0.100000, 0.001047, 0.000100, 0.001047, 0.000100, 0.000000, 0.000100, 304.890358, 0.000000, 10.000000, 293.150000, 0.004000, 10.469614, 10.000000, 0.000102, 10.000000, 0.000102, 0.000000, 0.000102, 10.000000, 304.890358, 304.890358, 0.000000, 31.250005, 31.740358, -1.174036, 0.689036, 0.000000, 0.000100
9.52, 0.000000, 0.000000, 0.000100, 0.000102, 0.000000, -0.000002, 304.657883, 304.657883, 304.657883, -1.150788, 0.000000, 0.000000, 304.657883, 0.100000, 298.000000, 30.465788, 304.657883, 0.000000, 304.483338, 2.000000, 304.483338, 4.166670, 8.000000, 16.000000, 298.150000, 304.483338, 304.483338, 304.483338, 304.657883, 304.657883, 304.657883, 0.000000, 0.000002, 0.000000, 0.000002, 0.000000, 0.000000, 0.000000, 0.000000, 0.001046, 0.001046, 0.001046, 0.000100, 0.000000, 10.000000, 10.000000, 10.000000, 0.000002, 0.000100, 0.000102, 10.000000, 0.000002, 10.000000, 0.000002, 0.000000, 0.000002, 5000000.000000, 0.001046, 0.000000, 0.001046, 0.000000, 0.000000, 0.000000, 5000000.000000, 9.998954, 0.000100, 10.000000, 0.000100, 0.001046, 0.000100, 0.000000, 0.000010, 100000.000000, 0.500000, 100000.000000, 0.000000, 0.001046, 0.000100, 10.000000, 0.000102, 293.150000, -1.150788, 293.150000, -11.507883, -1.150788, 293.150000, -1.150788, 304.657883, -1.150788, 0.100000, 0.001046, 0.000100, 0.001046, 0.000100, 0.000000, 0.000100, 304.657883, 0.000000, 10.000000, 293.150000, 0.004000, 10.460315, 10.000000, 0.000102, 10.000000, 0.000102, 0.000000, 0.000102, 10.000000, 304.657883, 304.657883, 0.000000, 31.333338, 31.507883, -1.150788, 0.665788, 0.000000, 0.000100
9.54, 0.000000, 0.000000, 0.000100, 0.000102, 0.000000, -0.000002, 304.430012, 304.430012, 304.430012, -1.128001, 0.000000, 0.000000, 304.430012, 0.100000, 298.000000, 30.443001, 304.430012, 0.000000, 304.566672, 2.000000, 304.566672, 4.166670, 8.000000, 16.000000, 298.150000, 304.566672, 304.566672, 304.566672, 304.430012, 304.430012, 304.430012, 0.000000, 0.000002, 0.000000, 0.000002, 0.000000, 0.000000, 0.000000, 0.000000, 0.001045, 0.001045, 0.001045, 0.000100, 0.000000, 10.000000, 10.000000, 10.000000, 0.000002, 0.000100, 0.000102, 10.000000, 0.000002, 10.000000, 0.000002, 0.000000, 0.000002, 5000000.000000, 0.001045, 0.000000, 0.001045, 0.000000, 0.000000, 0.000000, 5000000.000000, 9.998955, 0.000100, 10.000000, 0.000100, 0.001045, 0.000100, 0.000000, 0.000010, 100000.000000, 0.500000, 100000.000000, 0.000000, 0.001045, 0.000100, 10.000000, 0.000102, 293.150000, -1.128001, 293.150000, -11.280012, -1.128001, 293.150000, -1.128001, 304.430012, -1.128001, 0.100000, 0.001045, 0.000100, 0.001045, 0.000100, 0.000000, 0.000100, 304.430012, 0.000000, 10.000000, 293.150000, 0.004000, 10.451200, 10.000000, 0.000102, 10.000000, 0.000102, 0.000000, 0.000102, 10.000000, 304.430012, 304.430012, 0.000000, 31.416672, 31.280012, -1.128001, 0.643001, 0.000000, 0.000100
9.56, 0.000000, 0.000000, 0.000100, 0.000102, 0.000000, -0.000002, 304.206652, 304.206652, 304.206652, -1.105665, 0.000000, 0.000000, 304.206652, 0.100000, 298.000000, 30.420665, 304.206652, 0.000000, 304.650005, 2.000000, 304.650005, 4.166670, 8.000000, 16.000000, 298.150000, 304.650005, 304.650005, 304.650005, 304.206652, 304.206652, 304.206652, 0.000000, 0.000002, 0.000000, 0.000002, 0.000000, 0.000000, 0.000000, 0.000000, 0.001044, 0.001044, 0.001044, 0.000100, 0.000000, 10.000000, 10.000000, 10.000000, 0.000002, 0.000100, 0.000102, 10.000000, 0.000002, 10.000000, 0.000002, 0.000000, 0.000002, 5000000.000000, 0.001044, 0.000000, 0.001044, 0.000000, 0.000000, 0.000000, 5000000.000000, 9.998956, 0.000100, 10.000000, 0.000100, 0.001044, 0.000100, 0.000000, 0.000010, 100000.000000, 0.500000, 100000.000000, 0.000000, 0.001044, 0.000100, 10.000000, 0.000102, 293.150000, -1.105665, 293.150000, -11.056652, -1.105665, 293.150000, -1.105665, 304.206652, -1.105665, 0.100000, 0.001044, 0.000100, 0.001044, 0.000100, 0.000000, 0.000100, 304.206652, 0.000000, 10.000000, 293.150000, 0.004000, 10.442266, 10.000000, 0.000102, 10.000000, 0.000102, 0.000000, 0.000102, 10.000000, 304.206652, 304.206652, 0.000000, 31.500005, 31.056652, -1.105665, 0.620665, 0.000000, 0.000100
9.58, 0.000000, 0.000000, 0.000100, 0.000102, 0.000000, -0.000002, 303.987716, 303.987716, 303.987716, -1.083772, 0.000000, 0.000000, 303.987716, 0.100000, 298.000000, 30.398772, 303.987716, 0.000000, 304.733339, 2.000000, 304.733339, 4.166670, 8.000000, 16.000000, 298.150000, 304.733339, 304.733339, 304.733339, 303.987716, 303.987716, 303.987716, 0.000000, 0.000002, 0.000000, 0.000002, 0.000000, 0.000000, 0.000000, 0.000000, 0.001043, 0.001043, 0.001043, 0.000100, 0.000000, 10.000000, 10.000000, 10.000000, 0.000002, 0.000100, 0.000102, 10.000000, 0.000002, 10.000000, 0.000002, 0.000000, 0.000002, 5000000.000000, 0.001043, 0.000000, 0.001043, 0.000000, 0.000000, 0.000000, 5000000.000000, 9.998957, 0.000100, 10.000000, 0.000100, 0.001043, 0.000100, 0.000000, 0.000010, 100000.000000, 0.500000, 100000.000000, 0.000000, 0.001043, 0.000100, 10.000000, 0.000102, 293.150000, -1.083772, 293.150000, -10.837716, -1.083772, 293.150000, -1.083772, 303.987716, -1.083772, 0.100000, 0.001043, 0.000100, 0.001043, 0.000100, 0.000000, 0.000100, 303.987716, 0.000000, 10.000000, 293.150000, 0.004000, 10.433509, 10.000000, 0.000102, 10.000000, 0.000102, 0.000000, 0.000102, 10.000000, 303.987716, 303.987716, 0.000000, 31.583339, 30.837716, -1.083772, 0.598772, 0.000000, 0.000100
9.6, 0.000000, 0.000000, 0.958218, 0.958222, 0.000000, -0.000004, 304.050727, 304.050727, 304.050727, -1.090073, 0.000000, 9.582170, 304.050727, 0.100000, 298.000000, 30.405073, 304.050727, 1.000000, 304.816672, 2.000000, 304.816672, 4.166670, 8.000000, 16.000000, 298.150000, 304.816672, 304.816672, 304.816672, 304.050727, 304.050727, 304.050727, 0.000000, 0.000002, 0.000000, 0.000002, 0.000000, 0.000002, 0.000000, 0.000002, 9.999990, 9.999990, 9.999990, 0.958218, 0.000002, 10.000000, 10.000000, 10.000000, 0.000002, 0.958220, 0.958222, 10.000000, 0.000002, 10.000000, 0.000002, 0.000000, 0.000002, 5000000.000000, 9.999990, 0.000002, 9.999990, 0.000002, 0.000000, 0.000002, 5000000.000000, 0.000010, 0.958220, 10.000000, 0.958220, 9.999990, 0.958220, 1.000000, 0.000010, 100000.000000, 0.500000, 0.000010, 1.000000, 9.999990, 0.958218, 10.000000, 0.958222, 293.150000, -1.090073, 293.150000, -10.900727, -1.090073, 293.150000, -1.090073, 304.050727, -1.090073, 0.100000, 9.999990, 0.958218, 9.999990, 0.958218, 0.000000, 0.958218, 304.050727, 9.582170, 10.000000, 293.150000, 0.004000, 10.436029, 10.000000, 0.958222, 10.000000, 0.958222, 0.000000, 0.958222, 10.000000, 304.050727, 304.050727, 0.000000, 31.666672, 30.900727, 8.492098, 0.605073, 0.000000, 0.958220
9.62, 0.000000, 0.000000, 0.952104, 0.952108, 0.000000, -0.000004, 305.726161, 305.726161, 305.726161, -1.257616, 0.000000, 9.521029, 305.726161, 0.100000, 298.000000, 30.572616, 305.726161, 1.000000, 304.900005, 2.000000, 304.900005, 4.166670, 8.000000, 16.000000, 298.150000, 304.900005, 304.900005, 304.900005, 305.726161, 305.726161, 305.726161, 0.000000, 0.000002, 0.000000, 0.000002, 0.000000, 0.000002, 0.000000, 0.000002, 9.999990, 9.999990, 9.999990, 0.952104, 0.000002, 10.000000, 10.000000, 10.000000, 0.000002, 0.952106, 0.952108, 10.000000, 0.000002, 10.000000, 0.000002, 0.000000, 0.000002, 5000000.000000, 9.999990, 0.000002, 9.999990, 0.000002, 0.000000, 0.000002, 5000000.000000, 0.000010, 0.952106, 10.000000, 0.952106, 9.999990, 0.952106, 1.000000, 0.000010, 100000.000000, 0.500000, 0.000010, 1.000000, 9.999990, 0.952104, 10.000000, 0.952108, 293.150000, -1.257616, 293.150000, -12.576161, -1.257616, 293.150000, -1.257616, 305.726161, -1.257616, 0.100000, 9.999990, 0.952104, 9.999990, 0.952104, 0.000000, 0.952104, 305.726161, 9.521029, 10.000000, 293.150000, 0.004000, 10.503046, 10.000000, 0.952108, 10.000000, 0.952108, 0.000000, 0.952108, 10.000000, 305.726161, 305.726161, 0.000000, 31.750005, 32.576161, 8.263413, 0.772616, 0.000000, 0.952106
9.64, 0.000000, 0.000000, 0.000100, 0.000102, 0.000000, -0.000002, 305.691953, 305.691953, 305.691953, -1.254195, 0.000000, 0.000000, 305.691953, 0.100000, 298.000000, 30.569195, 305.691953, 0.000000, 304.983339, 2.000000, 304.983339, 4.166670, 8.000000, 16.000000, 298.150000, 304.983339, 304.983339, 304.983339, 305.691953, 305.691953, 305.691953, 0.000000, 0.000002, 0.000000, 0.000002, 0.000000, 0.000000, 0.000000, 0.000000, 0.001050, 0.001050, 0.001050, 0.000100, 0.000000, 10.000000, 10.000000, 10.000000, 0.000002, 0.000100, 0.000102, 10.000000, 0.000002, 10.000000, 0.000002, 0.000000, 0.000002, 5000000.000000, 0.001050, 0.000000, 0.001050, 0.000000, 0.000000, 0.000000, 5000000.000000, 9.998950, 0.000100, 10.000000, 0.000100, 0.001050, 0.000100, 0.000000, 0.000010, 100000.000000, 0.500000, 100000.000000, 0.000000, 0.001050, 0.000100, 10.000000, 0.000102, 293.150000, -1.254195, 293.150000, -12.541953, -1.254195, 293.150000, -1.254195, 305.691953, -1.254195, 0.100000, 0.001050, 0.000100, 0.001050, 0.000100, 0.000000, 0.000100, 305.691953, 0.000000, 10.000000, 293.150000, 0.004000, 10.501678, 10.000000, 0.000102, 10.000000, 0.000102, 0.000000, 0.000102, 10.000000, 305.691953, 305.691953, 0.000000, 31.833339, 32.541953, -1.254195, 0.769195, 0.000000, 0.000100
9.66, 0.000000, 0.000000, 0.000100, 0.000102, 0.000000, -0.000002, 305.443605, 305.443605, 305.443605, -1.229361, 0.000000, 0.000000, 305.443605, 0.100000, 298.000000, 30.544361, 305.443605, 0.000000, 305.066672, 2.000000, 305.066672, 4.166670, 8.000000, 16.000000, 298.150000, 305.066672, 305.066672, 305.066672, 305.443605, 305.443605, 305.443605, 0.000000, 0.000002, 0.000000, 0.000002, 0.000000, 0.000000, 0.000000, 0.000000, 0.001049, 0.001049, 0.001049, 0.000100, 0.000000, 10.000000, 10.000000, 10.000000, 0.000002, 0.000100, 0.000102, 10.000000, 0.000002, 10.000000, 0.000002, 0.000000, 0.000002, 5000000.000000, 0.001049, 0.000000, 0.001049, 0.000000, 0.000000, 0.000000, 5000000.000000, 9.998951, 0.000100, 10.000000, 0.000100, 0.001049, 0.000100, 0.000000, 0.000010, 100000.000000, 0.500000, 100000.000000, 0.000000, 0.001049, 0.000100, 10.000000, 0.000102, 293.150000, -1.229361, 293.150000, -12.293605, -1.229361, 293.150000, -1.229361, 305.443605, -1.229361, 0.100000, 0.001049, 0.000100, 0.001049, 0.000100, 0.000000, 0.000100, 305.443605, 0.000000, 10.000000, 293.150000, 0.004000, 10.491744, 10.000000, 0.000102, 10.000000, 0.000102, 0.000000, 0.000102, 10.000000, 305.443605, 305.443605, 0.000000, 31.916672, 32.293605, -1.229360, 0.744361, 0.000000, 0.000100
9.68, 0.000000, 0.000000, 0.000100, 0.000102, 0.000000, -0.000002, 305.200176, 305.200176, 305.200176, -1.205018, 0.000000, 0.000000, 305.200176, 0.100000, 298.000000, 30.520018, 305.200176, 0.000000, 305.150006, 2.000000, 305.150006, 4.166670, 8.000000, 16.000000, 298.150000, 305.150006, 305.150006, 305.150006, 305.200176, 305.200176, 305.200176, 0.000000, 0.000002, 0.000000, 0.000002, 0.000000, 0.000000, 0.000000, 0.000000, 0.001048, 0.001048, 0.001048, 0.000100, 0.000000, 10.000000, 10.000000, 10.000000, 0.000002, 0.000100, 0.000102, 10.000000, 0.000002, 10.000000, 0.000002, 0.000000, 0.000002, 5000000.000000, 0.001048, 0.000000, 0.001048, 0.000000, 0.000000, 0.000000, 5000000.000000, 9.998952, 0.000100, 10.000000, 0.000100, 0.001048, 0.000100, 0.000000, 0.000010, 100000.000000, 0.500000, 100000.000000, 0.000000, 0.001048, 0.000100, 10.000000, 0.000102, 293.150000, -1.205018, 293.150000, -12.050176, -1.205018, 293.150000, -1.205018, 305.200176, -1.205018, 0.100000, 0.001048, 0.000100, 0.001048, 0.000100, 0.000000, 0.000100, 305.200176, 0.000000, 10.000000, 293.150000, 0.004000, 10.482007, 10.000000, 0.000102, 10.000000, 0.000102, 0.000000, 0.000102, 10.000000, 305.200176, 305.200176, 0.000000, 32.000006, 32.050176, -1.205017, 0.720018, 0.000000, 0.000100
9.7, 0.000000, 0.000000, 0.000100, 0.000102, 0.000000, -0.000002, 304.961566, 304.961566, 304.961566, -1.181157, 0.000000, 0.000000, 304.961566, 0.100000, 298.000000, 30.496157, 304.961566, 0.000000, 305.233339, 2.000000, 305.233339, 4.166670, 8.000000, 16.000000, 298.150000, 305.233339, 305.233339, 305.233339, 304.961566, 304.961566, 304.961566, 0.000000, 0.000002, 0.000000, 0.000002, 0.000000, 0.000000, 0.000000, 0.000000, 0.001047, 0.001047, 0.001047, 0.000100, 0.000000, 10.000000, 10.000000, 10.000000, 0.000002, 0.000100, 0.000102, 10.000000, 0.000002, 10.000000, 0.000002, 0.000000, 0.000002, 5000000.000000, 0.001047, 0.000000, 0.001047, 0.000000, 0.000000, 0.000000, 5000000.000000, 9.998953, 0.000100, 10.000000, 0.000100, 0.001047, 0.000100, 0.000000, 0.000010, 100000.000000, 0.500000, 100000.000000, 0.000000, 0.001047, 0.000100, 10.000000, 0.000102, 293.150000, -1.181157, 293.150000, -11.811566, -1.181157, 293.150000, -1.181157, 304.961566, -1.181157, 0.100000, 0.001047, 0.000100, 0.001047, 0.000100, 0.000000, 0.000100, 304.961566, 0.000000, 10.000000, 293.150000, 0.004000, 10.472463, 10.000000, 0.000102, 10.000000, 0.000102, 0.000000, 0.000102, 10.000000, 304.961566, 304.961566, 0.000000, 32.083339, 31.811566, -1.181157, 0.696157, 0.000000, 0.000100
9.72, 0.000000, 0.000000, 0.000100, 0.000102, 0.000000, -0.000002, 304.727682, 304.727682, 304.727682, -1.157768, 0.000000, 0.000000, 304.727682, 0.100000, 298.000000, 30.472768, 304.727682, 0.000000, 305.316672, 2.000000, 305.316672, 4.166670, 8.000000, 16.000000, 298.150000, 305.316672, 305.316672, 305.316672, 304.727682, 304.727682, 304.727682, 0.000000, 0.000002, 0.000000, 0.000002, 0.000000, 0.000000, 0.000000, 0.000000, 0.001046, 0.001046, 0.001046, 0.000100, 0.000000, 10.000000, 10.000000, 10.000000, 0.000002, 0.000100, 0.000102, 10.000000, 0.000002, 10.000000, 0.000002, 0.000000, 0.000002, 5000000.000000, 0.001046, 0.000000, 0.001046, 0.000000, 0.000000, 0.000000, 5000000.000000, 9.998954, 0.000100, 10.000000, 0.000100, 0.001046, 0.000100, 0.000000, 0.000010, 100000.000000, 0.500000, 100000.000000, 0.000000, 0.001046, 0.000100, 10.000000, 0.000102, 293.150000, -1.157768, 293.150000, -11.577682, -1.157768, 293.150000, -1.157768, 304.727682, -1.157768, 0.100000, 0.001046, 0.000100, 0.001046, 0.000100, 0.000000, 0.000100, 304.727682, 0.000000, 10.000000, 293.150000, 0.004000, 10.463107, 10.000000, 0.000102, 10.000000, 0.000102, 0.000000, 0.000102, 10.000000, 304.727682, 304.727682, 0.000000, 32.166672, 31.577682, -1.157768, 0.672768, 0.000000, 0.000100
9.74, 0.000000, 0.000000, 0.000100, 0.000102, 0.000000, -0.000002, 304.498428, 304.498428, 304.498428, -1.134843, 0.000000, 0.000000, 304.498428, 0.100000, 298.000000, 30.449843, 304.498428, 0.000000, 305.400006, 2.000000, 305.400006, 4.166670, 8.000000, 16.000000, 298.150000, 305.400006, 305.400006, 305.400006, 304.498428, 304.498428, 304.498428, 0.000000, 0.000002, 0.000000, 0.000002, 0.000000, 0.000000, 0.000000, 0.000000, 0.001045, 0.001045, 0.001045, 0.000100, 0.000000, 10.000000, 10.000000, 10.000000, 0.000002, 0.000100, 0.000102, 10.000000, 0.000002, 10.000000, 0.000002, 0.000000, 0.000002, 5000000.000000, 0.001045, 0.000000, 0.001045, 0.000000, 0.000000, 0.000000, 5000000.000000, 9.998955, 0.000100, 10.000000, 0.000100, 0.001045, 0.000100, 0.000000, 0.000010, 100000.000000, 0.500000, 100000.000000, 0.000000, 0.001045, 0.000100, 10.000000, 0.000102, 293.150000, -1.134843, 293.150000, -11.348428, -1.134843, 293.150000, -1.134843, 304.498428, -1.134843, 0.100000, 0.001045, 0.000100, 0.001045, 0.000100, 0.000000, 0.000100, 304.498428, 0.000000, 10.000000, 293.150000, 0.004000, 10.453937, 10.000000, 0.000102, 10.000000, 0.000102, 0.000000, 0.000102, 10.000000, 304.498428, 304.498428, 0.000000, 32.250006, 31.348428, -1.134843, 0.649843, 0.000000, 0.000100
9.76, 0.000000, 0.000000, 0.952694, 0.952698, 0.000000, -0.000004, 305.563389, 305.563389, 305.563389, -1.241339, 0.000000, 9.526935, 305.563389, 0.100000, 298.000000, 30.556339, 305.563389, 1.000000, 305.483339, 2.000000, 305.483339, 4.166670, 8.000000, 16.000000, 298.150000, 305.483339, 305.483339, 305.483339, 305.563389, 305.563389, 305.563389, 0.000000, 0.000002, 0.000000, 0.000002, 0.000000, 0.000002, 0.000000, 0.000002, 9.999990, 9.999990, 9.999990, 0.952694, 0.000002, 10.000000, 10.000000, 10.000000, 0.000002, 0.952696, 0.952698, 10.000000, 0.000002, 10.000000, 0.000002, 0.000000, 0.000002, 5000000.000000, 9.999990, 0.000002, 9.999990, 0.000002, 0.000000, 0.000002, 5000000.000000, 0.000010, 0.952696, 10.000000, 0.952696, 9.999990, 0.952696, 1.000000, 0.000010, 100000.000000, 0.500000, 0.000010, 1.000000, 9.999990, 0.952694, 10.000000, 0.952698, 293.150000, -1.241339, 293.150000, -12.413389, -1.241339, 293.150000, -1.241339, 305.563389, -1.241339, 0.100000, 9.999990, 0.952694, 9.999990, 0.952694, 0.000000, 0.952694, 305.563389, 9.526935, 10.000000, 293.150000, 0.004000, 10.496536, 10.000000, 0.952698, 10.000000, 0.952698, 0.000000, 0.952698, 10.000000, 305.563389, 305.563389, 0.000000, 32.333339, 32.413389, 8.285596, 0.756339, 0.000000, 0.952696
9.78, 0.000000, 0.000000, 0.000100, 0.000102, 0.000000, -0.000002, 306.423979, 306.423979, 306.423979, -1.327398, 0.000000, 0.000000, 306.423979, 0.100000, 298.000000, 30.642398, 306.423979, 0.000000, 305.566673, 2.000000, 305.566673, 4.166670, 8.000000, 16.000000, 298.150000, 305.566673, 305.566673, 305.566673, 306.423979, 306.423979, 306.423979, 0.000000, 0.000002, 0.000000, 0.000002, 0.000000, 0.000000, 0.000000, 0.000000, 0.001053, 0.001053, 0.001053, 0.000100, 0.000000, 10.000000, 10.000000, 10.000000, 0.000002, 0.000100, 0.000102, 10.000000, 0.000002, 10.000000, 0.000002, 0.000000, 0.000002, 5000000.000000, 0.001053, 0.000000, 0.001053, 0.000000, 0.000000, 0.000000, 5000000.000000, 9.998947, 0.000100, 10.000000, 0.000100, 0.001053, 0.000100, 0.000000, 0.000010, 100000.000000, 0.500000, 100000.000000, 0.000000, 0.001053, 0.000100, 10.000000, 0.000102, 293.150000, -1.327398, 293.150000, -13.273979, -1.327398, 293.150000, -1.327398, 306.423979, -1.327398, 0.100000, 0.001053, 0.000100, 0.001053, 0.000100, 0.000000, 0.000100, 306.423979, 0.000000, 10.000000, 293.150000, 0.004000, 10.530959, 10.000000, 0.000102, 10.000000, 0.000102, 0.000000, 0.000102, 10.000000, 306.423979, 306.423979, 0.000000, 32.416673, 33.273979, -1.327398, 0.842398, 0.000000, 0.000100
9.8, 0.000000, 0.000000, 0.000100, 0.000102, 0.000000, -0.000002, 306.161137, 306.161137, 306.161137, -1.301114, 0.000000, 0.000000, 306.161137, 0.100000, 298.000000, 30.616114, 306.161137, 0.000000, 305.650006, 2.000000, 305.650006, 4.166670, 8.000000, 16.000000, 298.150000, 305.650006, 305.650006, 305.650006, 306.161137, 306.161137, 306.161137, 0.000000, 0.000002, 0.000000, 0.000002, 0.000000, 0.000000, 0.000000, 0.000000, 0.001052, 0.001052, 0.001052, 0.000100, 0.000000, 10.000000, 10.000000, 10.000000, 0.000002, 0.000100, 0.000102, 10.000000, 0.000002, 10.000000, 0.000002, 0.000000, 0.000002, 5000000.000000, 0.001052, 0.000000, 0.001052, 0.000000, 0.000000, 0.000000, 5000000.000000, 9.998948, 0.000100, 10.000000, 0.000100, 0.001052, 0.000100, 0.000000, 0.000010, 100000.000000, 0.500000, 100000.000000, 0.000000, 0.001052, 0.000100, 10.000000, 0.000102, 293.150000, -1.301114, 293.150000, -13.011137, -1.301114, 293.150000, -1.301114, 306.161137, -1.301114, 0.100000, 0.001052, 0.000100, 0.001052, 0.000100, 0.000000, 0.000100, 306.161137, 0.000000, 10.000000, 293.150000, 0.004000, 10.520445, 10.000000, 0.000102, 10.000000, 0.000102, 0.000000, 0.000102, 10.000000, 306.161137, 306.161137, 0.000000, 32.500006, 33.011137, -1.301114, 0.816114, 0.000000, 0.000100
9.82, 0.000000, 0.000000, 0.000100, 0.000102, 0.000000, -0.000002, 305.903499, 305.903499, 305.903499, -1.275350, 0.000000, 0.000000, 305.903499, 0.100000, 298.000000, 30.590350, 305.903499, 0.000000, 305.733339, 2.000000, 305.733339, 4.166670, 8.000000, 16.000000, 298.150000, 305.733339, 305.733339, 305.733339, 305.903499, 305.903499, 305.903499, 0.000000, 0.000002, 0.000000, 0.000002, 0.000000, 0.000000, 0.000000, 0.000000, 0.001051, 0.001051, 0.001051, 0.000100, 0.000000, 10.000000, 10.000000, 10.000000, 0.000002, 0.000100, 0.000102, 10.000000, 0.000002, 10.000000, 0.000002, 0.000000, 0.000002, 5000000.000000, 0.001051, 0.000000, 0.001051, 0.000000, 0.000000, 0.000000, 5000000.000000, 9.998949, 0.000100, 10.000000, 0.000100, 0.001051, 0.000100, 0.000000, 0.000010, 100000.000000, 0.500000, 100000.000000, 0.000000, 0.001051, 0.000100, 10.000000, 0.000102, 293.150000, -1.275350, 293.150000, -12.753499, -1.275350, 293.150000, -1.275350, 305.903499, -1.275350, 0.100000, 0.001051, 0.000100, 0.001051, 0.000100, 0.000000, 0.000100, 305.903499, 0.000000, 10.000000, 293.150000, 0.004000, 10.510140, 10.000000, 0.000102, 10.000000, 0.000102, 0.000000, 0.000102, 10.000000, 305.903499, 305.903499, 0.000000, 32.583339, 32.753499, -1.275350, 0.790350, 0.000000, 0.000100
9.84, 0.000000, 0.000000, 0.000100, 0.000102, 0.000000, -0.000002, 305.650963, 305.650963, 305.650963, -1.250096, 0.000000, 0.000000, 305.650963, 0.100000, 298.000000, 30.565096, 305.650963, 0.000000, 305.816673, 2.000000, 305.816673, 4.166670, 8.000000, 16.000000, 298.150000, 305.816673, 305.816673, 305.816673, 305.650963, 305.650963, 305.650963, 0.000000, 0.000002, 0.000000, 0.000002, 0.000000, 0.000000, 0.000000, 0.000000, 0.001050, 0.001050, 0.001050, 0.000100, 0.000000, 10.000000, 10.000000, 10.000000, 0.000002, 0.000100, 0.000102, 10.000000, 0.000002, 10.000000, 0.000002, 0.000000, 0.000002, 5000000.000000, 0.001050, 0.000000, 0.001050, 0.000000, 0.000000, 0.000000, 5000000.000000, 9.998950, 0.000100, 10.000000, 0.000100, 0.001050, 0.000100, 0.000000, 0.000010, 100000.000000, 0.500000, 100000.000000, 0.000000, 0.001050, 0.000100, 10.000000, 0.000102, 293.150000, -1.250096, 293.150000, -12.500963, -1.250096, 293.150000, -1.250096, 305.650963, -1.250096, 0.100000, 0.001050, 0.000100, 0.001050, 0.000100, 0.000000, 0.000100, 305.650963, 0.000000, 10.000000, 293.150000, 0.004000, 10.500039, 10.000000, 0.000102, 10.000000, 0.000102, 0.000000, 0.000102, 10.000000, 305.650963, 305.650963, 0.000000, 32.666673, 32.500963, -1.250096, 0.765096, 0.000000, 0.000100
9.86, 0.000000, 0.000000, 0.000100, 0.000102, 0.000000, -0.000002, 305.403427, 305.403427, 305.403427, -1.225343, 0.000000, 0.000000, 305.403427, 0.100000, 298.000000, 30.540343, 305.403427, 0.000000, 305.900006, 2.000000, 305.900006, 4.166670, 8.000000, 16.000000, 298.150000, 305.900006, 305.900006, 305.900006, 305.403427, 305.403427, 305.403427, 0.000000, 0.000002, 0.000000, 0.000002, 0.000000, 0.000000, 0.000000, 0.000000, 0.001049, 0.001049, 0.001049, 0.000100, 0.000000, 10.000000, 10.000000, 10.000000, 0.000002, 0.000100, 0.000102, 10.000000, 0.000002, 10.000000, 0.000002, 0.000000, 0.000002, 5000000.000000, 0.001049, 0.000000, 0.001049, 0.000000, 0.000000, 0.000000, 5000000.000000, 9.998951, 0.000100, 10.000000, 0.000100, 0.001049, 0.000100, 0.000000, 0.000010, 100000.000000, 0.500000, 100000.000000, 0.000000, 0.001049, 0.000100, 10.000000, 0.000102, 293.150000, -1.225343, 293.150000, -12.253427, -1.225343, 293.150000, -1.225343, 305.403427, -1.225343, 0.100000, 0.001049, 0.000100, 0.001049, 0.000100, 0.000000, 0.000100, 305.403427, 0.000000, 10.000000, 293.150000, 0.004000, 10.490137, 10.000000, 0.000102, 10.000000, 0.000102, 0.000000, 0.000102, 10.000000, 305.403427, 305.403427, 0.000000, 32.750006, 32.253427, -1.225343, 0.740343, 0.000000, 0.000100
9.88, 0.000000, 0.000000, 0.000100, 0.000102, 0.000000, -0.000002, 305.160793, 305.160793, 305.160793, -1.201079, 0.000000, 0.000000, 305.160793, 0.100000, 298.000000, 30.516079, 305.160793, 0.000000, 305.983340, 2.000000, 305.983340, 4.166670, 8.000000, 16.000000, 298.150000, 305.983340, 305.983340, 305.983340, 305.160793, 305.160793, 305.160793, 0.000000, 0.000002, 0.000000, 0.000002, 0.000000, 0.000000, 0.000000, 0.000000, 0.001048, 0.001048, 0.001048, 0.000100, 0.000000, 10.000000, 10.000000, 10.000000, 0.000002, 0.000100, 0.000102, 10.000000, 0.000002, 10.000000, 0.000002, 0.000000, 0.000002, 5000000.000000, 0.001048, 0.000000, 0.001048, 0.000000, 0.000000, 0.000000, 5000000.000000, 9.998952, 0.000100, 10.000000, 0.000100, 0.001048, 0.000100, 0.000000, 0.000010, 100000.000000, 0.500000, 100000.000000, 0.000000, 0.001048, 0.000100, 10.000000, 0.000102, 293.150000, -1.201079, 293.150000, -12.010793, -1.201079, 293.150000, -1.201079, 305.160793, -1.201079, 0.100000, 0.001048, 0.000100, 0.001048, 0.000100, 0.000000, 0.000100, 305.160793, 0.000000, 10.000000, 293.150000, 0.004000, 10.480432, 10.000000, 0.000102, 10.000000, 0.000102, 0.000000, 0.000102, 10.000000, 305.160793, 305.160793, 0.000000, 32.833340, 32.010793, -1.201079, 0.716079, 0.000000, 0.000100
9.9, 0.000000, 0.000000, 0.951953, 0.951957, 0.000000, -0.000004, 305.767628, 305.767628, 305.767628, -1.261763, 0.000000, 9.519526, 305.767628, 0.100000, 298.000000, 30.576763, 305.767628, 1.000000, 306.066673, 2.000000, 306.066673, 4.166670, 8.000000, 16.000000, 298.150000, 306.066673, 306.066673, 306.066673, 305.767628, 305.767628, 305.767628, 0.000000, 0.000002, 0.000000, 0.000002, 0.000000, 0.000002, 0.000000, 0.000002, 9.999990, 9.999990, 9.999990, 0.951953, 0.000002, 10.000000, 10.000000, 10.000000, 0.000002, 0.951955, 0.951957, 10.000000, 0.000002, 10.000000, 0.000002, 0.000000, 0.000002, 5000000.000000, 9.999990, 0.000002, 9.999990, 0.000002, 0.000000, 0.000002, 5000000.000000, 0.000010, 0.951955, 10.000000, 0.951955, 9.999990, 0.951955, 1.000000, 0.000010, 100000.000000, 0.500000, 0.000010, 1.000000, 9.999990, 0.951953, 10.000000, 0.951957, 293.150000, -1.261763, 293.150000, -12.617628, -1.261763, 293.150000, -1.261763, 305.767628, -1.261763, 0.100000, 9.999990, 0.951953, 9.999990, 0.951953, 0.000000, 0.951953, 305.767628, 9.519526, 10.000000, 293.150000, 0.004000, 10.504705, 10.000000, 0.951957, 10.000000, 0.951957, 0.000000, 0.951957, 10.000000, 305.767628, 305.767628, 0.000000, 32.916673, 32.617628, 8.257763, 0.776763, 0.000000, 0.951955
9.92, 0.000000, 0.000000, 0.000100, 0.000102, 0.000000, -0.000002, 307.094496, 307.094496, 307.094496, -1.394450, 0.000000, 0.000000, 307.094496, 0.100000, 298.000000, 30.709450, 307.094496, 0.000000, 306.150006, 2.000000, 306.150006, 4.166670, 8.000000, 16.000000, 298.150000, 306.150006, 306.150006, 306.150006, 307.094496, 307.094496, 307.094496, 0.000000, 0.000002, 0.000000, 0.000002, 0.000000, 0.000000, 0.000000, 0.000000, 0.001056, 0.001056, 0.001056, 0.000100, 0.000000, 10.000000, 10.000000, 10.000000, 0.000002, 0.000100, 0.000102, 10.000000, 0.000002, 10.000000, 0.000002, 0.000000, 0.000002, 5000000.000000, 0.001056, 0.000000, 0.001056, 0.000000, 0.000000, 0.000000, 5000000.000000, 9.998944, 0.000100, 10.000000, 0.000100, 0.001056, 0.000100, 0.000000, 0.000010, 100000.000000, 0.500000, 100000.000000, 0.000000, 0.001056, 0.000100, 10.000000, 0.000102, 293.150000, -1.394450, 293.150000, -13.944496, -1.394450, 293.150000, -1.394450, 307.094496, -1.394450, 0.100000, 0.001056, 0.000100, 0.001056, 0.000100, 0.000000, 0.000100, 307.094496, 0.000000, 10.000000, 293.150000, 0.004000, 10.557780, 10.000000, 0.000102, 10.000000, 0.000102, 0.000000, 0.000102, 10.000000, 307.094496, 307.094496, 0.000000, 33.000006, 33.944496, -1.394449, 0.909450, 0.000000, 0.000100
9.94, 0.000000, 0.000000, 0.000100, 0.000102, 0.000000, -0.000002, 306.818376, 306.818376, 306.818376, -1.366838, 0.000000, 0.000000, 306.818376, 0.100000, 298.000000, 30.681838, 306.818376, 0.000000, 306.233340, 2.000000, 306.233340, 4.166670, 8.000000, 16.000000, 298.150000, 306.233340, 306.233340, 306.233340, 306.818376, 306.818376, 306.818376, 0.000000, 0.000002, 0.000000, 0.000002, 0.000000, 0.000000, 0.000000, 0.000000, 0.001055, 0.001055, 0.001055, 0.000100, 0.000000, 10.000000, 10.000000, 10.000000, 0.000002, 0.000100, 0.000102, 10.000000, 0.000002, 10.000000, 0.000002, 0.000000, 0.000002, 5000000.000000, 0.001055, 0.000000, 0.001055, 0.000000, 0.000000, 0.000000, 5000000.000000, 9.998945, 0.000100, 10.000000, 0.000100, 0.001055, 0.000100, 0.000000, 0.000010, 100000.000000, 0.500000, 100000.000000, 0.000000, 0.001055, 0.000100, 10.000000, 0.000102, 293.150000, -1.366838, 293.150000, -13.668376, -1.366838, 293.150000, -1.366838, 306.818376, -1.366838, 0.100000, 0.001055, 0.000100, 0.001055, 0.000100, 0.000000, 0.000100, 306.818376, 0.000000, 10.000000, 293.150000, 0.004000, 10.546735, 10.000000, 0.000102, 10.000000, 0.000102, 0.000000, 0.000102, 10.000000, 306.818376, 306.818376, 0.000000, 33.083340, 33.668376, -1.366837, 0.881838, 0.000000, 0.000100
9.96, 0.000000, 0.000000, 0.000100, 0.000102, 0.000000, -0.000002, 306.547724, 306.547724, 306.547724, -1.339772, 0.000000, 0.000000, 306.547724, 0.100000, 298.000000, 30.654772, 306.547724, 0.000000, 306.316673, 2.000000, 306.316673, 4.166670, 8.000000, 16.000000, 298.150000, 306.316673, 306.316673, 306.316673, 306.547724, 306.547724, 306.547724, 0.000000, 0.000002, 0.000000, 0.000002, 0.000000, 0.000000, 0.000000, 0.000000, 0.001053, 0.001053, 0.001053, 0.000100, 0.000000, 10.000000, 10.000000, 10.000000, 0.000002, 0.000100, 0.000102, 10.000000, 0.000002, 10.000000, 0.000002, 0.000000, 0.000002, 5000000.000000, 0.001053, 0.000000, 0.001053, 0.000000, 0.000000, 0.000000, 5000000.000000, 9.998947, 0.000100, 10.000000, 0.000100, 0.001053, 0.000100, 0.000000, 0.000010, 100000.000000, 0.500000, 100000.000000, 0.000000, 0.001053, 0.000100, 10.000000, 0.000102, 293.150000, -1.339772, 293.150000, -13.397724, -1.339772, 293.150000, -1.339772, 306.547724, -1.339772, 0.100000, 0.001053, 0.000100, 0.001053, 0.000100, 0.000000, 0.000100, 306.547724, 0.000000, 10.000000, 293.150000, 0.004000, 10.535909, 10.000000, 0.000102, 10.000000, 0.000102, 0.000000, 0.000102, 10.000000, 306.547724, 306.547724, 0.000000, 33.166673, 33.397724, -1.339772, 0.854772, 0.000000, 0.000100
9.98, 0.000000, 0.000000, 0.000100, 0.000102, 0.000000, -0.000002, 306.282431, 306.282431, 306.282431, -1.313243, 0.000000, 0.000000, 306.282431, 0.100000, 298.000000, 30.628243, 306.282431, 0.000000, 306.400007, 2.000000, 306.400007, 4.166670, 8.000000, 16.000000, 298.150000, 306.400007, 306.400007, 306.400007, 306.282431, 306.282431, 306.282431, 0.000000, 0.000002, 0.000000, 0.000002, 0.000000, 0.000000, 0.000000, 0.000000, 0.001052, 0.001052, 0.001052, 0.000100, 0.000000, 10.000000, 10.000000, 10.000000, 0.000002, 0.000100, 0.000102, 10.000000, 0.000002, 10.000000, 0.000002, 0.000000, 0.000002, 5000000.000000, 0.001052, 0.000000, 0.001052, 0.000000, 0.000000, 0.000000, 5000000.000000, 9.998948, 0.000100, 10.000000, 0.000100, 0.001052, 0.000100, 0.000000, 0.000010, 100000.000000, 0.500000, 100000.000000, 0.000000, 0.001052, 0.000100, 10.000000, 0.000102, 293.150000, -1.313243, 293.150000, -13.132431, -1.313243, 293.150000, -1.313243, 306.282431, -1.313243, 0.100000, 0.001052, 0.000100, 0.001052, 0.000100, 0.000000, 0.000100, 306.282431, 0.000000, 10.000000, 293.150000, 0.004000, 10.525297, 10.000000, 0.000102, 10.000000, 0.000102, 0.000000, 0.000102, 10.000000, 306.282431, 306.282431, 0.000000, 33.250007, 33.132431, -1.313243, 0.828243, 0.000000, 0.000100
10, 0.000000, 0.000000, 0.000100, 0.000102, 0.000000, -0.000002, 306.022392, 306.022392, 306.022392, -1.287239, 0.000000, 0.000000, 306.022392, 0.100000, 298.000000, 30.602239, 306.022392, 0.000000, 306.483340, 2.000000, 306.483340, 4.166670, 8.000000, 16.000000, 298.150000, 306.483340, 306.483340, 306.483340, 306.022392, 306.022392, 306.022392, 0.000000, 0.000002, 0.000000, 0.000002, 0.000000, 0.000000, 0.000000, 0.000000, 0.001051, 0.001051, 0.001051, 0.000100, 0.000000, 10.000000, 10.000000, 10.000000, 0.000002, 0.000100, 0.000102, 10.000000, 0.000002, 10.000000, 0.000002, 0.000000, 0.000002, 5000000.000000, 0.001051, 0.000000, 0.001051, 0.000000, 0.000000, 0.000000, 5000000.000000, 9.998949, 0.000100, 10.000000, 0.000100, 0.001051, 0.000100, 0.000000, 0.000010, 100000.000000, 0.500000, 100000.000000, 0.000000, 0.001051, 0.000100, 10.000000, 0.000102, 293.150000, -1.287239, 293.150000, -12.872392, -1.287239, 293.150000, -1.287239, 306.022392, -1.287239, 0.100000, 0.001051, 0.000100, 0.001051, 0.000100, 0.000000, 0.000100, 306.022392, 0.000000, 10.000000, 293.150000, 0.004000, 10.514896, 10.000000, 0.000102, 10.000000, 0.000102, 0.000000, 0.000102, 10.000000, 306.022392, 306.022392, 0.000000, 33.333340, 32.872392, -1.287239, 0.802239, 0.000000, 0.000100
