time, chassis::C.p.e[REAL], chassis::C.mChassis[REAL], chassis::C.kChassis[REAL], chassis::I1.mChassis[REAL], chassis::OneJunction2.flow[REAL], chassis::OneJunction2.p1.e[REAL], chassis::OneJunction2.p2.e[REAL], chassis::OneJunction2.p3.e[REAL], chassis::OneJunction2.p1.f[REAL], chassis::OneJunction2.p2.f[REAL], chassis::OneJunction2.p3.f[REAL], chassis::OneJunction5.flow[REAL], chassis::OneJunction5.p1.e[REAL], chassis::OneJunction5.p2.e[REAL], chassis::OneJunction5.p3.e[REAL], chassis::OneJunction5.p1.f[REAL], chassis::OneJunction5.p2.f[REAL], chassis::OneJunction5.p3.f[REAL], chassis::QSensor.p1.e[REAL], chassis::QSensor.p2.e[REAL], chassis::QSensor.p2.f[REAL], chassis::R.p.e[REAL], chassis::R.p.f[REAL], chassis::R.dChassis[REAL], chassis::Se1.p.e[REAL], chassis::Se1.p.f[REAL], chassis::Se1.mChassis[REAL], chassis::Se1.flow[REAL], chassis::ZeroJunction6.effort[REAL], chassis::ZeroJunction6.p1.e[REAL], chassis::ZeroJunction6.p2.e[REAL], chassis::ZeroJunction6.p3.e[REAL], chassis::ZeroJunction6.p1.f[REAL], chassis::ZeroJunction6.p2.f[REAL], chassis::ZeroJunction6.p3.f[REAL], chassis::p.e[REAL], chassis::p.f[REAL], chassis::zChassis[REAL], chassis::C.p.f[REAL], chassis::C.zDelta[REAL], chassis::C.zDeltaInit[REAL], chassis::I1.p.e[REAL], chassis::I1.moment[REAL], chassis::I1.moment_initial[REAL], chassis::I1.p.f[REAL], chassis::I1.zChassis[REAL], chassis::I1.zChassisInit[REAL], chassis::QSensor.p1.f[REAL], chassis::QSensor.q[REAL], ground::Derivative.input[REAL], ground::Derivative.output[REAL], ground::Derivative.fh[REAL], ground::MSf.p.e[REAL], ground::MSf.p.f[REAL], ground::MSf.flow[REAL], ground::MSf.effort[REAL], ground::Splitter1.input[REAL], ground::Splitter1.output1[REAL], ground::Splitter1.output2[REAL], ground::Step.output[REAL], ground::Step.amplitude[REAL], ground::Step.start_time[REAL], ground::p.e[REAL], ground::p.f[REAL], ground::zGround[REAL], ground::Derivative.rate_int[REAL], ground::Derivative.initial[REAL], wheel::C.p.e[REAL], wheel::C.mWheel[REAL], wheel::C.mChassis[REAL], wheel::C.kWheel[REAL], wheel::I.mWheel[REAL], wheel::OneJunction.flow[REAL], wheel::OneJunction.p1.e[REAL], wheel::OneJunction.p2.e[REAL], wheel::OneJunction.p3.e[REAL], wheel::OneJunction.p4.e[REAL], wheel::OneJunction.p1.f[REAL], wheel::OneJunction.p2.f[REAL], wheel::OneJunction.p3.f[REAL], wheel::OneJunction.p4.f[REAL], wheel::OneJunction4.flow[REAL], wheel::OneJunction4.p1.e[REAL], wheel::OneJunction4.p2.e[REAL], wheel::OneJunction4.p3.e[REAL], wheel::OneJunction4.p1.f[REAL], wheel::OneJunction4.p2.f[REAL], wheel::OneJunction4.p3.f[REAL], wheel::QSensor1.p1.e[REAL], wheel::QSensor1.p2.e[REAL], wheel::QSensor1.p2.f[REAL], wheel::R.p.e[REAL], wheel::R.p.f[REAL], wheel::R.dWheel[REAL], wheel::Se.p.e[REAL], wheel::Se.p.f[REAL], wheel::Se.mWheel[REAL], wheel::Se.flow[REAL], wheel::ZeroJunction5.effort[REAL], wheel::ZeroJunction5.p1.e[REAL], wheel::ZeroJunction5.p2.e[REAL], wheel::ZeroJunction5.p3.e[REAL], wheel::ZeroJunction5.p1.f[REAL], wheel::ZeroJunction5.p2.f[REAL], wheel::ZeroJunction5.p3.f[REAL], wheel::p.e[REAL], wheel::p.f[REAL], wheel::p1.e[REAL], wheel::p1.f[REAL], wheel::zWheel[REAL], wheel::C.p.f[REAL], wheel::C.zDelta[REAL], wheel::C.zDeltaInit[REAL], wheel::I.p.e[REAL], wheel::I.moment[REAL], wheel::I.moment_initial[REAL], wheel::I.p.f[REAL], wheel::I.zWheel[REAL], wheel::I.zWheelInit[REAL], wheel::QSensor1.p1.f[REAL], wheel::QSensor1.q[REAL]
0, 3922.660000, 400.000000, 15000.000000, 400.000000, 0.000000, 0.000000, -3922.660000, 3922.660000, 0.000000, 0.000000, 0.000000, 0.000000, 3922.660000, 3922.660000, 0.000000, 0.000000, 0.000000, 0.000000, 0.000000, 0.000000, 0.000000, 0.000000, 0.000000, 1000.000000, -3922.660000, 0.000000, 400.000000, 0.000000, 3922.660000, 3922.660000, 3922.660000, 3922.660000, 0.000000, 0.000000, 0.000000, 3922.660000, 0.000000, 1.000000, 0.000000, 0.261511, 0.261511, 0.000000, 0.000000, 0.000000, 0.000000, 1.000000, 1.000000, 0.000000, 1.000000, 0.000000, 0.000000, 10.000000, 0.000000, 0.000000, 0.000000, 0.000000, 0.000000, 0.000000, 0.000000, 0.000000, 0.100000, 1.000000, 4314.926000, 0.000000, 0.000000, 0.000000, 0.000000, 4314.926000, 40.000000, 400.000000, 150000.000000, 40.000000, 0.000000, 3922.660000, 0.000000, -392.266000, 4314.926000, 0.000000, 0.000000, 0.000000, 0.000000, 0.000000, 4314.926000, 4314.926000, 0.000000, 0.000000, 0.000000, 0.000000, 0.000000, 0.000000, 0.000000, 0.000000, 0.000000, 0.000000, -392.266000, 0.000000, 40.000000, 0.000000, 4314.926000, 4314.926000, 4314.926000, 4314.926000, 0.000000, 0.000000, 0.000000, 4314.926000, 0.000000, 3922.660000, 0.000000, 0.500000, 0.000000, 0.028766, 0.028766, 3922.660000, 0.000000, 0.000000, 0.000000, 0.500000, 0.500000, 0.000000, 0.500000
0.01, 3922.660000, 400.000000, 15000.000000, 400.000000, 0.000000, 0.000000, -3922.660000, 3922.660000, 0.000000, 0.000000, 0.000000, 0.000000, 3922.660000, 3922.660000, 0.000000, 0.000000, 0.000000, 0.000000, 0.000000, 0.000000, 0.000000, 0.000000, 0.000000, 1000.000000, -3922.660000, 0.000000, 400.000000, 0.000000, 3922.660000, 3922.660000, 3922.660000, 3922.660000, 0.000000, 0.000000, 0.000000, 3922.660000, 0.013375, 1.000000, 0.000000, 0.261511, 0.261511, 0.000000, 0.000000, 0.000000, 0.000000, 1.000000, 1.000000, 0.000000, 1.000000, 0.000000, 0.000000, 10.000000, 4314.926000, 0.000000, 0.000000, 4314.926000, 0.000000, 0.000000, 0.000000, 0.000000, 0.100000, 1.000000, 4291.913856, 0.000000, 0.000000, 0.000000, 0.000000, 4291.913856, 40.000000, 400.000000, 150000.000000, 40.000000, 0.013375, -23.012144, 3922.660000, -392.266000, 4291.913856, 0.013375, 0.013375, 0.013375, 0.013375, -0.013375, 4291.913856, 4291.913856, -0.000000, -0.013375, -0.013375, -0.013375, 3922.660000, 3922.660000, 0.013375, -0.000000, -0.013375, 0.000000, -392.266000, 0.013375, 40.000000, 0.013375, 4291.913856, 4291.913856, 4291.913856, 4291.913856, -0.013375, 0.000000, 0.013375, 4291.913856, 0.000000, 3922.660000, 0.013375, 0.500153, -0.013375, 0.028613, 0.028766, -23.012144, 0.534983, 0.000000, 0.013375, 0.500153, 0.500000, 0.013375, 0.500153
0.02, 3924.607529, 400.000000, 15000.000000, 400.000000, 0.000349, 14.973478, -3922.660000, 3937.633478, 0.000349, 0.000349, 0.000349, 0.013026, 3937.633478, 3924.607529, 13.025949, 0.013026, 0.013026, 0.013026, 14.973478, 14.973478, 0.000349, 13.025949, 0.013026, 1000.000000, -3922.660000, 0.000349, 400.000000, 0.000349, 3937.633478, 3937.633478, 3937.633478, 3937.633478, 0.013026, 0.013375, 0.000349, 3937.633478, 0.005544, 1.000002, 0.013026, 0.261641, 0.261511, 14.973478, 0.139450, 0.000000, 0.000349, 1.000002, 1.000000, 0.000349, 1.000002, 0.000000, 0.000000, 10.000000, 4291.913856, 0.000000, 0.000000, 4291.913856, 0.000000, 0.000000, 0.000000, 0.000000, 0.100000, 1.000000, 4277.264176, 0.000000, 0.000000, 0.000000, 0.000000, 4277.264176, 40.000000, 400.000000, 150000.000000, 40.000000, 0.005544, -37.661824, 3922.660000, -392.266000, 4277.264176, 0.005544, 0.005544, 0.005544, 0.005544, -0.005544, 4277.264176, 4277.264176, -0.000000, -0.005544, -0.005544, -0.005544, 3922.660000, 3922.660000, 0.005544, -0.000000, -0.005544, 0.000000, -392.266000, 0.005544, 40.000000, 0.005544, 4277.264176, 4277.264176, 4277.264176, 4277.264176, -0.005544, 0.000000, 0.005544, 4277.264176, 0.000000, 3937.633478, 0.005544, 0.500251, -0.005544, 0.028515, 0.028766, -37.661824, 0.221763, 0.000000, 0.005544, 0.500251, 0.500000, 0.005544, 0.500251
0.03, 3925.392143, 400.000000, 15000.000000, 400.000000, 0.000538, 7.738032, -3922.660000, 3930.398032, 0.000538, 0.000538, 0.000538, 0.005006, 3930.398032, 3925.392143, 5.005890, 0.005006, 0.005006, 0.005006, 7.738032, 7.738032, 0.000538, 5.005890, 0.005006, 1000.000000, -3922.660000, 0.000538, 400.000000, 0.000538, 3930.398032, 3930.398032, 3930.398032, 3930.398032, 0.005006, 0.005544, 0.000538, 3930.398032, -0.007764, 1.000006, 0.005006, 0.261693, 0.261511, 7.738032, 0.215277, 0.000000, 0.000538, 1.000006, 1.000000, 0.000538, 1.000006, 0.000000, 0.000000, 10.000000, 4277.264176, 0.000000, 0.000000, 4277.264176, 0.000000, 0.000000, 0.000000, 0.000000, 0.100000, 1.000000, 4278.934847, 0.000000, 0.000000, 0.000000, 0.000000, 4278.934847, 40.000000, 400.000000, 150000.000000, 40.000000, -0.007764, -50.964631, 3937.633478, -392.266000, 4278.934847, -0.007764, -0.007764, -0.007764, -0.007764, 0.007764, 4278.934847, 4278.934847, 0.000000, 0.007764, 0.007764, 0.007764, 3937.633478, 3937.633478, -0.007764, 0.000000, 0.007764, 0.000000, -392.266000, -0.007764, 40.000000, -0.007764, 4278.934847, 4278.934847, 4278.934847, 4278.934847, 0.007764, 0.000000, -0.007764, 4278.934847, 0.000000, 3930.398032, -0.007764, 0.500240, 0.007764, 0.028526, 0.028766, -50.964631, -0.310559, 0.000000, -0.007764, 0.500240, 0.500000, -0.007764, 0.500240
0.04, 3924.190332, 400.000000, 15000.000000, 400.000000, 0.000392, -6.625188, -3922.660000, 3916.034812, 0.000392, 0.000392, 0.000392, -0.008156, 3916.034812, 3924.190332, -8.155519, -0.008156, -0.008156, -0.008156, -6.625188, -6.625188, 0.000392, -8.155519, -0.008156, 1000.000000, -3922.660000, 0.000392, 400.000000, 0.000392, 3916.034812, 3916.034812, 3916.034812, 3916.034812, -0.008156, -0.007764, 0.000392, 3916.034812, -0.016640, 1.000011, -0.008156, 0.261613, 0.261511, -6.625188, 0.156616, 0.000000, 0.000392, 1.000011, 1.000000, 0.000392, 1.000011, 0.000000, 0.000000, 10.000000, 4278.934847, 0.000000, 0.000000, 4278.934847, 0.000000, 0.000000, 0.000000, 0.000000, 0.100000, 1.000000, 4297.855091, 0.000000, 0.000000, 0.000000, 0.000000, 4297.855091, 40.000000, 400.000000, 150000.000000, 40.000000, -0.016640, -24.808942, 3930.398032, -392.266000, 4297.855091, -0.016640, -0.016640, -0.016640, -0.016640, 0.016640, 4297.855091, 4297.855091, 0.000000, 0.016640, 0.016640, 0.016640, 3930.398032, 3930.398032, -0.016640, 0.000000, 0.016640, 0.000000, -392.266000, -0.016640, 40.000000, -0.016640, 4297.855091, 4297.855091, 4297.855091, 4297.855091, 0.016640, 0.000000, -0.016640, 4297.855091, 0.000000, 3916.034812, -0.016640, 0.500114, 0.016640, 0.028652, 0.028766, -24.808942, -0.665582, 0.000000, -0.016640, 0.500114, 0.500000, -0.016640, 0.500114
0.05, 3921.687668, 400.000000, 15000.000000, 400.000000, -0.000018, -17.593439, -3922.660000, 3905.066561, -0.000018, -0.000018, -0.000018, -0.016621, 3905.066561, 3921.687668, -16.621107, -0.016621, -0.016621, -0.016621, -17.593439, -17.593439, -0.000018, -16.621107, -0.016621, 1000.000000, -3922.660000, -0.000018, 400.000000, -0.000018, 3905.066561, 3905.066561, 3905.066561, 3905.066561, -0.016621, -0.016640, -0.000018, 3905.066561, -0.016116, 1.000013, -0.016621, 0.261446, 0.261511, -17.593439, -0.007379, 0.000000, -0.000018, 1.000013, 1.000000, -0.000018, 1.000013, 0.000000, 0.000000, 10.000000, 4297.855091, 0.000000, 0.000000, 4297.855091, 0.000000, 0.000000, 0.000000, 0.000000, 0.100000, 1.000000, 4323.265839, 0.000000, 0.000000, 0.000000, 0.000000, 4323.265839, 40.000000, 400.000000, 150000.000000, 40.000000, -0.016116, 14.965027, 3916.034812, -392.266000, 4323.265839, -0.016116, -0.016116, -0.016116, -0.016116, 0.016116, 4323.265839, 4323.265839, 0.000000, 0.016116, 0.016116, 0.016116, 3916.034812, 3916.034812, -0.016116, 0.000000, 0.016116, 0.000000, -392.266000, -0.016116, 40.000000, -0.016116, 4323.265839, 4323.265839, 4323.265839, 4323.265839, 0.016116, 0.000000, -0.016116, 4323.265839, 0.000000, 3905.066561, -0.016116, 0.499944, 0.016116, 0.028822, 0.028766, 14.965027, -0.644646, 0.000000, -0.016116, 0.499944, 0.500000, -0.016116, 0.499944
0.06, 3919.304970, 400.000000, 15000.000000, 400.000000, -0.000470, -19.001363, -3922.660000, 3903.658637, -0.000470, -0.000470, -0.000470, -0.015646, 3903.658637, 3919.304970, -15.646334, -0.015646, -0.015646, -0.015646, -19.001363, -19.001363, -0.000470, -15.646334, -0.015646, 1000.000000, -3922.660000, -0.000470, 400.000000, -0.000470, 3903.658637, 3903.658637, 3903.658637, 3903.658637, -0.015646, -0.016116, -0.000470, 3903.658637, -0.007139, 1.000010, -0.015646, 0.261287, 0.261511, -19.001363, -0.187925, 0.000000, -0.000470, 1.000010, 1.000000, -0.000470, 1.000010, 0.000000, 0.000000, 10.000000, 4323.265839, 0.000000, 0.000000, 4323.265839, 0.000000, 0.000000, 0.000000, 0.000000, 0.100000, 1.000000, 4341.309168, 0.000000, 0.000000, 0.000000, 0.000000, 4341.309168, 40.000000, 400.000000, 150000.000000, 40.000000, -0.007139, 43.976607, 3905.066561, -392.266000, 4341.309168, -0.007139, -0.007139, -0.007139, -0.007139, 0.007139, 4341.309168, 4341.309168, 0.000000, 0.007139, 0.007139, 0.007139, 3905.066561, 3905.066561, -0.007139, 0.000000, 0.007139, 0.000000, -392.266000, -0.007139, 40.000000, -0.007139, 4341.309168, 4341.309168, 4341.309168, 4341.309168, 0.007139, 0.000000, -0.007139, 4341.309168, 0.000000, 3903.658637, -0.007139, 0.499824, 0.007139, 0.028942, 0.028766, 43.976607, -0.285575, 0.000000, -0.007139, 0.499824, 0.500000, -0.007139, 0.499824
0.07, 3918.301944, 400.000000, 15000.000000, 400.000000, -0.000734, -10.763679, -3922.660000, 3911.896321, -0.000734, -0.000734, -0.000734, -0.006406, 3911.896321, 3918.301944, -6.405624, -0.006406, -0.006406, -0.006406, -10.763679, -10.763679, -0.000734, -6.405624, -0.006406, 1000.000000, -3922.660000, -0.000734, 400.000000, -0.000734, 3911.896321, 3911.896321, 3911.896321, 3911.896321, -0.006406, -0.007139, -0.000734, 3911.896321, 0.004803, 1.000004, -0.006406, 0.261220, 0.261511, -10.763679, -0.293504, 0.000000, -0.000734, 1.000004, 1.000000, -0.000734, 1.000004, 0.000000, 0.000000, 10.000000, 4341.309168, 0.000000, 0.000000, 4341.309168, 0.000000, 0.000000, 0.000000, 0.000000, 0.100000, 1.000000, 4343.122648, 0.000000, 0.000000, 0.000000, 0.000000, 4343.122648, 40.000000, 400.000000, 150000.000000, 40.000000, 0.004803, 47.198011, 3903.658637, -392.266000, 4343.122648, 0.004803, 0.004803, 0.004803, 0.004803, -0.004803, 4343.122648, 4343.122648, -0.000000, -0.004803, -0.004803, -0.004803, 3903.658637, 3903.658637, 0.004803, -0.000000, -0.004803, 0.000000, -392.266000, 0.004803, 40.000000, 0.004803, 4343.122648, 4343.122648, 4343.122648, 4343.122648, -0.004803, 0.000000, 0.004803, 4343.122648, 0.000000, 3911.896321, 0.004803, 0.499812, -0.004803, 0.028954, 0.028766, 47.198011, 0.192133, 0.000000, 0.004803, 0.499812, 0.500000, 0.004803, 0.499812
0.08, 3919.100733, 400.000000, 15000.000000, 400.000000, -0.000700, 1.944003, -3922.660000, 3924.604003, -0.000700, -0.000700, -0.000700, 0.005503, 3924.604003, 3919.100733, 5.503270, 0.005503, 0.005503, 0.005503, 1.944003, 1.944003, -0.000700, 5.503270, 0.005503, 1000.000000, -3922.660000, -0.000700, 400.000000, -0.000700, 3924.604003, 3924.604003, 3924.604003, 3924.604003, 0.005503, 0.004803, -0.000700, 3924.604003, 0.013101, 0.999997, 0.005503, 0.261273, 0.261511, 1.944003, -0.279982, 0.000000, -0.000700, 0.999997, 1.000000, -0.000700, 0.999997, 0.000000, 0.000000, 10.000000, 4343.122648, 0.000000, 0.000000, 4343.122648, 0.000000, 0.000000, 0.000000, 0.000000, 0.100000, 1.000000, 4329.231682, 0.000000, 0.000000, 0.000000, 0.000000, 4329.231682, 40.000000, 400.000000, 150000.000000, 40.000000, 0.013101, 25.069362, 3911.896321, -392.266000, 4329.231682, 0.013101, 0.013101, 0.013101, 0.013101, -0.013101, 4329.231682, 4329.231682, -0.000000, -0.013101, -0.013101, -0.013101, 3911.896321, 3911.896321, 0.013101, -0.000000, -0.013101, 0.000000, -392.266000, 0.013101, 40.000000, 0.013101, 4329.231682, 4329.231682, 4329.231682, 4329.231682, -0.013101, 0.000000, 0.013101, 4329.231682, 0.000000, 3924.604003, 0.013101, 0.499905, -0.013101, 0.028862, 0.028766, 25.069362, 0.524049, 0.000000, 0.013101, 0.499905, 0.500000, 0.013101, 0.499905
0.09, 3921.130390, 400.000000, 15000.000000, 400.000000, -0.000425, 11.997066, -3922.660000, 3934.657066, -0.000425, -0.000425, -0.000425, 0.013527, 3934.657066, 3921.130390, 13.526676, 0.013527, 0.013527, 0.013527, 11.997066, 11.997066, -0.000425, 13.526676, 0.013527, 1000.000000, -3922.660000, -0.000425, 400.000000, -0.000425, 3934.657066, 3934.657066, 3934.657066, 3934.657066, 0.013527, 0.013101, -0.000425, 3934.657066, 0.013665, 0.999991, 0.013527, 0.261409, 0.261511, 11.997066, -0.170185, 0.000000, -0.000425, 0.999991, 1.000000, -0.000425, 0.999991, 0.000000, 0.000000, 10.000000, 4329.231682, 0.000000, 0.000000, 4329.231682, 0.000000, 0.000000, 0.000000, 0.000000, 0.100000, 1.000000, 4308.464447, 0.000000, 0.000000, 0.000000, 0.000000, 4308.464447, 40.000000, 400.000000, 150000.000000, 40.000000, 0.013665, -8.405556, 3924.604003, -392.266000, 4308.464447, 0.013665, 0.013665, 0.013665, 0.013665, -0.013665, 4308.464447, 4308.464447, -0.000000, -0.013665, -0.013665, -0.013665, 3924.604003, 3924.604003, 0.013665, -0.000000, -0.013665, 0.000000, -392.266000, 0.013665, 40.000000, 0.013665, 4308.464447, 4308.464447, 4308.464447, 4308.464447, -0.013665, 0.000000, 0.013665, 4308.464447, 0.000000, 3934.657066, 0.013665, 0.500043, -0.013665, 0.028723, 0.028766, -8.405556, 0.546589, 0.000000, 0.013665, 0.500043, 0.500000, 0.013665, 0.500043
0.1, 3923.217887, 400.000000, 15000.000000, 400.000000, -0.000090, 14.312226, -3922.660000, 3936.972226, -0.000090, -0.000090, -0.000090, 0.013754, 3936.972226, 3923.217887, 13.754339, 0.013754, 0.013754, 0.013754, 14.312226, 14.312226, -0.000090, 13.754339, 0.013754, 1000.000000, -3922.660000, -0.000090, 400.000000, -0.000090, 3936.972226, 3936.972226, 3936.972226, 3936.972226, 0.013754, 0.013665, -0.000090, 3936.972226, 0.006884, 0.999989, 0.013754, 0.261548, 0.261511, 14.312226, -0.035842, 0.000000, -0.000090, 0.999989, 1.000000, -0.000090, 0.999989, 0.000000, 0.000000, 10.000000, 4308.464447, 0.000000, 0.000000, 4308.464447, 0.000000, 0.000000, 0.000000, 0.000000, 0.100000, 1.000000, 4292.519812, 0.000000, 0.000000, 0.000000, 0.000000, 4292.519812, 40.000000, 400.000000, 150000.000000, 40.000000, 0.006884, -34.403254, 3934.657066, -392.266000, 4292.519812, 0.006884, 0.006884, 0.006884, 0.006884, -0.006884, 4292.519812, 4292.519812, -0.000000, -0.006884, -0.006884, -0.006884, 3934.657066, 3934.657066, 0.006884, -0.000000, -0.006884, 0.000000, -392.266000, 0.006884, 40.000000, 0.006884, 4292.519812, 4292.519812, 4292.519812, 4292.519812, -0.006884, 0.000000, 0.006884, 4292.519812, 0.000000, 3936.972226, 0.006884, 0.500149, -0.006884, 0.028617, 0.028766, -34.403254, 0.275374, 0.000000, 0.006884, 0.500149, 0.500000, 0.006884, 0.500149
0.11, 3924.265831, 400.000000, 15000.000000, 400.000000, 0.000112, 8.377806, -3922.660000, 3931.037806, 0.000112, 0.000112, 0.000112, 0.006772, 3931.037806, 3924.265831, 6.771975, 0.006772, 0.006772, 0.006772, 8.377806, 8.377806, 0.000112, 6.771975, 0.006772, 1000.000000, -3922.660000, 0.000112, 400.000000, 0.000112, 3931.037806, 3931.037806, 3931.037806, 3931.037806, 0.006772, 0.006884, 0.000112, 3931.037806, -0.002975, 0.999989, 0.006772, 0.261618, 0.261511, 8.377806, 0.044949, 0.000000, 0.000112, 0.999989, 1.000000, 0.000112, 0.999989, 0.000000, 0.000000, 10.000000, 4292.519812, 0.000000, 0.000000, 4292.519812, 0.000000, 0.000000, 0.000000, 0.000000, 0.100000, 1.000000, 4289.485350, 0.000000, 0.000000, 0.000000, 0.000000, 4289.485350, 40.000000, 400.000000, 150000.000000, 40.000000, -0.002975, -39.752876, 3936.972226, -392.266000, 4289.485350, -0.002975, -0.002975, -0.002975, -0.002975, 0.002975, 4289.485350, 4289.485350, 0.000000, 0.002975, 0.002975, 0.002975, 3936.972226, 3936.972226, -0.002975, 0.000000, 0.002975, 0.000000, -392.266000, -0.002975, 40.000000, -0.002975, 4289.485350, 4289.485350, 4289.485350, 4289.485350, 0.002975, 0.000000, -0.002975, 4289.485350, 0.000000, 3931.037806, -0.002975, 0.500170, 0.002975, 0.028597, 0.028766, -39.752876, -0.119011, 0.000000, -0.002975, 0.500170, 0.500000, -0.002975, 0.500170
0.12, 3923.829721, 400.000000, 15000.000000, 400.000000, 0.000075, -1.880232, -3922.660000, 3920.779768, 0.000075, 0.000075, 0.000075, -0.003050, 3920.779768, 3923.829721, -3.049952, -0.003050, -0.003050, -0.003050, -1.880232, -1.880232, 0.000075, -3.049952, -0.003050, 1000.000000, -3922.660000, 0.000075, 400.000000, 0.000075, 3920.779768, 3920.779768, 3920.779768, 3920.779768, -0.003050, -0.002975, 0.000075, 3920.779768, -0.010391, 0.999990, -0.003050, 0.261589, 0.261511, -1.880232, 0.029871, 0.000000, 0.000075, 0.999990, 1.000000, 0.000075, 0.999990, 0.000000, 0.000000, 10.000000, 4289.485350, 0.000000, 0.000000, 4289.485350, 0.000000, 0.000000, 0.000000, 0.000000, 0.100000, 1.000000, 4299.854593, 0.000000, 0.000000, 0.000000, 0.000000, 4299.854593, 40.000000, 400.000000, 150000.000000, 40.000000, -0.010391, -23.449213, 3931.037806, -392.266000, 4299.854593, -0.010391, -0.010391, -0.010391, -0.010391, 0.010391, 4299.854593, 4299.854593, 0.000000, 0.010391, 0.010391, 0.010391, 3931.037806, 3931.037806, -0.010391, 0.000000, 0.010391, 0.000000, -392.266000, -0.010391, 40.000000, -0.010391, 4299.854593, 4299.854593, 4299.854593, 4299.854593, 0.010391, 0.000000, -0.010391, 4299.854593, 0.000000, 3920.779768, -0.010391, 0.500100, 0.010391, 0.028666, 0.028766, -23.449213, -0.415635, 0.000000, -0.010391, 0.500100, 0.500000, -0.010391, 0.500100
0.13, 3922.296189, 400.000000, 15000.000000, 400.000000, -0.000171, -10.584009, -3922.660000, 3912.075991, -0.000171, -0.000171, -0.000171, -0.010220, 3912.075991, 3922.296189, -10.220198, -0.010220, -0.010220, -0.010220, -10.584009, -10.584009, -0.000171, -10.220198, -0.010220, 1000.000000, -3922.660000, -0.000171, 400.000000, -0.000171, 3912.075991, 3912.075991, 3912.075991, 3912.075991, -0.010220, -0.010391, -0.000171, 3912.075991, -0.011633, 0.999989, -0.010220, 0.261486, 0.261511, -10.584009, -0.068274, 0.000000, -0.000171, 0.999989, 1.000000, -0.000171, 0.999989, 0.000000, 0.000000, 10.000000, 4299.854593, 0.000000, 0.000000, 4299.854593, 0.000000, 0.000000, 0.000000, 0.000000, 0.100000, 1.000000, 4316.942063, 0.000000, 0.000000, 0.000000, 0.000000, 4316.942063, 40.000000, 400.000000, 150000.000000, 40.000000, -0.011633, 3.896295, 3920.779768, -392.266000, 4316.942063, -0.011633, -0.011633, -0.011633, -0.011633, 0.011633, 4316.942063, 4316.942063, 0.000000, 0.011633, 0.011633, 0.011633, 3920.779768, 3920.779768, -0.011633, 0.000000, 0.011633, 0.000000, -392.266000, -0.011633, 40.000000, -0.011633, 4316.942063, 4316.942063, 4316.942063, 4316.942063, 0.011633, 0.000000, -0.011633, 4316.942063, 0.000000, 3912.075991, -0.011633, 0.499987, 0.011633, 0.028780, 0.028766, 3.896295, -0.465328, 0.000000, -0.011633, 0.499987, 0.500000, -0.011633, 0.499987
0.14, 3920.602885, 400.000000, 15000.000000, 400.000000, -0.000483, -13.207100, -3922.660000, 3909.452900, -0.000483, -0.000483, -0.000483, -0.011150, 3909.452900, 3920.602885, -11.149985, -0.011150, -0.011150, -0.011150, -13.207100, -13.207100, -0.000483, -11.149985, -0.011150, 1000.000000, -3922.660000, -0.000483, 400.000000, -0.000483, 3909.452900, 3909.452900, 3909.452900, 3909.452900, -0.011150, -0.011633, -0.000483, 3909.452900, -0.006592, 0.999986, -0.011150, 0.261374, 0.261511, -13.207100, -0.193289, 0.000000, -0.000483, 0.999986, 1.000000, -0.000483, 0.999986, 0.000000, 0.000000, 10.000000, 4316.942063, 0.000000, 0.000000, 4316.942063, 0.000000, 0.000000, 0.000000, 0.000000, 0.100000, 1.000000, 4331.082985, 0.000000, 0.000000, 0.000000, 0.000000, 4331.082985, 40.000000, 400.000000, 150000.000000, 40.000000, -0.006592, 26.740994, 3912.075991, -392.266000, 4331.082985, -0.006592, -0.006592, -0.006592, -0.006592, 0.006592, 4331.082985, 4331.082985, 0.000000, 0.006592, 0.006592, 0.006592, 3912.075991, 3912.075991, -0.006592, 0.000000, 0.006592, 0.000000, -392.266000, -0.006592, 40.000000, -0.006592, 4331.082985, 4331.082985, 4331.082985, 4331.082985, 0.006592, 0.000000, -0.006592, 4331.082985, 0.000000, 3909.452900, -0.006592, 0.499892, 0.006592, 0.028874, 0.028766, 26.740994, -0.263687, 0.000000, -0.006592, 0.499892, 0.500000, -0.006592, 0.499892
0.15, 3919.690023, 400.000000, 15000.000000, 400.000000, -0.000698, -8.863722, -3922.660000, 3913.796278, -0.000698, -0.000698, -0.000698, -0.005894, 3913.796278, 3919.690023, -5.893746, -0.005894, -0.005894, -0.005894, -8.863722, -8.863722, -0.000698, -5.893746, -0.005894, 1000.000000, -3922.660000, -0.000698, 400.000000, -0.000698, 3913.796278, 3913.796278, 3913.796278, 3913.796278, -0.005894, -0.006592, -0.000698, 3913.796278, 0.001488, 0.999980, -0.005894, 0.261313, 0.261511, -8.863722, -0.279371, 0.000000, -0.000698, 0.999980, 1.000000, -0.000698, 0.999980, 0.000000, 0.000000, 10.000000, 4331.082985, 0.000000, 0.000000, 4331.082985, 0.000000, 0.000000, 0.000000, 0.000000, 0.100000, 1.000000, 4335.044256, 0.000000, 0.000000, 0.000000, 0.000000, 4335.044256, 40.000000, 400.000000, 150000.000000, 40.000000, 0.001488, 33.325356, 3909.452900, -392.266000, 4335.044256, 0.001488, 0.001488, 0.001488, 0.001488, -0.001488, 4335.044256, 4335.044256, -0.000000, -0.001488, -0.001488, -0.001488, 3909.452900, 3909.452900, 0.001488, -0.000000, -0.001488, 0.000000, -392.266000, 0.001488, 40.000000, 0.001488, 4335.044256, 4335.044256, 4335.044256, 4335.044256, -0.001488, 0.000000, 0.001488, 4335.044256, 0.000000, 3913.796278, 0.001488, 0.499866, -0.001488, 0.028900, 0.028766, 33.325356, 0.059500, 0.000000, 0.001488, 0.499866, 0.500000, 0.001488, 0.499866
0.16, 3919.999503, 400.000000, 15000.000000, 400.000000, -0.000717, -0.455509, -3922.660000, 3922.204491, -0.000717, -0.000717, -0.000717, 0.002205, 3922.204491, 3919.999503, 2.204988, 0.002205, 0.002205, 0.002205, -0.455509, -0.455509, -0.000717, 2.204988, 0.002205, 1000.000000, -3922.660000, -0.000717, 400.000000, -0.000717, 3922.204491, 3922.204491, 3922.204491, 3922.204491, 0.002205, 0.001488, -0.000717, 3922.204491, 0.008033, 0.999973, 0.002205, 0.261333, 0.261511, -0.455509, -0.286995, 0.000000, -0.000717, 0.999973, 1.000000, -0.000717, 0.999973, 0.000000, 0.000000, 10.000000, 4335.044256, 0.000000, 0.000000, 4335.044256, 0.000000, 0.000000, 0.000000, 0.000000, 0.100000, 1.000000, 4327.657974, 0.000000, 0.000000, 0.000000, 0.000000, 4327.657974, 40.000000, 400.000000, 150000.000000, 40.000000, 0.008033, 21.595696, 3913.796278, -392.266000, 4327.657974, 0.008033, 0.008033, 0.008033, 0.008033, -0.008033, 4327.657974, 4327.657974, -0.000000, -0.008033, -0.008033, -0.008033, 3913.796278, 3913.796278, 0.008033, -0.000000, -0.008033, 0.000000, -392.266000, 0.008033, 40.000000, 0.008033, 4327.657974, 4327.657974, 4327.657974, 4327.657974, -0.008033, 0.000000, 0.008033, 4327.657974, 0.000000, 3922.204491, 0.008033, 0.499915, -0.008033, 0.028851, 0.028766, 21.595696, 0.321323, 0.000000, 0.008033, 0.499915, 0.500000, 0.008033, 0.499915
0.17, 3921.284022, 400.000000, 15000.000000, 400.000000, -0.000554, 7.211109, -3922.660000, 3929.871109, -0.000554, -0.000554, -0.000554, 0.008587, 3929.871109, 3921.284022, 8.587086, 0.008587, 0.008587, 0.008587, 7.211109, 7.211109, -0.000554, 8.587086, 0.008587, 1000.000000, -3922.660000, -0.000554, 400.000000, -0.000554, 3929.871109, 3929.871109, 3929.871109, 3929.871109, 0.008587, 0.008033, -0.000554, 3929.871109, 0.009697, 0.999967, 0.008587, 0.261419, 0.261511, 7.211109, -0.221604, 0.000000, -0.000554, 0.999967, 1.000000, -0.000554, 0.999967, 0.000000, 0.000000, 10.000000, 4327.657974, 0.000000, 0.000000, 4327.657974, 0.000000, 0.000000, 0.000000, 0.000000, 0.100000, 1.000000, 4313.901797, 0.000000, 0.000000, 0.000000, 0.000000, 4313.901797, 40.000000, 400.000000, 150000.000000, 40.000000, 0.009697, -0.568695, 3922.204491, -392.266000, 4313.901797, 0.009697, 0.009697, 0.009697, 0.009697, -0.009697, 4313.901797, 4313.901797, -0.000000, -0.009697, -0.009697, -0.009697, 3922.204491, 3922.204491, 0.009697, -0.000000, -0.009697, 0.000000, -392.266000, 0.009697, 40.000000, 0.009697, 4313.901797, 4313.901797, 4313.901797, 4313.901797, -0.009697, 0.000000, 0.009697, 4313.901797, 0.000000, 3929.871109, 0.009697, 0.500007, -0.009697, 0.028759, 0.028766, -0.568695, 0.387867, 0.000000, 0.009697, 0.500007, 0.500000, 0.009697, 0.500007
0.18, 3922.800124, 400.000000, 15000.000000, 400.000000, -0.000317, 10.153549, -3922.660000, 3932.813549, -0.000317, -0.000317, -0.000317, 0.010013, 3932.813549, 3922.800124, 10.013425, 0.010013, 0.010013, 0.010013, 10.153549, 10.153549, -0.000317, 10.013425, 0.010013, 1000.000000, -3922.660000, -0.000317, 400.000000, -0.000317, 3932.813549, 3932.813549, 3932.813549, 3932.813549, 0.010013, 0.009697, -0.000317, 3932.813549, 0.006028, 0.999962, 0.010013, 0.261520, 0.261511, 10.153549, -0.126700, 0.000000, -0.000317, 0.999962, 1.000000, -0.000317, 0.999962, 0.000000, 0.000000, 10.000000, 4313.901797, 0.000000, 0.000000, 4313.901797, 0.000000, 0.000000, 0.000000, 0.000000, 0.100000, 1.000000, 4301.700447, 0.000000, 0.000000, 0.000000, 0.000000, 4301.700447, 40.000000, 400.000000, 150000.000000, 40.000000, 0.006028, -20.436661, 3929.871109, -392.266000, 4301.700447, 0.006028, 0.006028, 0.006028, 0.006028, -0.006028, 4301.700447, 4301.700447, -0.000000, -0.006028, -0.006028, -0.006028, 3929.871109, 3929.871109, 0.006028, -0.000000, -0.006028, 0.000000, -392.266000, 0.006028, 40.000000, 0.006028, 4301.700447, 4301.700447, 4301.700447, 4301.700447, -0.006028, 0.000000, 0.006028, 4301.700447, 0.000000, 3932.813549, 0.006028, 0.500088, -0.006028, 0.028678, 0.028766, -20.436661, 0.241130, 0.000000, 0.006028, 0.500088, 0.500000, 0.006028, 0.500088
0.19, 3923.748157, 400.000000, 15000.000000, 400.000000, -0.000143, 7.259636, -3922.660000, 3929.919636, -0.000143, -0.000143, -0.000143, 0.006171, 3929.919636, 3923.748157, 6.171480, 0.006171, 0.006171, 0.006171, 7.259636, 7.259636, -0.000143, 6.171480, 0.006171, 1000.000000, -3922.660000, -0.000143, 400.000000, -0.000143, 3929.919636, 3929.919636, 3929.919636, 3929.919636, 0.006171, 0.006028, -0.000143, 3929.919636, -0.000543, 0.999960, 0.006171, 0.261583, 0.261511, 7.259636, -0.057289, 0.000000, -0.000143, 0.999960, 1.000000, -0.000143, 0.999960, 0.000000, 0.000000, 10.000000, 4301.700447, 0.000000, 0.000000, 4301.700447, 0.000000, 0.000000, 0.000000, 0.000000, 0.100000, 1.000000, 4297.443743, 0.000000, 0.000000, 0.000000, 0.000000, 4297.443743, 40.000000, 400.000000, 150000.000000, 40.000000, -0.000543, -27.635805, 3932.813549, -392.266000, 4297.443743, -0.000543, -0.000543, -0.000543, -0.000543, 0.000543, 4297.443743, 4297.443743, 0.000000, 0.000543, 0.000543, 0.000543, 3932.813549, 3932.813549, -0.000543, 0.000000, 0.000543, 0.000000, -392.266000, -0.000543, 40.000000, -0.000543, 4297.443743, 4297.443743, 4297.443743, 4297.443743, 0.000543, 0.000000, -0.000543, 4297.443743, 0.000000, 3929.919636, -0.000543, 0.500117, 0.000543, 0.028650, 0.028766, -27.635805, -0.021736, 0.000000, -0.000543, 0.500117, 0.500000, -0.000543, 0.500117
0.2, 3923.702883, 400.000000, 15000.000000, 400.000000, -0.000124, 0.623413, -3922.660000, 3923.283413, -0.000124, -0.000124, -0.000124, -0.000419, 3923.283413, 3923.702883, -0.419470, -0.000419, -0.000419, -0.000419, 0.623413, 0.623413, -0.000124, -0.419470, -0.000419, 1000.000000, -3922.660000, -0.000124, 400.000000, -0.000124, 3923.283413, 3923.283413, 3923.283413, 3923.283413, -0.000419, -0.000543, -0.000124, 3923.283413, -0.006261, 0.999959, -0.000419, 0.261580, 0.261511, 0.623413, -0.049568, 0.000000, -0.000124, 0.999959, 1.000000, -0.000124, 0.999959, 0.000000, 0.000000, 10.000000, 4297.443743, 0.000000, 0.000000, 4297.443743, 0.000000, 0.000000, 0.000000, 0.000000, 0.100000, 1.000000, 4302.721742, 0.000000, 0.000000, 0.000000, 0.000000, 4302.721742, 40.000000, 400.000000, 150000.000000, 40.000000, -0.006261, -19.463894, 3929.919636, -392.266000, 4302.721742, -0.006261, -0.006261, -0.006261, -0.006261, 0.006261, 4302.721742, 4302.721742, 0.000000, 0.006261, 0.006261, 0.006261, 3929.919636, 3929.919636, -0.006261, 0.000000, 0.006261, 0.000000, -392.266000, -0.006261, 40.000000, -0.006261, 4302.721742, 4302.721742, 4302.721742, 4302.721742, 0.006261, 0.000000, -0.006261, 4302.721742, 0.000000, 3923.283413, -0.006261, 0.500081, 0.006261, 0.028685, 0.028766, -19.463894, -0.250423, 0.000000, -0.006261, 0.500081, 0.500000, -0.006261, 0.500081
0.21, 3922.806338, 400.000000, 15000.000000, 400.000000, -0.000258, -5.855899, -3922.660000, 3916.804101, -0.000258, -0.000258, -0.000258, -0.006002, 3916.804101, 3922.806338, -6.002237, -0.006002, -0.006002, -0.006002, -5.855899, -5.855899, -0.000258, -6.002237, -0.006002, 1000.000000, -3922.660000, -0.000258, 400.000000, -0.000258, 3916.804101, 3916.804101, 3916.804101, 3916.804101, -0.006002, -0.006261, -0.000258, 3916.804101, -0.008156, 0.999957, -0.006002, 0.261520, 0.261511, -5.855899, -0.103337, 0.000000, -0.000258, 0.999957, 1.000000, -0.000258, 0.999957, 0.000000, 0.000000, 10.000000, 4302.721742, 0.000000, 0.000000, 4302.721742, 0.000000, 0.000000, 0.000000, 0.000000, 0.100000, 1.000000, 4313.906481, 0.000000, 0.000000, 0.000000, 0.000000, 4313.906481, 40.000000, 400.000000, 150000.000000, 40.000000, -0.008156, -1.642932, 3923.283413, -392.266000, 4313.906481, -0.008156, -0.008156, -0.008156, -0.008156, 0.008156, 4313.906481, 4313.906481, 0.000000, 0.008156, 0.008156, 0.008156, 3923.283413, 3923.283413, -0.008156, 0.000000, 0.008156, 0.000000, -392.266000, -0.008156, 40.000000, -0.008156, 4313.906481, 4313.906481, 4313.906481, 4313.906481, 0.008156, 0.000000, -0.008156, 4313.906481, 0.000000, 3916.804101, -0.008156, 0.500007, 0.008156, 0.028759, 0.028766, -1.642932, -0.326231, 0.000000, -0.008156, 0.500007, 0.500000, -0.008156, 0.500007
0.22, 3921.641478, 400.000000, 15000.000000, 400.000000, -0.000463, -8.710914, -3922.660000, 3913.949086, -0.000463, -0.000463, -0.000463, -0.007692, 3913.949086, 3921.641478, -7.692392, -0.007692, -0.007692, -0.007692, -8.710914, -8.710914, -0.000463, -7.692392, -0.007692, 1000.000000, -3922.660000, -0.000463, 400.000000, -0.000463, 3913.949086, 3913.949086, 3913.949086, 3913.949086, -0.007692, -0.008156, -0.000463, 3913.949086, -0.005561, 0.999953, -0.007692, 0.261443, 0.261511, -8.710914, -0.185358, 0.000000, -0.000463, 0.999953, 1.000000, -0.000463, 0.999953, 0.000000, 0.000000, 10.000000, 4313.906481, 0.000000, 0.000000, 4313.906481, 0.000000, 0.000000, 0.000000, 0.000000, 0.100000, 1.000000, 4324.548939, 0.000000, 0.000000, 0.000000, 0.000000, 4324.548939, 40.000000, 400.000000, 150000.000000, 40.000000, -0.005561, 15.478838, 3916.804101, -392.266000, 4324.548939, -0.005561, -0.005561, -0.005561, -0.005561, 0.005561, 4324.548939, 4324.548939, 0.000000, 0.005561, 0.005561, 0.005561, 3916.804101, 3916.804101, -0.005561, 0.000000, 0.005561, 0.000000, -392.266000, -0.005561, 40.000000, -0.005561, 4324.548939, 4324.548939, 4324.548939, 4324.548939, 0.005561, 0.000000, -0.005561, 4324.548939, 0.000000, 3913.949086, -0.005561, 0.499936, 0.005561, 0.028830, 0.028766, 15.478838, -0.222437, 0.000000, -0.005561, 0.499936, 0.500000, -0.005561, 0.499936
0.23, 3920.882376, 400.000000, 15000.000000, 400.000000, -0.000625, -6.713561, -3922.660000, 3915.946439, -0.000625, -0.000625, -0.000625, -0.004936, 3915.946439, 3920.882376, -4.935938, -0.004936, -0.004936, -0.004936, -6.713561, -6.713561, -0.000625, -4.935938, -0.004936, 1000.000000, -3922.660000, -0.000625, 400.000000, -0.000625, 3915.946439, 3915.946439, 3915.946439, 3915.946439, -0.004936, -0.005561, -0.000625, 3915.946439, -0.000258, 0.999948, -0.004936, 0.261392, 0.261511, -6.713561, -0.249998, 0.000000, -0.000625, 0.999948, 1.000000, -0.000625, 0.999948, 0.000000, 0.000000, 10.000000, 4324.548939, 0.000000, 0.000000, 4324.548939, 0.000000, 0.000000, 0.000000, 0.000000, 0.100000, 1.000000, 4329.063930, 0.000000, 0.000000, 0.000000, 0.000000, 4329.063930, 40.000000, 400.000000, 150000.000000, 40.000000, -0.000258, 22.848844, 3913.949086, -392.266000, 4329.063930, -0.000258, -0.000258, -0.000258, -0.000258, 0.000258, 4329.063930, 4329.063930, 0.000000, 0.000258, 0.000258, 0.000258, 3913.949086, 3913.949086, -0.000258, 0.000000, 0.000258, 0.000000, -392.266000, -0.000258, 40.000000, -0.000258, 4329.063930, 4329.063930, 4329.063930, 4329.063930, 0.000258, 0.000000, -0.000258, 4329.063930, 0.000000, 3915.946439, -0.000258, 0.499906, 0.000258, 0.028860, 0.028766, 22.848844, -0.010314, 0.000000, -0.000258, 0.499906, 0.500000, -0.000258, 0.499906
0.24, 3920.927130, 400.000000, 15000.000000, 400.000000, -0.000662, -1.329128, -3922.660000, 3921.330872, -0.000662, -0.000662, -0.000662, 0.000404, 3921.330872, 3920.927130, 0.403742, 0.000404, 0.000404, 0.000404, -1.329128, -1.329128, -0.000662, 0.403742, 0.000404, 1000.000000, -3922.660000, -0.000662, 400.000000, -0.000662, 3921.330872, 3921.330872, 3921.330872, 3921.330872, 0.000404, -0.000258, -0.000662, 3921.330872, 0.004689, 0.999941, 0.000404, 0.261395, 0.261511, -1.329128, -0.264637, 0.000000, -0.000662, 0.999941, 1.000000, -0.000662, 0.999941, 0.000000, 0.000000, 10.000000, 4329.063930, 0.000000, 0.000000, 4329.063930, 0.000000, 0.000000, 0.000000, 0.000000, 0.100000, 1.000000, 4325.626271, 0.000000, 0.000000, 0.000000, 0.000000, 4325.626271, 40.000000, 400.000000, 150000.000000, 40.000000, 0.004689, 17.413832, 3915.946439, -392.266000, 4325.626271, 0.004689, 0.004689, 0.004689, 0.004689, -0.004689, 4325.626271, 4325.626271, -0.000000, -0.004689, -0.004689, -0.004689, 3915.946439, 3915.946439, 0.004689, -0.000000, -0.004689, 0.000000, -392.266000, 0.004689, 40.000000, 0.004689, 4325.626271, 4325.626271, 4325.626271, 4325.626271, -0.004689, 0.000000, 0.004689, 4325.626271, 0.000000, 3921.330872, 0.004689, 0.499929, -0.004689, 0.028838, 0.028766, 17.413832, 0.187557, 0.000000, 0.004689, 0.499929, 0.500000, 0.004689, 0.499929
0.25, 3921.710447, 400.000000, 15000.000000, 400.000000, -0.000565, 4.304078, -3922.660000, 3926.964078, -0.000565, -0.000565, -0.000565, 0.005254, 3926.964078, 3921.710447, 5.253631, 0.005254, 0.005254, 0.005254, 4.304078, 4.304078, -0.000565, 5.253631, 0.005254, 1000.000000, -3922.660000, -0.000565, 400.000000, -0.000565, 3926.964078, 3926.964078, 3926.964078, 3926.964078, 0.005254, 0.004689, -0.000565, 3926.964078, 0.006678, 0.999935, 0.005254, 0.261447, 0.261511, 4.304078, -0.225878, 0.000000, -0.000565, 0.999935, 1.000000, -0.000565, 0.999935, 0.000000, 0.000000, 10.000000, 4325.626271, 0.000000, 0.000000, 4325.626271, 0.000000, 0.000000, 0.000000, 0.000000, 0.100000, 1.000000, 4316.806796, 0.000000, 0.000000, 0.000000, 0.000000, 4316.806796, 40.000000, 400.000000, 150000.000000, 40.000000, 0.006678, 3.209924, 3921.330872, -392.266000, 4316.806796, 0.006678, 0.006678, 0.006678, 0.006678, -0.006678, 4316.806796, 4316.806796, -0.000000, -0.006678, -0.006678, -0.006678, 3921.330872, 3921.330872, 0.006678, -0.000000, -0.006678, 0.000000, -392.266000, 0.006678, 40.000000, 0.006678, 4316.806796, 4316.806796, 4316.806796, 4316.806796, -0.006678, 0.000000, 0.006678, 4316.806796, 0.000000, 3926.964078, 0.006678, 0.499987, -0.006678, 0.028779, 0.028766, 3.209924, 0.267125, 0.000000, 0.006678, 0.499987, 0.500000, 0.006678, 0.499987
0.26, 3922.779657, 400.000000, 15000.000000, 400.000000, -0.000397, 7.194669, -3922.660000, 3929.854669, -0.000397, -0.000397, -0.000397, 0.007075, 3929.854669, 3922.779657, 7.075011, 0.007075, 0.007075, 0.007075, 7.194669, 7.194669, -0.000397, 7.075011, 0.007075, 1000.000000, -3922.660000, -0.000397, 400.000000, -0.000397, 3929.854669, 3929.854669, 3929.854669, 3929.854669, 0.007075, 0.006678, -0.000397, 3929.854669, 0.004915, 0.999930, 0.007075, 0.261519, 0.261511, 7.194669, -0.158750, 0.000000, -0.000397, 0.999930, 1.000000, -0.000397, 0.999930, 0.000000, 0.000000, 10.000000, 4316.806796, 0.000000, 0.000000, 4316.806796, 0.000000, 0.000000, 0.000000, 0.000000, 0.100000, 1.000000, 4307.811329, 0.000000, 0.000000, 0.000000, 0.000000, 4307.811329, 40.000000, 400.000000, 150000.000000, 40.000000, 0.004915, -11.418748, 3926.964078, -392.266000, 4307.811329, 0.004915, 0.004915, 0.004915, 0.004915, -0.004915, 4307.811329, 4307.811329, -0.000000, -0.004915, -0.004915, -0.004915, 3926.964078, 3926.964078, 0.004915, -0.000000, -0.004915, 0.000000, -392.266000, 0.004915, 40.000000, 0.004915, 4307.811329, 4307.811329, 4307.811329, 4307.811329, -0.004915, 0.000000, 0.004915, 4307.811329, 0.000000, 3929.854669, 0.004915, 0.500047, -0.004915, 0.028719, 0.028766, -11.418748, 0.196607, 0.000000, 0.004915, 0.500047, 0.500000, 0.004915, 0.500047
0.27, 3923.570164, 400.000000, 15000.000000, 400.000000, -0.000252, 6.077491, -3922.660000, 3928.737491, -0.000252, -0.000252, -0.000252, 0.005167, 3928.737491, 3923.570164, 5.167328, 0.005167, 0.005167, 0.005167, 6.077491, 6.077491, -0.000252, 5.167328, 0.005167, 1000.000000, -3922.660000, -0.000252, 400.000000, -0.000252, 3928.737491, 3928.737491, 3928.737491, 3928.737491, 0.005167, 0.004915, -0.000252, 3928.737491, 0.000674, 0.999927, 0.005167, 0.261571, 0.261511, 6.077491, -0.100861, 0.000000, -0.000252, 0.999927, 1.000000, -0.000252, 0.999927, 0.000000, 0.000000, 10.000000, 4307.811329, 0.000000, 0.000000, 4307.811329, 0.000000, 0.000000, 0.000000, 0.000000, 0.100000, 1.000000, 4303.474041, 0.000000, 0.000000, 0.000000, 0.000000, 4303.474041, 40.000000, 400.000000, 150000.000000, 40.000000, 0.000674, -18.646628, 3929.854669, -392.266000, 4303.474041, 0.000674, 0.000674, 0.000674, 0.000674, -0.000674, 4303.474041, 4303.474041, -0.000000, -0.000674, -0.000674, -0.000674, 3929.854669, 3929.854669, 0.000674, -0.000000, -0.000674, 0.000000, -392.266000, 0.000674, 40.000000, 0.000674, 4303.474041, 4303.474041, 4303.474041, 4303.474041, -0.000674, 0.000000, 0.000674, 4303.474041, 0.000000, 3928.737491, 0.000674, 0.500076, -0.000674, 0.028690, 0.028766, -18.646628, 0.026959, 0.000000, 0.000674, 0.500076, 0.500000, 0.000674, 0.500076
0.28, 3923.715904, 400.000000, 15000.000000, 400.000000, -0.000203, 1.933015, -3922.660000, 3924.593015, -0.000203, -0.000203, -0.000203, 0.000877, 3924.593015, 3923.715904, 0.877111, 0.000877, 0.000877, 0.000877, 1.933015, 1.933015, -0.000203, 0.877111, 0.000877, 1000.000000, -3922.660000, -0.000203, 400.000000, -0.000203, 3924.593015, 3924.593015, 3924.593015, 3924.593015, 0.000877, 0.000674, -0.000203, 3924.593015, -0.003566, 0.999925, 0.000877, 0.261581, 0.261511, 1.933015, -0.081255, 0.000000, -0.000203, 0.999925, 1.000000, -0.000203, 0.999925, 0.000000, 0.000000, 10.000000, 4303.474041, 0.000000, 0.000000, 4303.474041, 0.000000, 0.000000, 0.000000, 0.000000, 0.100000, 1.000000, 4305.716982, 0.000000, 0.000000, 0.000000, 0.000000, 4305.716982, 40.000000, 400.000000, 150000.000000, 40.000000, -0.003566, -15.286510, 3928.737491, -392.266000, 4305.716982, -0.003566, -0.003566, -0.003566, -0.003566, 0.003566, 4305.716982, 4305.716982, 0.000000, 0.003566, 0.003566, 0.003566, 3928.737491, 3928.737491, -0.003566, 0.000000, 0.003566, 0.000000, -392.266000, -0.003566, 40.000000, -0.003566, 4305.716982, 4305.716982, 4305.716982, 4305.716982, 0.003566, 0.000000, -0.003566, 4305.716982, 0.000000, 3924.593015, -0.003566, 0.500061, 0.003566, 0.028705, 0.028766, -15.286510, -0.142634, 0.000000, -0.003566, 0.500061, 0.500000, -0.003566, 0.500061
0.29, 3923.226416, 400.000000, 15000.000000, 400.000000, -0.000264, -2.735117, -3922.660000, 3919.924883, -0.000264, -0.000264, -0.000264, -0.003302, 3919.924883, 3923.226416, -3.301533, -0.003302, -0.003302, -0.003302, -2.735117, -2.735117, -0.000264, -3.301533, -0.003302, 1000.000000, -3922.660000, -0.000264, 400.000000, -0.000264, 3919.924883, 3919.924883, 3919.924883, 3919.924883, -0.003302, -0.003566, -0.000264, 3919.924883, -0.005547, 0.999923, -0.003302, 0.261548, 0.261511, -2.735117, -0.105731, 0.000000, -0.000264, 0.999923, 1.000000, -0.000264, 0.999923, 0.000000, 0.000000, 10.000000, 4305.716982, 0.000000, 0.000000, 4305.716982, 0.000000, 0.000000, 0.000000, 0.000000, 0.100000, 1.000000, 4312.786655, 0.000000, 0.000000, 0.000000, 0.000000, 4312.786655, 40.000000, 400.000000, 150000.000000, 40.000000, -0.005547, -4.072360, 3924.593015, -392.266000, 4312.786655, -0.005547, -0.005547, -0.005547, -0.005547, 0.005547, 4312.786655, 4312.786655, 0.000000, 0.005547, 0.005547, 0.005547, 3924.593015, 3924.593015, -0.005547, 0.000000, 0.005547, 0.000000, -392.266000, -0.005547, 40.000000, -0.005547, 4312.786655, 4312.786655, 4312.786655, 4312.786655, 0.005547, 0.000000, -0.005547, 4312.786655, 0.000000, 3919.924883, -0.005547, 0.500014, 0.005547, 0.028752, 0.028766, -4.072360, -0.221867, 0.000000, -0.005547, 0.500014, 0.500000, -0.005547, 0.500014
0.3, 3922.448143, 400.000000, 15000.000000, 400.000000, -0.000390, -5.368948, -3922.660000, 3917.291052, -0.000390, -0.000390, -0.000390, -0.005157, 3917.291052, 3922.448143, -5.157091, -0.005157, -0.005157, -0.005157, -5.368948, -5.368948, -0.000390, -5.157091, -0.005157, 1000.000000, -3922.660000, -0.000390, 400.000000, -0.000390, 3917.291052, 3917.291052, 3917.291052, 3917.291052, -0.005157, -0.005547, -0.000390, 3917.291052, -0.004415, 0.999919, -0.005157, 0.261497, 0.261511, -5.368948, -0.155834, 0.000000, -0.000390, 0.999919, 1.000000, -0.000390, 0.999919, 0.000000, 0.000000, 10.000000, 4312.786655, 0.000000, 0.000000, 4312.786655, 0.000000, 0.000000, 0.000000, 0.000000, 0.100000, 1.000000, 4320.515457, 0.000000, 0.000000, 0.000000, 0.000000, 4320.515457, 40.000000, 400.000000, 150000.000000, 40.000000, -0.004415, 8.324574, 3919.924883, -392.266000, 4320.515457, -0.004415, -0.004415, -0.004415, -0.004415, 0.004415, 4320.515457, 4320.515457, 0.000000, 0.004415, 0.004415, 0.004415, 3919.924883, 3919.924883, -0.004415, 0.000000, 0.004415, 0.000000, -392.266000, -0.004415, 40.000000, -0.004415, 4320.515457, 4320.515457, 4320.515457, 4320.515457, 0.004415, 0.000000, -0.004415, 4320.515457, 0.000000, 3917.291052, -0.004415, 0.499963, 0.004415, 0.028803, 0.028766, 8.324574, -0.176595, 0.000000, -0.004415, 0.499963, 0.500000, -0.004415, 0.499963
0.31, 3921.849845, 400.000000, 15000.000000, 400.000000, -0.000502, -4.722888, -3922.660000, 3917.937112, -0.000502, -0.000502, -0.000502, -0.003913, 3917.937112, 3921.849845, -3.912733, -0.003913, -0.003913, -0.003913, -4.722888, -4.722888, -0.000502, -3.912733, -0.003913, 1000.000000, -3922.660000, -0.000502, 400.000000, -0.000502, 3917.937112, 3917.937112, 3917.937112, 3917.937112, -0.003913, -0.004415, -0.000502, 3917.937112, -0.001050, 0.999915, -0.003913, 0.261457, 0.261511, -4.722888, -0.200859, 0.000000, -0.000502, 0.999915, 1.000000, -0.000502, 0.999915, 0.000000, 0.000000, 10.000000, 4320.515457, 0.000000, 0.000000, 4320.515457, 0.000000, 0.000000, 0.000000, 0.000000, 0.100000, 1.000000, 4324.755736, 0.000000, 0.000000, 0.000000, 0.000000, 4324.755736, 40.000000, 400.000000, 150000.000000, 40.000000, -0.001050, 15.198684, 3917.291052, -392.266000, 4324.755736, -0.001050, -0.001050, -0.001050, -0.001050, 0.001050, 4324.755736, 4324.755736, 0.000000, 0.001050, 0.001050, 0.001050, 3917.291052, 3917.291052, -0.001050, 0.000000, 0.001050, 0.000000, -392.266000, -0.001050, 40.000000, -0.001050, 4324.755736, 4324.755736, 4324.755736, 4324.755736, 0.001050, 0.000000, -0.001050, 4324.755736, 0.000000, 3917.937112, -0.001050, 0.499934, 0.001050, 0.028832, 0.028766, 15.198684, -0.042002, 0.000000, -0.001050, 0.499934, 0.500000, -0.001050, 0.499934
0.32, 3921.762045, 400.000000, 15000.000000, 400.000000, -0.000538, -1.409767, -3922.660000, 3921.250233, -0.000538, -0.000538, -0.000538, -0.000512, 3921.250233, 3921.762045, -0.511812, -0.000512, -0.000512, -0.000512, -1.409767, -1.409767, -0.000538, -0.511812, -0.000512, 1000.000000, -3922.660000, -0.000538, 400.000000, -0.000538, 3921.250233, 3921.250233, 3921.250233, 3921.250233, -0.000512, -0.001050, -0.000538, 3921.250233, 0.002558, 0.999910, -0.000512, 0.261451, 0.261511, -1.409767, -0.215299, 0.000000, -0.000538, 0.999910, 1.000000, -0.000538, 0.999910, 0.000000, 0.000000, 10.000000, 4324.755736, 0.000000, 0.000000, 4324.755736, 0.000000, 0.000000, 0.000000, 0.000000, 0.100000, 1.000000, 4323.586017, 0.000000, 0.000000, 0.000000, 0.000000, 4323.586017, 40.000000, 400.000000, 150000.000000, 40.000000, 0.002558, 13.382904, 3917.937112, -392.266000, 4323.586017, 0.002558, 0.002558, 0.002558, 0.002558, -0.002558, 4323.586017, 4323.586017, -0.000000, -0.002558, -0.002558, -0.002558, 3917.937112, 3917.937112, 0.002558, -0.000000, -0.002558, 0.000000, -392.266000, 0.002558, 40.000000, 0.002558, 4323.586017, 4323.586017, 4323.586017, 4323.586017, -0.002558, 0.000000, 0.002558, 4323.586017, 0.000000, 3921.250233, 0.002558, 0.499942, -0.002558, 0.028824, 0.028766, 13.382904, 0.102318, 0.000000, 0.002558, 0.499942, 0.500000, 0.002558, 0.499942
0.33, 3922.213319, 400.000000, 15000.000000, 400.000000, -0.000480, 2.591206, -3922.660000, 3925.251206, -0.000480, -0.000480, -0.000480, 0.003038, 3925.251206, 3922.213319, 3.037887, 0.003038, 0.003038, 0.003038, 2.591206, 2.591206, -0.000480, 3.037887, 0.003038, 1000.000000, -3922.660000, -0.000480, 400.000000, -0.000480, 3925.251206, 3925.251206, 3925.251206, 3925.251206, 0.003038, 0.002558, -0.000480, 3925.251206, 0.004467, 0.999905, 0.003038, 0.261481, 0.261511, 2.591206, -0.191975, 0.000000, -0.000480, 0.999905, 1.000000, -0.000480, 0.999905, 0.000000, 0.000000, 10.000000, 4323.586017, 0.000000, 0.000000, 4323.586017, 0.000000, 0.000000, 0.000000, 0.000000, 0.100000, 1.000000, 4318.135195, 0.000000, 0.000000, 0.000000, 0.000000, 4318.135195, 40.000000, 400.000000, 150000.000000, 40.000000, 0.004467, 4.618961, 3921.250233, -392.266000, 4318.135195, 0.004467, 0.004467, 0.004467, 0.004467, -0.004467, 4318.135195, 4318.135195, -0.000000, -0.004467, -0.004467, -0.004467, 3921.250233, 3921.250233, 0.004467, -0.000000, -0.004467, 0.000000, -392.266000, 0.004467, 40.000000, 0.004467, 4318.135195, 4318.135195, 4318.135195, 4318.135195, -0.004467, 0.000000, 0.004467, 4318.135195, 0.000000, 3925.251206, 0.004467, 0.499979, -0.004467, 0.028788, 0.028766, 4.618961, 0.178698, 0.000000, 0.004467, 0.499979, 0.500000, 0.004467, 0.499979
0.34, 3922.941955, 400.000000, 15000.000000, 400.000000, -0.000361, 5.109996, -3922.660000, 3927.769996, -0.000361, -0.000361, -0.000361, 0.004828, 3927.769996, 3922.941955, 4.828041, 0.004828, 0.004828, 0.004828, 5.109996, 5.109996, -0.000361, 4.828041, 0.004828, 1000.000000, -3922.660000, -0.000361, 400.000000, -0.000361, 3927.769996, 3927.769996, 3927.769996, 3927.769996, 0.004828, 0.004467, -0.000361, 3927.769996, 0.003814, 0.999900, 0.004828, 0.261529, 0.261511, 5.109996, -0.144232, 0.000000, -0.000361, 0.999900, 1.000000, -0.000361, 0.999900, 0.000000, 0.000000, 10.000000, 4318.135195, 0.000000, 0.000000, 4318.135195, 0.000000, 0.000000, 0.000000, 0.000000, 0.100000, 1.000000, 4311.709277, 0.000000, 0.000000, 0.000000, 0.000000, 4311.709277, 40.000000, 400.000000, 150000.000000, 40.000000, 0.003814, -5.807930, 3925.251206, -392.266000, 4311.709277, 0.003814, 0.003814, 0.003814, 0.003814, -0.003814, 4311.709277, 4311.709277, -0.000000, -0.003814, -0.003814, -0.003814, 3925.251206, 3925.251206, 0.003814, -0.000000, -0.003814, 0.000000, -392.266000, 0.003814, 40.000000, 0.003814, 4311.709277, 4311.709277, 4311.709277, 4311.709277, -0.003814, 0.000000, 0.003814, 4311.709277, 0.000000, 3927.769996, 0.003814, 0.500021, -0.003814, 0.028745, 0.028766, -5.807930, 0.152573, 0.000000, 0.003814, 0.500021, 0.500000, 0.003814, 0.500021
0.35, 3923.561107, 400.000000, 15000.000000, 400.000000, -0.000243, 4.957975, -3922.660000, 3927.617975, -0.000243, -0.000243, -0.000243, 0.004057, 3927.617975, 3923.561107, 4.056868, 0.004057, 0.004057, 0.004057, 4.957975, 4.957975, -0.000243, 4.056868, 0.004057, 1000.000000, -3922.660000, -0.000243, 400.000000, -0.000243, 3927.617975, 3927.617975, 3927.617975, 3927.617975, 0.004057, 0.003814, -0.000243, 3927.617975, 0.001176, 0.999897, 0.004057, 0.261571, 0.261511, 4.957975, -0.097017, 0.000000, -0.000243, 0.999897, 1.000000, -0.000243, 0.999897, 0.000000, 0.000000, 10.000000, 4311.709277, 0.000000, 0.000000, 4311.709277, 0.000000, 0.000000, 0.000000, 0.000000, 0.100000, 1.000000, 4307.837036, 0.000000, 0.000000, 0.000000, 0.000000, 4307.837036, 40.000000, 400.000000, 150000.000000, 40.000000, 0.001176, -12.198960, 3927.769996, -392.266000, 4307.837036, 0.001176, 0.001176, 0.001176, 0.001176, -0.001176, 4307.837036, 4307.837036, -0.000000, -0.001176, -0.001176, -0.001176, 3927.769996, 3927.769996, 0.001176, -0.000000, -0.001176, 0.000000, -392.266000, 0.001176, 40.000000, 0.001176, 4307.837036, 4307.837036, 4307.837036, 4307.837036, -0.001176, 0.000000, 0.001176, 4307.837036, 0.000000, 3927.617975, 0.001176, 0.500047, -0.001176, 0.028719, 0.028766, -12.198960, 0.047032, 0.000000, 0.001176, 0.500047, 0.500000, 0.001176, 0.500047
0.36, 3923.775837, 400.000000, 15000.000000, 400.000000, -0.000181, 2.473085, -3922.660000, 3925.133085, -0.000181, -0.000181, -0.000181, 0.001357, 3925.133085, 3923.775837, 1.357249, 0.001357, 0.001357, 0.001357, 2.473085, 2.473085, -0.000181, 1.357249, 0.001357, 1000.000000, -3922.660000, -0.000181, 400.000000, -0.000181, 3925.133085, 3925.133085, 3925.133085, 3925.133085, 0.001357, 0.001176, -0.000181, 3925.133085, -0.001865, 0.999895, 0.001357, 0.261585, 0.261511, 2.473085, -0.072576, 0.000000, -0.000181, 0.999895, 1.000000, -0.000181, 0.999895, 0.000000, 0.000000, 10.000000, 4307.837036, 0.000000, 0.000000, 4307.837036, 0.000000, 0.000000, 0.000000, 0.000000, 0.100000, 1.000000, 4308.371489, 0.000000, 0.000000, 0.000000, 0.000000, 4308.371489, 40.000000, 400.000000, 150000.000000, 40.000000, -0.001865, -11.512485, 3927.617975, -392.266000, 4308.371489, -0.001865, -0.001865, -0.001865, -0.001865, 0.001865, 4308.371489, 4308.371489, 0.000000, 0.001865, 0.001865, 0.001865, 3927.617975, 3927.617975, -0.001865, 0.000000, 0.001865, 0.000000, -392.266000, -0.001865, 40.000000, -0.001865, 4308.371489, 4308.371489, 4308.371489, 4308.371489, 0.001865, 0.000000, -0.001865, 4308.371489, 0.000000, 3925.133085, -0.001865, 0.500044, 0.001865, 0.028722, 0.028766, -11.512485, -0.074615, 0.000000, -0.001865, 0.500044, 0.500000, -0.001865, 0.500044
0.37, 3923.531861, 400.000000, 15000.000000, 400.000000, -0.000197, -0.796341, -3922.660000, 3921.863659, -0.000197, -0.000197, -0.000197, -0.001668, 3921.863659, 3923.531861, -1.668202, -0.001668, -0.001668, -0.001668, -0.796341, -0.796341, -0.000197, -1.668202, -0.001668, 1000.000000, -3922.660000, -0.000197, 400.000000, -0.000197, 3921.863659, 3921.863659, 3921.863659, 3921.863659, -0.001668, -0.001865, -0.000197, 3921.863659, -0.003653, 0.999893, -0.001668, 0.261569, 0.261511, -0.796341, -0.078867, 0.000000, -0.000197, 0.999893, 1.000000, -0.000197, 0.999893, 0.000000, 0.000000, 10.000000, 4308.371489, 0.000000, 0.000000, 4308.371489, 0.000000, 0.000000, 0.000000, 0.000000, 0.100000, 1.000000, 4312.652927, 0.000000, 0.000000, 0.000000, 0.000000, 4312.652927, 40.000000, 400.000000, 150000.000000, 40.000000, -0.003653, -4.746158, 3925.133085, -392.266000, 4312.652927, -0.003653, -0.003653, -0.003653, -0.003653, 0.003653, 4312.652927, 4312.652927, 0.000000, 0.003653, 0.003653, 0.003653, 3925.133085, 3925.133085, -0.003653, 0.000000, 0.003653, 0.000000, -392.266000, -0.003653, 40.000000, -0.003653, 4312.652927, 4312.652927, 4312.652927, 4312.652927, 0.003653, 0.000000, -0.003653, 4312.652927, 0.000000, 3921.863659, -0.003653, 0.500015, 0.003653, 0.028751, 0.028766, -4.746158, -0.146134, 0.000000, -0.003653, 0.500015, 0.500000, -0.003653, 0.500015
0.38, 3923.022912, 400.000000, 15000.000000, 400.000000, -0.000267, -3.023907, -3922.660000, 3919.636093, -0.000267, -0.000267, -0.000267, -0.003387, 3919.636093, 3923.022912, -3.386820, -0.003387, -0.003387, -0.003387, -3.023907, -3.023907, -0.000267, -3.386820, -0.003387, 1000.000000, -3922.660000, -0.000267, 400.000000, -0.000267, 3919.636093, 3919.636093, 3919.636093, 3919.636093, -0.003387, -0.003653, -0.000267, 3919.636093, -0.003347, 0.999891, -0.003387, 0.261535, 0.261511, -3.023907, -0.106610, 0.000000, -0.000267, 0.999891, 1.000000, -0.000267, 0.999891, 0.000000, 0.000000, 10.000000, 4312.652927, 0.000000, 0.000000, 4312.652927, 0.000000, 0.000000, 0.000000, 0.000000, 0.100000, 1.000000, 4318.084328, 0.000000, 0.000000, 0.000000, 0.000000, 4318.084328, 40.000000, 400.000000, 150000.000000, 40.000000, -0.003347, 3.954669, 3921.863659, -392.266000, 4318.084328, -0.003347, -0.003347, -0.003347, -0.003347, 0.003347, 4318.084328, 4318.084328, 0.000000, 0.003347, 0.003347, 0.003347, 3921.863659, 3921.863659, -0.003347, 0.000000, 0.003347, 0.000000, -392.266000, -0.003347, 40.000000, -0.003347, 4318.084328, 4318.084328, 4318.084328, 4318.084328, 0.003347, 0.000000, -0.003347, 4318.084328, 0.000000, 3919.636093, -0.003347, 0.499979, 0.003347, 0.028787, 0.028766, 3.954669, -0.133887, 0.000000, -0.003347, 0.499979, 0.500000, -0.003347, 0.499979
0.39, 3922.565409, 400.000000, 15000.000000, 400.000000, -0.000339, -3.102305, -3922.660000, 3919.557695, -0.000339, -0.000339, -0.000339, -0.003008, 3919.557695, 3922.565409, -3.007715, -0.003008, -0.003008, -0.003008, -3.102305, -3.102305, -0.000339, -3.007715, -0.003008, 1000.000000, -3922.660000, -0.000339, 400.000000, -0.000339, 3919.557695, 3919.557695, 3919.557695, 3919.557695, -0.003008, -0.003347, -0.000339, 3919.557695, -0.001296, 0.999888, -0.003008, 0.261504, 0.261511, -3.102305, -0.135781, 0.000000, -0.000339, 0.999888, 1.000000, -0.000339, 0.999888, 0.000000, 0.000000, 10.000000, 4318.084328, 0.000000, 0.000000, 4318.084328, 0.000000, 0.000000, 0.000000, 0.000000, 0.100000, 1.000000, 4321.686786, 0.000000, 0.000000, 0.000000, 0.000000, 4321.686786, 40.000000, 400.000000, 150000.000000, 40.000000, -0.001296, 9.784693, 3919.636093, -392.266000, 4321.686786, -0.001296, -0.001296, -0.001296, -0.001296, 0.001296, 4321.686786, 4321.686786, 0.000000, 0.001296, 0.001296, 0.001296, 3919.636093, 3919.636093, -0.001296, 0.000000, 0.001296, 0.000000, -392.266000, -0.001296, 40.000000, -0.001296, 4321.686786, 4321.686786, 4321.686786, 4321.686786, 0.001296, 0.000000, -0.001296, 4321.686786, 0.000000, 3919.557695, -0.001296, 0.499955, 0.001296, 0.028811, 0.028766, 9.784693, -0.051831, 0.000000, -0.001296, 0.499955, 0.500000, -0.001296, 0.499955
0.4, 3922.419010, 400.000000, 15000.000000, 400.000000, -0.000368, -1.168651, -3922.660000, 3921.491349, -0.000368, -0.000368, -0.000368, -0.000928, 3921.491349, 3922.419010, -0.927661, -0.000928, -0.000928, -0.000928, -1.168651, -1.168651, -0.000368, -0.927661, -0.000928, 1000.000000, -3922.660000, -0.000368, 400.000000, -0.000368, 3921.491349, 3921.491349, 3921.491349, 3921.491349, -0.000928, -0.001296, -0.000368, 3921.491349, 0.001254, 0.999884, -0.000928, 0.261495, 0.261511, -1.168651, -0.147248, 0.000000, -0.000368, 0.999884, 1.000000, -0.000368, 0.999884, 0.000000, 0.000000, 10.000000, 4321.686786, 0.000000, 0.000000, 4321.686786, 0.000000, 0.000000, 0.000000, 0.000000, 0.100000, 1.000000, 4321.719440, 0.000000, 0.000000, 0.000000, 0.000000, 4321.719440, 40.000000, 400.000000, 150000.000000, 40.000000, 0.001254, 9.895745, 3919.557695, -392.266000, 4321.719440, 0.001254, 0.001254, 0.001254, 0.001254, -0.001254, 4321.719440, 4321.719440, -0.000000, -0.001254, -0.001254, -0.001254, 3919.557695, 3919.557695, 0.001254, -0.000000, -0.001254, 0.000000, -392.266000, 0.001254, 40.000000, 0.001254, 4321.719440, 4321.719440, 4321.719440, 4321.719440, -0.001254, 0.000000, 0.001254, 4321.719440, 0.000000, 3921.491349, 0.001254, 0.499955, -0.001254, 0.028811, 0.028766, 9.895745, 0.050158, 0.000000, 0.001254, 0.499955, 0.500000, 0.001254, 0.499955
0.41, 3922.653396, 400.000000, 15000.000000, 400.000000, -0.000332, 1.579553, -3922.660000, 3924.239553, -0.000332, -0.000332, -0.000332, 0.001586, 3924.239553, 3922.653396, 1.586157, 0.001586, 0.001586, 0.001586, 1.579553, 1.579553, -0.000332, 1.586157, 0.001586, 1000.000000, -3922.660000, -0.000332, 400.000000, -0.000332, 3924.239553, 3924.239553, 3924.239553, 3924.239553, 0.001586, 0.001254, -0.000332, 3924.239553, 0.002901, 0.999881, 0.001586, 0.261510, 0.261511, 1.579553, -0.132888, 0.000000, -0.000332, 0.999881, 1.000000, -0.000332, 0.999881, 0.000000, 0.000000, 10.000000, 4321.719440, 0.000000, 0.000000, 4321.719440, 0.000000, 0.000000, 0.000000, 0.000000, 0.100000, 1.000000, 4318.495744, 0.000000, 0.000000, 0.000000, 0.000000, 4318.495744, 40.000000, 400.000000, 150000.000000, 40.000000, 0.002901, 4.738394, 3921.491349, -392.266000, 4318.495744, 0.002901, 0.002901, 0.002901, 0.002901, -0.002901, 4318.495744, 4318.495744, -0.000000, -0.002901, -0.002901, -0.002901, 3921.491349, 3921.491349, 0.002901, -0.000000, -0.002901, 0.000000, -392.266000, 0.002901, 40.000000, 0.002901, 4318.495744, 4318.495744, 4318.495744, 4318.495744, -0.002901, 0.000000, 0.002901, 4318.495744, 0.000000, 3924.239553, 0.002901, 0.499976, -0.002901, 0.028790, 0.028766, 4.738394, 0.116044, 0.000000, 0.002901, 0.499976, 0.500000, 0.002901, 0.499976
0.42, 3923.128086, 400.000000, 15000.000000, 400.000000, -0.000247, 3.616546, -3922.660000, 3926.276546, -0.000247, -0.000247, -0.000247, 0.003148, 3926.276546, 3923.128086, 3.148461, 0.003148, 0.003148, 0.003148, 3.616546, 3.616546, -0.000247, 3.148461, 0.003148, 1000.000000, -3922.660000, -0.000247, 400.000000, -0.000247, 3926.276546, 3926.276546, 3926.276546, 3926.276546, 0.003148, 0.002901, -0.000247, 3926.276546, 0.002850, 0.999878, 0.003148, 0.261542, 0.261511, 3.616546, -0.098944, 0.000000, -0.000247, 0.999878, 1.000000, -0.000247, 0.999878, 0.000000, 0.000000, 10.000000, 4318.495744, 0.000000, 0.000000, 4318.495744, 0.000000, 0.000000, 0.000000, 0.000000, 0.100000, 1.000000, 4314.033251, 0.000000, 0.000000, 0.000000, 0.000000, 4314.033251, 40.000000, 400.000000, 150000.000000, 40.000000, 0.002850, -2.472302, 3924.239553, -392.266000, 4314.033251, 0.002850, 0.002850, 0.002850, 0.002850, -0.002850, 4314.033251, 4314.033251, -0.000000, -0.002850, -0.002850, -0.002850, 3924.239553, 3924.239553, 0.002850, -0.000000, -0.002850, 0.000000, -392.266000, 0.002850, 40.000000, 0.002850, 4314.033251, 4314.033251, 4314.033251, 4314.033251, -0.002850, 0.000000, 0.002850, 4314.033251, 0.000000, 3926.276546, 0.002850, 0.500006, -0.002850, 0.028760, 0.028766, -2.472302, 0.114013, 0.000000, 0.002850, 0.500006, 0.500000, 0.002850, 0.500006
0.43, 3923.585946, 400.000000, 15000.000000, 400.000000, -0.000154, 3.929870, -3922.660000, 3926.589870, -0.000154, -0.000154, -0.000154, 0.003004, 3926.589870, 3923.585946, 3.003925, 0.003004, 0.003004, 0.003004, 3.929870, 3.929870, -0.000154, 3.003925, 0.003004, 1000.000000, -3922.660000, -0.000154, 400.000000, -0.000154, 3926.589870, 3926.589870, 3926.589870, 3926.589870, 0.003004, 0.002850, -0.000154, 3926.589870, 0.001281, 0.999876, 0.003004, 0.261572, 0.261511, 3.929870, -0.061438, 0.000000, -0.000154, 0.999876, 1.000000, -0.000154, 0.999876, 0.000000, 0.000000, 10.000000, 4314.033251, 0.000000, 0.000000, 4314.033251, 0.000000, 0.000000, 0.000000, 0.000000, 0.100000, 1.000000, 4310.827457, 0.000000, 0.000000, 0.000000, 0.000000, 4310.827457, 40.000000, 400.000000, 150000.000000, 40.000000, 0.001281, -7.715089, 3926.276546, -392.266000, 4310.827457, 0.001281, 0.001281, 0.001281, 0.001281, -0.001281, 4310.827457, 4310.827457, -0.000000, -0.001281, -0.001281, -0.001281, 3926.276546, 3926.276546, 0.001281, -0.000000, -0.001281, 0.000000, -392.266000, 0.001281, 40.000000, 0.001281, 4310.827457, 4310.827457, 4310.827457, 4310.827457, -0.001281, 0.000000, 0.001281, 4310.827457, 0.000000, 3926.589870, 0.001281, 0.500027, -0.001281, 0.028739, 0.028766, -7.715089, 0.051246, 0.000000, 0.001281, 0.500027, 0.500000, 0.001281, 0.500027
0.44, 3923.800455, 400.000000, 15000.000000, 400.000000, -0.000092, 2.513557, -3922.660000, 3925.173557, -0.000092, -0.000092, -0.000092, 0.001373, 3925.173557, 3923.800455, 1.373102, 0.001373, 0.001373, 0.001373, 2.513557, 2.513557, -0.000092, 1.373102, 0.001373, 1000.000000, -3922.660000, -0.000092, 400.000000, -0.000092, 3925.173557, 3925.173557, 3925.173557, 3925.173557, 0.001373, 0.001281, -0.000092, 3925.173557, -0.000835, 0.999875, 0.001373, 0.261587, 0.261511, 2.513557, -0.036778, 0.000000, -0.000092, 0.999875, 1.000000, -0.000092, 0.999875, 0.000000, 0.000000, 10.000000, 4310.827457, 0.000000, 0.000000, 4310.827457, 0.000000, 0.000000, 0.000000, 0.000000, 0.100000, 1.000000, 4310.480629, 0.000000, 0.000000, 0.000000, 0.000000, 4310.480629, 40.000000, 400.000000, 150000.000000, 40.000000, -0.000835, -8.375242, 3926.589870, -392.266000, 4310.480629, -0.000835, -0.000835, -0.000835, -0.000835, 0.000835, 4310.480629, 4310.480629, 0.000000, 0.000835, 0.000835, 0.000835, 3926.589870, 3926.589870, -0.000835, 0.000000, 0.000835, 0.000000, -392.266000, -0.000835, 40.000000, -0.000835, 4310.480629, 4310.480629, 4310.480629, 4310.480629, 0.000835, 0.000000, -0.000835, 4310.480629, 0.000000, 3925.173557, -0.000835, 0.500030, 0.000835, 0.028737, 0.028766, -8.375242, -0.033383, 0.000000, -0.000835, 0.500030, 0.500000, -0.000835, 0.500030
0.45, 3923.693541, 400.000000, 15000.000000, 400.000000, -0.000083, 0.281492, -3922.660000, 3922.941492, -0.000083, -0.000083, -0.000083, -0.000752, 3922.941492, 3923.693541, -0.752048, -0.000752, -0.000752, -0.000752, 0.281492, 0.281492, -0.000083, -0.752048, -0.000752, 1000.000000, -3922.660000, -0.000083, 400.000000, -0.000083, 3922.941492, 3922.941492, 3922.941492, 3922.941492, -0.000752, -0.000835, -0.000083, 3922.941492, -0.002321, 0.999874, -0.000752, 0.261580, 0.261511, 0.281492, -0.033008, 0.000000, -0.000083, 0.999874, 1.000000, -0.000083, 0.999874, 0.000000, 0.000000, 10.000000, 4310.480629, 0.000000, 0.000000, 4310.480629, 0.000000, 0.000000, 0.000000, 0.000000, 0.100000, 1.000000, 4312.928533, 0.000000, 0.000000, 0.000000, 0.000000, 4312.928533, 40.000000, 400.000000, 150000.000000, 40.000000, -0.002321, -4.511024, 3925.173557, -392.266000, 4312.928533, -0.002321, -0.002321, -0.002321, -0.002321, 0.002321, 4312.928533, 4312.928533, 0.000000, 0.002321, 0.002321, 0.002321, 3925.173557, 3925.173557, -0.002321, 0.000000, 0.002321, 0.000000, -392.266000, -0.002321, 40.000000, -0.002321, 4312.928533, 4312.928533, 4312.928533, 4312.928533, 0.002321, 0.000000, -0.002321, 4312.928533, 0.000000, 3922.941492, -0.002321, 0.500013, 0.002321, 0.028753, 0.028766, -4.511024, -0.092831, 0.000000, -0.002321, 0.500013, 0.500000, -0.002321, 0.500013
0.46, 3923.363869, 400.000000, 15000.000000, 400.000000, -0.000116, -1.501184, -3922.660000, 3921.158816, -0.000116, -0.000116, -0.000116, -0.002205, 3921.158816, 3923.363869, -2.205053, -0.002205, -0.002205, -0.002205, -1.501184, -1.501184, -0.000116, -2.205053, -0.002205, 1000.000000, -3922.660000, -0.000116, 400.000000, -0.000116, 3921.158816, 3921.158816, 3921.158816, 3921.158816, -0.002205, -0.002321, -0.000116, 3921.158816, -0.002441, 0.999873, -0.002205, 0.261558, 0.261511, -1.501184, -0.046285, 0.000000, -0.000116, 0.999873, 1.000000, -0.000116, 0.999873, 0.000000, 0.000000, 10.000000, 4312.928533, 0.000000, 0.000000, 4312.928533, 0.000000, 0.000000, 0.000000, 0.000000, 0.100000, 1.000000, 4316.623362, 0.000000, 0.000000, 0.000000, 0.000000, 4316.623362, 40.000000, 400.000000, 150000.000000, 40.000000, -0.002441, 1.415870, 3922.941492, -392.266000, 4316.623362, -0.002441, -0.002441, -0.002441, -0.002441, 0.002441, 4316.623362, 4316.623362, 0.000000, 0.002441, 0.002441, 0.002441, 3922.941492, 3922.941492, -0.002441, 0.000000, 0.002441, 0.000000, -392.266000, -0.002441, 40.000000, -0.002441, 4316.623362, 4316.623362, 4316.623362, 4316.623362, 0.002441, 0.000000, -0.002441, 4316.623362, 0.000000, 3921.158816, -0.002441, 0.499989, 0.002441, 0.028777, 0.028766, 1.415870, -0.097658, 0.000000, -0.002441, 0.499989, 0.500000, -0.002441, 0.499989
0.47, 3923.018533, 400.000000, 15000.000000, 400.000000, -0.000160, -1.922924, -3922.660000, 3920.737076, -0.000160, -0.000160, -0.000160, -0.002281, 3920.737076, 3923.018533, -2.281456, -0.002281, -0.002281, -0.002281, -1.922924, -1.922924, -0.000160, -2.281456, -0.002281, 1000.000000, -3922.660000, -0.000160, 400.000000, -0.000160, 3920.737076, 3920.737076, 3920.737076, 3920.737076, -0.002281, -0.002441, -0.000160, 3920.737076, -0.001253, 0.999872, -0.002281, 0.261535, 0.261511, -1.922924, -0.063999, 0.000000, -0.000160, 0.999872, 1.000000, -0.000160, 0.999872, 0.000000, 0.000000, 10.000000, 4316.623362, 0.000000, 0.000000, 4316.623362, 0.000000, 0.000000, 0.000000, 0.000000, 0.100000, 1.000000, 4319.490148, 0.000000, 0.000000, 0.000000, 0.000000, 4319.490148, 40.000000, 400.000000, 150000.000000, 40.000000, -0.001253, 6.065333, 3921.158816, -392.266000, 4319.490148, -0.001253, -0.001253, -0.001253, -0.001253, 0.001253, 4319.490148, 4319.490148, 0.000000, 0.001253, 0.001253, 0.001253, 3921.158816, 3921.158816, -0.001253, 0.000000, 0.001253, 0.000000, -392.266000, -0.001253, 40.000000, -0.001253, 4319.490148, 4319.490148, 4319.490148, 4319.490148, 0.001253, 0.000000, -0.001253, 4319.490148, 0.000000, 3920.737076, -0.001253, 0.499970, 0.001253, 0.028797, 0.028766, 6.065333, -0.050132, 0.000000, -0.001253, 0.499970, 0.500000, -0.001253, 0.499970
0.48, 3922.853113, 400.000000, 15000.000000, 400.000000, -0.000181, -0.879471, -3922.660000, 3921.780529, -0.000181, -0.000181, -0.000181, -0.001073, 3921.780529, 3922.853113, -1.072584, -0.001073, -0.001073, -0.001073, -0.879471, -0.879471, -0.000181, -1.072584, -0.001073, 1000.000000, -3922.660000, -0.000181, 400.000000, -0.000181, 3921.780529, 3921.780529, 3921.780529, 3921.780529, -0.001073, -0.001253, -0.000181, 3921.780529, 0.000495, 0.999870, -0.001073, 0.261524, 0.261511, -0.879471, -0.072286, 0.000000, -0.000181, 0.999870, 1.000000, -0.000181, 0.999870, 0.000000, 0.000000, 10.000000, 4319.490148, 0.000000, 0.000000, 4319.490148, 0.000000, 0.000000, 0.000000, 0.000000, 0.100000, 1.000000, 4320.078470, 0.000000, 0.000000, 0.000000, 0.000000, 4320.078470, 40.000000, 400.000000, 150000.000000, 40.000000, 0.000495, 7.075394, 3920.737076, -392.266000, 4320.078470, 0.000495, 0.000495, 0.000495, 0.000495, -0.000495, 4320.078470, 4320.078470, -0.000000, -0.000495, -0.000495, -0.000495, 3920.737076, 3920.737076, 0.000495, -0.000000, -0.000495, 0.000000, -392.266000, 0.000495, 40.000000, 0.000495, 4320.078470, 4320.078470, 4320.078470, 4320.078470, -0.000495, 0.000000, 0.000495, 4320.078470, 0.000000, 3921.780529, 0.000495, 0.499966, -0.000495, 0.028801, 0.028766, 7.075394, 0.019812, 0.000000, 0.000495, 0.499966, 0.500000, 0.000495, 0.499966
0.49, 3922.948581, 400.000000, 15000.000000, 400.000000, -0.000159, 0.942706, -3922.660000, 3923.602706, -0.000159, -0.000159, -0.000159, 0.000654, 3923.602706, 3922.948581, 0.654125, 0.000654, 0.000654, 0.000654, 0.942706, 0.942706, -0.000159, 0.654125, 0.000654, 1000.000000, -3922.660000, -0.000159, 400.000000, -0.000159, 3923.602706, 3923.602706, 3923.602706, 3923.602706, 0.000654, 0.000495, -0.000159, 3923.602706, 0.001824, 0.999868, 0.000654, 0.261530, 0.261511, 0.942706, -0.063532, 0.000000, -0.000159, 0.999868, 1.000000, -0.000159, 0.999868, 0.000000, 0.000000, 10.000000, 4320.078470, 0.000000, 0.000000, 4320.078470, 0.000000, 0.000000, 0.000000, 0.000000, 0.100000, 1.000000, 4318.278893, 0.000000, 0.000000, 0.000000, 0.000000, 4318.278893, 40.000000, 400.000000, 150000.000000, 40.000000, 0.001824, 4.232364, 3921.780529, -392.266000, 4318.278893, 0.001824, 0.001824, 0.001824, 0.001824, -0.001824, 4318.278893, 4318.278893, -0.000000, -0.001824, -0.001824, -0.001824, 3921.780529, 3921.780529, 0.001824, -0.000000, -0.001824, 0.000000, -392.266000, 0.001824, 40.000000, 0.001824, 4318.278893, 4318.278893, 4318.278893, 4318.278893, -0.001824, 0.000000, 0.001824, 4318.278893, 0.000000, 3923.602706, 0.001824, 0.499978, -0.001824, 0.028789, 0.028766, 4.232364, 0.072974, 0.000000, 0.001824, 0.499978, 0.500000, 0.001824, 0.499978
0.5, 3923.238414, 400.000000, 15000.000000, 400.000000, -0.000100, 2.502463, -3922.660000, 3925.162463, -0.000100, -0.000100, -0.000100, 0.001924, 3925.162463, 3923.238414, 1.924049, 0.001924, 0.001924, 0.001924, 2.502463, 2.502463, -0.000100, 1.924049, 0.001924, 1000.000000, -3922.660000, -0.000100, 400.000000, -0.000100, 3925.162463, 3925.162463, 3925.162463, 3925.162463, 0.001924, 0.001824, -0.000100, 3925.162463, 0.002065, 0.999867, 0.001924, 0.261549, 0.261511, 2.502463, -0.039884, 0.000000, -0.000100, 0.999867, 1.000000, -0.000100, 0.999867, 0.000000, 0.000000, 10.000000, 4318.278893, 0.000000, 0.000000, 4318.278893, 0.000000, 0.000000, 0.000000, 0.000000, 0.100000, 1.000000, 4315.261586, 0.000000, 0.000000, 0.000000, 0.000000, 4315.261586, 40.000000, 400.000000, 150000.000000, 40.000000, 0.002065, -0.607120, 3923.602706, -392.266000, 4315.261586, 0.002065, 0.002065, 0.002065, 0.002065, -0.002065, 4315.261586, 4315.261586, -0.000000, -0.002065, -0.002065, -0.002065, 3923.602706, 3923.602706, 0.002065, -0.000000, -0.002065, 0.000000, -392.266000, 0.002065, 40.000000, 0.002065, 4315.261586, 4315.261586, 4315.261586, 4315.261586, -0.002065, 0.000000, 0.002065, 4315.261586, 0.000000, 3925.162463, 0.002065, 0.499998, -0.002065, 0.028768, 0.028766, -0.607120, 0.082585, 0.000000, 0.002065, 0.499998, 0.500000, 0.002065, 0.499998
0.51, 3923.557181, 400.000000, 15000.000000, 400.000000, -0.000028, 2.989935, -3922.660000, 3925.649935, -0.000028, -0.000028, -0.000028, 0.002093, 3925.649935, 3923.557181, 2.092755, 0.002093, 0.002093, 0.002093, 2.989935, 2.989935, -0.000028, 2.092755, 0.002093, 1000.000000, -3922.660000, -0.000028, 400.000000, -0.000028, 3925.649935, 3925.649935, 3925.649935, 3925.649935, 0.002093, 0.002065, -0.000028, 3925.649935, 0.001186, 0.999866, 0.002093, 0.261570, 0.261511, 2.989935, -0.011249, 0.000000, -0.000028, 0.999866, 1.000000, -0.000028, 0.999866, 0.000000, 0.000000, 10.000000, 4315.261586, 0.000000, 0.000000, 4315.261586, 0.000000, 0.000000, 0.000000, 0.000000, 0.100000, 1.000000, 4312.739201, 0.000000, 0.000000, 0.000000, 0.000000, 4312.739201, 40.000000, 400.000000, 150000.000000, 40.000000, 0.001186, -4.689262, 3925.162463, -392.266000, 4312.739201, 0.001186, 0.001186, 0.001186, 0.001186, -0.001186, 4312.739201, 4312.739201, -0.000000, -0.001186, -0.001186, -0.001186, 3925.162463, 3925.162463, 0.001186, -0.000000, -0.001186, 0.000000, -392.266000, 0.001186, 40.000000, 0.001186, 4312.739201, 4312.739201, 4312.739201, 4312.739201, -0.001186, 0.000000, 0.001186, 4312.739201, 0.000000, 3925.649935, 0.001186, 0.500015, -0.001186, 0.028752, 0.028766, -4.689262, 0.047452, 0.000000, 0.001186, 0.500015, 0.500000, 0.001186, 0.500015
0.52, 3923.737441, 400.000000, 15000.000000, 400.000000, 0.000027, 2.237081, -3922.660000, 3924.897081, 0.000027, 0.000027, 0.000027, 0.001160, 3924.897081, 3923.737441, 1.159640, 0.001160, 0.001160, 0.001160, 2.237081, 2.237081, 0.000027, 1.159640, 0.001160, 1000.000000, -3922.660000, 0.000027, 400.000000, 0.000027, 3924.897081, 3924.897081, 3924.897081, 3924.897081, 0.001160, 0.001186, 0.000027, 3924.897081, -0.000242, 0.999866, 0.001160, 0.261582, 0.261511, 2.237081, 0.010659, 0.000000, 0.000027, 0.999866, 1.000000, 0.000027, 0.999866, 0.000000, 0.000000, 10.000000, 4312.739201, 0.000000, 0.000000, 4312.739201, 0.000000, 0.000000, 0.000000, 0.000000, 0.100000, 1.000000, 4312.006739, 0.000000, 0.000000, 0.000000, 0.000000, 4312.006739, 40.000000, 400.000000, 150000.000000, 40.000000, -0.000242, -5.909197, 3925.649935, -392.266000, 4312.006739, -0.000242, -0.000242, -0.000242, -0.000242, 0.000242, 4312.006739, 4312.006739, 0.000000, 0.000242, 0.000242, 0.000242, 3925.649935, 3925.649935, -0.000242, 0.000000, 0.000242, 0.000000, -392.266000, -0.000242, 40.000000, -0.000242, 4312.006739, 4312.006739, 4312.006739, 4312.006739, 0.000242, 0.000000, -0.000242, 4312.006739, 0.000000, 3924.897081, -0.000242, 0.500019, 0.000242, 0.028747, 0.028766, -5.909197, -0.009697, 0.000000, -0.000242, 0.500019, 0.500000, -0.000242, 0.500019
0.53, 3923.699081, 400.000000, 15000.000000, 400.000000, 0.000047, 0.749905, -3922.660000, 3923.409905, 0.000047, 0.000047, 0.000047, -0.000289, 3923.409905, 3923.699081, -0.289176, -0.000289, -0.000289, -0.000289, 0.749905, 0.749905, 0.000047, -0.289176, -0.000289, 1000.000000, -3922.660000, 0.000047, 400.000000, 0.000047, 3923.409905, 3923.409905, 3923.409905, 3923.409905, -0.000289, -0.000242, 0.000047, 3923.409905, -0.001411, 0.999867, -0.000289, 0.261580, 0.261511, 0.749905, 0.018705, 0.000000, 0.000047, 0.999867, 1.000000, 0.000047, 0.999867, 0.000000, 0.000000, 10.000000, 4312.006739, 0.000000, 0.000000, 4312.006739, 0.000000, 0.000000, 0.000000, 0.000000, 0.100000, 1.000000, 4313.289449, 0.000000, 0.000000, 0.000000, 0.000000, 4313.289449, 40.000000, 400.000000, 150000.000000, 40.000000, -0.001411, -3.873633, 3924.897081, -392.266000, 4313.289449, -0.001411, -0.001411, -0.001411, -0.001411, 0.001411, 4313.289449, 4313.289449, 0.000000, 0.001411, 0.001411, 0.001411, 3924.897081, 3924.897081, -0.001411, 0.000000, 0.001411, 0.000000, -392.266000, -0.001411, 40.000000, -0.001411, 4313.289449, 4313.289449, 4313.289449, 4313.289449, 0.001411, 0.000000, -0.001411, 4313.289449, 0.000000, 3923.409905, -0.001411, 0.500011, 0.001411, 0.028755, 0.028766, -3.873633, -0.056438, 0.000000, -0.001411, 0.500011, 0.500000, -0.001411, 0.500011
0.54, 3923.484183, 400.000000, 15000.000000, 400.000000, 0.000034, -0.621032, -3922.660000, 3922.038968, 0.000034, 0.000034, 0.000034, -0.001445, 3922.038968, 3923.484183, -1.445215, -0.001445, -0.001445, -0.001445, -0.621032, -0.621032, 0.000034, -1.445215, -0.001445, 1000.000000, -3922.660000, 0.000034, 400.000000, 0.000034, 3922.038968, 3922.038968, 3922.038968, 3922.038968, -0.001445, -0.001411, 0.000034, 3922.038968, -0.001720, 0.999867, -0.001445, 0.261566, 0.261511, -0.621032, 0.013708, 0.000000, 0.000034, 0.999867, 1.000000, 0.000034, 0.999867, 0.000000, 0.000000, 10.000000, 4313.289449, 0.000000, 0.000000, 4313.289449, 0.000000, 0.000000, 0.000000, 0.000000, 0.100000, 1.000000, 4315.718425, 0.000000, 0.000000, 0.000000, 0.000000, 4315.718425, 40.000000, 400.000000, 150000.000000, 40.000000, -0.001720, 0.042520, 3923.409905, -392.266000, 4315.718425, -0.001720, -0.001720, -0.001720, -0.001720, 0.001720, 4315.718425, 4315.718425, 0.000000, 0.001720, 0.001720, 0.001720, 3923.409905, 3923.409905, -0.001720, 0.000000, 0.001720, 0.000000, -392.266000, -0.001720, 40.000000, -0.001720, 4315.718425, 4315.718425, 4315.718425, 4315.718425, 0.001720, 0.000000, -0.001720, 4315.718425, 0.000000, 3922.038968, -0.001720, 0.499995, 0.001720, 0.028771, 0.028766, 0.042520, -0.068786, 0.000000, -0.001720, 0.499995, 0.500000, -0.001720, 0.499995
0.55, 3923.223738, 400.000000, 15000.000000, 400.000000, 0.000008, -1.164121, -3922.660000, 3921.495879, 0.000008, 0.000008, 0.000008, -0.001728, 3921.495879, 3923.223738, -1.727860, -0.001728, -0.001728, -0.001728, -1.164121, -1.164121, 0.000008, -1.727860, -0.001728, 1000.000000, -3922.660000, 0.000008, 400.000000, 0.000008, 3921.495879, 3921.495879, 3921.495879, 3921.495879, -0.001728, -0.001720, 0.000008, 3921.495879, -0.001080, 0.999867, -0.001728, 0.261548, 0.261511, -1.164121, 0.003285, 0.000000, 0.000008, 0.999867, 1.000000, 0.000008, 0.999867, 0.000000, 0.000000, 10.000000, 4315.718425, 0.000000, 0.000000, 4315.718425, 0.000000, 0.000000, 0.000000, 0.000000, 0.100000, 1.000000, 4317.890874, 0.000000, 0.000000, 0.000000, 0.000000, 4317.890874, 40.000000, 400.000000, 150000.000000, 40.000000, -0.001080, 3.585906, 3922.038968, -392.266000, 4317.890874, -0.001080, -0.001080, -0.001080, -0.001080, 0.001080, 4317.890874, 4317.890874, 0.000000, 0.001080, 0.001080, 0.001080, 3922.038968, 3922.038968, -0.001080, 0.000000, 0.001080, 0.000000, -392.266000, -0.001080, 40.000000, -0.001080, 4317.890874, 4317.890874, 4317.890874, 4317.890874, 0.001080, 0.000000, -0.001080, 4317.890874, 0.000000, 3921.495879, -0.001080, 0.499980, 0.001080, 0.028786, 0.028766, 3.585906, -0.043206, 0.000000, -0.001080, 0.499980, 0.500000, -0.001080, 0.499980
0.56, 3923.060004, 400.000000, 15000.000000, 400.000000, -0.000007, -0.673090, -3922.660000, 3921.986910, -0.000007, -0.000007, -0.000007, -0.001073, 3921.986910, 3923.060004, -1.073095, -0.001073, -0.001073, -0.001073, -0.673090, -0.673090, -0.000007, -1.073095, -0.001073, 1000.000000, -3922.660000, -0.000007, 400.000000, -0.000007, 3921.986910, 3921.986910, 3921.986910, 3921.986910, -0.001073, -0.001080, -0.000007, 3921.986910, 0.000083, 0.999867, -0.001073, 0.261537, 0.261511, -0.673090, -0.002822, 0.000000, -0.000007, 0.999867, 1.000000, -0.000007, 0.999867, 0.000000, 0.000000, 10.000000, 4317.890874, 0.000000, 0.000000, 4317.890874, 0.000000, 0.000000, 0.000000, 0.000000, 0.100000, 1.000000, 4318.664609, 0.000000, 0.000000, 0.000000, 0.000000, 4318.664609, 40.000000, 400.000000, 150000.000000, 40.000000, 0.000083, 4.902730, 3921.495879, -392.266000, 4318.664609, 0.000083, 0.000083, 0.000083, 0.000083, -0.000083, 4318.664609, 4318.664609, -0.000000, -0.000083, -0.000083, -0.000083, 3921.495879, 3921.495879, 0.000083, -0.000000, -0.000083, 0.000000, -392.266000, 0.000083, 40.000000, 0.000083, 4318.664609, 4318.664609, 4318.664609, 4318.664609, -0.000083, 0.000000, 0.000083, 4318.664609, 0.000000, 3921.986910, 0.000083, 0.499975, -0.000083, 0.028791, 0.028766, 4.902730, 0.003328, 0.000000, 0.000083, 0.499975, 0.500000, 0.000083, 0.499975
0.57, 3923.069793, 400.000000, 15000.000000, 400.000000, 0.000005, 0.488335, -3922.660000, 3923.148335, 0.000005, 0.000005, 0.000005, 0.000079, 3923.148335, 3923.069793, 0.078542, 0.000079, 0.000079, 0.000079, 0.488335, 0.488335, 0.000005, 0.078542, 0.000079, 1000.000000, -3922.660000, 0.000005, 400.000000, 0.000005, 3923.148335, 3923.148335, 3923.148335, 3923.148335, 0.000079, 0.000083, 0.000005, 3923.148335, 0.001105, 0.999867, 0.000079, 0.261538, 0.261511, 0.488335, 0.001867, 0.000000, 0.000005, 0.999867, 1.000000, 0.000005, 0.999867, 0.000000, 0.000000, 10.000000, 4318.664609, 0.000000, 0.000000, 4318.664609, 0.000000, 0.000000, 0.000000, 0.000000, 0.100000, 1.000000, 4317.742907, 0.000000, 0.000000, 0.000000, 0.000000, 4317.742907, 40.000000, 400.000000, 150000.000000, 40.000000, 0.001105, 3.489997, 3921.986910, -392.266000, 4317.742907, 0.001105, 0.001105, 0.001105, 0.001105, -0.001105, 4317.742907, 4317.742907, -0.000000, -0.001105, -0.001105, -0.001105, 3921.986910, 3921.986910, 0.001105, -0.000000, -0.001105, 0.000000, -392.266000, 0.001105, 40.000000, 0.001105, 4317.742907, 4317.742907, 4317.742907, 4317.742907, -0.001105, 0.000000, 0.001105, 4317.742907, 0.000000, 3923.148335, 0.001105, 0.499981, -0.001105, 0.028785, 0.028766, 3.489997, 0.044201, 0.000000, 0.001105, 0.499981, 0.500000, 0.001105, 0.499981
0.58, 3923.229452, 400.000000, 15000.000000, 400.000000, 0.000043, 1.630990, -3922.660000, 3924.290990, 0.000043, 0.000043, 0.000043, 0.001062, 3924.290990, 3923.229452, 1.061538, 0.001062, 0.001062, 0.001062, 1.630990, 1.630990, 0.000043, 1.061538, 0.001062, 1000.000000, -3922.660000, 0.000043, 400.000000, 0.000043, 3924.290990, 3924.290990, 3924.290990, 3924.290990, 0.001062, 0.001105, 0.000043, 3924.290990, 0.001455, 0.999867, 0.001062, 0.261549, 0.261511, 1.630990, 0.017399, 0.000000, 0.000043, 0.999867, 1.000000, 0.000043, 0.999867, 0.000000, 0.000000, 10.000000, 4317.742907, 0.000000, 0.000000, 4317.742907, 0.000000, 0.000000, 0.000000, 0.000000, 0.100000, 1.000000, 4315.757080, 0.000000, 0.000000, 0.000000, 0.000000, 4315.757080, 40.000000, 400.000000, 150000.000000, 40.000000, 0.001455, 0.342745, 3923.148335, -392.266000, 4315.757080, 0.001455, 0.001455, 0.001455, 0.001455, -0.001455, 4315.757080, 4315.757080, -0.000000, -0.001455, -0.001455, -0.001455, 3923.148335, 3923.148335, 0.001455, -0.000000, -0.001455, 0.000000, -392.266000, 0.001455, 40.000000, 0.001455, 4315.757080, 4315.757080, 4315.757080, 4315.757080, -0.001455, 0.000000, 0.001455, 4315.757080, 0.000000, 3924.290990, 0.001455, 0.499994, -0.001455, 0.028772, 0.028766, 0.342745, 0.058185, 0.000000, 0.001455, 0.499994, 0.500000, 0.001455, 0.499994
0.59, 3923.436458, 400.000000, 15000.000000, 400.000000, 0.000095, 2.136261, -3922.660000, 3924.796261, 0.000095, 0.000095, 0.000095, 0.001360, 3924.796261, 3923.436458, 1.359804, 0.001360, 0.001360, 0.001360, 2.136261, 2.136261, 0.000095, 1.359804, 0.001360, 1000.000000, -3922.660000, 0.000095, 400.000000, 0.000095, 3924.796261, 3924.796261, 3924.796261, 3924.796261, 0.001360, 0.001455, 0.000095, 3924.796261, 0.001006, 0.999868, 0.001360, 0.261562, 0.261511, 2.136261, 0.037931, 0.000000, 0.000095, 0.999868, 1.000000, 0.000095, 0.999868, 0.000000, 0.000000, 10.000000, 4315.757080, 0.000000, 0.000000, 4315.757080, 0.000000, 0.000000, 0.000000, 0.000000, 0.100000, 1.000000, 4313.847622, 0.000000, 0.000000, 0.000000, 0.000000, 4313.847622, 40.000000, 400.000000, 150000.000000, 40.000000, 0.001006, -2.709368, 3924.290990, -392.266000, 4313.847622, 0.001006, 0.001006, 0.001006, 0.001006, -0.001006, 4313.847622, 4313.847622, -0.000000, -0.001006, -0.001006, -0.001006, 3924.290990, 3924.290990, 0.001006, -0.000000, -0.001006, 0.000000, -392.266000, 0.001006, 40.000000, 0.001006, 4313.847622, 4313.847622, 4313.847622, 4313.847622, -0.001006, 0.000000, 0.001006, 4313.847622, 0.000000, 3924.796261, 0.001006, 0.500007, -0.001006, 0.028759, 0.028766, -2.709368, 0.040260, 0.000000, 0.001006, 0.500007, 0.500000, 0.001006, 0.500007
0.6, 3923.571075, 400.000000, 15000.000000, 400.000000, 0.000138, 1.779180, -3922.660000, 3924.439180, 0.000138, 0.000138, 0.000138, 0.000868, 3924.439180, 3923.571075, 0.868105, 0.000868, 0.000868, 0.000868, 1.779180, 1.779180, 0.000138, 0.868105, 0.000868, 1000.000000, -3922.660000, 0.000138, 400.000000, 0.000138, 3924.439180, 3924.439180, 3924.439180, 3924.439180, 0.000868, 0.001006, 0.000138, 3924.439180, 0.000071, 0.999869, 0.000868, 0.261571, 0.261511, 1.779180, 0.055354, 0.000000, 0.000138, 0.999869, 1.000000, 0.000138, 0.999869, 0.000000, 0.000000, 10.000000, 4313.847622, 0.000000, 0.000000, 4313.847622, 0.000000, 0.000000, 0.000000, 0.000000, 0.100000, 1.000000, 4313.011672, 0.000000, 0.000000, 0.000000, 0.000000, 4313.011672, 40.000000, 400.000000, 150000.000000, 40.000000, 0.000071, -4.050590, 3924.796261, -392.266000, 4313.011672, 0.000071, 0.000071, 0.000071, 0.000071, -0.000071, 4313.011672, 4313.011672, -0.000000, -0.000071, -0.000071, -0.000071, 3924.796261, 3924.796261, 0.000071, -0.000000, -0.000071, 0.000000, -392.266000, 0.000071, 40.000000, 0.000071, 4313.011672, 4313.011672, 4313.011672, 4313.011672, -0.000071, 0.000000, 0.000071, 4313.011672, 0.000000, 3924.439180, 0.000071, 0.500013, -0.000071, 0.028753, 0.028766, -4.050590, 0.002838, 0.000000, 0.000071, 0.500013, 0.500000, 0.000071, 0.500013
0.61, 3923.561675, 400.000000, 15000.000000, 400.000000, 0.000160, 0.813117, -3922.660000, 3923.473117, 0.000160, 0.000160, 0.000160, -0.000089, 3923.473117, 3923.561675, -0.088558, -0.000089, -0.000089, -0.000089, 0.813117, 0.813117, 0.000160, -0.088558, -0.000089, 1000.000000, -3922.660000, 0.000160, 400.000000, 0.000160, 3923.473117, 3923.473117, 3923.473117, 3923.473117, -0.000089, 0.000071, 0.000160, 3923.473117, -0.000810, 0.999871, -0.000089, 0.261571, 0.261511, 0.813117, 0.063805, 0.000000, 0.000160, 0.999871, 1.000000, 0.000160, 0.999871, 0.000000, 0.000000, 10.000000, 4313.011672, 0.000000, 0.000000, 4313.011672, 0.000000, 0.000000, 0.000000, 0.000000, 0.100000, 1.000000, 4313.585021, 0.000000, 0.000000, 0.000000, 0.000000, 4313.585021, 40.000000, 400.000000, 150000.000000, 40.000000, -0.000810, -3.120158, 3924.439180, -392.266000, 4313.585021, -0.000810, -0.000810, -0.000810, -0.000810, 0.000810, 4313.585021, 4313.585021, 0.000000, 0.000810, 0.000810, 0.000810, 3924.439180, 3924.439180, -0.000810, 0.000000, 0.000810, 0.000000, -392.266000, -0.000810, 40.000000, -0.000810, 4313.585021, 4313.585021, 4313.585021, 4313.585021, 0.000810, 0.000000, -0.000810, 4313.585021, 0.000000, 3923.473117, -0.000810, 0.500009, 0.000810, 0.028757, 0.028766, -3.120158, -0.032396, 0.000000, -0.000810, 0.500009, 0.500000, -0.000810, 0.500009
0.62, 3923.418624, 400.000000, 15000.000000, 400.000000, 0.000156, -0.207722, -3922.660000, 3922.452278, 0.000156, 0.000156, 0.000156, -0.000966, 3922.452278, 3923.418624, -0.966346, -0.000966, -0.000966, -0.000966, -0.207722, -0.207722, 0.000156, -0.966346, -0.000966, 1000.000000, -3922.660000, 0.000156, 400.000000, 0.000156, 3922.452278, 3922.452278, 3922.452278, 3922.452278, -0.000966, -0.000810, 0.000156, 3922.452278, -0.001172, 0.999872, -0.000966, 0.261561, 0.261511, -0.207722, 0.062581, 0.000000, 0.000156, 0.999872, 1.000000, 0.000156, 0.999872, 0.000000, 0.000000, 10.000000, 4313.585021, 0.000000, 0.000000, 4313.585021, 0.000000, 0.000000, 0.000000, 0.000000, 0.100000, 1.000000, 4315.122441, 0.000000, 0.000000, 0.000000, 0.000000, 4315.122441, 40.000000, 400.000000, 150000.000000, 40.000000, -0.001172, -0.616676, 3923.473117, -392.266000, 4315.122441, -0.001172, -0.001172, -0.001172, -0.001172, 0.001172, 4315.122441, 4315.122441, 0.000000, 0.001172, 0.001172, 0.001172, 3923.473117, 3923.473117, -0.001172, 0.000000, 0.001172, 0.000000, -392.266000, -0.001172, 40.000000, -0.001172, 4315.122441, 4315.122441, 4315.122441, 4315.122441, 0.001172, 0.000000, -0.001172, 4315.122441, 0.000000, 3922.452278, -0.001172, 0.499999, 0.001172, 0.028767, 0.028766, -0.616676, -0.046860, 0.000000, -0.001172, 0.499999, 0.500000, -0.001172, 0.499999
0.63, 3923.221492, 400.000000, 15000.000000, 400.000000, 0.000140, -0.750123, -3922.660000, 3921.909877, 0.000140, 0.000140, 0.000140, -0.001312, 3921.909877, 3923.221492, -1.311615, -0.001312, -0.001312, -0.001312, -0.750123, -0.750123, 0.000140, -1.311615, -0.001312, 1000.000000, -3922.660000, 0.000140, 400.000000, 0.000140, 3921.909877, 3921.909877, 3921.909877, 3921.909877, -0.001312, -0.001172, 0.000140, 3921.909877, -0.000867, 0.999874, -0.001312, 0.261548, 0.261511, -0.750123, 0.056042, 0.000000, 0.000140, 0.999874, 1.000000, 0.000140, 0.999874, 0.000000, 0.000000, 10.000000, 4315.122441, 0.000000, 0.000000, 4315.122441, 0.000000, 0.000000, 0.000000, 0.000000, 0.100000, 1.000000, 4316.704466, 0.000000, 0.000000, 0.000000, 0.000000, 4316.704466, 40.000000, 400.000000, 150000.000000, 40.000000, -0.000867, 1.986188, 3922.452278, -392.266000, 4316.704466, -0.000867, -0.000867, -0.000867, -0.000867, 0.000867, 4316.704466, 4316.704466, 0.000000, 0.000867, 0.000867, 0.000867, 3922.452278, 3922.452278, -0.000867, 0.000000, 0.000867, 0.000000, -392.266000, -0.000867, 40.000000, -0.000867, 4316.704466, 4316.704466, 4316.704466, 4316.704466, 0.000867, 0.000000, -0.000867, 4316.704466, 0.000000, 3921.909877, -0.000867, 0.499988, 0.000867, 0.028778, 0.028766, 1.986188, -0.034691, 0.000000, -0.000867, 0.499988, 0.500000, -0.000867, 0.499988
0.64, 3923.070568, 400.000000, 15000.000000, 400.000000, 0.000127, -0.583789, -3922.660000, 3922.076211, 0.000127, 0.000127, 0.000127, -0.000994, 3922.076211, 3923.070568, -0.994357, -0.000994, -0.000994, -0.000994, -0.583789, -0.583789, 0.000127, -0.994357, -0.000994, 1000.000000, -3922.660000, 0.000127, 400.000000, 0.000127, 3922.076211, 3922.076211, 3922.076211, 3922.076211, -0.000994, -0.000867, 0.000127, 3922.076211, -0.000118, 0.999875, -0.000994, 0.261538, 0.261511, -0.583789, 0.050835, 0.000000, 0.000127, 0.999875, 1.000000, 0.000127, 0.999875, 0.000000, 0.000000, 10.000000, 4316.704466, 0.000000, 0.000000, 4316.704466, 0.000000, 0.000000, 0.000000, 0.000000, 0.100000, 1.000000, 4317.469278, 0.000000, 0.000000, 0.000000, 0.000000, 4317.469278, 40.000000, 400.000000, 150000.000000, 40.000000, -0.000118, 3.293401, 3921.909877, -392.266000, 4317.469278, -0.000118, -0.000118, -0.000118, -0.000118, 0.000118, 4317.469278, 4317.469278, 0.000000, 0.000118, 0.000118, 0.000118, 3921.909877, 3921.909877, -0.000118, 0.000000, 0.000118, 0.000000, -392.266000, -0.000118, 40.000000, -0.000118, 4317.469278, 4317.469278, 4317.469278, 4317.469278, 0.000118, 0.000000, -0.000118, 4317.469278, 0.000000, 3922.076211, -0.000118, 0.499983, 0.000118, 0.028783, 0.028766, 3.293401, -0.004726, 0.000000, -0.000118, 0.499983, 0.500000, -0.000118, 0.499983
0.65, 3923.031675, 400.000000, 15000.000000, 400.000000, 0.000130, 0.123162, -3922.660000, 3922.783162, 0.000130, 0.000130, 0.000130, -0.000249, 3922.783162, 3923.031675, -0.248513, -0.000249, -0.000249, -0.000249, 0.123162, 0.123162, 0.000130, -0.248513, -0.000249, 1000.000000, -3922.660000, 0.000130, 400.000000, 0.000130, 3922.783162, 3922.783162, 3922.783162, 3922.783162, -0.000249, -0.000118, 0.000130, 3922.783162, 0.000638, 0.999877, -0.000249, 0.261535, 0.261511, 0.123162, 0.052144, 0.000000, 0.000130, 0.999877, 1.000000, 0.000130, 0.999877, 0.000000, 0.000000, 10.000000, 4317.469278, 0.000000, 0.000000, 4317.469278, 0.000000, 0.000000, 0.000000, 0.000000, 0.100000, 1.000000, 4317.066430, 0.000000, 0.000000, 0.000000, 0.000000, 4317.066430, 40.000000, 400.000000, 150000.000000, 40.000000, 0.000638, 2.724218, 3922.076211, -392.266000, 4317.066430, 0.000638, 0.000638, 0.000638, 0.000638, -0.000638, 4317.066430, 4317.066430, -0.000000, -0.000638, -0.000638, -0.000638, 3922.076211, 3922.076211, 0.000638, -0.000000, -0.000638, 0.000000, -392.266000, 0.000638, 40.000000, 0.000638, 4317.066430, 4317.066430, 4317.066430, 4317.066430, -0.000638, 0.000000, 0.000638, 4317.066430, 0.000000, 3922.783162, 0.000638, 0.499986, -0.000638, 0.028780, 0.028766, 2.724218, 0.025508, 0.000000, 0.000638, 0.499986, 0.500000, 0.000638, 0.499986
0.66, 3923.104255, 400.000000, 15000.000000, 400.000000, 0.000153, 0.929314, -3922.660000, 3923.589314, 0.000153, 0.000153, 0.000153, 0.000485, 3923.589314, 3923.104255, 0.485059, 0.000485, 0.000485, 0.000485, 0.929314, 0.929314, 0.000153, 0.485059, 0.000485, 1000.000000, -3922.660000, 0.000153, 400.000000, 0.000153, 3923.589314, 3923.589314, 3923.589314, 3923.589314, 0.000485, 0.000638, 0.000153, 3923.589314, 0.000998, 0.999878, 0.000485, 0.261540, 0.261511, 0.929314, 0.061056, 0.000000, 0.000153, 0.999878, 1.000000, 0.000153, 0.999878, 0.000000, 0.000000, 10.000000, 4317.066430, 0.000000, 0.000000, 4317.066430, 0.000000, 0.000000, 0.000000, 0.000000, 0.100000, 1.000000, 4315.797843, 0.000000, 0.000000, 0.000000, 0.000000, 4315.797843, 40.000000, 400.000000, 150000.000000, 40.000000, 0.000998, 0.748681, 3922.783162, -392.266000, 4315.797843, 0.000998, 0.000998, 0.000998, 0.000998, -0.000998, 4315.797843, 4315.797843, -0.000000, -0.000998, -0.000998, -0.000998, 3922.783162, 3922.783162, 0.000998, -0.000000, -0.000998, 0.000000, -392.266000, 0.000998, 40.000000, 0.000998, 4315.797843, 4315.797843, 4315.797843, 4315.797843, -0.000998, 0.000000, 0.000998, 4315.797843, 0.000000, 3923.589314, 0.000998, 0.499994, -0.000998, 0.028772, 0.028766, 0.748681, 0.039905, 0.000000, 0.000998, 0.499994, 0.500000, 0.000998, 0.499994
0.67, 3923.227649, 400.000000, 15000.000000, 400.000000, 0.000186, 1.379409, -3922.660000, 3924.039409, 0.000186, 0.000186, 0.000186, 0.000812, 3924.039409, 3923.227649, 0.811760, 0.000812, 0.000812, 0.000812, 1.379409, 1.379409, 0.000186, 0.811760, 0.000812, 1000.000000, -3922.660000, 0.000186, 400.000000, 0.000186, 3924.039409, 3924.039409, 3924.039409, 3924.039409, 0.000812, 0.000998, 0.000186, 3924.039409, 0.000806, 0.999880, 0.000812, 0.261549, 0.261511, 1.379409, 0.074342, 0.000000, 0.000186, 0.999880, 1.000000, 0.000186, 0.999880, 0.000000, 0.000000, 10.000000, 4315.797843, 0.000000, 0.000000, 4315.797843, 0.000000, 0.000000, 0.000000, 0.000000, 0.100000, 1.000000, 4314.398924, 0.000000, 0.000000, 0.000000, 0.000000, 4314.398924, 40.000000, 400.000000, 150000.000000, 40.000000, 0.000806, -1.456389, 3923.589314, -392.266000, 4314.398924, 0.000806, 0.000806, 0.000806, 0.000806, -0.000806, 4314.398924, 4314.398924, -0.000000, -0.000806, -0.000806, -0.000806, 3923.589314, 3923.589314, 0.000806, -0.000000, -0.000806, 0.000000, -392.266000, 0.000806, 40.000000, 0.000806, 4314.398924, 4314.398924, 4314.398924, 4314.398924, -0.000806, 0.000000, 0.000806, 4314.398924, 0.000000, 3924.039409, 0.000806, 0.500004, -0.000806, 0.028763, 0.028766, -1.456389, 0.032224, 0.000000, 0.000806, 0.500004, 0.500000, 0.000806, 0.500004
0.68, 3923.318813, 400.000000, 15000.000000, 400.000000, 0.000216, 1.248015, -3922.660000, 3923.908015, 0.000216, 0.000216, 0.000216, 0.000589, 3923.908015, 3923.318813, 0.589202, 0.000589, 0.000589, 0.000589, 1.248015, 1.248015, 0.000216, 0.589202, 0.000589, 1000.000000, -3922.660000, 0.000216, 400.000000, 0.000216, 3923.908015, 3923.908015, 3923.908015, 3923.908015, 0.000589, 0.000806, 0.000216, 3923.908015, 0.000213, 0.999882, 0.000589, 0.261555, 0.261511, 1.248015, 0.086558, 0.000000, 0.000216, 0.999882, 1.000000, 0.000216, 0.999882, 0.000000, 0.000000, 10.000000, 4314.398924, 0.000000, 0.000000, 4314.398924, 0.000000, 0.000000, 0.000000, 0.000000, 0.100000, 1.000000, 4313.608444, 0.000000, 0.000000, 0.000000, 0.000000, 4313.608444, 40.000000, 400.000000, 150000.000000, 40.000000, 0.000213, -2.696965, 3924.039409, -392.266000, 4313.608444, 0.000213, 0.000213, 0.000213, 0.000213, -0.000213, 4313.608444, 4313.608444, -0.000000, -0.000213, -0.000213, -0.000213, 3924.039409, 3924.039409, 0.000213, -0.000000, -0.000213, 0.000000, -392.266000, 0.000213, 40.000000, 0.000213, 4313.608444, 4313.608444, 4313.608444, 4313.608444, -0.000213, 0.000000, 0.000213, 4313.608444, 0.000000, 3923.908015, 0.000213, 0.500009, -0.000213, 0.028757, 0.028766, -2.696965, 0.008534, 0.000000, 0.000213, 0.500009, 0.500000, 0.000213, 0.500009
0.69, 3923.318580, 400.000000, 15000.000000, 400.000000, 0.000233, 0.639091, -3922.660000, 3923.299091, 0.000233, 0.000233, 0.000233, -0.000019, 3923.299091, 3923.318580, -0.019489, -0.000019, -0.000019, -0.000019, 0.639091, 0.639091, 0.000233, -0.019489, -0.000019, 1000.000000, -3922.660000, 0.000233, 400.000000, 0.000233, 3923.299091, 3923.299091, 3923.299091, 3923.299091, -0.000019, 0.000213, 0.000233, 3923.299091, -0.000428, 0.999884, -0.000019, 0.261555, 0.261511, 0.639091, 0.093138, 0.000000, 0.000233, 0.999884, 1.000000, 0.000233, 0.999884, 0.000000, 0.000000, 10.000000, 4313.608444, 0.000000, 0.000000, 4313.608444, 0.000000, 0.000000, 0.000000, 0.000000, 0.100000, 1.000000, 4313.775008, 0.000000, 0.000000, 0.000000, 0.000000, 4313.775008, 40.000000, 400.000000, 150000.000000, 40.000000, -0.000428, -2.399007, 3923.908015, -392.266000, 4313.775008, -0.000428, -0.000428, -0.000428, -0.000428, 0.000428, 4313.775008, 4313.775008, 0.000000, 0.000428, 0.000428, 0.000428, 3923.908015, 3923.908015, -0.000428, 0.000000, 0.000428, 0.000000, -392.266000, -0.000428, 40.000000, -0.000428, 4313.775008, 4313.775008, 4313.775008, 4313.775008, 0.000428, 0.000000, -0.000428, 4313.775008, 0.000000, 3923.299091, -0.000428, 0.500008, 0.000428, 0.028759, 0.028766, -2.399007, -0.017116, 0.000000, -0.000428, 0.500008, 0.500000, -0.000428, 0.500008
0.7, 3923.221093, 400.000000, 15000.000000, 400.000000, 0.000232, -0.098682, -3922.660000, 3922.561318, 0.000232, 0.000232, 0.000232, -0.000660, 3922.561318, 3923.221093, -0.659775, -0.000660, -0.000660, -0.000660, -0.098682, -0.098682, 0.000232, -0.659775, -0.000660, 1000.000000, -3922.660000, 0.000232, 400.000000, 0.000232, 3922.561318, 3922.561318, 3922.561318, 3922.561318, -0.000660, -0.000428, 0.000232, 3922.561318, -0.000772, 0.999886, -0.000660, 0.261548, 0.261511, -0.098682, 0.092746, 0.000000, 0.000232, 0.999886, 1.000000, 0.000232, 0.999886, 0.000000, 0.000000, 10.000000, 4313.775008, 0.000000, 0.000000, 4313.775008, 0.000000, 0.000000, 0.000000, 0.000000, 0.100000, 1.000000, 4314.706358, 0.000000, 0.000000, 0.000000, 0.000000, 4314.706358, 40.000000, 400.000000, 150000.000000, 40.000000, -0.000772, -0.858733, 3923.299091, -392.266000, 4314.706358, -0.000772, -0.000772, -0.000772, -0.000772, 0.000772, 4314.706358, 4314.706358, 0.000000, 0.000772, 0.000772, 0.000772, 3923.299091, 3923.299091, -0.000772, 0.000000, 0.000772, 0.000000, -392.266000, -0.000772, 40.000000, -0.000772, 4314.706358, 4314.706358, 4314.706358, 4314.706358, 0.000772, 0.000000, -0.000772, 4314.706358, 0.000000, 3922.561318, -0.000772, 0.500001, 0.000772, 0.028765, 0.028766, -0.858733, -0.030892, 0.000000, -0.000772, 0.500001, 0.500000, -0.000772, 0.500001
0.71, 3923.072223, 400.000000, 15000.000000, 400.000000, 0.000219, -0.579303, -3922.660000, 3922.080697, 0.000219, 0.000219, 0.000219, -0.000992, 3922.080697, 3923.072223, -0.991526, -0.000992, -0.000992, -0.000992, -0.579303, -0.579303, 0.000219, -0.991526, -0.000992, 1000.000000, -3922.660000, 0.000219, 400.000000, 0.000219, 3922.080697, 3922.080697, 3922.080697, 3922.080697, -0.000992, -0.000772, 0.000219, 3922.080697, -0.000663, 0.999888, -0.000992, 0.261538, 0.261511, -0.579303, 0.087690, 0.000000, 0.000219, 0.999888, 1.000000, 0.000219, 0.999888, 0.000000, 0.000000, 10.000000, 4314.706358, 0.000000, 0.000000, 4314.706358, 0.000000, 0.000000, 0.000000, 0.000000, 0.100000, 1.000000, 4315.820059, 0.000000, 0.000000, 0.000000, 0.000000, 4315.820059, 40.000000, 400.000000, 150000.000000, 40.000000, -0.000663, 0.992741, 3922.561318, -392.266000, 4315.820059, -0.000663, -0.000663, -0.000663, -0.000663, 0.000663, 4315.820059, 4315.820059, 0.000000, 0.000663, 0.000663, 0.000663, 3922.561318, 3922.561318, -0.000663, 0.000000, 0.000663, 0.000000, -392.266000, -0.000663, 40.000000, -0.000663, 4315.820059, 4315.820059, 4315.820059, 4315.820059, 0.000663, 0.000000, -0.000663, 4315.820059, 0.000000, 3922.080697, -0.000663, 0.499994, 0.000663, 0.028772, 0.028766, 0.992741, -0.026515, 0.000000, -0.000663, 0.499994, 0.500000, -0.000663, 0.499994
0.72, 3922.940599, 400.000000, 15000.000000, 400.000000, 0.000206, -0.588206, -3922.660000, 3922.071794, 0.000206, 0.000206, 0.000206, -0.000869, 3922.071794, 3922.940599, -0.868805, -0.000869, -0.000869, -0.000869, -0.588206, -0.588206, 0.000206, -0.868805, -0.000869, 1000.000000, -3922.660000, 0.000206, 400.000000, 0.000206, 3922.071794, 3922.071794, 3922.071794, 3922.071794, -0.000869, -0.000663, 0.000206, 3922.071794, -0.000198, 0.999891, -0.000869, 0.261529, 0.261511, -0.588206, 0.082376, 0.000000, 0.000206, 0.999891, 1.000000, 0.000206, 0.999891, 0.000000, 0.000000, 10.000000, 4315.820059, 0.000000, 0.000000, 4315.820059, 0.000000, 0.000000, 0.000000, 0.000000, 0.100000, 1.000000, 4316.488456, 0.000000, 0.000000, 0.000000, 0.000000, 4316.488456, 40.000000, 400.000000, 150000.000000, 40.000000, -0.000198, 2.141759, 3922.080697, -392.266000, 4316.488456, -0.000198, -0.000198, -0.000198, -0.000198, 0.000198, 4316.488456, 4316.488456, 0.000000, 0.000198, 0.000198, 0.000198, 3922.080697, 3922.080697, -0.000198, 0.000000, 0.000198, 0.000000, -392.266000, -0.000198, 40.000000, -0.000198, 4316.488456, 4316.488456, 4316.488456, 4316.488456, 0.000198, 0.000000, -0.000198, 4316.488456, 0.000000, 3922.071794, -0.000198, 0.499990, 0.000198, 0.028777, 0.028766, 2.141759, -0.007932, 0.000000, -0.000198, 0.499990, 0.500000, -0.000198, 0.499990
0.73, 3922.879099, 400.000000, 15000.000000, 400.000000, 0.000202, -0.181126, -3922.660000, 3922.478874, 0.000202, 0.000202, 0.000202, -0.000400, 3922.478874, 3922.879099, -0.400226, -0.000400, -0.000400, -0.000400, -0.181126, -0.181126, 0.000202, -0.400226, -0.000400, 1000.000000, -3922.660000, 0.000202, 400.000000, 0.000202, 3922.478874, 3922.478874, 3922.478874, 3922.478874, -0.000400, -0.000198, 0.000202, 3922.478874, 0.000342, 0.999893, -0.000400, 0.261525, 0.261511, -0.181126, 0.080769, 0.000000, 0.000202, 0.999893, 1.000000, 0.000202, 0.999893, 0.000000, 0.000000, 10.000000, 4316.488456, 0.000000, 0.000000, 4316.488456, 0.000000, 0.000000, 0.000000, 0.000000, 0.100000, 1.000000, 4316.376916, 0.000000, 0.000000, 0.000000, 0.000000, 4316.376916, 40.000000, 400.000000, 150000.000000, 40.000000, 0.000342, 2.039121, 3922.071794, -392.266000, 4316.376916, 0.000342, 0.000342, 0.000342, 0.000342, -0.000342, 4316.376916, 4316.376916, -0.000000, -0.000342, -0.000342, -0.000342, 3922.071794, 3922.071794, 0.000342, -0.000000, -0.000342, 0.000000, -392.266000, 0.000342, 40.000000, 0.000342, 4316.376916, 4316.376916, 4316.376916, 4316.376916, -0.000342, 0.000000, 0.000342, 4316.376916, 0.000000, 3922.478874, 0.000342, 0.499990, -0.000342, 0.028776, 0.028766, 2.039121, 0.013695, 0.000000, 0.000342, 0.499990, 0.500000, 0.000342, 0.499990
0.74, 3922.898172, 400.000000, 15000.000000, 400.000000, 0.000211, 0.369755, -3922.660000, 3923.029755, 0.000211, 0.000211, 0.000211, 0.000132, 3923.029755, 3922.898172, 0.131584, 0.000132, 0.000132, 0.000132, 0.369755, 0.369755, 0.000211, 0.131584, 0.000132, 1000.000000, -3922.660000, 0.000211, 400.000000, 0.000211, 3923.029755, 3923.029755, 3923.029755, 3923.029755, 0.000132, 0.000342, 0.000211, 3923.029755, 0.000665, 0.999895, 0.000132, 0.261527, 0.261511, 0.369755, 0.084321, 0.000000, 0.000211, 0.999895, 1.000000, 0.000211, 0.999895, 0.000000, 0.000000, 10.000000, 4316.376916, 0.000000, 0.000000, 4316.376916, 0.000000, 0.000000, 0.000000, 0.000000, 0.100000, 1.000000, 4315.595887, 0.000000, 0.000000, 0.000000, 0.000000, 4315.595887, 40.000000, 400.000000, 150000.000000, 40.000000, 0.000665, 0.851014, 3922.478874, -392.266000, 4315.595887, 0.000665, 0.000665, 0.000665, 0.000665, -0.000665, 4315.595887, 4315.595887, -0.000000, -0.000665, -0.000665, -0.000665, 3922.478874, 3922.478874, 0.000665, -0.000000, -0.000665, 0.000000, -392.266000, 0.000665, 40.000000, 0.000665, 4315.595887, 4315.595887, 4315.595887, 4315.595887, -0.000665, 0.000000, 0.000665, 4315.595887, 0.000000, 3923.029755, 0.000665, 0.499996, -0.000665, 0.028771, 0.028766, 0.851014, 0.026582, 0.000000, 0.000665, 0.499996, 0.500000, 0.000665, 0.499996
0.75, 3922.964120, 400.000000, 15000.000000, 400.000000, 0.000229, 0.740094, -3922.660000, 3923.400094, 0.000229, 0.000229, 0.000229, 0.000436, 3923.400094, 3922.964120, 0.435974, 0.000436, 0.000436, 0.000436, 0.740094, 0.740094, 0.000229, 0.435974, 0.000436, 1000.000000, -3922.660000, 0.000229, 400.000000, 0.000229, 3923.400094, 3923.400094, 3923.400094, 3923.400094, 0.000436, 0.000665, 0.000229, 3923.400094, 0.000616, 0.999897, 0.000436, 0.261531, 0.261511, 0.740094, 0.091427, 0.000000, 0.000229, 0.999897, 1.000000, 0.000229, 0.999897, 0.000000, 0.000000, 10.000000, 4315.595887, 0.000000, 0.000000, 4315.595887, 0.000000, 0.000000, 0.000000, 0.000000, 0.100000, 1.000000, 4314.602449, 0.000000, 0.000000, 0.000000, 0.000000, 4314.602449, 40.000000, 400.000000, 150000.000000, 40.000000, 0.000616, -0.693306, 3923.029755, -392.266000, 4314.602449, 0.000616, 0.000616, 0.000616, 0.000616, -0.000616, 4314.602449, 4314.602449, -0.000000, -0.000616, -0.000616, -0.000616, 3923.029755, 3923.029755, 0.000616, -0.000000, -0.000616, 0.000000, -392.266000, 0.000616, 40.000000, 0.000616, 4314.602449, 4314.602449, 4314.602449, 4314.602449, -0.000616, 0.000000, 0.000616, 4314.602449, 0.000000, 3923.400094, 0.000616, 0.500002, -0.000616, 0.028764, 0.028766, -0.693306, 0.024644, 0.000000, 0.000616, 0.500002, 0.500000, 0.000616, 0.500002
0.76, 3923.021045, 400.000000, 15000.000000, 400.000000, 0.000246, 0.730763, -3922.660000, 3923.390763, 0.000246, 0.000246, 0.000246, 0.000370, 3923.390763, 3923.021045, 0.369717, 0.000370, 0.000370, 0.000370, 0.730763, 0.730763, 0.000246, 0.369717, 0.000370, 1000.000000, -3922.660000, 0.000246, 400.000000, 0.000246, 3923.390763, 3923.390763, 3923.390763, 3923.390763, 0.000370, 0.000616, 0.000246, 3923.390763, 0.000256, 0.999899, 0.000370, 0.261535, 0.261511, 0.730763, 0.098551, 0.000000, 0.000246, 0.999899, 1.000000, 0.000246, 0.999899, 0.000000, 0.000000, 10.000000, 4314.602449, 0.000000, 0.000000, 4314.602449, 0.000000, 0.000000, 0.000000, 0.000000, 0.100000, 1.000000, 4313.926099, 0.000000, 0.000000, 0.000000, 0.000000, 4313.926099, 40.000000, 400.000000, 150000.000000, 40.000000, 0.000256, -1.739995, 3923.400094, -392.266000, 4313.926099, 0.000256, 0.000256, 0.000256, 0.000256, -0.000256, 4313.926099, 4313.926099, -0.000000, -0.000256, -0.000256, -0.000256, 3923.400094, 3923.400094, 0.000256, -0.000000, -0.000256, 0.000000, -392.266000, 0.000256, 40.000000, 0.000256, 4313.926099, 4313.926099, 4313.926099, 4313.926099, -0.000256, 0.000000, 0.000256, 4313.926099, 0.000000, 3923.390763, 0.000256, 0.500007, -0.000256, 0.028760, 0.028766, -1.739995, 0.010232, 0.000000, 0.000256, 0.500007, 0.500000, 0.000256, 0.500007
0.77, 3923.022647, 400.000000, 15000.000000, 400.000000, 0.000256, 0.362746, -3922.660000, 3923.022746, 0.000256, 0.000256, 0.000256, 0.000000, 3923.022746, 3923.022647, 0.000100, 0.000000, 0.000000, 0.000000, 0.362746, 0.362746, 0.000256, 0.000100, 0.000000, 1000.000000, -3922.660000, 0.000256, 400.000000, 0.000256, 3923.022746, 3923.022746, 3923.022746, 3923.022746, 0.000000, 0.000256, 0.000256, 3923.022746, -0.000197, 0.999902, 0.000000, 0.261535, 0.261511, 0.362746, 0.102282, 0.000000, 0.000256, 0.999902, 1.000000, 0.000256, 0.999902, 0.000000, 0.000000, 10.000000, 4313.926099, 0.000000, 0.000000, 4313.926099, 0.000000, 0.000000, 0.000000, 0.000000, 0.100000, 1.000000, 4313.880469, 0.000000, 0.000000, 0.000000, 0.000000, 4313.880469, 40.000000, 400.000000, 150000.000000, 40.000000, -0.000197, -1.776294, 3923.390763, -392.266000, 4313.880469, -0.000197, -0.000197, -0.000197, -0.000197, 0.000197, 4313.880469, 4313.880469, 0.000000, 0.000197, 0.000197, 0.000197, 3923.390763, 3923.390763, -0.000197, 0.000000, 0.000197, 0.000000, -392.266000, -0.000197, 40.000000, -0.000197, 4313.880469, 4313.880469, 4313.880469, 4313.880469, 0.000197, 0.000000, -0.000197, 4313.880469, 0.000000, 3923.022746, -0.000197, 0.500007, 0.000197, 0.028759, 0.028766, -1.776294, -0.007874, 0.000000, -0.000197, 0.500007, 0.500000, -0.000197, 0.500007
0.78, 3922.956076, 400.000000, 15000.000000, 400.000000, 0.000253, -0.153618, -3922.660000, 3922.506382, 0.000253, 0.000253, 0.000253, -0.000450, 3922.506382, 3922.956076, -0.449694, -0.000450, -0.000450, -0.000450, -0.153618, -0.153618, 0.000253, -0.449694, -0.000450, 1000.000000, -3922.660000, 0.000253, 400.000000, 0.000253, 3922.506382, 3922.506382, 3922.506382, 3922.506382, -0.000450, -0.000197, 0.000253, 3922.506382, -0.000493, 0.999904, -0.000450, 0.261530, 0.261511, -0.153618, 0.101142, 0.000000, 0.000253, 0.999904, 1.000000, 0.000253, 0.999904, 0.000000, 0.000000, 10.000000, 4313.880469, 0.000000, 0.000000, 4313.880469, 0.000000, 0.000000, 0.000000, 0.000000, 0.100000, 1.000000, 4314.415677, 0.000000, 0.000000, 0.000000, 0.000000, 4314.415677, 40.000000, 400.000000, 150000.000000, 40.000000, -0.000493, -0.873070, 3923.022746, -392.266000, 4314.415677, -0.000493, -0.000493, -0.000493, -0.000493, 0.000493, 4314.415677, 4314.415677, 0.000000, 0.000493, 0.000493, 0.000493, 3923.022746, 3923.022746, -0.000493, 0.000000, 0.000493, 0.000000, -392.266000, -0.000493, 40.000000, -0.000493, 4314.415677, 4314.415677, 4314.415677, 4314.415677, 0.000493, 0.000000, -0.000493, 4314.415677, 0.000000, 3922.506382, -0.000493, 0.500003, 0.000493, 0.028763, 0.028766, -0.873070, -0.019712, 0.000000, -0.000493, 0.500003, 0.500000, -0.000493, 0.500003
0.79, 3922.845853, 400.000000, 15000.000000, 400.000000, 0.000241, -0.547460, -3922.660000, 3922.112540, 0.000241, 0.000241, 0.000241, -0.000733, 3922.112540, 3922.845853, -0.733313, -0.000733, -0.000733, -0.000733, -0.547460, -0.547460, 0.000241, -0.733313, -0.000733, 1000.000000, -3922.660000, 0.000241, 400.000000, 0.000241, 3922.112540, 3922.112540, 3922.112540, 3922.112540, -0.000733, -0.000493, 0.000241, 3922.112540, -0.000489, 0.999907, -0.000733, 0.261523, 0.261511, -0.547460, 0.096206, 0.000000, 0.000241, 0.999907, 1.000000, 0.000241, 0.999907, 0.000000, 0.000000, 10.000000, 4314.415677, 0.000000, 0.000000, 4314.415677, 0.000000, 0.000000, 0.000000, 0.000000, 0.100000, 1.000000, 4315.177380, 0.000000, 0.000000, 0.000000, 0.000000, 4315.177380, 40.000000, 400.000000, 150000.000000, 40.000000, -0.000489, 0.404998, 3922.506382, -392.266000, 4315.177380, -0.000489, -0.000489, -0.000489, -0.000489, 0.000489, 4315.177380, 4315.177380, 0.000000, 0.000489, 0.000489, 0.000489, 3922.506382, 3922.506382, -0.000489, 0.000000, 0.000489, 0.000000, -392.266000, -0.000489, 40.000000, -0.000489, 4315.177380, 4315.177380, 4315.177380, 4315.177380, 0.000489, 0.000000, -0.000489, 4315.177380, 0.000000, 3922.112540, -0.000489, 0.499998, 0.000489, 0.028768, 0.028766, 0.404998, -0.019549, 0.000000, -0.000489, 0.499998, 0.500000, -0.000489, 0.499998
0.8, 3922.737537, 400.000000, 15000.000000, 400.000000, 0.000226, -0.636931, -3922.660000, 3922.023069, 0.000226, 0.000226, 0.000226, -0.000714, 3922.023069, 3922.737537, -0.714467, -0.000714, -0.000714, -0.000714, -0.636931, -0.636931, 0.000226, -0.714467, -0.000714, 1000.000000, -3922.660000, 0.000226, 400.000000, 0.000226, 3922.023069, 3922.023069, 3922.023069, 3922.023069, -0.000714, -0.000489, 0.000226, 3922.023069, -0.000214, 0.999909, -0.000714, 0.261516, 0.261511, -0.636931, 0.090300, 0.000000, 0.000226, 0.999909, 1.000000, 0.000226, 0.999909, 0.000000, 0.000000, 10.000000, 4315.177380, 0.000000, 0.000000, 4315.177380, 0.000000, 0.000000, 0.000000, 0.000000, 0.100000, 1.000000, 4315.722641, 0.000000, 0.000000, 0.000000, 0.000000, 4315.722641, 40.000000, 400.000000, 150000.000000, 40.000000, -0.000214, 1.344101, 3922.112540, -392.266000, 4315.722641, -0.000214, -0.000214, -0.000214, -0.000214, 0.000214, 4315.722641, 4315.722641, 0.000000, 0.000214, 0.000214, 0.000214, 3922.112540, 3922.112540, -0.000214, 0.000000, 0.000214, 0.000000, -392.266000, -0.000214, 40.000000, -0.000214, 4315.722641, 4315.722641, 4315.722641, 4315.722641, 0.000214, 0.000000, -0.000214, 4315.722641, 0.000000, 3922.023069, -0.000214, 0.499995, 0.000214, 0.028771, 0.028766, 1.344101, -0.008552, 0.000000, -0.000214, 0.499995, 0.500000, -0.000214, 0.499995
0.81, 3922.671650, 400.000000, 15000.000000, 400.000000, 0.000216, -0.418016, -3922.660000, 3922.241984, 0.000216, 0.000216, 0.000216, -0.000430, 3922.241984, 3922.671650, -0.429666, -0.000430, -0.000430, -0.000430, -0.418016, -0.418016, 0.000216, -0.429666, -0.000430, 1000.000000, -3922.660000, 0.000216, 400.000000, 0.000216, 3922.241984, 3922.241984, 3922.241984, 3922.241984, -0.000430, -0.000214, 0.000216, 3922.241984, 0.000161, 0.999911, -0.000430, 0.261511, 0.261511, -0.418016, 0.086349, 0.000000, 0.000216, 0.999911, 1.000000, 0.000216, 0.999911, 0.000000, 0.000000, 10.000000, 4315.722641, 0.000000, 0.000000, 4315.722641, 0.000000, 0.000000, 0.000000, 0.000000, 0.100000, 1.000000, 4315.763686, 0.000000, 0.000000, 0.000000, 0.000000, 4315.763686, 40.000000, 400.000000, 150000.000000, 40.000000, 0.000161, 1.474617, 3922.023069, -392.266000, 4315.763686, 0.000161, 0.000161, 0.000161, 0.000161, -0.000161, 4315.763686, 4315.763686, -0.000000, -0.000161, -0.000161, -0.000161, 3922.023069, 3922.023069, 0.000161, -0.000000, -0.000161, 0.000000, -392.266000, 0.000161, 40.000000, 0.000161, 4315.763686, 4315.763686, 4315.763686, 4315.763686, -0.000161, 0.000000, 0.000161, 4315.763686, 0.000000, 3922.241984, 0.000161, 0.499994, -0.000161, 0.028772, 0.028766, 1.474617, 0.006446, 0.000000, 0.000161, 0.499994, 0.500000, 0.000161, 0.499994
0.82, 3922.662616, 400.000000, 15000.000000, 400.000000, 0.000215, -0.050757, -3922.660000, 3922.609243, 0.000215, 0.000215, 0.000215, -0.000053, 3922.609243, 3922.662616, -0.053372, -0.000053, -0.000053, -0.000053, -0.050757, -0.050757, 0.000215, -0.053372, -0.000053, 1000.000000, -3922.660000, 0.000215, 400.000000, 0.000215, 3922.609243, 3922.609243, 3922.609243, 3922.609243, -0.000053, 0.000161, 0.000215, 3922.609243, 0.000427, 0.999913, -0.000053, 0.261511, 0.261511, -0.050757, 0.085813, 0.000000, 0.000215, 0.999913, 1.000000, 0.000215, 0.999913, 0.000000, 0.000000, 10.000000, 4315.763686, 0.000000, 0.000000, 4315.763686, 0.000000, 0.000000, 0.000000, 0.000000, 0.100000, 1.000000, 4315.307312, 0.000000, 0.000000, 0.000000, 0.000000, 4315.307312, 40.000000, 400.000000, 150000.000000, 40.000000, 0.000427, 0.799328, 3922.241984, -392.266000, 4315.307312, 0.000427, 0.000427, 0.000427, 0.000427, -0.000427, 4315.307312, 4315.307312, -0.000000, -0.000427, -0.000427, -0.000427, 3922.241984, 3922.241984, 0.000427, -0.000000, -0.000427, 0.000000, -392.266000, 0.000427, 40.000000, 0.000427, 4315.307312, 4315.307312, 4315.307312, 4315.307312, -0.000427, 0.000000, 0.000427, 4315.307312, 0.000000, 3922.609243, 0.000427, 0.499997, -0.000427, 0.028769, 0.028766, 0.799328, 0.017092, 0.000000, 0.000427, 0.499997, 0.500000, 0.000427, 0.499997
0.83, 3922.693462, 400.000000, 15000.000000, 400.000000, 0.000220, 0.240635, -3922.660000, 3922.900635, 0.000220, 0.000220, 0.000220, 0.000207, 3922.900635, 3922.693462, 0.207173, 0.000207, 0.000207, 0.000207, 0.240635, 0.240635, 0.000220, 0.207173, 0.000207, 1000.000000, -3922.660000, 0.000220, 400.000000, 0.000220, 3922.900635, 3922.900635, 3922.900635, 3922.900635, 0.000207, 0.000427, 0.000220, 3922.900635, 0.000452, 0.999916, 0.000207, 0.261513, 0.261511, 0.240635, 0.088047, 0.000000, 0.000220, 0.999916, 1.000000, 0.000220, 0.999916, 0.000000, 0.000000, 10.000000, 4315.307312, 0.000000, 0.000000, 4315.307312, 0.000000, 0.000000, 0.000000, 0.000000, 0.100000, 1.000000, 4314.625022, 0.000000, 0.000000, 0.000000, 0.000000, 4314.625022, 40.000000, 400.000000, 150000.000000, 40.000000, 0.000452, -0.250221, 3922.609243, -392.266000, 4314.625022, 0.000452, 0.000452, 0.000452, 0.000452, -0.000452, 4314.625022, 4314.625022, -0.000000, -0.000452, -0.000452, -0.000452, 3922.609243, 3922.609243, 0.000452, -0.000000, -0.000452, 0.000000, -392.266000, 0.000452, 40.000000, 0.000452, 4314.625022, 4314.625022, 4314.625022, 4314.625022, -0.000452, 0.000000, 0.000452, 4314.625022, 0.000000, 3922.900635, 0.000452, 0.500002, -0.000452, 0.028764, 0.028766, -0.250221, 0.018092, 0.000000, 0.000452, 0.500002, 0.500000, 0.000452, 0.500002
0.84, 3922.727711, 400.000000, 15000.000000, 400.000000, 0.000227, 0.292910, -3922.660000, 3922.952910, 0.000227, 0.000227, 0.000227, 0.000225, 3922.952910, 3922.727711, 0.225198, 0.000225, 0.000225, 0.000225, 0.292910, 0.292910, 0.000227, 0.225198, 0.000225, 1000.000000, -3922.660000, 0.000227, 400.000000, 0.000227, 3922.952910, 3922.952910, 3922.952910, 3922.952910, 0.000225, 0.000452, 0.000227, 3922.952910, 0.000244, 0.999918, 0.000225, 0.261515, 0.261511, 0.292910, 0.090837, 0.000000, 0.000227, 0.999918, 1.000000, 0.000227, 0.999918, 0.000000, 0.000000, 10.000000, 4314.625022, 0.000000, 0.000000, 4314.625022, 0.000000, 0.000000, 0.000000, 0.000000, 0.100000, 1.000000, 4314.084910, 0.000000, 0.000000, 0.000000, 0.000000, 4314.084910, 40.000000, 400.000000, 150000.000000, 40.000000, 0.000244, -1.081726, 3922.900635, -392.266000, 4314.084910, 0.000244, 0.000244, 0.000244, 0.000244, -0.000244, 4314.084910, 4314.084910, -0.000000, -0.000244, -0.000244, -0.000244, 3922.900635, 3922.900635, 0.000244, -0.000000, -0.000244, 0.000000, -392.266000, 0.000244, 40.000000, 0.000244, 4314.084910, 4314.084910, 4314.084910, 4314.084910, -0.000244, 0.000000, 0.000244, 4314.084910, 0.000000, 3922.952910, 0.000244, 0.500006, -0.000244, 0.028761, 0.028766, -1.081726, 0.009760, 0.000000, 0.000244, 0.500006, 0.500000, 0.000244, 0.500006
0.85, 3922.730595, 400.000000, 15000.000000, 400.000000, 0.000229, 0.085285, -3922.660000, 3922.745285, 0.000229, 0.000229, 0.000229, 0.000015, 3922.745285, 3922.730595, 0.014690, 0.000015, 0.000015, 0.000015, 0.085285, 0.085285, 0.000229, 0.014690, 0.000015, 1000.000000, -3922.660000, 0.000229, 400.000000, 0.000229, 3922.745285, 3922.745285, 3922.745285, 3922.745285, 0.000015, 0.000244, 0.000229, 3922.745285, -0.000066, 0.999920, 0.000015, 0.261515, 0.261511, 0.085285, 0.091724, 0.000000, 0.000229, 0.999920, 1.000000, 0.000229, 0.999920, 0.000000, 0.000000, 10.000000, 4314.084910, 0.000000, 0.000000, 4314.084910, 0.000000, 0.000000, 0.000000, 0.000000, 0.100000, 1.000000, 4313.947117, 0.000000, 0.000000, 0.000000, 0.000000, 4313.947117, 40.000000, 400.000000, 150000.000000, 40.000000, -0.000066, -1.271793, 3922.952910, -392.266000, 4313.947117, -0.000066, -0.000066, -0.000066, -0.000066, 0.000066, 4313.947117, 4313.947117, 0.000000, 0.000066, 0.000066, 0.000066, 3922.952910, 3922.952910, -0.000066, 0.000000, 0.000066, 0.000000, -392.266000, -0.000066, 40.000000, -0.000066, 4313.947117, 4313.947117, 4313.947117, 4313.947117, 0.000066, 0.000000, -0.000066, 4313.947117, 0.000000, 3922.745285, -0.000066, 0.500007, 0.000066, 0.028760, 0.028766, -1.271793, -0.002651, 0.000000, -0.000066, 0.500007, 0.500000, -0.000066, 0.500007
0.86, 3922.687459, 400.000000, 15000.000000, 400.000000, 0.000223, -0.262165, -3922.660000, 3922.397835, 0.000223, 0.000223, 0.000223, -0.000290, 3922.397835, 3922.687459, -0.289624, -0.000290, -0.000290, -0.000290, -0.262165, -0.262165, 0.000223, -0.289624, -0.000290, 1000.000000, -3922.660000, 0.000223, 400.000000, 0.000223, 3922.397835, 3922.397835, 3922.397835, 3922.397835, -0.000290, -0.000066, 0.000223, 3922.397835, -0.000305, 0.999922, -0.000290, 0.261512, 0.261511, -0.262165, 0.089341, 0.000000, 0.000223, 0.999922, 1.000000, 0.000223, 0.999922, 0.000000, 0.000000, 10.000000, 4313.947117, 0.000000, 0.000000, 4313.947117, 0.000000, 0.000000, 0.000000, 0.000000, 0.100000, 1.000000, 4314.235018, 0.000000, 0.000000, 0.000000, 0.000000, 4314.235018, 40.000000, 400.000000, 150000.000000, 40.000000, -0.000305, -0.776268, 3922.745285, -392.266000, 4314.235018, -0.000305, -0.000305, -0.000305, -0.000305, 0.000305, 4314.235018, 4314.235018, 0.000000, 0.000305, 0.000305, 0.000305, 3922.745285, 3922.745285, -0.000305, 0.000000, 0.000305, 0.000000, -392.266000, -0.000305, 40.000000, -0.000305, 4314.235018, 4314.235018, 4314.235018, 4314.235018, 0.000305, 0.000000, -0.000305, 4314.235018, 0.000000, 3922.397835, -0.000305, 0.500005, 0.000305, 0.028762, 0.028766, -0.776268, -0.012186, 0.000000, -0.000305, 0.500005, 0.500000, -0.000305, 0.500005
0.87, 3922.609817, 400.000000, 15000.000000, 400.000000, 0.000210, -0.564975, -3922.660000, 3922.095025, 0.000210, 0.000210, 0.000210, -0.000515, 3922.095025, 3922.609817, -0.514792, -0.000515, -0.000515, -0.000515, -0.564975, -0.564975, 0.000210, -0.514792, -0.000515, 1000.000000, -3922.660000, 0.000210, 400.000000, 0.000210, 3922.095025, 3922.095025, 3922.095025, 3922.095025, -0.000515, -0.000305, 0.000210, 3922.095025, -0.000351, 0.999925, -0.000515, 0.261507, 0.261511, -0.564975, 0.084053, 0.000000, 0.000210, 0.999925, 1.000000, 0.000210, 0.999925, 0.000000, 0.000000, 10.000000, 4314.235018, 0.000000, 0.000000, 4314.235018, 0.000000, 0.000000, 0.000000, 0.000000, 0.100000, 1.000000, 4314.743937, 0.000000, 0.000000, 0.000000, 0.000000, 4314.743937, 40.000000, 400.000000, 150000.000000, 40.000000, -0.000351, 0.080102, 3922.397835, -392.266000, 4314.743937, -0.000351, -0.000351, -0.000351, -0.000351, 0.000351, 4314.743937, 4314.743937, 0.000000, 0.000351, 0.000351, 0.000351, 3922.397835, 3922.397835, -0.000351, 0.000000, 0.000351, 0.000000, -392.266000, -0.000351, 40.000000, -0.000351, 4314.743937, 4314.743937, 4314.743937, 4314.743937, 0.000351, 0.000000, -0.000351, 4314.743937, 0.000000, 3922.095025, -0.000351, 0.500001, 0.000351, 0.028765, 0.028766, 0.080102, -0.014045, 0.000000, -0.000351, 0.500001, 0.500000, -0.000351, 0.500001
0.88, 3922.526932, 400.000000, 15000.000000, 400.000000, 0.000194, -0.678204, -3922.660000, 3921.981796, 0.000194, 0.000194, 0.000194, -0.000545, 3921.981796, 3922.526932, -0.545136, -0.000545, -0.000545, -0.000545, -0.678204, -0.678204, 0.000194, -0.545136, -0.000545, 1000.000000, -3922.660000, 0.000194, 400.000000, 0.000194, 3921.981796, 3921.981796, 3921.981796, 3921.981796, -0.000545, -0.000351, 0.000194, 3921.981796, -0.000198, 0.999927, -0.000545, 0.261502, 0.261511, -0.678204, 0.077609, 0.000000, 0.000194, 0.999927, 1.000000, 0.000194, 0.999927, 0.000000, 0.000000, 10.000000, 4314.743937, 0.000000, 0.000000, 4314.743937, 0.000000, 0.000000, 0.000000, 0.000000, 0.100000, 1.000000, 4315.170497, 0.000000, 0.000000, 0.000000, 0.000000, 4315.170497, 40.000000, 400.000000, 150000.000000, 40.000000, -0.000198, 0.809472, 3922.095025, -392.266000, 4315.170497, -0.000198, -0.000198, -0.000198, -0.000198, 0.000198, 4315.170497, 4315.170497, 0.000000, 0.000198, 0.000198, 0.000198, 3922.095025, 3922.095025, -0.000198, 0.000000, 0.000198, 0.000000, -392.266000, -0.000198, 40.000000, -0.000198, 4315.170497, 4315.170497, 4315.170497, 4315.170497, 0.000198, 0.000000, -0.000198, 4315.170497, 0.000000, 3921.981796, -0.000198, 0.499998, 0.000198, 0.028768, 0.028766, 0.809472, -0.007939, 0.000000, -0.000198, 0.499998, 0.500000, -0.000198, 0.499998
0.89, 3922.468698, 400.000000, 15000.000000, 400.000000, 0.000180, -0.570043, -3922.660000, 3922.089957, 0.000180, 0.000180, 0.000180, -0.000379, 3922.089957, 3922.468698, -0.378741, -0.000379, -0.000379, -0.000379, -0.570043, -0.570043, 0.000180, -0.378741, -0.000379, 1000.000000, -3922.660000, 0.000180, 400.000000, 0.000180, 3922.089957, 3922.089957, 3922.089957, 3922.089957, -0.000379, -0.000198, 0.000180, 3922.089957, 0.000054, 0.999929, -0.000379, 0.261498, 0.261511, -0.570043, 0.072102, 0.000000, 0.000180, 0.999929, 1.000000, 0.000180, 0.999929, 0.000000, 0.000000, 10.000000, 4315.170497, 0.000000, 0.000000, 4315.170497, 0.000000, 0.000000, 0.000000, 0.000000, 0.100000, 1.000000, 4315.282962, 0.000000, 0.000000, 0.000000, 0.000000, 4315.282962, 40.000000, 400.000000, 150000.000000, 40.000000, 0.000054, 1.035166, 3921.981796, -392.266000, 4315.282962, 0.000054, 0.000054, 0.000054, 0.000054, -0.000054, 4315.282962, 4315.282962, -0.000000, -0.000054, -0.000054, -0.000054, 3921.981796, 3921.981796, 0.000054, -0.000000, -0.000054, 0.000000, -392.266000, 0.000054, 40.000000, 0.000054, 4315.282962, 4315.282962, 4315.282962, 4315.282962, -0.000054, 0.000000, 0.000054, 4315.282962, 0.000000, 3922.089957, 0.000054, 0.499998, -0.000054, 0.028769, 0.028766, 1.035166, 0.002149, 0.000000, 0.000054, 0.499998, 0.500000, 0.000054, 0.499998
0.9, 3922.449707, 400.000000, 15000.000000, 400.000000, 0.000172, -0.328632, -3922.660000, 3922.331368, 0.000172, 0.000172, 0.000172, -0.000118, 3922.331368, 3922.449707, -0.118338, -0.000118, -0.000118, -0.000118, -0.328632, -0.328632, 0.000172, -0.118338, -0.000118, 1000.000000, -3922.660000, 0.000172, 400.000000, 0.000172, 3922.331368, 3922.331368, 3922.331368, 3922.331368, -0.000118, 0.000054, 0.000172, 3922.331368, 0.000262, 0.999930, -0.000118, 0.261497, 0.261511, -0.328632, 0.068823, 0.000000, 0.000172, 0.999930, 1.000000, 0.000172, 0.999930, 0.000000, 0.000000, 10.000000, 4315.282962, 0.000000, 0.000000, 4315.282962, 0.000000, 0.000000, 0.000000, 0.000000, 0.100000, 1.000000, 4315.038240, 0.000000, 0.000000, 0.000000, 0.000000, 4315.038240, 40.000000, 400.000000, 150000.000000, 40.000000, 0.000262, 0.682284, 3922.089957, -392.266000, 4315.038240, 0.000262, 0.000262, 0.000262, 0.000262, -0.000262, 4315.038240, 4315.038240, -0.000000, -0.000262, -0.000262, -0.000262, 3922.089957, 3922.089957, 0.000262, -0.000000, -0.000262, 0.000000, -392.266000, 0.000262, 40.000000, 0.000262, 4315.038240, 4315.038240, 4315.038240, 4315.038240, -0.000262, 0.000000, 0.000262, 4315.038240, 0.000000, 3922.331368, 0.000262, 0.499999, -0.000262, 0.028767, 0.028766, 0.682284, 0.010475, 0.000000, 0.000262, 0.499999, 0.500000, 0.000262, 0.499999
0.91, 3922.462886, 400.000000, 15000.000000, 400.000000, 0.000169, -0.104405, -3922.660000, 3922.555595, 0.000169, 0.000169, 0.000169, 0.000093, 3922.555595, 3922.462886, 0.092708, 0.000093, 0.000093, 0.000093, -0.104405, -0.104405, 0.000169, 0.092708, 0.000093, 1000.000000, -3922.660000, 0.000169, 400.000000, 0.000169, 3922.555595, 3922.555595, 3922.555595, 3922.555595, 0.000093, 0.000262, 0.000169, 3922.555595, 0.000319, 0.999932, 0.000093, 0.261498, 0.261511, -0.104405, 0.067662, 0.000000, 0.000169, 0.999932, 1.000000, 0.000169, 0.999932, 0.000000, 0.000000, 10.000000, 4315.038240, 0.000000, 0.000000, 4315.038240, 0.000000, 0.000000, 0.000000, 0.000000, 0.100000, 1.000000, 4314.588010, 0.000000, 0.000000, 0.000000, 0.000000, 4314.588010, 40.000000, 400.000000, 150000.000000, 40.000000, 0.000319, -0.009359, 3922.331368, -392.266000, 4314.588010, 0.000319, 0.000319, 0.000319, 0.000319, -0.000319, 4314.588010, 4314.588010, -0.000000, -0.000319, -0.000319, -0.000319, 3922.331368, 3922.331368, 0.000319, -0.000000, -0.000319, 0.000000, -392.266000, 0.000319, 40.000000, 0.000319, 4314.588010, 4314.588010, 4314.588010, 4314.588010, -0.000319, 0.000000, 0.000319, 4314.588010, 0.000000, 3922.555595, 0.000319, 0.500002, -0.000319, 0.028764, 0.028766, -0.009359, 0.012742, 0.000000, 0.000319, 0.500002, 0.500000, 0.000319, 0.500002
0.92, 3922.485234, 400.000000, 15000.000000, 400.000000, 0.000168, -0.024436, -3922.660000, 3922.635564, 0.000168, 0.000168, 0.000168, 0.000150, 3922.635564, 3922.485234, 0.150331, 0.000150, 0.000150, 0.000150, -0.024436, -0.024436, 0.000168, 0.150331, 0.000150, 1000.000000, -3922.660000, 0.000168, 400.000000, 0.000168, 3922.635564, 3922.635564, 3922.635564, 3922.635564, 0.000150, 0.000319, 0.000168, 3922.635564, 0.000207, 0.999934, 0.000150, 0.261499, 0.261511, -0.024436, 0.067292, 0.000000, 0.000168, 0.999934, 1.000000, 0.000168, 0.999934, 0.000000, 0.000000, 10.000000, 4314.588010, 0.000000, 0.000000, 4314.588010, 0.000000, 0.000000, 0.000000, 0.000000, 0.100000, 1.000000, 4314.180610, 0.000000, 0.000000, 0.000000, 0.000000, 4314.180610, 40.000000, 400.000000, 150000.000000, 40.000000, 0.000207, -0.640985, 3922.555595, -392.266000, 4314.180610, 0.000207, 0.000207, 0.000207, 0.000207, -0.000207, 4314.180610, 4314.180610, -0.000000, -0.000207, -0.000207, -0.000207, 3922.555595, 3922.555595, 0.000207, -0.000000, -0.000207, 0.000000, -392.266000, 0.000207, 40.000000, 0.000207, 4314.180610, 4314.180610, 4314.180610, 4314.180610, -0.000207, 0.000000, 0.000207, 4314.180610, 0.000000, 3922.635564, 0.000207, 0.500005, -0.000207, 0.028761, 0.028766, -0.640985, 0.008265, 0.000000, 0.000207, 0.500005, 0.500000, 0.000207, 0.500005
0.93, 3922.491515, 400.000000, 15000.000000, 400.000000, 0.000165, -0.126849, -3922.660000, 3922.533151, 0.000165, 0.000165, 0.000165, 0.000042, 3922.533151, 3922.491515, 0.041635, 0.000042, 0.000042, 0.000042, -0.126849, -0.126849, 0.000165, 0.041635, 0.000042, 1000.000000, -3922.660000, 0.000165, 400.000000, 0.000165, 3922.533151, 3922.533151, 3922.533151, 3922.533151, 0.000042, 0.000207, 0.000165, 3922.533151, 0.000000, 0.999935, 0.000042, 0.261499, 0.261511, -0.126849, 0.065995, 0.000000, 0.000165, 0.999935, 1.000000, 0.000165, 0.999935, 0.000000, 0.000000, 10.000000, 4314.180610, 0.000000, 0.000000, 4314.180610, 0.000000, 0.000000, 0.000000, 0.000000, 0.100000, 1.000000, 4314.020224, 0.000000, 0.000000, 0.000000, 0.000000, 4314.020224, 40.000000, 400.000000, 150000.000000, 40.000000, 0.000000, -0.881341, 3922.635564, -392.266000, 4314.020224, 0.000000, 0.000000, 0.000000, 0.000000, -0.000000, 4314.020224, 4314.020224, -0.000000, -0.000000, -0.000000, -0.000000, 3922.635564, 3922.635564, 0.000000, -0.000000, -0.000000, 0.000000, -392.266000, 0.000000, 40.000000, 0.000000, 4314.020224, 4314.020224, 4314.020224, 4314.020224, -0.000000, 0.000000, 0.000000, 4314.020224, 0.000000, 3922.533151, 0.000000, 0.500006, -0.000000, 0.028760, 0.028766, -0.881341, 0.000007, 0.000000, 0.000000, 0.500006, 0.500000, 0.000000, 0.500006
0.94, 3922.467930, 400.000000, 15000.000000, 400.000000, 0.000157, -0.348457, -3922.660000, 3922.311543, 0.000157, 0.000157, 0.000157, -0.000156, 3922.311543, 3922.467930, -0.156387, -0.000156, -0.000156, -0.000156, -0.348457, -0.348457, 0.000157, -0.156387, -0.000156, 1000.000000, -3922.660000, 0.000157, 400.000000, 0.000157, 3922.311543, 3922.311543, 3922.311543, 3922.311543, -0.000156, 0.000000, 0.000157, 3922.311543, -0.000183, 0.999937, -0.000156, 0.261498, 0.261511, -0.348457, 0.062622, 0.000000, 0.000157, 0.999937, 1.000000, 0.000157, 0.999937, 0.000000, 0.000000, 10.000000, 4314.020224, 0.000000, 0.000000, 4314.020224, 0.000000, 0.000000, 0.000000, 0.000000, 0.100000, 1.000000, 4314.162131, 0.000000, 0.000000, 0.000000, 0.000000, 4314.162131, 40.000000, 400.000000, 150000.000000, 40.000000, -0.000183, -0.637020, 3922.533151, -392.266000, 4314.162131, -0.000183, -0.000183, -0.000183, -0.000183, 0.000183, 4314.162131, 4314.162131, 0.000000, 0.000183, 0.000183, 0.000183, 3922.533151, 3922.533151, -0.000183, 0.000000, 0.000183, 0.000000, -392.266000, -0.000183, 40.000000, -0.000183, 4314.162131, 4314.162131, 4314.162131, 4314.162131, 0.000183, 0.000000, -0.000183, 4314.162131, 0.000000, 3922.311543, -0.000183, 0.500005, 0.000183, 0.028761, 0.028766, -0.637020, -0.007320, 0.000000, -0.000183, 0.500005, 0.500000, -0.000183, 0.500005
0.95, 3922.418462, 400.000000, 15000.000000, 400.000000, 0.000143, -0.567428, -3922.660000, 3922.092572, 0.000143, 0.000143, 0.000143, -0.000326, 3922.092572, 3922.418462, -0.325891, -0.000326, -0.000326, -0.000326, -0.567428, -0.567428, 0.000143, -0.325891, -0.000326, 1000.000000, -3922.660000, 0.000143, 400.000000, 0.000143, 3922.092572, 3922.092572, 3922.092572, 3922.092572, -0.000326, -0.000183, 0.000143, 3922.092572, -0.000248, 0.999938, -0.000326, 0.261495, 0.261511, -0.567428, 0.057156, 0.000000, 0.000143, 0.999938, 1.000000, 0.000143, 0.999938, 0.000000, 0.000000, 10.000000, 4314.162131, 0.000000, 0.000000, 4314.162131, 0.000000, 0.000000, 0.000000, 0.000000, 0.100000, 1.000000, 4314.496579, 0.000000, 0.000000, 0.000000, 0.000000, 4314.496579, 40.000000, 400.000000, 150000.000000, 40.000000, -0.000248, -0.080964, 3922.311543, -392.266000, 4314.496579, -0.000248, -0.000248, -0.000248, -0.000248, 0.000248, 4314.496579, 4314.496579, 0.000000, 0.000248, 0.000248, 0.000248, 3922.311543, 3922.311543, -0.000248, 0.000000, 0.000248, 0.000000, -392.266000, -0.000248, 40.000000, -0.000248, 4314.496579, 4314.496579, 4314.496579, 4314.496579, 0.000248, 0.000000, -0.000248, 4314.496579, 0.000000, 3922.092572, -0.000248, 0.500003, 0.000248, 0.028763, 0.028766, -0.080964, -0.009919, 0.000000, -0.000248, 0.500003, 0.500000, -0.000248, 0.500003
0.96, 3922.361201, 400.000000, 15000.000000, 400.000000, 0.000127, -0.673374, -3922.660000, 3921.986626, 0.000127, 0.000127, 0.000127, -0.000375, 3921.986626, 3922.361201, -0.374575, -0.000375, -0.000375, -0.000375, -0.673374, -0.673374, 0.000127, -0.374575, -0.000375, 1000.000000, -3922.660000, 0.000127, 400.000000, 0.000127, 3921.986626, 3921.986626, 3921.986626, 3921.986626, -0.000375, -0.000248, 0.000127, 3921.986626, -0.000171, 0.999940, -0.000375, 0.261491, 0.261511, -0.673374, 0.050636, 0.000000, 0.000127, 0.999940, 1.000000, 0.000127, 0.999940, 0.000000, 0.000000, 10.000000, 4314.496579, 0.000000, 0.000000, 4314.496579, 0.000000, 0.000000, 0.000000, 0.000000, 0.100000, 1.000000, 4314.821946, 0.000000, 0.000000, 0.000000, 0.000000, 4314.821946, 40.000000, 400.000000, 150000.000000, 40.000000, -0.000171, 0.463375, 3922.092572, -392.266000, 4314.821946, -0.000171, -0.000171, -0.000171, -0.000171, 0.000171, 4314.821946, 4314.821946, 0.000000, 0.000171, 0.000171, 0.000171, 3922.092572, 3922.092572, -0.000171, 0.000000, 0.000171, 0.000000, -392.266000, -0.000171, 40.000000, -0.000171, 4314.821946, 4314.821946, 4314.821946, 4314.821946, 0.000171, 0.000000, -0.000171, 4314.821946, 0.000000, 3921.986626, -0.000171, 0.500001, 0.000171, 0.028765, 0.028766, 0.463375, -0.006851, 0.000000, -0.000171, 0.500001, 0.500000, -0.000171, 0.500001
0.97, 3922.317470, 400.000000, 15000.000000, 400.000000, 0.000111, -0.625091, -3922.660000, 3922.034909, 0.000111, 0.000111, 0.000111, -0.000283, 3922.034909, 3922.317470, -0.282561, -0.000283, -0.000283, -0.000283, -0.625091, -0.625091, 0.000111, -0.282561, -0.000283, 1000.000000, -3922.660000, 0.000111, 400.000000, 0.000111, 3922.034909, 3922.034909, 3922.034909, 3922.034909, -0.000283, -0.000171, 0.000111, 3922.034909, -0.000007, 0.999941, -0.000283, 0.261488, 0.261511, -0.625091, 0.044511, 0.000000, 0.000111, 0.999941, 1.000000, 0.000111, 0.999941, 0.000000, 0.000000, 10.000000, 4314.821946, 0.000000, 0.000000, 4314.821946, 0.000000, 0.000000, 0.000000, 0.000000, 0.100000, 1.000000, 4314.960281, 0.000000, 0.000000, 0.000000, 0.000000, 4314.960281, 40.000000, 400.000000, 150000.000000, 40.000000, -0.000007, 0.707654, 3921.986626, -392.266000, 4314.960281, -0.000007, -0.000007, -0.000007, -0.000007, 0.000007, 4314.960281, 4314.960281, 0.000000, 0.000007, 0.000007, 0.000007, 3921.986626, 3921.986626, -0.000007, 0.000000, 0.000007, 0.000000, -392.266000, -0.000007, 40.000000, -0.000007, 4314.960281, 4314.960281, 4314.960281, 4314.960281, 0.000007, 0.000000, -0.000007, 4314.960281, 0.000000, 3922.034909, -0.000007, 0.500000, 0.000007, 0.028766, 0.028766, 0.707654, -0.000277, 0.000000, -0.000007, 0.500000, 0.500000, -0.000007, 0.500000
0.98, 3922.300208, 400.000000, 15000.000000, 400.000000, 0.000100, -0.466326, -3922.660000, 3922.193674, 0.000100, 0.000100, 0.000100, -0.000107, 3922.193674, 3922.300208, -0.106534, -0.000107, -0.000107, -0.000107, -0.466326, -0.466326, 0.000100, -0.106534, -0.000107, 1000.000000, -3922.660000, 0.000100, 400.000000, 0.000100, 3922.193674, 3922.193674, 3922.193674, 3922.193674, -0.000107, -0.000007, 0.000100, 3922.193674, 0.000149, 0.999942, -0.000107, 0.261487, 0.261511, -0.466326, 0.039845, 0.000000, 0.000100, 0.999942, 1.000000, 0.000100, 0.999942, 0.000000, 0.000000, 10.000000, 4314.960281, 0.000000, 0.000000, 4314.960281, 0.000000, 0.000000, 0.000000, 0.000000, 0.100000, 1.000000, 4314.849925, 0.000000, 0.000000, 0.000000, 0.000000, 4314.849925, 40.000000, 400.000000, 150000.000000, 40.000000, 0.000149, 0.549016, 3922.034909, -392.266000, 4314.849925, 0.000149, 0.000149, 0.000149, 0.000149, -0.000149, 4314.849925, 4314.849925, -0.000000, -0.000149, -0.000149, -0.000149, 3922.034909, 3922.034909, 0.000149, -0.000000, -0.000149, 0.000000, -392.266000, 0.000149, 40.000000, 0.000149, 4314.849925, 4314.849925, 4314.849925, 4314.849925, -0.000149, 0.000000, 0.000149, 4314.849925, 0.000000, 3922.193674, 0.000149, 0.500001, -0.000149, 0.028766, 0.028766, 0.549016, 0.005969, 0.000000, 0.000149, 0.500001, 0.500000, 0.000149, 0.500001
0.99, 3922.307843, 400.000000, 15000.000000, 400.000000, 0.000092, -0.294903, -3922.660000, 3922.365097, 0.000092, 0.000092, 0.000092, 0.000057, 3922.365097, 3922.307843, 0.057254, 0.000057, 0.000057, 0.000057, -0.294903, -0.294903, 0.000092, 0.057254, 0.000057, 1000.000000, -3922.660000, 0.000092, 400.000000, 0.000092, 3922.365097, 3922.365097, 3922.365097, 3922.365097, 0.000057, 0.000149, 0.000092, 3922.365097, 0.000214, 0.999943, 0.000057, 0.261487, 0.261511, -0.294903, 0.036791, 0.000000, 0.000092, 0.999943, 1.000000, 0.000092, 0.999943, 0.000000, 0.000000, 10.000000, 4314.849925, 0.000000, 0.000000, 4314.849925, 0.000000, 0.000000, 0.000000, 0.000000, 0.100000, 1.000000, 4314.567961, 0.000000, 0.000000, 0.000000, 0.000000, 4314.567961, 40.000000, 400.000000, 150000.000000, 40.000000, 0.000214, 0.108286, 3922.193674, -392.266000, 4314.567961, 0.000214, 0.000214, 0.000214, 0.000214, -0.000214, 4314.567961, 4314.567961, -0.000000, -0.000214, -0.000214, -0.000214, 3922.193674, 3922.193674, 0.000214, -0.000000, -0.000214, 0.000000, -392.266000, 0.000214, 40.000000, 0.000214, 4314.567961, 4314.567961, 4314.567961, 4314.567961, -0.000214, 0.000000, 0.000214, 4314.567961, 0.000000, 3922.365097, 0.000214, 0.500002, -0.000214, 0.028764, 0.028766, 0.108286, 0.008569, 0.000000, 0.000214, 0.500002, 0.500000, 0.000214, 0.500002
1, 3922.326439, 400.000000, 15000.000000, 400.000000, 0.000087, -0.205829, -3922.660000, 3922.454171, 0.000087, 0.000087, 0.000087, 0.000128, 3922.454171, 3922.326439, 0.127732, 0.000128, 0.000128, 0.000128, -0.205829, -0.205829, 0.000087, 0.127732, 0.000128, 1000.000000, -3922.660000, 0.000087, 400.000000, 0.000087, 3922.454171, 3922.454171, 3922.454171, 3922.454171, 0.000128, 0.000214, 0.000087, 3922.454171, 0.000161, 0.999944, 0.000128, 0.261488, 0.261511, -0.205829, 0.034601, 0.000000, 0.000087, 0.999944, 1.000000, 0.000087, 0.999944, 0.100000, 6.217388, 10.000000, 4314.567961, 6.217388, 6.217388, 4314.567961, 0.100000, 0.100000, 0.100000, 0.100000, 0.100000, 1.000000, 4314.276786, 6.217388, 0.100000, -0.065797, 0.000000, 4314.276786, 40.000000, 400.000000, 150000.000000, 40.000000, 0.000161, -0.354311, 3922.365097, -392.266000, 4314.276786, 0.000161, 0.000161, 0.000161, 0.000161, -0.000161, 4314.276786, 4314.276786, -0.000000, -0.000161, -0.000161, -0.000161, 3922.365097, 3922.365097, 0.000161, -0.000000, -0.000161, 0.000000, -392.266000, 0.000161, 40.000000, 0.000161, 4314.276786, 4314.276786, 4314.276786, 4314.276786, -0.000161, 0.000000, 0.000161, 4314.276786, 6.217388, 3922.454171, 0.000161, 0.500004, -0.000161, 0.028762, 0.028766, -0.354311, 0.006443, 0.000000, 0.000161, 0.500004, 0.500000, 0.000161, 0.500004
1.01, 3922.338229, 400.000000, 15000.000000, 400.000000, 0.000080, -0.240973, -3922.660000, 3922.419027, 0.000080, 0.000080, 0.000080, 0.000081, 3922.419027, 3922.338229, 0.080798, 0.000081, 0.000081, 0.000081, -0.240973, -0.240973, 0.000080, 0.080798, 0.000081, 1000.000000, -3922.660000, 0.000080, 400.000000, 0.000080, 3922.419027, 3922.419027, 3922.419027, 3922.419027, 0.000081, 0.000161, 0.000080, 3922.419027, 1.093336, 0.999945, 0.000081, 0.261489, 0.261511, -0.240973, 0.032110, 0.000000, 0.000080, 0.999945, 1.000000, 0.000080, 0.999945, 0.100000, 3.316903, 10.000000, 4314.276786, 3.316903, 3.316903, 4314.276786, 0.100000, 0.100000, 0.100000, 0.100000, 0.100000, 1.000000, 12940.971221, 3.316903, 0.100000, -2.966283, 0.000000, 12940.971221, 40.000000, 400.000000, 150000.000000, 40.000000, 1.093336, 8626.251050, 3922.454171, -392.266000, 12940.971221, 1.093336, 1.093336, 1.093336, 1.093336, 5.124052, 12940.971221, 12940.971221, 0.000000, 5.124052, 5.124052, 5.124052, 3922.454171, 3922.454171, 1.093336, 0.000000, 5.124052, 0.000000, -392.266000, 1.093336, 40.000000, 1.093336, 12940.971221, 12940.971221, 12940.971221, 12940.971221, 5.124052, 6.217388, 1.093336, 12940.971221, 3.316903, 3922.419027, 1.093336, 0.503631, 5.124052, 0.086273, 0.028766, 8626.251050, 43.733452, 0.000000, 1.093336, 0.503631, 0.500000, 1.093336, 0.503631
1.02, 4081.532727, 400.000000, 15000.000000, 400.000000, 0.028569, 1223.639575, -3922.660000, 5146.299575, 0.028569, 0.028569, 0.028569, 1.064767, 5146.299575, 4081.532727, 1064.766848, 1.064767, 1.064767, 1.064767, 1223.639575, 1223.639575, 0.028569, 1064.766848, 1.064767, 1000.000000, -3922.660000, 0.028569, 400.000000, 0.028569, 5146.299575, 5146.299575, 5146.299575, 5146.299575, 1.064767, 1.093336, 0.028569, 5146.299575, 3.538694, 1.000083, 1.064767, 0.272102, 0.261511, 1223.639575, 11.427786, 0.000000, 0.028569, 1.000083, 1.000000, 0.028569, 1.000083, 0.100000, 1.769528, 10.000000, 12940.971221, 1.769528, 1.769528, 12940.971221, 0.100000, 0.100000, 0.100000, 0.100000, 0.100000, 1.000000, 14563.560360, 1.769528, 0.100000, -4.513657, 0.000000, 14563.560360, 40.000000, 400.000000, 150000.000000, 40.000000, 3.538694, 10248.875333, 3922.419027, -392.266000, 14563.560360, 3.538694, 3.538694, 3.538694, 3.538694, -0.221791, 14563.560360, 14563.560360, -0.000000, -0.221791, -0.221791, -0.221791, 3922.419027, 3922.419027, 3.538694, -0.000000, -0.221791, 0.000000, -392.266000, 3.538694, 40.000000, 3.538694, 14563.560360, 14563.560360, 14563.560360, 14563.560360, -0.221791, 3.316903, 3.538694, 14563.560360, 1.769528, 5146.299575, 3.538694, 0.526466, -0.221791, 0.097090, 0.028766, 10248.875333, 141.547754, 0.000000, 3.538694, 0.526466, 0.500000, 3.538694, 0.526466
1.03, 4594.952966, 400.000000, 15000.000000, 400.000000, 0.124483, 4086.503875, -3922.660000, 8009.163875, 0.124483, 0.124483, 0.124483, 3.414211, 8009.163875, 4594.952966, 3414.210908, 3.414211, 3.414211, 3.414211, 4086.503875, 4086.503875, 0.124483, 3414.210908, 3.414211, 1000.000000, -3922.660000, 0.124483, 400.000000, 0.124483, 8009.163875, 8009.163875, 8009.163875, 8009.163875, 3.414211, 3.538694, 0.124483, 8009.163875, 5.348317, 1.000834, 3.414211, 0.306330, 0.261511, 4086.503875, 49.793181, 0.000000, 0.124483, 1.000834, 1.000000, 0.124483, 1.000834, 0.100000, 0.944022, 10.000000, 14563.560360, 0.944022, 0.944022, 14563.560360, 0.100000, 0.100000, 0.100000, 0.100000, 0.100000, 1.000000, 10457.102705, 0.944022, 0.100000, -5.339163, 0.000000, 10457.102705, 40.000000, 400.000000, 150000.000000, 40.000000, 5.348317, 4918.537130, 5146.299575, -392.266000, 10457.102705, 5.348317, 5.348317, 5.348317, 5.348317, -3.578789, 10457.102705, 10457.102705, -0.000000, -3.578789, -3.578789, -3.578789, 5146.299575, 5146.299575, 5.348317, -0.000000, -3.578789, 0.000000, -392.266000, 5.348317, 40.000000, 5.348317, 10457.102705, 10457.102705, 10457.102705, 10457.102705, -3.578789, 1.769528, 5.348317, 10457.102705, 0.944022, 8009.163875, 5.348317, 0.571795, -3.578789, 0.069714, 0.028766, 4918.537130, 213.932675, 0.000000, 5.348317, 0.571795, 0.500000, 5.348317, 0.571795
1.04, 5362.677175, 400.000000, 15000.000000, 400.000000, 0.278833, 6509.501259, -3922.660000, 10432.161259, 0.278833, 0.278833, 0.278833, 5.069484, 10432.161259, 5362.677175, 5069.484084, 5.069484, 5.069484, 5.069484, 6509.501259, 6509.501259, 0.278833, 5069.484084, 5.069484, 1000.000000, -3922.660000, 0.278833, 400.000000, 0.278833, 10432.161259, 10432.161259, 10432.161259, 10432.161259, 5.069484, 5.348317, 0.278833, 10432.161259, 5.044997, 1.002834, 5.069484, 0.357512, 0.261511, 6509.501259, 111.533115, 0.000000, 0.278833, 1.002834, 1.000000, 0.278833, 1.002834, 0.100000, 0.503625, 10.000000, 10457.102705, 0.503625, 0.503625, 10457.102705, 0.100000, 0.100000, 0.100000, 0.100000, 0.100000, 1.000000, 3882.440641, 0.503625, 0.100000, -5.779561, 0.000000, 3882.440641, 40.000000, 400.000000, 150000.000000, 40.000000, 5.044997, -4518.989234, 8009.163875, -392.266000, 3882.440641, 5.044997, 5.044997, 5.044997, 5.044997, -4.100975, 3882.440641, 3882.440641, -0.000000, -4.100975, -4.100975, -4.100975, 8009.163875, 8009.163875, 5.044997, -0.000000, -4.100975, 0.000000, -392.266000, 5.044997, 40.000000, 5.044997, 3882.440641, 3882.440641, 3882.440641, 3882.440641, -4.100975, 0.944022, 5.044997, 3882.440641, 0.503625, 10432.161259, 5.044997, 0.625204, -4.100975, 0.025883, 0.028766, -4518.989234, 201.799876, 0.000000, 5.044997, 0.625204, 0.500000, 5.044997, 0.625204
1.05, 6066.359383, 400.000000, 15000.000000, 400.000000, 0.440970, 6747.726553, -3922.660000, 10670.386553, 0.440970, 0.440970, 0.440970, 4.604027, 10670.386553, 6066.359383, 4604.027170, 4.604027, 4.604027, 4.604027, 6747.726553, 6747.726553, 0.440970, 4604.027170, 4.604027, 1000.000000, -3922.660000, 0.440970, 400.000000, 0.440970, 10670.386553, 10670.386553, 10670.386553, 10670.386553, 4.604027, 5.044997, 0.440970, 10670.386553, 2.601570, 1.006423, 4.604027, 0.404424, 0.261511, 6747.726553, 176.387890, 0.000000, 0.440970, 1.006423, 1.000000, 0.440970, 1.006423, 0.100000, 0.268678, 10.000000, 3882.440641, 0.268678, 0.268678, 3882.440641, 0.100000, 0.100000, 0.100000, 0.100000, 0.100000, 1.000000, -1255.528745, 0.268678, 0.100000, -6.014507, 0.000000, -1255.528745, 40.000000, 400.000000, 150000.000000, 40.000000, 2.601570, -12079.956004, 10432.161259, -392.266000, -1255.528745, 2.601570, 2.601570, 2.601570, 2.601570, -2.097946, -1255.528745, -1255.528745, -0.000000, -2.097946, -2.097946, -2.097946, 10432.161259, 10432.161259, 2.601570, -0.000000, -2.097946, 0.000000, -392.266000, 2.601570, 40.000000, 2.601570, -1255.528745, -1255.528745, -1255.528745, -1255.528745, -2.097946, 0.503625, 2.601570, -1255.528745, 0.268678, 10670.386553, 2.601570, 0.664567, -2.097946, -0.008370, 0.028766, -12079.956004, 104.062811, 0.000000, 2.601570, 0.664567, 0.500000, 2.601570, 0.664567
1.06, 6388.193461, 400.000000, 15000.000000, 400.000000, 0.552335, 4514.768742, -3922.660000, 8437.428742, 0.552335, 0.552335, 0.552335, 2.049235, 8437.428742, 6388.193461, 2049.235281, 2.049235, 2.049235, 2.049235, 4514.768742, 4514.768742, 0.552335, 2049.235281, 2.049235, 1000.000000, -3922.660000, 0.552335, 400.000000, 0.552335, 8437.428742, 8437.428742, 8437.428742, 8437.428742, 2.049235, 2.601570, 0.552335, 8437.428742, -0.710807, 1.011390, 2.049235, 0.425880, 0.261511, 4514.768742, 220.933997, 0.000000, 0.552335, 1.011390, 1.000000, 0.552335, 1.011390, 0.100000, 0.143336, 10.000000, -1255.528745, 0.143336, 0.143336, -1255.528745, 0.100000, 0.100000, 0.100000, 0.100000, 0.100000, 1.000000, -2298.436050, 0.143336, 0.100000, -6.139849, 0.000000, -2298.436050, 40.000000, 400.000000, 150000.000000, 40.000000, -0.710807, -13361.088602, 10670.386553, -392.266000, -2298.436050, -0.710807, -0.710807, -0.710807, -0.710807, 0.979485, -2298.436050, -2298.436050, 0.000000, 0.979485, 0.979485, 0.979485, 10670.386553, 10670.386553, -0.710807, 0.000000, 0.979485, 0.000000, -392.266000, -0.710807, 40.000000, -0.710807, -2298.436050, -2298.436050, -2298.436050, -2298.436050, 0.979485, 0.268678, -0.710807, -2298.436050, 0.143336, 8437.428742, -0.710807, 0.674246, 0.979485, -0.015323, 0.028766, -13361.088602, -28.432283, 0.000000, -0.710807, 0.674246, 0.500000, -0.710807, 0.674246
1.07, 6204.665916, 400.000000, 15000.000000, 400.000000, 0.581203, 989.995424, -3922.660000, 4912.655424, 0.581203, 0.581203, 0.581203, -1.292010, 4912.655424, 6204.665916, -1292.010492, -1.292010, -1.292010, -1.292010, 989.995424, 989.995424, 0.581203, -1292.010492, -1.292010, 1000.000000, -3922.660000, 0.581203, 400.000000, 0.581203, 4912.655424, 4912.655424, 4912.655424, 4912.655424, -1.292010, -0.710807, 0.581203, 4912.655424, -3.173863, 1.017069, -1.292010, 0.413644, 0.261511, 989.995424, 232.481365, 0.000000, 0.581203, 1.017069, 1.000000, 0.581203, 1.017069, 0.100000, 0.076468, 10.000000, -2298.436050, 0.076468, 0.076468, -2298.436050, 0.100000, 0.100000, 0.100000, 0.100000, 0.100000, 1.000000, 941.984762, 0.076468, 0.100000, -6.206717, 0.000000, 941.984762, 40.000000, 400.000000, 150000.000000, 40.000000, -3.173863, -7887.709980, 8437.428742, -392.266000, 941.984762, -3.173863, -3.173863, -3.173863, -3.173863, 3.317199, 941.984762, 941.984762, 0.000000, 3.317199, 3.317199, 3.317199, 8437.428742, 8437.428742, -3.173863, 0.000000, 3.317199, 0.000000, -392.266000, -3.173863, 40.000000, -3.173863, 941.984762, 941.984762, 941.984762, 941.984762, 3.317199, 0.143336, -3.173863, 941.984762, 0.076468, 4912.655424, -3.173863, 0.654097, 3.317199, 0.006280, 0.028766, -7887.709980, -126.954501, 0.000000, -3.173863, 0.654097, 0.500000, -3.173863, 0.654097
1.08, 5650.488321, 400.000000, 15000.000000, 400.000000, 0.539027, -1985.061089, -3922.660000, 1937.598911, 0.539027, 0.539027, 0.539027, -3.712889, 1937.598911, 5650.488321, -3712.889410, -3.712889, -3.712889, -3.712889, -1985.061089, -1985.061089, 0.539027, -3712.889410, -3.712889, 1000.000000, -3922.660000, 0.539027, 400.000000, 0.539027, 1937.598911, 1937.598911, 1937.598911, 1937.598911, -3.712889, -3.173863, 0.539027, 1937.598911, -3.618690, 1.022686, -3.712889, 0.376699, 0.261511, -1985.061089, 215.610750, 0.000000, 0.539027, 1.022686, 1.000000, 0.539027, 1.022686, 0.100000, 0.040795, 10.000000, 941.984762, 0.040795, 0.040795, 941.984762, 0.100000, 0.100000, 0.100000, 0.100000, 0.100000, 1.000000, 6333.274415, 0.040795, 0.100000, -6.242390, 0.000000, 6333.274415, 40.000000, 400.000000, 150000.000000, 40.000000, -3.618690, 1028.352991, 4912.655424, -392.266000, 6333.274415, -3.618690, -3.618690, -3.618690, -3.618690, 3.695158, 6333.274415, 6333.274415, 0.000000, 3.695158, 3.695158, 3.695158, 4912.655424, 4912.655424, -3.618690, 0.000000, 3.695158, 0.000000, -392.266000, -3.618690, 40.000000, -3.618690, 6333.274415, 6333.274415, 6333.274415, 6333.274415, 3.695158, 0.076468, -3.618690, 6333.274415, 0.040795, 1937.598911, -3.618690, 0.618931, 3.695158, 0.042222, 0.028766, 1028.352991, -144.747590, 0.000000, -3.618690, 0.618931, 0.500000, -3.618690, 0.618931
1.09, 5032.817577, 400.000000, 15000.000000, 400.000000, 0.471549, -2980.081510, -3922.660000, 942.578490, 0.471549, 0.471549, 0.471549, -4.090239, 942.578490, 5032.817577, -4090.239087, -4.090239, -4.090239, -4.090239, -2980.081510, -2980.081510, 0.471549, -4090.239087, -4.090239, 1000.000000, -3922.660000, 0.471549, 400.000000, 0.471549, 942.578490, 942.578490, 942.578490, 942.578490, -4.090239, -3.618690, 0.471549, 942.578490, -2.024185, 1.027751, -4.090239, 0.335521, 0.261511, -2980.081510, 188.619731, 0.000000, 0.471549, 1.027751, 1.000000, 0.471549, 1.027751, 0.100000, 0.021764, 10.000000, 6333.274415, 0.021764, 0.021764, 6333.274415, 0.100000, 0.100000, 0.100000, 0.100000, 0.100000, 1.000000, 10776.509687, 0.021764, 0.100000, -6.261422, 0.000000, 10776.509687, 40.000000, 400.000000, 150000.000000, 40.000000, -2.024185, 8446.644776, 1937.598911, -392.266000, 10776.509687, -2.024185, -2.024185, -2.024185, -2.024185, 2.064980, 10776.509687, 10776.509687, 0.000000, 2.064980, 2.064980, 2.064980, 1937.598911, 1937.598911, -2.024185, 0.000000, 2.064980, 0.000000, -392.266000, -2.024185, 40.000000, -2.024185, 10776.509687, 10776.509687, 10776.509687, 10776.509687, 2.064980, 0.040795, -2.024185, 10776.509687, 0.021764, 942.578490, -2.024185, 0.589723, 2.064980, 0.071843, 0.028766, 8446.644776, -80.967420, 0.000000, -2.024185, 0.589723, 0.500000, -2.024185, 0.589723
1.1, 4657.384978, 400.000000, 15000.000000, 400.000000, 0.431976, -1721.436786, -3922.660000, 2201.223214, 0.431976, 0.431976, 0.431976, -2.456162, 2201.223214, 4657.384978, -2456.161764, -2.456162, -2.456162, -2.456162, -1721.436786, -1721.436786, 0.431976, -2456.161764, -2.456162, 1000.000000, -3922.660000, 0.431976, 400.000000, 0.431976, 2201.223214, 2201.223214, 2201.223214, 2201.223214, -2.456162, -2.024185, 0.431976, 2201.223214, 0.559941, 1.032273, -2.456162, 0.310492, 0.261511, -1721.436786, 172.790508, 0.000000, 0.431976, 1.032273, 1.000000, 0.431976, 1.032273, 0.100000, 0.011611, 10.000000, 10776.509687, 0.011611, 0.011611, 10776.509687, 0.100000, 0.100000, 0.100000, 0.100000, 0.100000, 1.000000, 11947.739816, 0.011611, 0.100000, -6.271575, 0.000000, 11947.739816, 40.000000, 400.000000, 150000.000000, 40.000000, 0.559941, 10612.895326, 942.578490, -392.266000, 11947.739816, 0.559941, 0.559941, 0.559941, 0.559941, -0.538178, 11947.739816, 11947.739816, -0.000000, -0.538178, -0.538178, -0.538178, 942.578490, 942.578490, 0.559941, -0.000000, -0.538178, 0.000000, -392.266000, 0.559941, 40.000000, 0.559941, 11947.739816, 11947.739816, 11947.739816, 11947.739816, -0.538178, 0.021764, 0.559941, 11947.739816, 0.011611, 2201.223214, 0.559941, 0.582136, -0.538178, 0.079652, 0.028766, 10612.895326, 22.397656, 0.000000, 0.559941, 0.582136, 0.500000, 0.559941, 0.582136
1.11, 4668.675277, 400.000000, 15000.000000, 400.000000, 0.452293, 853.663505, -3922.660000, 4776.323505, 0.452293, 0.452293, 0.452293, 0.107648, 4776.323505, 4668.675277, 107.648227, 0.107648, 0.107648, 0.107648, 853.663505, 853.663505, 0.452293, 107.648227, 0.107648, 1000.000000, -3922.660000, 0.452293, 400.000000, 0.452293, 4776.323505, 4776.323505, 4776.323505, 4776.323505, 0.107648, 0.559941, 0.452293, 4776.323505, 2.659772, 1.036689, 0.107648, 0.311245, 0.261511, 853.663505, 180.917269, 0.000000, 0.452293, 1.036689, 1.000000, 0.452293, 1.036689, 0.100000, 0.006194, 10.000000, 11947.739816, 0.006194, 0.006194, 11947.739816, 0.100000, 0.100000, 0.100000, 0.100000, 0.100000, 1.000000, 9468.726231, 0.006194, 0.100000, -6.276991, 0.000000, 9468.726231, 40.000000, 400.000000, 150000.000000, 40.000000, 2.659772, 6875.237017, 2201.223214, -392.266000, 9468.726231, 2.659772, 2.659772, 2.659772, 2.659772, -2.648161, 9468.726231, 9468.726231, -0.000000, -2.648161, -2.648161, -2.648161, 2201.223214, 2201.223214, 2.659772, -0.000000, -2.648161, 0.000000, -392.266000, 2.659772, 40.000000, 2.659772, 9468.726231, 9468.726231, 9468.726231, 9468.726231, -2.648161, 0.011611, 2.659772, 9468.726231, 0.006194, 4776.323505, 2.659772, 0.598781, -2.648161, 0.063125, 0.028766, 6875.237017, 106.390872, 0.000000, 2.659772, 0.598781, 0.500000, 2.659772, 0.598781
1.12, 4988.990932, 400.000000, 15000.000000, 400.000000, 0.528292, 3197.810878, -3922.660000, 7120.470878, 0.528292, 0.528292, 0.528292, 2.131480, 7120.470878, 4988.990932, 2131.479946, 2.131480, 2.131480, 2.131480, 3197.810878, 3197.810878, 0.528292, 2131.479946, 2.131480, 1000.000000, -3922.660000, 0.528292, 400.000000, 0.528292, 7120.470878, 7120.470878, 7120.470878, 7120.470878, 2.131480, 2.659772, 0.528292, 7120.470878, 3.195486, 1.041582, 2.131480, 0.332599, 0.261511, 3197.810878, 211.316739, 0.000000, 0.528292, 1.041582, 1.000000, 0.528292, 1.041582, 0.100000, 0.003304, 10.000000, 9468.726231, 0.003304, 0.003304, 9468.726231, 0.100000, 0.100000, 0.100000, 0.100000, 0.100000, 1.000000, 4936.121843, 0.003304, 0.100000, -6.279881, 0.000000, 4936.121843, 40.000000, 400.000000, 150000.000000, 40.000000, 3.195486, -232.467662, 4776.323505, -392.266000, 4936.121843, 3.195486, 3.195486, 3.195486, 3.195486, -3.189292, 4936.121843, 4936.121843, -0.000000, -3.189292, -3.189292, -3.189292, 4776.323505, 4776.323505, 3.195486, -0.000000, -3.189292, 0.000000, -392.266000, 3.195486, 40.000000, 3.195486, 4936.121843, 4936.121843, 4936.121843, 4936.121843, -3.189292, 0.006194, 3.195486, 4936.121843, 0.003304, 7120.470878, 3.195486, 0.629061, -3.189292, 0.032907, 0.028766, -232.467662, 127.819446, 0.000000, 3.195486, 0.629061, 0.500000, 3.195486, 0.629061
1.13, 5380.577657, 400.000000, 15000.000000, 400.000000, 0.625123, 4028.280797, -3922.660000, 7950.940797, 0.625123, 0.625123, 0.625123, 2.570363, 7950.940797, 5380.577657, 2570.363139, 2.570363, 2.570363, 2.570363, 4028.280797, 4028.280797, 0.625123, 2570.363139, 2.570363, 1000.000000, -3922.660000, 0.625123, 400.000000, 0.625123, 7950.940797, 7950.940797, 7950.940797, 7950.940797, 2.570363, 3.195486, 0.625123, 7950.940797, 2.018791, 1.047342, 2.570363, 0.358705, 0.261511, 4028.280797, 250.049200, 0.000000, 0.625123, 1.047342, 1.000000, 0.625123, 1.047342, 0.100000, 0.001763, 10.000000, 4936.121843, 0.001763, 0.001763, 4936.121843, 0.100000, 0.100000, 0.100000, 0.100000, 0.100000, 1.000000, 896.068048, 0.001763, 0.100000, -6.281422, 0.000000, 896.068048, 40.000000, 400.000000, 150000.000000, 40.000000, 2.018791, -6616.668829, 7120.470878, -392.266000, 896.068048, 2.018791, 2.018791, 2.018791, 2.018791, -2.015487, 896.068048, 896.068048, -0.000000, -2.015487, -2.015487, -2.015487, 7120.470878, 7120.470878, 2.018791, -0.000000, -2.015487, 0.000000, -392.266000, 2.018791, 40.000000, 2.018791, 896.068048, 896.068048, 896.068048, 896.068048, -2.015487, 0.003304, 2.018791, 896.068048, 0.001763, 7950.940797, 2.018791, 0.656028, -2.015487, 0.005974, 0.028766, -6616.668829, 80.751655, 0.000000, 2.018791, 0.656028, 0.500000, 2.018791, 0.656028
1.14, 5587.060987, 400.000000, 15000.000000, 400.000000, 0.698625, 2984.566907, -3922.660000, 6907.226907, 0.698625, 0.698625, 0.698625, 1.320166, 6907.226907, 5587.060987, 1320.165921, 1.320166, 1.320166, 1.320166, 2984.566907, 2984.566907, 0.698625, 1320.165921, 1.320166, 1000.000000, -3922.660000, 0.698625, 400.000000, 0.698625, 6907.226907, 6907.226907, 6907.226907, 6907.226907, 1.320166, 2.018791, 0.698625, 6907.226907, -0.092474, 1.053960, 1.320166, 0.372471, 0.261511, 2984.566907, 279.450184, 0.000000, 0.698625, 1.053960, 1.000000, 0.698625, 1.053960, 0.100000, 0.000940, 10.000000, 896.068048, 0.000940, 0.000940, 896.068048, 0.100000, 0.100000, 0.100000, 0.100000, 0.100000, 1.000000, -595.487932, 0.000940, 0.100000, -6.282245, 0.000000, -595.487932, 40.000000, 400.000000, 150000.000000, 40.000000, -0.092474, -8938.694729, 7950.940797, -392.266000, -595.487932, -0.092474, -0.092474, -0.092474, -0.092474, 0.094237, -595.487932, -595.487932, 0.000000, 0.094237, 0.094237, 0.094237, 7950.940797, 7950.940797, -0.092474, 0.000000, 0.094237, 0.000000, -392.266000, -0.092474, 40.000000, -0.092474, -595.487932, -595.487932, -595.487932, -595.487932, 0.094237, 0.001763, -0.092474, -595.487932, 0.000940, 6907.226907, -0.092474, 0.665990, 0.094237, -0.003970, 0.028766, -8938.694729, -3.698975, 0.000000, -0.092474, 0.665990, 0.500000, -0.092474, 0.665990
1.15, 5471.984445, 400.000000, 15000.000000, 400.000000, 0.719690, 737.160183, -3922.660000, 4659.820183, 0.719690, 0.719690, 0.719690, -0.812164, 4659.820183, 5471.984445, -812.164263, -0.812164, -0.812164, -0.812164, 737.160183, 737.160183, 0.719690, -812.164263, -0.812164, 1000.000000, -3922.660000, 0.719690, 400.000000, 0.719690, 4659.820183, 4659.820183, 4659.820183, 4659.820183, -0.812164, -0.092474, 0.719690, 4659.820183, -1.931732, 1.061059, -0.812164, 0.364799, 0.261511, 737.160183, 287.875956, 0.000000, 0.719690, 1.061059, 1.000000, 0.719690, 1.061059, 0.100000, 0.000502, 10.000000, -595.487932, 0.000502, 0.000502, -595.487932, 0.100000, 0.100000, 0.100000, 0.100000, 0.100000, 1.000000, 976.802529, 0.000502, 0.100000, -6.282684, 0.000000, 976.802529, 40.000000, 400.000000, 150000.000000, 40.000000, -1.931732, -6322.690378, 6907.226907, -392.266000, 976.802529, -1.931732, -1.931732, -1.931732, -1.931732, 1.932672, 976.802529, 976.802529, 0.000000, 1.932672, 1.932672, 1.932672, 6907.226907, 6907.226907, -1.931732, 0.000000, 1.932672, 0.000000, -392.266000, -1.931732, 40.000000, -1.931732, 976.802529, 976.802529, 976.802529, 976.802529, 1.932672, 0.000940, -1.931732, 976.802529, 0.000502, 4659.820183, -1.931732, 0.655517, 1.932672, 0.006512, 0.028766, -6322.690378, -77.269272, 0.000000, -1.931732, 0.655517, 0.500000, -1.931732, 0.655517
1.16, 5081.042988, 400.000000, 15000.000000, 400.000000, 0.688427, -1461.775612, -3922.660000, 2460.884388, 0.688427, 0.688427, 0.688427, -2.620159, 2460.884388, 5081.042988, -2620.158600, -2.620159, -2.620159, -2.620159, -1461.775612, -1461.775612, 0.688427, -2620.158600, -2.620159, 1000.000000, -3922.660000, 0.688427, 400.000000, 0.688427, 2460.884388, 2460.884388, 2460.884388, 2460.884388, -2.620159, -1.931732, 0.688427, 2460.884388, -2.544607, 1.068111, -2.620159, 0.338736, 0.261511, -1461.775612, 275.370716, 0.000000, 0.688427, 1.068111, 1.000000, 0.688427, 1.068111, 0.100000, 0.000268, 10.000000, 976.802529, 0.000268, 0.000268, 976.802529, 0.100000, 0.100000, 0.100000, 0.100000, 0.100000, 1.000000, 4451.098722, 0.000268, 0.100000, -6.282918, 0.000000, 4451.098722, 40.000000, 400.000000, 150000.000000, 40.000000, -2.544607, -600.987461, 4659.820183, -392.266000, 4451.098722, -2.544607, -2.544607, -2.544607, -2.544607, 2.545109, 4451.098722, 4451.098722, 0.000000, 2.545109, 2.545109, 2.545109, 4659.820183, 4659.820183, -2.544607, 0.000000, 2.545109, 0.000000, -392.266000, -2.544607, 40.000000, -2.544607, 4451.098722, 4451.098722, 4451.098722, 4451.098722, 2.545109, 0.000502, -2.544607, 4451.098722, 0.000268, 2460.884388, -2.544607, 0.632360, 2.545109, 0.029674, 0.028766, -600.987461, -101.784286, 0.000000, -2.544607, 0.632360, 0.500000, -2.544607, 0.632360
1.17, 4601.737140, 400.000000, 15000.000000, 400.000000, 0.631512, -2497.042016, -3922.660000, 1425.617984, 0.631512, 0.631512, 0.631512, -3.176119, 1425.617984, 4601.737140, -3176.119156, -3.176119, -3.176119, -3.176119, -2497.042016, -2497.042016, 0.631512, -3176.119156, -3.176119, 1000.000000, -3922.660000, 0.631512, 400.000000, 0.631512, 1425.617984, 1425.617984, 1425.617984, 1425.617984, -3.176119, -2.544607, 0.631512, 1425.617984, -1.714682, 1.074721, -3.176119, 0.306782, 0.261511, -2497.042016, 252.604807, 0.000000, 0.631512, 1.074721, 1.000000, 0.631512, 1.074721, 0.100000, 0.000143, 10.000000, 4451.098722, 0.000143, 0.000143, 4451.098722, 0.100000, 0.100000, 0.100000, 0.100000, 0.100000, 1.000000, 7756.798463, 0.000143, 0.100000, -6.283043, 0.000000, 7756.798463, 40.000000, 400.000000, 150000.000000, 40.000000, -1.714682, 4903.648075, 2460.884388, -392.266000, 7756.798463, -1.714682, -1.714682, -1.714682, -1.714682, 1.714950, 7756.798463, 7756.798463, 0.000000, 1.714950, 1.714950, 1.714950, 2460.884388, 2460.884388, -1.714682, 0.000000, 1.714950, 0.000000, -392.266000, -1.714682, 40.000000, -1.714682, 7756.798463, 7756.798463, 7756.798463, 7756.798463, 1.714950, 0.000268, -1.714682, 7756.798463, 0.000143, 1425.617984, -1.714682, 0.610325, 1.714950, 0.051712, 0.028766, 4903.648075, -68.587296, 0.000000, -1.714682, 0.610325, 0.500000, -1.714682, 0.610325
1.18, 4251.105757, 400.000000, 15000.000000, 400.000000, 0.585627, -1971.863955, -3922.660000, 1950.796045, 0.585627, 0.585627, 0.585627, -2.300310, 1950.796045, 4251.105757, -2300.309712, -2.300310, -2.300310, -2.300310, -1971.863955, -1971.863955, 0.585627, -2300.309712, -2.300310, 1000.000000, -3922.660000, 0.585627, 400.000000, 0.585627, 1950.796045, 1950.796045, 1950.796045, 1950.796045, -2.300310, -1.714682, 0.585627, 1950.796045, -0.012947, 1.080811, -2.300310, 0.283407, 0.261511, -1971.863955, 234.250929, 0.000000, 0.585627, 1.080811, 1.000000, 0.585627, 1.080811, 0.100000, 0.000076, 10.000000, 7756.798463, 0.000076, 0.000076, 7756.798463, 0.100000, 0.100000, 0.100000, 0.100000, 0.100000, 1.000000, 9098.154618, 0.000076, 0.100000, -6.283109, 0.000000, 9098.154618, 40.000000, 400.000000, 150000.000000, 40.000000, -0.012947, 7280.270634, 1425.617984, -392.266000, 9098.154618, -0.012947, -0.012947, -0.012947, -0.012947, 0.013090, 9098.154618, 9098.154618, 0.000000, 0.013090, 0.013090, 0.013090, 1425.617984, 1425.617984, -0.012947, 0.000000, 0.013090, 0.000000, -392.266000, -0.012947, 40.000000, -0.012947, 9098.154618, 9098.154618, 9098.154618, 9098.154618, 0.013090, 0.000143, -0.012947, 9098.154618, 0.000076, 1950.796045, -0.012947, 0.601384, 0.013090, 0.060654, 0.028766, 7280.270634, -0.517898, 0.000000, -0.012947, 0.601384, 0.500000, -0.012947, 0.601384
1.19, 4157.735983, 400.000000, 15000.000000, 400.000000, 0.577054, -354.925553, -3922.660000, 3567.734447, 0.577054, 0.577054, 0.577054, -0.590002, 3567.734447, 4157.735983, -590.001536, -0.590002, -0.590002, -0.590002, -354.925553, -354.925553, 0.577054, -590.001536, -0.590002, 1000.000000, -3922.660000, 0.577054, 400.000000, 0.577054, 3567.734447, 3567.734447, 3567.734447, 3567.734447, -0.590002, -0.012947, 0.577054, 3567.734447, 1.576396, 1.086623, -0.590002, 0.277182, 0.261511, -354.925553, 230.821631, 0.000000, 0.577054, 1.086623, 1.000000, 0.577054, 1.086623, 0.100000, 0.000041, 10.000000, 9098.154618, 0.000041, 0.000041, 9098.154618, 0.100000, 0.100000, 0.100000, 0.100000, 0.100000, 1.000000, 7885.921789, 0.000041, 0.100000, -6.283145, 0.000000, 7885.921789, 40.000000, 400.000000, 150000.000000, 40.000000, 1.576396, 5542.859743, 1950.796045, -392.266000, 7885.921789, 1.576396, 1.576396, 1.576396, 1.576396, -1.576320, 7885.921789, 7885.921789, -0.000000, -1.576320, -1.576320, -1.576320, 1950.796045, 1950.796045, 1.576396, -0.000000, -1.576320, 0.000000, -392.266000, 1.576396, 40.000000, 1.576396, 7885.921789, 7885.921789, 7885.921789, 7885.921789, -1.576320, 0.000076, 1.576396, 7885.921789, 0.000041, 3567.734447, 1.576396, 0.609466, -1.576320, 0.052573, 0.028766, 5542.859743, 63.055850, 0.000000, 1.576396, 0.609466, 0.500000, 1.576396, 0.609466
1.2, 4301.381637, 400.000000, 15000.000000, 400.000000, 0.608628, 1346.489978, -3922.660000, 5269.149978, 0.608628, 0.608628, 0.608628, 0.967768, 5269.149978, 4301.381637, 967.768341, 0.967768, 0.967768, 0.967768, 1346.489978, 1346.489978, 0.608628, 967.768341, 0.967768, 1000.000000, -3922.660000, 0.608628, 400.000000, 0.608628, 5269.149978, 5269.149978, 5269.149978, 5269.149978, 0.967768, 1.576396, 0.608628, 5269.149978, 2.216742, 1.092546, 0.967768, 0.286759, 0.261511, 1346.489978, 243.451159, 0.000000, 0.608628, 1.092546, 1.000000, 0.608628, 1.092546, 0.100000, 0.000022, 10.000000, 7885.921789, 0.000022, 0.000022, 7885.921789, 0.100000, 0.100000, 0.100000, 0.100000, 0.100000, 1.000000, 4943.548375, 0.000022, 0.100000, -6.283164, 0.000000, 4943.548375, 40.000000, 400.000000, 150000.000000, 40.000000, 2.216742, 983.547928, 3567.734447, -392.266000, 4943.548375, 2.216742, 2.216742, 2.216742, 2.216742, -2.216702, 4943.548375, 4943.548375, -0.000000, -2.216702, -2.216702, -2.216702, 3567.734447, 3567.734447, 2.216742, -0.000000, -2.216702, 0.000000, -392.266000, 2.216742, 40.000000, 2.216742, 4943.548375, 4943.548375, 4943.548375, 4943.548375, -2.216702, 0.000041, 2.216742, 4943.548375, 0.000022, 5269.149978, 2.216742, 0.629083, -2.216702, 0.032957, 0.028766, 983.547928, 88.669694, 0.000000, 2.216742, 0.629083, 0.500000, 2.216742, 0.629083
1.21, 4537.197306, 400.000000, 15000.000000, 400.000000, 0.660342, 2170.937164, -3922.660000, 6093.597164, 0.660342, 0.660342, 0.660342, 1.556400, 6093.597164, 4537.197306, 1556.399858, 1.556400, 1.556400, 1.556400, 2170.937164, 2170.937164, 0.660342, 1556.399858, 1.556400, 1000.000000, -3922.660000, 0.660342, 400.000000, 0.660342, 6093.597164, 6093.597164, 6093.597164, 6093.597164, 1.556400, 2.216742, 0.660342, 6093.597164, 1.651277, 1.098885, 1.556400, 0.302480, 0.261511, 2170.937164, 264.136992, 0.000000, 0.660342, 1.098885, 1.000000, 0.660342, 1.098885, 0.100000, 0.000012, 10.000000, 4943.548375, 0.000012, 0.000012, 4943.548375, 0.100000, 0.100000, 0.100000, 0.100000, 0.100000, 1.000000, 1942.888527, 0.000012, 0.100000, -6.283174, 0.000000, 1942.888527, 40.000000, 400.000000, 150000.000000, 40.000000, 1.651277, -3718.527450, 5269.149978, -392.266000, 1942.888527, 1.651277, 1.651277, 1.651277, 1.651277, -1.651255, 1942.888527, 1942.888527, -0.000000, -1.651255, -1.651255, -1.651255, 5269.149978, 5269.149978, 1.651277, -0.000000, -1.651255, 0.000000, -392.266000, 1.651277, 40.000000, 1.651277, 1942.888527, 1942.888527, 1942.888527, 1942.888527, -1.651255, 0.000022, 1.651277, 1942.888527, 0.000012, 6093.597164, 1.651277, 0.649087, -1.651255, 0.012953, 0.028766, -3718.527450, 66.051087, 0.000000, 1.651277, 0.649087, 0.500000, 1.651277, 0.649087
1.22, 4684.136959, 400.000000, 15000.000000, 400.000000, 0.702063, 1710.690901, -3922.660000, 5633.350901, 0.702063, 0.702063, 0.702063, 0.949214, 5633.350901, 4684.136959, 949.213942, 0.949214, 0.949214, 0.949214, 1710.690901, 1710.690901, 0.702063, 949.213942, 0.949214, 1000.000000, -3922.660000, 0.702063, 400.000000, 0.702063, 5633.350901, 5633.350901, 5633.350901, 5633.350901, 0.949214, 1.651277, 0.702063, 5633.350901, 0.287953, 1.105696, 0.949214, 0.312276, 0.261511, 1710.690901, 280.825295, 0.000000, 0.702063, 1.105696, 1.000000, 0.702063, 1.105696, 0.100000, 0.000006, 10.000000, 1942.888527, 0.000006, 0.000006, 1942.888527, 0.100000, 0.100000, 0.100000, 0.100000, 0.100000, 1.000000, 438.602387, 0.000006, 0.100000, -6.283179, 0.000000, 438.602387, 40.000000, 400.000000, 150000.000000, 40.000000, 0.287953, -6047.260777, 6093.597164, -392.266000, 438.602387, 0.287953, 0.287953, 0.287953, 0.287953, -0.287941, 438.602387, 438.602387, -0.000000, -0.287941, -0.287941, -0.287941, 6093.597164, 6093.597164, 0.287953, -0.000000, -0.287941, 0.000000, -392.266000, 0.287953, 40.000000, 0.287953, 438.602387, 438.602387, 438.602387, 438.602387, -0.287941, 0.000012, 0.287953, 438.602387, 0.000006, 5633.350901, 0.287953, 0.659116, -0.287941, 0.002924, 0.028766, -6047.260777, 11.518102, 0.000000, 0.287953, 0.659116, 0.500000, 0.287953, 0.659116
1.23, 4624.731093, 400.000000, 15000.000000, 400.000000, 0.710502, 279.521980, -3922.660000, 4202.181980, 0.710502, 0.710502, 0.710502, -0.422549, 4202.181980, 4624.731093, -422.549113, -0.422549, -0.422549, -0.422549, 279.521980, 279.521980, 0.710502, -422.549113, -0.422549, 1000.000000, -3922.660000, 0.710502, 400.000000, 0.710502, 4202.181980, 4202.181980, 4202.181980, 4202.181980, -0.422549, 0.287953, 0.710502, 4202.181980, -1.077019, 1.112763, -0.422549, 0.308315, 0.261511, 279.521980, 284.200669, 0.000000, 0.710502, 1.112763, 1.000000, 0.710502, 1.112763, 0.100000, 0.000003, 10.000000, 438.602387, 0.000003, 0.000003, 438.602387, 0.100000, 0.100000, 0.100000, 0.100000, 0.100000, 1.000000, 1051.111358, 0.000003, 0.100000, -6.283182, 0.000000, 1051.111358, 40.000000, 400.000000, 150000.000000, 40.000000, -1.077019, -4974.505543, 5633.350901, -392.266000, 1051.111358, -1.077019, -1.077019, -1.077019, -1.077019, 1.077025, 1051.111358, 1051.111358, 0.000000, 1.077025, 1.077025, 1.077025, 5633.350901, 5633.350901, -1.077019, 0.000000, 1.077025, 0.000000, -392.266000, -1.077019, 40.000000, -1.077019, 1051.111358, 1051.111358, 1051.111358, 1051.111358, 1.077025, 0.000006, -1.077019, 1051.111358, 0.000003, 4202.181980, -1.077019, 0.655033, 1.077025, 0.007007, 0.028766, -4974.505543, -43.080761, 0.000000, -1.077019, 0.655033, 0.500000, -1.077019, 0.655033
1.24, 4362.109114, 400.000000, 15000.000000, 400.000000, 0.681034, -1318.603518, -3922.660000, 2604.056482, 0.681034, 0.681034, 0.681034, -1.758053, 2604.056482, 4362.109114, -1758.052633, -1.758053, -1.758053, -1.758053, -1318.603518, -1318.603518, 0.681034, -1758.052633, -1.758053, 1000.000000, -3922.660000, 0.681034, 400.000000, 0.681034, 2604.056482, 2604.056482, 2604.056482, 2604.056482, -1.758053, -1.077019, 0.681034, 2604.056482, -1.717688, 1.119729, -1.758053, 0.290807, 0.261511, -1318.603518, 272.413446, 0.000000, 0.681034, 1.119729, 1.000000, 0.681034, 1.119729, 0.100000, 0.000002, 10.000000, 1051.111358, 0.000002, 0.000002, 1051.111358, 0.100000, 0.100000, 0.100000, 0.100000, 0.100000, 1.000000, 3219.817705, 0.000002, 0.100000, -6.283184, 0.000000, 3219.817705, 40.000000, 400.000000, 150000.000000, 40.000000, -1.717688, -1374.630275, 4202.181980, -392.266000, 3219.817705, -1.717688, -1.717688, -1.717688, -1.717688, 1.717691, 3219.817705, 3219.817705, 0.000000, 1.717691, 1.717691, 1.717691, 4202.181980, 4202.181980, -1.717688, 0.000000, 1.717691, 0.000000, -392.266000, -1.717688, 40.000000, -1.717688, 3219.817705, 3219.817705, 3219.817705, 3219.817705, 1.717691, 0.000003, -1.717688, 3219.817705, 0.000002, 2604.056482, -1.717688, 0.640575, 1.717691, 0.021465, 0.028766, -1374.630275, -68.707506, 0.000000, -1.717688, 0.640575, 0.500000, -1.717688, 0.640575
1.25, 4007.725614, 400.000000, 15000.000000, 400.000000, 0.628530, -2261.151691, -3922.660000, 1661.508309, 0.628530, 0.628530, 0.628530, -2.346217, 1661.508309, 4007.725614, -2346.217305, -2.346217, -2.346217, -2.346217, -2261.151691, -2261.151691, 0.628530, -2346.217305, -2.346217, 1000.000000, -3922.660000, 0.628530, 400.000000, 0.628530, 1661.508309, 1661.508309, 1661.508309, 1661.508309, -2.346217, -1.717688, 0.628530, 1661.508309, -1.358563, 1.126284, -2.346217, 0.267182, 0.261511, -2261.151691, 251.411864, 0.000000, 0.628530, 1.126284, 1.000000, 0.628530, 1.126284, 0.100000, 0.000001, 10.000000, 3219.817705, 0.000001, 0.000001, 3219.817705, 0.100000, 0.100000, 0.100000, 0.100000, 0.100000, 1.000000, 5607.074042, 0.000001, 0.100000, -6.283184, 0.000000, 5607.074042, 40.000000, 400.000000, 150000.000000, 40.000000, -1.358563, 2610.751560, 2604.056482, -392.266000, 5607.074042, -1.358563, -1.358563, -1.358563, -1.358563, 1.358565, 5607.074042, 5607.074042, 0.000000, 1.358565, 1.358565, 1.358565, 2604.056482, 2604.056482, -1.358563, 0.000000, 1.358565, 0.000000, -392.266000, -1.358563, 40.000000, -1.358563, 5607.074042, 5607.074042, 5607.074042, 5607.074042, 1.358565, 0.000002, -1.358563, 5607.074042, 0.000001, 1661.508309, -1.358563, 0.624660, 1.358565, 0.037380, 0.028766, 2610.751560, -54.342516, 0.000000, -1.358563, 0.624660, 0.500000, -1.358563, 0.624660
1.26, 3712.508502, 400.000000, 15000.000000, 400.000000, 0.577736, -2146.450573, -3922.660000, 1776.209427, 0.577736, 0.577736, 0.577736, -1.936299, 1776.209427, 3712.508502, -1936.299074, -1.936299, -1.936299, -1.936299, -2146.450573, -2146.450573, 0.577736, -1936.299074, -1.936299, 1000.000000, -3922.660000, 0.577736, 400.000000, 0.577736, 1776.209427, 1776.209427, 1776.209427, 1776.209427, -1.936299, -1.358563, 0.577736, 1776.209427, -0.281071, 1.132320, -1.936299, 0.247501, 0.261511, -2146.450573, 231.094473, 0.000000, 0.577736, 1.132320, 1.000000, 0.577736, 1.132320, 0.100000, 0.000000, 10.000000, 5607.074042, 0.000000, 0.000000, 5607.074042, 0.100000, 0.100000, 0.100000, 0.100000, 0.100000, 1.000000, 6879.768589, 0.000000, 0.100000, -6.283185, 0.000000, 6879.768589, 40.000000, 400.000000, 150000.000000, 40.000000, -0.281071, 4825.994280, 1661.508309, -392.266000, 6879.768589, -0.281071, -0.281071, -0.281071, -0.281071, 0.281072, 6879.768589, 6879.768589, 0.000000, 0.281072, 0.281072, 0.281072, 1661.508309, 1661.508309, -0.281071, 0.000000, 0.281072, 0.000000, -392.266000, -0.281071, 40.000000, -0.281071, 6879.768589, 6879.768589, 6879.768589, 6879.768589, 0.281072, 0.000001, -0.281071, 6879.768589, 0.000000, 1776.209427, -0.281071, 0.616175, 0.281072, 0.045865, 0.028766, 4825.994280, -11.242844, 0.000000, -0.281071, 0.616175, 0.500000, -0.281071, 0.616175
1.27, 3583.132230, 400.000000, 15000.000000, 400.000000, 0.549260, -1169.858919, -3922.660000, 2752.801081, 0.549260, 0.549260, 0.549260, -0.830331, 2752.801081, 3583.132230, -830.331150, -0.830331, -0.830331, -0.830331, -1169.858919, -1169.858919, 0.549260, -830.331150, -0.830331, 1000.000000, -3922.660000, 0.549260, 400.000000, 0.549260, 2752.801081, 2752.801081, 2752.801081, 2752.801081, -0.830331, -0.281071, 0.549260, 2752.801081, 0.875972, 1.137955, -0.830331, 0.238875, 0.261511, -1169.858919, 219.704020, 0.000000, 0.549260, 1.137955, 1.000000, 0.549260, 1.137955, 0.100000, 0.000000, 10.000000, 6879.768589, 0.000000, 0.000000, 6879.768589, 0.100000, 0.100000, 0.100000, 0.100000, 0.100000, 1.000000, 6418.737468, 0.000000, 0.100000, -6.283185, 0.000000, 6418.737468, 40.000000, 400.000000, 150000.000000, 40.000000, 0.875972, 4250.262041, 1776.209427, -392.266000, 6418.737468, 0.875972, 0.875972, 0.875972, 0.875972, -0.875971, 6418.737468, 6418.737468, -0.000000, -0.875971, -0.875971, -0.875971, 1776.209427, 1776.209427, 0.875972, -0.000000, -0.875971, 0.000000, -392.266000, 0.875972, 40.000000, 0.875972, 6418.737468, 6418.737468, 6418.737468, 6418.737468, -0.875971, 0.000000, 0.875972, 6418.737468, 0.000000, 2752.801081, 0.875972, 0.619249, -0.875971, 0.042792, 0.028766, 4250.262041, 35.038867, 0.000000, 0.875972, 0.619249, 0.500000, 0.875972, 0.619249
1.28, 3629.316507, 400.000000, 15000.000000, 400.000000, 0.549010, 33.617717, -3922.660000, 3956.277717, 0.549010, 0.549010, 0.549010, 0.326961, 3956.277717, 3629.316507, 326.961209, 0.326961, 0.326961, 0.326961, 33.617717, 33.617717, 0.549010, 326.961209, 0.326961, 1000.000000, -3922.660000, 0.549010, 400.000000, 0.549010, 3956.277717, 3956.277717, 3956.277717, 3956.277717, 0.326961, 0.875972, 0.549010, 3956.277717, 1.488343, 1.143443, 0.326961, 0.241954, 0.261511, 33.617717, 219.604181, 0.000000, 0.549010, 1.143443, 1.000000, 0.549010, 1.143443, 0.100000, 0.000000, 10.000000, 6418.737468, 0.000000, 0.000000, 6418.737468, 0.100000, 0.100000, 0.100000, 0.100000, 0.100000, 1.000000, 4584.777989, 0.000000, 0.100000, -6.283185, 0.000000, 4584.777989, 40.000000, 400.000000, 150000.000000, 40.000000, 1.488343, 1439.710909, 2752.801081, -392.266000, 4584.777989, 1.488343, 1.488343, 1.488343, 1.488343, -1.488342, 4584.777989, 4584.777989, -0.000000, -1.488342, -1.488342, -1.488342, 2752.801081, 2752.801081, 1.488343, -0.000000, -1.488342, 0.000000, -392.266000, 1.488343, 40.000000, 1.488343, 4584.777989, 4584.777989, 4584.777989, 4584.777989, -1.488342, 0.000000, 1.488343, 4584.777989, 0.000000, 3956.277717, 1.488343, 0.631475, -1.488342, 0.030565, 0.028766, 1439.710909, 59.533708, 0.000000, 1.488343, 0.631475, 0.500000, 1.488343, 0.631475
1.29, 3767.437717, 400.000000, 15000.000000, 400.000000, 0.566410, 766.710464, -3922.660000, 4689.370464, 0.566410, 0.566410, 0.566410, 0.921933, 4689.370464, 3767.437717, 921.932747, 0.921933, 0.921933, 0.921933, 766.710464, 766.710464, 0.566410, 921.932747, 0.921933, 1000.000000, -3922.660000, 0.566410, 400.000000, 0.566410, 4689.370464, 4689.370464, 4689.370464, 4689.370464, 0.921933, 1.488343, 0.566410, 4689.370464, 1.277430, 1.149016, 0.921933, 0.251163, 0.261511, 766.710464, 226.563986, 0.000000, 0.566410, 1.149016, 1.000000, 0.566410, 1.149016, 0.100000, 0.000000, 10.000000, 4584.777989, 0.000000, 0.000000, 4584.777989, 0.100000, 0.100000, 0.100000, 0.100000, 0.100000, 1.000000, 2439.216416, 0.000000, 0.100000, -6.283185, 0.000000, 2439.216416, 40.000000, 400.000000, 150000.000000, 40.000000, 1.277430, -1909.327301, 3956.277717, -392.266000, 2439.216416, 1.277430, 1.277430, 1.277430, 1.277430, -1.277430, 2439.216416, 2439.216416, -0.000000, -1.277430, -1.277430, -1.277430, 3956.277717, 3956.277717, 1.277430, -0.000000, -1.277430, 0.000000, -392.266000, 1.277430, 40.000000, 1.277430, 2439.216416, 2439.216416, 2439.216416, 2439.216416, -1.277430, 0.000000, 1.277430, 2439.216416, 0.000000, 4689.370464, 1.277430, 0.645779, -1.277430, 0.016261, 0.028766, -1909.327301, 51.097214, 0.000000, 1.277430, 0.645779, 0.500000, 1.277430, 0.645779
1.3, 3873.504665, 400.000000, 15000.000000, 400.000000, 0.581544, 646.730645, -3922.660000, 4569.390645, 0.581544, 0.581544, 0.581544, 0.695886, 4569.390645, 3873.504665, 695.885981, 0.695886, 0.695886, 0.695886, 646.730645, 646.730645, 0.581544, 695.885981, 0.695886, 1000.000000, -3922.660000, 0.581544, 400.000000, 0.581544, 4569.390645, 4569.390645, 4569.390645, 4569.390645, 0.695886, 1.277430, 0.581544, 4569.390645, 0.427719, 1.154754, 0.695886, 0.258234, 0.261511, 646.730645, 232.617745, 0.000000, 0.581544, 1.154754, 1.000000, 0.581544, 1.154754, 0.100000, 0.000000, 10.000000, 2439.216416, 0.000000, 0.000000, 2439.216416, 0.100000, 0.100000, 0.100000, 0.100000, 0.100000, 1.000000, 1116.467069, 0.000000, 0.100000, -6.283185, 0.000000, 1116.467069, 40.000000, 400.000000, 150000.000000, 40.000000, 0.427719, -3965.169395, 4689.370464, -392.266000, 1116.467069, 0.427719, 0.427719, 0.427719, 0.427719, -0.427719, 1116.467069, 1116.467069, -0.000000, -0.427719, -0.427719, -0.427719, 4689.370464, 4689.370464, 0.427719, -0.000000, -0.427719, 0.000000, -392.266000, 0.427719, 40.000000, 0.427719, 1116.467069, 1116.467069, 1116.467069, 1116.467069, -0.427719, 0.000000, 0.427719, 1116.467069, 0.000000, 4569.390645, 0.427719, 0.654597, -0.427719, 0.007443, 0.028766, -3965.169395, 17.108774, 0.000000, 0.427719, 0.654597, 0.500000, 0.427719, 0.654597
1.31, 3852.890473, 400.000000, 15000.000000, 400.000000, 0.576647, -218.697195, -3922.660000, 3703.962805, 0.576647, 0.576647, 0.576647, -0.148928, 3703.962805, 3852.890473, -148.927667, -0.148928, -0.148928, -0.148928, -218.697195, -218.697195, 0.576647, -148.927667, -0.148928, 1000.000000, -3922.660000, 0.576647, 400.000000, 0.576647, 3703.962805, 3703.962805, 3703.962805, 3703.962805, -0.148928, 0.427719, 0.576647, 3703.962805, -0.552745, 1.160547, -0.148928, 0.256859, 0.261511, -218.697195, 230.658806, 0.000000, 0.576647, 1.160547, 1.000000, 0.576647, 1.160547, 0.100000, 0.000000, 10.000000, 1116.467069, 0.000000, 0.000000, 1116.467069, 0.100000, 0.100000, 0.100000, 0.100000, 0.100000, 1.000000, 1213.667786, 0.000000, 0.100000, -6.283185, 0.000000, 1213.667786, 40.000000, 400.000000, 150000.000000, 40.000000, -0.552745, -3747.988859, 4569.390645, -392.266000, 1213.667786, -0.552745, -0.552745, -0.552745, -0.552745, 0.552745, 1213.667786, 1213.667786, 0.000000, 0.552745, 0.552745, 0.552745, 4569.390645, 4569.390645, -0.552745, 0.000000, 0.552745, 0.000000, -392.266000, -0.552745, 40.000000, -0.552745, 1213.667786, 1213.667786, 1213.667786, 1213.667786, 0.552745, 0.000000, -0.552745, 1213.667786, 0.000000, 3703.962805, -0.552745, 0.653949, 0.552745, 0.008091, 0.028766, -3747.988859, -22.109790, 0.000000, -0.552745, 0.653949, 0.500000, -0.552745, 0.653949
1.32, 3688.202142, 400.000000, 15000.000000, 400.000000, 0.545417, -1332.619488, -3922.660000, 2590.040512, 0.545417, 0.545417, 0.545417, -1.098162, 2590.040512, 3688.202142, -1098.161631, -1.098162, -1.098162, -1.098162, -1332.619488, -1332.619488, 0.545417, -1098.161631, -1.098162, 1000.000000, -3922.660000, 0.545417, 400.000000, 0.545417, 2590.040512, 2590.040512, 2590.040512, 2590.040512, -1.098162, -0.552745, 0.545417, 2590.040512, -1.131692, 1.166163, -1.098162, 0.245880, 0.261511, -1332.619488, 218.166747, 0.000000, 0.545417, 1.166163, 1.000000, 0.545417, 1.166163, 0.100000, 0.000000, 10.000000, 1213.667786, 0.000000, 0.000000, 1213.667786, 0.100000, 0.100000, 0.100000, 0.100000, 0.100000, 1.000000, 2520.804841, 0.000000, 0.100000, -6.283185, 0.000000, 2520.804841, 40.000000, 400.000000, 150000.000000, 40.000000, -1.131692, -1575.423964, 3703.962805, -392.266000, 2520.804841, -1.131692, -1.131692, -1.131692, -1.131692, 1.131692, 2520.804841, 2520.804841, 0.000000, 1.131692, 1.131692, 1.131692, 3703.962805, 3703.962805, -1.131692, 0.000000, 1.131692, 0.000000, -392.266000, -1.131692, 40.000000, -1.131692, 2520.804841, 2520.804841, 2520.804841, 2520.804841, 1.131692, 0.000000, -1.131692, 2520.804841, 0.000000, 2590.040512, -1.131692, 0.645235, 1.131692, 0.016805, 0.028766, -1575.423964, -45.267662, 0.000000, -1.131692, 0.645235, 0.500000, -1.131692, 0.645235
1.33, 3441.754458, 400.000000, 15000.000000, 400.000000, 0.495403, -2107.999701, -3922.660000, 1814.660299, 0.495403, 0.495403, 0.495403, -1.627094, 1814.660299, 3441.754458, -1627.094160, -1.627094, -1.627094, -1.627094, -2107.999701, -2107.999701, 0.495403, -1627.094160, -1.627094, 1000.000000, -3922.660000, 0.495403, 400.000000, 0.495403, 1814.660299, 1814.660299, 1814.660299, 1814.660299, -1.627094, -1.131692, 0.495403, 1814.660299, -1.038145, 1.171372, -1.627094, 0.229450, 0.261511, -2107.999701, 198.161039, 0.000000, 0.495403, 1.171372, 1.000000, 0.495403, 1.171372, 0.100000, 0.000000, 10.000000, 2520.804841, 0.000000, 0.000000, 2520.804841, 0.100000, 0.100000, 0.100000, 0.100000, 0.100000, 1.000000, 4204.613375, 0.000000, 0.100000, -6.283185, 0.000000, 4204.613375, 40.000000, 400.000000, 150000.000000, 40.000000, -1.038145, 1222.306863, 2590.040512, -392.266000, 4204.613375, -1.038145, -1.038145, -1.038145, -1.038145, 1.038145, 4204.613375, 4204.613375, 0.000000, 1.038145, 1.038145, 1.038145, 2590.040512, 2590.040512, -1.038145, 0.000000, 1.038145, 0.000000, -392.266000, -1.038145, 40.000000, -1.038145, 4204.613375, 4204.613375, 4204.613375, 4204.613375, 1.038145, 0.000000, -1.038145, 4204.613375, 0.000000, 1814.660299, -1.038145, 0.634009, 1.038145, 0.028031, 0.028766, 1222.306863, -41.525782, 0.000000, -1.038145, 0.634009, 0.500000, -1.038145, 0.634009
1.34, 3215.382224, 400.000000, 15000.000000, 400.000000, 0.442802, -2188.224572, -3922.660000, 1734.435428, 0.442802, 0.442802, 0.442802, -1.480947, 1734.435428, 3215.382224, -1480.946796, -1.480947, -1.480947, -1.480947, -2188.224572, -2188.224572, 0.442802, -1480.946796, -1.480947, 1000.000000, -3922.660000, 0.442802, 400.000000, 0.442802, 1734.435428, 1734.435428, 1734.435428, 1734.435428, -1.480947, -1.038145, 0.442802, 1734.435428, -0.383356, 1.176066, -1.480947, 0.214359, 0.261511, -2188.224572, 177.120900, 0.000000, 0.442802, 1.176066, 1.000000, 0.442802, 1.176066, 0.100000, 0.000000, 10.000000, 4204.613375, 0.000000, 0.000000, 4204.613375, 0.100000, 0.100000, 0.100000, 0.100000, 0.100000, 1.000000, 5307.855000, 0.000000, 0.100000, -6.283185, 0.000000, 5307.855000, 40.000000, 400.000000, 150000.000000, 40.000000, -0.383356, 3100.928701, 1814.660299, -392.266000, 5307.855000, -0.383356, -0.383356, -0.383356, -0.383356, 0.383356, 5307.855000, 5307.855000, 0.000000, 0.383356, 0.383356, 0.383356, 1814.660299, 1814.660299, -0.383356, 0.000000, 0.383356, 0.000000, -392.266000, -0.383356, 40.000000, -0.383356, 5307.855000, 5307.855000, 5307.855000, 5307.855000, 0.383356, 0.000000, -0.383356, 5307.855000, 0.000000, 1734.435428, -0.383356, 0.626654, 0.383356, 0.035386, 0.028766, 3100.928701, -15.334225, 0.000000, -0.383356, 0.626654, 0.500000, -0.383356, 0.626654
1.35, 3092.792453, 400.000000, 15000.000000, 400.000000, 0.403124, -1616.346697, -3922.660000, 2306.313303, 0.403124, 0.403124, 0.403124, -0.786479, 2306.313303, 3092.792453, -786.479150, -0.786479, -0.786479, -0.786479, -1616.346697, -1616.346697, 0.403124, -786.479150, -0.786479, 1000.000000, -3922.660000, 0.403124, 400.000000, 0.403124, 2306.313303, 2306.313303, 2306.313303, 2306.313303, -0.786479, -0.383356, 0.403124, 2306.313303, 0.432538, 1.180296, -0.786479, 0.206186, 0.261511, -1616.346697, 161.249411, 0.000000, 0.403124, 1.180296, 1.000000, 0.403124, 1.180296, 0.100000, 0.000000, 10.000000, 5307.855000, 0.000000, 0.000000, 5307.855000, 0.100000, 0.100000, 0.100000, 0.100000, 0.100000, 1.000000, 5270.029267, 0.000000, 0.100000, -6.283185, 0.000000, 5270.029267, 40.000000, 400.000000, 150000.000000, 40.000000, 0.432538, 3143.327839, 1734.435428, -392.266000, 5270.029267, 0.432538, 0.432538, 0.432538, 0.432538, -0.432538, 5270.029267, 5270.029267, -0.000000, -0.432538, -0.432538, -0.432538, 1734.435428, 1734.435428, 0.432538, -0.000000, -0.432538, 0.000000, -392.266000, 0.432538, 40.000000, 0.432538, 5270.029267, 5270.029267, 5270.029267, 5270.029267, -0.432538, 0.000000, 0.432538, 5270.029267, 0.000000, 2306.313303, 0.432538, 0.626907, -0.432538, 0.035134, 0.028766, 3143.327839, 17.301527, 0.000000, 0.432538, 0.626907, 0.500000, 0.432538, 0.626907
1.36, 3096.704252, 400.000000, 15000.000000, 400.000000, 0.383046, -776.463619, -3922.660000, 3146.196381, 0.383046, 0.383046, 0.383046, 0.049492, 3146.196381, 3096.704252, 49.492129, 0.049492, 0.049492, 0.049492, -776.463619, -776.463619, 0.383046, 49.492129, 0.049492, 1000.000000, -3922.660000, 0.383046, 400.000000, 0.383046, 3146.196381, 3146.196381, 3146.196381, 3146.196381, 0.049492, 0.432538, 0.383046, 3146.196381, 0.959320, 1.184225, 0.049492, 0.206447, 0.261511, -776.463619, 153.218415, 0.000000, 0.383046, 1.184225, 1.000000, 0.383046, 1.184225, 0.100000, 0.000000, 10.000000, 5270.029267, 0.000000, 0.000000, 5270.029267, 0.100000, 0.100000, 0.100000, 0.100000, 0.100000, 1.000000, 4190.397304, 0.000000, 0.100000, -6.283185, 0.000000, 4190.397304, 40.000000, 400.000000, 150000.000000, 40.000000, 0.959320, 1491.818001, 2306.313303, -392.266000, 4190.397304, 0.959320, 0.959320, 0.959320, 0.959320, -0.959320, 4190.397304, 4190.397304, -0.000000, -0.959320, -0.959320, -0.959320, 2306.313303, 2306.313303, 0.959320, -0.000000, -0.959320, 0.000000, -392.266000, 0.959320, 40.000000, 0.959320, 4190.397304, 4190.397304, 4190.397304, 4190.397304, -0.959320, 0.000000, 0.959320, 4190.397304, 0.000000, 3146.196381, 0.959320, 0.634104, -0.959320, 0.027936, 0.028766, 1491.818001, 38.372810, 0.000000, 0.959320, 0.634104, 0.500000, 0.959320, 0.634104
1.37, 3182.273824, 400.000000, 15000.000000, 400.000000, 0.377710, -158.776222, -3922.660000, 3763.883778, 0.377710, 0.377710, 0.377710, 0.581610, 3763.883778, 3182.273824, 581.609954, 0.581610, 0.581610, 0.581610, -158.776222, -158.776222, 0.377710, 581.609954, 0.581610, 1000.000000, -3922.660000, 0.377710, 400.000000, 0.377710, 3763.883778, 3763.883778, 3763.883778, 3763.883778, 0.581610, 0.959320, 0.377710, 3763.883778, 0.940849, 1.188026, 0.581610, 0.212152, 0.261511, -158.776222, 151.084120, 0.000000, 0.377710, 1.188026, 1.000000, 0.377710, 1.188026, 0.100000, 0.000000, 10.000000, 4190.397304, 0.000000, 0.000000, 4190.397304, 0.100000, 0.100000, 0.100000, 0.100000, 0.100000, 1.000000, 2716.289599, 0.000000, 0.100000, -6.283185, 0.000000, 2716.289599, 40.000000, 400.000000, 150000.000000, 40.000000, 0.940849, -822.172782, 3146.196381, -392.266000, 2716.289599, 0.940849, 0.940849, 0.940849, 0.940849, -0.940849, 2716.289599, 2716.289599, -0.000000, -0.940849, -0.940849, -0.940849, 3146.196381, 3146.196381, 0.940849, -0.000000, -0.940849, 0.000000, -392.266000, 0.940849, 40.000000, 0.940849, 2716.289599, 2716.289599, 2716.289599, 2716.289599, -0.940849, 0.000000, 0.940849, 2716.289599, 0.000000, 3763.883778, 0.940849, 0.643932, -0.940849, 0.018109, 0.028766, -822.172782, 37.633965, 0.000000, 0.940849, 0.643932, 0.500000, 0.940849, 0.643932
1.38, 3267.066629, 400.000000, 15000.000000, 400.000000, 0.374392, -89.136463, -3922.660000, 3833.523537, 0.374392, 0.374392, 0.374392, 0.566457, 3833.523537, 3267.066629, 566.456908, 0.566457, 0.566457, 0.566457, -89.136463, -89.136463, 0.374392, 566.456908, 0.566457, 1000.000000, -3922.660000, 0.374392, 400.000000, 0.374392, 3833.523537, 3833.523537, 3833.523537, 3833.523537, 0.566457, 0.940849, 0.374392, 3833.523537, 0.434105, 1.191784, 0.566457, 0.217804, 0.261511, -89.136463, 149.756891, 0.000000, 0.374392, 1.191784, 1.000000, 0.374392, 1.191784, 0.100000, 0.000000, 10.000000, 2716.289599, 0.000000, 0.000000, 2716.289599, 0.100000, 0.100000, 0.100000, 0.100000, 0.100000, 1.000000, 1649.599659, 0.000000, 0.100000, -6.283185, 0.000000, 1649.599659, 40.000000, 400.000000, 150000.000000, 40.000000, 0.434105, -2506.550118, 3763.883778, -392.266000, 1649.599659, 0.434105, 0.434105, 0.434105, 0.434105, -0.434105, 1649.599659, 1649.599659, -0.000000, -0.434105, -0.434105, -0.434105, 3763.883778, 3763.883778, 0.434105, -0.000000, -0.434105, 0.000000, -392.266000, 0.434105, 40.000000, 0.434105, 1649.599659, 1649.599659, 1649.599659, 1649.599659, -0.434105, 0.000000, 0.434105, 1649.599659, 0.000000, 3833.523537, 0.434105, 0.651043, -0.434105, 0.010997, 0.028766, -2506.550118, 17.364202, 0.000000, 0.434105, 0.651043, 0.500000, 0.434105, 0.651043
1.39, 3278.358916, 400.000000, 15000.000000, 400.000000, 0.360037, -570.232900, -3922.660000, 3352.427100, 0.360037, 0.360037, 0.360037, 0.074068, 3352.427100, 3278.358916, 74.068184, 0.074068, 0.074068, 0.074068, -570.232900, -570.232900, 0.360037, 74.068184, 0.074068, 1000.000000, -3922.660000, 0.360037, 400.000000, 0.360037, 3352.427100, 3352.427100, 3352.427100, 3352.427100, 0.074068, 0.434105, 0.360037, 3352.427100, -0.249083, 1.195457, 0.074068, 0.218557, 0.261511, -570.232900, 144.014751, 0.000000, 0.360037, 1.195457, 1.000000, 0.360037, 1.195457, 0.100000, 0.000000, 10.000000, 1649.599659, 0.000000, 0.000000, 1649.599659, 0.100000, 0.100000, 0.100000, 0.100000, 0.100000, 1.000000, 1506.102714, 0.000000, 0.100000, -6.283185, 0.000000, 1506.102714, 40.000000, 400.000000, 150000.000000, 40.000000, -0.249083, -2719.686823, 3833.523537, -392.266000, 1506.102714, -0.249083, -0.249083, -0.249083, -0.249083, 0.249083, 1506.102714, 1506.102714, 0.000000, 0.249083, 0.249083, 0.249083, 3833.523537, 3833.523537, -0.249083, 0.000000, 0.249083, 0.000000, -392.266000, -0.249083, 40.000000, -0.249083, 1506.102714, 1506.102714, 1506.102714, 1506.102714, 0.249083, 0.000000, -0.249083, 1506.102714, 0.000000, 3352.427100, -0.249083, 0.651999, 0.249083, 0.010041, 0.028766, -2719.686823, -9.963306, 0.000000, -0.249083, 0.651999, 0.500000, -0.249083, 0.651999
1.4, 3191.040349, 400.000000, 15000.000000, 400.000000, 0.328296, -1308.998421, -3922.660000, 2613.661579, 0.328296, 0.328296, 0.328296, -0.577379, 2613.661579, 3191.040349, -577.378770, -0.577379, -0.577379, -0.577379, -1308.998421, -1308.998421, 0.328296, -577.378770, -0.577379, 1000.000000, -3922.660000, 0.328296, 400.000000, 0.328296, 2613.661579, 2613.661579, 2613.661579, 2613.661579, -0.577379, -0.249083, 0.328296, 2613.661579, -0.730781, 1.198901, -0.577379, 0.212736, 0.261511, -1308.998421, 131.318446, 0.000000, 0.328296, 1.198901, 1.000000, 0.328296, 1.198901, 0.100000, 0.000000, 10.000000, 1506.102714, 0.000000, 0.000000, 1506.102714, 0.100000, 0.100000, 0.100000, 0.100000, 0.100000, 1.000000, 2266.413185, 0.000000, 0.100000, -6.283185, 0.000000, 2266.413185, 40.000000, 400.000000, 150000.000000, 40.000000, -0.730781, -1478.279915, 3352.427100, -392.266000, 2266.413185, -0.730781, -0.730781, -0.730781, -0.730781, 0.730781, 2266.413185, 2266.413185, 0.000000, 0.730781, 0.730781, 0.730781, 3352.427100, 3352.427100, -0.730781, 0.000000, 0.730781, 0.000000, -392.266000, -0.730781, 40.000000, -0.730781, 2266.413185, 2266.413185, 2266.413185, 2266.413185, 0.730781, 0.000000, -0.730781, 2266.413185, 0.000000, 2613.661579, -0.730781, 0.646931, 0.730781, 0.015109, 0.028766, -1478.279915, -29.231237, 0.000000, -0.730781, 0.646931, 0.500000, -0.730781, 0.646931
1.41, 3036.778451, 400.000000, 15000.000000, 400.000000, 0.282368, -1899.030142, -3922.660000, 2023.629858, 0.282368, 0.282368, 0.282368, -1.013149, 2023.629858, 3036.778451, -1013.148593, -1.013149, -1.013149, -1.013149, -1899.030142, -1899.030142, 0.282368, -1013.148593, -1.013149, 1000.000000, -3922.660000, 0.282368, 400.000000, 0.282368, 2023.629858, 2023.629858, 2023.629858, 2023.629858, -1.013149, -0.730781, 0.282368, 2023.629858, -0.774046, 1.201958, -1.013149, 0.202452, 0.261511, -1899.030142, 112.947068, 0.000000, 0.282368, 1.201958, 1.000000, 0.282368, 1.201958, 0.100000, 0.000000, 10.000000, 2266.413185, 0.000000, 0.000000, 2266.413185, 0.100000, 0.100000, 0.100000, 0.100000, 0.100000, 1.000000, 3434.060488, 0.000000, 0.100000, -6.283185, 0.000000, 3434.060488, 40.000000, 400.000000, 150000.000000, 40.000000, -0.774046, 428.132909, 2613.661579, -392.266000, 3434.060488, -0.774046, -0.774046, -0.774046, -0.774046, 0.774046, 3434.060488, 3434.060488, 0.000000, 0.774046, 0.774046, 0.774046, 2613.661579, 2613.661579, -0.774046, 0.000000, 0.774046, 0.000000, -392.266000, -0.774046, 40.000000, -0.774046, 3434.060488, 3434.060488, 3434.060488, 3434.060488, 0.774046, 0.000000, -0.774046, 3434.060488, 0.000000, 2023.629858, -0.774046, 0.639146, 0.774046, 0.022894, 0.028766, 428.132909, -30.961822, 0.000000, -0.774046, 0.639146, 0.500000, -0.774046, 0.639146
1.42, 2882.130681, 400.000000, 15000.000000, 400.000000, 0.232499, -2047.073535, -3922.660000, 1875.586465, 0.232499, 0.232499, 0.232499, -1.006544, 1875.586465, 2882.130681, -1006.544216, -1.006544, -1.006544, -1.006544, -2047.073535, -2047.073535, 0.232499, -1006.544216, -1.006544, 1000.000000, -3922.660000, 0.232499, 400.000000, 0.232499, 1875.586465, 1875.586465, 1875.586465, 1875.586465, -1.006544, -0.774046, 0.232499, 1875.586465, -0.396475, 1.204535, -1.006544, 0.192142, 0.261511, -2047.073535, 92.999467, 0.000000, 0.232499, 1.204535, 1.000000, 0.232499, 1.204535, 0.100000, 0.000000, 10.000000, 3434.060488, 0.000000, 0.000000, 3434.060488, 0.100000, 0.100000, 0.100000, 0.100000, 0.100000, 1.000000, 4342.357771, 0.000000, 0.100000, -6.283185, 0.000000, 4342.357771, 40.000000, 400.000000, 150000.000000, 40.000000, -0.396475, 1926.461913, 2023.629858, -392.266000, 4342.357771, -0.396475, -0.396475, -0.396475, -0.396475, 0.396475, 4342.357771, 4342.357771, 0.000000, 0.396475, 0.396475, 0.396475, 2023.629858, 2023.629858, -0.396475, 0.000000, 0.396475, 0.000000, -392.266000, -0.396475, 40.000000, -0.396475, 4342.357771, 4342.357771, 4342.357771, 4342.357771, 0.396475, 0.000000, -0.396475, 4342.357771, 0.000000, 1875.586465, -0.396475, 0.633091, 0.396475, 0.028949, 0.028766, 1926.461913, -15.858998, 0.000000, -0.396475, 0.633091, 0.500000, -0.396475, 0.633091
1.43, 2790.027772, 400.000000, 15000.000000, 400.000000, 0.189959, -1719.065794, -3922.660000, 2203.594206, 0.189959, 0.189959, 0.189959, -0.586434, 2203.594206, 2790.027772, -586.433567, -0.586434, -0.586434, -0.586434, -1719.065794, -1719.065794, 0.189959, -586.433567, -0.586434, 1000.000000, -3922.660000, 0.189959, 400.000000, 0.189959, 2203.594206, 2203.594206, 2203.594206, 2203.594206, -0.586434, -0.396475, 0.189959, 2203.594206, 0.161880, 1.206647, -0.586434, 0.186002, 0.261511, -1719.065794, 75.983447, 0.000000, 0.189959, 1.206647, 1.000000, 0.189959, 1.206647, 0.100000, 0.000000, 10.000000, 4342.357771, 0.000000, 0.000000, 4342.357771, 0.100000, 0.100000, 0.100000, 0.100000, 0.100000, 1.000000, 4524.494549, 0.000000, 0.100000, -6.283185, 0.000000, 4524.494549, 40.000000, 400.000000, 150000.000000, 40.000000, 0.161880, 2256.642084, 1875.586465, -392.266000, 4524.494549, 0.161880, 0.161880, 0.161880, 0.161880, -0.161880, 4524.494549, 4524.494549, -0.000000, -0.161880, -0.161880, -0.161880, 1875.586465, 1875.586465, 0.161880, -0.000000, -0.161880, 0.000000, -392.266000, 0.161880, 40.000000, 0.161880, 4524.494549, 4524.494549, 4524.494549, 4524.494549, -0.161880, 0.000000, 0.161880, 4524.494549, 0.000000, 2203.594206, 0.161880, 0.631877, -0.161880, 0.030163, 0.028766, 2256.642084, 6.475183, 0.000000, 0.161880, 0.631877, 0.500000, 0.161880, 0.631877
1.44, 2786.617319, 400.000000, 15000.000000, 400.000000, 0.161005, -1135.168458, -3922.660000, 2787.491542, 0.161005, 0.161005, 0.161005, 0.000874, 2787.491542, 2786.617319, 0.874223, 0.000874, 0.000874, 0.000874, -1135.168458, -1135.168458, 0.161005, 0.874223, 0.000874, 1000.000000, -3922.660000, 0.161005, 400.000000, 0.161005, 2787.491542, 2787.491542, 2787.491542, 2787.491542, 0.000874, 0.161880, 0.161005, 2787.491542, 0.586166, 1.208400, 0.000874, 0.185774, 0.261511, -1135.168458, 64.402139, 0.000000, 0.161005, 1.208400, 1.000000, 0.161005, 1.208400, 0.100000, 0.000000, 10.000000, 4524.494549, 0.000000, 0.000000, 4524.494549, 0.100000, 0.100000, 0.100000, 0.100000, 0.100000, 1.000000, 3944.186565, 0.000000, 0.100000, -6.283185, 0.000000, 3944.186565, 40.000000, 400.000000, 150000.000000, 40.000000, 0.586166, 1348.326359, 2203.594206, -392.266000, 3944.186565, 0.586166, 0.586166, 0.586166, 0.586166, -0.586166, 3944.186565, 3944.186565, -0.000000, -0.586166, -0.586166, -0.586166, 2203.594206, 2203.594206, 0.586166, -0.000000, -0.586166, 0.000000, -392.266000, 0.586166, 40.000000, 0.586166, 3944.186565, 3944.186565, 3944.186565, 3944.186565, -0.586166, 0.000000, 0.586166, 3944.186565, 0.000000, 2787.491542, 0.586166, 0.635746, -0.586166, 0.026295, 0.028766, 1348.326359, 23.446636, 0.000000, 0.586166, 0.635746, 0.500000, 0.586166, 0.635746
1.45, 2850.640680, 400.000000, 15000.000000, 400.000000, 0.144057, -629.910058, -3922.660000, 3292.749942, 0.144057, 0.144057, 0.144057, 0.442109, 3292.749942, 2850.640680, 442.109262, 0.442109, 0.442109, 0.442109, -629.910058, -629.910058, 0.144057, 442.109262, 0.442109, 1000.000000, -3922.660000, 0.144057, 400.000000, 0.144057, 3292.749942, 3292.749942, 3292.749942, 3292.749942, 0.442109, 0.586166, 0.144057, 3292.749942, 0.661028, 1.209923, 0.442109, 0.190043, 0.261511, -629.910058, 57.622653, 0.000000, 0.144057, 1.209923, 1.000000, 0.144057, 1.209923, 0.100000, 0.000000, 10.000000, 3944.186565, 0.000000, 0.000000, 3944.186565, 0.100000, 0.100000, 0.100000, 0.100000, 0.100000, 1.000000, 2976.537280, 0.000000, 0.100000, -6.283185, 0.000000, 2976.537280, 40.000000, 400.000000, 150000.000000, 40.000000, 0.661028, -203.220262, 2787.491542, -392.266000, 2976.537280, 0.661028, 0.661028, 0.661028, 0.661028, -0.661028, 2976.537280, 2976.537280, -0.000000, -0.661028, -0.661028, -0.661028, 2787.491542, 2787.491542, 0.661028, -0.000000, -0.661028, 0.000000, -392.266000, 0.661028, 40.000000, 0.661028, 2976.537280, 2976.537280, 2976.537280, 2976.537280, -0.661028, 0.000000, 0.661028, 2976.537280, 0.000000, 3292.749942, 0.661028, 0.642197, -0.661028, 0.019844, 0.028766, -203.220262, 26.441103, 0.000000, 0.661028, 0.642197, 0.500000, 0.661028, 0.642197
1.46, 2928.987751, 400.000000, 15000.000000, 400.000000, 0.131287, -463.931695, -3922.660000, 3458.728305, 0.131287, 0.131287, 0.131287, 0.529741, 3458.728305, 2928.987751, 529.740554, 0.529741, 0.529741, 0.529741, -463.931695, -463.931695, 0.131287, 529.740554, 0.529741, 1000.000000, -3922.660000, 0.131287, 400.000000, 0.131287, 3458.728305, 3458.728305, 3458.728305, 3458.728305, 0.529741, 0.661028, 0.131287, 3458.728305, 0.376377, 1.211298, 0.529741, 0.195266, 0.261511, -463.931695, 52.514805, 0.000000, 0.131287, 1.211298, 1.000000, 0.131287, 1.211298, 0.100000, 0.000000, 10.000000, 2976.537280, 0.000000, 0.000000, 2976.537280, 0.100000, 0.100000, 0.100000, 0.100000, 0.100000, 1.000000, 2171.591664, 0.000000, 0.100000, -6.283185, 0.000000, 2171.591664, 40.000000, 400.000000, 150000.000000, 40.000000, 0.376377, -1513.424278, 3292.749942, -392.266000, 2171.591664, 0.376377, 0.376377, 0.376377, 0.376377, -0.376377, 2171.591664, 2171.591664, -0.000000, -0.376377, -0.376377, -0.376377, 3292.749942, 3292.749942, 0.376377, -0.000000, -0.376377, 0.000000, -392.266000, 0.376377, 40.000000, 0.376377, 2171.591664, 2171.591664, 2171.591664, 2171.591664, -0.376377, 0.000000, 0.376377, 2171.591664, 0.000000, 3458.728305, 0.376377, 0.647563, -0.376377, 0.014477, 0.028766, -1513.424278, 15.055095, 0.000000, 0.376377, 0.647563, 0.500000, 0.376377, 0.647563
1.47, 2967.812750, 400.000000, 15000.000000, 400.000000, 0.113405, -691.874507, -3922.660000, 3230.785493, 0.113405, 0.113405, 0.113405, 0.262973, 3230.785493, 2967.812750, 262.972742, 0.262973, 0.262973, 0.262973, -691.874507, -691.874507, 0.113405, 262.972742, 0.262973, 1000.000000, -3922.660000, 0.113405, 400.000000, 0.113405, 3230.785493, 3230.785493, 3230.785493, 3230.785493, 0.262973, 0.376377, 0.113405, 3230.785493, -0.085547, 1.212521, 0.262973, 0.197854, 0.261511, -691.874507, 45.361849, 0.000000, 0.113405, 1.212521, 1.000000, 0.113405, 1.212521, 0.100000, 0.000000, 10.000000, 2171.591664, 0.000000, 0.000000, 2171.591664, 0.100000, 0.100000, 0.100000, 0.100000, 0.100000, 1.000000, 1945.851483, 0.000000, 0.100000, -6.283185, 0.000000, 1945.851483, 40.000000, 400.000000, 150000.000000, 40.000000, -0.085547, -1905.142822, 3458.728305, -392.266000, 1945.851483, -0.085547, -0.085547, -0.085547, -0.085547, 0.085547, 1945.851483, 1945.851483, 0.000000, 0.085547, 0.085547, 0.085547, 3458.728305, 3458.728305, -0.085547, 0.000000, 0.085547, 0.000000, -392.266000, -0.085547, 40.000000, -0.085547, 1945.851483, 1945.851483, 1945.851483, 1945.851483, 0.085547, 0.000000, -0.085547, 1945.851483, 0.000000, 3230.785493, -0.085547, 0.649068, 0.085547, 0.012972, 0.028766, -1905.142822, -3.421884, 0.000000, -0.085547, 0.649068, 0.500000, -0.085547, 0.649068
1.48, 2941.257481, 400.000000, 15000.000000, 400.000000, 0.084781, -1151.730674, -3922.660000, 2770.929326, 0.084781, 0.084781, 0.084781, -0.170328, 2770.929326, 2941.257481, -170.328156, -0.170328, -0.170328, -0.170328, -1151.730674, -1151.730674, 0.084781, -170.328156, -0.170328, 1000.000000, -3922.660000, 0.084781, 400.000000, 0.084781, 2770.929326, 2770.929326, 2770.929326, 2770.929326, -0.170328, -0.085547, 0.084781, 2770.929326, -0.464360, 1.213512, -0.170328, 0.196084, 0.261511, -1151.730674, 33.912421, 0.000000, 0.084781, 1.213512, 1.000000, 0.084781, 1.213512, 0.100000, 0.000000, 10.000000, 1945.851483, 0.000000, 0.000000, 1945.851483, 0.100000, 0.100000, 0.100000, 0.100000, 0.100000, 1.000000, 2372.407960, 0.000000, 0.100000, -6.283185, 0.000000, 2372.407960, 40.000000, 400.000000, 150000.000000, 40.000000, -0.464360, -1250.643533, 3230.785493, -392.266000, 2372.407960, -0.464360, -0.464360, -0.464360, -0.464360, 0.464360, 2372.407960, 2372.407960, 0.000000, 0.464360, 0.464360, 0.464360, 3230.785493, 3230.785493, -0.464360, 0.000000, 0.464360, 0.000000, -392.266000, -0.464360, 40.000000, -0.464360, 2372.407960, 2372.407960, 2372.407960, 2372.407960, 0.464360, 0.000000, -0.464360, 2372.407960, 0.000000, 2770.929326, -0.464360, 0.646224, 0.464360, 0.015816, 0.028766, -1250.643533, -18.574398, 0.000000, -0.464360, 0.646224, 0.500000, -0.464360, 0.646224
1.49, 2862.704502, 400.000000, 15000.000000, 400.000000, 0.046172, -1570.487087, -3922.660000, 2352.172913, 0.046172, 0.046172, 0.046172, -0.510532, 2352.172913, 2862.704502, -510.531589, -0.510532, -0.510532, -0.510532, -1570.487087, -1570.487087, 0.046172, -510.531589, -0.510532, 1000.000000, -3922.660000, 0.046172, 400.000000, 0.046172, 2352.172913, 2352.172913, 2352.172913, 2352.172913, -0.510532, -0.464360, 0.046172, 2352.172913, -0.567118, 1.214169, -0.510532, 0.190847, 0.261511, -1570.487087, 18.468654, 0.000000, 0.046172, 1.214169, 1.000000, 0.046172, 1.214169, 0.100000, 0.000000, 10.000000, 2372.407960, 0.000000, 0.000000, 2372.407960, 0.100000, 0.100000, 0.100000, 0.100000, 0.100000, 1.000000, 3172.617426, 0.000000, 0.100000, -6.283185, 0.000000, 3172.617426, 40.000000, 400.000000, 150000.000000, 40.000000, -0.567118, 9.422100, 2770.929326, -392.266000, 3172.617426, -0.567118, -0.567118, -0.567118, -0.567118, 0.567118, 3172.617426, 3172.617426, 0.000000, 0.567118, 0.567118, 0.567118, 2770.929326, 2770.929326, -0.567118, 0.000000, 0.567118, 0.000000, -392.266000, -0.567118, 40.000000, -0.567118, 3172.617426, 3172.617426, 3172.617426, 3172.617426, 0.567118, 0.000000, -0.567118, 3172.617426, 0.000000, 2352.172913, -0.567118, 0.640889, 0.567118, 0.021151, 0.028766, 9.422100, -22.684714, 0.000000, -0.567118, 0.640889, 0.500000, -0.567118, 0.640889
1.5, 2774.128667, 400.000000, 15000.000000, 400.000000, 0.003793, -1719.442051, -3922.660000, 2203.217949, 0.003793, 0.003793, 0.003793, -0.570911, 2203.217949, 2774.128667, -570.910718, -0.570911, -0.570911, -0.570911, -1719.442051, -1719.442051, 0.003793, -570.910718, -0.570911, 1000.000000, -3922.660000, 0.003793, 400.000000, 0.003793, 2203.217949, 2203.217949, 2203.217949, 2203.217949, -0.570911, -0.567118, 0.003793, 2203.217949, -0.365014, 1.214420, -0.570911, 0.184942, 0.261511, -1719.442051, 1.517146, 0.000000, 0.003793, 1.214420, 1.000000, 0.003793, 1.214420, 0.100000, 0.000000, 10.000000, 3172.617426, 0.000000, 0.000000, 3172.617426, 0.100000, 0.100000, 0.100000, 0.100000, 0.100000, 1.000000, 3895.765726, 0.000000, 0.100000, -6.283185, 0.000000, 3895.765726, 40.000000, 400.000000, 150000.000000, 40.000000, -0.365014, 1151.326813, 2352.172913, -392.266000, 3895.765726, -0.365014, -0.365014, -0.365014, -0.365014, 0.365014, 3895.765726, 3895.765726, 0.000000, 0.365014, 0.365014, 0.365014, 2352.172913, 2352.172913, -0.365014, 0.000000, 0.365014, 0.000000, -392.266000, -0.365014, 40.000000, -0.365014, 3895.765726, 3895.765726, 3895.765726, 3895.765726, 0.365014, 0.000000, -0.365014, 3895.765726, 0.000000, 2203.217949, -0.365014, 0.636068, 0.365014, 0.025972, 0.028766, 1151.326813, -14.600564, 0.000000, -0.365014, 0.636068, 0.500000, -0.365014, 0.636068
1.51, 2721.170692, 400.000000, 15000.000000, 400.000000, -0.034427, -1532.076446, -3922.660000, 2390.583554, -0.034427, -0.034427, -0.034427, -0.330587, 2390.583554, 2721.170692, -330.587139, -0.330587, -0.330587, -0.330587, -1532.076446, -1532.076446, -0.034427, -330.587139, -0.330587, 1000.000000, -3922.660000, -0.034427, 400.000000, -0.034427, 2390.583554, 2390.583554, 2390.583554, 2390.583554, -0.330587, -0.365014, -0.034427, 2390.583554, 0.005937, 1.214267, -0.330587, 0.181411, 0.261511, -1532.076446, -13.770782, 0.000000, -0.034427, 1.214267, 1.000000, -0.034427, 1.214267, 0.100000, 0.000000, 10.000000, 3895.765726, 0.000000, 0.000000, 3895.765726, 0.100000, 0.100000, 0.100000, 0.100000, 0.100000, 1.000000, 4174.297963, 0.000000, 0.100000, -6.283185, 0.000000, 4174.297963, 40.000000, 400.000000, 150000.000000, 40.000000, 0.005937, 1578.814014, 2203.217949, -392.266000, 4174.297963, 0.005937, 0.005937, 0.005937, 0.005937, -0.005937, 4174.297963, 4174.297963, -0.000000, -0.005937, -0.005937, -0.005937, 2203.217949, 2203.217949, 0.005937, -0.000000, -0.005937, 0.000000, -392.266000, 0.005937, 40.000000, 0.005937, 4174.297963, 4174.297963, 4174.297963, 4174.297963, -0.005937, 0.000000, 0.005937, 4174.297963, 0.000000, 2390.583554, 0.005937, 0.634211, -0.005937, 0.027829, 0.028766, 1578.814014, 0.237481, 0.000000, 0.005937, 0.634211, 0.500000, 0.005937, 0.634211
1.52, 2728.477166, 400.000000, 15000.000000, 400.000000, -0.063176, -1125.070162, -3922.660000, 2797.589838, -0.063176, -0.063176, -0.063176, 0.069113, 2797.589838, 2728.477166, 69.112672, 0.069113, 0.069113, 0.069113, -1125.070162, -1125.070162, -0.063176, 69.112672, 0.069113, 1000.000000, -3922.660000, -0.063176, 400.000000, -0.063176, 2797.589838, 2797.589838, 2797.589838, 2797.589838, 0.069113, 0.005937, -0.063176, 2797.589838, 0.332022, 1.213777, 0.069113, 0.181898, 0.261511, -1125.070162, -25.270256, 0.000000, -0.063176, 1.213777, 1.000000, -0.063176, 1.213777, 0.100000, 0.000000, 10.000000, 4174.297963, 0.000000, 0.000000, 4174.297963, 0.100000, 0.100000, 0.100000, 0.100000, 0.100000, 1.000000, 3911.994758, 0.000000, 0.100000, -6.283185, 0.000000, 3911.994758, 40.000000, 400.000000, 150000.000000, 40.000000, 0.332022, 1129.145204, 2390.583554, -392.266000, 3911.994758, 0.332022, 0.332022, 0.332022, 0.332022, -0.332022, 3911.994758, 3911.994758, -0.000000, -0.332022, -0.332022, -0.332022, 2390.583554, 2390.583554, 0.332022, -0.000000, -0.332022, 0.000000, -392.266000, 0.332022, 40.000000, 0.332022, 3911.994758, 3911.994758, 3911.994758, 3911.994758, -0.332022, 0.000000, 0.332022, 3911.994758, 0.000000, 2797.589838, 0.332022, 0.635960, -0.332022, 0.026080, 0.028766, 1129.145204, 13.280870, 0.000000, 0.332022, 0.635960, 0.500000, 0.332022, 0.635960
1.53, 2788.411608, 400.000000, 15000.000000, 400.000000, -0.082308, -719.918562, -3922.660000, 3202.741438, -0.082308, -0.082308, -0.082308, 0.414330, 3202.741438, 2788.411608, 414.329830, 0.414330, 0.414330, 0.414330, -719.918562, -719.918562, -0.082308, 414.329830, 0.414330, 1000.000000, -3922.660000, -0.082308, 400.000000, -0.082308, 3202.741438, 3202.741438, 3202.741438, 3202.741438, 0.414330, 0.332022, -0.082308, 3202.741438, 0.442538, 1.213047, 0.414330, 0.185894, 0.261511, -719.918562, -32.923234, 0.000000, -0.082308, 1.213047, 1.000000, -0.082308, 1.213047, 0.100000, 0.000000, 10.000000, 3911.994758, 0.000000, 0.000000, 3911.994758, 0.100000, 0.100000, 0.100000, 0.100000, 0.100000, 1.000000, 3310.900816, 0.000000, 0.100000, -6.283185, 0.000000, 3310.900816, 40.000000, 400.000000, 150000.000000, 40.000000, 0.442538, 121.044978, 2797.589838, -392.266000, 3310.900816, 0.442538, 0.442538, 0.442538, 0.442538, -0.442538, 3310.900816, 3310.900816, -0.000000, -0.442538, -0.442538, -0.442538, 2797.589838, 2797.589838, 0.442538, -0.000000, -0.442538, 0.000000, -392.266000, 0.442538, 40.000000, 0.442538, 3310.900816, 3310.900816, 3310.900816, 3310.900816, -0.442538, 0.000000, 0.442538, 3310.900816, 0.000000, 3202.741438, 0.442538, 0.639967, -0.442538, 0.022073, 0.028766, 121.044978, 17.701506, 0.000000, 0.442538, 0.639967, 0.500000, 0.442538, 0.639967
1.54, 2867.953435, 400.000000, 15000.000000, 400.000000, -0.096421, -515.748009, -3922.660000, 3406.911991, -0.096421, -0.096421, -0.096421, 0.538959, 3406.911991, 2867.953435, 538.958556, 0.538959, 0.538959, 0.538959, -515.748009, -515.748009, -0.096421, 538.958556, 0.538959, 1000.000000, -3922.660000, -0.096421, 400.000000, -0.096421, 3406.911991, 3406.911991, 3406.911991, 3406.911991, 0.538959, 0.442538, -0.096421, 3406.911991, 0.296834, 1.212151, 0.538959, 0.191197, 0.261511, -515.748009, -38.568360, 0.000000, -0.096421, 1.212151, 1.000000, -0.096421, 1.212151, 0.100000, 0.000000, 10.000000, 3310.900816, 0.000000, 0.000000, 3310.900816, 0.100000, 0.100000, 0.100000, 0.100000, 0.100000, 1.000000, 2737.060469, 0.000000, 0.100000, -6.283185, 0.000000, 2737.060469, 40.000000, 400.000000, 150000.000000, 40.000000, 0.296834, -857.946969, 3202.741438, -392.266000, 2737.060469, 0.296834, 0.296834, 0.296834, 0.296834, -0.296834, 2737.060469, 2737.060469, -0.000000, -0.296834, -0.296834, -0.296834, 3202.741438, 3202.741438, 0.296834, -0.000000, -0.296834, 0.000000, -392.266000, 0.296834, 40.000000, 0.296834, 2737.060469, 2737.060469, 2737.060469, 2737.060469, -0.296834, 0.000000, 0.296834, 2737.060469, 0.000000, 3406.911991, 0.296834, 0.643793, -0.296834, 0.018247, 0.028766, -857.946969, 11.873363, 0.000000, 0.296834, 0.643793, 0.500000, 0.296834, 0.643793
1.55, 2928.489210, 400.000000, 15000.000000, 400.000000, -0.111943, -585.393828, -3922.660000, 3337.266172, -0.111943, -0.111943, -0.111943, 0.408777, 3337.266172, 2928.489210, 408.776962, 0.408777, 0.408777, 0.408777, -585.393828, -585.393828, -0.111943, 408.776962, 0.408777, 1000.000000, -3922.660000, -0.111943, 400.000000, -0.111943, 3337.266172, 3337.266172, 3337.266172, 3337.266172, 0.408777, 0.296834, -0.111943, 3337.266172, -0.005651, 1.211108, 0.408777, 0.195233, 0.261511, -585.393828, -44.777155, 0.000000, -0.111943, 1.211108, 1.000000, -0.111943, 1.211108, 0.100000, 0.000000, 10.000000, 2737.060469, 0.000000, 0.000000, 2737.060469, 0.100000, 0.100000, 0.100000, 0.100000, 0.100000, 1.000000, 2510.923614, 0.000000, 0.100000, -6.283185, 0.000000, 2510.923614, 40.000000, 400.000000, 150000.000000, 40.000000, -0.005651, -1288.254377, 3406.911991, -392.266000, 2510.923614, -0.005651, -0.005651, -0.005651, -0.005651, 0.005651, 2510.923614, 2510.923614, 0.000000, 0.005651, 0.005651, 0.005651, 3406.911991, 3406.911991, -0.005651, 0.000000, 0.005651, 0.000000, -392.266000, -0.005651, 40.000000, -0.005651, 2510.923614, 2510.923614, 2510.923614, 2510.923614, 0.005651, 0.000000, -0.005651, 2510.923614, 0.000000, 3337.266172, -0.005651, 0.645301, 0.005651, 0.016739, 0.028766, -1288.254377, -0.226027, 0.000000, -0.005651, 0.645301, 0.500000, -0.005651, 0.645301
1.56, 2946.809759, 400.000000, 15000.000000, 400.000000, -0.133512, -847.988863, -3922.660000, 3074.671137, -0.133512, -0.133512, -0.133512, 0.127861, 3074.671137, 2946.809759, 127.861378, 0.127861, 0.127861, 0.127861, -847.988863, -847.988863, -0.133512, 127.861378, 0.127861, 1000.000000, -3922.660000, -0.133512, 400.000000, -0.133512, 3074.671137, 3074.671137, 3074.671137, 3074.671137, 0.127861, -0.005651, -0.133512, 3074.671137, -0.290827, 1.209881, 0.127861, 0.196454, 0.261511, -847.988863, -53.404821, 0.000000, -0.133512, 1.209881, 1.000000, -0.133512, 1.209881, 0.100000, 0.000000, 10.000000, 2510.923614, 0.000000, 0.000000, 2510.923614, 0.100000, 0.100000, 0.100000, 0.100000, 0.100000, 1.000000, 2740.725725, 0.000000, 0.100000, -6.283185, 0.000000, 2740.725725, 40.000000, 400.000000, 150000.000000, 40.000000, -0.290827, -988.806447, 3337.266172, -392.266000, 2740.725725, -0.290827, -0.290827, -0.290827, -0.290827, 0.290827, 2740.725725, 2740.725725, 0.000000, 0.290827, 0.290827, 0.290827, 3337.266172, 3337.266172, -0.290827, 0.000000, 0.290827, 0.000000, -392.266000, -0.290827, 40.000000, -0.290827, 2740.725725, 2740.725725, 2740.725725, 2740.725725, 0.290827, 0.000000, -0.290827, 2740.725725, 0.000000, 3074.671137, -0.290827, 0.643769, 0.290827, 0.018272, 0.028766, -988.806447, -11.633061, 0.000000, -0.290827, 0.643769, 0.500000, -0.290827, 0.643769
1.57, 2926.027695, 400.000000, 15000.000000, 400.000000, -0.161632, -1125.827158, -3922.660000, 2796.832842, -0.161632, -0.161632, -0.161632, -0.129195, 2796.832842, 2926.027695, -129.194853, -0.129195, -0.129195, -0.129195, -1125.827158, -1125.827158, -0.161632, -129.194853, -0.129195, 1000.000000, -3922.660000, -0.161632, 400.000000, -0.161632, 2796.832842, 2796.832842, 2796.832842, 2796.832842, -0.129195, -0.290827, -0.161632, 2796.832842, -0.409291, 1.208406, -0.129195, 0.195069, 0.261511, -1125.827158, -64.652670, 0.000000, -0.161632, 1.208406, 1.000000, -0.161632, 1.208406, 0.100000, 0.000000, 10.000000, 2740.725725, 0.000000, 0.000000, 2740.725725, 0.100000, 0.100000, 0.100000, 0.100000, 0.100000, 1.000000, 3283.709969, 0.000000, 0.100000, -6.283185, 0.000000, 3283.709969, 40.000000, 400.000000, 150000.000000, 40.000000, -0.409291, -183.227167, 3074.671137, -392.266000, 3283.709969, -0.409291, -0.409291, -0.409291, -0.409291, 0.409291, 3283.709969, 3283.709969, 0.000000, 0.409291, 0.409291, 0.409291, 3074.671137, 3074.671137, -0.409291, 0.000000, 0.409291, 0.000000, -392.266000, -0.409291, 40.000000, -0.409291, 3283.709969, 3283.709969, 3283.709969, 3283.709969, 0.409291, 0.000000, -0.409291, 3283.709969, 0.000000, 2796.832842, -0.409291, 0.640149, 0.409291, 0.021891, 0.028766, -183.227167, -16.371658, 0.000000, -0.409291, 0.640149, 0.500000, -0.409291, 0.640149
1.58, 2891.503107, 400.000000, 15000.000000, 400.000000, -0.192739, -1247.709172, -3922.660000, 2674.950828, -0.192739, -0.192739, -0.192739, -0.216552, 2674.950828, 2891.503107, -216.552279, -0.216552, -0.216552, -0.216552, -1247.709172, -1247.709172, -0.192739, -216.552279, -0.216552, 1000.000000, -3922.660000, -0.192739, 400.000000, -0.192739, 2674.950828, 2674.950828, 2674.950828, 2674.950828, -0.216552, -0.409291, -0.192739, 2674.950828, -0.313663, 1.206634, -0.216552, 0.192767, 0.261511, -1247.709172, -77.095669, 0.000000, -0.192739, 1.206634, 1.000000, -0.192739, 1.206634, 0.100000, 0.000000, 10.000000, 3283.709969, 0.000000, 0.000000, 3283.709969, 0.100000, 0.100000, 0.100000, 0.100000, 0.100000, 1.000000, 3844.426904, 0.000000, 0.100000, -6.283185, 0.000000, 3844.426904, 40.000000, 400.000000, 150000.000000, 40.000000, -0.313663, 655.328062, 2796.832842, -392.266000, 3844.426904, -0.313663, -0.313663, -0.313663, -0.313663, 0.313663, 3844.426904, 3844.426904, 0.000000, 0.313663, 0.313663, 0.313663, 2796.832842, 2796.832842, -0.313663, 0.000000, 0.313663, 0.000000, -392.266000, -0.313663, 40.000000, -0.313663, 3844.426904, 3844.426904, 3844.426904, 3844.426904, 0.313663, 0.000000, -0.313663, 3844.426904, 0.000000, 2674.950828, -0.313663, 0.636411, 0.313663, 0.025630, 0.028766, 655.328062, -12.546524, 0.000000, -0.313663, 0.636411, 0.500000, -0.313663, 0.636411
1.59, 2875.284649, 400.000000, 15000.000000, 400.000000, -0.221436, -1139.602595, -3922.660000, 2783.057405, -0.221436, -0.221436, -0.221436, -0.092227, 2783.057405, 2875.284649, -92.227245, -0.092227, -0.092227, -0.092227, -1139.602595, -1139.602595, -0.221436, -92.227245, -0.092227, 1000.000000, -3922.660000, -0.221436, 400.000000, -0.221436, 2783.057405, 2783.057405, 2783.057405, 2783.057405, -0.092227, -0.313663, -0.221436, 2783.057405, -0.074698, 1.204563, -0.092227, 0.191686, 0.261511, -1139.602595, -88.574338, 0.000000, -0.221436, 1.204563, 1.000000, -0.221436, 1.204563, 0.100000, 0.000000, 10.000000, 3844.426904, 0.000000, 0.000000, 3844.426904, 0.100000, 0.100000, 0.100000, 0.100000, 0.100000, 1.000000, 4145.547620, 0.000000, 0.100000, -6.283185, 0.000000, 4145.547620, 40.000000, 400.000000, 150000.000000, 40.000000, -0.074698, 1078.330792, 2674.950828, -392.266000, 4145.547620, -0.074698, -0.074698, -0.074698, -0.074698, 0.074698, 4145.547620, 4145.547620, 0.000000, 0.074698, 0.074698, 0.074698, 2674.950828, 2674.950828, -0.074698, 0.000000, 0.074698, 0.000000, -392.266000, -0.074698, 40.000000, -0.074698, 4145.547620, 4145.547620, 4145.547620, 4145.547620, 0.074698, 0.000000, -0.074698, 4145.547620, 0.000000, 2783.057405, -0.074698, 0.634403, 0.074698, 0.027637, 0.028766, 1078.330792, -2.987905, 0.000000, -0.074698, 0.634403, 0.500000, -0.074698, 0.634403
1.6, 2898.374340, 400.000000, 15000.000000, 400.000000, -0.243498, -855.485621, -3922.660000, 3067.174379, -0.243498, -0.243498, -0.243498, 0.168800, 3067.174379, 2898.374340, 168.800039, 0.168800, 0.168800, 0.168800, -855.485621, -855.485621, -0.243498, 168.800039, 0.168800, 1000.000000, -3922.660000, -0.243498, 400.000000, -0.243498, 3067.174379, 3067.174379, 3067.174379, 3067.174379, 0.168800, -0.074698, -0.243498, 3067.174379, 0.166923, 1.202237, 0.168800, 0.193225, 0.261511, -855.485621, -97.399063, 0.000000, -0.243498, 1.202237, 1.000000, -0.243498, 1.202237, 0.100000, 0.000000, 10.000000, 4145.547620, 0.000000, 0.000000, 4145.547620, 0.100000, 0.100000, 0.100000, 0.100000, 0.100000, 1.000000, 4073.784388, 0.000000, 0.100000, -6.283185, 0.000000, 4073.784388, 40.000000, 400.000000, 150000.000000, 40.000000, 0.166923, 898.460983, 2783.057405, -392.266000, 4073.784388, 0.166923, 0.166923, 0.166923, 0.166923, -0.166923, 4073.784388, 4073.784388, -0.000000, -0.166923, -0.166923, -0.166923, 2783.057405, 2783.057405, 0.166923, -0.000000, -0.166923, 0.000000, -392.266000, 0.166923, 40.000000, 0.166923, 4073.784388, 4073.784388, 4073.784388, 4073.784388, -0.166923, 0.000000, 0.166923, 4073.784388, 0.000000, 3067.174379, 0.166923, 0.634882, -0.166923, 0.027159, 0.028766, 898.460983, 6.676901, 0.000000, 0.166923, 0.634882, 0.500000, 0.166923, 0.634882
1.61, 2960.452224, 400.000000, 15000.000000, 400.000000, -0.257995, -537.290686, -3922.660000, 3385.369314, -0.257995, -0.257995, -0.257995, 0.424917, 3385.369314, 2960.452224, 424.917090, 0.424917, 0.424917, 0.424917, -537.290686, -537.290686, -0.257995, 424.917090, 0.424917, 1000.000000, -3922.660000, -0.257995, 400.000000, -0.257995, 3385.369314, 3385.369314, 3385.369314, 3385.369314, 0.424917, 0.166923, -0.257995, 3385.369314, 0.281724, 1.199727, 0.424917, 0.197363, 0.261511, -537.290686, -103.197825, 0.000000, -0.257995, 1.199727, 1.000000, -0.257995, 1.199727, 0.100000, 0.000000, 10.000000, 4073.784388, 0.000000, 0.000000, 4073.784388, 0.100000, 0.100000, 0.100000, 0.100000, 0.100000, 1.000000, 3725.457531, 0.000000, 0.100000, -6.283185, 0.000000, 3725.457531, 40.000000, 400.000000, 150000.000000, 40.000000, 0.281724, 266.017152, 3067.174379, -392.266000, 3725.457531, 0.281724, 0.281724, 0.281724, 0.281724, -0.281724, 3725.457531, 3725.457531, -0.000000, -0.281724, -0.281724, -0.281724, 3067.174379, 3067.174379, 0.281724, -0.000000, -0.281724, 0.000000, -392.266000, 0.281724, 40.000000, 0.281724, 3725.457531, 3725.457531, 3725.457531, 3725.457531, -0.281724, 0.000000, 0.281724, 3725.457531, 0.000000, 3385.369314, 0.281724, 0.637204, -0.281724, 0.024836, 0.028766, 266.017152, 11.268978, 0.000000, 0.281724, 0.637204, 0.500000, 0.281724, 0.637204
1.62, 3041.865772, 400.000000, 15000.000000, 400.000000, -0.267470, -331.600092, -3922.660000, 3591.059908, -0.267470, -0.267470, -0.267470, 0.549194, 3591.059908, 3041.865772, 549.194136, 0.549194, 0.549194, 0.549194, -331.600092, -331.600092, -0.267470, 549.194136, 0.549194, 1000.000000, -3922.660000, -0.267470, 400.000000, -0.267470, 3591.059908, 3591.059908, 3591.059908, 3591.059908, 0.549194, 0.281724, -0.267470, 3591.059908, 0.219372, 1.197098, 0.549194, 0.202791, 0.261511, -331.600092, -106.987878, 0.000000, -0.267470, 1.197098, 1.000000, -0.267470, 1.197098, 0.100000, 0.000000, 10.000000, 3725.457531, 0.000000, 0.000000, 3725.457531, 0.100000, 0.100000, 0.100000, 0.100000, 0.100000, 1.000000, 3336.406478, 0.000000, 0.100000, -6.283185, 0.000000, 3336.406478, 40.000000, 400.000000, 150000.000000, 40.000000, 0.219372, -441.228836, 3385.369314, -392.266000, 3336.406478, 0.219372, 0.219372, 0.219372, 0.219372, -0.219372, 3336.406478, 3336.406478, -0.000000, -0.219372, -0.219372, -0.219372, 3385.369314, 3385.369314, 0.219372, -0.000000, -0.219372, 0.000000, -392.266000, 0.219372, 40.000000, 0.219372, 3336.406478, 3336.406478, 3336.406478, 3336.406478, -0.219372, 0.000000, 0.219372, 3336.406478, 0.000000, 3591.059908, 0.219372, 0.639797, -0.219372, 0.022243, 0.028766, -441.228836, 8.774878, 0.000000, 0.219372, 0.639797, 0.500000, 0.219372, 0.639797
1.63, 3115.730729, 400.000000, 15000.000000, 400.000000, -0.276256, -311.301112, -3922.660000, 3611.358888, -0.276256, -0.276256, -0.276256, 0.495628, 3611.358888, 3115.730729, 495.628160, 0.495628, 0.495628, 0.495628, -311.301112, -311.301112, -0.276256, 495.628160, 0.495628, 1000.000000, -3922.660000, -0.276256, 400.000000, -0.276256, 3611.358888, 3611.358888, 3611.358888, 3611.358888, 0.495628, 0.219372, -0.276256, 3611.358888, 0.028401, 1.194377, 0.495628, 0.207715, 0.261511, -311.301112, -110.502487, 0.000000, -0.276256, 1.194377, 1.000000, -0.276256, 1.194377, 0.100000, 0.000000, 10.000000, 3336.406478, 0.000000, 0.000000, 3336.406478, 0.100000, 0.100000, 0.100000, 0.100000, 0.100000, 1.000000, 3143.879743, 0.000000, 0.100000, -6.283185, 0.000000, 3143.879743, 40.000000, 400.000000, 150000.000000, 40.000000, 0.028401, -839.446165, 3591.059908, -392.266000, 3143.879743, 0.028401, 0.028401, 0.028401, 0.028401, -0.028401, 3143.879743, 3143.879743, -0.000000, -0.028401, -0.028401, -0.028401, 3591.059908, 3591.059908, 0.028401, -0.000000, -0.028401, 0.000000, -392.266000, 0.028401, 40.000000, 0.028401, 3143.879743, 3143.879743, 3143.879743, 3143.879743, -0.028401, 0.000000, 0.028401, 3143.879743, 0.000000, 3611.358888, 0.028401, 0.641081, -0.028401, 0.020959, 0.028766, -839.446165, 1.136035, 0.000000, 0.028401, 0.641081, 0.500000, 0.028401, 0.641081
1.64, 3162.799344, 400.000000, 15000.000000, 400.000000, -0.287994, -443.465728, -3922.660000, 3479.194272, -0.287994, -0.287994, -0.287994, 0.316395, 3479.194272, 3162.799344, 316.394928, 0.316395, 0.316395, 0.316395, -443.465728, -443.465728, -0.287994, 316.394928, 0.316395, 1000.000000, -3922.660000, -0.287994, 400.000000, -0.287994, 3479.194272, 3479.194272, 3479.194272, 3479.194272, 0.316395, 0.028401, -0.287994, 3479.194272, -0.178443, 1.191555, 0.316395, 0.210853, 0.261511, -443.465728, -115.197619, 0.000000, -0.287994, 1.191555, 1.000000, -0.287994, 1.191555, 0.100000, 0.000000, 10.000000, 3143.879743, 0.000000, 0.000000, 3143.879743, 0.100000, 0.100000, 0.100000, 0.100000, 0.100000, 1.000000, 3259.999609, 0.000000, 0.100000, -6.283185, 0.000000, 3259.999609, 40.000000, 400.000000, 150000.000000, 40.000000, -0.178443, -743.625279, 3611.358888, -392.266000, 3259.999609, -0.178443, -0.178443, -0.178443, -0.178443, 0.178443, 3259.999609, 3259.999609, 0.000000, 0.178443, 0.178443, 0.178443, 3611.358888, 3611.358888, -0.178443, 0.000000, 0.178443, 0.000000, -392.266000, -0.178443, 40.000000, -0.178443, 3259.999609, 3259.999609, 3259.999609, 3259.999609, 0.178443, 0.000000, -0.178443, 3259.999609, 0.000000, 3479.194272, -0.178443, 0.640307, 0.178443, 0.021733, 0.028766, -743.625279, -7.137725, 0.000000, -0.178443, 0.640307, 0.500000, -0.178443, 0.640307
1.65, 3180.934024, 400.000000, 15000.000000, 400.000000, -0.303740, -616.429174, -3922.660000, 3306.230826, -0.303740, -0.303740, -0.303740, 0.125297, 3306.230826, 3180.934024, 125.296802, 0.125297, 0.125297, 0.125297, -616.429174, -616.429174, -0.303740, 125.296802, 0.125297, 1000.000000, -3922.660000, -0.303740, 400.000000, -0.303740, 3306.230826, 3306.230826, 3306.230826, 3306.230826, 0.125297, -0.178443, -0.303740, 3306.230826, -0.289957, 1.188596, 0.125297, 0.212062, 0.261511, -616.429174, -121.495967, 0.000000, -0.303740, 1.188596, 1.000000, -0.303740, 1.188596, 0.100000, 0.000000, 10.000000, 3259.999609, 0.000000, 0.000000, 3259.999609, 0.100000, 0.100000, 0.100000, 0.100000, 0.100000, 1.000000, 3623.131997, 0.000000, 0.100000, -6.283185, 0.000000, 3623.131997, 40.000000, 400.000000, 150000.000000, 40.000000, -0.289957, -248.328275, 3479.194272, -392.266000, 3623.131997, -0.289957, -0.289957, -0.289957, -0.289957, 0.289957, 3623.131997, 3623.131997, 0.000000, 0.289957, 0.289957, 0.289957, 3479.194272, 3479.194272, -0.289957, 0.000000, 0.289957, 0.000000, -392.266000, -0.289957, 40.000000, -0.289957, 3623.131997, 3623.131997, 3623.131997, 3623.131997, 0.289957, 0.000000, -0.289957, 3623.131997, 0.000000, 3306.230826, -0.289957, 0.637886, 0.289957, 0.024154, 0.028766, -248.328275, -11.598275, 0.000000, -0.289957, 0.637886, 0.500000, -0.289957, 0.637886
1.66, 3184.624752, 400.000000, 15000.000000, 400.000000, -0.321624, -706.368188, -3922.660000, 3216.291812, -0.321624, -0.321624, -0.321624, 0.031667, 3216.291812, 3184.624752, 31.667060, 0.031667, 0.031667, 0.031667, -706.368188, -706.368188, -0.321624, 31.667060, 0.031667, 1000.000000, -3922.660000, -0.321624, 400.000000, -0.321624, 3216.291812, 3216.291812, 3216.291812, 3216.291812, 0.031667, -0.289957, -0.321624, 3216.291812, -0.255543, 1.185469, 0.031667, 0.212308, 0.261511, -706.368188, -128.649572, 0.000000, -0.321624, 1.185469, 1.000000, -0.321624, 1.185469, 0.100000, 0.000000, 10.000000, 3623.131997, 0.000000, 0.000000, 3623.131997, 0.100000, 0.100000, 0.100000, 0.100000, 0.100000, 1.000000, 4046.098446, 0.000000, 0.100000, -6.283185, 0.000000, 4046.098446, 40.000000, 400.000000, 150000.000000, 40.000000, -0.255543, 347.601620, 3306.230826, -392.266000, 4046.098446, -0.255543, -0.255543, -0.255543, -0.255543, 0.255543, 4046.098446, 4046.098446, 0.000000, 0.255543, 0.255543, 0.255543, 3306.230826, 3306.230826, -0.255543, 0.000000, 0.255543, 0.000000, -392.266000, -0.255543, 40.000000, -0.255543, 4046.098446, 4046.098446, 4046.098446, 4046.098446, 0.255543, 0.000000, -0.255543, 4046.098446, 0.000000, 3216.291812, -0.255543, 0.635066, 0.255543, 0.026974, 0.028766, 347.601620, -10.221723, 0.000000, -0.255543, 0.635066, 0.500000, -0.255543, 0.635066
1.67, 3195.696063, 400.000000, 15000.000000, 400.000000, -0.338097, -644.409599, -3922.660000, 3278.250401, -0.338097, -0.338097, -0.338097, 0.082554, 3278.250401, 3195.696063, 82.554338, 0.082554, 0.082554, 0.082554, -644.409599, -644.409599, -0.338097, 82.554338, 0.082554, 1000.000000, -3922.660000, -0.338097, 400.000000, -0.338097, 3278.250401, 3278.250401, 3278.250401, 3278.250401, 0.082554, -0.255543, -0.338097, 3278.250401, -0.106739, 1.182170, 0.082554, 0.213046, 0.261511, -644.409599, -135.238969, 0.000000, -0.338097, 1.182170, 1.000000, -0.338097, 1.182170, 0.100000, 0.000000, 10.000000, 4046.098446, 0.000000, 0.000000, 4046.098446, 0.100000, 0.100000, 0.100000, 0.100000, 0.100000, 1.000000, 4326.921730, 0.000000, 0.100000, -6.283185, 0.000000, 4326.921730, 40.000000, 400.000000, 150000.000000, 40.000000, -0.106739, 718.363918, 3216.291812, -392.266000, 4326.921730, -0.106739, -0.106739, -0.106739, -0.106739, 0.106739, 4326.921730, 4326.921730, 0.000000, 0.106739, 0.106739, 0.106739, 3216.291812, 3216.291812, -0.106739, 0.000000, 0.106739, 0.000000, -392.266000, -0.106739, 40.000000, -0.106739, 4326.921730, 4326.921730, 4326.921730, 4326.921730, 0.106739, 0.000000, -0.106739, 4326.921730, 0.000000, 3278.250401, -0.106739, 0.633194, 0.106739, 0.028846, 0.028766, 718.363918, -4.269541, 0.000000, -0.106739, 0.633194, 0.500000, -0.106739, 0.633194
1.68, 3230.937482, 400.000000, 15000.000000, 400.000000, -0.349966, -448.495273, -3922.660000, 3474.164727, -0.349966, -0.349966, -0.349966, 0.243227, 3474.164727, 3230.937482, 243.227245, 0.243227, 0.243227, 0.243227, -448.495273, -448.495273, -0.349966, 243.227245, 0.243227, 1000.000000, -3922.660000, -0.349966, 400.000000, -0.349966, 3474.164727, 3474.164727, 3474.164727, 3474.164727, 0.243227, -0.106739, -0.349966, 3474.164727, 0.066904, 1.178728, 0.243227, 0.215396, 0.261511, -448.495273, -139.986309, 0.000000, -0.349966, 1.178728, 1.000000, -0.349966, 1.178728, 0.100000, 0.000000, 10.000000, 4326.921730, 0.000000, 0.000000, 4326.921730, 0.100000, 0.100000, 0.100000, 0.100000, 0.100000, 1.000000, 4357.567644, 0.000000, 0.100000, -6.283185, 0.000000, 4357.567644, 40.000000, 400.000000, 150000.000000, 40.000000, 0.066904, 687.051243, 3278.250401, -392.266000, 4357.567644, 0.066904, 0.066904, 0.066904, 0.066904, -0.066904, 4357.567644, 4357.567644, -0.000000, -0.066904, -0.066904, -0.066904, 3278.250401, 3278.250401, 0.066904, -0.000000, -0.066904, 0.000000, -392.266000, 0.066904, 40.000000, 0.066904, 4357.567644, 4357.567644, 4357.567644, 4357.567644, -0.066904, 0.000000, 0.066904, 4357.567644, 0.000000, 3474.164727, 0.066904, 0.632990, -0.066904, 0.029050, 0.028766, 687.051243, 2.676165, 0.000000, 0.066904, 0.632990, 0.500000, 0.066904, 0.632990
1.69, 3293.517468, 400.000000, 15000.000000, 400.000000, -0.356054, -206.184518, -3922.660000, 3716.475482, -0.356054, -0.356054, -0.356054, 0.422958, 3716.475482, 3293.517468, 422.958014, 0.422958, 0.422958, 0.422958, -206.184518, -206.184518, -0.356054, 422.958014, 0.422958, 1000.000000, -3922.660000, -0.356054, 400.000000, -0.356054, 3716.475482, 3716.475482, 3716.475482, 3716.475482, 0.422958, 0.066904, -0.356054, 3716.475482, 0.170668, 1.175197, 0.422958, 0.219568, 0.261511, -206.184518, -142.421558, 0.000000, -0.356054, 1.175197, 1.000000, -0.356054, 1.175197, 0.100000, 0.000000, 10.000000, 4357.567644, 0.000000, 0.000000, 4357.567644, 0.100000, 0.100000, 0.100000, 0.100000, 0.100000, 1.000000, 4172.971721, 0.000000, 0.100000, -6.283185, 0.000000, 4172.971721, 40.000000, 400.000000, 150000.000000, 40.000000, 0.170668, 306.540994, 3474.164727, -392.266000, 4172.971721, 0.170668, 0.170668, 0.170668, 0.170668, -0.170668, 4172.971721, 4172.971721, -0.000000, -0.170668, -0.170668, -0.170668, 3474.164727, 3474.164727, 0.170668, -0.000000, -0.170668, 0.000000, -392.266000, 0.170668, 40.000000, 0.170668, 4172.971721, 4172.971721, 4172.971721, 4172.971721, -0.170668, 0.000000, 0.170668, 4172.971721, 0.000000, 3716.475482, 0.170668, 0.634220, -0.170668, 0.027820, 0.028766, 306.540994, 6.826702, 0.000000, 0.170668, 0.634220, 0.500000, 0.170668, 0.634220
1.7, 3372.414484, 400.000000, 15000.000000, 400.000000, -0.357650, -21.927502, -3922.660000, 3900.732498, -0.357650, -0.357650, -0.357650, 0.528318, 3900.732498, 3372.414484, 528.318014, 0.528318, 0.528318, 0.528318, -21.927502, -21.927502, -0.357650, 528.318014, 0.528318, 1000.000000, -3922.660000, -0.357650, 400.000000, -0.357650, 3900.732498, 3900.732498, 3900.732498, 3900.732498, 0.528318, 0.170668, -0.357650, 3900.732498, 0.155554, 1.171626, 0.528318, 0.224828, 0.261511, -21.927502, -143.060188, 0.000000, -0.357650, 1.171626, 1.000000, -0.357650, 1.171626, 0.100000, 0.000000, 10.000000, 4172.971721, 0.000000, 0.000000, 4172.971721, 0.100000, 0.100000, 0.100000, 0.100000, 0.100000, 1.000000, 3919.580176, 0.000000, 0.100000, -6.283185, 0.000000, 3919.580176, 40.000000, 400.000000, 150000.000000, 40.000000, 0.155554, -189.161306, 3716.475482, -392.266000, 3919.580176, 0.155554, 0.155554, 0.155554, 0.155554, -0.155554, 3919.580176, 3919.580176, -0.000000, -0.155554, -0.155554, -0.155554, 3716.475482, 3716.475482, 0.155554, -0.000000, -0.155554, 0.000000, -392.266000, 0.155554, 40.000000, 0.155554, 3919.580176, 3919.580176, 3919.580176, 3919.580176, -0.155554, 0.000000, 0.155554, 3919.580176, 0.000000, 3900.732498, 0.155554, 0.635910, -0.155554, 0.026131, 0.028766, -189.161306, 6.222150, 0.000000, 0.155554, 0.635910, 0.500000, 0.155554, 0.635910
1.71, 3449.452951, 400.000000, 15000.000000, 400.000000, -0.357603, 39.950109, -3922.660000, 3962.610109, -0.357603, -0.357603, -0.357603, 0.513157, 3962.610109, 3449.452951, 513.157158, 0.513157, 0.513157, 0.513157, 39.950109, 39.950109, -0.357603, 513.157158, 0.513157, 1000.000000, -3922.660000, -0.357603, 400.000000, -0.357603, 3962.610109, 3962.610109, 3962.610109, 3962.610109, 0.513157, 0.155554, -0.357603, 3962.610109, 0.040287, 1.168048, 0.513157, 0.229964, 0.261511, 39.950109, -143.041359, 0.000000, -0.357603, 1.168048, 1.000000, -0.357603, 1.168048, 0.100000, 0.000000, 10.000000, 3919.580176, 0.000000, 0.000000, 3919.580176, 0.100000, 0.100000, 0.100000, 0.100000, 0.100000, 1.000000, 3767.335871, 0.000000, 0.100000, -6.283185, 0.000000, 3767.335871, 40.000000, 400.000000, 150000.000000, 40.000000, 0.040287, -525.662627, 3900.732498, -392.266000, 3767.335871, 0.040287, 0.040287, 0.040287, 0.040287, -0.040287, 3767.335871, 3767.335871, -0.000000, -0.040287, -0.040287, -0.040287, 3900.732498, 3900.732498, 0.040287, -0.000000, -0.040287, 0.000000, -392.266000, 0.040287, 40.000000, 0.040287, 3767.335871, 3767.335871, 3767.335871, 3767.335871, -0.040287, 0.000000, 0.040287, 3767.335871, 0.000000, 3962.610109, 0.040287, 0.636925, -0.040287, 0.025116, 0.028766, -525.662627, 1.611499, 0.000000, 0.040287, 0.636925, 0.500000, 0.040287, 0.636925
1.72, 3509.520042, 400.000000, 15000.000000, 400.000000, -0.358668, -14.184194, -3922.660000, 3908.475806, -0.358668, -0.358668, -0.358668, 0.398956, 3908.475806, 3509.520042, 398.955764, 0.398956, 0.398956, 0.398956, -14.184194, -14.184194, -0.358668, 398.955764, 0.398956, 1000.000000, -3922.660000, -0.358668, 400.000000, -0.358668, 3908.475806, 3908.475806, 3908.475806, 3908.475806, 0.398956, 0.040287, -0.358668, 3908.475806, -0.104698, 1.164466, 0.398956, 0.233968, 0.261511, -14.184194, -143.467319, 0.000000, -0.358668, 1.164466, 1.000000, -0.358668, 1.164466, 0.100000, 0.000000, 10.000000, 3767.335871, 0.000000, 0.000000, 3767.335871, 0.100000, 0.100000, 0.100000, 0.100000, 0.100000, 1.000000, 3817.012336, 0.000000, 0.100000, -6.283185, 0.000000, 3817.012336, 40.000000, 400.000000, 150000.000000, 40.000000, -0.104698, -537.863773, 3962.610109, -392.266000, 3817.012336, -0.104698, -0.104698, -0.104698, -0.104698, 0.104698, 3817.012336, 3817.012336, 0.000000, 0.104698, 0.104698, 0.104698, 3962.610109, 3962.610109, -0.104698, 0.000000, 0.104698, 0.000000, -392.266000, -0.104698, 40.000000, -0.104698, 3817.012336, 3817.012336, 3817.012336, 3817.012336, 0.104698, 0.000000, -0.104698, 3817.012336, 0.000000, 3908.475806, -0.104698, 0.636593, 0.104698, 0.025447, 0.028766, -537.863773, -4.187906, 0.000000, -0.104698, 0.636593, 0.500000, -0.104698, 0.636593
1.73, 3548.240704, 400.000000, 15000.000000, 400.000000, -0.362056, -117.061063, -3922.660000, 3805.598937, -0.362056, -0.362056, -0.362056, 0.257358, 3805.598937, 3548.240704, 257.358233, 0.257358, 0.257358, 0.257358, -117.061063, -117.061063, -0.362056, 257.358233, 0.257358, 1000.000000, -3922.660000, -0.362056, 400.000000, -0.362056, 3805.598937, 3805.598937, 3805.598937, 3805.598937, 0.257358, -0.104698, -0.362056, 3805.598937, -0.199372, 1.160862, 0.257358, 0.236549, 0.261511, -117.061063, -144.822357, 0.000000, -0.362056, 1.160862, 1.000000, -0.362056, 1.160862, 0.100000, 0.000000, 10.000000, 3817.012336, 0.000000, 0.000000, 3817.012336, 0.100000, 0.100000, 0.100000, 0.100000, 0.100000, 1.000000, 4052.643482, 0.000000, 0.100000, -6.283185, 0.000000, 4052.643482, 40.000000, 400.000000, 150000.000000, 40.000000, -0.199372, -248.098324, 3908.475806, -392.266000, 4052.643482, -0.199372, -0.199372, -0.199372, -0.199372, 0.199372, 4052.643482, 4052.643482, 0.000000, 0.199372, 0.199372, 0.199372, 3908.475806, 3908.475806, -0.199372, 0.000000, 0.199372, 0.000000, -392.266000, -0.199372, 40.000000, -0.199372, 4052.643482, 4052.643482, 4052.643482, 4052.643482, 0.199372, 0.000000, -0.199372, 4052.643482, 0.000000, 3805.598937, -0.199372, 0.635023, 0.199372, 0.027018, 0.028766, -248.098324, -7.974873, 0.000000, -0.199372, 0.635023, 0.500000, -0.199372, 0.635023
1.74, 3573.252160, 400.000000, 15000.000000, 400.000000, -0.366934, -181.845920, -3922.660000, 3740.814080, -0.366934, -0.366934, -0.366934, 0.167562, 3740.814080, 3573.252160, 167.561920, 0.167562, 0.167562, 0.167562, -181.845920, -181.845920, -0.366934, 167.561920, 0.167562, 1000.000000, -3922.660000, -0.366934, 400.000000, -0.366934, 3740.814080, 3740.814080, 3740.814080, 3740.814080, 0.167562, -0.199372, -0.366934, 3740.814080, -0.197573, 1.157216, 0.167562, 0.238217, 0.261511, -181.845920, -146.773493, 0.000000, -0.366934, 1.157216, 1.000000, -0.366934, 1.157216, 0.100000, 0.000000, 10.000000, 4052.643482, 0.000000, 0.000000, 4052.643482, 0.100000, 0.100000, 0.100000, 0.100000, 0.100000, 1.000000, 4360.349610, 0.000000, 0.100000, -6.283185, 0.000000, 4360.349610, 40.000000, 400.000000, 150000.000000, 40.000000, -0.197573, 162.484673, 3805.598937, -392.266000, 4360.349610, -0.197573, -0.197573, -0.197573, -0.197573, 0.197573, 4360.349610, 4360.349610, 0.000000, 0.197573, 0.197573, 0.197573, 3805.598937, 3805.598937, -0.197573, 0.000000, 0.197573, 0.000000, -392.266000, -0.197573, 40.000000, -0.197573, 4360.349610, 4360.349610, 4360.349610, 4360.349610, 0.197573, 0.000000, -0.197573, 4360.349610, 0.000000, 3740.814080, -0.197573, 0.632971, 0.197573, 0.029069, 0.028766, 162.484673, -7.902900, 0.000000, -0.197573, 0.632971, 0.500000, -0.197573, 0.632971
1.75, 3598.970877, 400.000000, 15000.000000, 400.000000, -0.371062, -150.199288, -3922.660000, 3772.460712, -0.371062, -0.371062, -0.371062, 0.173490, 3772.460712, 3598.970877, 173.489835, 0.173490, 0.173490, 0.173490, -150.199288, -150.199288, -0.371062, 173.489835, 0.173490, 1000.000000, -3922.660000, -0.371062, 400.000000, -0.371062, 3772.460712, 3772.460712, 3772.460712, 3772.460712, 0.173490, -0.197573, -0.371062, 3772.460712, -0.108560, 1.153526, 0.173490, 0.239931, 0.261511, -150.199288, -148.424935, 0.000000, -0.371062, 1.153526, 1.000000, -0.371062, 1.153526, 0.100000, 0.000000, 10.000000, 4360.349610, 0.000000, 0.000000, 4360.349610, 0.100000, 0.100000, 0.100000, 0.100000, 0.100000, 1.000000, 4597.612276, 0.000000, 0.100000, -6.283185, 0.000000, 4597.612276, 40.000000, 400.000000, 150000.000000, 40.000000, -0.108560, 464.532196, 3740.814080, -392.266000, 4597.612276, -0.108560, -0.108560, -0.108560, -0.108560, 0.108560, 4597.612276, 4597.612276, 0.000000, 0.108560, 0.108560, 0.108560, 3740.814080, 3740.814080, -0.108560, 0.000000, 0.108560, 0.000000, -392.266000, -0.108560, 40.000000, -0.108560, 4597.612276, 4597.612276, 4597.612276, 4597.612276, 0.108560, 0.000000, -0.108560, 4597.612276, 0.000000, 3772.460712, -0.108560, 0.631389, 0.108560, 0.030651, 0.028766, 464.532196, -4.342382, 0.000000, -0.108560, 0.631389, 0.500000, -0.108560, 0.631389
1.76, 3638.218954, 400.000000, 15000.000000, 400.000000, -0.372126, -20.874874, -3922.660000, 3901.785126, -0.372126, -0.372126, -0.372126, 0.263566, 3901.785126, 3638.218954, 263.566172, 0.263566, 0.263566, 0.263566, -20.874874, -20.874874, -0.372126, 263.566172, 0.263566, 1000.000000, -3922.660000, -0.372126, 400.000000, -0.372126, 3901.785126, 3901.785126, 3901.785126, 3901.785126, 0.263566, -0.108560, -0.372126, 3901.785126, 0.012858, 1.149809, 0.263566, 0.242548, 0.261511, -20.874874, -148.850289, 0.000000, -0.372126, 1.149809, 1.000000, -0.372126, 1.149809, 0.100000, 0.000000, 10.000000, 4597.612276, 0.000000, 0.000000, 4597.612276, 0.100000, 0.100000, 0.100000, 0.100000, 0.100000, 1.000000, 4671.616524, 0.000000, 0.100000, -6.283185, 0.000000, 4671.616524, 40.000000, 400.000000, 150000.000000, 40.000000, 0.012858, 506.889812, 3772.460712, -392.266000, 4671.616524, 0.012858, 0.012858, 0.012858, 0.012858, -0.012858, 4671.616524, 4671.616524, -0.000000, -0.012858, -0.012858, -0.012858, 3772.460712, 3772.460712, 0.012858, -0.000000, -0.012858, 0.000000, -392.266000, 0.012858, 40.000000, 0.012858, 4671.616524, 4671.616524, 4671.616524, 4671.616524, -0.012858, 0.000000, 0.012858, 4671.616524, 0.000000, 3901.785126, 0.012858, 0.630896, -0.012858, 0.031144, 0.028766, 506.889812, 0.514332, 0.000000, 0.012858, 0.630896, 0.500000, 0.012858, 0.630896
1.77, 3695.448309, 400.000000, 15000.000000, 400.000000, -0.368986, 154.632569, -3922.660000, 4077.292569, -0.368986, -0.368986, -0.368986, 0.381844, 4077.292569, 3695.448309, 381.844261, 0.381844, 0.381844, 0.381844, 154.632569, 154.632569, -0.368986, 381.844261, 0.381844, 1000.000000, -3922.660000, -0.368986, 400.000000, -0.368986, 4077.292569, 4077.292569, 4077.292569, 4077.292569, 0.381844, 0.012858, -0.368986, 4077.292569, 0.099564, 1.146102, 0.381844, 0.246363, 0.261511, 154.632569, -147.594381, 0.000000, -0.368986, 1.146102, 1.000000, -0.368986, 1.146102, 0.100000, 0.000000, 10.000000, 4671.616524, 0.000000, 0.000000, 4671.616524, 0.100000, 0.100000, 0.100000, 0.100000, 0.100000, 1.000000, 4584.144781, 0.000000, 0.100000, -6.283185, 0.000000, 4584.144781, 40.000000, 400.000000, 150000.000000, 40.000000, 0.099564, 290.093655, 3901.785126, -392.266000, 4584.144781, 0.099564, 0.099564, 0.099564, 0.099564, -0.099564, 4584.144781, 4584.144781, -0.000000, -0.099564, -0.099564, -0.099564, 3901.785126, 3901.785126, 0.099564, -0.000000, -0.099564, 0.000000, -392.266000, 0.099564, 40.000000, 0.099564, 4584.144781, 4584.144781, 4584.144781, 4584.144781, -0.099564, 0.000000, 0.099564, 4584.144781, 0.000000, 4077.292569, 0.099564, 0.631479, -0.099564, 0.030561, 0.028766, 290.093655, 3.982569, 0.000000, 0.099564, 0.631479, 0.500000, 0.099564, 0.631479
1.78, 3765.027556, 400.000000, 15000.000000, 400.000000, -0.362201, 304.132332, -3922.660000, 4226.792332, -0.362201, -0.362201, -0.362201, 0.461765, 4226.792332, 3765.027556, 461.764776, 0.461765, 0.461765, 0.461765, 304.132332, 304.132332, -0.362201, 461.764776, 0.461765, 1000.000000, -3922.660000, -0.362201, 400.000000, -0.362201, 4226.792332, 4226.792332, 4226.792332, 4226.792332, 0.461765, 0.099564, -0.362201, 4226.792332, 0.108960, 1.142444, 0.461765, 0.251002, 0.261511, 304.132332, -144.880216, 0.000000, -0.362201, 1.142444, 1.000000, -0.362201, 1.142444, 0.100000, 0.000000, 10.000000, 4584.144781, 0.000000, 0.000000, 4584.144781, 0.100000, 0.100000, 0.100000, 0.100000, 0.100000, 1.000000, 4422.107677, 0.000000, 0.100000, -6.283185, 0.000000, 4422.107677, 40.000000, 400.000000, 150000.000000, 40.000000, 0.108960, -47.450892, 4077.292569, -392.266000, 4422.107677, 0.108960, 0.108960, 0.108960, 0.108960, -0.108960, 4422.107677, 4422.107677, -0.000000, -0.108960, -0.108960, -0.108960, 4077.292569, 4077.292569, 0.108960, -0.000000, -0.108960, 0.000000, -392.266000, 0.108960, 40.000000, 0.108960, 4422.107677, 4422.107677, 4422.107677, 4422.107677, -0.108960, 0.000000, 0.108960, 4422.107677, 0.000000, 4226.792332, 0.108960, 0.632559, -0.108960, 0.029481, 0.028766, -47.450892, 4.358396, 0.000000, 0.108960, 0.632559, 0.500000, 0.108960, 0.632559
1.79, 3835.052053, 400.000000, 15000.000000, 400.000000, -0.353593, 374.944854, -3922.660000, 4297.604854, -0.353593, -0.353593, -0.353593, 0.462553, 4297.604854, 3835.052053, 462.552800, 0.462553, 0.462553, 0.462553, 374.944854, 374.944854, -0.353593, 462.552800, 0.462553, 1000.000000, -3922.660000, -0.353593, 400.000000, -0.353593, 4297.604854, 4297.604854, 4297.604854, 4297.604854, 0.462553, 0.108960, -0.353593, 4297.604854, 0.043453, 1.138864, 0.462553, 0.255670, 0.261511, 374.944854, -141.437159, 0.000000, -0.353593, 1.138864, 1.000000, -0.353593, 1.138864, 0.100000, 0.000000, 10.000000, 4422.107677, 0.000000, 0.000000, 4422.107677, 0.100000, 0.100000, 0.100000, 0.100000, 0.100000, 1.000000, 4303.604526, 0.000000, 0.100000, -6.283185, 0.000000, 4303.604526, 40.000000, 400.000000, 150000.000000, 40.000000, 0.043453, -315.453806, 4226.792332, -392.266000, 4303.604526, 0.043453, 0.043453, 0.043453, 0.043453, -0.043453, 4303.604526, 4303.604526, -0.000000, -0.043453, -0.043453, -0.043453, 4226.792332, 4226.792332, 0.043453, -0.000000, -0.043453, 0.000000, -392.266000, 0.043453, 40.000000, 0.043453, 4303.604526, 4303.604526, 4303.604526, 4303.604526, -0.043453, 0.000000, 0.043453, 4303.604526, 0.000000, 4297.604854, 0.043453, 0.633349, -0.043453, 0.028691, 0.028766, -315.453806, 1.738107, 0.000000, 0.043453, 0.633349, 0.500000, 0.043453, 0.633349
1.8, 3894.156116, 400.000000, 15000.000000, 400.000000, -0.345189, 360.137741, -3922.660000, 4282.797741, -0.345189, -0.345189, -0.345189, 0.388642, 4282.797741, 3894.156116, 388.641625, 0.388642, 0.388642, 0.388642, 360.137741, 360.137741, -0.345189, 388.641625, 0.388642, 1000.000000, -3922.660000, -0.345189, 400.000000, -0.345189, 4282.797741, 4282.797741, 4282.797741, 4282.797741, 0.388642, 0.043453, -0.345189, 4282.797741, -0.054845, 1.135369, 0.388642, 0.259610, 0.261511, 360.137741, -138.075581, 0.000000, -0.345189, 1.135369, 1.000000, -0.345189, 1.135369, 0.100000, 0.000000, 10.000000, 4303.604526, 0.000000, 0.000000, 4303.604526, 0.100000, 0.100000, 0.100000, 0.100000, 0.100000, 1.000000, 4312.197836, 0.000000, 0.100000, -6.283185, 0.000000, 4312.197836, 40.000000, 400.000000, 150000.000000, 40.000000, -0.054845, -377.673018, 4297.604854, -392.266000, 4312.197836, -0.054845, -0.054845, -0.054845, -0.054845, 0.054845, 4312.197836, 4312.197836, 0.000000, 0.054845, 0.054845, 0.054845, 4297.604854, 4297.604854, -0.054845, 0.000000, 0.054845, 0.000000, -392.266000, -0.054845, 40.000000, -0.054845, 4312.197836, 4312.197836, 4312.197836, 4312.197836, 0.054845, 0.000000, -0.054845, 4312.197836, 0.000000, 4282.797741, -0.054845, 0.633292, 0.054845, 0.028748, 0.028766, -377.673018, -2.193806, 0.000000, -0.054845, 0.633292, 0.500000, -0.054845, 0.633292
1.81, 3937.433135, 400.000000, 15000.000000, 400.000000, -0.338142, 298.070486, -3922.660000, 4220.730486, -0.338142, -0.338142, -0.338142, 0.283297, 4220.730486, 3937.433135, 283.297352, 0.283297, 0.283297, 0.283297, 298.070486, 298.070486, -0.338142, 283.297352, 0.283297, 1000.000000, -3922.660000, -0.338142, 400.000000, -0.338142, 4220.730486, 4220.730486, 4220.730486, 4220.730486, 0.283297, -0.054845, -0.338142, 4220.730486, -0.130082, 1.131952, 0.283297, 0.262496, 0.261511, 298.070486, -135.256996, 0.000000, -0.338142, 1.131952, 1.000000, -0.338142, 1.131952, 0.100000, 0.000000, 10.000000, 4312.197836, 0.000000, 0.000000, 4312.197836, 0.100000, 0.100000, 0.100000, 0.100000, 0.100000, 1.000000, 4455.443795, 0.000000, 0.100000, -6.283185, 0.000000, 4455.443795, 40.000000, 400.000000, 150000.000000, 40.000000, -0.130082, -219.619945, 4282.797741, -392.266000, 4455.443795, -0.130082, -0.130082, -0.130082, -0.130082, 0.130082, 4455.443795, 4455.443795, 0.000000, 0.130082, 0.130082, 0.130082, 4282.797741, 4282.797741, -0.130082, 0.000000, 0.130082, 0.000000, -392.266000, -0.130082, 40.000000, -0.130082, 4455.443795, 4455.443795, 4455.443795, 4455.443795, 0.130082, 0.000000, -0.130082, 4455.443795, 0.000000, 4220.730486, -0.130082, 0.632337, 0.130082, 0.029703, 0.028766, -219.619945, -5.203263, 0.000000, -0.130082, 0.632337, 0.500000, -0.130082, 0.632337
1.82, 3968.391766, 400.000000, 15000.000000, 400.000000, -0.332222, 247.872399, -3922.660000, 4170.532399, -0.332222, -0.332222, -0.332222, 0.202141, 4170.532399, 3968.391766, 202.140633, 0.202141, 0.202141, 0.202141, 247.872399, 247.872399, -0.332222, 202.140633, 0.202141, 1000.000000, -3922.660000, -0.332222, 400.000000, -0.332222, 4170.532399, 4170.532399, 4170.532399, 4170.532399, 0.202141, -0.130082, -0.332222, 4170.532399, -0.143628, 1.128600, 0.202141, 0.264559, 0.261511, 247.872399, -132.888886, 0.000000, -0.332222, 1.128600, 1.000000, -0.332222, 1.128600, 0.100000, 0.000000, 10.000000, 4455.443795, 0.000000, 0.000000, 4455.443795, 0.100000, 0.100000, 0.100000, 0.100000, 0.100000, 1.000000, 4667.591170, 0.000000, 0.100000, -6.283185, 0.000000, 4667.591170, 40.000000, 400.000000, 150000.000000, 40.000000, -0.143628, 54.594684, 4220.730486, -392.266000, 4667.591170, -0.143628, -0.143628, -0.143628, -0.143628, 0.143628, 4667.591170, 4667.591170, 0.000000, 0.143628, 0.143628, 0.143628, 4220.730486, 4220.730486, -0.143628, 0.000000, 0.143628, 0.000000, -392.266000, -0.143628, 40.000000, -0.143628, 4667.591170, 4667.591170, 4667.591170, 4667.591170, 0.143628, 0.000000, -0.143628, 4667.591170, 0.000000, 4170.532399, -0.143628, 0.630923, 0.143628, 0.031117, 0.028766, 54.594684, -5.745112, 0.000000, -0.143628, 0.630923, 0.500000, -0.143628, 0.630923
1.83, 3996.260740, 400.000000, 15000.000000, 400.000000, -0.326083, 256.056328, -3922.660000, 4178.716328, -0.326083, -0.326083, -0.326083, 0.182456, 4178.716328, 3996.260740, 182.455588, 0.182456, 0.182456, 0.182456, 256.056328, 256.056328, -0.326083, 182.455588, 0.182456, 1000.000000, -3922.660000, -0.326083, 400.000000, -0.326083, 4178.716328, 4178.716328, 4178.716328, 4178.716328, 0.182456, -0.143628, -0.326083, 4178.716328, -0.093109, 1.125308, 0.182456, 0.266417, 0.261511, 256.056328, -130.433356, 0.000000, -0.326083, 1.125308, 1.000000, -0.326083, 1.125308, 0.100000, 0.000000, 10.000000, 4667.591170, 0.000000, 0.000000, 4667.591170, 0.100000, 0.100000, 0.100000, 0.100000, 0.100000, 1.000000, 4851.070214, 0.000000, 0.100000, -6.283185, 0.000000, 4851.070214, 40.000000, 400.000000, 150000.000000, 40.000000, -0.093109, 288.271816, 4170.532399, -392.266000, 4851.070214, -0.093109, -0.093109, -0.093109, -0.093109, 0.093109, 4851.070214, 4851.070214, 0.000000, 0.093109, 0.093109, 0.093109, 4170.532399, 4170.532399, -0.093109, 0.000000, 0.093109, 0.000000, -392.266000, -0.093109, 40.000000, -0.093109, 4851.070214, 4851.070214, 4851.070214, 4851.070214, 0.093109, 0.000000, -0.093109, 4851.070214, 0.000000, 4178.716328, -0.093109, 0.629700, 0.093109, 0.032340, 0.028766, 288.271816, -3.724345, 0.000000, -0.093109, 0.629700, 0.500000, -0.093109, 0.629700
1.84, 4030.492414, 400.000000, 15000.000000, 400.000000, -0.318109, 332.833054, -3922.660000, 4255.493054, -0.318109, -0.318109, -0.318109, 0.225001, 4255.493054, 4030.492414, 225.000640, 0.225001, 0.225001, 0.225001, 332.833054, 332.833054, -0.318109, 225.000640, 0.225001, 1000.000000, -3922.660000, -0.318109, 400.000000, -0.318109, 4255.493054, 4255.493054, 4255.493054, 4255.493054, 0.225001, -0.093109, -0.318109, 4255.493054, -0.010435, 1.122086, 0.225001, 0.268699, 0.261511, 332.833054, -127.243710, 0.000000, -0.318109, 1.122086, 1.000000, -0.318109, 1.122086, 0.100000, 0.000000, 10.000000, 4851.070214, 0.000000, 0.000000, 4851.070214, 0.100000, 0.100000, 0.100000, 0.100000, 0.100000, 1.000000, 4931.222718, 0.000000, 0.100000, -6.283185, 0.000000, 4931.222718, 40.000000, 400.000000, 150000.000000, 40.000000, -0.010435, 360.240390, 4178.716328, -392.266000, 4931.222718, -0.010435, -0.010435, -0.010435, -0.010435, 0.010435, 4931.222718, 4931.222718, 0.000000, 0.010435, 0.010435, 0.010435, 4178.716328, 4178.716328, -0.010435, 0.000000, 0.010435, 0.000000, -392.266000, -0.010435, 40.000000, -0.010435, 4931.222718, 4931.222718, 4931.222718, 4931.222718, 0.010435, 0.000000, -0.010435, 4931.222718, 0.000000, 4255.493054, -0.010435, 0.629165, 0.010435, 0.032875, 0.028766, 360.240390, -0.417389, 0.000000, -0.010435, 0.629165, 0.500000, -0.010435, 0.629165
1.85, 4075.641353, 400.000000, 15000.000000, 400.000000, -0.307323, 449.870104, -3922.660000, 4372.530104, -0.307323, -0.307323, -0.307323, 0.296889, 4372.530104, 4075.641353, 296.888751, 0.296889, 0.296889, 0.296889, 449.870104, 449.870104, -0.307323, 296.888751, 0.296889, 1000.000000, -3922.660000, -0.307323, 400.000000, -0.307323, 4372.530104, 4372.530104, 4372.530104, 4372.530104, 0.296889, -0.010435, -0.307323, 4372.530104, 0.058242, 1.118958, 0.296889, 0.271709, 0.261511, 449.870104, -122.929393, 0.000000, -0.307323, 1.118958, 1.000000, -0.307323, 1.118958, 0.100000, 0.000000, 10.000000, 4931.222718, 0.000000, 0.000000, 4931.222718, 0.100000, 0.100000, 0.100000, 0.100000, 0.100000, 1.000000, 4893.955200, 0.000000, 0.100000, -6.283185, 0.000000, 4893.955200, 40.000000, 400.000000, 150000.000000, 40.000000, 0.058242, 246.196147, 4255.493054, -392.266000, 4893.955200, 0.058242, 0.058242, 0.058242, 0.058242, -0.058242, 4893.955200, 4893.955200, -0.000000, -0.058242, -0.058242, -0.058242, 4255.493054, 4255.493054, 0.058242, -0.000000, -0.058242, 0.000000, -392.266000, 0.058242, 40.000000, 0.058242, 4893.955200, 4893.955200, 4893.955200, 4893.955200, -0.058242, 0.000000, 0.058242, 4893.955200, 0.000000, 4372.530104, 0.058242, 0.629414, -0.058242, 0.032626, 0.028766, 246.196147, 2.329691, 0.000000, 0.058242, 0.629414, 0.500000, 0.058242, 0.629414
1.86, 4129.311104, 400.000000, 15000.000000, 400.000000, -0.293881, 558.774430, -3922.660000, 4481.434430, -0.293881, -0.293881, -0.293881, 0.352123, 4481.434430, 4129.311104, 352.123326, 0.352123, 0.352123, 0.352123, 558.774430, 558.774430, -0.293881, 352.123326, 0.352123, 1000.000000, -3922.660000, -0.293881, 400.000000, -0.293881, 4481.434430, 4481.434430, 4481.434430, 4481.434430, 0.352123, 0.058242, -0.293881, 4481.434430, 0.078367, 1.115951, 0.352123, 0.275287, 0.261511, 558.774430, -117.552422, 0.000000, -0.293881, 1.115951, 1.000000, -0.293881, 1.115951, 0.100000, 0.000000, 10.000000, 4893.955200, 0.000000, 0.000000, 4893.955200, 0.100000, 0.100000, 0.100000, 0.100000, 0.100000, 1.000000, 4787.794021, 0.000000, 0.100000, -6.283185, 0.000000, 4787.794021, 40.000000, 400.000000, 150000.000000, 40.000000, 0.078367, 22.997917, 4372.530104, -392.266000, 4787.794021, 0.078367, 0.078367, 0.078367, 0.078367, -0.078367, 4787.794021, 4787.794021, -0.000000, -0.078367, -0.078367, -0.078367, 4372.530104, 4372.530104, 0.078367, -0.000000, -0.078367, 0.000000, -392.266000, 0.078367, 40.000000, 0.078367, 4787.794021, 4787.794021, 4787.794021, 4787.794021, -0.078367, 0.000000, 0.078367, 4787.794021, 0.000000, 4481.434430, 0.078367, 0.630121, -0.078367, 0.031919, 0.028766, 22.997917, 3.134683, 0.000000, 0.078367, 0.630121, 0.500000, 0.078367, 0.630121
1.87, 4183.988561, 400.000000, 15000.000000, 400.000000, -0.278914, 618.609992, -3922.660000, 4541.269992, -0.278914, -0.278914, -0.278914, 0.357281, 4541.269992, 4183.988561, 357.281431, 0.357281, 0.357281, 0.357281, 618.609992, 618.609992, -0.278914, 357.281431, 0.357281, 1000.000000, -3922.660000, -0.278914, 400.000000, -0.278914, 4541.269992, 4541.269992, 4541.269992, 4541.269992, 0.357281, 0.078367, -0.278914, 4541.269992, 0.044339, 1.113086, 0.357281, 0.278933, 0.261511, 618.609992, -111.565739, 0.000000, -0.278914, 1.113086, 1.000000, -0.278914, 1.113086, 0.100000, 0.000000, 10.000000, 4787.794021, 0.000000, 0.000000, 4787.794021, 0.100000, 0.100000, 0.100000, 0.100000, 0.100000, 1.000000, 4692.425249, 0.000000, 0.100000, -6.283185, 0.000000, 4692.425249, 40.000000, 400.000000, 150000.000000, 40.000000, 0.044339, -181.275181, 4481.434430, -392.266000, 4692.425249, 0.044339, 0.044339, 0.044339, 0.044339, -0.044339, 4692.425249, 4692.425249, -0.000000, -0.044339, -0.044339, -0.044339, 4481.434430, 4481.434430, 0.044339, -0.000000, -0.044339, 0.000000, -392.266000, 0.044339, 40.000000, 0.044339, 4692.425249, 4692.425249, 4692.425249, 4692.425249, -0.044339, 0.000000, 0.044339, 4692.425249, 0.000000, 4541.269992, 0.044339, 0.630757, -0.044339, 0.031283, 0.028766, -181.275181, 1.773552, 0.000000, 0.044339, 0.630757, 0.500000, 0.044339, 0.630757
1.88, 4231.442561, 400.000000, 15000.000000, 400.000000, -0.263873, 616.994559, -3922.660000, 4539.654559, -0.263873, -0.263873, -0.263873, 0.308212, 4539.654559, 4231.442561, 308.211998, 0.308212, 0.308212, 0.308212, 616.994559, 616.994559, -0.263873, 308.211998, 0.308212, 1000.000000, -3922.660000, -0.263873, 400.000000, -0.263873, 4539.654559, 4539.654559, 4539.654559, 4539.654559, 0.308212, 0.044339, -0.263873, 4539.654559, -0.020094, 1.110372, 0.308212, 0.282096, 0.261511, 616.994559, -105.549280, 0.000000, -0.263873, 1.110372, 1.000000, -0.263873, 1.110372, 0.100000, 0.000000, 10.000000, 4692.425249, 0.000000, 0.000000, 4692.425249, 0.100000, 0.100000, 0.100000, 0.100000, 0.100000, 1.000000, 4673.458588, 0.000000, 0.100000, -6.283185, 0.000000, 4673.458588, 40.000000, 400.000000, 150000.000000, 40.000000, -0.020094, -260.077404, 4541.269992, -392.266000, 4673.458588, -0.020094, -0.020094, -0.020094, -0.020094, 0.020094, 4673.458588, 4673.458588, 0.000000, 0.020094, 0.020094, 0.020094, 4541.269992, 4541.269992, -0.020094, 0.000000, 0.020094, 0.000000, -392.266000, -0.020094, 40.000000, -0.020094, 4673.458588, 4673.458588, 4673.458588, 4673.458588, 0.020094, 0.000000, -0.020094, 4673.458588, 0.000000, 4539.654559, -0.020094, 0.630884, 0.020094, 0.031156, 0.028766, -260.077404, -0.803779, 0.000000, -0.020094, 0.630884, 0.500000, -0.020094, 0.630884
1.89, 4267.116319, 400.000000, 15000.000000, 400.000000, -0.249756, 574.117515, -3922.660000, 4496.777515, -0.249756, -0.249756, -0.249756, 0.229661, 4496.777515, 4267.116319, 229.661195, 0.229661, 0.229661, 0.229661, 574.117515, 574.117515, -0.249756, 229.661195, 0.229661, 1000.000000, -3922.660000, -0.249756, 400.000000, -0.249756, 4496.777515, 4496.777515, 4496.777515, 4496.777515, 0.229661, -0.020094, -0.249756, 4496.777515, -0.077101, 1.107803, 0.229661, 0.284474, 0.261511, 574.117515, -99.902268, 0.000000, -0.249756, 1.107803, 1.000000, -0.249756, 1.107803, 0.100000, 0.000000, 10.000000, 4673.458588, 0.000000, 0.000000, 4673.458588, 0.100000, 0.100000, 0.100000, 0.100000, 0.100000, 1.000000, 4748.726914, 0.000000, 0.100000, -6.283185, 0.000000, 4748.726914, 40.000000, 400.000000, 150000.000000, 40.000000, -0.077101, -183.193645, 4539.654559, -392.266000, 4748.726914, -0.077101, -0.077101, -0.077101, -0.077101, 0.077101, 4748.726914, 4748.726914, 0.000000, 0.077101, 0.077101, 0.077101, 4539.654559, 4539.654559, -0.077101, 0.000000, 0.077101, 0.000000, -392.266000, -0.077101, 40.000000, -0.077101, 4748.726914, 4748.726914, 4748.726914, 4748.726914, 0.077101, 0.000000, -0.077101, 4748.726914, 0.000000, 4496.777515, -0.077101, 0.630382, 0.077101, 0.031658, 0.028766, -183.193645, -3.084025, 0.000000, -0.077101, 0.630382, 0.500000, -0.077101, 0.630382
1.9, 4292.175975, 400.000000, 15000.000000, 400.000000, -0.236649, 529.063896, -3922.660000, 4451.723896, -0.236649, -0.236649, -0.236649, 0.159548, 4451.723896, 4292.175975, 159.547922, 0.159548, 0.159548, 0.159548, 529.063896, 529.063896, -0.236649, 159.547922, 0.159548, 1000.000000, -3922.660000, -0.236649, 400.000000, -0.236649, 4451.723896, 4451.723896, 4451.723896, 4451.723896, 0.159548, -0.077101, -0.236649, 4451.723896, -0.096164, 1.105371, 0.159548, 0.286145, 0.261511, 529.063896, -94.659415, 0.000000, -0.236649, 1.105371, 1.000000, -0.236649, 1.105371, 0.100000, 0.000000, 10.000000, 4748.726914, 0.000000, 0.000000, 4748.726914, 0.100000, 0.100000, 0.100000, 0.100000, 0.100000, 1.000000, 4883.032902, 0.000000, 0.100000, -6.283185, 0.000000, 4883.032902, 40.000000, 400.000000, 150000.000000, 40.000000, -0.096164, -6.010613, 4496.777515, -392.266000, 4883.032902, -0.096164, -0.096164, -0.096164, -0.096164, 0.096164, 4883.032902, 4883.032902, 0.000000, 0.096164, 0.096164, 0.096164, 4496.777515, 4496.777515, -0.096164, 0.000000, 0.096164, 0.000000, -392.266000, -0.096164, 40.000000, -0.096164, 4883.032902, 4883.032902, 4883.032902, 4883.032902, 0.096164, 0.000000, -0.096164, 4883.032902, 0.000000, 4451.723896, -0.096164, 0.629487, 0.096164, 0.032554, 0.028766, -6.010613, -3.846562, 0.000000, -0.096164, 0.629487, 0.500000, -0.096164, 0.629487
1.91, 4312.333921, 400.000000, 15000.000000, 400.000000, -0.223794, 517.304276, -3922.660000, 4439.964276, -0.223794, -0.223794, -0.223794, 0.127630, 4439.964276, 4312.333921, 127.630355, 0.127630, 0.127630, 0.127630, 517.304276, 517.304276, -0.223794, 127.630355, 0.127630, 1000.000000, -3922.660000, -0.223794, 400.000000, -0.223794, 4439.964276, 4439.964276, 4439.964276, 4439.964276, 0.127630, -0.096164, -0.223794, 4439.964276, -0.069681, 1.103069, 0.127630, 0.287489, 0.261511, 517.304276, -89.517758, 0.000000, -0.223794, 1.103069, 1.000000, -0.223794, 1.103069, 0.100000, 0.000000, 10.000000, 4883.032902, 0.000000, 0.000000, 4883.032902, 0.100000, 0.100000, 0.100000, 0.100000, 0.100000, 1.000000, 5011.600776, 0.000000, 0.100000, -6.283185, 0.000000, 5011.600776, 40.000000, 400.000000, 150000.000000, 40.000000, -0.069681, 167.610880, 4451.723896, -392.266000, 5011.600776, -0.069681, -0.069681, -0.069681, -0.069681, 0.069681, 5011.600776, 5011.600776, 0.000000, 0.069681, 0.069681, 0.069681, 4451.723896, 4451.723896, -0.069681, 0.000000, 0.069681, 0.000000, -392.266000, -0.069681, 40.000000, -0.069681, 5011.600776, 5011.600776, 5011.600776, 5011.600776, 0.069681, 0.000000, -0.069681, 5011.600776, 0.000000, 4439.964276, -0.069681, 0.628629, 0.069681, 0.033411, 0.028766, 167.610880, -2.787253, 0.000000, -0.069681, 0.628629, 0.500000, -0.069681, 0.628629
1.92, 4334.361235, 400.000000, 15000.000000, 400.000000, -0.210103, 552.122442, -3922.660000, 4474.782442, -0.210103, -0.210103, -0.210103, 0.140421, 4474.782442, 4334.361235, 140.421207, 0.140421, 0.140421, 0.140421, 552.122442, 552.122442, -0.210103, 140.421207, 0.140421, 1000.000000, -3922.660000, -0.210103, 400.000000, -0.210103, 4474.782442, 4474.782442, 4474.782442, 4474.782442, 0.140421, -0.069681, -0.210103, 4474.782442, -0.014967, 1.100899, 0.140421, 0.288957, 0.261511, 552.122442, -84.041013, 0.000000, -0.210103, 1.100899, 1.000000, -0.210103, 1.100899, 0.100000, 0.000000, 10.000000, 5011.600776, 0.000000, 0.000000, 5011.600776, 0.100000, 0.100000, 0.100000, 0.100000, 0.100000, 1.000000, 5077.186501, 0.000000, 0.100000, -6.283185, 0.000000, 5077.186501, 40.000000, 400.000000, 150000.000000, 40.000000, -0.014967, 244.956225, 4439.964276, -392.266000, 5077.186501, -0.014967, -0.014967, -0.014967, -0.014967, 0.014967, 5077.186501, 5077.186501, 0.000000, 0.014967, 0.014967, 0.014967, 4439.964276, 4439.964276, -0.014967, 0.000000, 0.014967, 0.000000, -392.266000, -0.014967, 40.000000, -0.014967, 5077.186501, 5077.186501, 5077.186501, 5077.186501, 0.014967, 0.000000, -0.014967, 5077.186501, 0.000000, 4474.782442, -0.014967, 0.628192, 0.014967, 0.033848, 0.028766, 244.956225, -0.598694, 0.000000, -0.014967, 0.628192, 0.500000, -0.014967, 0.628192
1.93, 4362.352136, 400.000000, 15000.000000, 400.000000, -0.194792, 619.516664, -3922.660000, 4542.176664, -0.194792, -0.194792, -0.194792, 0.179825, 4542.176664, 4362.352136, 179.824528, 0.179825, 0.179825, 0.179825, 619.516664, 619.516664, -0.194792, 179.824528, 0.179825, 1000.000000, -3922.660000, -0.194792, 400.000000, -0.194792, 4542.176664, 4542.176664, 4542.176664, 4542.176664, 0.179825, -0.014967, -0.194792, 4542.176664, 0.037183, 1.098874, 0.179825, 0.290823, 0.261511, 619.516664, -77.916753, 0.000000, -0.194792, 1.098874, 1.000000, -0.194792, 1.098874, 0.100000, 0.000000, 10.000000, 5077.186501, 0.000000, 0.000000, 5077.186501, 0.100000, 0.100000, 0.100000, 0.100000, 0.100000, 1.000000, 5059.871268, 0.000000, 0.100000, -6.283185, 0.000000, 5059.871268, 40.000000, 400.000000, 150000.000000, 40.000000, 0.037183, 192.822826, 4474.782442, -392.266000, 5059.871268, 0.037183, 0.037183, 0.037183, 0.037183, -0.037183, 5059.871268, 5059.871268, -0.000000, -0.037183, -0.037183, -0.037183, 4474.782442, 4474.782442, 0.037183, -0.000000, -0.037183, 0.000000, -392.266000, 0.037183, 40.000000, 0.037183, 5059.871268, 5059.871268, 5059.871268, 5059.871268, -0.037183, 0.000000, 0.037183, 5059.871268, 0.000000, 4542.176664, 0.037183, 0.628308, -0.037183, 0.033732, 0.028766, 192.822826, 1.487330, 0.000000, 0.037183, 0.628308, 0.500000, 0.037183, 0.628308
1.94, 4395.751323, 400.000000, 15000.000000, 400.000000, -0.177812, 688.086445, -3922.660000, 4610.746445, -0.177812, -0.177812, -0.177812, 0.214995, 4610.746445, 4395.751323, 214.995122, 0.214995, 0.214995, 0.214995, 688.086445, 688.086445, -0.177812, 214.995122, 0.214995, 1000.000000, -3922.660000, -0.177812, 400.000000, -0.177812, 4610.746445, 4610.746445, 4610.746445, 4610.746445, 0.214995, 0.037183, -0.177812, 4610.746445, 0.060090, 1.097011, 0.214995, 0.293050, 0.261511, 688.086445, -71.124750, 0.000000, -0.177812, 1.097011, 1.000000, -0.177812, 1.097011, 0.100000, 0.000000, 10.000000, 5059.871268, 0.000000, 0.000000, 5059.871268, 0.100000, 0.100000, 0.100000, 0.100000, 0.100000, 1.000000, 4984.330133, 0.000000, 0.100000, -6.283185, 0.000000, 4984.330133, 40.000000, 400.000000, 150000.000000, 40.000000, 0.060090, 49.887469, 4542.176664, -392.266000, 4984.330133, 0.060090, 0.060090, 0.060090, 0.060090, -0.060090, 4984.330133, 4984.330133, -0.000000, -0.060090, -0.060090, -0.060090, 4542.176664, 4542.176664, 0.060090, -0.000000, -0.060090, 0.000000, -392.266000, 0.060090, 40.000000, 0.060090, 4984.330133, 4984.330133, 4984.330133, 4984.330133, -0.060090, 0.000000, 0.060090, 4984.330133, 0.000000, 4610.746445, 0.060090, 0.628811, -0.060090, 0.033229, 0.028766, 49.887469, 2.403604, 0.000000, 0.060090, 0.628811, 0.500000, 0.060090, 0.628811
1.95, 4430.037049, 400.000000, 15000.000000, 400.000000, -0.159837, 727.303963, -3922.660000, 4649.963963, -0.159837, -0.159837, -0.159837, 0.219927, 4649.963963, 4430.037049, 219.926914, 0.219927, 0.219927, 0.219927, 727.303963, 727.303963, -0.159837, 219.926914, 0.219927, 1000.000000, -3922.660000, -0.159837, 400.000000, -0.159837, 4649.963963, 4649.963963, 4649.963963, 4649.963963, 0.219927, 0.060090, -0.159837, 4649.963963, 0.045021, 1.095322, 0.219927, 0.295336, 0.261511, 727.303963, -63.934731, 0.000000, -0.159837, 1.095322, 1.000000, -0.159837, 1.095322, 0.100000, 0.000000, 10.000000, 4984.330133, 0.000000, 0.000000, 4984.330133, 0.100000, 0.100000, 0.100000, 0.100000, 0.100000, 1.000000, 4902.716331, 0.000000, 0.100000, -6.283185, 0.000000, 4902.716331, 40.000000, 400.000000, 150000.000000, 40.000000, 0.045021, -100.296115, 4610.746445, -392.266000, 4902.716331, 0.045021, 0.045021, 0.045021, 0.045021, -0.045021, 4902.716331, 4902.716331, -0.000000, -0.045021, -0.045021, -0.045021, 4610.746445, 4610.746445, 0.045021, -0.000000, -0.045021, 0.000000, -392.266000, 0.045021, 40.000000, 0.045021, 4902.716331, 4902.716331, 4902.716331, 4902.716331, -0.045021, 0.000000, 0.045021, 4902.716331, 0.000000, 4649.963963, 0.045021, 0.629355, -0.045021, 0.032685, 0.028766, -100.296115, 1.800825, 0.000000, 0.045021, 0.629355, 0.500000, 0.045021, 0.629355
1.96, 4459.459291, 400.000000, 15000.000000, 400.000000, -0.141875, 723.694743, -3922.660000, 4646.354743, -0.141875, -0.141875, -0.141875, 0.186895, 4646.354743, 4459.459291, 186.895452, 0.186895, 0.186895, 0.186895, 723.694743, 723.694743, -0.141875, 186.895452, 0.186895, 1000.000000, -3922.660000, -0.141875, 400.000000, -0.141875, 4646.354743, 4646.354743, 4646.354743, 4646.354743, 0.186895, 0.045021, -0.141875, 4646.354743, 0.004234, 1.093814, 0.186895, 0.297297, 0.261511, 723.694743, -56.749933, 0.000000, -0.141875, 1.093814, 1.000000, -0.141875, 1.093814, 0.100000, 0.000000, 10.000000, 4902.716331, 0.000000, 0.000000, 4902.716331, 0.100000, 0.100000, 0.100000, 0.100000, 0.100000, 1.000000, 4864.449077, 0.000000, 0.100000, -6.283185, 0.000000, 4864.449077, 40.000000, 400.000000, 150000.000000, 40.000000, 0.004234, -177.780886, 4649.963963, -392.266000, 4864.449077, 0.004234, 0.004234, 0.004234, 0.004234, -0.004234, 4864.449077, 4864.449077, -0.000000, -0.004234, -0.004234, -0.004234, 4649.963963, 4649.963963, 0.004234, -0.000000, -0.004234, 0.000000, -392.266000, 0.004234, 40.000000, 0.004234, 4864.449077, 4864.449077, 4864.449077, 4864.449077, -0.004234, 0.000000, 0.004234, 4864.449077, 0.000000, 4646.354743, 0.004234, 0.629610, -0.004234, 0.032430, 0.028766, -177.780886, 0.169379, 0.000000, 0.004234, 0.629610, 0.500000, 0.004234, 0.629610
1.97, 4480.191883, 400.000000, 15000.000000, 400.000000, -0.124734, 686.499990, -3922.660000, 4609.159990, -0.124734, -0.124734, -0.124734, 0.128968, 4609.159990, 4480.191883, 128.968108, 0.128968, 0.128968, 0.128968, 686.499990, 686.499990, -0.124734, 128.968108, 0.128968, 1000.000000, -3922.660000, -0.124734, 400.000000, -0.124734, 4609.159990, 4609.159990, 4609.159990, 4609.159990, 0.128968, 0.004234, -0.124734, 4609.159990, -0.037419, 1.092480, 0.128968, 0.298679, 0.261511, 686.499990, -49.893454, 0.000000, -0.124734, 1.092480, 1.000000, -0.124734, 1.092480, 0.100000, 0.000000, 10.000000, 4864.449077, 0.000000, 0.000000, 4864.449077, 0.100000, 0.100000, 0.100000, 0.100000, 0.100000, 1.000000, 4890.157462, 0.000000, 0.100000, -6.283185, 0.000000, 4890.157462, 40.000000, 400.000000, 150000.000000, 40.000000, -0.037419, -148.463281, 4646.354743, -392.266000, 4890.157462, -0.037419, -0.037419, -0.037419, -0.037419, 0.037419, 4890.157462, 4890.157462, 0.000000, 0.037419, 0.037419, 0.037419, 4646.354743, 4646.354743, -0.037419, 0.000000, 0.037419, 0.000000, -392.266000, -0.037419, 40.000000, -0.037419, 4890.157462, 4890.157462, 4890.157462, 4890.157462, 0.037419, 0.000000, -0.037419, 4890.157462, 0.000000, 4609.159990, -0.037419, 0.629439, 0.037419, 0.032601, 0.028766, -148.463281, -1.496774, 0.000000, -0.037419, 0.629439, 0.500000, -0.037419, 0.629439
1.98, 4492.183565, 400.000000, 15000.000000, 400.000000, -0.108641, 640.744720, -3922.660000, 4563.404720, -0.108641, -0.108641, -0.108641, 0.071221, 4563.404720, 4492.183565, 71.221156, 0.071221, 0.071221, 0.071221, 640.744720, 640.744720, -0.108641, 71.221156, 0.071221, 1000.000000, -3922.660000, -0.108641, 400.000000, -0.108641, 4563.404720, 4563.404720, 4563.404720, 4563.404720, 0.071221, -0.037419, -0.108641, 4563.404720, -0.056857, 1.091314, 0.071221, 0.299479, 0.261511, 640.744720, -43.456201, 0.000000, -0.108641, 1.091314, 1.000000, -0.108641, 1.091314, 0.100000, 0.000000, 10.000000, 4890.157462, 0.000000, 0.000000, 4890.157462, 0.100000, 0.100000, 0.100000, 0.100000, 0.100000, 1.000000, 4963.280783, 0.000000, 0.100000, -6.283185, 0.000000, 4963.280783, 40.000000, 400.000000, 150000.000000, 40.000000, -0.056857, -38.145208, 4609.159990, -392.266000, 4963.280783, -0.056857, -0.056857, -0.056857, -0.056857, 0.056857, 4963.280783, 4963.280783, 0.000000, 0.056857, 0.056857, 0.056857, 4609.159990, 4609.159990, -0.056857, 0.000000, 0.056857, 0.000000, -392.266000, -0.056857, 40.000000, -0.056857, 4963.280783, 4963.280783, 4963.280783, 4963.280783, 0.056857, 0.000000, -0.056857, 4963.280783, 0.000000, 4563.404720, -0.056857, 0.628952, 0.056857, 0.033089, 0.028766, -38.145208, -2.274298, 0.000000, -0.056857, 0.628952, 0.500000, -0.056857, 0.628952
1.99, 4498.838565, 400.000000, 15000.000000, 400.000000, -0.093205, 612.525758, -3922.660000, 4535.185758, -0.093205, -0.093205, -0.093205, 0.036347, 4535.185758, 4498.838565, 36.347193, 0.036347, 0.036347, 0.036347, 612.525758, 612.525758, -0.093205, 36.347193, 0.036347, 1000.000000, -3922.660000, -0.093205, 400.000000, -0.093205, 4535.185758, 4535.185758, 4535.185758, 4535.185758, 0.036347, -0.056857, -0.093205, 4535.185758, -0.044896, 1.090305, 0.036347, 0.299923, 0.261511, 612.525758, -37.281852, 0.000000, -0.093205, 1.090305, 1.000000, -0.093205, 1.090305, 0.100000, 0.000000, 10.000000, 4963.280783, 0.000000, 0.000000, 4963.280783, 0.100000, 0.100000, 0.100000, 0.100000, 0.100000, 1.000000, 5042.221175, 0.000000, 0.100000, -6.283185, 0.000000, 5042.221175, 40.000000, 400.000000, 150000.000000, 40.000000, -0.044896, 86.550455, 4563.404720, -392.266000, 5042.221175, -0.044896, -0.044896, -0.044896, -0.044896, 0.044896, 5042.221175, 5042.221175, 0.000000, 0.044896, 0.044896, 0.044896, 4563.404720, 4563.404720, -0.044896, 0.000000, 0.044896, 0.000000, -392.266000, -0.044896, 40.000000, -0.044896, 5042.221175, 5042.221175, 5042.221175, 5042.221175, 0.044896, 0.000000, -0.044896, 5042.221175, 0.000000, 4535.185758, -0.044896, 0.628425, 0.044896, 0.033615, 0.028766, 86.550455, -1.795835, 0.000000, -0.044896, 0.628425, 0.500000, -0.044896, 0.628425
2, 4504.890414, 400.000000, 15000.000000, 400.000000, -0.077711, 615.045950, -3922.660000, 4537.705950, -0.077711, -0.077711, -0.077711, 0.032816, 4537.705950, 4504.890414, 32.815537, 0.032816, 0.032816, 0.032816, 615.045950, 615.045950, -0.077711, 32.815537, 0.032816, 1000.000000, -3922.660000, -0.077711, 400.000000, -0.077711, 4537.705950, 4537.705950, 4537.705950, 4537.705950, 0.032816, -0.044896, -0.077711, 4537.705950, -0.009902, 1.089450, 0.032816, 0.300326, 0.261511, 615.045950, -31.084563, 0.000000, -0.077711, 1.089450, 1.000000, -0.077711, 1.089450, 0.100000, 0.000000, 10.000000, 5042.221175, 0.000000, 0.000000, 5042.221175, 0.100000, 0.100000, 0.100000, 0.100000, 0.100000, 1.000000, 5084.744615, 0.000000, 0.100000, -6.283185, 0.000000, 5084.744615, 40.000000, 400.000000, 150000.000000, 40.000000, -0.009902, 157.292858, 4535.185758, -392.266000, 5084.744615, -0.009902, -0.009902, -0.009902, -0.009902, 0.009902, 5084.744615, 5084.744615, 0.000000, 0.009902, 0.009902, 0.009902, 4535.185758, 4535.185758, -0.009902, 0.000000, 0.009902, 0.000000, -392.266000, -0.009902, 40.000000, -0.009902, 5084.744615, 5084.744615, 5084.744615, 5084.744615, 0.009902, 0.000000, -0.009902, 5084.744615, 0.000000, 4537.705950, -0.009902, 0.628142, 0.009902, 0.033898, 0.028766, 157.292858, -0.396060, 0.000000, -0.009902, 0.628142, 0.500000, -0.009902, 0.628142
2.01, 4513.762064, 400.000000, 15000.000000, 400.000000, -0.061562, 642.762747, -3922.660000, 4565.422747, -0.061562, -0.061562, -0.061562, 0.051661, 4565.422747, 4513.762064, 51.660683, 0.051661, 0.051661, 0.051661, 642.762747, 642.762747, -0.061562, 51.660683, 0.051661, 1000.000000, -3922.660000, -0.061562, 400.000000, -0.061562, 4565.422747, 4565.422747, 4565.422747, 4565.422747, 0.051661, -0.009902, -0.061562, 4565.422747, 0.028226, 1.088754, 0.051661, 0.300917, 0.261511, 642.762747, -24.624874, 0.000000, -0.061562, 1.088754, 1.000000, -0.061562, 1.088754, 0.100000, 0.000000, 10.000000, 5084.744615, 0.000000, 0.000000, 5084.744615, 0.100000, 0.100000, 0.100000, 0.100000, 0.100000, 1.000000, 5070.546809, 0.000000, 0.100000, -6.283185, 0.000000, 5070.546809, 40.000000, 400.000000, 150000.000000, 40.000000, 0.028226, 140.574858, 4537.705950, -392.266000, 5070.546809, 0.028226, 0.028226, 0.028226, 0.028226, -0.028226, 5070.546809, 5070.546809, -0.000000, -0.028226, -0.028226, -0.028226, 4537.705950, 4537.705950, 0.028226, -0.000000, -0.028226, 0.000000, -392.266000, 0.028226, 40.000000, 0.028226, 5070.546809, 5070.546809, 5070.546809, 5070.546809, -0.028226, 0.000000, 0.028226, 5070.546809, 0.000000, 4565.422747, 0.028226, 0.628236, -0.028226, 0.033804, 0.028766, 140.574858, 1.129044, 0.000000, 0.028226, 0.628236, 0.500000, 0.028226, 0.628236
2.02, 4525.863452, 400.000000, 15000.000000, 400.000000, -0.044612, 676.041916, -3922.660000, 4598.701916, -0.044612, -0.044612, -0.044612, 0.072838, 4598.701916, 4525.863452, 72.838464, 0.072838, 0.072838, 0.072838, 676.041916, 676.041916, -0.044612, 72.838464, 0.072838, 1000.000000, -3922.660000, -0.044612, 400.000000, -0.044612, 4598.701916, 4598.701916, 4598.701916, 4598.701916, 0.072838, 0.028226, -0.044612, 4598.701916, 0.049675, 1.088223, 0.072838, 0.301724, 0.261511, 676.041916, -17.844943, 0.000000, -0.044612, 1.088223, 1.000000, -0.044612, 1.088223, 0.100000, 0.000000, 10.000000, 5070.546809, 0.000000, 0.000000, 5070.546809, 0.100000, 0.100000, 0.100000, 0.100000, 0.100000, 1.000000, 5010.134260, 0.000000, 0.100000, -6.283185, 0.000000, 5010.134260, 40.000000, 400.000000, 150000.000000, 40.000000, 0.049675, 52.445514, 4565.422747, -392.266000, 5010.134260, 0.049675, 0.049675, 0.049675, 0.049675, -0.049675, 5010.134260, 5010.134260, -0.000000, -0.049675, -0.049675, -0.049675, 4565.422747, 4565.422747, 0.049675, -0.000000, -0.049675, 0.000000, -392.266000, 0.049675, 40.000000, 0.049675, 5010.134260, 5010.134260, 5010.134260, 5010.134260, -0.049675, 0.000000, 0.049675, 5010.134260, 0.000000, 4598.701916, 0.049675, 0.628639, -0.049675, 0.033401, 0.028766, 52.445514, 1.987017, 0.000000, 0.049675, 0.628639, 0.500000, 0.049675, 0.628639
2.03, 4538.649075, 400.000000, 15000.000000, 400.000000, -0.027237, 692.901250, -3922.660000, 4615.561250, -0.027237, -0.027237, -0.027237, 0.076912, 4615.561250, 4538.649075, 76.912175, 0.076912, 0.076912, 0.076912, 692.901250, 692.901250, -0.027237, 76.912175, 0.076912, 1000.000000, -3922.660000, -0.027237, 400.000000, -0.027237, 4615.561250, 4615.561250, 4615.561250, 4615.561250, 0.076912, 0.049675, -0.027237, 4615.561250, 0.045260, 1.087864, 0.076912, 0.302577, 0.261511, 692.901250, -10.894700, 0.000000, -0.027237, 1.087864, 1.000000, -0.027237, 1.087864, 0.100000, 0.000000, 10.000000, 5010.134260, 0.000000, 0.000000, 5010.134260, 0.100000, 0.100000, 0.100000, 0.100000, 0.100000, 1.000000, 4936.513647, 0.000000, 0.100000, -6.283185, 0.000000, 4936.513647, 40.000000, 400.000000, 150000.000000, 40.000000, 0.045260, -54.454269, 4598.701916, -392.266000, 4936.513647, 0.045260, 0.045260, 0.045260, 0.045260, -0.045260, 4936.513647, 4936.513647, -0.000000, -0.045260, -0.045260, -0.045260, 4598.701916, 4598.701916, 0.045260, -0.000000, -0.045260, 0.000000, -392.266000, 0.045260, 40.000000, 0.045260, 4936.513647, 4936.513647, 4936.513647, 4936.513647, -0.045260, 0.000000, 0.045260, 4936.513647, 0.000000, 4615.561250, 0.045260, 0.629130, -0.045260, 0.032910, 0.028766, -54.454269, 1.810395, 0.000000, 0.045260, 0.629130, 0.500000, 0.045260, 0.629130
2.04, 4548.247742, 400.000000, 15000.000000, 400.000000, -0.010112, 680.959397, -3922.660000, 4603.619397, -0.010112, -0.010112, -0.010112, 0.055372, 4603.619397, 4548.247742, 55.371655, 0.055372, 0.055372, 0.055372, 680.959397, 680.959397, -0.010112, 55.371655, 0.055372, 1000.000000, -3922.660000, -0.010112, 400.000000, -0.010112, 4603.619397, 4603.619397, 4603.619397, 4603.619397, 0.055372, 0.045260, -0.010112, 4603.619397, 0.020358, 1.087677, 0.055372, 0.303217, 0.261511, 680.959397, -4.044709, 0.000000, -0.010112, 1.087677, 1.000000, -0.010112, 1.087677, 0.100000, 0.000000, 10.000000, 4936.513647, 0.000000, 0.000000, 4936.513647, 0.100000, 0.100000, 0.100000, 0.100000, 0.100000, 1.000000, 4885.647822, 0.000000, 0.100000, -6.283185, 0.000000, 4885.647822, 40.000000, 400.000000, 150000.000000, 40.000000, 0.020358, -122.179428, 4615.561250, -392.266000, 4885.647822, 0.020358, 0.020358, 0.020358, 0.020358, -0.020358, 4885.647822, 4885.647822, -0.000000, -0.020358, -0.020358, -0.020358, 4615.561250, 4615.561250, 0.020358, -0.000000, -0.020358, 0.000000, -392.266000, 0.020358, 40.000000, 0.020358, 4885.647822, 4885.647822, 4885.647822, 4885.647822, -0.020358, 0.000000, 0.020358, 4885.647822, 0.000000, 4603.619397, 0.020358, 0.629469, -0.020358, 0.032571, 0.028766, -122.179428, 0.814328, 0.000000, 0.020358, 0.629469, 0.500000, 0.020358, 0.629469
2.05, 4551.656463, 400.000000, 15000.000000, 400.000000, 0.006145, 643.210168, -3922.660000, 4565.870168, 0.006145, 0.006145, 0.006145, 0.014214, 4565.870168, 4551.656463, 14.213705, 0.014214, 0.014214, 0.014214, 643.210168, 643.210168, 0.006145, 14.213705, 0.014214, 1000.000000, -3922.660000, 0.006145, 400.000000, 0.006145, 4565.870168, 4565.870168, 4565.870168, 4565.870168, 0.014214, 0.020358, 0.006145, 4565.870168, -0.009251, 1.087658, 0.014214, 0.303444, 0.261511, 643.210168, 2.457802, 0.000000, 0.006145, 1.087658, 1.000000, 0.006145, 1.087658, 0.100000, 0.000000, 10.000000, 4885.647822, 0.000000, 0.000000, 4885.647822, 0.100000, 0.100000, 0.100000, 0.100000, 0.100000, 1.000000, 4877.085320, 0.000000, 0.100000, -6.283185, 0.000000, 4877.085320, 40.000000, 400.000000, 150000.000000, 40.000000, -0.009251, -118.800077, 4603.619397, -392.266000, 4877.085320, -0.009251, -0.009251, -0.009251, -0.009251, 0.009251, 4877.085320, 4877.085320, 0.000000, 0.009251, 0.009251, 0.009251, 4603.619397, 4603.619397, -0.009251, 0.000000, 0.009251, 0.000000, -392.266000, -0.009251, 40.000000, -0.009251, 4877.085320, 4877.085320, 4877.085320, 4877.085320, 0.009251, 0.000000, -0.009251, 4877.085320, 0.000000, 4565.870168, -0.009251, 0.629526, 0.009251, 0.032514, 0.028766, -118.800077, -0.370032, 0.000000, -0.009251, 0.629526, 0.500000, -0.009251, 0.629526
2.06, 4548.280041, 400.000000, 15000.000000, 400.000000, 0.021270, 595.099115, -3922.660000, 4517.759115, 0.021270, 0.021270, 0.021270, -0.030521, 4517.759115, 4548.280041, -30.520926, -0.030521, -0.030521, -0.030521, 595.099115, 595.099115, 0.021270, -30.520926, -0.030521, 1000.000000, -3922.660000, 0.021270, 400.000000, 0.021270, 4517.759115, 4517.759115, 4517.759115, 4517.759115, -0.030521, -0.009251, 0.021270, 4517.759115, -0.026718, 1.087795, -0.030521, 0.303219, 0.261511, 595.099115, 8.508049, 0.000000, 0.021270, 1.087795, 1.000000, 0.021270, 1.087795, 0.100000, 0.000000, 10.000000, 4877.085320, 0.000000, 0.000000, 4877.085320, 0.100000, 0.100000, 0.100000, 0.100000, 0.100000, 1.000000, 4905.059853, 0.000000, 0.100000, -6.283185, 0.000000, 4905.059853, 40.000000, 400.000000, 150000.000000, 40.000000, -0.026718, -53.076314, 4565.870168, -392.266000, 4905.059853, -0.026718, -0.026718, -0.026718, -0.026718, 0.026718, 4905.059853, 4905.059853, 0.000000, 0.026718, 0.026718, 0.026718, 4565.870168, 4565.870168, -0.026718, 0.000000, 0.026718, 0.000000, -392.266000, -0.026718, 40.000000, -0.026718, 4905.059853, 4905.059853, 4905.059853, 4905.059853, 0.026718, 0.000000, -0.026718, 4905.059853, 0.000000, 4517.759115, -0.026718, 0.629340, 0.026718, 0.032700, 0.028766, -53.076314, -1.068734, 0.000000, -0.026718, 0.629340, 0.500000, -0.026718, 0.629340
2.07, 4540.054997, 400.000000, 15000.000000, 400.000000, 0.035442, 555.234712, -3922.660000, 4477.894712, 0.035442, 0.035442, 0.035442, -0.062160, 4477.894712, 4540.054997, -62.160285, -0.062160, -0.062160, -0.062160, 555.234712, 555.234712, 0.035442, -62.160285, -0.062160, 1000.000000, -3922.660000, 0.035442, 400.000000, 0.035442, 4477.894712, 4477.894712, 4477.894712, 4477.894712, -0.062160, -0.026718, 0.035442, 4477.894712, -0.023192, 1.088080, -0.062160, 0.302670, 0.261511, 555.234712, 14.176777, 0.000000, 0.035442, 1.088080, 1.000000, 0.035442, 1.088080, 0.100000, 0.000000, 10.000000, 4905.059853, 0.000000, 0.000000, 4905.059853, 0.100000, 0.100000, 0.100000, 0.100000, 0.100000, 1.000000, 4943.863563, 0.000000, 0.100000, -6.283185, 0.000000, 4943.863563, 40.000000, 400.000000, 150000.000000, 40.000000, -0.023192, 33.838448, 4517.759115, -392.266000, 4943.863563, -0.023192, -0.023192, -0.023192, -0.023192, 0.023192, 4943.863563, 4943.863563, 0.000000, 0.023192, 0.023192, 0.023192, 4517.759115, 4517.759115, -0.023192, 0.000000, 0.023192, 0.000000, -392.266000, -0.023192, 40.000000, -0.023192, 4943.863563, 4943.863563, 4943.863563, 4943.863563, 0.023192, 0.000000, -0.023192, 4943.863563, 0.000000, 4477.894712, -0.023192, 0.629081, 0.023192, 0.032959, 0.028766, 33.838448, -0.927699, 0.000000, -0.023192, 0.629081, 0.500000, -0.023192, 0.629081
2.08, 4530.218039, 400.000000, 15000.000000, 400.000000, 0.049119, 535.247037, -3922.660000, 4457.907037, 0.049119, 0.049119, 0.049119, -0.072311, 4457.907037, 4530.218039, -72.311003, -0.072311, -0.072311, -0.072311, 535.247037, 535.247037, 0.049119, -72.311003, -0.072311, 1000.000000, -3922.660000, 0.049119, 400.000000, 0.049119, 4457.907037, 4457.907037, 4457.907037, 4457.907037, -0.072311, -0.023192, 0.049119, 4457.907037, -0.001819, 1.088503, -0.072311, 0.302015, 0.261511, 535.247037, 19.647411, 0.000000, 0.049119, 1.088503, 1.000000, 0.049119, 1.088503, 0.100000, 0.000000, 10.000000, 4943.863563, 0.000000, 0.000000, 4943.863563, 0.100000, 0.100000, 0.100000, 0.100000, 0.100000, 1.000000, 4963.359457, 0.000000, 0.100000, -6.283185, 0.000000, 4963.359457, 40.000000, 400.000000, 150000.000000, 40.000000, -0.001819, 93.198745, 4477.894712, -392.266000, 4963.359457, -0.001819, -0.001819, -0.001819, -0.001819, 0.001819, 4963.359457, 4963.359457, 0.000000, 0.001819, 0.001819, 0.001819, 4477.894712, 4477.894712, -0.001819, 0.000000, 0.001819, 0.000000, -392.266000, -0.001819, 40.000000, -0.001819, 4963.359457, 4963.359457, 4963.359457, 4963.359457, 0.001819, 0.000000, -0.001819, 4963.359457, 0.000000, 4457.907037, -0.001819, 0.628951, 0.001819, 0.033089, 0.028766, 93.198745, -0.072740, 0.000000, -0.001819, 0.628951, 0.500000, -0.001819, 0.628951
2.09, 4521.495513, 400.000000, 15000.000000, 400.000000, 0.062748, 534.268718, -3922.660000, 4456.928718, 0.062748, 0.062748, 0.062748, -0.064567, 4456.928718, 4521.495513, -64.566795, -0.064567, -0.064567, -0.064567, 534.268718, 534.268718, 0.062748, -64.566795, -0.064567, 1000.000000, -3922.660000, 0.062748, 400.000000, 0.062748, 4456.928718, 4456.928718, 4456.928718, 4456.928718, -0.064567, -0.001819, 0.062748, 4456.928718, 0.025005, 1.089063, -0.064567, 0.301433, 0.261511, 534.268718, 25.099314, 0.000000, 0.062748, 1.089063, 1.000000, 0.062748, 1.089063, 0.100000, 0.000000, 10.000000, 4963.359457, 0.000000, 0.000000, 4963.359457, 0.100000, 0.100000, 0.100000, 0.100000, 0.100000, 1.000000, 4945.469678, 0.000000, 0.100000, -6.283185, 0.000000, 4945.469678, 40.000000, 400.000000, 150000.000000, 40.000000, 0.025005, 95.296642, 4457.907037, -392.266000, 4945.469678, 0.025005, 0.025005, 0.025005, 0.025005, -0.025005, 4945.469678, 4945.469678, -0.000000, -0.025005, -0.025005, -0.025005, 4457.907037, 4457.907037, 0.025005, -0.000000, -0.025005, 0.000000, -392.266000, 0.025005, 40.000000, 0.025005, 4945.469678, 4945.469678, 4945.469678, 4945.469678, -0.025005, 0.000000, 0.025005, 4945.469678, 0.000000, 4456.928718, 0.025005, 0.629070, -0.025005, 0.032970, 0.028766, 95.296642, 1.000189, 0.000000, 0.025005, 0.629070, 0.500000, 0.025005, 0.629070
2.1, 4514.729206, 400.000000, 15000.000000, 400.000000, 0.076510, 540.563582, -3922.660000, 4463.223582, 0.076510, 0.076510, 0.076510, -0.051506, 4463.223582, 4514.729206, -51.505624, -0.051506, -0.051506, -0.051506, 540.563582, 540.563582, 0.076510, -51.505624, -0.051506, 1000.000000, -3922.660000, 0.076510, 400.000000, 0.076510, 4463.223582, 4463.223582, 4463.223582, 4463.223582, -0.051506, 0.025005, 0.076510, 4463.223582, 0.043050, 1.089759, -0.051506, 0.300982, 0.261511, 540.563582, 30.604137, 0.000000, 0.076510, 1.089759, 1.000000, 0.076510, 1.089759, 0.100000, 0.000000, 10.000000, 4945.469678, 0.000000, 0.000000, 4945.469678, 0.100000, 0.100000, 0.100000, 0.100000, 0.100000, 1.000000, 4892.774528, 0.000000, 0.100000, -6.283185, 0.000000, 4892.774528, 40.000000, 400.000000, 150000.000000, 40.000000, 0.043050, 43.579810, 4456.928718, -392.266000, 4892.774528, 0.043050, 0.043050, 0.043050, 0.043050, -0.043050, 4892.774528, 4892.774528, -0.000000, -0.043050, -0.043050, -0.043050, 4456.928718, 4456.928718, 0.043050, -0.000000, -0.043050, 0.000000, -392.266000, 0.043050, 40.000000, 0.043050, 4892.774528, 4892.774528, 4892.774528, 4892.774528, -0.043050, 0.000000, 0.043050, 4892.774528, 0.000000, 4463.223582, 0.043050, 0.629422, -0.043050, 0.032618, 0.028766, 43.579810, 1.722004, 0.000000, 0.043050, 0.629422, 0.500000, 0.043050, 0.629422
2.11, 4508.630974, 400.000000, 15000.000000, 400.000000, 0.090223, 538.797866, -3922.660000, 4461.457866, 0.090223, 0.090223, 0.090223, -0.047173, 4461.457866, 4508.630974, -47.173109, -0.047173, -0.047173, -0.047173, 538.797866, 538.797866, 0.090223, -47.173109, -0.047173, 1000.000000, -3922.660000, 0.090223, 400.000000, 0.090223, 4461.457866, 4461.457866, 4461.457866, 4461.457866, -0.047173, 0.043050, 0.090223, 4461.457866, 0.043998, 1.090593, -0.047173, 0.300575, 0.261511, 538.797866, 36.089279, 0.000000, 0.090223, 1.090593, 1.000000, 0.090223, 1.090593, 0.100000, 0.000000, 10.000000, 4892.774528, 0.000000, 0.000000, 4892.774528, 0.100000, 0.100000, 0.100000, 0.100000, 0.100000, 1.000000, 4825.348245, 0.000000, 0.100000, -6.283185, 0.000000, 4825.348245, 40.000000, 400.000000, 150000.000000, 40.000000, 0.043998, -30.141337, 4463.223582, -392.266000, 4825.348245, 0.043998, 0.043998, 0.043998, 0.043998, -0.043998, 4825.348245, 4825.348245, -0.000000, -0.043998, -0.043998, -0.043998, 4463.223582, 4463.223582, 0.043998, -0.000000, -0.043998, 0.000000, -392.266000, 0.043998, 40.000000, 0.043998, 4825.348245, 4825.348245, 4825.348245, 4825.348245, -0.043998, 0.000000, 0.043998, 4825.348245, 0.000000, 4461.457866, 0.043998, 0.629871, -0.043998, 0.032169, 0.028766, -30.141337, 1.759930, 0.000000, 0.043998, 0.629871, 0.500000, 0.043998, 0.629871
2.12, 4500.695902, 400.000000, 15000.000000, 400.000000, 0.103455, 518.579286, -3922.660000, 4441.239286, 0.103455, 0.103455, 0.103455, -0.059457, 4441.239286, 4500.695902, -59.456616, -0.059457, -0.059457, -0.059457, 518.579286, 518.579286, 0.103455, -59.456616, -0.059457, 1000.000000, -3922.660000, 0.103455, 400.000000, 0.103455, 4441.239286, 4441.239286, 4441.239286, 4441.239286, -0.059457, 0.043998, 0.103455, 4441.239286, 0.029338, 1.091562, -0.059457, 0.300046, 0.261511, 518.579286, 41.381951, 0.000000, 0.103455, 1.091562, 1.000000, 0.103455, 1.091562, 0.100000, 0.000000, 10.000000, 4825.348245, 0.000000, 0.000000, 4825.348245, 0.100000, 0.100000, 0.100000, 0.100000, 0.100000, 1.000000, 4768.565631, 0.000000, 0.100000, -6.283185, 0.000000, 4768.565631, 40.000000, 400.000000, 150000.000000, 40.000000, 0.029338, -85.158235, 4461.457866, -392.266000, 4768.565631, 0.029338, 0.029338, 0.029338, 0.029338, -0.029338, 4768.565631, 4768.565631, -0.000000, -0.029338, -0.029338, -0.029338, 4461.457866, 4461.457866, 0.029338, -0.000000, -0.029338, 0.000000, -392.266000, 0.029338, 40.000000, 0.029338, 4768.565631, 4768.565631, 4768.565631, 4768.565631, -0.029338, 0.000000, 0.029338, 4768.565631, 0.000000, 4441.239286, 0.029338, 0.630250, -0.029338, 0.031790, 0.028766, -85.158235, 1.173536, 0.000000, 0.029338, 0.630250, 0.500000, 0.029338, 0.630250
2.13, 4488.684279, 400.000000, 15000.000000, 400.000000, 0.115758, 479.604681, -3922.660000, 4402.264681, 0.115758, 0.115758, 0.115758, -0.086420, 4402.264681, 4488.684279, -86.419598, -0.086420, -0.086420, -0.086420, 479.604681, 479.604681, 0.115758, -86.419598, -0.086420, 1000.000000, -3922.660000, 0.115758, 400.000000, 0.115758, 4402.264681, 4402.264681, 4402.264681, 4402.264681, -0.086420, 0.029338, 0.115758, 4402.264681, 0.008699, 1.092659, -0.086420, 0.299246, 0.261511, 479.604681, 46.303197, 0.000000, 0.115758, 1.092659, 1.000000, 0.115758, 1.092659, 0.100000, 0.000000, 10.000000, 4768.565631, 0.000000, 0.000000, 4768.565631, 0.100000, 0.100000, 0.100000, 0.100000, 0.100000, 1.000000, 4739.176418, 0.000000, 0.100000, -6.283185, 0.000000, 4739.176418, 40.000000, 400.000000, 150000.000000, 40.000000, 0.008699, -94.328868, 4441.239286, -392.266000, 4739.176418, 0.008699, 0.008699, 0.008699, 0.008699, -0.008699, 4739.176418, 4739.176418, -0.000000, -0.008699, -0.008699, -0.008699, 4441.239286, 4441.239286, 0.008699, -0.000000, -0.008699, 0.000000, -392.266000, 0.008699, 40.000000, 0.008699, 4739.176418, 4739.176418, 4739.176418, 4739.176418, -0.008699, 0.000000, 0.008699, 4739.176418, 0.000000, 4402.264681, 0.008699, 0.630446, -0.008699, 0.031595, 0.028766, -94.328868, 0.347968, 0.000000, 0.008699, 0.630446, 0.500000, 0.008699, 0.630446
2.14, 4471.832494, 400.000000, 15000.000000, 400.000000, 0.126893, 430.978244, -3922.660000, 4353.638244, 0.126893, 0.126893, 0.126893, -0.118194, 4353.638244, 4471.832494, -118.194250, -0.118194, -0.118194, -0.118194, 430.978244, 430.978244, 0.126893, -118.194250, -0.118194, 1000.000000, -3922.660000, 0.126893, 400.000000, 0.126893, 4353.638244, 4353.638244, 4353.638244, 4353.638244, -0.118194, 0.008699, 0.126893, 4353.638244, -0.006004, 1.093873, -0.118194, 0.298122, 0.261511, 430.978244, 50.757378, 0.000000, 0.126893, 1.093873, 1.000000, 0.126893, 1.093873, 0.100000, 0.000000, 10.000000, 4739.176418, 0.000000, 0.000000, 4739.176418, 0.100000, 0.100000, 0.100000, 0.100000, 0.100000, 1.000000, 4737.215273, 0.000000, 0.100000, -6.283185, 0.000000, 4737.215273, 40.000000, 400.000000, 150000.000000, 40.000000, -0.006004, -57.315408, 4402.264681, -392.266000, 4737.215273, -0.006004, -0.006004, -0.006004, -0.006004, 0.006004, 4737.215273, 4737.215273, 0.000000, 0.006004, 0.006004, 0.006004, 4402.264681, 4402.264681, -0.006004, 0.000000, 0.006004, 0.000000, -392.266000, -0.006004, 40.000000, -0.006004, 4737.215273, 4737.215273, 4737.215273, 4737.215273, 0.006004, 0.000000, -0.006004, 4737.215273, 0.000000, 4353.638244, -0.006004, 0.630459, 0.006004, 0.031581, 0.028766, -57.315408, -0.240167, 0.000000, -0.006004, 0.630459, 0.500000, -0.006004, 0.630459
2.15, 4451.172202, 400.000000, 15000.000000, 400.000000, 0.136925, 385.583310, -3922.660000, 4308.243310, 0.136925, 0.136925, 0.136925, -0.142929, 4308.243310, 4451.172202, -142.928892, -0.142929, -0.142929, -0.142929, 385.583310, 385.583310, 0.136925, -142.928892, -0.142929, 1000.000000, -3922.660000, 0.136925, 400.000000, 0.136925, 4308.243310, 4308.243310, 4308.243310, 4308.243310, -0.142929, -0.006004, 0.136925, 4308.243310, -0.007118, 1.095192, -0.142929, 0.296745, 0.261511, 385.583310, 54.769885, 0.000000, 0.136925, 1.095192, 1.000000, 0.136925, 1.095192, 0.100000, 0.000000, 10.000000, 4737.215273, 0.000000, 0.000000, 4737.215273, 0.100000, 0.100000, 0.100000, 0.100000, 0.100000, 1.000000, 4747.533277, 0.000000, 0.100000, -6.283185, 0.000000, 4747.533277, 40.000000, 400.000000, 150000.000000, 40.000000, -0.007118, 1.629034, 4353.638244, -392.266000, 4747.533277, -0.007118, -0.007118, -0.007118, -0.007118, 0.007118, 4747.533277, 4747.533277, 0.000000, 0.007118, 0.007118, 0.007118, 4353.638244, 4353.638244, -0.007118, 0.000000, 0.007118, 0.000000, -392.266000, -0.007118, 40.000000, -0.007118, 4747.533277, 4747.533277, 4747.533277, 4747.533277, 0.007118, 0.000000, -0.007118, 4747.533277, 0.000000, 4308.243310, -0.007118, 0.630390, 0.007118, 0.031650, 0.028766, 1.629034, -0.284717, 0.000000, -0.007118, 0.630390, 0.500000, -0.007118, 0.630390
2.16, 4428.867246, 400.000000, 15000.000000, 400.000000, 0.146144, 352.945181, -3922.660000, 4275.605181, 0.146144, 0.146144, 0.146144, -0.153262, 4275.605181, 4428.867246, -153.262064, -0.153262, -0.153262, -0.153262, 352.945181, 352.945181, 0.146144, -153.262064, -0.153262, 1000.000000, -3922.660000, 0.146144, 400.000000, 0.146144, 4275.605181, 4275.605181, 4275.605181, 4275.605181, -0.153262, -0.007118, 0.146144, 4275.605181, 0.005056, 1.096608, -0.153262, 0.295258, 0.261511, 352.945181, 58.457652, 0.000000, 0.146144, 1.096608, 1.000000, 0.146144, 1.096608, 0.100000, 0.000000, 10.000000, 4747.533277, 0.000000, 0.000000, 4747.533277, 0.100000, 0.100000, 0.100000, 0.100000, 0.100000, 1.000000, 4749.276699, 0.000000, 0.100000, -6.283185, 0.000000, 4749.276699, 40.000000, 400.000000, 150000.000000, 40.000000, 0.005056, 48.767389, 4308.243310, -392.266000, 4749.276699, 0.005056, 0.005056, 0.005056, 0.005056, -0.005056, 4749.276699, 4749.276699, -0.000000, -0.005056, -0.005056, -0.005056, 4308.243310, 4308.243310, 0.005056, -0.000000, -0.005056, 0.000000, -392.266000, 0.005056, 40.000000, 0.005056, 4749.276699, 4749.276699, 4749.276699, 4749.276699, -0.005056, 0.000000, 0.005056, 4749.276699, 0.000000, 4275.605181, 0.005056, 0.630378, -0.005056, 0.031662, 0.028766, 48.767389, 0.202224, 0.000000, 0.005056, 0.630378, 0.500000, 0.005056, 0.630378
2.17, 4407.008767, 400.000000, 15000.000000, 400.000000, 0.154885, 334.519021, -3922.660000, 4257.179021, 0.154885, 0.154885, 0.154885, -0.149830, 4257.179021, 4407.008767, -149.829746, -0.149830, -0.149830, -0.149830, 334.519021, 334.519021, 0.154885, -149.829746, -0.149830, 1000.000000, -3922.660000, 0.154885, 400.000000, 0.154885, 4257.179021, 4257.179021, 4257.179021, 4257.179021, -0.149830, 0.005056, 0.154885, 4257.179021, 0.023129, 1.098114, -0.149830, 0.293801, 0.261511, 334.519021, 61.954141, 0.000000, 0.154885, 1.098114, 1.000000, 0.154885, 1.098114, 0.100000, 0.000000, 10.000000, 4749.276699, 0.000000, 0.000000, 4749.276699, 0.100000, 0.100000, 0.100000, 0.100000, 0.100000, 1.000000, 4727.557446, 0.000000, 0.100000, -6.283185, 0.000000, 4727.557446, 40.000000, 400.000000, 150000.000000, 40.000000, 0.023129, 59.686265, 4275.605181, -392.266000, 4727.557446, 0.023129, 0.023129, 0.023129, 0.023129, -0.023129, 4727.557446, 4727.557446, -0.000000, -0.023129, -0.023129, -0.023129, 4275.605181, 4275.605181, 0.023129, -0.000000, -0.023129, 0.000000, -392.266000, 0.023129, 40.000000, 0.023129, 4727.557446, 4727.557446, 4727.557446, 4727.557446, -0.023129, 0.000000, 0.023129, 4727.557446, 0.000000, 4257.179021, 0.023129, 0.630523, -0.023129, 0.031517, 0.028766, 59.686265, 0.925148, 0.000000, 0.023129, 0.630523, 0.500000, 0.023129, 0.630523
2.18, 4386.558129, 400.000000, 15000.000000, 400.000000, 0.163332, 323.694760, -3922.660000, 4246.354760, 0.163332, 0.163332, 0.163332, -0.140203, 4246.354760, 4386.558129, -140.203369, -0.140203, -0.140203, -0.140203, 323.694760, 323.694760, 0.163332, -140.203369, -0.140203, 1000.000000, -3922.660000, 0.163332, 400.000000, 0.163332, 4246.354760, 4246.354760, 4246.354760, 4246.354760, -0.140203, 0.023129, 0.163332, 4246.354760, 0.037193, 1.099706, -0.140203, 0.292437, 0.261511, 323.694760, 65.332830, 0.000000, 0.163332, 1.099706, 1.000000, 0.163332, 1.099706, 0.100000, 0.000000, 10.000000, 4727.557446, 0.000000, 0.000000, 4727.557446, 0.100000, 0.100000, 0.100000, 0.100000, 0.100000, 1.000000, 4680.906437, 0.000000, 0.100000, -6.283185, 0.000000, 4680.906437, 40.000000, 400.000000, 150000.000000, 40.000000, 0.037193, 31.461416, 4257.179021, -392.266000, 4680.906437, 0.037193, 0.037193, 0.037193, 0.037193, -0.037193, 4680.906437, 4680.906437, -0.000000, -0.037193, -0.037193, -0.037193, 4257.179021, 4257.179021, 0.037193, -0.000000, -0.037193, 0.000000, -392.266000, 0.037193, 40.000000, 0.037193, 4680.906437, 4680.906437, 4680.906437, 4680.906437, -0.037193, 0.000000, 0.037193, 4680.906437, 0.000000, 4246.354760, 0.037193, 0.630834, -0.037193, 0.031206, 0.028766, 31.461416, 1.487735, 0.000000, 0.037193, 0.630834, 0.500000, 0.037193, 0.630834
2.19, 4366.986985, 400.000000, 15000.000000, 400.000000, 0.171425, 310.095227, -3922.660000, 4232.755227, 0.171425, 0.171425, 0.171425, -0.134232, 4232.755227, 4366.986985, -134.231758, -0.134232, -0.134232, -0.134232, 310.095227, 310.095227, 0.171425, -134.231758, -0.134232, 1000.000000, -3922.660000, 0.171425, 400.000000, 0.171425, 4232.755227, 4232.755227, 4232.755227, 4232.755227, -0.134232, 0.037193, 0.171425, 4232.755227, 0.040321, 1.101380, -0.134232, 0.291132, 0.261511, 310.095227, 68.570050, 0.000000, 0.171425, 1.101380, 1.000000, 0.171425, 1.101380, 0.100000, 0.000000, 10.000000, 4680.906437, 0.000000, 0.000000, 4680.906437, 0.100000, 0.100000, 0.100000, 0.100000, 0.100000, 1.000000, 4620.918101, 0.000000, 0.100000, -6.283185, 0.000000, 4620.918101, 40.000000, 400.000000, 150000.000000, 40.000000, 0.040321, -17.702658, 4246.354760, -392.266000, 4620.918101, 0.040321, 0.040321, 0.040321, 0.040321, -0.040321, 4620.918101, 4620.918101, -0.000000, -0.040321, -0.040321, -0.040321, 4246.354760, 4246.354760, 0.040321, -0.000000, -0.040321, 0.000000, -392.266000, 0.040321, 40.000000, 0.040321, 4620.918101, 4620.918101, 4620.918101, 4620.918101, -0.040321, 0.000000, 0.040321, 4620.918101, 0.000000, 4232.755227, 0.040321, 0.631234, -0.040321, 0.030806, 0.028766, -17.702658, 1.612836, 0.000000, 0.040321, 0.631234, 0.500000, 0.040321, 0.631234
2.2, 4346.743707, 400.000000, 15000.000000, 400.000000, 0.178909, 285.496000, -3922.660000, 4208.156000, 0.178909, 0.178909, 0.178909, -0.138588, 4208.156000, 4346.743707, -138.587707, -0.138588, -0.138588, -0.138588, 285.496000, 285.496000, 0.178909, -138.587707, -0.138588, 1000.000000, -3922.660000, 0.178909, 400.000000, 0.178909, 4208.156000, 4208.156000, 4208.156000, 4208.156000, -0.138588, 0.040321, 0.178909, 4208.156000, 0.031985, 1.103132, -0.138588, 0.289783, 0.261511, 285.496000, 71.563448, 0.000000, 0.178909, 1.103132, 1.000000, 0.178909, 1.103132, 0.100000, 0.000000, 10.000000, 4620.918101, 0.000000, 0.000000, 4620.918101, 0.100000, 0.100000, 0.100000, 0.100000, 0.100000, 1.000000, 4564.971951, 0.000000, 0.100000, -6.283185, 0.000000, 4564.971951, 40.000000, 400.000000, 150000.000000, 40.000000, 0.031985, -60.049276, 4232.755227, -392.266000, 4564.971951, 0.031985, 0.031985, 0.031985, 0.031985, -0.031985, 4564.971951, 4564.971951, -0.000000, -0.031985, -0.031985, -0.031985, 4232.755227, 4232.755227, 0.031985, -0.000000, -0.031985, 0.000000, -392.266000, 0.031985, 40.000000, 0.031985, 4564.971951, 4564.971951, 4564.971951, 4564.971951, -0.031985, 0.000000, 0.031985, 4564.971951, 0.000000, 4208.156000, 0.031985, 0.631607, -0.031985, 0.030433, 0.028766, -60.049276, 1.279393, 0.000000, 0.031985, 0.631607, 0.500000, 0.031985, 0.631607
2.21, 4324.223902, 400.000000, 15000.000000, 400.000000, 0.185478, 248.070510, -3922.660000, 4170.730510, 0.185478, 0.185478, 0.185478, -0.153493, 4170.730510, 4324.223902, -153.493392, -0.153493, -0.153493, -0.153493, 248.070510, 248.070510, 0.185478, -153.493392, -0.153493, 1000.000000, -3922.660000, 0.185478, 400.000000, 0.185478, 4170.730510, 4170.730510, 4170.730510, 4170.730510, -0.153493, 0.031985, 0.185478, 4170.730510, 0.017770, 1.104955, -0.153493, 0.288282, 0.261511, 248.070510, 74.191291, 0.000000, 0.185478, 1.104955, 1.000000, 0.185478, 1.104955, 0.100000, 0.000000, 10.000000, 4564.971951, 0.000000, 0.000000, 4564.971951, 0.100000, 0.100000, 0.100000, 0.100000, 0.100000, 1.000000, 4526.523615, 0.000000, 0.100000, -6.283185, 0.000000, 4526.523615, 40.000000, 400.000000, 150000.000000, 40.000000, 0.017770, -73.898384, 4208.156000, -392.266000, 4526.523615, 0.017770, 0.017770, 0.017770, 0.017770, -0.017770, 4526.523615, 4526.523615, -0.000000, -0.017770, -0.017770, -0.017770, 4208.156000, 4208.156000, 0.017770, -0.000000, -0.017770, 0.000000, -392.266000, 0.017770, 40.000000, 0.017770, 4526.523615, 4526.523615, 4526.523615, 4526.523615, -0.017770, 0.000000, 0.017770, 4526.523615, 0.000000, 4170.730510, 0.017770, 0.631863, -0.017770, 0.030177, 0.028766, -73.898384, 0.710800, 0.000000, 0.017770, 0.631863, 0.500000, 0.017770, 0.631863
2.22, 4298.683170, 400.000000, 15000.000000, 400.000000, 0.190943, 202.849737, -3922.660000, 4125.509737, 0.190943, 0.190943, 0.190943, -0.173173, 4125.509737, 4298.683170, -173.173433, -0.173173, -0.173173, -0.173173, 202.849737, 202.849737, 0.190943, -173.173433, -0.173173, 1000.000000, -3922.660000, 0.190943, 400.000000, 0.190943, 4125.509737, 4125.509737, 4125.509737, 4125.509737, -0.173173, 0.017770, 0.190943, 4125.509737, 0.005854, 1.106838, -0.173173, 0.286579, 0.261511, 202.849737, 76.377371, 0.000000, 0.190943, 1.106838, 1.000000, 0.190943, 1.106838, 0.100000, 0.000000, 10.000000, 4526.523615, 0.000000, 0.000000, 4526.523615, 0.100000, 0.100000, 0.100000, 0.100000, 0.100000, 1.000000, 4508.350773, 0.000000, 0.100000, -6.283185, 0.000000, 4508.350773, 40.000000, 400.000000, 150000.000000, 40.000000, 0.005854, -54.645737, 4170.730510, -392.266000, 4508.350773, 0.005854, 0.005854, 0.005854, 0.005854, -0.005854, 4508.350773, 4508.350773, -0.000000, -0.005854, -0.005854, -0.005854, 4170.730510, 4170.730510, 0.005854, -0.000000, -0.005854, 0.000000, -392.266000, 0.005854, 40.000000, 0.005854, 4508.350773, 4508.350773, 4508.350773, 4508.350773, -0.005854, 0.000000, 0.005854, 4508.350773, 0.000000, 4125.509737, 0.005854, 0.631984, -0.005854, 0.030056, 0.028766, -54.645737, 0.234177, 0.000000, 0.005854, 0.631984, 0.500000, 0.005854, 0.631984
2.23, 4270.611133, 400.000000, 15000.000000, 400.000000, 0.195316, 158.489383, -3922.660000, 4081.149383, 0.195316, 0.195316, 0.195316, -0.189462, 4081.149383, 4270.611133, -189.461750, -0.189462, -0.189462, -0.189462, 158.489383, 158.489383, 0.195316, -189.461750, -0.189462, 1000.000000, -3922.660000, 0.195316, 400.000000, 0.195316, 4081.149383, 4081.149383, 4081.149383, 4081.149383, -0.189462, 0.005854, 0.195316, 4081.149383, 0.002425, 1.108770, -0.189462, 0.284707, 0.261511, 158.489383, 78.126468, 0.000000, 0.195316, 1.108770, 1.000000, 0.195316, 1.108770, 0.100000, 0.000000, 10.000000, 4508.350773, 0.000000, 0.000000, 4508.350773, 0.100000, 0.100000, 0.100000, 0.100000, 0.100000, 1.000000, 4502.085725, 0.000000, 0.100000, -6.283185, 0.000000, 4502.085725, 40.000000, 400.000000, 150000.000000, 40.000000, 0.002425, -15.690012, 4125.509737, -392.266000, 4502.085725, 0.002425, 0.002425, 0.002425, 0.002425, -0.002425, 4502.085725, 4502.085725, -0.000000, -0.002425, -0.002425, -0.002425, 4125.509737, 4125.509737, 0.002425, -0.000000, -0.002425, 0.000000, -392.266000, 0.002425, 40.000000, 0.002425, 4502.085725, 4502.085725, 4502.085725, 4502.085725, -0.002425, 0.000000, 0.002425, 4502.085725, 0.000000, 4081.149383, 0.002425, 0.632026, -0.002425, 0.030014, 0.028766, -15.690012, 0.096988, 0.000000, 0.002425, 0.632026, 0.500000, 0.002425, 0.632026
2.24, 4241.415487, 400.000000, 15000.000000, 400.000000, 0.198785, 122.394933, -3922.660000, 4045.054933, 0.198785, 0.198785, 0.198785, -0.196361, 4045.054933, 4241.415487, -196.360555, -0.196361, -0.196361, -0.196361, 122.394933, 122.394933, 0.198785, -196.360555, -0.196361, 1000.000000, -3922.660000, 0.198785, 400.000000, 0.198785, 4045.054933, 4045.054933, 4045.054933, 4045.054933, -0.196361, 0.002425, 0.198785, 4045.054933, 0.008561, 1.110741, -0.196361, 0.282761, 0.261511, 122.394933, 79.514101, 0.000000, 0.198785, 1.110741, 1.000000, 0.198785, 1.110741, 0.100000, 0.000000, 10.000000, 4502.085725, 0.000000, 0.000000, 4502.085725, 0.100000, 0.100000, 0.100000, 0.100000, 0.100000, 1.000000, 4493.722225, 0.000000, 0.100000, -6.283185, 0.000000, 4493.722225, 40.000000, 400.000000, 150000.000000, 40.000000, 0.008561, 20.306842, 4081.149383, -392.266000, 4493.722225, 0.008561, 0.008561, 0.008561, 0.008561, -0.008561, 4493.722225, 4493.722225, -0.000000, -0.008561, -0.008561, -0.008561, 4081.149383, 4081.149383, 0.008561, -0.000000, -0.008561, 0.000000, -392.266000, 0.008561, 40.000000, 0.008561, 4493.722225, 4493.722225, 4493.722225, 4493.722225, -0.008561, 0.000000, 0.008561, 4493.722225, 0.000000, 4045.054933, 0.008561, 0.632082, -0.008561, 0.029958, 0.028766, 20.306842, 0.342431, 0.000000, 0.008561, 0.632082, 0.500000, 0.008561, 0.632082
2.25, 4212.645678, 400.000000, 15000.000000, 400.000000, 0.201600, 96.946225, -3922.660000, 4019.606225, 0.201600, 0.201600, 0.201600, -0.193039, 4019.606225, 4212.645678, -193.039454, -0.193039, -0.193039, -0.193039, 96.946225, 96.946225, 0.201600, -193.039454, -0.193039, 1000.000000, -3922.660000, 0.201600, 400.000000, 0.201600, 4019.606225, 4019.606225, 4019.606225, 4019.606225, -0.193039, 0.008561, 0.201600, 4019.606225, 0.020118, 1.112743, -0.193039, 0.280843, 0.261511, 96.946225, 80.640095, 0.000000, 0.201600, 1.112743, 1.000000, 0.201600, 1.112743, 0.100000, 0.000000, 10.000000, 4493.722225, 0.000000, 0.000000, 4493.722225, 0.100000, 0.100000, 0.100000, 0.100000, 0.100000, 1.000000, 4471.631589, 0.000000, 0.100000, -6.283185, 0.000000, 4471.631589, 40.000000, 400.000000, 150000.000000, 40.000000, 0.020118, 34.310656, 4045.054933, -392.266000, 4471.631589, 0.020118, 0.020118, 0.020118, 0.020118, -0.020118, 4471.631589, 4471.631589, -0.000000, -0.020118, -0.020118, -0.020118, 4045.054933, 4045.054933, 0.020118, -0.000000, -0.020118, 0.000000, -392.266000, 0.020118, 40.000000, 0.020118, 4471.631589, 4471.631589, 4471.631589, 4471.631589, -0.020118, 0.000000, 0.020118, 4471.631589, 0.000000, 4019.606225, 0.020118, 0.632229, -0.020118, 0.029811, 0.028766, 34.310656, 0.804701, 0.000000, 0.020118, 0.632229, 0.500000, 0.020118, 0.632229
2.26, 4185.210357, 400.000000, 15000.000000, 400.000000, 0.203935, 78.733141, -3922.660000, 4001.393141, 0.203935, 0.203935, 0.203935, -0.183817, 4001.393141, 4185.210357, -183.817217, -0.183817, -0.183817, -0.183817, 78.733141, 78.733141, 0.203935, -183.817217, -0.183817, 1000.000000, -3922.660000, 0.203935, 400.000000, 0.203935, 4001.393141, 4001.393141, 4001.393141, 4001.393141, -0.183817, 0.020118, 0.203935, 4001.393141, 0.030399, 1.114772, -0.183817, 0.279014, 0.261511, 78.733141, 81.573902, 0.000000, 0.203935, 1.114772, 1.000000, 0.203935, 1.114772, 0.100000, 0.000000, 10.000000, 4471.631589, 0.000000, 0.000000, 4471.631589, 0.100000, 0.100000, 0.100000, 0.100000, 0.100000, 1.000000, 4432.596477, 0.000000, 0.100000, -6.283185, 0.000000, 4432.596477, 40.000000, 400.000000, 150000.000000, 40.000000, 0.030399, 20.724252, 4019.606225, -392.266000, 4432.596477, 0.030399, 0.030399, 0.030399, 0.030399, -0.030399, 4432.596477, 4432.596477, -0.000000, -0.030399, -0.030399, -0.030399, 4019.606225, 4019.606225, 0.030399, -0.000000, -0.030399, 0.000000, -392.266000, 0.030399, 40.000000, 0.030399, 4432.596477, 4432.596477, 4432.596477, 4432.596477, -0.030399, 0.000000, 0.030399, 4432.596477, 0.000000, 4001.393141, 0.030399, 0.632489, -0.030399, 0.029551, 0.028766, 20.724252, 1.215944, 0.000000, 0.030399, 0.632489, 0.500000, 0.030399, 0.632489
2.27, 4159.005610, 400.000000, 15000.000000, 400.000000, 0.205804, 60.940445, -3922.660000, 3983.600445, 0.205804, 0.205804, 0.205804, -0.175405, 3983.600445, 4159.005610, -175.405165, -0.175405, -0.175405, -0.175405, 60.940445, 60.940445, 0.205804, -175.405165, -0.175405, 1000.000000, -3922.660000, 0.205804, 400.000000, 0.205804, 3983.600445, 3983.600445, 3983.600445, 3983.600445, -0.175405, 0.030399, 0.205804, 3983.600445, 0.033950, 1.116821, -0.175405, 0.277267, 0.261511, 60.940445, 82.321504, 0.000000, 0.205804, 1.116821, 1.000000, 0.205804, 1.116821, 0.100000, 0.000000, 10.000000, 4432.596477, 0.000000, 0.000000, 4432.596477, 0.100000, 0.100000, 0.100000, 0.100000, 0.100000, 1.000000, 4382.826910, 0.000000, 0.100000, -6.283185, 0.000000, 4382.826910, 40.000000, 400.000000, 150000.000000, 40.000000, 0.033950, -10.832231, 4001.393141, -392.266000, 4382.826910, 0.033950, 0.033950, 0.033950, 0.033950, -0.033950, 4382.826910, 4382.826910, -0.000000, -0.033950, -0.033950, -0.033950, 4001.393141, 4001.393141, 0.033950, -0.000000, -0.033950, 0.000000, -392.266000, 0.033950, 40.000000, 0.033950, 4382.826910, 4382.826910, 4382.826910, 4382.826910, -0.033950, 0.000000, 0.033950, 4382.826910, 0.000000, 3983.600445, 0.033950, 0.632821, -0.033950, 0.029219, 0.028766, -10.832231, 1.357996, 0.000000, 0.033950, 0.632821, 0.500000, 0.033950, 0.632821
2.28, 4133.115015, 400.000000, 15000.000000, 400.000000, 0.207074, 37.330969, -3922.660000, 3959.990969, 0.207074, 0.207074, 0.207074, -0.173124, 3959.990969, 4133.115015, -173.124045, -0.173124, -0.173124, -0.173124, 37.330969, 37.330969, 0.207074, -173.124045, -0.173124, 1000.000000, -3922.660000, 0.207074, 400.000000, 0.207074, 3959.990969, 3959.990969, 3959.990969, 3959.990969, -0.173124, 0.033950, 0.207074, 3959.990969, 0.029353, 1.118886, -0.173124, 0.275541, 0.261511, 37.330969, 82.829582, 0.000000, 0.207074, 1.118886, 1.000000, 0.207074, 1.118886, 0.100000, 0.000000, 10.000000, 4382.826910, 0.000000, 0.000000, 4382.826910, 0.100000, 0.100000, 0.100000, 0.100000, 0.100000, 1.000000, 4333.865278, 0.000000, 0.100000, -6.283185, 0.000000, 4333.865278, 40.000000, 400.000000, 150000.000000, 40.000000, 0.029353, -42.001167, 3983.600445, -392.266000, 4333.865278, 0.029353, 0.029353, 0.029353, 0.029353, -0.029353, 4333.865278, 4333.865278, -0.000000, -0.029353, -0.029353, -0.029353, 3983.600445, 3983.600445, 0.029353, -0.000000, -0.029353, 0.000000, -392.266000, 0.029353, 40.000000, 0.029353, 4333.865278, 4333.865278, 4333.865278, 4333.865278, -0.029353, 0.000000, 0.029353, 4333.865278, 0.000000, 3959.990969, 0.029353, 0.633148, -0.029353, 0.028892, 0.028766, -42.001167, 1.174139, 0.000000, 0.029353, 0.633148, 0.500000, 0.029353, 0.633148
2.29, 4106.423833, 400.000000, 15000.000000, 400.000000, 0.207553, 5.563852, -3922.660000, 3928.223852, 0.207553, 0.207553, 0.207553, -0.178200, 3928.223852, 4106.423833, -178.199980, -0.178200, -0.178200, -0.178200, 5.563852, 5.563852, 0.207553, -178.199980, -0.178200, 1000.000000, -3922.660000, 0.207553, 400.000000, 0.207553, 3928.223852, 3928.223852, 3928.223852, 3928.223852, -0.178200, 0.029353, 0.207553, 3928.223852, 0.019623, 1.120960, -0.178200, 0.273762, 0.261511, 5.563852, 83.021381, 0.000000, 0.207553, 1.120960, 1.000000, 0.207553, 1.120960, 0.100000, 0.000000, 10.000000, 4333.865278, 0.000000, 0.000000, 4333.865278, 0.100000, 0.100000, 0.100000, 0.100000, 0.100000, 1.000000, 4296.016342, 0.000000, 0.100000, -6.283185, 0.000000, 4296.016342, 40.000000, 400.000000, 150000.000000, 40.000000, 0.019623, -56.240627, 3959.990969, -392.266000, 4296.016342, 0.019623, 0.019623, 0.019623, 0.019623, -0.019623, 4296.016342, 4296.016342, -0.000000, -0.019623, -0.019623, -0.019623, 3959.990969, 3959.990969, 0.019623, -0.000000, -0.019623, 0.000000, -392.266000, 0.019623, 40.000000, 0.019623, 4296.016342, 4296.016342, 4296.016342, 4296.016342, -0.019623, 0.000000, 0.019623, 4296.016342, 0.000000, 3928.223852, 0.019623, 0.633400, -0.019623, 0.028640, 0.028766, -56.240627, 0.784927, 0.000000, 0.019623, 0.633400, 0.500000, 0.019623, 0.633400
2.3, 4078.283221, 400.000000, 15000.000000, 400.000000, 0.207106, -31.859467, -3922.660000, 3890.800533, 0.207106, 0.207106, 0.207106, -0.187483, 3890.800533, 4078.283221, -187.482687, -0.187483, -0.187483, -0.187483, -31.859467, -31.859467, 0.207106, -187.482687, -0.187483, 1000.000000, -3922.660000, 0.207106, 400.000000, 0.207106, 3890.800533, 3890.800533, 3890.800533, 3890.800533, -0.187483, 0.019623, 0.207106, 3890.800533, 0.010206, 1.123034, -0.187483, 0.271886, 0.261511, -31.859467, 82.842341, 0.000000, 0.207106, 1.123034, 1.000000, 0.207106, 1.123034, 0.100000, 0.000000, 10.000000, 4296.016342, 0.000000, 0.000000, 4296.016342, 0.100000, 0.100000, 0.100000, 0.100000, 0.100000, 1.000000, 4273.020607, 0.000000, 0.100000, -6.283185, 0.000000, 4273.020607, 40.000000, 400.000000, 150000.000000, 40.000000, 0.010206, -47.469246, 3928.223852, -392.266000, 4273.020607, 0.010206, 0.010206, 0.010206, 0.010206, -0.010206, 4273.020607, 4273.020607, -0.000000, -0.010206, -0.010206, -0.010206, 3928.223852, 3928.223852, 0.010206, -0.000000, -0.010206, 0.000000, -392.266000, 0.010206, 40.000000, 0.010206, 4273.020607, 4273.020607, 4273.020607, 4273.020607, -0.010206, 0.000000, 0.010206, 4273.020607, 0.000000, 3890.800533, 0.010206, 0.633553, -0.010206, 0.028487, 0.028766, -47.469246, 0.408239, 0.000000, 0.010206, 0.633553, 0.500000, 0.010206, 0.633553
2.31, 4048.866228, 400.000000, 15000.000000, 400.000000, 0.205726, -69.313545, -3922.660000, 3853.346455, 0.205726, 0.205726, 0.205726, -0.195520, 3853.346455, 4048.866228, -195.519773, -0.195520, -0.195520, -0.195520, -69.313545, -69.313545, 0.205726, -195.519773, -0.195520, 1000.000000, -3922.660000, 0.205726, 400.000000, 0.205726, 3853.346455, 3853.346455, 3853.346455, 3853.346455, -0.195520, 0.010206, 0.205726, 3853.346455, 0.005866, 1.125098, -0.195520, 0.269924, 0.261511, -69.313545, 82.290300, 0.000000, 0.205726, 1.125098, 1.000000, 0.205726, 1.125098, 0.100000, 0.000000, 10.000000, 4273.020607, 0.000000, 0.000000, 4273.020607, 0.100000, 0.100000, 0.100000, 0.100000, 0.100000, 1.000000, 4260.695694, 0.000000, 0.100000, -6.283185, 0.000000, 4260.695694, 40.000000, 400.000000, 150000.000000, 40.000000, 0.005866, -22.370839, 3890.800533, -392.266000, 4260.695694, 0.005866, 0.005866, 0.005866, 0.005866, -0.005866, 4260.695694, 4260.695694, -0.000000, -0.005866, -0.005866, -0.005866, 3890.800533, 3890.800533, 0.005866, -0.000000, -0.005866, 0.000000, -392.266000, 0.005866, 40.000000, 0.005866, 4260.695694, 4260.695694, 4260.695694, 4260.695694, -0.005866, 0.000000, 0.005866, 4260.695694, 0.000000, 3853.346455, 0.005866, 0.633635, -0.005866, 0.028405, 0.028766, -22.370839, 0.234655, 0.000000, 0.005866, 0.633635, 0.500000, 0.005866, 0.633635
2.32, 4019.053414, 400.000000, 15000.000000, 400.000000, 0.203539, -101.279093, -3922.660000, 3821.380907, 0.203539, 0.203539, 0.203539, -0.197673, 3821.380907, 4019.053414, -197.672508, -0.197673, -0.197673, -0.197673, -101.279093, -101.279093, 0.203539, -197.672508, -0.197673, 1000.000000, -3922.660000, 0.203539, 400.000000, 0.203539, 3821.380907, 3821.380907, 3821.380907, 3821.380907, -0.197673, 0.005866, 0.203539, 3821.380907, 0.008212, 1.127145, -0.197673, 0.267937, 0.261511, -101.279093, 81.415558, 0.000000, 0.203539, 1.127145, 1.000000, 0.203539, 1.127145, 0.100000, 0.000000, 10.000000, 4260.695694, 0.000000, 0.000000, 4260.695694, 0.100000, 0.100000, 0.100000, 0.100000, 0.100000, 1.000000, 4249.914766, 0.000000, 0.100000, -6.283185, 0.000000, 4249.914766, 40.000000, 400.000000, 150000.000000, 40.000000, 0.008212, 4.302310, 3853.346455, -392.266000, 4249.914766, 0.008212, 0.008212, 0.008212, 0.008212, -0.008212, 4249.914766, 4249.914766, -0.000000, -0.008212, -0.008212, -0.008212, 3853.346455, 3853.346455, 0.008212, -0.000000, -0.008212, 0.000000, -392.266000, 0.008212, 40.000000, 0.008212, 4249.914766, 4249.914766, 4249.914766, 4249.914766, -0.008212, 0.000000, 0.008212, 4249.914766, 0.000000, 3821.380907, 0.008212, 0.633707, -0.008212, 0.028333, 0.028766, 4.302310, 0.328488, 0.000000, 0.008212, 0.633707, 0.500000, 0.008212, 0.633707
2.33, 3989.950802, 400.000000, 15000.000000, 400.000000, 0.200734, -125.230563, -3922.660000, 3797.429437, 0.200734, 0.200734, 0.200734, -0.192521, 3797.429437, 3989.950802, -192.521365, -0.192521, -0.192521, -0.192521, -125.230563, -125.230563, 0.200734, -192.521365, -0.192521, 1000.000000, -3922.660000, 0.200734, 400.000000, 0.200734, 3797.429437, 3797.429437, 3797.429437, 3797.429437, -0.192521, 0.008212, 0.200734, 3797.429437, 0.015122, 1.129167, -0.192521, 0.265997, 0.261511, -125.230563, 80.293425, 0.000000, 0.200734, 1.129167, 1.000000, 0.200734, 1.129167, 0.100000, 0.000000, 10.000000, 4249.914766, 0.000000, 0.000000, 4249.914766, 0.100000, 0.100000, 0.100000, 0.100000, 0.100000, 1.000000, 4231.949228, 0.000000, 0.100000, -6.283185, 0.000000, 4231.949228, 40.000000, 400.000000, 150000.000000, 40.000000, 0.015122, 18.302321, 3821.380907, -392.266000, 4231.949228, 0.015122, 0.015122, 0.015122, 0.015122, -0.015122, 4231.949228, 4231.949228, -0.000000, -0.015122, -0.015122, -0.015122, 3821.380907, 3821.380907, 0.015122, -0.000000, -0.015122, 0.000000, -392.266000, 0.015122, 40.000000, 0.015122, 4231.949228, 4231.949228, 4231.949228, 4231.949228, -0.015122, 0.000000, 0.015122, 4231.949228, 0.000000, 3797.429437, 0.015122, 0.633827, -0.015122, 0.028213, 0.028766, 18.302321, 0.604870, 0.000000, 0.015122, 0.633827, 0.500000, 0.015122, 0.633827
2.34, 3962.329450, 400.000000, 15000.000000, 400.000000, 0.197466, -142.674567, -3922.660000, 3779.985433, 0.197466, 0.197466, 0.197466, -0.182344, 3779.985433, 3962.329450, -182.344018, -0.182344, -0.182344, -0.182344, -142.674567, -142.674567, 0.197466, -182.344018, -0.182344, 1000.000000, -3922.660000, 0.197466, 400.000000, 0.197466, 3779.985433, 3779.985433, 3779.985433, 3779.985433, -0.182344, 0.015122, 0.197466, 3779.985433, 0.022208, 1.131159, -0.182344, 0.264155, 0.261511, -142.674567, 78.986308, 0.000000, 0.197466, 1.131159, 1.000000, 0.197466, 1.131159, 0.100000, 0.000000, 10.000000, 4231.949228, 0.000000, 0.000000, 4231.949228, 0.100000, 0.100000, 0.100000, 0.100000, 0.100000, 1.000000, 4203.120354, 0.000000, 0.100000, -6.283185, 0.000000, 4203.120354, 40.000000, 400.000000, 150000.000000, 40.000000, 0.022208, 13.424917, 3797.429437, -392.266000, 4203.120354, 0.022208, 0.022208, 0.022208, 0.022208, -0.022208, 4203.120354, 4203.120354, -0.000000, -0.022208, -0.022208, -0.022208, 3797.429437, 3797.429437, 0.022208, -0.000000, -0.022208, 0.000000, -392.266000, 0.022208, 40.000000, 0.022208, 4203.120354, 4203.120354, 4203.120354, 4203.120354, -0.022208, 0.000000, 0.022208, 4203.120354, 0.000000, 3779.985433, 0.022208, 0.634019, -0.022208, 0.028021, 0.028766, 13.424917, 0.888311, 0.000000, 0.022208, 0.634019, 0.500000, 0.022208, 0.634019
2.35, 3936.291874, 400.000000, 15000.000000, 400.000000, 0.193791, -157.951433, -3922.660000, 3764.708567, 0.193791, 0.193791, 0.193791, -0.171583, 3764.708567, 3936.291874, -171.583307, -0.171583, -0.171583, -0.171583, -157.951433, -157.951433, 0.193791, -171.583307, -0.171583, 1000.000000, -3922.660000, 0.193791, 400.000000, 0.193791, 3764.708567, 3764.708567, 3764.708567, 3764.708567, -0.171583, 0.022208, 0.193791, 3764.708567, 0.025357, 1.133115, -0.171583, 0.262419, 0.261511, -157.951433, 77.516429, 0.000000, 0.193791, 1.133115, 1.000000, 0.193791, 1.133115, 0.100000, 0.000000, 10.000000, 4203.120354, 0.000000, 0.000000, 4203.120354, 0.100000, 0.100000, 0.100000, 0.100000, 0.100000, 1.000000, 4166.345039, 0.000000, 0.100000, -6.283185, 0.000000, 4166.345039, 40.000000, 400.000000, 150000.000000, 40.000000, 0.025357, -5.906394, 3779.985433, -392.266000, 4166.345039, 0.025357, 0.025357, 0.025357, 0.025357, -0.025357, 4166.345039, 4166.345039, -0.000000, -0.025357, -0.025357, -0.025357, 3779.985433, 3779.985433, 0.025357, -0.000000, -0.025357, 0.000000, -392.266000, 0.025357, 40.000000, 0.025357, 4166.345039, 4166.345039, 4166.345039, 4166.345039, -0.025357, 0.000000, 0.025357, 4166.345039, 0.000000, 3764.708567, 0.025357, 0.634264, -0.025357, 0.027776, 0.028766, -5.906394, 1.014268, 0.000000, 0.025357, 0.634264, 0.500000, 0.025357, 0.634264
2.36, 3911.322507, 400.000000, 15000.000000, 400.000000, 0.189657, -175.637586, -3922.660000, 3747.022414, 0.189657, 0.189657, 0.189657, -0.164300, 3747.022414, 3911.322507, -164.300093, -0.164300, -0.164300, -0.164300, -175.637586, -175.637586, 0.189657, -164.300093, -0.164300, 1000.000000, -3922.660000, 0.189657, 400.000000, 0.189657, 3747.022414, 3747.022414, 3747.022414, 3747.022414, -0.164300, 0.025357, 0.189657, 3747.022414, 0.022896, 1.135033, -0.164300, 0.260755, 0.261511, -175.637586, 75.862720, 0.000000, 0.189657, 1.135033, 1.000000, 0.189657, 1.135033, 0.100000, 0.000000, 10.000000, 4166.345039, 0.000000, 0.000000, 4166.345039, 0.100000, 0.100000, 0.100000, 0.100000, 0.100000, 1.000000, 4129.029879, 0.000000, 0.100000, -6.283185, 0.000000, 4129.029879, 40.000000, 400.000000, 150000.000000, 40.000000, 0.022896, -27.944688, 3764.708567, -392.266000, 4129.029879, 0.022896, 0.022896, 0.022896, 0.022896, -0.022896, 4129.029879, 4129.029879, -0.000000, -0.022896, -0.022896, -0.022896, 3764.708567, 3764.708567, 0.022896, -0.000000, -0.022896, 0.000000, -392.266000, 0.022896, 40.000000, 0.022896, 4129.029879, 4129.029879, 4129.029879, 4129.029879, -0.022896, 0.000000, 0.022896, 4129.029879, 0.000000, 3747.022414, 0.022896, 0.634513, -0.022896, 0.027527, 0.028766, -27.944688, 0.915836, 0.000000, 0.022896, 0.634513, 0.500000, 0.022896, 0.634513
2.37, 3886.660959, 400.000000, 15000.000000, 400.000000, 0.184953, -198.056591, -3922.660000, 3724.603409, 0.184953, 0.184953, 0.184953, -0.162058, 3724.603409, 3886.660959, -162.057550, -0.162058, -0.162058, -0.162058, -198.056591, -198.056591, 0.184953, -162.057550, -0.162058, 1000.000000, -3922.660000, 0.184953, 400.000000, 0.184953, 3724.603409, 3724.603409, 3724.603409, 3724.603409, -0.162058, 0.022896, 0.184953, 3724.603409, 0.016268, 1.136906, -0.162058, 0.259111, 0.261511, -198.056591, 73.981377, 0.000000, 0.184953, 1.136906, 1.000000, 0.184953, 1.136906, 0.100000, 0.000000, 10.000000, 4129.029879, 0.000000, 0.000000, 4129.029879, 0.100000, 0.100000, 0.100000, 0.100000, 0.100000, 1.000000, 4098.760512, 0.000000, 0.100000, -6.283185, 0.000000, 4098.760512, 40.000000, 400.000000, 150000.000000, 40.000000, 0.016268, -40.527901, 3747.022414, -392.266000, 4098.760512, 0.016268, 0.016268, 0.016268, 0.016268, -0.016268, 4098.760512, 4098.760512, -0.000000, -0.016268, -0.016268, -0.016268, 3747.022414, 3747.022414, 0.016268, -0.000000, -0.016268, 0.000000, -392.266000, 0.016268, 40.000000, 0.016268, 4098.760512, 4098.760512, 4098.760512, 4098.760512, -0.016268, 0.000000, 0.016268, 4098.760512, 0.000000, 3724.603409, 0.016268, 0.634715, -0.016268, 0.027325, 0.028766, -40.527901, 0.650711, 0.000000, 0.016268, 0.634715, 0.500000, 0.016268, 0.634715
2.38, 3861.770440, 400.000000, 15000.000000, 400.000000, 0.179592, -224.214227, -3922.660000, 3698.445773, 0.179592, 0.179592, 0.179592, -0.163325, 3698.445773, 3861.770440, -163.324667, -0.163325, -0.163325, -0.163325, -224.214227, -224.214227, 0.179592, -163.324667, -0.163325, 1000.000000, -3922.660000, 0.179592, 400.000000, 0.179592, 3698.445773, 3698.445773, 3698.445773, 3698.445773, -0.163325, 0.016268, 0.179592, 3698.445773, 0.008986, 1.138730, -0.163325, 0.257451, 0.261511, -224.214227, 71.836978, 0.000000, 0.179592, 1.138730, 1.000000, 0.179592, 1.138730, 0.100000, 0.000000, 10.000000, 4098.760512, 0.000000, 0.000000, 4098.760512, 0.100000, 0.100000, 0.100000, 0.100000, 0.100000, 1.000000, 4079.277758, 0.000000, 0.100000, -6.283185, 0.000000, 4079.277758, 40.000000, 400.000000, 150000.000000, 40.000000, 0.008986, -37.591651, 3724.603409, -392.266000, 4079.277758, 0.008986, 0.008986, 0.008986, 0.008986, -0.008986, 4079.277758, 4079.277758, -0.000000, -0.008986, -0.008986, -0.008986, 3724.603409, 3724.603409, 0.008986, -0.000000, -0.008986, 0.000000, -392.266000, 0.008986, 40.000000, 0.008986, 4079.277758, 4079.277758, 4079.277758, 4079.277758, -0.008986, 0.000000, 0.008986, 4079.277758, 0.000000, 3698.445773, 0.008986, 0.634845, -0.008986, 0.027195, 0.028766, -37.591651, 0.359429, 0.000000, 0.008986, 0.634845, 0.500000, 0.008986, 0.634845
2.39, 3836.643374, 400.000000, 15000.000000, 400.000000, 0.173567, -250.597506, -3922.660000, 3672.062494, 0.173567, 0.173567, 0.173567, -0.164581, 3672.062494, 3836.643374, -164.580881, -0.164581, -0.164581, -0.164581, -250.597506, -250.597506, 0.173567, -164.580881, -0.164581, 1000.000000, -3922.660000, 0.173567, 400.000000, 0.173567, 3672.062494, 3672.062494, 3672.062494, 3672.062494, -0.164581, 0.008986, 0.173567, 3672.062494, 0.004581, 1.140496, -0.164581, 0.255776, 0.261511, -250.597506, 69.426647, 0.000000, 0.173567, 1.140496, 1.000000, 0.173567, 1.140496, 0.100000, 0.000000, 10.000000, 4079.277758, 0.000000, 0.000000, 4079.277758, 0.100000, 0.100000, 0.100000, 0.100000, 0.100000, 1.000000, 4068.857078, 0.000000, 0.100000, -6.283185, 0.000000, 4068.857078, 40.000000, 400.000000, 150000.000000, 40.000000, 0.004581, -21.854695, 3698.445773, -392.266000, 4068.857078, 0.004581, 0.004581, 0.004581, 0.004581, -0.004581, 4068.857078, 4068.857078, -0.000000, -0.004581, -0.004581, -0.004581, 3698.445773, 3698.445773, 0.004581, -0.000000, -0.004581, 0.000000, -392.266000, 0.004581, 40.000000, 0.004581, 4068.857078, 4068.857078, 4068.857078, 4068.857078, -0.004581, 0.000000, 0.004581, 4068.857078, 0.000000, 3672.062494, 0.004581, 0.634914, -0.004581, 0.027126, 0.028766, -21.854695, 0.183222, 0.000000, 0.004581, 0.634914, 0.500000, 0.004581, 0.634914
2.4, 3811.795949, 400.000000, 15000.000000, 400.000000, 0.166962, -273.245940, -3922.660000, 3649.414060, 0.166962, 0.166962, 0.166962, -0.162382, 3649.414060, 3811.795949, -162.381889, -0.162382, -0.162382, -0.162382, -273.245940, -273.245940, 0.166962, -162.381889, -0.162382, 1000.000000, -3922.660000, 0.166962, 400.000000, 0.166962, 3649.414060, 3649.414060, 3649.414060, 3649.414060, -0.162382, 0.004581, 0.166962, 3649.414060, 0.004721, 1.142199, -0.162382, 0.254120, 0.261511, -273.245940, 66.784978, 0.000000, 0.166962, 1.142199, 1.000000, 0.166962, 1.142199, 0.100000, 0.000000, 10.000000, 4068.857078, 0.000000, 0.000000, 4068.857078, 0.100000, 0.100000, 0.100000, 0.100000, 0.100000, 1.000000, 4061.739566, 0.000000, 0.100000, -6.283185, 0.000000, 4061.739566, 40.000000, 400.000000, 150000.000000, 40.000000, 0.004721, -2.588928, 3672.062494, -392.266000, 4061.739566, 0.004721, 0.004721, 0.004721, 0.004721, -0.004721, 4061.739566, 4061.739566, -0.000000, -0.004721, -0.004721, -0.004721, 3672.062494, 3672.062494, 0.004721, -0.000000, -0.004721, 0.000000, -392.266000, 0.004721, 40.000000, 0.004721, 4061.739566, 4061.739566, 4061.739566, 4061.739566, -0.004721, 0.000000, 0.004721, 4061.739566, 0.000000, 3649.414060, 0.004721, 0.634962, -0.004721, 0.027078, 0.028766, -2.588928, 0.188838, 0.000000, 0.004721, 0.634962, 0.500000, 0.004721, 0.634962
2.41, 3787.982170, 400.000000, 15000.000000, 400.000000, 0.159922, -289.878879, -3922.660000, 3632.781121, 0.159922, 0.159922, 0.159922, -0.155201, 3632.781121, 3787.982170, -155.201049, -0.155201, -0.155201, -0.155201, -289.878879, -289.878879, 0.159922, -155.201049, -0.155201, 1000.000000, -3922.660000, 0.159922, 400.000000, 0.159922, 3632.781121, 3632.781121, 3632.781121, 3632.781121, -0.155201, 0.004721, 0.159922, 3632.781121, 0.008493, 1.143834, -0.155201, 0.252532, 0.261511, -289.878879, 63.968801, 0.000000, 0.159922, 1.143834, 1.000000, 0.159922, 1.143834, 0.100000, 0.000000, 10.000000, 4061.739566, 0.000000, 0.000000, 4061.739566, 0.100000, 0.100000, 0.100000, 0.100000, 0.100000, 1.000000, 4051.580287, 0.000000, 0.100000, -6.283185, 0.000000, 4051.580287, 40.000000, 400.000000, 150000.000000, 40.000000, 0.008493, 9.900227, 3649.414060, -392.266000, 4051.580287, 0.008493, 0.008493, 0.008493, 0.008493, -0.008493, 4051.580287, 4051.580287, -0.000000, -0.008493, -0.008493, -0.008493, 3649.414060, 3649.414060, 0.008493, -0.000000, -0.008493, 0.000000, -392.266000, 0.008493, 40.000000, 0.008493, 4051.580287, 4051.580287, 4051.580287, 4051.580287, -0.008493, 0.000000, 0.008493, 4051.580287, 0.000000, 3632.781121, 0.008493, 0.635030, -0.008493, 0.027011, 0.028766, 9.900227, 0.339726, 0.000000, 0.008493, 0.635030, 0.500000, 0.008493, 0.635030
2.42, 3765.804608, 400.000000, 15000.000000, 400.000000, 0.152579, -300.941414, -3922.660000, 3621.718586, 0.152579, 0.152579, 0.152579, -0.144086, 3621.718586, 3765.804608, -144.086022, -0.144086, -0.144086, -0.144086, -300.941414, -300.941414, 0.152579, -144.086022, -0.144086, 1000.000000, -3922.660000, 0.152579, 400.000000, 0.152579, 3621.718586, 3621.718586, 3621.718586, 3621.718586, -0.144086, 0.008493, 0.152579, 3621.718586, 0.013120, 1.145396, -0.144086, 0.251054, 0.261511, -300.941414, 61.031666, 0.000000, 0.152579, 1.145396, 1.000000, 0.152579, 1.145396, 0.100000, 0.000000, 10.000000, 4051.580287, 0.000000, 0.000000, 4051.580287, 0.100000, 0.100000, 0.100000, 0.100000, 0.100000, 1.000000, 4034.898156, 0.000000, 0.100000, -6.283185, 0.000000, 4034.898156, 40.000000, 400.000000, 150000.000000, 40.000000, 0.013120, 9.851035, 3632.781121, -392.266000, 4034.898156, 0.013120, 0.013120, 0.013120, 0.013120, -0.013120, 4034.898156, 4034.898156, -0.000000, -0.013120, -0.013120, -0.013120, 3632.781121, 3632.781121, 0.013120, -0.000000, -0.013120, 0.000000, -392.266000, 0.013120, 40.000000, 0.013120, 4034.898156, 4034.898156, 4034.898156, 4034.898156, -0.013120, 0.000000, 0.013120, 4034.898156, 0.000000, 3621.718586, 0.013120, 0.635141, -0.013120, 0.026899, 0.028766, 9.851035, 0.524781, 0.000000, 0.013120, 0.635141, 0.500000, 0.013120, 0.635141
2.43, 3745.438212, 400.000000, 15000.000000, 400.000000, 0.145006, -309.108550, -3922.660000, 3613.551450, 0.145006, 0.145006, 0.145006, -0.131887, 3613.551450, 3745.438212, -131.886761, -0.131887, -0.131887, -0.131887, -309.108550, -309.108550, 0.145006, -131.886761, -0.131887, 1000.000000, -3922.660000, 0.145006, 400.000000, 0.145006, 3613.551450, 3613.551450, 3613.551450, 3613.551450, -0.131887, 0.013120, 0.145006, 3613.551450, 0.015606, 1.146885, -0.131887, 0.249696, 0.261511, -309.108550, 58.002516, 0.000000, 0.145006, 1.146885, 1.000000, 0.145006, 1.146885, 0.100000, 0.000000, 10.000000, 4034.898156, 0.000000, 0.000000, 4034.898156, 0.100000, 0.100000, 0.100000, 0.100000, 0.100000, 1.000000, 4012.690587, 0.000000, 0.100000, -6.283185, 0.000000, 4012.690587, 40.000000, 400.000000, 150000.000000, 40.000000, 0.015606, -1.293998, 3621.718586, -392.266000, 4012.690587, 0.015606, 0.015606, 0.015606, 0.015606, -0.015606, 4012.690587, 4012.690587, -0.000000, -0.015606, -0.015606, -0.015606, 3621.718586, 3621.718586, 0.015606, -0.000000, -0.015606, 0.000000, -392.266000, 0.015606, 40.000000, 0.015606, 4012.690587, 4012.690587, 4012.690587, 4012.690587, -0.015606, 0.000000, 0.015606, 4012.690587, 0.000000, 3613.551450, 0.015606, 0.635289, -0.015606, 0.026751, 0.028766, -1.293998, 0.624220, 0.000000, 0.015606, 0.635289, 0.500000, 0.015606, 0.635289
2.44, 3726.604076, 400.000000, 15000.000000, 400.000000, 0.137199, -317.649196, -3922.660000, 3605.010804, 0.137199, 0.137199, 0.137199, -0.121593, 3605.010804, 3726.604076, -121.593272, -0.121593, -0.121593, -0.121593, -317.649196, -317.649196, 0.137199, -121.593272, -0.121593, 1000.000000, -3922.660000, 0.137199, 400.000000, 0.137199, 3605.010804, 3605.010804, 3605.010804, 3605.010804, -0.121593, 0.015606, 0.137199, 3605.010804, 0.014355, 1.148296, -0.121593, 0.248440, 0.261511, -317.649196, 54.879511, 0.000000, 0.137199, 1.148296, 1.000000, 0.137199, 1.148296, 0.100000, 0.000000, 10.000000, 4012.690587, 0.000000, 0.000000, 4012.690587, 0.100000, 0.100000, 0.100000, 0.100000, 0.100000, 1.000000, 3989.517129, 0.000000, 0.100000, -6.283185, 0.000000, 3989.517129, 40.000000, 400.000000, 150000.000000, 40.000000, 0.014355, -16.300321, 3613.551450, -392.266000, 3989.517129, 0.014355, 0.014355, 0.014355, 0.014355, -0.014355, 3989.517129, 3989.517129, -0.000000, -0.014355, -0.014355, -0.014355, 3613.551450, 3613.551450, 0.014355, -0.000000, -0.014355, 0.000000, -392.266000, 0.014355, 40.000000, 0.014355, 3989.517129, 3989.517129, 3989.517129, 3989.517129, -0.014355, 0.000000, 0.014355, 3989.517129, 0.000000, 3605.010804, 0.014355, 0.635443, -0.014355, 0.026597, 0.028766, -16.300321, 0.574193, 0.000000, 0.014355, 0.635443, 0.500000, 0.014355, 0.635443
2.45, 3708.784769, 400.000000, 15000.000000, 400.000000, 0.129102, -328.622675, -3922.660000, 3594.037325, 0.129102, 0.129102, 0.129102, -0.114747, 3594.037325, 3708.784769, -114.747444, -0.114747, -0.114747, -0.114747, -328.622675, -328.622675, 0.129102, -114.747444, -0.114747, 1000.000000, -3922.660000, 0.129102, 400.000000, 0.129102, 3594.037325, 3594.037325, 3594.037325, 3594.037325, -0.114747, 0.014355, 0.129102, 3594.037325, 0.009896, 1.149628, -0.114747, 0.247252, 0.261511, -328.622675, 51.640905, 0.000000, 0.129102, 1.149628, 1.000000, 0.129102, 1.149628, 0.100000, 0.000000, 10.000000, 3989.517129, 0.000000, 0.000000, 3989.517129, 0.100000, 0.100000, 0.100000, 0.100000, 0.100000, 1.000000, 3970.765798, 0.000000, 0.100000, -6.283185, 0.000000, 3970.765798, 40.000000, 400.000000, 150000.000000, 40.000000, 0.009896, -26.511006, 3605.010804, -392.266000, 3970.765798, 0.009896, 0.009896, 0.009896, 0.009896, -0.009896, 3970.765798, 3970.765798, -0.000000, -0.009896, -0.009896, -0.009896, 3605.010804, 3605.010804, 0.009896, -0.000000, -0.009896, 0.000000, -392.266000, 0.009896, 40.000000, 0.009896, 3970.765798, 3970.765798, 3970.765798, 3970.765798, -0.009896, 0.000000, 0.009896, 3970.765798, 0.000000, 3594.037325, 0.009896, 0.635568, -0.009896, 0.026472, 0.028766, -26.511006, 0.395852, 0.000000, 0.009896, 0.635568, 0.500000, 0.009896, 0.635568
2.46, 3691.544993, 400.000000, 15000.000000, 400.000000, 0.120664, -341.882788, -3922.660000, 3580.777212, 0.120664, 0.120664, 0.120664, -0.110768, 3580.777212, 3691.544993, -110.767781, -0.110768, -0.110768, -0.110768, -341.882788, -341.882788, 0.120664, -110.767781, -0.110768, 1000.000000, -3922.660000, 0.120664, 400.000000, 0.120664, 3580.777212, 3580.777212, 3580.777212, 3580.777212, -0.110768, 0.009896, 0.120664, 3580.777212, 0.004414, 1.150877, -0.110768, 0.246103, 0.261511, -341.882788, 48.265636, 0.000000, 0.120664, 1.150877, 1.000000, 0.120664, 1.150877, 0.100000, 0.000000, 10.000000, 3970.765798, 0.000000, 0.000000, 3970.765798, 0.100000, 0.100000, 0.100000, 0.100000, 0.100000, 1.000000, 3959.719624, 0.000000, 0.100000, -6.283185, 0.000000, 3959.719624, 40.000000, 400.000000, 150000.000000, 40.000000, 0.004414, -26.583701, 3594.037325, -392.266000, 3959.719624, 0.004414, 0.004414, 0.004414, 0.004414, -0.004414, 3959.719624, 3959.719624, -0.000000, -0.004414, -0.004414, -0.004414, 3594.037325, 3594.037325, 0.004414, -0.000000, -0.004414, 0.000000, -392.266000, 0.004414, 40.000000, 0.004414, 3959.719624, 3959.719624, 3959.719624, 3959.719624, -0.004414, 0.000000, 0.004414, 3959.719624, 0.000000, 3580.777212, 0.004414, 0.635642, -0.004414, 0.026398, 0.028766, -26.583701, 0.176579, 0.000000, 0.004414, 0.635642, 0.500000, 0.004414, 0.635642
2.47, 3674.777435, 400.000000, 15000.000000, 400.000000, 0.111879, -355.347534, -3922.660000, 3567.312466, 0.111879, 0.111879, 0.111879, -0.107465, 3567.312466, 3674.777435, -107.464969, -0.107465, -0.107465, -0.107465, -355.347534, -355.347534, 0.111879, -107.464969, -0.107465, 1000.000000, -3922.660000, 0.111879, 400.000000, 0.111879, 3567.312466, 3567.312466, 3567.312466, 3567.312466, -0.107465, 0.004414, 0.111879, 3567.312466, 0.000441, 1.152039, -0.107465, 0.244985, 0.261511, -355.347534, 44.751781, 0.000000, 0.111879, 1.152039, 1.000000, 0.111879, 1.152039, 0.100000, 0.000000, 10.000000, 3959.719624, 0.000000, 0.000000, 3959.719624, 0.100000, 0.100000, 0.100000, 0.100000, 0.100000, 1.000000, 3956.002928, 0.000000, 0.100000, -6.283185, 0.000000, 3956.002928, 40.000000, 400.000000, 150000.000000, 40.000000, 0.000441, -17.040284, 3580.777212, -392.266000, 3956.002928, 0.000441, 0.000441, 0.000441, 0.000441, -0.000441, 3956.002928, 3956.002928, -0.000000, -0.000441, -0.000441, -0.000441, 3580.777212, 3580.777212, 0.000441, -0.000000, -0.000441, 0.000000, -392.266000, 0.000441, 40.000000, 0.000441, 3956.002928, 3956.002928, 3956.002928, 3956.002928, -0.000441, 0.000000, 0.000441, 3956.002928, 0.000000, 3567.312466, 0.000441, 0.635667, -0.000441, 0.026373, 0.028766, -17.040284, 0.017621, 0.000000, 0.000441, 0.635667, 0.500000, 0.000441, 0.635667
2.48, 3658.749586, 400.000000, 15000.000000, 400.000000, 0.102808, -366.277917, -3922.660000, 3556.382083, 0.102808, 0.102808, 0.102808, -0.102368, 3556.382083, 3658.749586, -102.367504, -0.102368, -0.102368, -0.102368, -366.277917, -366.277917, 0.102808, -102.367504, -0.102368, 1000.000000, -3922.660000, 0.102808, 400.000000, 0.102808, 3556.382083, 3556.382083, 3556.382083, 3556.382083, -0.102368, 0.000441, 0.102808, 3556.382083, -0.000524, 1.153113, -0.102368, 0.243917, 0.261511, -366.277917, 41.123209, 0.000000, 0.102808, 1.153113, 1.000000, 0.102808, 1.153113, 0.100000, 0.000000, 10.000000, 3956.002928, 0.000000, 0.000000, 3956.002928, 0.100000, 0.100000, 0.100000, 0.100000, 0.100000, 1.000000, 3956.111395, 0.000000, 0.100000, -6.283185, 0.000000, 3956.111395, 40.000000, 400.000000, 150000.000000, 40.000000, -0.000524, -3.467070, 3567.312466, -392.266000, 3956.111395, -0.000524, -0.000524, -0.000524, -0.000524, 0.000524, 3956.111395, 3956.111395, 0.000000, 0.000524, 0.000524, 0.000524, 3567.312466, 3567.312466, -0.000524, 0.000000, 0.000524, 0.000000, -392.266000, -0.000524, 40.000000, -0.000524, 3956.111395, 3956.111395, 3956.111395, 3956.111395, 0.000524, 0.000000, -0.000524, 3956.111395, 0.000000, 3556.382083, -0.000524, 0.635666, 0.000524, 0.026374, 0.028766, -3.467070, -0.020980, 0.000000, -0.000524, 0.635666, 0.500000, -0.000524, 0.635666
2.49, 3643.944348, 400.000000, 15000.000000, 400.000000, 0.093555, -372.794940, -3922.660000, 3549.865060, 0.093555, 0.093555, 0.093555, -0.094079, 3549.865060, 3643.944348, -94.079288, -0.094079, -0.094079, -0.094079, -372.794940, -372.794940, 0.093555, -94.079288, -0.094079, 1000.000000, -3922.660000, 0.093555, 400.000000, 0.093555, 3549.865060, 3549.865060, 3549.865060, 3549.865060, -0.094079, -0.000524, 0.093555, 3549.865060, 0.001285, 1.154095, -0.094079, 0.242930, 0.261511, -372.794940, 37.421918, 0.000000, 0.093555, 1.154095, 1.000000, 0.093555, 1.154095, 0.100000, 0.000000, 10.000000, 3956.111395, 0.000000, 0.000000, 3956.111395, 0.100000, 0.100000, 0.100000, 0.100000, 0.100000, 1.000000, 3955.557817, 0.000000, 0.100000, -6.283185, 0.000000, 3955.557817, 40.000000, 400.000000, 150000.000000, 40.000000, 0.001285, 6.909735, 3556.382083, -392.266000, 3955.557817, 0.001285, 0.001285, 0.001285, 0.001285, -0.001285, 3955.557817, 3955.557817, -0.000000, -0.001285, -0.001285, -0.001285, 3556.382083, 3556.382083, 0.001285, -0.000000, -0.001285, 0.000000, -392.266000, 0.001285, 40.000000, 0.001285, 3955.557817, 3955.557817, 3955.557817, 3955.557817, -0.001285, 0.000000, 0.001285, 3955.557817, 0.000000, 3549.865060, 0.001285, 0.635670, -0.001285, 0.026370, 0.028766, 6.909735, 0.051397, 0.000000, 0.001285, 0.635670, 0.500000, 0.001285, 0.635670
2.5, 3630.797681, 400.000000, 15000.000000, 400.000000, 0.084228, -374.805880, -3922.660000, 3547.854120, 0.084228, 0.084228, 0.084228, -0.082944, 3547.854120, 3630.797681, -82.943561, -0.082944, -0.082944, -0.082944, -374.805880, -374.805880, 0.084228, -82.943561, -0.082944, 1000.000000, -3922.660000, 0.084228, 400.000000, 0.084228, 3547.854120, 3547.854120, 3547.854120, 3547.854120, -0.082944, 0.001285, 0.084228, 3547.854120, 0.004180, 1.154984, -0.082944, 0.242053, 0.261511, -374.805880, 33.691395, 0.000000, 0.084228, 1.154984, 1.000000, 0.084228, 1.154984, 0.100000, 0.000000, 10.000000, 3955.557817, 0.000000, 0.000000, 3955.557817, 0.100000, 0.100000, 0.100000, 0.100000, 0.100000, 1.000000, 3951.347061, 0.000000, 0.100000, -6.283185, 0.000000, 3951.347061, 40.000000, 400.000000, 150000.000000, 40.000000, 0.004180, 9.216002, 3549.865060, -392.266000, 3951.347061, 0.004180, 0.004180, 0.004180, 0.004180, -0.004180, 3951.347061, 3951.347061, -0.000000, -0.004180, -0.004180, -0.004180, 3549.865060, 3549.865060, 0.004180, -0.000000, -0.004180, 0.000000, -392.266000, 0.004180, 40.000000, 0.004180, 3951.347061, 3951.347061, 3951.347061, 3951.347061, -0.004180, 0.000000, 0.004180, 3951.347061, 0.000000, 3547.854120, 0.004180, 0.635698, -0.004180, 0.026342, 0.028766, 9.216002, 0.167201, 0.000000, 0.004180, 0.635698, 0.500000, 0.004180, 0.635698
2.51, 3619.482163, 400.000000, 15000.000000, 400.000000, 0.074902, -373.899385, -3922.660000, 3548.760615, 0.074902, 0.074902, 0.074902, -0.070722, 3548.760615, 3619.482163, -70.721548, -0.070722, -0.070722, -0.070722, -373.899385, -373.899385, 0.074902, -70.721548, -0.070722, 1000.000000, -3922.660000, 0.074902, 400.000000, 0.074902, 3548.760615, 3548.760615, 3548.760615, 3548.760615, -0.070722, 0.004180, 0.074902, 3548.760615, 0.006048, 1.155780, -0.070722, 0.241299, 0.261511, -373.899385, 29.960624, 0.000000, 0.074902, 1.155780, 1.000000, 0.074902, 1.155780, 0.100000, 0.000000, 10.000000, 3951.347061, 0.000000, 0.000000, 3951.347061, 0.100000, 0.100000, 0.100000, 0.100000, 0.100000, 1.000000, 3943.433348, 0.000000, 0.100000, -6.283185, 0.000000, 3943.433348, 40.000000, 400.000000, 150000.000000, 40.000000, 0.006048, 3.313228, 3547.854120, -392.266000, 3943.433348, 0.006048, 0.006048, 0.006048, 0.006048, -0.006048, 3943.433348, 3943.433348, -0.000000, -0.006048, -0.006048, -0.006048, 3547.854120, 3547.854120, 0.006048, -0.000000, -0.006048, 0.000000, -392.266000, 0.006048, 40.000000, 0.006048, 3943.433348, 3943.433348, 3943.433348, 3943.433348, -0.006048, 0.000000, 0.006048, 3943.433348, 0.000000, 3548.760615, 0.006048, 0.635751, -0.006048, 0.026290, 0.028766, 3.313228, 0.241927, 0.000000, 0.006048, 0.635751, 0.500000, 0.006048, 0.635751
2.52, 3609.847587, 400.000000, 15000.000000, 400.000000, 0.065593, -372.357200, -3922.660000, 3550.302800, 0.065593, 0.065593, 0.065593, -0.059545, 3550.302800, 3609.847587, -59.544787, -0.059545, -0.059545, -0.059545, -372.357200, -372.357200, 0.065593, -59.544787, -0.059545, 1000.000000, -3922.660000, 0.065593, 400.000000, 0.065593, 3550.302800, 3550.302800, 3550.302800, 3550.302800, -0.059545, 0.006048, 0.065593, 3550.302800, 0.005517, 1.156482, -0.059545, 0.240657, 0.261511, -372.357200, 26.237181, 0.000000, 0.065593, 1.156482, 1.000000, 0.065593, 1.156482, 0.100000, 0.000000, 10.000000, 3943.433348, 0.000000, 0.000000, 3943.433348, 0.100000, 0.100000, 0.100000, 0.100000, 0.100000, 1.000000, 3934.474925, 0.000000, 0.100000, -6.283185, 0.000000, 3934.474925, 40.000000, 400.000000, 150000.000000, 40.000000, 0.005517, -6.551690, 3548.760615, -392.266000, 3934.474925, 0.005517, 0.005517, 0.005517, 0.005517, -0.005517, 3934.474925, 3934.474925, -0.000000, -0.005517, -0.005517, -0.005517, 3548.760615, 3548.760615, 0.005517, -0.000000, -0.005517, 0.000000, -392.266000, 0.005517, 40.000000, 0.005517, 3934.474925, 3934.474925, 3934.474925, 3934.474925, -0.005517, 0.000000, 0.005517, 3934.474925, 0.000000, 3550.302800, 0.005517, 0.635810, -0.005517, 0.026230, 0.028766, -6.551690, 0.220680, 0.000000, 0.005517, 0.635810, 0.500000, 0.005517, 0.635810
2.53, 3601.536242, 400.000000, 15000.000000, 400.000000, 0.056281, -371.887390, -3922.660000, 3550.772610, 0.056281, 0.056281, 0.056281, -0.050764, 3550.772610, 3601.536242, -50.763631, -0.050764, -0.050764, -0.050764, -371.887390, -371.887390, 0.056281, -50.763631, -0.050764, 1000.000000, -3922.660000, 0.056281, 400.000000, 0.056281, 3550.772610, 3550.772610, 3550.772610, 3550.772610, -0.050764, 0.005517, 0.056281, 3550.772610, 0.002620, 1.157092, -0.050764, 0.240102, 0.261511, -371.887390, 22.512253, 0.000000, 0.056281, 1.157092, 1.000000, 0.056281, 1.157092, 0.100000, 0.000000, 10.000000, 3934.474925, 0.000000, 0.000000, 3934.474925, 0.100000, 0.100000, 0.100000, 0.100000, 0.100000, 1.000000, 3928.168748, 0.000000, 0.100000, -6.283185, 0.000000, 3928.168748, 40.000000, 400.000000, 150000.000000, 40.000000, 0.002620, -14.400052, 3550.302800, -392.266000, 3928.168748, 0.002620, 0.002620, 0.002620, 0.002620, -0.002620, 3928.168748, 3928.168748, -0.000000, -0.002620, -0.002620, -0.002620, 3550.302800, 3550.302800, 0.002620, -0.000000, -0.002620, 0.000000, -392.266000, 0.002620, 40.000000, 0.002620, 3928.168748, 3928.168748, 3928.168748, 3928.168748, -0.002620, 0.000000, 0.002620, 3928.168748, 0.000000, 3550.772610, 0.002620, 0.635852, -0.002620, 0.026188, 0.028766, -14.400052, 0.104816, 0.000000, 0.002620, 0.635852, 0.500000, 0.002620, 0.635852
2.54, 3594.195937, 400.000000, 15000.000000, 400.000000, 0.046935, -372.778238, -3922.660000, 3549.881762, 0.046935, 0.046935, 0.046935, -0.044314, 3549.881762, 3594.195937, -44.314175, -0.044314, -0.044314, -0.044314, -372.778238, -372.778238, 0.046935, -44.314175, -0.044314, 1000.000000, -3922.660000, 0.046935, 400.000000, 0.046935, 3549.881762, 3549.881762, 3549.881762, 3549.881762, -0.044314, 0.002620, 0.046935, 3549.881762, -0.001344, 1.157608, -0.044314, 0.239613, 0.261511, -372.778238, 18.773828, 0.000000, 0.046935, 1.157608, 1.000000, 0.046935, 1.157608, 0.100000, 0.000000, 10.000000, 3928.168748, 0.000000, 0.000000, 3928.168748, 0.100000, 0.100000, 0.100000, 0.100000, 0.100000, 1.000000, 3927.178549, 0.000000, 0.100000, -6.283185, 0.000000, 3927.178549, 40.000000, 400.000000, 150000.000000, 40.000000, -0.001344, -15.860061, 3550.772610, -392.266000, 3927.178549, -0.001344, -0.001344, -0.001344, -0.001344, 0.001344, 3927.178549, 3927.178549, 0.000000, 0.001344, 0.001344, 0.001344, 3550.772610, 3550.772610, -0.001344, 0.000000, 0.001344, 0.000000, -392.266000, -0.001344, 40.000000, -0.001344, 3927.178549, 3927.178549, 3927.178549, 3927.178549, 0.001344, 0.000000, -0.001344, 3927.178549, 0.000000, 3549.881762, -0.001344, 0.635859, 0.001344, 0.026181, 0.028766, -15.860061, -0.053744, 0.000000, -0.001344, 0.635859, 0.500000, -0.001344, 0.635859
2.55, 3587.668678, 400.000000, 15000.000000, 400.000000, 0.037551, -373.885620, -3922.660000, 3548.774380, 0.037551, 0.037551, 0.037551, -0.038894, 3548.774380, 3587.668678, -38.894297, -0.038894, -0.038894, -0.038894, -373.885620, -373.885620, 0.037551, -38.894297, -0.038894, 1000.000000, -3922.660000, 0.037551, 400.000000, 0.037551, 3548.774380, 3548.774380, 3548.774380, 3548.774380, -0.038894, -0.001344, 0.037551, 3548.774380, -0.004615, 1.158030, -0.038894, 0.239178, 0.261511, -373.885620, 15.020277, 0.000000, 0.037551, 1.158030, 1.000000, 0.037551, 1.158030, 0.100000, 0.000000, 10.000000, 3927.178549, 0.000000, 0.000000, 3927.178549, 0.100000, 0.100000, 0.100000, 0.100000, 0.100000, 1.000000, 3931.795666, 0.000000, 0.100000, -6.283185, 0.000000, 3931.795666, 40.000000, 400.000000, 150000.000000, 40.000000, -0.004615, -10.352095, 3549.881762, -392.266000, 3931.795666, -0.004615, -0.004615, -0.004615, -0.004615, 0.004615, 3931.795666, 3931.795666, 0.000000, 0.004615, 0.004615, 0.004615, 3549.881762, 3549.881762, -0.004615, 0.000000, 0.004615, 0.000000, -392.266000, -0.004615, 40.000000, -0.004615, 3931.795666, 3931.795666, 3931.795666, 3931.795666, 0.004615, 0.000000, -0.004615, 3931.795666, 0.000000, 3548.774380, -0.004615, 0.635828, 0.004615, 0.026212, 0.028766, -10.352095, -0.184610, 0.000000, -0.004615, 0.635828, 0.500000, -0.004615, 0.635828
2.56, 3582.056772, 400.000000, 15000.000000, 400.000000, 0.028168, -373.386088, -3922.660000, 3549.273912, 0.028168, 0.028168, 0.028168, -0.032783, 3549.273912, 3582.056772, -32.782859, -0.032783, -0.032783, -0.032783, -373.386088, -373.386088, 0.028168, -32.782859, -0.032783, 1000.000000, -3922.660000, 0.028168, 400.000000, 0.028168, 3549.273912, 3549.273912, 3549.273912, 3549.273912, -0.032783, -0.004615, 0.028168, 3549.273912, -0.005950, 1.158358, -0.032783, 0.238804, 0.261511, -373.386088, 11.267045, 0.000000, 0.028168, 1.158358, 1.000000, 0.028168, 1.158358, 0.100000, 0.000000, 10.000000, 3931.795666, 0.000000, 0.000000, 3931.795666, 0.100000, 0.100000, 0.100000, 0.100000, 0.100000, 1.000000, 3939.980282, 0.000000, 0.100000, -6.283185, 0.000000, 3939.980282, 40.000000, 400.000000, 150000.000000, 40.000000, -0.005950, -1.060099, 3548.774380, -392.266000, 3939.980282, -0.005950, -0.005950, -0.005950, -0.005950, 0.005950, 3939.980282, 3939.980282, 0.000000, 0.005950, 0.005950, 0.005950, 3548.774380, 3548.774380, -0.005950, 0.000000, 0.005950, 0.000000, -392.266000, -0.005950, 40.000000, -0.005950, 3939.980282, 3939.980282, 3939.980282, 3939.980282, 0.005950, 0.000000, -0.005950, 3939.980282, 0.000000, 3549.273912, -0.005950, 0.635774, 0.005950, 0.026267, 0.028766, -1.060099, -0.237991, 0.000000, -0.005950, 0.635774, 0.500000, -0.005950, 0.635774
2.57, 3577.642153, 400.000000, 15000.000000, 400.000000, 0.018859, -369.826343, -3922.660000, 3552.833657, 0.018859, 0.018859, 0.018859, -0.024808, 3552.833657, 3577.642153, -24.808496, -0.024808, -0.024808, -0.024808, -369.826343, -369.826343, 0.018859, -24.808496, -0.024808, 1000.000000, -3922.660000, 0.018859, 400.000000, 0.018859, 3552.833657, 3552.833657, 3552.833657, 3552.833657, -0.024808, -0.005950, 0.018859, 3552.833657, -0.005233, 1.158593, -0.024808, 0.238509, 0.261511, -369.826343, 7.543484, 0.000000, 0.018859, 1.158593, 1.000000, 0.018859, 1.158593, 0.100000, 0.000000, 10.000000, 3939.980282, 0.000000, 0.000000, 3939.980282, 0.100000, 0.100000, 0.100000, 0.100000, 0.100000, 1.000000, 3948.638007, 0.000000, 0.100000, -6.283185, 0.000000, 3948.638007, 40.000000, 400.000000, 150000.000000, 40.000000, -0.005233, 7.098094, 3549.273912, -392.266000, 3948.638007, -0.005233, -0.005233, -0.005233, -0.005233, 0.005233, 3948.638007, 3948.638007, 0.000000, 0.005233, 0.005233, 0.005233, 3549.273912, 3549.273912, -0.005233, 0.000000, 0.005233, 0.000000, -392.266000, -0.005233, 40.000000, -0.005233, 3948.638007, 3948.638007, 3948.638007, 3948.638007, 0.005233, 0.000000, -0.005233, 3948.638007, 0.000000, 3552.833657, -0.005233, 0.635716, 0.005233, 0.026324, 0.028766, 7.098094, -0.209317, 0.000000, -0.005233, 0.635716, 0.500000, -0.005233, 0.635716
2.58, 3574.715043, 400.000000, 15000.000000, 400.000000, 0.009706, -362.883816, -3922.660000, 3559.776184, 0.009706, 0.009706, 0.009706, -0.014939, 3559.776184, 3574.715043, -14.938859, -0.014939, -0.014939, -0.014939, -362.883816, -362.883816, 0.009706, -14.938859, -0.014939, 1000.000000, -3922.660000, 0.009706, 400.000000, 0.009706, 3559.776184, 3559.776184, 3559.776184, 3559.776184, -0.014939, -0.005233, 0.009706, 3559.776184, -0.003440, 1.158736, -0.014939, 0.238314, 0.261511, -362.883816, 3.882377, 0.000000, 0.009706, 1.158736, 1.000000, 0.009706, 1.158736, 0.100000, 0.000000, 10.000000, 3948.638007, 0.000000, 0.000000, 3948.638007, 0.100000, 0.100000, 0.100000, 0.100000, 0.100000, 1.000000, 3955.342064, 0.000000, 0.100000, -6.283185, 0.000000, 3955.342064, 40.000000, 400.000000, 150000.000000, 40.000000, -0.003440, 10.242407, 3552.833657, -392.266000, 3955.342064, -0.003440, -0.003440, -0.003440, -0.003440, 0.003440, 3955.342064, 3955.342064, 0.000000, 0.003440, 0.003440, 0.003440, 3552.833657, 3552.833657, -0.003440, 0.000000, 0.003440, 0.000000, -392.266000, -0.003440, 40.000000, -0.003440, 3955.342064, 3955.342064, 3955.342064, 3955.342064, 0.003440, 0.000000, -0.003440, 3955.342064, 0.000000, 3559.776184, -0.003440, 0.635671, 0.003440, 0.026369, 0.028766, 10.242407, -0.137582, 0.000000, -0.003440, 0.635671, 0.500000, -0.003440, 0.635671
2.59, 3573.411306, 400.000000, 15000.000000, 400.000000, 0.000771, -353.459139, -3922.660000, 3569.200861, 0.000771, 0.000771, 0.000771, -0.004210, 3569.200861, 3573.411306, -4.210445, -0.004210, -0.004210, -0.004210, -353.459139, -353.459139, 0.000771, -4.210445, -0.004210, 1000.000000, -3922.660000, 0.000771, 400.000000, 0.000771, 3569.200861, 3569.200861, 3569.200861, 3569.200861, -0.004210, -0.003440, 0.000771, 3569.200861, -0.002017, 1.158788, -0.004210, 0.238227, 0.261511, -353.459139, 0.308353, 0.000000, 0.000771, 1.158788, 1.000000, 0.000771, 1.158788, 0.100000, 0.000000, 10.000000, 3955.342064, 0.000000, 0.000000, 3955.342064, 0.100000, 0.100000, 0.100000, 0.100000, 0.100000, 1.000000, 3959.544579, 0.000000, 0.100000, -6.283185, 0.000000, 3959.544579, 40.000000, 400.000000, 150000.000000, 40.000000, -0.002017, 7.502396, 3559.776184, -392.266000, 3959.544579, -0.002017, -0.002017, -0.002017, -0.002017, 0.002017, 3959.544579, 3959.544579, 0.000000, 0.002017, 0.002017, 0.002017, 3559.776184, 3559.776184, -0.002017, 0.000000, 0.002017, 0.000000, -392.266000, -0.002017, 40.000000, -0.002017, 3959.544579, 3959.544579, 3959.544579, 3959.544579, 0.002017, 0.000000, -0.002017, 3959.544579, 0.000000, 3569.200861, -0.002017, 0.635643, 0.002017, 0.026397, 0.028766, 7.502396, -0.080660, 0.000000, -0.002017, 0.635643, 0.500000, -0.002017, 0.635643
2.6, 3573.644390, 400.000000, 15000.000000, 400.000000, -0.007921, -343.110784, -3922.660000, 3579.549216, -0.007921, -0.007921, -0.007921, 0.005905, 3579.549216, 3573.644390, 5.904825, 0.005905, 0.005905, 0.005905, -343.110784, -343.110784, -0.007921, 5.904825, 0.005905, 1000.000000, -3922.660000, -0.007921, 400.000000, -0.007921, 3579.549216, 3579.549216, 3579.549216, 3579.549216, 0.005905, -0.002017, -0.007921, 3579.549216, -0.002069, 1.158752, 0.005905, 0.238243, 0.261511, -343.110784, -3.168533, 0.000000, -0.007921, 1.158752, 1.000000, -0.007921, 1.158752, 0.100000, 0.000000, 10.000000, 3959.544579, 0.000000, 0.000000, 3959.544579, 0.100000, 0.100000, 0.100000, 0.100000, 0.100000, 1.000000, 3962.677822, 0.000000, 0.100000, -6.283185, 0.000000, 3962.677822, 40.000000, 400.000000, 150000.000000, 40.000000, -0.002069, 1.210961, 3569.200861, -392.266000, 3962.677822, -0.002069, -0.002069, -0.002069, -0.002069, 0.002069, 3962.677822, 3962.677822, 0.000000, 0.002069, 0.002069, 0.002069, 3569.200861, 3569.200861, -0.002069, 0.000000, 0.002069, 0.000000, -392.266000, -0.002069, 40.000000, -0.002069, 3962.677822, 3962.677822, 3962.677822, 3962.677822, 0.002069, 0.000000, -0.002069, 3962.677822, 0.000000, 3579.549216, -0.002069, 0.635622, 0.002069, 0.026418, 0.028766, 1.210961, -0.082762, 0.000000, -0.002069, 0.635622, 0.500000, -0.002069, 0.635622
2.61, 3575.159721, 400.000000, 15000.000000, 400.000000, -0.016378, -333.191452, -3922.660000, 3589.468548, -0.016378, -0.016378, -0.016378, 0.014309, 3589.468548, 3575.159721, 14.308828, 0.014309, 0.014309, 0.014309, -333.191452, -333.191452, -0.016378, 14.308828, 0.014309, 1000.000000, -3922.660000, -0.016378, 400.000000, -0.016378, 3589.468548, 3589.468548, 3589.468548, 3589.468548, 0.014309, -0.002069, -0.016378, 3589.468548, -0.003802, 1.158631, 0.014309, 0.238344, 0.261511, -333.191452, -6.551147, 0.000000, -0.016378, 1.158631, 1.000000, -0.016378, 1.158631, 0.100000, 0.000000, 10.000000, 3962.677822, 0.000000, 0.000000, 3962.677822, 0.100000, 0.100000, 0.100000, 0.100000, 0.100000, 1.000000, 3967.190693, 0.000000, 0.100000, -6.283185, 0.000000, 3967.190693, 40.000000, 400.000000, 150000.000000, 40.000000, -0.003802, -4.624522, 3579.549216, -392.266000, 3967.190693, -0.003802, -0.003802, -0.003802, -0.003802, 0.003802, 3967.190693, 3967.190693, 0.000000, 0.003802, 0.003802, 0.003802, 3579.549216, 3579.549216, -0.003802, 0.000000, 0.003802, 0.000000, -392.266000, -0.003802, 40.000000, -0.003802, 3967.190693, 3967.190693, 3967.190693, 3967.190693, 0.003802, 0.000000, -0.003802, 3967.190693, 0.000000, 3589.468548, -0.003802, 0.635592, 0.003802, 0.026448, 0.028766, -4.624522, -0.152081, 0.000000, -0.003802, 0.635592, 0.500000, -0.003802, 0.635592
2.62, 3577.671733, 400.000000, 15000.000000, 400.000000, -0.024618, -324.172454, -3922.660000, 3598.487546, -0.024618, -0.024618, -0.024618, 0.020816, 3598.487546, 3577.671733, 20.815813, 0.020816, 0.020816, 0.020816, -324.172454, -324.172454, -0.024618, 20.815813, 0.020816, 1000.000000, -3922.660000, -0.024618, 400.000000, -0.024618, 3598.487546, 3598.487546, 3598.487546, 3598.487546, 0.020816, -0.003802, -0.024618, 3598.487546, -0.006490, 1.158426, 0.020816, 0.238511, 0.261511, -324.172454, -9.847131, 0.000000, -0.024618, 1.158426, 1.000000, -0.024618, 1.158426, 0.100000, 0.000000, 10.000000, 3967.190693, 0.000000, 0.000000, 3967.190693, 0.100000, 0.100000, 0.100000, 0.100000, 0.100000, 1.000000, 3975.128521, 0.000000, 0.100000, -6.283185, 0.000000, 3975.128521, 40.000000, 400.000000, 150000.000000, 40.000000, -0.006490, -6.606028, 3589.468548, -392.266000, 3975.128521, -0.006490, -0.006490, -0.006490, -0.006490, 0.006490, 3975.128521, 3975.128521, 0.000000, 0.006490, 0.006490, 0.006490, 3589.468548, 3589.468548, -0.006490, 0.000000, 0.006490, 0.000000, -392.266000, -0.006490, 40.000000, -0.006490, 3975.128521, 3975.128521, 3975.128521, 3975.128521, 0.006490, 0.000000, -0.006490, 3975.128521, 0.000000, 3598.487546, -0.006490, 0.635539, 0.006490, 0.026501, 0.028766, -6.606028, -0.259610, 0.000000, -0.006490, 0.635539, 0.500000, -0.006490, 0.635539
2.63, 3581.003321, 400.000000, 15000.000000, 400.000000, -0.032648, -315.498884, -3922.660000, 3607.161116, -0.032648, -0.032648, -0.032648, 0.026158, 3607.161116, 3581.003321, 26.157795, 0.026158, 0.026158, 0.026158, -315.498884, -315.498884, -0.032648, 26.157795, 0.026158, 1000.000000, -3922.660000, -0.032648, 400.000000, -0.032648, 3607.161116, 3607.161116, 3607.161116, 3607.161116, 0.026158, -0.006490, -0.032648, 3607.161116, -0.008947, 1.158139, 0.026158, 0.238734, 0.261511, -315.498884, -13.059220, 0.000000, -0.032648, 1.158139, 1.000000, -0.032648, 1.158139, 0.100000, 0.000000, 10.000000, 3975.128521, 0.000000, 0.000000, 3975.128521, 0.100000, 0.100000, 0.100000, 0.100000, 0.100000, 1.000000, 3987.053115, 0.000000, 0.100000, -6.283185, 0.000000, 3987.053115, 40.000000, 400.000000, 150000.000000, 40.000000, -0.008947, -3.700431, 3598.487546, -392.266000, 3987.053115, -0.008947, -0.008947, -0.008947, -0.008947, 0.008947, 3987.053115, 3987.053115, 0.000000, 0.008947, 0.008947, 0.008947, 3598.487546, 3598.487546, -0.008947, 0.000000, 0.008947, 0.000000, -392.266000, -0.008947, 40.000000, -0.008947, 3987.053115, 3987.053115, 3987.053115, 3987.053115, 0.008947, 0.000000, -0.008947, 3987.053115, 0.000000, 3607.161116, -0.008947, 0.635460, 0.008947, 0.026580, 0.028766, -3.700431, -0.357872, 0.000000, -0.008947, 0.635460, 0.500000, -0.008947, 0.635460
2.64, 3585.153326, 400.000000, 15000.000000, 400.000000, -0.040448, -306.005179, -3922.660000, 3616.654821, -0.040448, -0.040448, -0.040448, 0.031501, 3616.654821, 3585.153326, 31.501495, 0.031501, 0.031501, 0.031501, -306.005179, -306.005179, -0.040448, 31.501495, 0.031501, 1000.000000, -3922.660000, -0.040448, 400.000000, -0.040448, 3616.654821, 3616.654821, 3616.654821, 3616.654821, 0.031501, -0.008947, -0.040448, 3616.654821, -0.010195, 1.157773, 0.031501, 0.239010, 0.261511, -306.005179, -16.179315, 0.000000, -0.040448, 1.157773, 1.000000, -0.040448, 1.157773, 0.100000, 0.000000, 10.000000, 3987.053115, 0.000000, 0.000000, 3987.053115, 0.100000, 0.100000, 0.100000, 0.100000, 0.100000, 1.000000, 4001.847764, 0.000000, 0.100000, -6.283185, 0.000000, 4001.847764, 40.000000, 400.000000, 150000.000000, 40.000000, -0.010195, 2.420648, 3607.161116, -392.266000, 4001.847764, -0.010195, -0.010195, -0.010195, -0.010195, 0.010195, 4001.847764, 4001.847764, 0.000000, 0.010195, 0.010195, 0.010195, 3607.161116, 3607.161116, -0.010195, 0.000000, 0.010195, 0.000000, -392.266000, -0.010195, 40.000000, -0.010195, 4001.847764, 4001.847764, 4001.847764, 4001.847764, 0.010195, 0.000000, -0.010195, 4001.847764, 0.000000, 3616.654821, -0.010195, 0.635361, 0.010195, 0.026679, 0.028766, 2.420648, -0.407809, 0.000000, -0.010195, 0.635361, 0.500000, -0.010195, 0.635361
2.65, 3590.262658, 400.000000, 15000.000000, 400.000000, -0.047973, -294.619714, -3922.660000, 3628.040286, -0.047973, -0.047973, -0.047973, 0.037778, 3628.040286, 3590.262658, 37.777628, 0.037778, 0.037778, 0.037778, -294.619714, -294.619714, -0.047973, 37.777628, 0.037778, 1000.000000, -3922.660000, -0.047973, 400.000000, -0.047973, 3628.040286, 3628.040286, 3628.040286, 3628.040286, 0.037778, -0.010195, -0.047973, 3628.040286, -0.009970, 1.157331, 0.037778, 0.239351, 0.261511, -294.619714, -19.189138, 0.000000, -0.047973, 1.157331, 1.000000, -0.047973, 1.157331, 0.100000, 0.000000, 10.000000, 4001.847764, 0.000000, 0.000000, 4001.847764, 0.100000, 0.100000, 0.100000, 0.100000, 0.100000, 1.000000, 4017.432121, 0.000000, 0.100000, -6.283185, 0.000000, 4017.432121, 40.000000, 400.000000, 150000.000000, 40.000000, -0.009970, 8.511299, 3616.654821, -392.266000, 4017.432121, -0.009970, -0.009970, -0.009970, -0.009970, 0.009970, 4017.432121, 4017.432121, 0.000000, 0.009970, 0.009970, 0.009970, 3616.654821, 3616.654821, -0.009970, 0.000000, 0.009970, 0.000000, -392.266000, -0.009970, 40.000000, -0.009970, 4017.432121, 4017.432121, 4017.432121, 4017.432121, 0.009970, 0.000000, -0.009970, 4017.432121, 0.000000, 3628.040286, -0.009970, 0.635257, 0.009970, 0.026783, 0.028766, 8.511299, -0.398802, 0.000000, -0.009970, 0.635257, 0.500000, -0.009970, 0.635257
2.66, 3596.506238, 400.000000, 15000.000000, 400.000000, -0.055166, -280.957412, -3922.660000, 3641.702588, -0.055166, -0.055166, -0.055166, 0.045196, 3641.702588, 3596.506238, 45.196350, 0.045196, 0.045196, 0.045196, -280.957412, -280.957412, -0.055166, 45.196350, 0.045196, 1000.000000, -3922.660000, -0.055166, 400.000000, -0.055166, 3641.702588, 3641.702588, 3641.702588, 3641.702588, 0.045196, -0.009970, -0.055166, 3641.702588, -0.008794, 1.156815, 0.045196, 0.239767, 0.261511, -280.957412, -22.066556, 0.000000, -0.055166, 1.156815, 1.000000, -0.055166, 1.156815, 0.100000, 0.000000, 10.000000, 4017.432121, 0.000000, 0.000000, 4017.432121, 0.100000, 0.100000, 0.100000, 0.100000, 0.100000, 1.000000, 4031.925341, 0.000000, 0.100000, -6.283185, 0.000000, 4031.925341, 40.000000, 400.000000, 150000.000000, 40.000000, -0.008794, 11.619055, 3628.040286, -392.266000, 4031.925341, -0.008794, -0.008794, -0.008794, -0.008794, 0.008794, 4031.925341, 4031.925341, 0.000000, 0.008794, 0.008794, 0.008794, 3628.040286, 3628.040286, -0.008794, 0.000000, 0.008794, 0.000000, -392.266000, -0.008794, 40.000000, -0.008794, 4031.925341, 4031.925341, 4031.925341, 4031.925341, 0.008794, 0.000000, -0.008794, 4031.925341, 0.000000, 3641.702588, -0.008794, 0.635161, 0.008794, 0.026880, 0.028766, 11.619055, -0.351760, 0.000000, -0.008794, 0.635161, 0.500000, -0.008794, 0.635161
2.67, 3603.974999, 400.000000, 15000.000000, 400.000000, -0.061984, -265.494751, -3922.660000, 3657.165249, -0.061984, -0.061984, -0.061984, 0.053190, 3657.165249, 3603.974999, 53.190251, 0.053190, 0.053190, 0.053190, -265.494751, -265.494751, -0.061984, 53.190251, 0.053190, 1000.000000, -3922.660000, -0.061984, 400.000000, -0.061984, 3657.165249, 3657.165249, 3657.165249, 3657.165249, 0.053190, -0.008794, -0.061984, 3657.165249, -0.007629, 1.156229, 0.053190, 0.240265, 0.261511, -265.494751, -24.793700, 0.000000, -0.061984, 1.156229, 1.000000, -0.061984, 1.156229, 0.100000, 0.000000, 10.000000, 4031.925341, 0.000000, 0.000000, 4031.925341, 0.100000, 0.100000, 0.100000, 0.100000, 0.100000, 1.000000, 4044.598358, 0.000000, 0.100000, -6.283185, 0.000000, 4044.598358, 40.000000, 400.000000, 150000.000000, 40.000000, -0.007629, 10.629769, 3641.702588, -392.266000, 4044.598358, -0.007629, -0.007629, -0.007629, -0.007629, 0.007629, 4044.598358, 4044.598358, 0.000000, 0.007629, 0.007629, 0.007629, 3641.702588, 3641.702588, -0.007629, 0.000000, 0.007629, 0.000000, -392.266000, -0.007629, 40.000000, -0.007629, 4044.598358, 4044.598358, 4044.598358, 4044.598358, 0.007629, 0.000000, -0.007629, 4044.598358, 0.000000, 3657.165249, -0.007629, 0.635076, 0.007629, 0.026964, 0.028766, 10.629769, -0.305156, 0.000000, -0.007629, 0.635076, 0.500000, -0.007629, 0.635076
2.68, 3612.611761, 400.000000, 15000.000000, 400.000000, -0.068406, -249.271150, -3922.660000, 3673.388850, -0.068406, -0.068406, -0.068406, 0.060777, 3673.388850, 3612.611761, 60.777089, 0.060777, 0.060777, 0.060777, -249.271150, -249.271150, -0.068406, 60.777089, 0.060777, 1000.000000, -3922.660000, -0.068406, 400.000000, -0.068406, 3673.388850, 3673.388850, 3673.388850, 3673.388850, 0.060777, -0.007629, -0.068406, 3673.388850, -0.007324, 1.155577, 0.060777, 0.240841, 0.261511, -249.271150, -27.362399, 0.000000, -0.068406, 1.155577, 1.000000, -0.068406, 1.155577, 0.100000, 0.000000, 10.000000, 4044.598358, 0.000000, 0.000000, 4044.598358, 0.100000, 0.100000, 0.100000, 0.100000, 0.100000, 1.000000, 4056.127290, 0.000000, 0.100000, -6.283185, 0.000000, 4056.127290, 40.000000, 400.000000, 150000.000000, 40.000000, -0.007324, 6.696041, 3657.165249, -392.266000, 4056.127290, -0.007324, -0.007324, -0.007324, -0.007324, 0.007324, 4056.127290, 4056.127290, 0.000000, 0.007324, 0.007324, 0.007324, 3657.165249, 3657.165249, -0.007324, 0.000000, 0.007324, 0.000000, -392.266000, -0.007324, 40.000000, -0.007324, 4056.127290, 4056.127290, 4056.127290, 4056.127290, 0.007324, 0.000000, -0.007324, 4056.127290, 0.000000, 3673.388850, -0.007324, 0.634999, 0.007324, 0.027041, 0.028766, 6.696041, -0.292961, 0.000000, -0.007324, 0.634999, 0.500000, -0.007324, 0.634999
2.69, 3622.230427, 400.000000, 15000.000000, 400.000000, -0.074436, -233.317845, -3922.660000, 3689.342155, -0.074436, -0.074436, -0.074436, 0.067112, 3689.342155, 3622.230427, 67.111728, 0.067112, 0.067112, 0.067112, -233.317845, -233.317845, -0.074436, 67.111728, 0.067112, 1000.000000, -3922.660000, -0.074436, 400.000000, -0.074436, 3689.342155, 3689.342155, 3689.342155, 3689.342155, 0.067112, -0.007324, -0.074436, 3689.342155, -0.008174, 1.154862, 0.067112, 0.241482, 0.261511, -233.317845, -29.774301, 0.000000, -0.074436, 1.154862, 1.000000, -0.074436, 1.154862, 0.100000, 0.000000, 10.000000, 4056.127290, 0.000000, 0.000000, 4056.127290, 0.100000, 0.100000, 0.100000, 0.100000, 0.100000, 1.000000, 4068.075570, 0.000000, 0.100000, -6.283185, 0.000000, 4068.075570, 40.000000, 400.000000, 150000.000000, 40.000000, -0.008174, 2.420719, 3673.388850, -392.266000, 4068.075570, -0.008174, -0.008174, -0.008174, -0.008174, 0.008174, 4068.075570, 4068.075570, 0.000000, 0.008174, 0.008174, 0.008174, 3673.388850, 3673.388850, -0.008174, 0.000000, 0.008174, 0.000000, -392.266000, -0.008174, 40.000000, -0.008174, 4068.075570, 4068.075570, 4068.075570, 4068.075570, 0.008174, 0.000000, -0.008174, 4068.075570, 0.000000, 3689.342155, -0.008174, 0.634920, 0.008174, 0.027121, 0.028766, 2.420719, -0.326945, 0.000000, -0.008174, 0.634920, 0.500000, -0.008174, 0.634920
2.7, 3632.600934, 400.000000, 15000.000000, 400.000000, -0.080090, -218.142507, -3922.660000, 3704.517493, -0.080090, -0.080090, -0.080090, 0.071917, 3704.517493, 3632.600934, 71.916559, 0.071917, 0.071917, 0.071917, -218.142507, -218.142507, -0.080090, 71.916559, 0.071917, 1000.000000, -3922.660000, -0.080090, 400.000000, -0.080090, 3704.517493, 3704.517493, 3704.517493, 3704.517493, 0.071917, -0.008174, -0.080090, 3704.517493, -0.009810, 1.154089, 0.071917, 0.242173, 0.261511, -218.142507, -32.036074, 0.000000, -0.080090, 1.154089, 1.000000, -0.080090, 1.154089, 0.100000, 0.000000, 10.000000, 4068.075570, 0.000000, 0.000000, 4068.075570, 0.100000, 0.100000, 0.100000, 0.100000, 0.100000, 1.000000, 4081.949430, 0.000000, 0.100000, -6.283185, 0.000000, 4081.949430, 40.000000, 400.000000, 150000.000000, 40.000000, -0.009810, 0.341276, 3689.342155, -392.266000, 4081.949430, -0.009810, -0.009810, -0.009810, -0.009810, 0.009810, 4081.949430, 4081.949430, 0.000000, 0.009810, 0.009810, 0.009810, 3689.342155, 3689.342155, -0.009810, 0.000000, 0.009810, 0.000000, -392.266000, -0.009810, 40.000000, -0.009810, 4081.949430, 4081.949430, 4081.949430, 4081.949430, 0.009810, 0.000000, -0.009810, 4081.949430, 0.000000, 3704.517493, -0.009810, 0.634827, 0.009810, 0.027213, 0.028766, 0.341276, -0.392384, 0.000000, -0.009810, 0.634827, 0.500000, -0.009810, 0.634827
2.71, 3643.549000, 400.000000, 15000.000000, 400.000000, -0.085382, -203.538868, -3922.660000, 3719.121132, -0.085382, -0.085382, -0.085382, 0.075572, 3719.121132, 3643.549000, 75.572132, 0.075572, 0.075572, 0.075572, -203.538868, -203.538868, -0.085382, 75.572132, 0.075572, 1000.000000, -3922.660000, -0.085382, 400.000000, -0.085382, 3719.121132, 3719.121132, 3719.121132, 3719.121132, 0.075572, -0.009810, -0.085382, 3719.121132, -0.011456, 1.153261, 0.075572, 0.242903, 0.261511, -203.538868, -34.152694, 0.000000, -0.085382, 1.153261, 1.000000, -0.085382, 1.153261, 0.100000, 0.000000, 10.000000, 4081.949430, 0.000000, 0.000000, 4081.949430, 0.100000, 0.100000, 0.100000, 0.100000, 0.100000, 1.000000, 4098.367795, 0.000000, 0.100000, -6.283185, 0.000000, 4098.367795, 40.000000, 400.000000, 150000.000000, 40.000000, -0.011456, 1.584302, 3704.517493, -392.266000, 4098.367795, -0.011456, -0.011456, -0.011456, -0.011456, 0.011456, 4098.367795, 4098.367795, 0.000000, 0.011456, 0.011456, 0.011456, 3704.517493, 3704.517493, -0.011456, 0.000000, 0.011456, 0.000000, -392.266000, -0.011456, 40.000000, -0.011456, 4098.367795, 4098.367795, 4098.367795, 4098.367795, 0.011456, 0.000000, -0.011456, 4098.367795, 0.000000, 3719.121132, -0.011456, 0.634718, 0.011456, 0.027322, 0.028766, 1.584302, -0.458255, 0.000000, -0.011456, 0.634718, 0.500000, -0.011456, 0.634718
2.72, 3655.016345, 400.000000, 15000.000000, 400.000000, -0.090306, -188.793590, -3922.660000, 3733.866410, -0.090306, -0.090306, -0.090306, 0.078850, 3733.866410, 3655.016345, 78.850065, 0.078850, 0.078850, 0.078850, -188.793590, -188.793590, -0.090306, 78.850065, 0.078850, 1000.000000, -3922.660000, -0.090306, 400.000000, -0.090306, 3733.866410, 3733.866410, 3733.866410, 3733.866410, 0.078850, -0.011456, -0.090306, 3733.866410, -0.012380, 1.152383, 0.078850, 0.243668, 0.261511, -188.793590, -36.122573, 0.000000, -0.090306, 1.152383, 1.000000, -0.090306, 1.152383, 0.100000, 0.000000, 10.000000, 4098.367795, 0.000000, 0.000000, 4098.367795, 0.100000, 0.100000, 0.100000, 0.100000, 0.100000, 1.000000, 4116.778383, 0.000000, 0.100000, -6.283185, 0.000000, 4116.778383, 40.000000, 400.000000, 150000.000000, 40.000000, -0.012380, 5.391251, 3719.121132, -392.266000, 4116.778383, -0.012380, -0.012380, -0.012380, -0.012380, 0.012380, 4116.778383, 4116.778383, 0.000000, 0.012380, 0.012380, 0.012380, 3719.121132, 3719.121132, -0.012380, 0.000000, 0.012380, 0.000000, -392.266000, -0.012380, 40.000000, -0.012380, 4116.778383, 4116.778383, 4116.778383, 4116.778383, 0.012380, 0.000000, -0.012380, 4116.778383, 0.000000, 3733.866410, -0.012380, 0.634595, 0.012380, 0.027445, 0.028766, 5.391251, -0.495199, 0.000000, -0.012380, 0.634595, 0.500000, -0.012380, 0.634595
2.73, 3667.052964, 400.000000, 15000.000000, 400.000000, -0.094842, -173.144671, -3922.660000, 3749.515329, -0.094842, -0.094842, -0.094842, 0.082462, 3749.515329, 3667.052964, 82.462364, 0.082462, 0.082462, 0.082462, -173.144671, -173.144671, -0.094842, 82.462364, 0.082462, 1000.000000, -3922.660000, -0.094842, 400.000000, -0.094842, 3749.515329, 3749.515329, 3749.515329, 3749.515329, 0.082462, -0.012380, -0.094842, 3749.515329, -0.012275, 1.151457, 0.082462, 0.244470, 0.261511, -173.144671, -37.936940, 0.000000, -0.094842, 1.151457, 1.000000, -0.094842, 1.151457, 0.100000, 0.000000, 10.000000, 4116.778383, 0.000000, 0.000000, 4116.778383, 0.100000, 0.100000, 0.100000, 0.100000, 0.100000, 1.000000, 4135.822555, 0.000000, 0.100000, -6.283185, 0.000000, 4135.822555, 40.000000, 400.000000, 150000.000000, 40.000000, -0.012275, 9.690145, 3733.866410, -392.266000, 4135.822555, -0.012275, -0.012275, -0.012275, -0.012275, 0.012275, 4135.822555, 4135.822555, 0.000000, 0.012275, 0.012275, 0.012275, 3733.866410, 3733.866410, -0.012275, 0.000000, 0.012275, 0.000000, -392.266000, -0.012275, 40.000000, -0.012275, 4135.822555, 4135.822555, 4135.822555, 4135.822555, 0.012275, 0.000000, -0.012275, 4135.822555, 0.000000, 3749.515329, -0.012275, 0.634468, 0.012275, 0.027572, 0.028766, 9.690145, -0.491007, 0.000000, -0.012275, 0.634468, 0.500000, -0.012275, 0.634468
2.74, 3679.751758, 400.000000, 15000.000000, 400.000000, -0.098959, -156.224795, -3922.660000, 3766.435205, -0.098959, -0.098959, -0.098959, 0.086683, 3766.435205, 3679.751758, 86.683447, 0.086683, 0.086683, 0.086683, -156.224795, -156.224795, -0.098959, 86.683447, 0.086683, 1000.000000, -3922.660000, -0.098959, 400.000000, -0.098959, 3766.435205, 3766.435205, 3766.435205, 3766.435205, 0.086683, -0.012275, -0.098959, 3766.435205, -0.011390, 1.150487, 0.086683, 0.245317, 0.261511, -156.224795, -39.583446, 0.000000, -0.098959, 1.150487, 1.000000, -0.098959, 1.150487, 0.100000, 0.000000, 10.000000, 4135.822555, 0.000000, 0.000000, 4135.822555, 0.100000, 0.100000, 0.100000, 0.100000, 0.100000, 1.000000, 4154.096880, 0.000000, 0.100000, -6.283185, 0.000000, 4154.096880, 40.000000, 400.000000, 150000.000000, 40.000000, -0.011390, 12.315552, 3749.515329, -392.266000, 4154.096880, -0.011390, -0.011390, -0.011390, -0.011390, 0.011390, 4154.096880, 4154.096880, 0.000000, 0.011390, 0.011390, 0.011390, 3749.515329, 3749.515329, -0.011390, 0.000000, 0.011390, 0.000000, -392.266000, -0.011390, 40.000000, -0.011390, 4154.096880, 4154.096880, 4154.096880, 4154.096880, 0.011390, 0.000000, -0.011390, 4154.096880, 0.000000, 3766.435205, -0.011390, 0.634346, 0.011390, 0.027694, 0.028766, 12.315552, -0.455583, 0.000000, -0.011390, 0.634346, 0.500000, -0.011390, 0.634346
2.75, 3693.165562, 400.000000, 15000.000000, 400.000000, -0.102629, -138.254817, -3922.660000, 3784.405183, -0.102629, -0.102629, -0.102629, 0.091240, 3784.405183, 3693.165562, 91.239622, 0.091240, 0.091240, 0.091240, -138.254817, -138.254817, -0.102629, 91.239622, 0.091240, 1000.000000, -3922.660000, -0.102629, 400.000000, -0.102629, 3784.405183, 3784.405183, 3784.405183, 3784.405183, 0.091240, -0.011390, -0.102629, 3784.405183, -0.010343, 1.149479, 0.091240, 0.246211, 0.261511, -138.254817, -41.051676, 0.000000, -0.102629, 1.149479, 1.000000, -0.102629, 1.149479, 0.100000, 0.000000, 10.000000, 4154.096880, 0.000000, 0.000000, 4154.096880, 0.100000, 0.100000, 0.100000, 0.100000, 0.100000, 1.000000, 4170.870710, 0.000000, 0.100000, -6.283185, 0.000000, 4170.870710, 40.000000, 400.000000, 150000.000000, 40.000000, -0.010343, 12.169505, 3766.435205, -392.266000, 4170.870710, -0.010343, -0.010343, -0.010343, -0.010343, 0.010343, 4170.870710, 4170.870710, 0.000000, 0.010343, 0.010343, 0.010343, 3766.435205, 3766.435205, -0.010343, 0.000000, 0.010343, 0.000000, -392.266000, -0.010343, 40.000000, -0.010343, 4170.870710, 4170.870710, 4170.870710, 4170.870710, 0.010343, 0.000000, -0.010343, 4170.870710, 0.000000, 3784.405183, -0.010343, 0.634234, 0.010343, 0.027806, 0.028766, 12.169505, -0.413709, 0.000000, -0.010343, 0.634234, 0.500000, -0.010343, 0.634234
2.76, 3707.252443, 400.000000, 15000.000000, 400.000000, -0.105844, -119.906586, -3922.660000, 3802.753414, -0.105844, -0.105844, -0.105844, 0.095501, 3802.753414, 3707.252443, 95.500971, 0.095501, 0.095501, 0.095501, -119.906586, -119.906586, -0.105844, 95.500971, 0.095501, 1000.000000, -3922.660000, -0.105844, 400.000000, -0.105844, 3802.753414, 3802.753414, 3802.753414, 3802.753414, 0.095501, -0.010343, -0.105844, 3802.753414, -0.009763, 1.148436, 0.095501, 0.247150, 0.261511, -119.906586, -42.337475, 0.000000, -0.105844, 1.148436, 1.000000, -0.105844, 1.148436, 0.100000, 0.000000, 10.000000, 4170.870710, 0.000000, 0.000000, 4170.870710, 0.100000, 0.100000, 0.100000, 0.100000, 0.100000, 1.000000, 4186.381777, 0.000000, 0.100000, -6.283185, 0.000000, 4186.381777, 40.000000, 400.000000, 150000.000000, 40.000000, -0.009763, 9.710594, 3784.405183, -392.266000, 4186.381777, -0.009763, -0.009763, -0.009763, -0.009763, 0.009763, 4186.381777, 4186.381777, 0.000000, 0.009763, 0.009763, 0.009763, 3784.405183, 3784.405183, -0.009763, 0.000000, 0.009763, 0.000000, -392.266000, -0.009763, 40.000000, -0.009763, 4186.381777, 4186.381777, 4186.381777, 4186.381777, 0.009763, 0.000000, -0.009763, 4186.381777, 0.000000, 3802.753414, -0.009763, 0.634131, 0.009763, 0.027909, 0.028766, 9.710594, -0.390528, 0.000000, -0.009763, 0.634131, 0.500000, -0.009763, 0.634131
2.77, 3721.875971, 400.000000, 15000.000000, 400.000000, -0.108610, -101.937526, -3922.660000, 3820.722474, -0.108610, -0.108610, -0.108610, 0.098847, 3820.722474, 3721.875971, 98.846503, 0.098847, 0.098847, 0.098847, -101.937526, -101.937526, -0.108610, 98.846503, 0.098847, 1000.000000, -3922.660000, -0.108610, 400.000000, -0.108610, 3820.722474, 3820.722474, 3820.722474, 3820.722474, 0.098847, -0.009763, -0.108610, 3820.722474, -0.009953, 1.147364, 0.098847, 0.248125, 0.261511, -101.937526, -43.443884, 0.000000, -0.108610, 1.147364, 1.000000, -0.108610, 1.147364, 0.100000, 0.000000, 10.000000, 4186.381777, 0.000000, 0.000000, 4186.381777, 0.100000, 0.100000, 0.100000, 0.100000, 0.100000, 1.000000, 4201.590232, 0.000000, 0.100000, -6.283185, 0.000000, 4201.590232, 40.000000, 400.000000, 150000.000000, 40.000000, -0.009953, 6.570818, 3802.753414, -392.266000, 4201.590232, -0.009953, -0.009953, -0.009953, -0.009953, 0.009953, 4201.590232, 4201.590232, 0.000000, 0.009953, 0.009953, 0.009953, 3802.753414, 3802.753414, -0.009953, 0.000000, 0.009953, 0.000000, -392.266000, -0.009953, 40.000000, -0.009953, 4201.590232, 4201.590232, 4201.590232, 4201.590232, 0.009953, 0.000000, -0.009953, 4201.590232, 0.000000, 3820.722474, -0.009953, 0.634030, 0.009953, 0.028011, 0.028766, 6.570818, -0.398140, 0.000000, -0.009953, 0.634030, 0.500000, -0.009953, 0.634030
2.78, 3736.855521, 400.000000, 15000.000000, 400.000000, -0.110946, -84.811776, -3922.660000, 3837.848224, -0.110946, -0.110946, -0.110946, 0.100993, 3837.848224, 3736.855521, 100.992703, 0.100993, 0.100993, 0.100993, -84.811776, -84.811776, -0.110946, 100.992703, 0.100993, 1000.000000, -3922.660000, -0.110946, 400.000000, -0.110946, 3837.848224, 3837.848224, 3837.848224, 3837.848224, 0.100993, -0.009953, -0.110946, 3837.848224, -0.010758, 1.146265, 0.100993, 0.249124, 0.261511, -84.811776, -44.378480, 0.000000, -0.110946, 1.146265, 1.000000, -0.110946, 1.146265, 0.100000, 0.000000, 10.000000, 4201.590232, 0.000000, 0.000000, 4201.590232, 0.100000, 0.100000, 0.100000, 0.100000, 0.100000, 1.000000, 4217.570475, 0.000000, 0.100000, -6.283185, 0.000000, 4217.570475, 40.000000, 400.000000, 150000.000000, 40.000000, -0.010758, 4.582001, 3820.722474, -392.266000, 4217.570475, -0.010758, -0.010758, -0.010758, -0.010758, 0.010758, 4217.570475, 4217.570475, 0.000000, 0.010758, 0.010758, 0.010758, 3820.722474, 3820.722474, -0.010758, 0.000000, 0.010758, 0.000000, -392.266000, -0.010758, 40.000000, -0.010758, 4217.570475, 4217.570475, 4217.570475, 4217.570475, 0.010758, 0.000000, -0.010758, 4217.570475, 0.000000, 3837.848224, -0.010758, 0.633923, 0.010758, 0.028117, 0.028766, 4.582001, -0.430333, 0.000000, -0.010758, 0.633923, 0.500000, -0.010758, 0.633923
2.79, 3752.035481, 400.000000, 15000.000000, 400.000000, -0.112872, -68.510693, -3922.660000, 3854.149307, -0.112872, -0.112872, -0.112872, 0.102114, 3854.149307, 3752.035481, 102.113826, 0.102114, 0.102114, 0.102114, -68.510693, -68.510693, -0.112872, 102.113826, 0.102114, 1000.000000, -3922.660000, -0.112872, 400.000000, -0.112872, 3854.149307, 3854.149307, 3854.149307, 3854.149307, 0.102114, -0.010758, -0.112872, 3854.149307, -0.011689, 1.145146, 0.102114, 0.250136, 0.261511, -68.510693, -45.148858, 0.000000, -0.112872, 1.145146, 1.000000, -0.112872, 1.145146, 0.100000, 0.000000, 10.000000, 4217.570475, 0.000000, 0.000000, 4217.570475, 0.100000, 0.100000, 0.100000, 0.100000, 0.100000, 1.000000, 4234.897003, 0.000000, 0.100000, -6.283185, 0.000000, 4234.897003, 40.000000, 400.000000, 150000.000000, 40.000000, -0.011689, 4.782779, 3837.848224, -392.266000, 4234.897003, -0.011689, -0.011689, -0.011689, -0.011689, 0.011689, 4234.897003, 4234.897003, 0.000000, 0.011689, 0.011689, 0.011689, 3837.848224, 3837.848224, -0.011689, 0.000000, 0.011689, 0.000000, -392.266000, -0.011689, 40.000000, -0.011689, 4234.897003, 4234.897003, 4234.897003, 4234.897003, 0.011689, 0.000000, -0.011689, 4234.897003, 0.000000, 3854.149307, -0.011689, 0.633807, 0.011689, 0.028233, 0.028766, 4.782779, -0.467543, 0.000000, -0.011689, 0.633807, 0.500000, -0.011689, 0.633807
2.8, 3767.334938, 400.000000, 15000.000000, 400.000000, -0.114397, -52.616589, -3922.660000, 3870.043411, -0.114397, -0.114397, -0.114397, 0.102708, 3870.043411, 3767.334938, 102.708473, 0.102708, 0.102708, 0.102708, -52.616589, -52.616589, -0.114397, 102.708473, 0.102708, 1000.000000, -3922.660000, -0.114397, 400.000000, -0.114397, 3870.043411, 3870.043411, 3870.043411, 3870.043411, 0.102708, -0.011689, -0.114397, 3870.043411, -0.012212, 1.144009, 0.102708, 0.251156, 0.261511, -52.616589, -45.758822, 0.000000, -0.114397, 1.144009, 1.000000, -0.114397, 1.144009, 0.100000, 0.000000, 10.000000, 4234.897003, 0.000000, 0.000000, 4234.897003, 0.100000, 0.100000, 0.100000, 0.100000, 0.100000, 1.000000, 4253.351832, 0.000000, 0.100000, -6.283185, 0.000000, 4253.351832, 40.000000, 400.000000, 150000.000000, 40.000000, -0.012212, 6.936525, 3854.149307, -392.266000, 4253.351832, -0.012212, -0.012212, -0.012212, -0.012212, 0.012212, 4253.351832, 4253.351832, 0.000000, 0.012212, 0.012212, 0.012212, 3854.149307, 3854.149307, -0.012212, 0.000000, 0.012212, 0.000000, -392.266000, -0.012212, 40.000000, -0.012212, 4253.351832, 4253.351832, 4253.351832, 4253.351832, 0.012212, 0.000000, -0.012212, 4253.351832, 0.000000, 3870.043411, -0.012212, 0.633684, 0.012212, 0.028356, 0.028766, 6.936525, -0.488479, 0.000000, -0.012212, 0.633684, 0.500000, -0.012212, 0.633684
2.81, 3782.753236, 400.000000, 15000.000000, 400.000000, -0.115518, -36.600672, -3922.660000, 3886.059328, -0.115518, -0.115518, -0.115518, 0.103306, 3886.059328, 3782.753236, 103.306092, 0.103306, 0.103306, 0.103306, -36.600672, -36.600672, -0.115518, 103.306092, 0.103306, 1000.000000, -3922.660000, -0.115518, 400.000000, -0.115518, 3886.059328, 3886.059328, 3886.059328, 3886.059328, 0.103306, -0.012212, -0.115518, 3886.059328, -0.012041, 1.142859, 0.103306, 0.252184, 0.261511, -36.600672, -46.207228, 0.000000, -0.115518, 1.142859, 1.000000, -0.115518, 1.142859, 0.100000, 0.000000, 10.000000, 4253.351832, 0.000000, 0.000000, 4253.351832, 0.100000, 0.100000, 0.100000, 0.100000, 0.100000, 1.000000, 4272.080669, 0.000000, 0.100000, -6.283185, 0.000000, 4272.080669, 40.000000, 400.000000, 150000.000000, 40.000000, -0.012041, 9.771258, 3870.043411, -392.266000, 4272.080669, -0.012041, -0.012041, -0.012041, -0.012041, 0.012041, 4272.080669, 4272.080669, 0.000000, 0.012041, 0.012041, 0.012041, 3870.043411, 3870.043411, -0.012041, 0.000000, 0.012041, 0.000000, -392.266000, -0.012041, 40.000000, -0.012041, 4272.080669, 4272.080669, 4272.080669, 4272.080669, 0.012041, 0.000000, -0.012041, 4272.080669, 0.000000, 3886.059328, -0.012041, 0.633560, 0.012041, 0.028481, 0.028766, 9.771258, -0.481630, 0.000000, -0.012041, 0.633560, 0.500000, -0.012041, 0.633560
2.82, 3798.332498, 400.000000, 15000.000000, 400.000000, -0.116225, -20.143561, -3922.660000, 3902.516439, -0.116225, -0.116225, -0.116225, 0.104184, 3902.516439, 3798.332498, 104.183941, 0.104184, 0.104184, 0.104184, -20.143561, -20.143561, -0.116225, 104.183941, 0.104184, 1000.000000, -3922.660000, -0.116225, 400.000000, -0.116225, 3902.516439, 3902.516439, 3902.516439, 3902.516439, 0.104184, -0.012041, -0.116225, 3902.516439, -0.011264, 1.141700, 0.104184, 0.253222, 0.261511, -20.143561, -46.489872, 0.000000, -0.116225, 1.141700, 1.000000, -0.116225, 1.141700, 0.100000, 0.000000, 10.000000, 4272.080669, 0.000000, 0.000000, 4272.080669, 0.100000, 0.100000, 0.100000, 0.100000, 0.100000, 1.000000, 4290.074715, 0.000000, 0.100000, -6.283185, 0.000000, 4290.074715, 40.000000, 400.000000, 150000.000000, 40.000000, -0.011264, 11.749387, 3886.059328, -392.266000, 4290.074715, -0.011264, -0.011264, -0.011264, -0.011264, 0.011264, 4290.074715, 4290.074715, 0.000000, 0.011264, 0.011264, 0.011264, 3886.059328, 3886.059328, -0.011264, 0.000000, 0.011264, 0.000000, -392.266000, -0.011264, 40.000000, -0.011264, 4290.074715, 4290.074715, 4290.074715, 4290.074715, 0.011264, 0.000000, -0.011264, 4290.074715, 0.000000, 3902.516439, -0.011264, 0.633440, 0.011264, 0.028600, 0.028766, 11.749387, -0.450543, 0.000000, -0.011264, 0.633440, 0.500000, -0.011264, 0.633440
2.83, 3814.100996, 400.000000, 15000.000000, 400.000000, -0.116508, -3.314787, -3922.660000, 3919.345213, -0.116508, -0.116508, -0.116508, 0.105244, 3919.345213, 3814.100996, 105.244217, 0.105244, 0.105244, 0.105244, -3.314787, -3.314787, -0.116508, 105.244217, 0.105244, 1000.000000, -3922.660000, -0.116508, 400.000000, -0.116508, 3919.345213, 3919.345213, 3919.345213, 3919.345213, 0.105244, -0.011264, -0.116508, 3919.345213, -0.010265, 1.140536, 0.105244, 0.254273, 0.261511, -3.314787, -46.603116, 0.000000, -0.116508, 1.140536, 1.000000, -0.116508, 1.140536, 0.100000, 0.000000, 10.000000, 4290.074715, 0.000000, 0.000000, 4290.074715, 0.100000, 0.100000, 0.100000, 0.100000, 0.100000, 1.000000, 4306.692649, 0.000000, 0.100000, -6.283185, 0.000000, 4306.692649, 40.000000, 400.000000, 150000.000000, 40.000000, -0.010265, 11.910210, 3902.516439, -392.266000, 4306.692649, -0.010265, -0.010265, -0.010265, -0.010265, 0.010265, 4306.692649, 4306.692649, 0.000000, 0.010265, 0.010265, 0.010265, 3902.516439, 3902.516439, -0.010265, 0.000000, 0.010265, 0.000000, -392.266000, -0.010265, 40.000000, -0.010265, 4306.692649, 4306.692649, 4306.692649, 4306.692649, 0.010265, 0.000000, -0.010265, 4306.692649, 0.000000, 3919.345213, -0.010265, 0.633329, 0.010265, 0.028711, 0.028766, 11.910210, -0.410618, 0.000000, -0.010265, 0.633329, 0.500000, -0.010265, 0.633329
2.84, 3830.029326, 400.000000, 15000.000000, 400.000000, -0.116368, 13.471793, -3922.660000, 3936.131793, -0.116368, -0.116368, -0.116368, 0.106102, 3936.131793, 3830.029326, 106.102467, 0.106102, 0.106102, 0.106102, 13.471793, 13.471793, -0.116368, 106.102467, 0.106102, 1000.000000, -3922.660000, -0.116368, 400.000000, -0.116368, 3936.131793, 3936.131793, 3936.131793, 3936.131793, 0.106102, -0.010265, -0.116368, 3936.131793, -0.009497, 1.139372, 0.106102, 0.255335, 0.261511, 13.471793, -46.547171, 0.000000, -0.116368, 1.139372, 1.000000, -0.116368, 1.139372, 0.100000, 0.000000, 10.000000, 4306.692649, 0.000000, 0.000000, 4306.692649, 0.100000, 0.100000, 0.100000, 0.100000, 0.100000, 1.000000, 4321.941379, 0.000000, 0.100000, -6.283185, 0.000000, 4321.941379, 40.000000, 400.000000, 150000.000000, 40.000000, -0.009497, 10.330167, 3919.345213, -392.266000, 4321.941379, -0.009497, -0.009497, -0.009497, -0.009497, 0.009497, 4321.941379, 4321.941379, 0.000000, 0.009497, 0.009497, 0.009497, 3919.345213, 3919.345213, -0.009497, 0.000000, 0.009497, 0.000000, -392.266000, -0.009497, 40.000000, -0.009497, 4321.941379, 4321.941379, 4321.941379, 4321.941379, 0.009497, 0.000000, -0.009497, 4321.941379, 0.000000, 3936.131793, -0.009497, 0.633227, 0.009497, 0.028813, 0.028766, 10.330167, -0.379877, 0.000000, -0.009497, 0.633227, 0.500000, -0.009497, 0.633227
2.85, 3846.021680, 400.000000, 15000.000000, 400.000000, -0.115818, 29.683003, -3922.660000, 3952.343003, -0.115818, -0.115818, -0.115818, 0.106321, 3952.343003, 3846.021680, 106.321323, 0.106321, 0.106321, 0.106321, 29.683003, 29.683003, -0.115818, 106.321323, 0.106321, 1000.000000, -3922.660000, -0.115818, 400.000000, -0.115818, 3952.343003, 3952.343003, 3952.343003, 3952.343003, 0.106321, -0.009497, -0.115818, 3952.343003, -0.009229, 1.138210, 0.106321, 0.256401, 0.261511, 29.683003, -46.327300, 0.000000, -0.115818, 1.138210, 1.000000, -0.115818, 1.138210, 0.100000, 0.000000, 10.000000, 4321.941379, 0.000000, 0.000000, 4321.941379, 0.100000, 0.100000, 0.100000, 0.100000, 0.100000, 1.000000, 4336.387716, 0.000000, 0.100000, -6.283185, 0.000000, 4336.387716, 40.000000, 400.000000, 150000.000000, 40.000000, -0.009229, 7.989922, 3936.131793, -392.266000, 4336.387716, -0.009229, -0.009229, -0.009229, -0.009229, 0.009229, 4336.387716, 4336.387716, 0.000000, 0.009229, 0.009229, 0.009229, 3936.131793, 3936.131793, -0.009229, 0.000000, 0.009229, 0.000000, -392.266000, -0.009229, 40.000000, -0.009229, 4336.387716, 4336.387716, 4336.387716, 4336.387716, 0.009229, 0.000000, -0.009229, 4336.387716, 0.000000, 3952.343003, -0.009229, 0.633131, 0.009229, 0.028909, 0.028766, 7.989922, -0.369163, 0.000000, -0.009229, 0.633131, 0.500000, -0.009229, 0.633131
2.86, 3861.943801, 400.000000, 15000.000000, 400.000000, -0.114881, 44.935940, -3922.660000, 3967.595940, -0.114881, -0.114881, -0.114881, 0.105652, 3967.595940, 3861.943801, 105.652140, 0.105652, 0.105652, 0.105652, 44.935940, 44.935940, -0.114881, 105.652140, 0.105652, 1000.000000, -3922.660000, -0.114881, 400.000000, -0.114881, 3967.595940, 3967.595940, 3967.595940, 3967.595940, 0.105652, -0.009229, -0.114881, 3967.595940, -0.009426, 1.137057, 0.105652, 0.257463, 0.261511, 44.935940, -45.952484, 0.000000, -0.114881, 1.137057, 1.000000, -0.114881, 1.137057, 0.100000, 0.000000, 10.000000, 4336.387716, 0.000000, 0.000000, 4336.387716, 0.100000, 0.100000, 0.100000, 0.100000, 0.100000, 1.000000, 4350.780988, 0.000000, 0.100000, -6.283185, 0.000000, 4350.780988, 40.000000, 400.000000, 150000.000000, 40.000000, -0.009426, 6.171986, 3952.343003, -392.266000, 4350.780988, -0.009426, -0.009426, -0.009426, -0.009426, 0.009426, 4350.780988, 4350.780988, 0.000000, 0.009426, 0.009426, 0.009426, 3952.343003, 3952.343003, -0.009426, 0.000000, 0.009426, 0.000000, -392.266000, -0.009426, 40.000000, -0.009426, 4350.780988, 4350.780988, 4350.780988, 4350.780988, 0.009426, 0.000000, -0.009426, 4350.780988, 0.000000, 3967.595940, -0.009426, 0.633035, 0.009426, 0.029005, 0.028766, 6.171986, -0.377040, 0.000000, -0.009426, 0.633035, 0.500000, -0.009426, 0.633035
2.87, 3877.669573, 400.000000, 15000.000000, 400.000000, -0.113581, 59.164738, -3922.660000, 3981.824738, -0.113581, -0.113581, -0.113581, 0.104155, 3981.824738, 3877.669573, 104.155165, 0.104155, 0.104155, 0.104155, 59.164738, 59.164738, -0.113581, 104.155165, 0.104155, 1000.000000, -3922.660000, -0.113581, 400.000000, -0.113581, 3981.824738, 3981.824738, 3981.824738, 3981.824738, 0.104155, -0.009426, -0.113581, 3981.824738, -0.009792, 1.135914, 0.104155, 0.258511, 0.261511, 59.164738, -45.432467, 0.000000, -0.113581, 1.135914, 1.000000, -0.113581, 1.135914, 0.100000, 0.000000, 10.000000, 4350.780988, 0.000000, 0.000000, 4350.780988, 0.100000, 0.100000, 0.100000, 0.100000, 0.100000, 1.000000, 4365.613375, 0.000000, 0.100000, -6.283185, 0.000000, 4365.613375, 40.000000, 400.000000, 150000.000000, 40.000000, -0.009792, 5.751435, 3967.595940, -392.266000, 4365.613375, -0.009792, -0.009792, -0.009792, -0.009792, 0.009792, 4365.613375, 4365.613375, 0.000000, 0.009792, 0.009792, 0.009792, 3967.595940, 3967.595940, -0.009792, 0.000000, 0.009792, 0.000000, -392.266000, -0.009792, 40.000000, -0.009792, 4365.613375, 4365.613375, 4365.613375, 4365.613375, 0.009792, 0.000000, -0.009792, 4365.613375, 0.000000, 3981.824738, -0.009792, 0.632936, 0.009792, 0.029104, 0.028766, 5.751435, -0.391686, 0.000000, -0.009792, 0.632936, 0.500000, -0.009792, 0.632936
2.88, 3893.119849, 400.000000, 15000.000000, 400.000000, -0.111937, 72.604927, -3922.660000, 3995.264927, -0.111937, -0.111937, -0.111937, 0.102145, 3995.264927, 3893.119849, 102.145078, 0.102145, 0.102145, 0.102145, 72.604927, 72.604927, -0.111937, 102.145078, 0.102145, 1000.000000, -3922.660000, -0.111937, 400.000000, -0.111937, 3995.264927, 3995.264927, 3995.264927, 3995.264927, 0.102145, -0.009792, -0.111937, 3995.264927, -0.009954, 1.134786, 0.102145, 0.259541, 0.261511, 72.604927, -44.774892, 0.000000, -0.111937, 1.134786, 1.000000, -0.111937, 1.134786, 0.100000, 0.000000, 10.000000, 4365.613375, 0.000000, 0.000000, 4365.613375, 0.100000, 0.100000, 0.100000, 0.100000, 0.100000, 1.000000, 4380.857624, 0.000000, 0.100000, -6.283185, 0.000000, 4380.857624, 40.000000, 400.000000, 150000.000000, 40.000000, -0.009954, 6.766885, 3981.824738, -392.266000, 4380.857624, -0.009954, -0.009954, -0.009954, -0.009954, 0.009954, 4380.857624, 4380.857624, 0.000000, 0.009954, 0.009954, 0.009954, 3981.824738, 3981.824738, -0.009954, 0.000000, 0.009954, 0.000000, -392.266000, -0.009954, 40.000000, -0.009954, 4380.857624, 4380.857624, 4380.857624, 4380.857624, 0.009954, 0.000000, -0.009954, 4380.857624, 0.000000, 3995.264927, -0.009954, 0.632834, 0.009954, 0.029206, 0.028766, 6.766885, -0.398145, 0.000000, -0.009954, 0.632834, 0.500000, -0.009954, 0.632834
2.89, 3908.273619, 400.000000, 15000.000000, 400.000000, -0.109960, 85.620063, -3922.660000, 4008.280063, -0.109960, -0.109960, -0.109960, 0.100006, 4008.280063, 3908.273619, 100.006444, 0.100006, 0.100006, 0.100006, 85.620063, 85.620063, -0.109960, 100.006444, 0.100006, 1000.000000, -3922.660000, -0.109960, 400.000000, -0.109960, 4008.280063, 4008.280063, 4008.280063, 4008.280063, 0.100006, -0.009954, -0.109960, 4008.280063, -0.009665, 1.133676, 0.100006, 0.260552, 0.261511, 85.620063, -43.984024, 0.000000, -0.109960, 1.133676, 1.000000, -0.109960, 1.133676, 0.100000, 0.000000, 10.000000, 4380.857624, 0.000000, 0.000000, 4380.857624, 0.100000, 0.100000, 0.100000, 0.100000, 0.100000, 1.000000, 4396.006018, 0.000000, 0.100000, -6.283185, 0.000000, 4396.006018, 40.000000, 400.000000, 150000.000000, 40.000000, -0.009665, 8.475091, 3995.264927, -392.266000, 4396.006018, -0.009665, -0.009665, -0.009665, -0.009665, 0.009665, 4396.006018, 4396.006018, 0.000000, 0.009665, 0.009665, 0.009665, 3995.264927, 3995.264927, -0.009665, 0.000000, 0.009665, 0.000000, -392.266000, -0.009665, 40.000000, -0.009665, 4396.006018, 4396.006018, 4396.006018, 4396.006018, 0.009665, 0.000000, -0.009665, 4396.006018, 0.000000, 4008.280063, -0.009665, 0.632733, 0.009665, 0.029307, 0.028766, 8.475091, -0.386603, 0.000000, -0.009665, 0.632733, 0.500000, -0.009665, 0.632733
2.9, 3923.148127, 400.000000, 15000.000000, 400.000000, -0.107654, 98.477039, -3922.660000, 4021.137039, -0.107654, -0.107654, -0.107654, 0.097989, 4021.137039, 3923.148127, 97.988912, 0.097989, 0.097989, 0.097989, 98.477039, 98.477039, -0.107654, 97.988912, 0.097989, 1000.000000, -3922.660000, -0.107654, 400.000000, -0.107654, 4021.137039, 4021.137039, 4021.137039, 4021.137039, 0.097989, -0.009665, -0.107654, 4021.137039, -0.008930, 1.132588, 0.097989, 0.261543, 0.261511, 98.477039, -43.061597, 0.000000, -0.107654, 1.132588, 1.000000, -0.107654, 1.132588, 0.100000, 0.000000, 10.000000, 4396.006018, 0.000000, 0.000000, 4396.006018, 0.100000, 0.100000, 0.100000, 0.100000, 0.100000, 1.000000, 4410.363006, 0.000000, 0.100000, -6.283185, 0.000000, 4410.363006, 40.000000, 400.000000, 150000.000000, 40.000000, -0.008930, 9.816943, 4008.280063, -392.266000, 4410.363006, -0.008930, -0.008930, -0.008930, -0.008930, 0.008930, 4410.363006, 4410.363006, 0.000000, 0.008930, 0.008930, 0.008930, 4008.280063, 4008.280063, -0.008930, 0.000000, 0.008930, 0.000000, -392.266000, -0.008930, 40.000000, -0.008930, 4410.363006, 4410.363006, 4410.363006, 4410.363006, 0.008930, 0.000000, -0.008930, 4410.363006, 0.000000, 4021.137039, -0.008930, 0.632638, 0.008930, 0.029402, 0.028766, 9.816943, -0.357193, 0.000000, -0.008930, 0.632638, 0.500000, -0.008930, 0.632638
2.91, 3937.761342, 400.000000, 15000.000000, 400.000000, -0.105023, 111.194309, -3922.660000, 4033.854309, -0.105023, -0.105023, -0.105023, 0.096093, 4033.854309, 3937.761342, 96.092967, 0.096093, 0.096093, 0.096093, 111.194309, 111.194309, -0.105023, 96.092967, 0.096093, 1000.000000, -3922.660000, -0.105023, 400.000000, -0.105023, 4033.854309, 4033.854309, 4033.854309, 4033.854309, 0.096093, -0.008930, -0.105023, 4033.854309, -0.007977, 1.131524, 0.096093, 0.262517, 0.261511, 111.194309, -42.009115, 0.000000, -0.105023, 1.131524, 1.000000, -0.105023, 1.131524, 0.100000, 0.000000, 10.000000, 4410.363006, 0.000000, 0.000000, 4410.363006, 0.100000, 0.100000, 0.100000, 0.100000, 0.100000, 1.000000, 4423.413112, 0.000000, 0.100000, -6.283185, 0.000000, 4423.413112, 40.000000, 400.000000, 150000.000000, 40.000000, -0.007977, 10.010072, 4021.137039, -392.266000, 4423.413112, -0.007977, -0.007977, -0.007977, -0.007977, 0.007977, 4423.413112, 4423.413112, 0.000000, 0.007977, 0.007977, 0.007977, 4021.137039, 4021.137039, -0.007977, 0.000000, 0.007977, 0.000000, -392.266000, -0.007977, 40.000000, -0.007977, 4423.413112, 4423.413112, 4423.413112, 4423.413112, 0.007977, 0.000000, -0.007977, 4423.413112, 0.000000, 4033.854309, -0.007977, 0.632551, 0.007977, 0.029489, 0.028766, 10.010072, -0.319068, 0.000000, -0.007977, 0.632551, 0.500000, -0.007977, 0.632551
2.92, 3952.098425, 400.000000, 15000.000000, 400.000000, -0.102076, 123.537354, -3922.660000, 4046.197354, -0.102076, -0.102076, -0.102076, 0.094099, 4046.197354, 3952.098425, 94.098929, 0.094099, 0.094099, 0.094099, 123.537354, 123.537354, -0.102076, 94.098929, 0.094099, 1000.000000, -3922.660000, -0.102076, 400.000000, -0.102076, 4046.197354, 4046.197354, 4046.197354, 4046.197354, 0.094099, -0.007977, -0.102076, 4046.197354, -0.007119, 1.130489, 0.094099, 0.263473, 0.261511, 123.537354, -40.830254, 0.000000, -0.102076, 1.130489, 1.000000, -0.102076, 1.130489, 0.100000, 0.000000, 10.000000, 4423.413112, 0.000000, 0.000000, 4423.413112, 0.100000, 0.100000, 0.100000, 0.100000, 0.100000, 1.000000, 4435.061580, 0.000000, 0.100000, -6.283185, 0.000000, 4435.061580, 40.000000, 400.000000, 150000.000000, 40.000000, -0.007119, 8.941270, 4033.854309, -392.266000, 4435.061580, -0.007119, -0.007119, -0.007119, -0.007119, 0.007119, 4435.061580, 4435.061580, 0.000000, 0.007119, 0.007119, 0.007119, 4033.854309, 4033.854309, -0.007119, 0.000000, 0.007119, 0.000000, -392.266000, -0.007119, 40.000000, -0.007119, 4435.061580, 4435.061580, 4435.061580, 4435.061580, 0.007119, 0.000000, -0.007119, 4435.061580, 0.000000, 4046.197354, -0.007119, 0.632473, 0.007119, 0.029567, 0.028766, 8.941270, -0.284766, 0.000000, -0.007119, 0.632473, 0.500000, -0.007119, 0.632473
2.93, 3966.099728, 400.000000, 15000.000000, 400.000000, -0.098830, 135.150690, -3922.660000, 4057.810690, -0.098830, -0.098830, -0.098830, 0.091711, 4057.810690, 3966.099728, 91.710963, 0.091711, 0.091711, 0.091711, 135.150690, 135.150690, -0.098830, 91.710963, 0.091711, 1000.000000, -3922.660000, -0.098830, 400.000000, -0.098830, 4057.810690, 4057.810690, 4057.810690, 4057.810690, 0.091711, -0.007119, -0.098830, 4057.810690, -0.006582, 1.129484, 0.091711, 0.264407, 0.261511, 135.150690, -39.532048, 0.000000, -0.098830, 1.129484, 1.000000, -0.098830, 1.129484, 0.100000, 0.000000, 10.000000, 4435.061580, 0.000000, 0.000000, 4435.061580, 0.100000, 0.100000, 0.100000, 0.100000, 0.100000, 1.000000, 4445.631035, 0.000000, 0.100000, -6.283185, 0.000000, 4445.631035, 40.000000, 400.000000, 150000.000000, 40.000000, -0.006582, 7.167681, 4046.197354, -392.266000, 4445.631035, -0.006582, -0.006582, -0.006582, -0.006582, 0.006582, 4445.631035, 4445.631035, 0.000000, 0.006582, 0.006582, 0.006582, 4046.197354, 4046.197354, -0.006582, 0.000000, 0.006582, 0.000000, -392.266000, -0.006582, 40.000000, -0.006582, 4445.631035, 4445.631035, 4445.631035, 4445.631035, 0.006582, 0.000000, -0.006582, 4445.631035, 0.000000, 4057.810690, -0.006582, 0.632403, 0.006582, 0.029638, 0.028766, 7.167681, -0.263268, 0.000000, -0.006582, 0.632403, 0.500000, -0.006582, 0.632403
2.94, 3979.674859, 400.000000, 15000.000000, 400.000000, -0.095311, 145.743987, -3922.660000, 4068.403987, -0.095311, -0.095311, -0.095311, 0.088729, 4068.403987, 3979.674859, 88.729127, 0.088729, 0.088729, 0.088729, 145.743987, 145.743987, -0.095311, 88.729127, 0.088729, 1000.000000, -3922.660000, -0.095311, 400.000000, -0.095311, 4068.403987, 4068.403987, 4068.403987, 4068.403987, 0.088729, -0.006582, -0.095311, 4068.403987, -0.006389, 1.128513, 0.088729, 0.265312, 0.261511, 145.743987, -38.124333, 0.000000, -0.095311, 1.128513, 1.000000, -0.095311, 1.128513, 0.100000, 0.000000, 10.000000, 4445.631035, 0.000000, 0.000000, 4445.631035, 0.100000, 0.100000, 0.100000, 0.100000, 0.100000, 1.000000, 4455.637730, 0.000000, 0.100000, -6.283185, 0.000000, 4455.637730, 40.000000, 400.000000, 150000.000000, 40.000000, -0.006389, 5.561040, 4057.810690, -392.266000, 4455.637730, -0.006389, -0.006389, -0.006389, -0.006389, 0.006389, 4455.637730, 4455.637730, 0.000000, 0.006389, 0.006389, 0.006389, 4057.810690, 4057.810690, -0.006389, 0.000000, 0.006389, 0.000000, -392.266000, -0.006389, 40.000000, -0.006389, 4455.637730, 4455.637730, 4455.637730, 4455.637730, 0.006389, 0.000000, -0.006389, 4455.637730, 0.000000, 4068.403987, -0.006389, 0.632336, 0.006389, 0.029704, 0.028766, 5.561040, -0.255575, 0.000000, -0.006389, 0.632336, 0.500000, -0.006389, 0.632336
2.95, 3992.733048, 400.000000, 15000.000000, 400.000000, -0.091545, 155.228380, -3922.660000, 4077.888380, -0.091545, -0.091545, -0.091545, 0.085155, 4077.888380, 3992.733048, 85.155331, 0.085155, 0.085155, 0.085155, 155.228380, 155.228380, -0.091545, 85.155331, 0.085155, 1000.000000, -3922.660000, -0.091545, 400.000000, -0.091545, 4077.888380, 4077.888380, 4077.888380, 4077.888380, 0.085155, -0.006389, -0.091545, 4077.888380, -0.006373, 1.127578, 0.085155, 0.266182, 0.261511, 155.228380, -36.617879, 0.000000, -0.091545, 1.127578, 1.000000, -0.091545, 1.127578, 0.100000, 0.000000, 10.000000, 4455.637730, 0.000000, 0.000000, 4455.637730, 0.100000, 0.100000, 0.100000, 0.100000, 0.100000, 1.000000, 4465.486191, 0.000000, 0.100000, -6.283185, 0.000000, 4465.486191, 40.000000, 400.000000, 150000.000000, 40.000000, -0.006373, 4.816204, 4068.403987, -392.266000, 4465.486191, -0.006373, -0.006373, -0.006373, -0.006373, 0.006373, 4465.486191, 4465.486191, 0.000000, 0.006373, 0.006373, 0.006373, 4068.403987, 4068.403987, -0.006373, 0.000000, 0.006373, 0.000000, -392.266000, -0.006373, 40.000000, -0.006373, 4465.486191, 4465.486191, 4465.486191, 4465.486191, 0.006373, 0.000000, -0.006373, 4465.486191, 0.000000, 4077.888380, -0.006373, 0.632270, 0.006373, 0.029770, 0.028766, 4.816204, -0.254924, 0.000000, -0.006373, 0.632270, 0.500000, -0.006373, 0.632270
2.96, 4005.212230, 400.000000, 15000.000000, 400.000000, -0.087556, 163.734891, -3922.660000, 4086.394891, -0.087556, -0.087556, -0.087556, 0.081183, 4086.394891, 4005.212230, 81.182661, 0.081183, 0.081183, 0.081183, 163.734891, 163.734891, -0.087556, 81.182661, 0.081183, 1000.000000, -3922.660000, -0.087556, 400.000000, -0.087556, 4086.394891, 4086.394891, 4086.394891, 4086.394891, 0.081183, -0.006373, -0.087556, 4086.394891, -0.006278, 1.126683, 0.081183, 0.267014, 0.261511, 163.734891, -35.022309, 0.000000, -0.087556, 1.126683, 1.000000, -0.087556, 1.126683, 0.100000, 0.000000, 10.000000, 4465.486191, 0.000000, 0.000000, 4465.486191, 0.100000, 0.100000, 0.100000, 0.100000, 0.100000, 1.000000, 4475.252113, 0.000000, 0.100000, -6.283185, 0.000000, 4475.252113, 40.000000, 400.000000, 150000.000000, 40.000000, -0.006278, 5.097733, 4077.888380, -392.266000, 4475.252113, -0.006278, -0.006278, -0.006278, -0.006278, 0.006278, 4475.252113, 4475.252113, 0.000000, 0.006278, 0.006278, 0.006278, 4077.888380, 4077.888380, -0.006278, 0.000000, 0.006278, 0.000000, -392.266000, -0.006278, 40.000000, -0.006278, 4475.252113, 4475.252113, 4475.252113, 4475.252113, 0.006278, 0.000000, -0.006278, 4475.252113, 0.000000, 4086.394891, -0.006278, 0.632205, 0.006278, 0.029835, 0.028766, 5.097733, -0.251126, 0.000000, -0.006278, 0.632205, 0.500000, -0.006278, 0.632205
2.97, 4017.091528, 400.000000, 15000.000000, 400.000000, -0.083362, 171.515657, -3922.660000, 4094.175657, -0.083362, -0.083362, -0.083362, 0.077084, 4094.175657, 4017.091528, 77.084128, 0.077084, 0.077084, 0.077084, 171.515657, 171.515657, -0.083362, 77.084128, 0.077084, 1000.000000, -3922.660000, -0.083362, 400.000000, -0.083362, 4094.175657, 4094.175657, 4094.175657, 4094.175657, 0.077084, -0.006278, -0.083362, 4094.175657, -0.005908, 1.125828, 0.077084, 0.267806, 0.261511, 171.515657, -33.344914, 0.000000, -0.083362, 1.125828, 1.000000, -0.083362, 1.125828, 0.100000, 0.000000, 10.000000, 4475.252113, 0.000000, 0.000000, 4475.252113, 0.100000, 0.100000, 0.100000, 0.100000, 0.100000, 1.000000, 4484.661225, 0.000000, 0.100000, -6.283185, 0.000000, 4484.661225, 40.000000, 400.000000, 150000.000000, 40.000000, -0.005908, 6.000334, 4086.394891, -392.266000, 4484.661225, -0.005908, -0.005908, -0.005908, -0.005908, 0.005908, 4484.661225, 4484.661225, 0.000000, 0.005908, 0.005908, 0.005908, 4086.394891, 4086.394891, -0.005908, 0.000000, 0.005908, 0.000000, -392.266000, -0.005908, 40.000000, -0.005908, 4484.661225, 4484.661225, 4484.661225, 4484.661225, 0.005908, 0.000000, -0.005908, 4484.661225, 0.000000, 4094.175657, -0.005908, 0.632142, 0.005908, 0.029898, 0.028766, 6.000334, -0.236330, 0.000000, -0.005908, 0.632142, 0.500000, -0.005908, 0.632142
2.98, 4028.382002, 400.000000, 15000.000000, 400.000000, -0.078977, 178.791013, -3922.660000, 4101.451013, -0.078977, -0.078977, -0.078977, 0.073069, 4101.451013, 4028.382002, 73.069011, 0.073069, 0.073069, 0.073069, 178.791013, 178.791013, -0.078977, 73.069011, 0.073069, 1000.000000, -3922.660000, -0.078977, 400.000000, -0.078977, 4101.451013, 4101.451013, 4101.451013, 4101.451013, 0.073069, -0.005908, -0.078977, 4101.451013, -0.005226, 1.125016, 0.073069, 0.268559, 0.261511, 178.791013, -31.590904, 0.000000, -0.078977, 1.125016, 1.000000, -0.078977, 1.125016, 0.100000, 0.000000, 10.000000, 4484.661225, 0.000000, 0.000000, 4484.661225, 0.100000, 0.100000, 0.100000, 0.100000, 0.100000, 1.000000, 4493.257877, 0.000000, 0.100000, -6.283185, 0.000000, 4493.257877, 40.000000, 400.000000, 150000.000000, 40.000000, -0.005226, 6.816220, 4094.175657, -392.266000, 4493.257877, -0.005226, -0.005226, -0.005226, -0.005226, 0.005226, 4493.257877, 4493.257877, 0.000000, 0.005226, 0.005226, 0.005226, 4094.175657, 4094.175657, -0.005226, 0.000000, 0.005226, 0.000000, -392.266000, -0.005226, 40.000000, -0.005226, 4493.257877, 4493.257877, 4493.257877, 4493.257877, 0.005226, 0.000000, -0.005226, 4493.257877, 0.000000, 4101.451013, -0.005226, 0.632085, 0.005226, 0.029955, 0.028766, 6.816220, -0.209037, 0.000000, -0.005226, 0.632085, 0.500000, -0.005226, 0.632085
2.99, 4039.102551, 400.000000, 15000.000000, 400.000000, -0.074412, 185.628673, -3922.660000, 4108.288673, -0.074412, -0.074412, -0.074412, 0.069186, 4108.288673, 4039.102551, 69.186122, 0.069186, 0.069186, 0.069186, 185.628673, 185.628673, -0.074412, 69.186122, 0.069186, 1000.000000, -3922.660000, -0.074412, 400.000000, -0.074412, 4108.288673, 4108.288673, 4108.288673, 4108.288673, 0.069186, -0.005226, -0.074412, 4108.288673, -0.004359, 1.124249, 0.069186, 0.269274, 0.261511, 185.628673, -29.764816, 0.000000, -0.074412, 1.124249, 1.000000, -0.074412, 1.124249, 0.100000, 0.000000, 10.000000, 4493.257877, 0.000000, 0.000000, 4493.257877, 0.100000, 0.100000, 0.100000, 0.100000, 0.100000, 1.000000, 4500.656680, 0.000000, 0.100000, -6.283185, 0.000000, 4500.656680, 40.000000, 400.000000, 150000.000000, 40.000000, -0.004359, 6.939667, 4101.451013, -392.266000, 4500.656680, -0.004359, -0.004359, -0.004359, -0.004359, 0.004359, 4500.656680, 4500.656680, 0.000000, 0.004359, 0.004359, 0.004359, 4101.451013, 4101.451013, -0.004359, 0.000000, 0.004359, 0.000000, -392.266000, -0.004359, 40.000000, -0.004359, 4500.656680, 4500.656680, 4500.656680, 4500.656680, 0.004359, 0.000000, -0.004359, 4500.656680, 0.000000, 4108.288673, -0.004359, 0.632036, 0.004359, 0.030004, 0.028766, 6.939667, -0.174369, 0.000000, -0.004359, 0.632036, 0.500000, -0.004359, 0.632036
3, 4049.255162, 400.000000, 15000.000000, 400.000000, -0.069681, 191.916441, -3922.660000, 4114.576441, -0.069681, -0.069681, -0.069681, 0.065321, 4114.576441, 4049.255162, 65.321278, 0.065321, 0.065321, 0.065321, 191.916441, 191.916441, -0.069681, 65.321278, 0.065321, 1000.000000, -3922.660000, -0.069681, 400.000000, -0.069681, 4114.576441, 4114.576441, 4114.576441, 4114.576441, 0.065321, -0.004359, -0.069681, 4114.576441, -0.003520, 1.123528, 0.065321, 0.269950, 0.261511, 191.916441, -27.872206, 0.000000, -0.069681, 1.123528, 1.000000, -0.069681, 1.123528, 0.100000, 0.000000, 10.000000, 4500.656680, 0.000000, 0.000000, 4500.656680, 0.100000, 0.100000, 0.100000, 0.100000, 0.100000, 1.000000, 4506.735802, 0.000000, 0.100000, -6.283185, 0.000000, 4506.735802, 40.000000, 400.000000, 150000.000000, 40.000000, -0.003520, 6.181130, 4108.288673, -392.266000, 4506.735802, -0.003520, -0.003520, -0.003520, -0.003520, 0.003520, 4506.735802, 4506.735802, 0.000000, 0.003520, 0.003520, 0.003520, 4108.288673, 4108.288673, -0.003520, 0.000000, 0.003520, 0.000000, -392.266000, -0.003520, 40.000000, -0.003520, 4506.735802, 4506.735802, 4506.735802, 4506.735802, 0.003520, 0.000000, -0.003520, 4506.735802, 0.000000, 4114.576441, -0.003520, 0.631995, 0.003520, 0.030045, 0.028766, 6.181130, -0.140794, 0.000000, -0.003520, 0.631995, 0.500000, -0.003520, 0.631995
3.01, 4058.812743, 400.000000, 15000.000000, 400.000000, -0.064802, 197.434627, -3922.660000, 4120.094627, -0.064802, -0.064802, -0.064802, 0.061282, 4120.094627, 4058.812743, 61.281883, 0.061282, 0.061282, 0.061282, 197.434627, 197.434627, -0.064802, 61.281883, 0.061282, 1000.000000, -3922.660000, -0.064802, 400.000000, -0.064802, 4120.094627, 4120.094627, 4120.094627, 4120.094627, 0.061282, -0.003520, -0.064802, 4120.094627, -0.002884, 1.122856, 0.061282, 0.270588, 0.261511, 197.434627, -25.920695, 0.000000, -0.064802, 1.122856, 1.000000, -0.064802, 1.122856, 0.100000, 0.000000, 10.000000, 4506.735802, 0.000000, 0.000000, 4506.735802, 0.100000, 0.100000, 0.100000, 0.100000, 0.100000, 1.000000, 4511.674220, 0.000000, 0.100000, -6.283185, 0.000000, 4511.674220, 40.000000, 400.000000, 150000.000000, 40.000000, -0.002884, 4.831780, 4114.576441, -392.266000, 4511.674220, -0.002884, -0.002884, -0.002884, -0.002884, 0.002884, 4511.674220, 4511.674220, 0.000000, 0.002884, 0.002884, 0.002884, 4114.576441, 4114.576441, -0.002884, 0.000000, 0.002884, 0.000000, -392.266000, -0.002884, 40.000000, -0.002884, 4511.674220, 4511.674220, 4511.674220, 4511.674220, 0.002884, 0.000000, -0.002884, 4511.674220, 0.000000, 4120.094627, -0.002884, 0.631962, 0.002884, 0.030078, 0.028766, 4.831780, -0.115353, 0.000000, -0.002884, 0.631962, 0.500000, -0.002884, 0.631962
3.02, 4067.724921, 400.000000, 15000.000000, 400.000000, -0.059800, 201.980696, -3922.660000, 4124.640696, -0.059800, -0.059800, -0.059800, 0.056916, 4124.640696, 4067.724921, 56.915775, 0.056916, 0.056916, 0.056916, 201.980696, 201.980696, -0.059800, 56.915775, 0.056916, 1000.000000, -3922.660000, -0.059800, 400.000000, -0.059800, 4124.640696, 4124.640696, 4124.640696, 4124.640696, 0.056916, -0.002884, -0.059800, 4124.640696, -0.002502, 1.122233, 0.056916, 0.271182, 0.261511, 201.980696, -23.919844, 0.000000, -0.059800, 1.122233, 1.000000, -0.059800, 1.122233, 0.100000, 0.000000, 10.000000, 4511.674220, 0.000000, 0.000000, 4511.674220, 0.100000, 0.100000, 0.100000, 0.100000, 0.100000, 1.000000, 4515.826995, 0.000000, 0.100000, -6.283185, 0.000000, 4515.826995, 40.000000, 400.000000, 150000.000000, 40.000000, -0.002502, 3.466369, 4120.094627, -392.266000, 4515.826995, -0.002502, -0.002502, -0.002502, -0.002502, 0.002502, 4515.826995, 4515.826995, 0.000000, 0.002502, 0.002502, 0.002502, 4120.094627, 4120.094627, -0.002502, 0.000000, 0.002502, 0.000000, -392.266000, -0.002502, 40.000000, -0.002502, 4515.826995, 4515.826995, 4515.826995, 4515.826995, 0.002502, 0.000000, -0.002502, 4515.826995, 0.000000, 4124.640696, -0.002502, 0.631935, 0.002502, 0.030106, 0.028766, 3.466369, -0.100083, 0.000000, -0.002502, 0.631935, 0.500000, -0.002502, 0.631935
3.03, 4075.937117, 400.000000, 15000.000000, 400.000000, -0.054700, 205.475105, -3922.660000, 4128.135105, -0.054700, -0.054700, -0.054700, 0.052198, 4128.135105, 4075.937117, 52.197989, 0.052198, 0.052198, 0.052198, 205.475105, 205.475105, -0.054700, 52.197989, 0.052198, 1000.000000, -3922.660000, -0.054700, 400.000000, -0.054700, 4128.135105, 4128.135105, 4128.135105, 4128.135105, 0.052198, -0.002502, -0.054700, 4128.135105, -0.002285, 1.121660, 0.052198, 0.271729, 0.261511, 205.475105, -21.880022, 0.000000, -0.054700, 1.121660, 1.000000, -0.054700, 1.121660, 0.100000, 0.000000, 10.000000, 4515.826995, 0.000000, 0.000000, 4515.826995, 0.100000, 0.100000, 0.100000, 0.100000, 0.100000, 1.000000, 4519.519411, 0.000000, 0.100000, -6.283185, 0.000000, 4519.519411, 40.000000, 400.000000, 150000.000000, 40.000000, -0.002285, 2.612714, 4124.640696, -392.266000, 4519.519411, -0.002285, -0.002285, -0.002285, -0.002285, 0.002285, 4519.519411, 4519.519411, 0.000000, 0.002285, 0.002285, 0.002285, 4124.640696, 4124.640696, -0.002285, 0.000000, 0.002285, 0.000000, -392.266000, -0.002285, 40.000000, -0.002285, 4519.519411, 4519.519411, 4519.519411, 4519.519411, 0.002285, 0.000000, -0.002285, 4519.519411, 0.000000, 4128.135105, -0.002285, 0.631910, 0.002285, 0.030130, 0.028766, 2.612714, -0.091411, 0.000000, -0.002285, 0.631910, 0.500000, -0.002285, 0.631910
3.04, 4083.411565, 400.000000, 15000.000000, 400.000000, -0.049527, 207.993634, -3922.660000, 4130.653634, -0.049527, -0.049527, -0.049527, 0.047242, 4130.653634, 4083.411565, 47.242069, 0.047242, 0.047242, 0.047242, 207.993634, 207.993634, -0.049527, 47.242069, 0.047242, 1000.000000, -3922.660000, -0.049527, 400.000000, -0.049527, 4130.653634, 4130.653634, 4130.653634, 4130.653634, 0.047242, -0.002285, -0.049527, 4130.653634, -0.002065, 1.121139, 0.047242, 0.272227, 0.261511, 207.993634, -19.810938, 0.000000, -0.049527, 1.121139, 1.000000, -0.049527, 1.121139, 0.100000, 0.000000, 10.000000, 4519.519411, 0.000000, 0.000000, 4519.519411, 0.100000, 0.100000, 0.100000, 0.100000, 0.100000, 1.000000, 4522.876776, 0.000000, 0.100000, -6.283185, 0.000000, 4522.876776, 40.000000, 400.000000, 150000.000000, 40.000000, -0.002065, 2.475670, 4128.135105, -392.266000, 4522.876776, -0.002065, -0.002065, -0.002065, -0.002065, 0.002065, 4522.876776, 4522.876776, 0.000000, 0.002065, 0.002065, 0.002065, 4128.135105, 4128.135105, -0.002065, 0.000000, 0.002065, 0.000000, -392.266000, -0.002065, 40.000000, -0.002065, 4522.876776, 4522.876776, 4522.876776, 4522.876776, 0.002065, 0.000000, -0.002065, 4522.876776, 0.000000, 4130.653634, -0.002065, 0.631888, 0.002065, 0.030153, 0.028766, 2.475670, -0.082600, 0.000000, -0.002065, 0.631888, 0.500000, -0.002065, 0.631888
3.05, 4090.138912, 400.000000, 15000.000000, 400.000000, -0.044302, 209.715526, -3922.660000, 4132.375526, -0.044302, -0.044302, -0.044302, 0.042237, 4132.375526, 4090.138912, 42.236614, 0.042237, 0.042237, 0.042237, 209.715526, 209.715526, -0.044302, 42.236614, 0.042237, 1000.000000, -3922.660000, -0.044302, 400.000000, -0.044302, 4132.375526, 4132.375526, 4132.375526, 4132.375526, 0.042237, -0.002065, -0.044302, 4132.375526, -0.001691, 1.120670, 0.042237, 0.272676, 0.261511, 209.715526, -17.720645, 0.000000, -0.044302, 1.120670, 1.000000, -0.044302, 1.120670, 0.100000, 0.000000, 10.000000, 4522.876776, 0.000000, 0.000000, 4522.876776, 0.100000, 0.100000, 0.100000, 0.100000, 0.100000, 1.000000, 4525.777291, 0.000000, 0.100000, -6.283185, 0.000000, 4525.777291, 40.000000, 400.000000, 150000.000000, 40.000000, -0.001691, 2.857657, 4130.653634, -392.266000, 4525.777291, -0.001691, -0.001691, -0.001691, -0.001691, 0.001691, 4525.777291, 4525.777291, 0.000000, 0.001691, 0.001691, 0.001691, 4130.653634, 4130.653634, -0.001691, 0.000000, 0.001691, 0.000000, -392.266000, -0.001691, 40.000000, -0.001691, 4525.777291, 4525.777291, 4525.777291, 4525.777291, 0.001691, 0.000000, -0.001691, 4525.777291, 0.000000, 4132.375526, -0.001691, 0.631868, 0.001691, 0.030172, 0.028766, 2.857657, -0.067649, 0.000000, -0.001691, 0.631868, 0.500000, -0.001691, 0.631868
3.06, 4096.135057, 400.000000, 15000.000000, 400.000000, -0.039039, 210.822523, -3922.660000, 4133.482523, -0.039039, -0.039039, -0.039039, 0.037347, 4133.482523, 4096.135057, 37.347466, 0.037347, 0.037347, 0.037347, 210.822523, 210.822523, -0.039039, 37.347466, 0.037347, 1000.000000, -3922.660000, -0.039039, 400.000000, -0.039039, 4133.482523, 4133.482523, 4133.482523, 4133.482523, 0.037347, -0.001691, -0.039039, 4133.482523, -0.001112, 1.120253, 0.037347, 0.273076, 0.261511, 210.822523, -15.615479, 0.000000, -0.039039, 1.120253, 1.000000, -0.039039, 1.120253, 0.100000, 0.000000, 10.000000, 4525.777291, 0.000000, 0.000000, 4525.777291, 0.100000, 0.100000, 0.100000, 0.100000, 0.100000, 1.000000, 4527.942046, 0.000000, 0.100000, -6.283185, 0.000000, 4527.942046, 40.000000, 400.000000, 150000.000000, 40.000000, -0.001112, 3.300520, 4132.375526, -392.266000, 4527.942046, -0.001112, -0.001112, -0.001112, -0.001112, 0.001112, 4527.942046, 4527.942046, 0.000000, 0.001112, 0.001112, 0.001112, 4132.375526, 4132.375526, -0.001112, 0.000000, 0.001112, 0.000000, -392.266000, -0.001112, 40.000000, -0.001112, 4527.942046, 4527.942046, 4527.942046, 4527.942046, 0.001112, 0.000000, -0.001112, 4527.942046, 0.000000, 4133.482523, -0.001112, 0.631854, 0.001112, 0.030186, 0.028766, 3.300520, -0.044461, 0.000000, -0.001112, 0.631854, 0.500000, -0.001112, 0.631854
3.07, 4101.426217, 400.000000, 15000.000000, 400.000000, -0.033752, 211.406888, -3922.660000, 4134.066888, -0.033752, -0.033752, -0.033752, 0.032641, 4134.066888, 4101.426217, 32.640671, 0.032641, 0.032641, 0.032641, 211.406888, 211.406888, -0.033752, 32.640671, 0.032641, 1000.000000, -3922.660000, -0.033752, 400.000000, -0.033752, 4134.066888, 4134.066888, 4134.066888, 4134.066888, 0.032641, -0.001112, -0.033752, 4134.066888, -0.000391, 1.119889, 0.032641, 0.273428, 0.261511, 211.406888, -13.500875, 0.000000, -0.033752, 1.119889, 1.000000, -0.033752, 1.119889, 0.100000, 0.000000, 10.000000, 4527.942046, 0.000000, 0.000000, 4527.942046, 0.100000, 0.100000, 0.100000, 0.100000, 0.100000, 1.000000, 4529.101966, 0.000000, 0.100000, -6.283185, 0.000000, 4529.101966, 40.000000, 400.000000, 150000.000000, 40.000000, -0.000391, 3.353443, 4133.482523, -392.266000, 4529.101966, -0.000391, -0.000391, -0.000391, -0.000391, 0.000391, 4529.101966, 4529.101966, 0.000000, 0.000391, 0.000391, 0.000391, 4133.482523, 4133.482523, -0.000391, 0.000000, 0.000391, 0.000000, -392.266000, -0.000391, 40.000000, -0.000391, 4529.101966, 4529.101966, 4529.101966, 4529.101966, 0.000391, 0.000000, -0.000391, 4529.101966, 0.000000, 4134.066888, -0.000391, 0.631846, 0.000391, 0.030194, 0.028766, 3.353443, -0.015641, 0.000000, -0.000391, 0.631846, 0.500000, -0.000391, 0.631846
3.08, 4106.031209, 400.000000, 15000.000000, 400.000000, -0.028456, 211.436526, -3922.660000, 4134.096526, -0.028456, -0.028456, -0.028456, 0.028065, 4134.096526, 4106.031209, 28.065317, 0.028065, 0.028065, 0.028065, 211.436526, 211.436526, -0.028456, 28.065317, 0.028065, 1000.000000, -3922.660000, -0.028456, 400.000000, -0.028456, 4134.096526, 4134.096526, 4134.096526, 4134.096526, 0.028065, -0.000391, -0.028456, 4134.096526, 0.000332, 1.119578, 0.028065, 0.273735, 0.261511, 211.436526, -11.382535, 0.000000, -0.028456, 1.119578, 1.000000, -0.028456, 1.119578, 0.100000, 0.000000, 10.000000, 4529.101966, 0.000000, 0.000000, 4529.101966, 0.100000, 0.100000, 0.100000, 0.100000, 0.100000, 1.000000, 4529.145914, 0.000000, 0.100000, -6.283185, 0.000000, 4529.145914, 40.000000, 400.000000, 150000.000000, 40.000000, 0.000332, 2.813026, 4134.066888, -392.266000, 4529.145914, 0.000332, 0.000332, 0.000332, 0.000332, -0.000332, 4529.145914, 4529.145914, -0.000000, -0.000332, -0.000332, -0.000332, 4134.066888, 4134.066888, 0.000332, -0.000000, -0.000332, 0.000000, -392.266000, 0.000332, 40.000000, 0.000332, 4529.145914, 4529.145914, 4529.145914, 4529.145914, -0.000332, 0.000000, 0.000332, 4529.145914, 0.000000, 4134.096526, 0.000332, 0.631846, -0.000332, 0.030194, 0.028766, 2.813026, 0.013273, 0.000000, 0.000332, 0.631846, 0.500000, 0.000332, 0.631846
3.09, 4109.950612, 400.000000, 15000.000000, 400.000000, -0.023168, 210.790645, -3922.660000, 4133.450645, -0.023168, -0.023168, -0.023168, 0.023500, 4133.450645, 4109.950612, 23.500033, 0.023500, 0.023500, 0.023500, 210.790645, 210.790645, -0.023168, 23.500033, 0.023500, 1000.000000, -3922.660000, -0.023168, 400.000000, -0.023168, 4133.450645, 4133.450645, 4133.450645, 4133.450645, 0.023500, 0.000332, -0.023168, 4133.450645, 0.000925, 1.119320, 0.023500, 0.273997, 0.261511, 210.790645, -9.267281, 0.000000, -0.023168, 1.119320, 1.000000, -0.023168, 1.119320, 0.100000, 0.000000, 10.000000, 4529.145914, 0.000000, 0.000000, 4529.145914, 0.100000, 0.100000, 0.100000, 0.100000, 0.100000, 1.000000, 4528.172744, 0.000000, 0.100000, -6.283185, 0.000000, 4528.172744, 40.000000, 400.000000, 150000.000000, 40.000000, 0.000925, 1.810218, 4134.096526, -392.266000, 4528.172744, 0.000925, 0.000925, 0.000925, 0.000925, -0.000925, 4528.172744, 4528.172744, -0.000000, -0.000925, -0.000925, -0.000925, 4134.096526, 4134.096526, 0.000925, -0.000000, -0.000925, 0.000000, -392.266000, 0.000925, 40.000000, 0.000925, 4528.172744, 4528.172744, 4528.172744, 4528.172744, -0.000925, 0.000000, 0.000925, 4528.172744, 0.000000, 4133.450645, 0.000925, 0.631852, -0.000925, 0.030188, 0.028766, 1.810218, 0.036992, 0.000000, 0.000925, 0.631852, 0.500000, 0.000925, 0.631852
3.1, 4113.167935, 400.000000, 15000.000000, 400.000000, -0.017908, 209.340608, -3922.660000, 4132.000608, -0.017908, -0.017908, -0.017908, 0.018833, 4132.000608, 4113.167935, 18.832673, 0.018833, 0.018833, 0.018833, 209.340608, 209.340608, -0.017908, 18.832673, 0.018833, 1000.000000, -3922.660000, -0.017908, 400.000000, -0.017908, 4132.000608, 4132.000608, 4132.000608, 4132.000608, 0.018833, 0.000925, -0.017908, 4132.000608, 0.001331, 1.119115, 0.018833, 0.274211, 0.261511, 209.340608, -7.163149, 0.000000, -0.017908, 1.119115, 1.000000, -0.017908, 1.119115, 0.100000, 0.000000, 10.000000, 4528.172744, 0.000000, 0.000000, 4528.172744, 0.100000, 0.100000, 0.100000, 0.100000, 0.100000, 1.000000, 4526.428117, 0.000000, 0.100000, -6.283185, 0.000000, 4526.428117, 40.000000, 400.000000, 150000.000000, 40.000000, 0.001331, 0.711472, 4133.450645, -392.266000, 4526.428117, 0.001331, 0.001331, 0.001331, 0.001331, -0.001331, 4526.428117, 4526.428117, -0.000000, -0.001331, -0.001331, -0.001331, 4133.450645, 4133.450645, 0.001331, -0.000000, -0.001331, 0.000000, -392.266000, 0.001331, 40.000000, 0.001331, 4526.428117, 4526.428117, 4526.428117, 4526.428117, -0.001331, 0.000000, 0.001331, 4526.428117, 0.000000, 4132.000608, 0.001331, 0.631864, -0.001331, 0.030176, 0.028766, 0.711472, 0.053236, 0.000000, 0.001331, 0.631864, 0.500000, 0.001331, 0.631864
3.11, 4115.661076, 400.000000, 15000.000000, 400.000000, -0.012697, 207.028858, -3922.660000, 4129.688858, -0.012697, -0.012697, -0.012697, 0.014028, 4129.688858, 4115.661076, 14.027782, 0.014028, 0.014028, 0.014028, 207.028858, 207.028858, -0.012697, 14.027782, 0.014028, 1000.000000, -3922.660000, -0.012697, 400.000000, -0.012697, 4129.688858, 4129.688858, 4129.688858, 4129.688858, 0.014028, 0.001331, -0.012697, 4129.688858, 0.001591, 1.118962, 0.014028, 0.274377, 0.261511, 207.028858, -5.078749, 0.000000, -0.012697, 1.118962, 1.000000, -0.012697, 1.118962, 0.100000, 0.000000, 10.000000, 4526.428117, 0.000000, 0.000000, 4526.428117, 0.100000, 0.100000, 0.100000, 0.100000, 0.100000, 1.000000, 4524.169938, 0.000000, 0.100000, -6.283185, 0.000000, 4524.169938, 40.000000, 400.000000, 150000.000000, 40.000000, 0.001591, -0.096670, 4132.000608, -392.266000, 4524.169938, 0.001591, 0.001591, 0.001591, 0.001591, -0.001591, 4524.169938, 4524.169938, -0.000000, -0.001591, -0.001591, -0.001591, 4132.000608, 4132.000608, 0.001591, -0.000000, -0.001591, 0.000000, -392.266000, 0.001591, 40.000000, 0.001591, 4524.169938, 4524.169938, 4524.169938, 4524.169938, -0.001591, 0.000000, 0.001591, 4524.169938, 0.000000, 4129.688858, 0.001591, 0.631879, -0.001591, 0.030161, 0.028766, -0.096670, 0.063654, 0.000000, 0.001591, 0.631879, 0.500000, 0.001591, 0.631879
3.12, 4117.417017, 400.000000, 15000.000000, 400.000000, -0.007556, 203.904010, -3922.660000, 4126.564010, -0.007556, -0.007556, -0.007556, 0.009147, 4126.564010, 4117.417017, 9.146993, 0.009147, 0.009147, 0.009147, 203.904010, 203.904010, -0.007556, 9.146993, 0.009147, 1000.000000, -3922.660000, -0.007556, 400.000000, -0.007556, 4126.564010, 4126.564010, 4126.564010, 4126.564010, 0.009147, 0.001591, -0.007556, 4126.564010, 0.001814, 1.118861, 0.009147, 0.274494, 0.261511, 203.904010, -3.022256, 0.000000, -0.007556, 1.118861, 1.000000, -0.007556, 1.118861, 0.100000, 0.000000, 10.000000, 4524.169938, 0.000000, 0.000000, 4524.169938, 0.100000, 0.100000, 0.100000, 0.100000, 0.100000, 1.000000, 4521.540378, 0.000000, 0.100000, -6.283185, 0.000000, 4521.540378, 40.000000, 400.000000, 150000.000000, 40.000000, 0.001814, -0.414480, 4129.688858, -392.266000, 4521.540378, 0.001814, 0.001814, 0.001814, 0.001814, -0.001814, 4521.540378, 4521.540378, -0.000000, -0.001814, -0.001814, -0.001814, 4129.688858, 4129.688858, 0.001814, -0.000000, -0.001814, 0.000000, -392.266000, 0.001814, 40.000000, 0.001814, 4521.540378, 4521.540378, 4521.540378, 4521.540378, -0.001814, 0.000000, 0.001814, 4521.540378, 0.000000, 4126.564010, 0.001814, 0.631897, -0.001814, 0.030144, 0.028766, -0.414480, 0.072564, 0.000000, 0.001814, 0.631897, 0.500000, 0.001814, 0.631897
3.13, 4118.441614, 400.000000, 15000.000000, 400.000000, -0.002502, 200.097286, -3922.660000, 4122.757286, -0.002502, -0.002502, -0.002502, 0.004316, 4122.757286, 4118.441614, 4.315672, 0.004316, 0.004316, 0.004316, 200.097286, 200.097286, -0.002502, 4.315672, 0.004316, 1000.000000, -3922.660000, -0.002502, 400.000000, -0.002502, 4122.757286, 4122.757286, 4122.757286, 4122.757286, 0.004316, 0.001814, -0.002502, 4122.757286, 0.002110, 1.118810, 0.004316, 0.274563, 0.261511, 200.097286, -1.000627, 0.000000, -0.002502, 1.118810, 1.000000, -0.002502, 1.118810, 0.100000, 0.000000, 10.000000, 4521.540378, 0.000000, 0.000000, 4521.540378, 0.100000, 0.100000, 0.100000, 0.100000, 0.100000, 1.000000, 4518.511956, 0.000000, 0.100000, -6.283185, 0.000000, 4518.511956, 40.000000, 400.000000, 150000.000000, 40.000000, 0.002110, -0.318054, 4126.564010, -392.266000, 4518.511956, 0.002110, 0.002110, 0.002110, 0.002110, -0.002110, 4518.511956, 4518.511956, -0.000000, -0.002110, -0.002110, -0.002110, 4126.564010, 4126.564010, 0.002110, -0.000000, -0.002110, 0.000000, -392.266000, 0.002110, 40.000000, 0.002110, 4518.511956, 4518.511956, 4518.511956, 4518.511956, -0.002110, 0.000000, 0.002110, 4518.511956, 0.000000, 4122.757286, 0.002110, 0.631917, -0.002110, 0.030123, 0.028766, -0.318054, 0.084393, 0.000000, 0.002110, 0.631917, 0.500000, 0.002110, 0.631917
3.14, 4118.759665, 400.000000, 15000.000000, 400.000000, 0.002451, 195.758002, -3922.660000, 4118.418002, 0.002451, 0.002451, 0.002451, -0.000342, 4118.418002, 4118.759665, -0.341663, -0.000342, -0.000342, -0.000342, 195.758002, 195.758002, 0.002451, -0.341663, -0.000342, 1000.000000, -3922.660000, 0.002451, 400.000000, 0.002451, 4118.418002, 4118.418002, 4118.418002, 4118.418002, -0.000342, 0.002110, 0.002451, 4118.418002, 0.002532, 1.118810, -0.000342, 0.274584, 0.261511, 195.758002, 0.980598, 0.000000, 0.002451, 1.118810, 1.000000, 0.002451, 1.118810, 0.100000, 0.000000, 10.000000, 4518.511956, 0.000000, 0.000000, 4518.511956, 0.100000, 0.100000, 0.100000, 0.100000, 0.100000, 1.000000, 4514.929724, 0.000000, 0.100000, -6.283185, 0.000000, 4514.929724, 40.000000, 400.000000, 150000.000000, 40.000000, 0.002532, -0.093562, 4122.757286, -392.266000, 4514.929724, 0.002532, 0.002532, 0.002532, 0.002532, -0.002532, 4514.929724, 4514.929724, -0.000000, -0.002532, -0.002532, -0.002532, 4122.757286, 4122.757286, 0.002532, -0.000000, -0.002532, 0.000000, -392.266000, 0.002532, 40.000000, 0.002532, 4514.929724, 4514.929724, 4514.929724, 4514.929724, -0.002532, 0.000000, 0.002532, 4514.929724, 0.000000, 4118.418002, 0.002532, 0.631941, -0.002532, 0.030100, 0.028766, -0.093562, 0.101286, 0.000000, 0.002532, 0.631941, 0.500000, 0.002532, 0.631941
3.15, 4118.406049, 400.000000, 15000.000000, 400.000000, 0.007292, 190.986057, -3922.660000, 4113.646057, 0.007292, 0.007292, 0.007292, -0.004760, 4113.646057, 4118.406049, -4.759992, -0.004760, -0.004760, -0.004760, 190.986057, 190.986057, 0.007292, -4.759992, -0.004760, 1000.000000, -3922.660000, 0.007292, 400.000000, 0.007292, 4113.646057, 4113.646057, 4113.646057, 4113.646057, -0.004760, 0.002532, 0.007292, 4113.646057, 0.003054, 1.118859, -0.004760, 0.274560, 0.261511, 190.986057, 2.916852, 0.000000, 0.007292, 1.118859, 1.000000, 0.007292, 1.118859, 0.100000, 0.000000, 10.000000, 4514.929724, 0.000000, 0.000000, 4514.929724, 0.100000, 0.100000, 0.100000, 0.100000, 0.100000, 1.000000, 4510.618446, 0.000000, 0.100000, -6.283185, 0.000000, 4510.618446, 40.000000, 400.000000, 150000.000000, 40.000000, 0.003054, -0.065557, 4118.418002, -392.266000, 4510.618446, 0.003054, 0.003054, 0.003054, 0.003054, -0.003054, 4510.618446, 4510.618446, -0.000000, -0.003054, -0.003054, -0.003054, 4118.418002, 4118.418002, 0.003054, -0.000000, -0.003054, 0.000000, -392.266000, 0.003054, 40.000000, 0.003054, 4510.618446, 4510.618446, 4510.618446, 4510.618446, -0.003054, 0.000000, 0.003054, 4510.618446, 0.000000, 4113.646057, 0.003054, 0.631969, -0.003054, 0.030071, 0.028766, -0.065557, 0.122142, 0.000000, 0.003054, 0.631969, 0.500000, 0.003054, 0.631969
3.16, 4117.413395, 400.000000, 15000.000000, 400.000000, 0.012009, 185.797550, -3922.660000, 4108.457550, 0.012009, 0.012009, 0.012009, -0.008956, 4108.457550, 4117.413395, -8.955845, -0.008956, -0.008956, -0.008956, 185.797550, 185.797550, 0.012009, -8.955845, -0.008956, 1000.000000, -3922.660000, 0.012009, 400.000000, 0.012009, 4108.457550, 4108.457550, 4108.457550, 4108.457550, -0.008956, 0.003054, 0.012009, 4108.457550, 0.003587, 1.118956, -0.008956, 0.274494, 0.261511, 185.797550, 4.803755, 0.000000, 0.012009, 1.118956, 1.000000, 0.012009, 1.118956, 0.100000, 0.000000, 10.000000, 4510.618446, 0.000000, 0.000000, 4510.618446, 0.100000, 0.100000, 0.100000, 0.100000, 0.100000, 1.000000, 4505.491862, 0.000000, 0.100000, -6.283185, 0.000000, 4505.491862, 40.000000, 400.000000, 150000.000000, 40.000000, 0.003587, -0.420195, 4113.646057, -392.266000, 4505.491862, 0.003587, 0.003587, 0.003587, 0.003587, -0.003587, 4505.491862, 4505.491862, -0.000000, -0.003587, -0.003587, -0.003587, 4113.646057, 4113.646057, 0.003587, -0.000000, -0.003587, 0.000000, -392.266000, 0.003587, 40.000000, 0.003587, 4505.491862, 4505.491862, 4505.491862, 4505.491862, -0.003587, 0.000000, 0.003587, 4505.491862, 0.000000, 4108.457550, 0.003587, 0.632004, -0.003587, 0.030037, 0.028766, -0.420195, 0.143473, 0.000000, 0.003587, 0.632004, 0.500000, 0.003587, 0.632004
3.17, 4115.803129, 400.000000, 15000.000000, 400.000000, 0.016591, 180.138826, -3922.660000, 4102.798826, 0.016591, 0.016591, 0.016591, -0.013004, 4102.798826, 4115.803129, -13.004303, -0.013004, -0.013004, -0.013004, 180.138826, 180.138826, 0.016591, -13.004303, -0.013004, 1000.000000, -3922.660000, 0.016591, 400.000000, 0.016591, 4102.798826, 4102.798826, 4102.798826, 4102.798826, -0.013004, 0.003587, 0.016591, 4102.798826, 0.004036, 1.119099, -0.013004, 0.274387, 0.261511, 180.138826, 6.636453, 0.000000, 0.016591, 1.119099, 1.000000, 0.016591, 1.119099, 0.100000, 0.000000, 10.000000, 4505.491862, 0.000000, 0.000000, 4505.491862, 0.100000, 0.100000, 0.100000, 0.100000, 0.100000, 1.000000, 4499.605606, 0.000000, 0.100000, -6.283185, 0.000000, 4499.605606, 40.000000, 400.000000, 150000.000000, 40.000000, 0.004036, -1.117943, 4108.457550, -392.266000, 4499.605606, 0.004036, 0.004036, 0.004036, 0.004036, -0.004036, 4499.605606, 4499.605606, -0.000000, -0.004036, -0.004036, -0.004036, 4108.457550, 4108.457550, 0.004036, -0.000000, -0.004036, 0.000000, -392.266000, 0.004036, 40.000000, 0.004036, 4499.605606, 4499.605606, 4499.605606, 4499.605606, -0.004036, 0.000000, 0.004036, 4499.605606, 0.000000, 4102.798826, 0.004036, 0.632043, -0.004036, 0.029997, 0.028766, -1.117943, 0.161453, 0.000000, 0.004036, 0.632043, 0.500000, 0.004036, 0.632043
3.18, 4113.584289, 400.000000, 15000.000000, 400.000000, 0.021024, 173.937071, -3922.660000, 4096.597071, 0.021024, 0.021024, 0.021024, -0.016987, 4096.597071, 4113.584289, -16.987218, -0.016987, -0.016987, -0.016987, 173.937071, 173.937071, 0.021024, -16.987218, -0.016987, 1000.000000, -3922.660000, 0.021024, 400.000000, 0.021024, 4096.597071, 4096.597071, 4096.597071, 4096.597071, -0.016987, 0.004036, 0.021024, 4096.597071, 0.004349, 1.119287, -0.016987, 0.274239, 0.261511, 173.937071, 8.409416, 0.000000, 0.021024, 1.119287, 1.000000, 0.021024, 1.119287, 0.100000, 0.000000, 10.000000, 4499.605606, 0.000000, 0.000000, 4499.605606, 0.100000, 0.100000, 0.100000, 0.100000, 0.100000, 1.000000, 4493.130573, 0.000000, 0.100000, -6.283185, 0.000000, 4493.130573, 40.000000, 400.000000, 150000.000000, 40.000000, 0.004349, -1.934253, 4102.798826, -392.266000, 4493.130573, 0.004349, 0.004349, 0.004349, 0.004349, -0.004349, 4493.130573, 4493.130573, -0.000000, -0.004349, -0.004349, -0.004349, 4102.798826, 4102.798826, 0.004349, -0.000000, -0.004349, 0.000000, -392.266000, 0.004349, 40.000000, 0.004349, 4493.130573, 4493.130573, 4493.130573, 4493.130573, -0.004349, 0.000000, 0.004349, 4493.130573, 0.000000, 4096.597071, 0.004349, 0.632086, -0.004349, 0.029954, 0.028766, -1.934253, 0.173966, 0.000000, 0.004349, 0.632086, 0.500000, 0.004349, 0.632086
3.19, 4110.760008, 400.000000, 15000.000000, 400.000000, 0.025292, 167.157192, -3922.660000, 4089.817192, 0.025292, 0.025292, 0.025292, -0.020943, 4089.817192, 4110.760008, -20.942816, -0.020943, -0.020943, -0.020943, 167.157192, 167.157192, 0.025292, -20.942816, -0.020943, 1000.000000, -3922.660000, 0.025292, 400.000000, 0.025292, 4089.817192, 4089.817192, 4089.817192, 4089.817192, -0.020943, 0.004349, 0.025292, 4089.817192, 0.004539, 1.119519, -0.020943, 0.274051, 0.261511, 167.157192, 10.116782, 0.000000, 0.025292, 1.119519, 1.000000, 0.025292, 1.119519, 0.100000, 0.000000, 10.000000, 4493.130573, 0.000000, 0.000000, 4493.130573, 0.100000, 0.100000, 0.100000, 0.100000, 0.100000, 1.000000, 4486.267941, 0.000000, 0.100000, -6.283185, 0.000000, 4486.267941, 40.000000, 400.000000, 150000.000000, 40.000000, 0.004539, -2.595129, 4096.597071, -392.266000, 4486.267941, 0.004539, 0.004539, 0.004539, 0.004539, -0.004539, 4486.267941, 4486.267941, -0.000000, -0.004539, -0.004539, -0.004539, 4096.597071, 4096.597071, 0.004539, -0.000000, -0.004539, 0.000000, -392.266000, 0.004539, 40.000000, 0.004539, 4486.267941, 4486.267941, 4486.267941, 4486.267941, -0.004539, 0.000000, 0.004539, 4486.267941, 0.000000, 4089.817192, 0.004539, 0.632132, -0.004539, 0.029908, 0.028766, -2.595129, 0.181565, 0.000000, 0.004539, 0.632132, 0.500000, 0.004539, 0.632132
3.2, 4107.337475, 400.000000, 15000.000000, 400.000000, 0.029383, 159.834084, -3922.660000, 4082.494084, 0.029383, 0.029383, 0.029383, -0.024843, 4082.494084, 4107.337475, -24.843392, -0.024843, -0.024843, -0.024843, 159.834084, 159.834084, 0.029383, -24.843392, -0.024843, 1000.000000, -3922.660000, 0.029383, 400.000000, 0.029383, 4082.494084, 4082.494084, 4082.494084, 4082.494084, -0.024843, 0.004539, 0.029383, 4082.494084, 0.004673, 1.119792, -0.024843, 0.273822, 0.261511, 159.834084, 11.753009, 0.000000, 0.029383, 1.119792, 1.000000, 0.029383, 1.119792, 0.100000, 0.000000, 10.000000, 4486.267941, 0.000000, 0.000000, 4486.267941, 0.100000, 0.100000, 0.100000, 0.100000, 0.100000, 1.000000, 4479.156229, 0.000000, 0.100000, -6.283185, 0.000000, 4479.156229, 40.000000, 400.000000, 150000.000000, 40.000000, 0.004673, -2.926963, 4089.817192, -392.266000, 4479.156229, 0.004673, 0.004673, 0.004673, 0.004673, -0.004673, 4479.156229, 4479.156229, -0.000000, -0.004673, -0.004673, -0.004673, 4089.817192, 4089.817192, 0.004673, -0.000000, -0.004673, 0.000000, -392.266000, 0.004673, 40.000000, 0.004673, 4479.156229, 4479.156229, 4479.156229, 4479.156229, -0.004673, 0.000000, 0.004673, 4479.156229, 0.000000, 4082.494084, 0.004673, 0.632179, -0.004673, 0.029861, 0.028766, -2.926963, 0.186928, 0.000000, 0.004673, 0.632179, 0.500000, 0.004673, 0.632179
3.21, 4103.335690, 400.000000, 15000.000000, 400.000000, 0.033284, 152.065212, -3922.660000, 4074.725212, 0.033284, 0.033284, 0.033284, -0.028610, 4074.725212, 4103.335690, -28.610479, -0.028610, -0.028610, -0.028610, 152.065212, 152.065212, 0.033284, -28.610479, -0.028610, 1000.000000, -3922.660000, 0.033284, 400.000000, 0.033284, 4074.725212, 4074.725212, 4074.725212, 4074.725212, -0.028610, 0.004673, 0.033284, 4074.725212, 0.004831, 1.120106, -0.028610, 0.273556, 0.261511, 152.065212, 13.313475, 0.000000, 0.033284, 1.120106, 1.000000, 0.033284, 1.120106, 0.100000, 0.000000, 10.000000, 4479.156229, 0.000000, 0.000000, 4479.156229, 0.100000, 0.100000, 0.100000, 0.100000, 0.100000, 1.000000, 4471.820509, 0.000000, 0.100000, -6.283185, 0.000000, 4471.820509, 40.000000, 400.000000, 150000.000000, 40.000000, 0.004831, -2.939574, 4082.494084, -392.266000, 4471.820509, 0.004831, 0.004831, 0.004831, 0.004831, -0.004831, 4471.820509, 4471.820509, -0.000000, -0.004831, -0.004831, -0.004831, 4082.494084, 4082.494084, 0.004831, -0.000000, -0.004831, 0.000000, -392.266000, 0.004831, 40.000000, 0.004831, 4471.820509, 4471.820509, 4471.820509, 4471.820509, -0.004831, 0.000000, 0.004831, 4471.820509, 0.000000, 4074.725212, 0.004831, 0.632228, -0.004831, 0.029812, 0.028766, -2.939574, 0.193227, 0.000000, 0.004831, 0.632228, 0.500000, 0.004831, 0.632228
3.22, 4098.787040, 400.000000, 15000.000000, 400.000000, 0.036987, 143.970953, -3922.660000, 4066.630953, 0.036987, 0.036987, 0.036987, -0.032156, 4066.630953, 4098.787040, -32.156087, -0.032156, -0.032156, -0.032156, 143.970953, 143.970953, 0.036987, -32.156087, -0.032156, 1000.000000, -3922.660000, 0.036987, 400.000000, 0.036987, 4066.630953, 4066.630953, 4066.630953, 4066.630953, -0.032156, 0.004831, 0.036987, 4066.630953, 0.005060, 1.120457, -0.032156, 0.273252, 0.261511, 143.970953, 14.794707, 0.000000, 0.036987, 1.120457, 1.000000, 0.036987, 1.120457, 0.100000, 0.000000, 10.000000, 4471.820509, 0.000000, 0.000000, 4471.820509, 0.100000, 0.100000, 0.100000, 0.100000, 0.100000, 1.000000, 4464.186979, 0.000000, 0.100000, -6.283185, 0.000000, 4464.186979, 40.000000, 400.000000, 150000.000000, 40.000000, 0.005060, -2.804233, 4074.725212, -392.266000, 4464.186979, 0.005060, 0.005060, 0.005060, 0.005060, -0.005060, 4464.186979, 4464.186979, -0.000000, -0.005060, -0.005060, -0.005060, 4074.725212, 4074.725212, 0.005060, -0.000000, -0.005060, 0.000000, -392.266000, 0.005060, 40.000000, 0.005060, 4464.186979, 4464.186979, 4464.186979, 4464.186979, -0.005060, 0.000000, 0.005060, 4464.186979, 0.000000, 4066.630953, 0.005060, 0.632279, -0.005060, 0.029761, 0.028766, -2.804233, 0.202386, 0.000000, 0.005060, 0.632279, 0.500000, 0.005060, 0.632279
3.23, 4093.732339, 400.000000, 15000.000000, 400.000000, 0.040485, 135.646605, -3922.660000, 4058.306605, 0.040485, 0.040485, 0.040485, -0.035426, 4058.306605, 4093.732339, -35.425734, -0.035426, -0.035426, -0.035426, 135.646605, 135.646605, 0.040485, -35.425734, -0.035426, 1000.000000, -3922.660000, 0.040485, 400.000000, 0.040485, 4058.306605, 4058.306605, 4058.306605, 4058.306605, -0.035426, 0.005060, 0.040485, 4058.306605, 0.005354, 1.120845, -0.035426, 0.272915, 0.261511, 135.646605, 16.194158, 0.000000, 0.040485, 1.120845, 1.000000, 0.040485, 1.120845, 0.100000, 0.000000, 10.000000, 4464.186979, 0.000000, 0.000000, 4464.186979, 0.100000, 0.100000, 0.100000, 0.100000, 0.100000, 1.000000, 4456.149233, 0.000000, 0.100000, -6.283185, 0.000000, 4456.149233, 40.000000, 400.000000, 150000.000000, 40.000000, 0.005354, -2.747721, 4066.630953, -392.266000, 4456.149233, 0.005354, 0.005354, 0.005354, 0.005354, -0.005354, 4456.149233, 4456.149233, -0.000000, -0.005354, -0.005354, -0.005354, 4066.630953, 4066.630953, 0.005354, -0.000000, -0.005354, 0.000000, -392.266000, 0.005354, 40.000000, 0.005354, 4456.149233, 4456.149233, 4456.149233, 4456.149233, -0.005354, 0.000000, 0.005354, 4456.149233, 0.000000, 4058.306605, 0.005354, 0.632332, -0.005354, 0.029708, 0.028766, -2.747721, 0.214162, 0.000000, 0.005354, 0.632332, 0.500000, 0.005354, 0.632332
3.24, 4088.212493, 400.000000, 15000.000000, 400.000000, 0.043774, 127.132284, -3922.660000, 4049.792284, 0.043774, 0.043774, 0.043774, -0.038420, 4049.792284, 4088.212493, -38.420209, -0.038420, -0.038420, -0.038420, 127.132284, 127.132284, 0.043774, -38.420209, -0.038420, 1000.000000, -3922.660000, 0.043774, 400.000000, 0.043774, 4049.792284, 4049.792284, 4049.792284, 4049.792284, -0.038420, 0.005354, 0.043774, 4049.792284, 0.005661, 1.121266, -0.038420, 0.272547, 0.261511, 127.132284, 17.509700, 0.000000, 0.043774, 1.121266, 1.000000, 0.043774, 1.121266, 0.100000, 0.000000, 10.000000, 4456.149233, 0.000000, 0.000000, 4456.149233, 0.100000, 0.100000, 0.100000, 0.100000, 0.100000, 1.000000, 4447.646273, 0.000000, 0.100000, -6.283185, 0.000000, 4447.646273, 40.000000, 400.000000, 150000.000000, 40.000000, 0.005661, -2.926333, 4058.306605, -392.266000, 4447.646273, 0.005661, 0.005661, 0.005661, 0.005661, -0.005661, 4447.646273, 4447.646273, -0.000000, -0.005661, -0.005661, -0.005661, 4058.306605, 4058.306605, 0.005661, -0.000000, -0.005661, 0.000000, -392.266000, 0.005661, 40.000000, 0.005661, 4447.646273, 4447.646273, 4447.646273, 4447.646273, -0.005661, 0.000000, 0.005661, 4447.646273, 0.000000, 4049.792284, 0.005661, 0.632389, -0.005661, 0.029651, 0.028766, -2.926333, 0.226456, 0.000000, 0.005661, 0.632389, 0.500000, 0.005661, 0.632389
3.25, 4082.261471, 400.000000, 15000.000000, 400.000000, 0.046848, 118.415081, -3922.660000, 4041.075081, 0.046848, 0.046848, 0.046848, -0.041186, 4041.075081, 4082.261471, -41.186389, -0.041186, -0.041186, -0.041186, 118.415081, 118.415081, 0.046848, -41.186389, -0.041186, 1000.000000, -3922.660000, 0.046848, 400.000000, 0.046848, 4041.075081, 4041.075081, 4041.075081, 4041.075081, -0.041186, 0.005661, 0.046848, 4041.075081, 0.005915, 1.121720, -0.041186, 0.272151, 0.261511, 118.415081, 18.739115, 0.000000, 0.046848, 1.121720, 1.000000, 0.046848, 1.121720, 0.100000, 0.000000, 10.000000, 4447.646273, 0.000000, 0.000000, 4447.646273, 0.100000, 0.100000, 0.100000, 0.100000, 0.100000, 1.000000, 4438.709605, 0.000000, 0.100000, -6.283185, 0.000000, 4438.709605, 40.000000, 400.000000, 150000.000000, 40.000000, 0.005915, -3.348679, 4049.792284, -392.266000, 4438.709605, 0.005915, 0.005915, 0.005915, 0.005915, -0.005915, 4438.709605, 4438.709605, -0.000000, -0.005915, -0.005915, -0.005915, 4049.792284, 4049.792284, 0.005915, -0.000000, -0.005915, 0.000000, -392.266000, 0.005915, 40.000000, 0.005915, 4438.709605, 4438.709605, 4438.709605, 4438.709605, -0.005915, 0.000000, 0.005915, 4438.709605, 0.000000, 4041.075081, 0.005915, 0.632449, -0.005915, 0.029591, 0.028766, -3.348679, 0.236597, 0.000000, 0.005915, 0.632449, 0.500000, 0.005915, 0.632449
3.26, 4075.904145, 400.000000, 15000.000000, 400.000000, 0.049700, 109.459382, -3922.660000, 4032.119382, 0.049700, 0.049700, 0.049700, -0.043785, 4032.119382, 4075.904145, -43.784763, -0.043785, -0.043785, -0.043785, 109.459382, 109.459382, 0.049700, -43.784763, -0.043785, 1000.000000, -3922.660000, 0.049700, 400.000000, 0.049700, 4032.119382, 4032.119382, 4032.119382, 4032.119382, -0.043785, 0.005915, 0.049700, 4032.119382, 0.006070, 1.122203, -0.043785, 0.271727, 0.261511, 109.459382, 19.879875, 0.000000, 0.049700, 1.122203, 1.000000, 0.049700, 1.122203, 0.100000, 0.000000, 10.000000, 4438.709605, 0.000000, 0.000000, 4438.709605, 0.100000, 0.100000, 0.100000, 0.100000, 0.100000, 1.000000, 4429.457045, 0.000000, 0.100000, -6.283185, 0.000000, 4429.457045, 40.000000, 400.000000, 150000.000000, 40.000000, 0.006070, -3.884036, 4041.075081, -392.266000, 4429.457045, 0.006070, 0.006070, 0.006070, 0.006070, -0.006070, 4429.457045, 4429.457045, -0.000000, -0.006070, -0.006070, -0.006070, 4041.075081, 4041.075081, 0.006070, -0.000000, -0.006070, 0.000000, -392.266000, 0.006070, 40.000000, 0.006070, 4429.457045, 4429.457045, 4429.457045, 4429.457045, -0.006070, 0.000000, 0.006070, 4429.457045, 0.000000, 4032.119382, 0.006070, 0.632510, -0.006070, 0.029530, 0.028766, -3.884036, 0.242808, 0.000000, 0.006070, 0.632510, 0.500000, 0.006070, 0.632510
3.27, 4069.159644, 400.000000, 15000.000000, 400.000000, 0.052323, 100.246616, -3922.660000, 4022.906616, 0.052323, 0.052323, 0.052323, -0.046253, 4022.906616, 4069.159644, -46.253028, -0.046253, -0.046253, -0.046253, 100.246616, 100.246616, 0.052323, -46.253028, -0.046253, 1000.000000, -3922.660000, 0.052323, 400.000000, 0.052323, 4022.906616, 4022.906616, 4022.906616, 4022.906616, -0.046253, 0.006070, 0.052323, 4022.906616, 0.006127, 1.122713, -0.046253, 0.271277, 0.261511, 100.246616, 20.929287, 0.000000, 0.052323, 1.122713, 1.000000, 0.052323, 1.122713, 0.100000, 0.000000, 10.000000, 4429.457045, 0.000000, 0.000000, 4429.457045, 0.100000, 0.100000, 0.100000, 0.100000, 0.100000, 1.000000, 4420.041218, 0.000000, 0.100000, -6.283185, 0.000000, 4420.041218, 40.000000, 400.000000, 150000.000000, 40.000000, 0.006127, -4.344164, 4032.119382, -392.266000, 4420.041218, 0.006127, 0.006127, 0.006127, 0.006127, -0.006127, 4420.041218, 4420.041218, -0.000000, -0.006127, -0.006127, -0.006127, 4032.119382, 4032.119382, 0.006127, -0.000000, -0.006127, 0.000000, -392.266000, 0.006127, 40.000000, 0.006127, 4420.041218, 4420.041218, 4420.041218, 4420.041218, -0.006127, 0.000000, 0.006127, 4420.041218, 0.000000, 4022.906616, 0.006127, 0.632573, -0.006127, 0.029467, 0.028766, -4.344164, 0.245071, 0.000000, 0.006127, 0.632573, 0.500000, 0.006127, 0.632573
3.28, 4062.047889, 400.000000, 15000.000000, 400.000000, 0.054712, 90.802389, -3922.660000, 4013.462389, 0.054712, 0.054712, 0.054712, -0.048586, 4013.462389, 4062.047889, -48.585500, -0.048586, -0.048586, -0.048586, 90.802389, 90.802389, 0.054712, -48.585500, -0.048586, 1000.000000, -3922.660000, 0.054712, 400.000000, 0.054712, 4013.462389, 4013.462389, 4013.462389, 4013.462389, -0.048586, 0.006127, 0.054712, 4013.462389, 0.006125, 1.123248, -0.048586, 0.270803, 0.261511, 90.802389, 21.884905, 0.000000, 0.054712, 1.123248, 1.000000, 0.054712, 1.123248, 0.100000, 0.000000, 10.000000, 4420.041218, 0.000000, 0.000000, 4420.041218, 0.100000, 0.100000, 0.100000, 0.100000, 0.100000, 1.000000, 4410.584141, 0.000000, 0.100000, -6.283185, 0.000000, 4410.584141, 40.000000, 400.000000, 150000.000000, 40.000000, 0.006125, -4.588475, 4022.906616, -392.266000, 4410.584141, 0.006125, 0.006125, 0.006125, 0.006125, -0.006125, 4410.584141, 4410.584141, -0.000000, -0.006125, -0.006125, -0.006125, 4022.906616, 4022.906616, 0.006125, -0.000000, -0.006125, 0.000000, -392.266000, 0.006125, 40.000000, 0.006125, 4410.584141, 4410.584141, 4410.584141, 4410.584141, -0.006125, 0.000000, 0.006125, 4410.584141, 0.000000, 4013.462389, 0.006125, 0.632636, -0.006125, 0.029404, 0.028766, -4.588475, 0.244981, 0.000000, 0.006125, 0.632636, 0.500000, 0.006125, 0.632636
3.29, 4054.595472, 400.000000, 15000.000000, 400.000000, 0.056862, 81.197594, -3922.660000, 4003.857594, 0.056862, 0.056862, 0.056862, -0.050738, 4003.857594, 4054.595472, -50.737879, -0.050738, -0.050738, -0.050738, 81.197594, 81.197594, 0.056862, -50.737879, -0.050738, 1000.000000, -3922.660000, 0.056862, 400.000000, 0.056862, 4003.857594, 4003.857594, 4003.857594, 4003.857594, -0.050738, 0.006125, 0.056862, 4003.857594, 0.006119, 1.123806, -0.050738, 0.270306, 0.261511, 81.197594, 22.744963, 0.000000, 0.056862, 1.123806, 1.000000, 0.056862, 1.123806, 0.100000, 0.000000, 10.000000, 4410.584141, 0.000000, 0.000000, 4410.584141, 0.100000, 0.100000, 0.100000, 0.100000, 0.100000, 1.000000, 4401.133903, 0.000000, 0.100000, -6.283185, 0.000000, 4401.133903, 40.000000, 400.000000, 150000.000000, 40.000000, 0.006119, -4.594486, 4013.462389, -392.266000, 4401.133903, 0.006119, 0.006119, 0.006119, 0.006119, -0.006119, 4401.133903, 4401.133903, -0.000000, -0.006119, -0.006119, -0.006119, 4013.462389, 4013.462389, 0.006119, -0.000000, -0.006119, 0.000000, -392.266000, 0.006119, 40.000000, 0.006119, 4401.133903, 4401.133903, 4401.133903, 4401.133903, -0.006119, 0.000000, 0.006119, 4401.133903, 0.000000, 4003.857594, 0.006119, 0.632699, -0.006119, 0.029341, 0.028766, -4.594486, 0.244756, 0.000000, 0.006119, 0.632699, 0.500000, 0.006119, 0.632699
3.3, 4046.837759, 400.000000, 15000.000000, 400.000000, 0.058771, 71.525188, -3922.660000, 3994.185188, 0.058771, 0.058771, 0.058771, -0.052653, 3994.185188, 4046.837759, -52.652571, -0.052653, -0.052653, -0.052653, 71.525188, 71.525188, 0.058771, -52.652571, -0.052653, 1000.000000, -3922.660000, 0.058771, 400.000000, 0.058771, 3994.185188, 3994.185188, 3994.185188, 3994.185188, -0.052653, 0.006119, 0.058771, 3994.185188, 0.006150, 1.124385, -0.052653, 0.269789, 0.261511, 71.525188, 23.508587, 0.000000, 0.058771, 1.124385, 1.000000, 0.058771, 1.124385, 0.100000, 0.000000, 10.000000, 4401.133903, 0.000000, 0.000000, 4401.133903, 0.100000, 0.100000, 0.100000, 0.100000, 0.100000, 1.000000, 4391.664452, 0.000000, 0.100000, -6.283185, 0.000000, 4391.664452, 40.000000, 400.000000, 150000.000000, 40.000000, 0.006150, -4.459142, 4003.857594, -392.266000, 4391.664452, 0.006150, 0.006150, 0.006150, 0.006150, -0.006150, 4391.664452, 4391.664452, -0.000000, -0.006150, -0.006150, -0.006150, 4003.857594, 4003.857594, 0.006150, -0.000000, -0.006150, 0.000000, -392.266000, 0.006150, 40.000000, 0.006150, 4391.664452, 4391.664452, 4391.664452, 4391.664452, -0.006150, 0.000000, 0.006150, 4391.664452, 0.000000, 3994.185188, 0.006150, 0.632762, -0.006150, 0.029278, 0.028766, -4.459142, 0.246000, 0.000000, 0.006150, 0.632762, 0.500000, 0.006150, 0.632762
3.31, 4038.816351, 400.000000, 15000.000000, 400.000000, 0.060439, 61.867097, -3922.660000, 3984.527097, 0.060439, 0.060439, 0.060439, -0.054289, 3984.527097, 4038.816351, -54.289254, -0.054289, -0.054289, -0.054289, 61.867097, 61.867097, 0.060439, -54.289254, -0.054289, 1000.000000, -3922.660000, 0.060439, 400.000000, 0.060439, 3984.527097, 3984.527097, 3984.527097, 3984.527097, -0.054289, 0.006150, 0.060439, 3984.527097, 0.006223, 1.124981, -0.054289, 0.269254, 0.261511, 61.867097, 24.175705, 0.000000, 0.060439, 1.124981, 1.000000, 0.060439, 1.124981, 0.100000, 0.000000, 10.000000, 4391.664452, 0.000000, 0.000000, 4391.664452, 0.100000, 0.100000, 0.100000, 0.100000, 0.100000, 1.000000, 4382.114712, 0.000000, 0.100000, -6.283185, 0.000000, 4382.114712, 40.000000, 400.000000, 150000.000000, 40.000000, 0.006223, -4.336476, 3994.185188, -392.266000, 4382.114712, 0.006223, 0.006223, 0.006223, 0.006223, -0.006223, 4382.114712, 4382.114712, -0.000000, -0.006223, -0.006223, -0.006223, 3994.185188, 3994.185188, 0.006223, -0.000000, -0.006223, 0.000000, -392.266000, 0.006223, 40.000000, 0.006223, 4382.114712, 4382.114712, 4382.114712, 4382.114712, -0.006223, 0.000000, 0.006223, 4382.114712, 0.000000, 3984.527097, 0.006223, 0.632826, -0.006223, 0.029214, 0.028766, -4.336476, 0.248915, 0.000000, 0.006223, 0.632826, 0.500000, 0.006223, 0.632826
3.32, 4030.573624, 400.000000, 15000.000000, 400.000000, 0.061867, 52.269695, -3922.660000, 3974.929695, 0.061867, 0.061867, 0.061867, -0.055644, 3974.929695, 4030.573624, -55.643929, -0.055644, -0.055644, -0.055644, 52.269695, 52.269695, 0.061867, -55.643929, -0.055644, 1000.000000, -3922.660000, 0.061867, 400.000000, 0.061867, 3974.929695, 3974.929695, 3974.929695, 3974.929695, -0.055644, 0.006223, 0.061867, 3974.929695, 0.006308, 1.125593, -0.055644, 0.268705, 0.261511, 52.269695, 24.746717, 0.000000, 0.061867, 1.125593, 1.000000, 0.061867, 1.125593, 0.100000, 0.000000, 10.000000, 4382.114712, 0.000000, 0.000000, 4382.114712, 0.100000, 0.100000, 0.100000, 0.100000, 0.100000, 1.000000, 4372.442619, 0.000000, 0.100000, -6.283185, 0.000000, 4372.442619, 40.000000, 400.000000, 150000.000000, 40.000000, 0.006308, -4.350478, 3984.527097, -392.266000, 4372.442619, 0.006308, 0.006308, 0.006308, 0.006308, -0.006308, 4372.442619, 4372.442619, -0.000000, -0.006308, -0.006308, -0.006308, 3984.527097, 3984.527097, 0.006308, -0.000000, -0.006308, 0.000000, -392.266000, 0.006308, 40.000000, 0.006308, 4372.442619, 4372.442619, 4372.442619, 4372.442619, -0.006308, 0.000000, 0.006308, 4372.442619, 0.000000, 3974.929695, 0.006308, 0.632891, -0.006308, 0.029150, 0.028766, -4.350478, 0.252318, 0.000000, 0.006308, 0.632891, 0.500000, 0.006308, 0.632891
3.33, 4022.147445, 400.000000, 15000.000000, 400.000000, 0.063055, 42.740088, -3922.660000, 3965.400088, 0.063055, 0.063055, 0.063055, -0.056747, 3965.400088, 4022.147445, -56.747357, -0.056747, -0.056747, -0.056747, 42.740088, 42.740088, 0.063055, -56.747357, -0.056747, 1000.000000, -3922.660000, 0.063055, 400.000000, 0.063055, 3965.400088, 3965.400088, 3965.400088, 3965.400088, -0.056747, 0.006308, 0.063055, 3965.400088, 0.006360, 1.126218, -0.056747, 0.268143, 0.261511, 42.740088, 25.222125, 0.000000, 0.063055, 1.126218, 1.000000, 0.063055, 1.126218, 0.100000, 0.000000, 10.000000, 4372.442619, 0.000000, 0.000000, 4372.442619, 0.100000, 0.100000, 0.100000, 0.100000, 0.100000, 1.000000, 4362.663935, 0.000000, 0.100000, -6.283185, 0.000000, 4362.663935, 40.000000, 400.000000, 150000.000000, 40.000000, 0.006360, -4.531759, 3974.929695, -392.266000, 4362.663935, 0.006360, 0.006360, 0.006360, 0.006360, -0.006360, 4362.663935, 4362.663935, -0.000000, -0.006360, -0.006360, -0.006360, 3974.929695, 3974.929695, 0.006360, -0.000000, -0.006360, 0.000000, -392.266000, 0.006360, 40.000000, 0.006360, 4362.663935, 4362.663935, 4362.663935, 4362.663935, -0.006360, 0.000000, 0.006360, 4362.663935, 0.000000, 3965.400088, 0.006360, 0.632956, -0.006360, 0.029084, 0.028766, -4.531759, 0.254411, 0.000000, 0.006360, 0.632956, 0.500000, 0.006360, 0.632956
3.34, 4013.568795, 400.000000, 15000.000000, 400.000000, 0.064006, 33.263273, -3922.660000, 3955.923273, 0.064006, 0.064006, 0.064006, -0.057646, 3955.923273, 4013.568795, -57.645522, -0.057646, -0.057646, -0.057646, 33.263273, 33.263273, 0.064006, -57.645522, -0.057646, 1000.000000, -3922.660000, 0.064006, 400.000000, 0.064006, 3955.923273, 3955.923273, 3955.923273, 3955.923273, -0.057646, 0.006360, 0.064006, 3955.923273, 0.006345, 1.126853, -0.057646, 0.267571, 0.261511, 33.263273, 25.602314, 0.000000, 0.064006, 1.126853, 1.000000, 0.064006, 1.126853, 0.100000, 0.000000, 10.000000, 4362.663935, 0.000000, 0.000000, 4362.663935, 0.100000, 0.100000, 0.100000, 0.100000, 0.100000, 1.000000, 4352.856464, 0.000000, 0.100000, -6.283185, 0.000000, 4352.856464, 40.000000, 400.000000, 150000.000000, 40.000000, 0.006345, -4.809624, 3965.400088, -392.266000, 4352.856464, 0.006345, 0.006345, 0.006345, 0.006345, -0.006345, 4352.856464, 4352.856464, -0.000000, -0.006345, -0.006345, -0.006345, 3965.400088, 3965.400088, 0.006345, -0.000000, -0.006345, 0.000000, -392.266000, 0.006345, 40.000000, 0.006345, 4352.856464, 4352.856464, 4352.856464, 4352.856464, -0.006345, 0.000000, 0.006345, 4352.856464, 0.000000, 3955.923273, 0.006345, 0.633021, -0.006345, 0.029019, 0.028766, -4.809624, 0.253794, 0.000000, 0.006345, 0.633021, 0.500000, 0.006345, 0.633021
3.35, 4004.863259, 400.000000, 15000.000000, 400.000000, 0.064719, 23.829121, -3922.660000, 3946.489121, 0.064719, 0.064719, 0.064719, -0.058374, 3946.489121, 4004.863259, -58.374138, -0.058374, -0.058374, -0.058374, 23.829121, 23.829121, 0.064719, -58.374138, -0.058374, 1000.000000, -3922.660000, 0.064719, 400.000000, 0.064719, 3946.489121, 3946.489121, 3946.489121, 3946.489121, -0.058374, 0.006345, 0.064719, 3946.489121, 0.006255, 1.127497, -0.058374, 0.266991, 0.261511, 23.829121, 25.887595, 0.000000, 0.064719, 1.127497, 1.000000, 0.064719, 1.127497, 0.100000, 0.000000, 10.000000, 4352.856464, 0.000000, 0.000000, 4352.856464, 0.100000, 0.100000, 0.100000, 0.100000, 0.100000, 1.000000, 4343.130472, 0.000000, 0.100000, -6.283185, 0.000000, 4343.130472, 40.000000, 400.000000, 150000.000000, 40.000000, 0.006255, -5.058801, 3955.923273, -392.266000, 4343.130472, 0.006255, 0.006255, 0.006255, 0.006255, -0.006255, 4343.130472, 4343.130472, -0.000000, -0.006255, -0.006255, -0.006255, 3955.923273, 3955.923273, 0.006255, -0.000000, -0.006255, 0.000000, -392.266000, 0.006255, 40.000000, 0.006255, 4343.130472, 4343.130472, 4343.130472, 4343.130472, -0.006255, 0.000000, 0.006255, 4343.130472, 0.000000, 3946.489121, 0.006255, 0.633086, -0.006255, 0.028954, 0.028766, -5.058801, 0.250193, 0.000000, 0.006255, 0.633086, 0.500000, 0.006255, 0.633086
3.36, 3996.055171, 400.000000, 15000.000000, 400.000000, 0.065196, 14.453887, -3922.660000, 3937.113887, 0.065196, 0.065196, 0.065196, -0.058941, 3937.113887, 3996.055171, -58.941283, -0.058941, -0.058941, -0.058941, 14.453887, 14.453887, 0.065196, -58.941283, -0.058941, 1000.000000, -3922.660000, 0.065196, 400.000000, 0.065196, 3937.113887, 3937.113887, 3937.113887, 3937.113887, -0.058941, 0.006255, 0.065196, 3937.113887, 0.006113, 1.128147, -0.058941, 0.266404, 0.261511, 14.453887, 26.078442, 0.000000, 0.065196, 1.128147, 1.000000, 0.065196, 1.128147, 0.100000, 0.000000, 10.000000, 4343.130472, 0.000000, 0.000000, 4343.130472, 0.100000, 0.100000, 0.100000, 0.100000, 0.100000, 1.000000, 4333.584019, 0.000000, 0.100000, -6.283185, 0.000000, 4333.584019, 40.000000, 400.000000, 150000.000000, 40.000000, 0.006113, -5.171102, 3946.489121, -392.266000, 4333.584019, 0.006113, 0.006113, 0.006113, 0.006113, -0.006113, 4333.584019, 4333.584019, -0.000000, -0.006113, -0.006113, -0.006113, 3946.489121, 3946.489121, 0.006113, -0.000000, -0.006113, 0.000000, -392.266000, 0.006113, 40.000000, 0.006113, 4333.584019, 4333.584019, 4333.584019, 4333.584019, -0.006113, 0.000000, 0.006113, 4333.584019, 0.000000, 3937.113887, 0.006113, 0.633150, -0.006113, 0.028891, 0.028766, -5.171102, 0.244513, 0.000000, 0.006113, 0.633150, 0.500000, 0.006113, 0.633150
3.37, 3987.171922, 400.000000, 15000.000000, 400.000000, 0.065439, 5.185253, -3922.660000, 3927.845253, 0.065439, 0.065439, 0.065439, -0.059327, 3927.845253, 3987.171922, -59.326668, -0.059327, -0.059327, -0.059327, 5.185253, 5.185253, 0.065439, -59.326668, -0.059327, 1000.000000, -3922.660000, 0.065439, 400.000000, 0.065439, 3927.845253, 3927.845253, 3927.845253, 3927.845253, -0.059327, 0.006113, 0.065439, 3927.845253, 0.005957, 1.128800, -0.059327, 0.265811, 0.261511, 5.185253, 26.175793, 0.000000, 0.065439, 1.128800, 1.000000, 0.065439, 1.128800, 0.100000, 0.000000, 10.000000, 4333.584019, 0.000000, 0.000000, 4333.584019, 0.100000, 0.100000, 0.100000, 0.100000, 0.100000, 1.000000, 4324.268278, 0.000000, 0.100000, -6.283185, 0.000000, 4324.268278, 40.000000, 400.000000, 150000.000000, 40.000000, 0.005957, -5.111609, 3937.113887, -392.266000, 4324.268278, 0.005957, 0.005957, 0.005957, 0.005957, -0.005957, 4324.268278, 4324.268278, -0.000000, -0.005957, -0.005957, -0.005957, 3937.113887, 3937.113887, 0.005957, -0.000000, -0.005957, 0.000000, -392.266000, 0.005957, 40.000000, 0.005957, 4324.268278, 4324.268278, 4324.268278, 4324.268278, -0.005957, 0.000000, 0.005957, 4324.268278, 0.000000, 3927.845253, 0.005957, 0.633212, -0.005957, 0.028828, 0.028766, -5.111609, 0.238265, 0.000000, 0.005957, 0.633212, 0.500000, 0.005957, 0.633212
3.38, 3978.246067, 400.000000, 15000.000000, 400.000000, 0.065453, -3.910374, -3922.660000, 3918.749626, 0.065453, 0.065453, 0.065453, -0.059496, 3918.749626, 3978.246067, -59.496441, -0.059496, -0.059496, -0.059496, -3.910374, -3.910374, 0.065453, -59.496441, -0.059496, 1000.000000, -3922.660000, 0.065453, 400.000000, 0.065453, 3918.749626, 3918.749626, 3918.749626, 3918.749626, -0.059496, 0.005957, 0.065453, 3918.749626, 0.005818, 1.129455, -0.059496, 0.265216, 0.261511, -3.910374, 26.181229, 0.000000, 0.065453, 1.129455, 1.000000, 0.065453, 1.129455, 0.100000, 0.000000, 10.000000, 4324.268278, 0.000000, 0.000000, 4324.268278, 0.100000, 0.100000, 0.100000, 0.100000, 0.100000, 1.000000, 4315.180375, 0.000000, 0.100000, -6.283185, 0.000000, 4315.180375, 40.000000, 400.000000, 150000.000000, 40.000000, 0.005818, -4.930879, 3927.845253, -392.266000, 4315.180375, 0.005818, 0.005818, 0.005818, 0.005818, -0.005818, 4315.180375, 4315.180375, -0.000000, -0.005818, -0.005818, -0.005818, 3927.845253, 3927.845253, 0.005818, -0.000000, -0.005818, 0.000000, -392.266000, 0.005818, 40.000000, 0.005818, 4315.180375, 4315.180375, 4315.180375, 4315.180375, -0.005818, 0.000000, 0.005818, 4315.180375, 0.000000, 3918.749626, 0.005818, 0.633272, -0.005818, 0.028768, 0.028766, -4.930879, 0.232726, 0.000000, 0.005818, 0.633272, 0.500000, 0.005818, 0.633272
3.39, 3969.314245, 400.000000, 15000.000000, 400.000000, 0.065242, -12.769993, -3922.660000, 3909.890007, 0.065242, 0.065242, 0.065242, -0.059424, 3909.890007, 3969.314245, -59.424239, -0.059424, -0.059424, -0.059424, -12.769993, -12.769993, 0.065242, -59.424239, -0.059424, 1000.000000, -3922.660000, 0.065242, 400.000000, 0.065242, 3909.890007, 3909.890007, 3909.890007, 3909.890007, -0.059424, 0.005818, 0.065242, 3909.890007, 0.005707, 1.130108, -0.059424, 0.264621, 0.261511, -12.769993, 26.096952, 0.000000, 0.065242, 1.130108, 1.000000, 0.065242, 1.130108, 0.100000, 0.000000, 10.000000, 4315.180375, 0.000000, 0.000000, 4315.180375, 0.100000, 0.100000, 0.100000, 0.100000, 0.100000, 1.000000, 4306.285048, 0.000000, 0.100000, -6.283185, 0.000000, 4306.285048, 40.000000, 400.000000, 150000.000000, 40.000000, 0.005707, -4.730578, 3918.749626, -392.266000, 4306.285048, 0.005707, 0.005707, 0.005707, 0.005707, -0.005707, 4306.285048, 4306.285048, -0.000000, -0.005707, -0.005707, -0.005707, 3918.749626, 3918.749626, 0.005707, -0.000000, -0.005707, 0.000000, -392.266000, 0.005707, 40.000000, 0.005707, 4306.285048, 4306.285048, 4306.285048, 4306.285048, -0.005707, 0.000000, 0.005707, 4306.285048, 0.000000, 3909.890007, 0.005707, 0.633332, -0.005707, 0.028709, 0.028766, -4.730578, 0.228289, 0.000000, 0.005707, 0.633332, 0.500000, 0.005707, 0.633332
3.4, 3960.413731, 400.000000, 15000.000000, 400.000000, 0.064814, -21.352982, -3922.660000, 3901.307018, 0.064814, 0.064814, 0.064814, -0.059107, 3901.307018, 3960.413731, -59.106712, -0.059107, -0.059107, -0.059107, -21.352982, -21.352982, 0.064814, -59.106712, -0.059107, 1000.000000, -3922.660000, 0.064814, 400.000000, 0.064814, 3901.307018, 3901.307018, 3901.307018, 3901.307018, -0.059107, 0.005707, 0.064814, 3901.307018, 0.005609, 1.130759, -0.059107, 0.264028, 0.261511, -21.352982, 25.925572, 0.000000, 0.064814, 1.130759, 1.000000, 0.064814, 1.130759, 0.100000, 0.000000, 10.000000, 4306.285048, 0.000000, 0.000000, 4306.285048, 0.100000, 0.100000, 0.100000, 0.100000, 0.100000, 1.000000, 4297.551005, 0.000000, 0.100000, -6.283185, 0.000000, 4297.551005, 40.000000, 400.000000, 150000.000000, 40.000000, 0.005609, -4.605002, 3909.890007, -392.266000, 4297.551005, 0.005609, 0.005609, 0.005609, 0.005609, -0.005609, 4297.551005, 4297.551005, -0.000000, -0.005609, -0.005609, -0.005609, 3909.890007, 3909.890007, 0.005609, -0.000000, -0.005609, 0.000000, -392.266000, 0.005609, 40.000000, 0.005609, 4297.551005, 4297.551005, 4297.551005, 4297.551005, -0.005609, 0.000000, 0.005609, 4297.551005, 0.000000, 3901.307018, 0.005609, 0.633390, -0.005609, 0.028650, 0.028766, -4.605002, 0.224355, 0.000000, 0.005609, 0.633390, 0.500000, 0.005609, 0.633390
3.41, 3951.578603, 400.000000, 15000.000000, 400.000000, 0.064175, -29.647138, -3922.660000, 3893.012862, 0.064175, 0.064175, 0.064175, -0.058566, 3893.012862, 3951.578603, -58.565740, -0.058566, -0.058566, -0.058566, -29.647138, -29.647138, 0.064175, -58.565740, -0.058566, 1000.000000, -3922.660000, 0.064175, 400.000000, 0.064175, 3893.012862, 3893.012862, 3893.012862, 3893.012862, -0.058566, 0.005609, 0.064175, 3893.012862, 0.005494, 1.131404, -0.058566, 0.263439, 0.261511, -29.647138, 25.669846, 0.000000, 0.064175, 1.131404, 1.000000, 0.064175, 1.131404, 0.100000, 0.000000, 10.000000, 4297.551005, 0.000000, 0.000000, 4297.551005, 0.100000, 0.100000, 0.100000, 0.100000, 0.100000, 1.000000, 4288.981252, 0.000000, 0.100000, -6.283185, 0.000000, 4288.981252, 40.000000, 400.000000, 150000.000000, 40.000000, 0.005494, -4.591766, 3901.307018, -392.266000, 4288.981252, 0.005494, 0.005494, 0.005494, 0.005494, -0.005494, 4288.981252, 4288.981252, -0.000000, -0.005494, -0.005494, -0.005494, 3901.307018, 3901.307018, 0.005494, -0.000000, -0.005494, 0.000000, -392.266000, 0.005494, 40.000000, 0.005494, 4288.981252, 4288.981252, 4288.981252, 4288.981252, -0.005494, 0.000000, 0.005494, 4288.981252, 0.000000, 3893.012862, 0.005494, 0.633447, -0.005494, 0.028593, 0.028766, -4.591766, 0.219756, 0.000000, 0.005494, 0.633447, 0.500000, 0.005494, 0.633447
3.42, 3942.837566, 400.000000, 15000.000000, 400.000000, 0.063331, -37.659753, -3922.660000, 3885.000247, 0.063331, 0.063331, 0.063331, -0.057837, 3885.000247, 3942.837566, -57.837319, -0.057837, -0.057837, -0.057837, -37.659753, -37.659753, 0.063331, -57.837319, -0.057837, 1000.000000, -3922.660000, 0.063331, 400.000000, 0.063331, 3885.000247, 3885.000247, 3885.000247, 3885.000247, -0.057837, 0.005494, 0.063331, 3885.000247, 0.005336, 1.132042, -0.057837, 0.262856, 0.261511, -37.659753, 25.332487, 0.000000, 0.063331, 1.132042, 1.000000, 0.063331, 1.132042, 0.100000, 0.000000, 10.000000, 4288.981252, 0.000000, 0.000000, 4288.981252, 0.100000, 0.100000, 0.100000, 0.100000, 0.100000, 1.000000, 4280.621770, 0.000000, 0.100000, -6.283185, 0.000000, 4280.621770, 40.000000, 400.000000, 150000.000000, 40.000000, 0.005336, -4.657092, 3893.012862, -392.266000, 4280.621770, 0.005336, 0.005336, 0.005336, 0.005336, -0.005336, 4280.621770, 4280.621770, -0.000000, -0.005336, -0.005336, -0.005336, 3893.012862, 3893.012862, 0.005336, -0.000000, -0.005336, 0.000000, -392.266000, 0.005336, 40.000000, 0.005336, 4280.621770, 4280.621770, 4280.621770, 4280.621770, -0.005336, 0.000000, 0.005336, 4280.621770, 0.000000, 3885.000247, 0.005336, 0.633503, -0.005336, 0.028537, 0.028766, -4.657092, 0.213445, 0.000000, 0.005336, 0.633503, 0.500000, 0.005336, 0.633503
3.43, 3934.214387, 400.000000, 15000.000000, 400.000000, 0.062290, -45.399836, -3922.660000, 3877.260164, 0.062290, 0.062290, 0.062290, -0.056954, 3877.260164, 3934.214387, -56.954223, -0.056954, -0.056954, -0.056954, -45.399836, -45.399836, 0.062290, -56.954223, -0.056954, 1000.000000, -3922.660000, 0.062290, 400.000000, 0.062290, 3877.260164, 3877.260164, 3877.260164, 3877.260164, -0.056954, 0.005336, 0.062290, 3877.260164, 0.005127, 1.132670, -0.056954, 0.262281, 0.261511, -45.399836, 24.916140, 0.000000, 0.062290, 1.132670, 1.000000, 0.062290, 1.132670, 0.100000, 0.000000, 10.000000, 4280.621770, 0.000000, 0.000000, 4280.621770, 0.100000, 0.100000, 0.100000, 0.100000, 0.100000, 1.000000, 4272.545808, 0.000000, 0.100000, -6.283185, 0.000000, 4272.545808, 40.000000, 400.000000, 150000.000000, 40.000000, 0.005127, -4.720438, 3885.000247, -392.266000, 4272.545808, 0.005127, 0.005127, 0.005127, 0.005127, -0.005127, 4272.545808, 4272.545808, -0.000000, -0.005127, -0.005127, -0.005127, 3885.000247, 3885.000247, 0.005127, -0.000000, -0.005127, 0.000000, -392.266000, 0.005127, 40.000000, 0.005127, 4272.545808, 4272.545808, 4272.545808, 4272.545808, -0.005127, 0.000000, 0.005127, 4272.545808, 0.000000, 3877.260164, 0.005127, 0.633556, -0.005127, 0.028484, 0.028766, -4.720438, 0.205063, 0.000000, 0.005127, 0.633556, 0.500000, 0.005127, 0.633556
3.44, 3925.730440, 400.000000, 15000.000000, 400.000000, 0.061059, -52.861764, -3922.660000, 3869.798236, 0.061059, 0.061059, 0.061059, -0.055932, 3869.798236, 3925.730440, -55.932204, -0.055932, -0.055932, -0.055932, -52.861764, -52.861764, 0.061059, -55.932204, -0.055932, 1000.000000, -3922.660000, 0.061059, 400.000000, 0.061059, 3869.798236, 3869.798236, 3869.798236, 3869.798236, -0.055932, 0.005127, 0.061059, 3869.798236, 0.004877, 1.133287, -0.055932, 0.261715, 0.261511, -52.861764, 24.423516, 0.000000, 0.061059, 1.133287, 1.000000, 0.061059, 1.133287, 0.100000, 0.000000, 10.000000, 4272.545808, 0.000000, 0.000000, 4272.545808, 0.100000, 0.100000, 0.100000, 0.100000, 0.100000, 1.000000, 4264.824311, 0.000000, 0.100000, -6.283185, 0.000000, 4264.824311, 40.000000, 400.000000, 150000.000000, 40.000000, 0.004877, -4.701853, 3877.260164, -392.266000, 4264.824311, 0.004877, 0.004877, 0.004877, 0.004877, -0.004877, 4264.824311, 4264.824311, -0.000000, -0.004877, -0.004877, -0.004877, 3877.260164, 3877.260164, 0.004877, -0.000000, -0.004877, 0.000000, -392.266000, 0.004877, 40.000000, 0.004877, 4264.824311, 4264.824311, 4264.824311, 4264.824311, -0.004877, 0.000000, 0.004877, 4264.824311, 0.000000, 3869.798236, 0.004877, 0.633608, -0.004877, 0.028432, 0.028766, -4.701853, 0.195089, 0.000000, 0.004877, 0.633608, 0.500000, 0.004877, 0.633608
3.45, 3917.407774, 400.000000, 15000.000000, 400.000000, 0.059644, -60.018965, -3922.660000, 3862.641035, 0.059644, 0.059644, 0.059644, -0.054767, 3862.641035, 3917.407774, -54.766740, -0.054767, -0.054767, -0.054767, -60.018965, -60.018965, 0.059644, -54.766740, -0.054767, 1000.000000, -3922.660000, 0.059644, 400.000000, 0.059644, 3862.641035, 3862.641035, 3862.641035, 3862.641035, -0.054767, 0.004877, 0.059644, 3862.641035, 0.004613, 1.133890, -0.054767, 0.261161, 0.261511, -60.018965, 23.857589, 0.000000, 0.059644, 1.133890, 1.000000, 0.059644, 1.133890, 0.100000, 0.000000, 10.000000, 4264.824311, 0.000000, 0.000000, 4264.824311, 0.100000, 0.100000, 0.100000, 0.100000, 0.100000, 1.000000, 4257.499438, 0.000000, 0.100000, -6.283185, 0.000000, 4257.499438, 40.000000, 400.000000, 150000.000000, 40.000000, 0.004613, -4.564798, 3869.798236, -392.266000, 4257.499438, 0.004613, 0.004613, 0.004613, 0.004613, -0.004613, 4257.499438, 4257.499438, -0.000000, -0.004613, -0.004613, -0.004613, 3869.798236, 3869.798236, 0.004613, -0.000000, -0.004613, 0.000000, -392.266000, 0.004613, 40.000000, 0.004613, 4257.499438, 4257.499438, 4257.499438, 4257.499438, -0.004613, 0.000000, 0.004613, 4257.499438, 0.000000, 3862.641035, 0.004613, 0.633657, -0.004613, 0.028383, 0.028766, -4.564798, 0.184529, 0.000000, 0.004613, 0.633657, 0.500000, 0.004613, 0.633657
3.46, 3909.270991, 400.000000, 15000.000000, 400.000000, 0.058054, -66.830121, -3922.660000, 3855.829879, 0.058054, 0.058054, 0.058054, -0.053441, 3855.829879, 3909.270991, -53.441112, -0.053441, -0.053441, -0.053441, -66.830121, -66.830121, 0.058054, -53.441112, -0.053441, 1000.000000, -3922.660000, 0.058054, 400.000000, 0.058054, 3855.829879, 3855.829879, 3855.829879, 3855.829879, -0.053441, 0.004613, 0.058054, 3855.829879, 0.004359, 1.134479, -0.053441, 0.260618, 0.261511, -66.830121, 23.221735, 0.000000, 0.058054, 1.134479, 1.000000, 0.058054, 1.134479, 0.100000, 0.000000, 10.000000, 4257.499438, 0.000000, 0.000000, 4257.499438, 0.100000, 0.100000, 0.100000, 0.100000, 0.100000, 1.000000, 4250.574964, 0.000000, 0.100000, -6.283185, 0.000000, 4250.574964, 40.000000, 400.000000, 150000.000000, 40.000000, 0.004359, -4.332071, 3862.641035, -392.266000, 4250.574964, 0.004359, 0.004359, 0.004359, 0.004359, -0.004359, 4250.574964, 4250.574964, -0.000000, -0.004359, -0.004359, -0.004359, 3862.641035, 3862.641035, 0.004359, -0.000000, -0.004359, 0.000000, -392.266000, 0.004359, 40.000000, 0.004359, 4250.574964, 4250.574964, 4250.574964, 4250.574964, -0.004359, 0.000000, 0.004359, 4250.574964, 0.000000, 3855.829879, 0.004359, 0.633703, -0.004359, 0.028337, 0.028766, -4.332071, 0.174355, 0.000000, 0.004359, 0.633703, 0.500000, 0.004359, 0.633703
3.47, 3901.346996, 400.000000, 15000.000000, 400.000000, 0.056299, -73.253475, -3922.660000, 3849.406525, 0.056299, 0.056299, 0.056299, -0.051940, 3849.406525, 3901.346996, -51.940471, -0.051940, -0.051940, -0.051940, -73.253475, -73.253475, 0.056299, -51.940471, -0.051940, 1000.000000, -3922.660000, 0.056299, 400.000000, 0.056299, 3849.406525, 3849.406525, 3849.406525, 3849.406525, -0.051940, 0.004359, 0.056299, 3849.406525, 0.004125, 1.135051, -0.051940, 0.260090, 0.261511, -73.253475, 22.519743, 0.000000, 0.056299, 1.135051, 1.000000, 0.056299, 1.135051, 0.100000, 0.000000, 10.000000, 4250.574964, 0.000000, 0.000000, 4250.574964, 0.100000, 0.100000, 0.100000, 0.100000, 0.100000, 1.000000, 4244.027161, 0.000000, 0.100000, -6.283185, 0.000000, 4244.027161, 40.000000, 400.000000, 150000.000000, 40.000000, 0.004125, -4.068718, 3855.829879, -392.266000, 4244.027161, 0.004125, 0.004125, 0.004125, 0.004125, -0.004125, 4244.027161, 4244.027161, -0.000000, -0.004125, -0.004125, -0.004125, 3855.829879, 3855.829879, 0.004125, -0.000000, -0.004125, 0.000000, -392.266000, 0.004125, 40.000000, 0.004125, 4244.027161, 4244.027161, 4244.027161, 4244.027161, -0.004125, 0.000000, 0.004125, 4244.027161, 0.000000, 3849.406525, 0.004125, 0.633747, -0.004125, 0.028294, 0.028766, -4.068718, 0.165014, 0.000000, 0.004125, 0.633747, 0.500000, 0.004125, 0.633747
3.48, 3893.662928, 400.000000, 15000.000000, 400.000000, 0.054389, -79.260935, -3922.660000, 3843.399065, 0.054389, 0.054389, 0.054389, -0.050264, 3843.399065, 3893.662928, -50.263863, -0.050264, -0.050264, -0.050264, -79.260935, -79.260935, 0.054389, -50.263863, -0.050264, 1000.000000, -3922.660000, 0.054389, 400.000000, 0.054389, 3843.399065, 3843.399065, 3843.399065, 3843.399065, -0.050264, 0.004125, 0.054389, 3843.399065, 0.003906, 1.135604, -0.050264, 0.259578, 0.261511, -79.260935, 21.755685, 0.000000, 0.054389, 1.135604, 1.000000, 0.054389, 1.135604, 0.100000, 0.000000, 10.000000, 4244.027161, 0.000000, 0.000000, 4244.027161, 0.100000, 0.100000, 0.100000, 0.100000, 0.100000, 1.000000, 4237.828514, 0.000000, 0.100000, -6.283185, 0.000000, 4237.828514, 40.000000, 400.000000, 150000.000000, 40.000000, 0.003906, -3.844012, 3849.406525, -392.266000, 4237.828514, 0.003906, 0.003906, 0.003906, 0.003906, -0.003906, 4237.828514, 4237.828514, -0.000000, -0.003906, -0.003906, -0.003906, 3849.406525, 3849.406525, 0.003906, -0.000000, -0.003906, 0.000000, -392.266000, 0.003906, 40.000000, 0.003906, 4237.828514, 4237.828514, 4237.828514, 4237.828514, -0.003906, 0.000000, 0.003906, 4237.828514, 0.000000, 3843.399065, 0.003906, 0.633788, -0.003906, 0.028252, 0.028766, -3.844012, 0.156255, 0.000000, 0.003906, 0.633788, 0.500000, 0.003906, 0.633788
3.49, 3886.243481, 400.000000, 15000.000000, 400.000000, 0.052334, -84.844482, -3922.660000, 3837.815518, 0.052334, 0.052334, 0.052334, -0.048428, 3837.815518, 3886.243481, -48.427964, -0.048428, -0.048428, -0.048428, -84.844482, -84.844482, 0.052334, -48.427964, -0.048428, 1000.000000, -3922.660000, 0.052334, 400.000000, 0.052334, 3837.815518, 3837.815518, 3837.815518, 3837.815518, -0.048428, 0.003906, 0.052334, 3837.815518, 0.003684, 1.136138, -0.048428, 0.259083, 0.261511, -84.844482, 20.933734, 0.000000, 0.052334, 1.136138, 1.000000, 0.052334, 1.136138, 0.100000, 0.000000, 10.000000, 4237.828514, 0.000000, 0.000000, 4237.828514, 0.100000, 0.100000, 0.100000, 0.100000, 0.100000, 1.000000, 4231.970491, 0.000000, 0.100000, -6.283185, 0.000000, 4231.970491, 40.000000, 400.000000, 150000.000000, 40.000000, 0.003684, -3.694575, 3843.399065, -392.266000, 4231.970491, 0.003684, 0.003684, 0.003684, 0.003684, -0.003684, 4231.970491, 4231.970491, -0.000000, -0.003684, -0.003684, -0.003684, 3843.399065, 3843.399065, 0.003684, -0.000000, -0.003684, 0.000000, -392.266000, 0.003684, 40.000000, 0.003684, 4231.970491, 4231.970491, 4231.970491, 4231.970491, -0.003684, 0.000000, 0.003684, 4231.970491, 0.000000, 3837.815518, 0.003684, 0.633827, -0.003684, 0.028213, 0.028766, -3.694575, 0.147349, 0.000000, 0.003684, 0.633827, 0.500000, 0.003684, 0.633827
3.5, 3879.109096, 400.000000, 15000.000000, 400.000000, 0.050145, -90.012170, -3922.660000, 3832.647830, 0.050145, 0.050145, 0.050145, -0.046461, 3832.647830, 3879.109096, -46.461265, -0.046461, -0.046461, -0.046461, -90.012170, -90.012170, 0.050145, -46.461265, -0.046461, 1000.000000, -3922.660000, 0.050145, 400.000000, 0.050145, 3832.647830, 3832.647830, 3832.647830, 3832.647830, -0.046461, 0.003684, 0.050145, 3832.647830, 0.003439, 1.136651, -0.046461, 0.258607, 0.261511, -90.012170, 20.058000, 0.000000, 0.050145, 1.136651, 1.000000, 0.050145, 1.136651, 0.100000, 0.000000, 10.000000, 4231.970491, 0.000000, 0.000000, 4231.970491, 0.100000, 0.100000, 0.100000, 0.100000, 0.100000, 1.000000, 4226.473326, 0.000000, 0.100000, -6.283185, 0.000000, 4226.473326, 40.000000, 400.000000, 150000.000000, 40.000000, 0.003439, -3.608191, 3837.815518, -392.266000, 4226.473326, 0.003439, 0.003439, 0.003439, 0.003439, -0.003439, 4226.473326, 4226.473326, -0.000000, -0.003439, -0.003439, -0.003439, 3837.815518, 3837.815518, 0.003439, -0.000000, -0.003439, 0.000000, -392.266000, 0.003439, 40.000000, 0.003439, 4226.473326, 4226.473326, 4226.473326, 4226.473326, -0.003439, 0.000000, 0.003439, 4226.473326, 0.000000, 3832.647830, 0.003439, 0.633864, -0.003439, 0.028176, 0.028766, -3.608191, 0.137544, 0.000000, 0.003439, 0.633864, 0.500000, 0.003439, 0.633864
3.51, 3872.275860, 400.000000, 15000.000000, 400.000000, 0.047831, -94.776774, -3922.660000, 3827.883226, 0.047831, 0.047831, 0.047831, -0.044393, 3827.883226, 3872.275860, -44.392634, -0.044393, -0.044393, -0.044393, -94.776774, -94.776774, 0.047831, -44.392634, -0.044393, 1000.000000, -3922.660000, 0.047831, 400.000000, 0.047831, 3827.883226, 3827.883226, 3827.883226, 3827.883226, -0.044393, 0.003439, 0.047831, 3827.883226, 0.003162, 1.137141, -0.044393, 0.258152, 0.261511, -94.776774, 19.132489, 0.000000, 0.047831, 1.137141, 1.000000, 0.047831, 1.137141, 0.100000, 0.000000, 10.000000, 4226.473326, 0.000000, 0.000000, 4226.473326, 0.100000, 0.100000, 0.100000, 0.100000, 0.100000, 1.000000, 4221.378755, 0.000000, 0.100000, -6.283185, 0.000000, 4221.378755, 40.000000, 400.000000, 150000.000000, 40.000000, 0.003162, -3.535075, 3832.647830, -392.266000, 4221.378755, 0.003162, 0.003162, 0.003162, 0.003162, -0.003162, 4221.378755, 4221.378755, -0.000000, -0.003162, -0.003162, -0.003162, 3832.647830, 3832.647830, 0.003162, -0.000000, -0.003162, 0.000000, -392.266000, 0.003162, 40.000000, 0.003162, 4221.378755, 4221.378755, 4221.378755, 4221.378755, -0.003162, 0.000000, 0.003162, 4221.378755, 0.000000, 3827.883226, 0.003162, 0.633898, -0.003162, 0.028143, 0.028766, -3.535075, 0.126484, 0.000000, 0.003162, 0.633898, 0.500000, 0.003162, 0.633898
3.52, 3865.757018, 400.000000, 15000.000000, 400.000000, 0.045403, -99.143800, -3922.660000, 3823.516200, 0.045403, 0.045403, 0.045403, -0.042241, 3823.516200, 3865.757018, -42.240818, -0.042241, -0.042241, -0.042241, -99.143800, -99.143800, 0.045403, -42.240818, -0.042241, 1000.000000, -3922.660000, 0.045403, 400.000000, 0.045403, 3823.516200, 3823.516200, 3823.516200, 3823.516200, -0.042241, 0.003162, 0.045403, 3823.516200, 0.002860, 1.137607, -0.042241, 0.257717, 0.261511, -99.143800, 18.161164, 0.000000, 0.045403, 1.137607, 1.000000, 0.045403, 1.137607, 0.100000, 0.000000, 10.000000, 4221.378755, 0.000000, 0.000000, 4221.378755, 0.100000, 0.100000, 0.100000, 0.100000, 0.100000, 1.000000, 4216.731084, 0.000000, 0.100000, -6.283185, 0.000000, 4216.731084, 40.000000, 400.000000, 150000.000000, 40.000000, 0.002860, -3.418142, 3827.883226, -392.266000, 4216.731084, 0.002860, 0.002860, 0.002860, 0.002860, -0.002860, 4216.731084, 4216.731084, -0.000000, -0.002860, -0.002860, -0.002860, 3827.883226, 3827.883226, 0.002860, -0.000000, -0.002860, 0.000000, -392.266000, 0.002860, 40.000000, 0.002860, 4216.731084, 4216.731084, 4216.731084, 4216.731084, -0.002860, 0.000000, 0.002860, 4216.731084, 0.000000, 3823.516200, 0.002860, 0.633929, -0.002860, 0.028112, 0.028766, -3.418142, 0.114391, 0.000000, 0.002860, 0.633929, 0.500000, 0.002860, 0.633929
3.53, 3859.565107, 400.000000, 15000.000000, 400.000000, 0.042870, -103.105283, -3922.660000, 3819.554717, 0.042870, 0.042870, 0.042870, -0.040010, 3819.554717, 3859.565107, -40.010389, -0.040010, -0.040010, -0.040010, -103.105283, -103.105283, 0.042870, -40.010389, -0.040010, 1000.000000, -3922.660000, 0.042870, 400.000000, 0.042870, 3819.554717, 3819.554717, 3819.554717, 3819.554717, -0.040010, 0.002860, 0.042870, 3819.554717, 0.002548, 1.138048, -0.040010, 0.257304, 0.261511, -103.105283, 17.148068, 0.000000, 0.042870, 1.138048, 1.000000, 0.042870, 1.138048, 0.100000, 0.000000, 10.000000, 4216.731084, 0.000000, 0.000000, 4216.731084, 0.100000, 0.100000, 0.100000, 0.100000, 0.100000, 1.000000, 4212.557730, 0.000000, 0.100000, -6.283185, 0.000000, 4212.557730, 40.000000, 400.000000, 150000.000000, 40.000000, 0.002548, -3.224469, 3823.516200, -392.266000, 4212.557730, 0.002548, 0.002548, 0.002548, 0.002548, -0.002548, 4212.557730, 4212.557730, -0.000000, -0.002548, -0.002548, -0.002548, 3823.516200, 3823.516200, 0.002548, -0.000000, -0.002548, 0.000000, -392.266000, 0.002548, 40.000000, 0.002548, 4212.557730, 4212.557730, 4212.557730, 4212.557730, -0.002548, 0.000000, 0.002548, 4212.557730, 0.000000, 3819.554717, 0.002548, 0.633956, -0.002548, 0.028084, 0.028766, -3.224469, 0.101916, 0.000000, 0.002548, 0.633956, 0.500000, 0.002548, 0.633956
3.54, 3853.713523, 400.000000, 15000.000000, 400.000000, 0.040244, -106.642154, -3922.660000, 3816.017846, 0.040244, 0.040244, 0.040244, -0.037696, 3816.017846, 3853.713523, -37.695677, -0.037696, -0.037696, -0.037696, -106.642154, -106.642154, 0.040244, -37.695677, -0.037696, 1000.000000, -3922.660000, 0.040244, 400.000000, 0.040244, 3816.017846, 3816.017846, 3816.017846, 3816.017846, -0.037696, 0.002548, 0.040244, 3816.017846, 0.002244, 1.138464, -0.037696, 0.256914, 0.261511, -106.642154, 16.097431, 0.000000, 0.040244, 1.138464, 1.000000, 0.040244, 1.138464, 0.100000, 0.000000, 10.000000, 4212.557730, 0.000000, 0.000000, 4212.557730, 0.100000, 0.100000, 0.100000, 0.100000, 0.100000, 1.000000, 4208.859621, 0.000000, 0.100000, -6.283185, 0.000000, 4208.859621, 40.000000, 400.000000, 150000.000000, 40.000000, 0.002244, -2.961096, 3819.554717, -392.266000, 4208.859621, 0.002244, 0.002244, 0.002244, 0.002244, -0.002244, 4208.859621, 4208.859621, -0.000000, -0.002244, -0.002244, -0.002244, 3819.554717, 3819.554717, 0.002244, -0.000000, -0.002244, 0.000000, -392.266000, 0.002244, 40.000000, 0.002244, 4208.859621, 4208.859621, 4208.859621, 4208.859621, -0.002244, 0.000000, 0.002244, 4208.859621, 0.000000, 3816.017846, 0.002244, 0.633981, -0.002244, 0.028059, 0.028766, -2.961096, 0.089774, 0.000000, 0.002244, 0.633981, 0.500000, 0.002244, 0.633981
3.55, 3848.216719, 400.000000, 15000.000000, 400.000000, 0.037534, -109.733158, -3922.660000, 3812.926842, 0.037534, 0.037534, 0.037534, -0.035290, 3812.926842, 3848.216719, -35.289876, -0.035290, -0.035290, -0.035290, -109.733158, -109.733158, 0.037534, -35.289876, -0.035290, 1000.000000, -3922.660000, 0.037534, 400.000000, 0.037534, 3812.926842, 3812.926842, 3812.926842, 3812.926842, -0.035290, 0.002244, 0.037534, 3812.926842, 0.001960, 1.138853, -0.035290, 0.256548, 0.261511, -109.733158, 15.013694, 0.000000, 0.037534, 1.138853, 1.000000, 0.037534, 1.138853, 0.100000, 0.000000, 10.000000, 4208.859621, 0.000000, 0.000000, 4208.859621, 0.100000, 0.100000, 0.100000, 0.100000, 0.100000, 1.000000, 4205.615707, 0.000000, 0.100000, -6.283185, 0.000000, 4205.615707, 40.000000, 400.000000, 150000.000000, 40.000000, 0.001960, -2.668139, 3816.017846, -392.266000, 4205.615707, 0.001960, 0.001960, 0.001960, 0.001960, -0.001960, 4205.615707, 4205.615707, -0.000000, -0.001960, -0.001960, -0.001960, 3816.017846, 3816.017846, 0.001960, -0.000000, -0.001960, 0.000000, -392.266000, 0.001960, 40.000000, 0.001960, 4205.615707, 4205.615707, 4205.615707, 4205.615707, -0.001960, 0.000000, 0.001960, 4205.615707, 0.000000, 3812.926842, 0.001960, 0.634003, -0.001960, 0.028037, 0.028766, -2.668139, 0.078383, 0.000000, 0.001960, 0.634003, 0.500000, 0.001960, 0.634003
3.56, 3843.089039, 400.000000, 15000.000000, 400.000000, 0.034754, -112.364960, -3922.660000, 3810.295040, 0.034754, 0.034754, 0.034754, -0.032794, 3810.295040, 3843.089039, -32.793999, -0.032794, -0.032794, -0.032794, -112.364960, -112.364960, 0.034754, -32.793999, -0.032794, 1000.000000, -3922.660000, 0.034754, 400.000000, 0.034754, 3810.295040, 3810.295040, 3810.295040, 3810.295040, -0.032794, 0.001960, 0.034754, 3810.295040, 0.001692, 1.139214, -0.032794, 0.256206, 0.261511, -112.364960, 13.901433, 0.000000, 0.034754, 1.139214, 1.000000, 0.034754, 1.139214, 0.100000, 0.000000, 10.000000, 4205.615707, 0.000000, 0.000000, 4205.615707, 0.100000, 0.100000, 0.100000, 0.100000, 0.100000, 1.000000, 4202.797922, 0.000000, 0.100000, -6.283185, 0.000000, 4202.797922, 40.000000, 400.000000, 150000.000000, 40.000000, 0.001692, -2.394920, 3812.926842, -392.266000, 4202.797922, 0.001692, 0.001692, 0.001692, 0.001692, -0.001692, 4202.797922, 4202.797922, -0.000000, -0.001692, -0.001692, -0.001692, 3812.926842, 3812.926842, 0.001692, -0.000000, -0.001692, 0.000000, -392.266000, 0.001692, 40.000000, 0.001692, 4202.797922, 4202.797922, 4202.797922, 4202.797922, -0.001692, 0.000000, 0.001692, 4202.797922, 0.000000, 3810.295040, 0.001692, 0.634021, -0.001692, 0.028019, 0.028766, -2.394920, 0.067688, 0.000000, 0.001692, 0.634021, 0.500000, 0.001692, 0.634021
3.57, 3838.342933, 400.000000, 15000.000000, 400.000000, 0.031913, -114.537959, -3922.660000, 3808.122041, 0.031913, 0.031913, 0.031913, -0.030221, 3808.122041, 3838.342933, -30.220892, -0.030221, -0.030221, -0.030221, -114.537959, -114.537959, 0.031913, -30.220892, -0.030221, 1000.000000, -3922.660000, 0.031913, 400.000000, 0.031913, 3808.122041, 3808.122041, 3808.122041, 3808.122041, -0.030221, 0.001692, 0.031913, 3808.122041, 0.001431, 1.139548, -0.030221, 0.255890, 0.261511, -114.537959, 12.765234, 0.000000, 0.031913, 1.139548, 1.000000, 0.031913, 1.139548, 0.100000, 0.000000, 10.000000, 4202.797922, 0.000000, 0.000000, 4202.797922, 0.100000, 0.100000, 0.100000, 0.100000, 0.100000, 1.000000, 4200.387722, 0.000000, 0.100000, -6.283185, 0.000000, 4200.387722, 40.000000, 400.000000, 150000.000000, 40.000000, 0.001431, -2.173318, 3810.295040, -392.266000, 4200.387722, 0.001431, 0.001431, 0.001431, 0.001431, -0.001431, 4200.387722, 4200.387722, -0.000000, -0.001431, -0.001431, -0.001431, 3810.295040, 3810.295040, 0.001431, -0.000000, -0.001431, 0.000000, -392.266000, 0.001431, 40.000000, 0.001431, 4200.387722, 4200.387722, 4200.387722, 4200.387722, -0.001431, 0.000000, 0.001431, 4200.387722, 0.000000, 3808.122041, 0.001431, 0.634038, -0.001431, 0.028003, 0.028766, -2.173318, 0.057253, 0.000000, 0.001431, 0.634038, 0.500000, 0.001431, 0.634038
3.58, 3833.987540, 400.000000, 15000.000000, 400.000000, 0.029024, -116.265068, -3922.660000, 3806.394932, 0.029024, 0.029024, 0.029024, -0.027593, 3806.394932, 3833.987540, -27.592608, -0.027593, -0.027593, -0.027593, -116.265068, -116.265068, 0.029024, -27.592608, -0.027593, 1000.000000, -3922.660000, 0.029024, 400.000000, 0.029024, 3806.394932, 3806.394932, 3806.394932, 3806.394932, -0.027593, 0.001431, 0.029024, 3806.394932, 0.001164, 1.139853, -0.027593, 0.255599, 0.261511, -116.265068, 11.609569, 0.000000, 0.029024, 1.139853, 1.000000, 0.029024, 1.139853, 0.100000, 0.000000, 10.000000, 4200.387722, 0.000000, 0.000000, 4200.387722, 0.100000, 0.100000, 0.100000, 0.100000, 0.100000, 1.000000, 4198.385249, 0.000000, 0.100000, -6.283185, 0.000000, 4198.385249, 40.000000, 400.000000, 150000.000000, 40.000000, 0.001164, -2.002792, 3808.122041, -392.266000, 4198.385249, 0.001164, 0.001164, 0.001164, 0.001164, -0.001164, 4198.385249, 4198.385249, -0.000000, -0.001164, -0.001164, -0.001164, 3808.122041, 3808.122041, 0.001164, -0.000000, -0.001164, 0.000000, -392.266000, 0.001164, 40.000000, 0.001164, 4198.385249, 4198.385249, 4198.385249, 4198.385249, -0.001164, 0.000000, 0.001164, 4198.385249, 0.000000, 3806.394932, 0.001164, 0.634051, -0.001164, 0.027989, 0.028766, -2.002792, 0.046550, 0.000000, 0.001164, 0.634051, 0.500000, 0.001164, 0.634051
3.59, 3830.028381, 400.000000, 15000.000000, 400.000000, 0.026097, -117.564733, -3922.660000, 3805.095267, 0.026097, 0.026097, 0.026097, -0.024933, 3805.095267, 3830.028381, -24.933114, -0.024933, -0.024933, -0.024933, -117.564733, -117.564733, 0.026097, -24.933114, -0.024933, 1000.000000, -3922.660000, 0.026097, 400.000000, 0.026097, 3805.095267, 3805.095267, 3805.095267, 3805.095267, -0.024933, 0.001164, 0.026097, 3805.095267, 0.000882, 1.140128, -0.024933, 0.255335, 0.261511, -117.564733, 10.438742, 0.000000, 0.026097, 1.140128, 1.000000, 0.026097, 1.140128, 0.100000, 0.000000, 10.000000, 4198.385249, 0.000000, 0.000000, 4198.385249, 0.100000, 0.100000, 0.100000, 0.100000, 0.100000, 1.000000, 4196.806938, 0.000000, 0.100000, -6.283185, 0.000000, 4196.806938, 40.000000, 400.000000, 150000.000000, 40.000000, 0.000882, -1.853994, 3806.394932, -392.266000, 4196.806938, 0.000882, 0.000882, 0.000882, 0.000882, -0.000882, 4196.806938, 4196.806938, -0.000000, -0.000882, -0.000882, -0.000882, 3806.394932, 3806.394932, 0.000882, -0.000000, -0.000882, 0.000000, -392.266000, 0.000882, 40.000000, 0.000882, 4196.806938, 4196.806938, 4196.806938, 4196.806938, -0.000882, 0.000000, 0.000882, 4196.806938, 0.000000, 3805.095267, 0.000882, 0.634061, -0.000882, 0.027979, 0.028766, -1.853994, 0.035268, 0.000000, 0.000882, 0.634061, 0.500000, 0.000882, 0.634061
3.6, 3826.468206, 400.000000, 15000.000000, 400.000000, 0.023142, -118.452387, -3922.660000, 3804.207613, 0.023142, 0.023142, 0.023142, -0.022261, 3804.207613, 3826.468206, -22.260593, -0.022261, -0.022261, -0.022261, -118.452387, -118.452387, 0.023142, -22.260593, -0.022261, 1000.000000, -3922.660000, 0.023142, 400.000000, 0.023142, 3804.207613, 3804.207613, 3804.207613, 3804.207613, -0.022261, 0.000882, 0.023142, 3804.207613, 0.000587, 1.140374, -0.022261, 0.255098, 0.261511, -118.452387, 9.256914, 0.000000, 0.023142, 1.140374, 1.000000, 0.023142, 1.140374, 0.100000, 0.000000, 10.000000, 4196.806938, 0.000000, 0.000000, 4196.806938, 0.100000, 0.100000, 0.100000, 0.100000, 0.100000, 1.000000, 4195.673875, 0.000000, 0.100000, -6.283185, 0.000000, 4195.673875, 40.000000, 400.000000, 150000.000000, 40.000000, 0.000587, -1.687392, 3805.095267, -392.266000, 4195.673875, 0.000587, 0.000587, 0.000587, 0.000587, -0.000587, 4195.673875, 4195.673875, -0.000000, -0.000587, -0.000587, -0.000587, 3805.095267, 3805.095267, 0.000587, -0.000000, -0.000587, 0.000000, -392.266000, 0.000587, 40.000000, 0.000587, 4195.673875, 4195.673875, 4195.673875, 4195.673875, -0.000587, 0.000000, 0.000587, 4195.673875, 0.000000, 3804.207613, 0.000587, 0.634069, -0.000587, 0.027971, 0.028766, -1.687392, 0.023479, 0.000000, 0.000587, 0.634069, 0.500000, 0.000587, 0.634069
3.61, 3823.308464, 400.000000, 15000.000000, 400.000000, 0.020170, -118.935023, -3922.660000, 3803.724977, 0.020170, 0.020170, 0.020170, -0.019583, 3803.724977, 3823.308464, -19.583487, -0.019583, -0.019583, -0.019583, -118.935023, -118.935023, 0.020170, -19.583487, -0.019583, 1000.000000, -3922.660000, 0.020170, 400.000000, 0.020170, 3803.724977, 3803.724977, 3803.724977, 3803.724977, -0.019583, 0.000587, 0.020170, 3803.724977, 0.000290, 1.140591, -0.019583, 0.254887, 0.261511, -118.935023, 8.068180, 0.000000, 0.020170, 1.140591, 1.000000, 0.020170, 1.140591, 0.100000, 0.000000, 10.000000, 4195.673875, 0.000000, 0.000000, 4195.673875, 0.100000, 0.100000, 0.100000, 0.100000, 0.100000, 1.000000, 4194.997965, 0.000000, 0.100000, -6.283185, 0.000000, 4194.997965, 40.000000, 400.000000, 150000.000000, 40.000000, 0.000290, -1.475647, 3804.207613, -392.266000, 4194.997965, 0.000290, 0.000290, 0.000290, 0.000290, -0.000290, 4194.997965, 4194.997965, -0.000000, -0.000290, -0.000290, -0.000290, 3804.207613, 3804.207613, 0.000290, -0.000000, -0.000290, 0.000000, -392.266000, 0.000290, 40.000000, 0.000290, 4194.997965, 4194.997965, 4194.997965, 4194.997965, -0.000290, 0.000000, 0.000290, 4194.997965, 0.000000, 3803.724977, 0.000290, 0.634073, -0.000290, 0.027967, 0.028766, -1.475647, 0.011584, 0.000000, 0.000290, 0.634073, 0.500000, 0.000290, 0.634073
3.62, 3820.550553, 400.000000, 15000.000000, 400.000000, 0.017192, -119.011454, -3922.660000, 3803.648546, 0.017192, 0.017192, 0.017192, -0.016902, 3803.648546, 3820.550553, -16.902007, -0.016902, -0.016902, -0.016902, -119.011454, -119.011454, 0.017192, -16.902007, -0.016902, 1000.000000, -3922.660000, 0.017192, 400.000000, 0.017192, 3803.648546, 3803.648546, 3803.648546, 3803.648546, -0.016902, 0.000290, 0.017192, 3803.648546, 0.000002, 1.140778, -0.016902, 0.254703, 0.261511, -119.011454, 6.876646, 0.000000, 0.017192, 1.140778, 1.000000, 0.017192, 1.140778, 0.100000, 0.000000, 10.000000, 4194.997965, 0.000000, 0.000000, 4194.997965, 0.100000, 0.100000, 0.100000, 0.100000, 0.100000, 1.000000, 4194.773475, 0.000000, 0.100000, -6.283185, 0.000000, 4194.773475, 40.000000, 400.000000, 150000.000000, 40.000000, 0.000002, -1.217502, 3803.724977, -392.266000, 4194.773475, 0.000002, 0.000002, 0.000002, 0.000002, -0.000002, 4194.773475, 4194.773475, -0.000000, -0.000002, -0.000002, -0.000002, 3803.724977, 3803.724977, 0.000002, -0.000000, -0.000002, 0.000000, -392.266000, 0.000002, 40.000000, 0.000002, 4194.773475, 4194.773475, 4194.773475, 4194.773475, -0.000002, 0.000000, 0.000002, 4194.773475, 0.000000, 3803.648546, 0.000002, 0.634075, -0.000002, 0.027965, 0.028766, -1.217502, 0.000092, 0.000000, 0.000002, 0.634075, 0.500000, 0.000002, 0.634075
3.63, 3818.196222, 400.000000, 15000.000000, 400.000000, 0.014216, -118.677607, -3922.660000, 3803.982393, 0.014216, 0.014216, 0.014216, -0.014214, 3803.982393, 3818.196222, -14.213829, -0.014214, -0.014214, -0.014214, -118.677607, -118.677607, 0.014216, -14.213829, -0.014214, 1000.000000, -3922.660000, 0.014216, 400.000000, 0.014216, 3803.982393, 3803.982393, 3803.982393, 3803.982393, -0.014214, 0.000002, 0.014216, 3803.982393, -0.000266, 1.140935, -0.014214, 0.254546, 0.261511, -118.677607, 5.686456, 0.000000, 0.014216, 1.140935, 1.000000, 0.014216, 1.140935, 0.100000, 0.000000, 10.000000, 4194.773475, 0.000000, 0.000000, 4194.773475, 0.100000, 0.100000, 0.100000, 0.100000, 0.100000, 1.000000, 4194.978018, 0.000000, 0.100000, -6.283185, 0.000000, 4194.978018, 40.000000, 400.000000, 150000.000000, 40.000000, -0.000266, -0.936528, 3803.648546, -392.266000, 4194.978018, -0.000266, -0.000266, -0.000266, -0.000266, 0.000266, 4194.978018, 4194.978018, 0.000000, 0.000266, 0.000266, 0.000266, 3803.648546, 3803.648546, -0.000266, 0.000000, 0.000266, 0.000000, -392.266000, -0.000266, 40.000000, -0.000266, 4194.978018, 4194.978018, 4194.978018, 4194.978018, 0.000266, 0.000000, -0.000266, 4194.978018, 0.000000, 3803.982393, -0.000266, 0.634074, 0.000266, 0.027967, 0.028766, -0.936528, -0.010646, 0.000000, -0.000266, 0.634074, 0.500000, -0.000266, 0.634074
3.64, 3816.246990, 400.000000, 15000.000000, 400.000000, 0.011254, -117.933540, -3922.660000, 3804.726460, 0.011254, 0.011254, 0.011254, -0.011521, 3804.726460, 3816.246990, -11.520530, -0.011521, -0.011521, -0.011521, -117.933540, -117.933540, 0.011254, -11.520530, -0.011521, 1000.000000, -3922.660000, 0.011254, 400.000000, 0.011254, 3804.726460, 3804.726460, 3804.726460, 3804.726460, -0.011521, -0.000266, 0.011254, 3804.726460, -0.000515, 1.141062, -0.011521, 0.254416, 0.261511, -117.933540, 4.501756, 0.000000, 0.011254, 1.141062, 1.000000, 0.011254, 1.141062, 0.100000, 0.000000, 10.000000, 4194.978018, 0.000000, 0.000000, 4194.978018, 0.100000, 0.100000, 0.100000, 0.100000, 0.100000, 1.000000, 4195.581626, 0.000000, 0.100000, -6.283185, 0.000000, 4195.581626, 40.000000, 400.000000, 150000.000000, 40.000000, -0.000515, -0.666767, 3803.982393, -392.266000, 4195.581626, -0.000515, -0.000515, -0.000515, -0.000515, 0.000515, 4195.581626, 4195.581626, 0.000000, 0.000515, 0.000515, 0.000515, 3803.982393, 3803.982393, -0.000515, 0.000000, 0.000515, 0.000000, -392.266000, -0.000515, 40.000000, -0.000515, 4195.581626, 4195.581626, 4195.581626, 4195.581626, 0.000515, 0.000000, -0.000515, 4195.581626, 0.000000, 3804.726460, -0.000515, 0.634070, 0.000515, 0.027971, 0.028766, -0.666767, -0.020590, 0.000000, -0.000515, 0.634070, 0.500000, -0.000515, 0.634070
3.65, 3814.703008, 400.000000, 15000.000000, 400.000000, 0.008317, -116.788270, -3922.660000, 3805.871730, 0.008317, 0.008317, 0.008317, -0.008831, 3805.871730, 3814.703008, -8.831278, -0.008831, -0.008831, -0.008831, -116.788270, -116.788270, 0.008317, -8.831278, -0.008831, 1000.000000, -3922.660000, 0.008317, 400.000000, 0.008317, 3805.871730, 3805.871730, 3805.871730, 3805.871730, -0.008831, -0.000515, 0.008317, 3805.871730, -0.000750, 1.141160, -0.008831, 0.254314, 0.261511, -116.788270, 3.326610, 0.000000, 0.008317, 1.141160, 1.000000, 0.008317, 1.141160, 0.100000, 0.000000, 10.000000, 4195.581626, 0.000000, 0.000000, 4195.581626, 0.100000, 0.100000, 0.100000, 0.100000, 0.100000, 1.000000, 4196.558396, 0.000000, 0.100000, -6.283185, 0.000000, 4196.558396, 40.000000, 400.000000, 150000.000000, 40.000000, -0.000750, -0.434064, 3804.726460, -392.266000, 4196.558396, -0.000750, -0.000750, -0.000750, -0.000750, 0.000750, 4196.558396, 4196.558396, 0.000000, 0.000750, 0.000750, 0.000750, 3804.726460, 3804.726460, -0.000750, 0.000000, 0.000750, 0.000000, -392.266000, -0.000750, 40.000000, -0.000750, 4196.558396, 4196.558396, 4196.558396, 4196.558396, 0.000750, 0.000000, -0.000750, 4196.558396, 0.000000, 3805.871730, -0.000750, 0.634063, 0.000750, 0.027977, 0.028766, -0.434064, -0.029990, 0.000000, -0.000750, 0.634063, 0.500000, -0.000750, 0.634063
3.66, 3813.562016, 400.000000, 15000.000000, 400.000000, 0.005412, -115.260009, -3922.660000, 3807.399991, 0.005412, 0.005412, 0.005412, -0.006162, 3807.399991, 3813.562016, -6.162025, -0.006162, -0.006162, -0.006162, -115.260009, -115.260009, 0.005412, -6.162025, -0.006162, 1000.000000, -3922.660000, 0.005412, 400.000000, 0.005412, 3807.399991, 3807.399991, 3807.399991, 3807.399991, -0.006162, -0.000750, 0.005412, 3807.399991, -0.000980, 1.141229, -0.006162, 0.254237, 0.261511, -115.260009, 2.164909, 0.000000, 0.005412, 1.141229, 1.000000, 0.005412, 1.141229, 0.100000, 0.000000, 10.000000, 4196.558396, 0.000000, 0.000000, 4196.558396, 0.100000, 0.100000, 0.100000, 0.100000, 0.100000, 1.000000, 4197.894309, 0.000000, 0.100000, -6.283185, 0.000000, 4197.894309, 40.000000, 400.000000, 150000.000000, 40.000000, -0.000980, -0.243421, 3805.871730, -392.266000, 4197.894309, -0.000980, -0.000980, -0.000980, -0.000980, 0.000980, 4197.894309, 4197.894309, 0.000000, 0.000980, 0.000980, 0.000980, 3805.871730, 3805.871730, -0.000980, 0.000000, 0.000980, 0.000000, -392.266000, -0.000980, 40.000000, -0.000980, 4197.894309, 4197.894309, 4197.894309, 4197.894309, 0.000980, 0.000000, -0.000980, 4197.894309, 0.000000, 3807.399991, -0.000980, 0.634054, 0.000980, 0.027986, 0.028766, -0.243421, -0.039209, 0.000000, -0.000980, 0.634054, 0.500000, -0.000980, 0.634054
3.67, 3812.818983, 400.000000, 15000.000000, 400.000000, 0.002551, -113.372049, -3922.660000, 3809.287951, 0.002551, 0.002551, 0.002551, -0.003531, 3809.287951, 3812.818983, -3.531031, -0.003531, -0.003531, -0.003531, -113.372049, -113.372049, 0.002551, -3.531031, -0.003531, 1000.000000, -3922.660000, 0.002551, 400.000000, 0.002551, 3809.287951, 3809.287951, 3809.287951, 3809.287951, -0.003531, -0.000980, 0.002551, 3809.287951, -0.001213, 1.141268, -0.003531, 0.254188, 0.261511, -113.372049, 1.020323, 0.000000, 0.002551, 1.141268, 1.000000, 0.002551, 1.141268, 0.100000, 0.000000, 10.000000, 4197.894309, 0.000000, 0.000000, 4197.894309, 0.100000, 0.100000, 0.100000, 0.100000, 0.100000, 1.000000, 4199.587427, 0.000000, 0.100000, -6.283185, 0.000000, 4199.587427, 40.000000, 400.000000, 150000.000000, 40.000000, -0.001213, -0.078564, 3807.399991, -392.266000, 4199.587427, -0.001213, -0.001213, -0.001213, -0.001213, 0.001213, 4199.587427, 4199.587427, 0.000000, 0.001213, 0.001213, 0.001213, 3807.399991, 3807.399991, -0.001213, 0.000000, 0.001213, 0.000000, -392.266000, -0.001213, 40.000000, -0.001213, 4199.587427, 4199.587427, 4199.587427, 4199.587427, 0.001213, 0.000000, -0.001213, 4199.587427, 0.000000, 3809.287951, -0.001213, 0.634043, 0.001213, 0.027997, 0.028766, -0.078564, -0.048506, 0.000000, -0.001213, 0.634043, 0.500000, -0.001213, 0.634043
3.68, 3812.466559, 400.000000, 15000.000000, 400.000000, -0.000259, -111.146855, -3922.660000, 3811.513145, -0.000259, -0.000259, -0.000259, -0.000953, 3811.513145, 3812.466559, -0.953414, -0.000953, -0.000953, -0.000953, -111.146855, -111.146855, -0.000259, -0.953414, -0.000953, 1000.000000, -3922.660000, -0.000259, 400.000000, -0.000259, 3811.513145, 3811.513145, 3811.513145, 3811.513145, -0.000953, -0.001213, -0.000259, 3811.513145, -0.001447, 1.141280, -0.000953, 0.254164, 0.261511, -111.146855, -0.103692, 0.000000, -0.000259, 1.141280, 1.000000, -0.000259, 1.141280, 0.100000, 0.000000, 10.000000, 4199.587427, 0.000000, 0.000000, 4199.587427, 0.100000, 0.100000, 0.100000, 0.100000, 0.100000, 1.000000, 4201.641089, 0.000000, 0.100000, -6.283185, 0.000000, 4201.641089, 40.000000, 400.000000, 150000.000000, 40.000000, -0.001447, 0.087138, 3809.287951, -392.266000, 4201.641089, -0.001447, -0.001447, -0.001447, -0.001447, 0.001447, 4201.641089, 4201.641089, 0.000000, 0.001447, 0.001447, 0.001447, 3809.287951, 3809.287951, -0.001447, 0.000000, 0.001447, 0.000000, -392.266000, -0.001447, 40.000000, -0.001447, 4201.641089, 4201.641089, 4201.641089, 4201.641089, 0.001447, 0.000000, -0.001447, 4201.641089, 0.000000, 3811.513145, -0.001447, 0.634029, 0.001447, 0.028011, 0.028766, 0.087138, -0.057893, 0.000000, -0.001447, 0.634029, 0.500000, -0.001447, 0.634029
3.69, 3812.496072, 400.000000, 15000.000000, 400.000000, -0.003010, -108.601626, -3922.660000, 3814.058374, -0.003010, -0.003010, -0.003010, 0.001562, 3814.058374, 3812.496072, 1.562302, 0.001562, 0.001562, 0.001562, -108.601626, -108.601626, -0.003010, 1.562302, 0.001562, 1000.000000, -3922.660000, -0.003010, 400.000000, -0.003010, 3814.058374, 3814.058374, 3814.058374, 3814.058374, 0.001562, -0.001447, -0.003010, 3814.058374, -0.001678, 1.141263, 0.001562, 0.254166, 0.261511, -108.601626, -1.203852, 0.000000, -0.003010, 1.141263, 1.000000, -0.003010, 1.141263, 0.100000, 0.000000, 10.000000, 4201.641089, 0.000000, 0.000000, 4201.641089, 0.100000, 0.100000, 0.100000, 0.100000, 0.100000, 1.000000, 4204.054376, 0.000000, 0.100000, -6.283185, 0.000000, 4204.054376, 40.000000, 400.000000, 150000.000000, 40.000000, -0.001678, 0.275231, 3811.513145, -392.266000, 4204.054376, -0.001678, -0.001678, -0.001678, -0.001678, 0.001678, 4204.054376, 4204.054376, 0.000000, 0.001678, 0.001678, 0.001678, 3811.513145, 3811.513145, -0.001678, 0.000000, 0.001678, 0.000000, -392.266000, -0.001678, 40.000000, -0.001678, 4204.054376, 4204.054376, 4204.054376, 4204.054376, 0.001678, 0.000000, -0.001678, 4204.054376, 0.000000, 3814.058374, -0.001678, 0.634013, 0.001678, 0.028027, 0.028766, 0.275231, -0.067139, 0.000000, -0.001678, 0.634013, 0.500000, -0.001678, 0.634013
3.7, 3812.898493, 400.000000, 15000.000000, 400.000000, -0.005692, -105.747517, -3922.660000, 3816.912483, -0.005692, -0.005692, -0.005692, 0.004014, 3816.912483, 3812.898493, 4.013989, 0.004014, 0.004014, 0.004014, -105.747517, -105.747517, -0.005692, 4.013989, 0.004014, 1000.000000, -3922.660000, -0.005692, 400.000000, -0.005692, 3816.912483, 3816.912483, 3816.912483, 3816.912483, 0.004014, -0.001678, -0.005692, 3816.912483, -0.001897, 1.141220, 0.004014, 0.254193, 0.261511, -105.747517, -2.276984, 0.000000, -0.005692, 1.141220, 1.000000, -0.005692, 1.141220, 0.100000, 0.000000, 10.000000, 4204.054376, 0.000000, 0.000000, 4204.054376, 0.100000, 0.100000, 0.100000, 0.100000, 0.100000, 1.000000, 4206.815207, 0.000000, 0.100000, -6.283185, 0.000000, 4206.815207, 40.000000, 400.000000, 150000.000000, 40.000000, -0.001897, 0.490833, 3814.058374, -392.266000, 4206.815207, -0.001897, -0.001897, -0.001897, -0.001897, 0.001897, 4206.815207, 4206.815207, 0.000000, 0.001897, 0.001897, 0.001897, 3814.058374, 3814.058374, -0.001897, 0.000000, 0.001897, 0.000000, -392.266000, -0.001897, 40.000000, -0.001897, 4206.815207, 4206.815207, 4206.815207, 4206.815207, 0.001897, 0.000000, -0.001897, 4206.815207, 0.000000, 3816.912483, -0.001897, 0.633995, 0.001897, 0.028045, 0.028766, 0.490833, -0.075899, 0.000000, -0.001897, 0.633995, 0.500000, -0.001897, 0.633995
3.71, 3813.664900, 400.000000, 15000.000000, 400.000000, -0.008300, -102.592591, -3922.660000, 3820.067409, -0.008300, -0.008300, -0.008300, 0.006403, 3820.067409, 3813.664900, 6.402509, 0.006403, 0.006403, 0.006403, -102.592591, -102.592591, -0.008300, 6.402509, 0.006403, 1000.000000, -3922.660000, -0.008300, 400.000000, -0.008300, 3820.067409, 3820.067409, 3820.067409, 3820.067409, 0.006403, -0.001897, -0.008300, 3820.067409, -0.002098, 1.141150, 0.006403, 0.254244, 0.261511, -102.592591, -3.319996, 0.000000, -0.008300, 1.141150, 1.000000, -0.008300, 1.141150, 0.100000, 0.000000, 10.000000, 4206.815207, 0.000000, 0.000000, 4206.815207, 0.100000, 0.100000, 0.100000, 0.100000, 0.100000, 1.000000, 4209.899541, 0.000000, 0.100000, -6.283185, 0.000000, 4209.899541, 40.000000, 400.000000, 150000.000000, 40.000000, -0.002098, 0.721059, 3816.912483, -392.266000, 4209.899541, -0.002098, -0.002098, -0.002098, -0.002098, 0.002098, 4209.899541, 4209.899541, 0.000000, 0.002098, 0.002098, 0.002098, 3816.912483, 3816.912483, -0.002098, 0.000000, 0.002098, 0.000000, -392.266000, -0.002098, 40.000000, -0.002098, 4209.899541, 4209.899541, 4209.899541, 4209.899541, 0.002098, 0.000000, -0.002098, 4209.899541, 0.000000, 3820.067409, -0.002098, 0.633974, 0.002098, 0.028066, 0.028766, 0.721059, -0.083901, 0.000000, -0.002098, 0.633974, 0.500000, -0.002098, 0.633974
3.72, 3814.786258, 400.000000, 15000.000000, 400.000000, -0.010825, -99.146532, -3922.660000, 3823.513468, -0.010825, -0.010825, -0.010825, 0.008727, 3823.513468, 3814.786258, 8.727210, 0.008727, 0.008727, 0.008727, -99.146532, -99.146532, -0.010825, 8.727210, 0.008727, 1000.000000, -3922.660000, -0.010825, 400.000000, -0.010825, 3823.513468, 3823.513468, 3823.513468, 3823.513468, 0.008727, -0.002098, -0.010825, 3823.513468, -0.002277, 1.141054, 0.008727, 0.254319, 0.261511, -99.146532, -4.329896, 0.000000, -0.010825, 1.141054, 1.000000, -0.010825, 1.141054, 0.100000, 0.000000, 10.000000, 4209.899541, 0.000000, 0.000000, 4209.899541, 0.100000, 0.100000, 0.100000, 0.100000, 0.100000, 1.000000, 4213.276607, 0.000000, 0.100000, -6.283185, 0.000000, 4213.276607, 40.000000, 400.000000, 150000.000000, 40.000000, -0.002277, 0.943198, 3820.067409, -392.266000, 4213.276607, -0.002277, -0.002277, -0.002277, -0.002277, 0.002277, 4213.276607, 4213.276607, 0.000000, 0.002277, 0.002277, 0.002277, 3820.067409, 3820.067409, -0.002277, 0.000000, 0.002277, 0.000000, -392.266000, -0.002277, 40.000000, -0.002277, 4213.276607, 4213.276607, 4213.276607, 4213.276607, 0.002277, 0.000000, -0.002277, 4213.276607, 0.000000, 3823.513468, -0.002277, 0.633952, 0.002277, 0.028089, 0.028766, 0.943198, -0.091071, 0.000000, -0.002277, 0.633952, 0.500000, -0.002277, 0.633952
3.73, 3816.252730, 400.000000, 15000.000000, 400.000000, -0.013260, -95.424442, -3922.660000, 3827.235558, -0.013260, -0.013260, -0.013260, 0.010983, 3827.235558, 3816.252730, 10.982828, 0.010983, 0.010983, 0.010983, -95.424442, -95.424442, -0.013260, 10.982828, 0.010983, 1000.000000, -3922.660000, -0.013260, 400.000000, -0.013260, 3827.235558, 3827.235558, 3827.235558, 3827.235558, 0.010983, -0.002277, -0.013260, 3827.235558, -0.002439, 1.140934, 0.010983, 0.254417, 0.261511, -95.424442, -5.303839, 0.000000, -0.013260, 1.140934, 1.000000, -0.013260, 1.140934, 0.100000, 0.000000, 10.000000, 4213.276607, 0.000000, 0.000000, 4213.276607, 0.100000, 0.100000, 0.100000, 0.100000, 0.100000, 1.000000, 4216.916868, 0.000000, 0.100000, -6.283185, 0.000000, 4216.916868, 40.000000, 400.000000, 150000.000000, 40.000000, -0.002439, 1.137400, 3823.513468, -392.266000, 4216.916868, -0.002439, -0.002439, -0.002439, -0.002439, 0.002439, 4216.916868, 4216.916868, 0.000000, 0.002439, 0.002439, 0.002439, 3823.513468, 3823.513468, -0.002439, 0.000000, 0.002439, 0.000000, -392.266000, -0.002439, 40.000000, -0.002439, 4216.916868, 4216.916868, 4216.916868, 4216.916868, 0.002439, 0.000000, -0.002439, 4216.916868, 0.000000, 3827.235558, -0.002439, 0.633927, 0.002439, 0.028113, 0.028766, 1.137400, -0.097545, 0.000000, -0.002439, 0.633927, 0.500000, -0.002439, 0.633927
3.74, 3818.052945, 400.000000, 15000.000000, 400.000000, -0.015598, -91.447724, -3922.660000, 3831.212276, -0.015598, -0.015598, -0.015598, 0.013159, 3831.212276, 3818.052945, 13.159331, 0.013159, 0.013159, 0.013159, -91.447724, -91.447724, -0.015598, 13.159331, 0.013159, 1000.000000, -3922.660000, -0.015598, 400.000000, -0.015598, 3831.212276, 3831.212276, 3831.212276, 3831.212276, 0.013159, -0.002439, -0.015598, 3831.212276, -0.002589, 1.140789, 0.013159, 0.254537, 0.261511, -91.447724, -6.239187, 0.000000, -0.015598, 1.140789, 1.000000, -0.015598, 1.140789, 0.100000, 0.000000, 10.000000, 4216.916868, 0.000000, 0.000000, 4216.916868, 0.100000, 0.100000, 0.100000, 0.100000, 0.100000, 1.000000, 4220.798284, 0.000000, 0.100000, -6.283185, 0.000000, 4220.798284, 40.000000, 400.000000, 150000.000000, 40.000000, -0.002589, 1.296727, 3827.235558, -392.266000, 4220.798284, -0.002589, -0.002589, -0.002589, -0.002589, 0.002589, 4220.798284, 4220.798284, 0.000000, 0.002589, 0.002589, 0.002589, 3827.235558, 3827.235558, -0.002589, 0.000000, 0.002589, 0.000000, -392.266000, -0.002589, 40.000000, -0.002589, 4220.798284, 4220.798284, 4220.798284, 4220.798284, 0.002589, 0.000000, -0.002589, 4220.798284, 0.000000, 3831.212276, -0.002589, 0.633901, 0.002589, 0.028139, 0.028766, 1.296727, -0.103574, 0.000000, -0.002589, 0.633901, 0.500000, -0.002589, 0.633901
3.75, 3820.173664, 400.000000, 15000.000000, 400.000000, -0.017834, -87.241811, -3922.660000, 3835.418189, -0.017834, -0.017834, -0.017834, 0.015245, 3835.418189, 3820.173664, 15.244525, 0.015245, 0.015245, 0.015245, -87.241811, -87.241811, -0.017834, 15.244525, 0.015245, 1000.000000, -3922.660000, -0.017834, 400.000000, -0.017834, 3835.418189, 3835.418189, 3835.418189, 3835.418189, 0.015245, -0.002589, -0.017834, 3835.418189, -0.002734, 1.140622, 0.015245, 0.254678, 0.261511, -87.241811, -7.133550, 0.000000, -0.017834, 1.140622, 1.000000, -0.017834, 1.140622, 0.100000, 0.000000, 10.000000, 4220.798284, 0.000000, 0.000000, 4220.798284, 0.100000, 0.100000, 0.100000, 0.100000, 0.100000, 1.000000, 4224.907728, 0.000000, 0.100000, -6.283185, 0.000000, 4224.907728, 40.000000, 400.000000, 150000.000000, 40.000000, -0.002734, 1.429452, 3831.212276, -392.266000, 4224.907728, -0.002734, -0.002734, -0.002734, -0.002734, 0.002734, 4224.907728, 4224.907728, 0.000000, 0.002734, 0.002734, 0.002734, 3831.212276, 3831.212276, -0.002734, 0.000000, 0.002734, 0.000000, -392.266000, -0.002734, 40.000000, -0.002734, 4224.907728, 4224.907728, 4224.907728, 4224.907728, 0.002734, 0.000000, -0.002734, 4224.907728, 0.000000, 3835.418189, -0.002734, 0.633874, 0.002734, 0.028166, 0.028766, 1.429452, -0.109367, 0.000000, -0.002734, 0.633874, 0.500000, -0.002734, 0.633874
3.76, 3822.600008, 400.000000, 15000.000000, 400.000000, -0.019962, -82.832191, -3922.660000, 3839.827809, -0.019962, -0.019962, -0.019962, 0.017228, 3839.827809, 3822.600008, 17.227801, 0.017228, 0.017228, 0.017228, -82.832191, -82.832191, -0.019962, 17.227801, 0.017228, 1000.000000, -3922.660000, -0.019962, 400.000000, -0.019962, 3839.827809, 3839.827809, 3839.827809, 3839.827809, 0.017228, -0.002734, -0.019962, 3839.827809, -0.002875, 1.140433, 0.017228, 0.254840, 0.261511, -82.832191, -7.984789, 0.000000, -0.019962, 1.140433, 1.000000, -0.019962, 1.140433, 0.100000, 0.000000, 10.000000, 4224.907728, 0.000000, 0.000000, 4224.907728, 0.100000, 0.100000, 0.100000, 0.100000, 0.100000, 1.000000, 4229.237267, 0.000000, 0.100000, -6.283185, 0.000000, 4229.237267, 40.000000, 400.000000, 150000.000000, 40.000000, -0.002875, 1.553077, 3835.418189, -392.266000, 4229.237267, -0.002875, -0.002875, -0.002875, -0.002875, 0.002875, 4229.237267, 4229.237267, 0.000000, 0.002875, 0.002875, 0.002875, 3835.418189, 3835.418189, -0.002875, 0.000000, 0.002875, 0.000000, -392.266000, -0.002875, 40.000000, -0.002875, 4229.237267, 4229.237267, 4229.237267, 4229.237267, 0.002875, 0.000000, -0.002875, 4229.237267, 0.000000, 3839.827809, -0.002875, 0.633845, 0.002875, 0.028195, 0.028766, 1.553077, -0.114981, 0.000000, -0.002875, 0.633845, 0.500000, -0.002875, 0.633845
3.77, 3825.316110, 400.000000, 15000.000000, 400.000000, -0.021977, -78.240961, -3922.660000, 3844.419039, -0.021977, -0.021977, -0.021977, 0.019103, 3844.419039, 3825.316110, 19.102928, 0.019103, 0.019103, 0.019103, -78.240961, -78.240961, -0.021977, 19.102928, 0.019103, 1000.000000, -3922.660000, -0.021977, 400.000000, -0.021977, 3844.419039, 3844.419039, 3844.419039, 3844.419039, 0.019103, -0.002875, -0.021977, 3844.419039, -0.003007, 1.140223, 0.019103, 0.255021, 0.261511, -78.240961, -8.790986, 0.000000, -0.021977, 1.140223, 1.000000, -0.021977, 1.140223, 0.100000, 0.000000, 10.000000, 4229.237267, 0.000000, 0.000000, 4229.237267, 0.100000, 0.100000, 0.100000, 0.100000, 0.100000, 1.000000, 4233.777793, 0.000000, 0.100000, -6.283185, 0.000000, 4233.777793, 40.000000, 400.000000, 150000.000000, 40.000000, -0.003007, 1.683984, 3839.827809, -392.266000, 4233.777793, -0.003007, -0.003007, -0.003007, -0.003007, 0.003007, 4233.777793, 4233.777793, 0.000000, 0.003007, 0.003007, 0.003007, 3839.827809, 3839.827809, -0.003007, 0.000000, 0.003007, 0.000000, -392.266000, -0.003007, 40.000000, -0.003007, 4233.777793, 4233.777793, 4233.777793, 4233.777793, 0.003007, 0.000000, -0.003007, 4233.777793, 0.000000, 3844.419039, -0.003007, 0.633815, 0.003007, 0.028225, 0.028766, 1.683984, -0.120300, 0.000000, -0.003007, 0.633815, 0.500000, -0.003007, 0.633815
3.78, 3828.305851, 400.000000, 15000.000000, 400.000000, -0.023876, -73.485651, -3922.660000, 3849.174349, -0.023876, -0.023876, -0.023876, 0.020868, 3849.174349, 3828.305851, 20.868498, 0.020868, 0.020868, 0.020868, -73.485651, -73.485651, -0.023876, 20.868498, 0.020868, 1000.000000, -3922.660000, -0.023876, 400.000000, -0.023876, 3849.174349, 3849.174349, 3849.174349, 3849.174349, 0.020868, -0.003007, -0.023876, 3849.174349, -0.003128, 1.139994, 0.020868, 0.255220, 0.261511, -73.485651, -9.550395, 0.000000, -0.023876, 1.139994, 1.000000, -0.023876, 1.139994, 0.100000, 0.000000, 10.000000, 4233.777793, 0.000000, 0.000000, 4233.777793, 0.100000, 0.100000, 0.100000, 0.100000, 0.100000, 1.000000, 4238.513667, 0.000000, 0.100000, -6.283185, 0.000000, 4238.513667, 40.000000, 400.000000, 150000.000000, 40.000000, -0.003128, 1.828628, 3844.419039, -392.266000, 4238.513667, -0.003128, -0.003128, -0.003128, -0.003128, 0.003128, 4238.513667, 4238.513667, 0.000000, 0.003128, 0.003128, 0.003128, 3844.419039, 3844.419039, -0.003128, 0.000000, 0.003128, 0.000000, -392.266000, -0.003128, 40.000000, -0.003128, 4238.513667, 4238.513667, 4238.513667, 4238.513667, 0.003128, 0.000000, -0.003128, 4238.513667, 0.000000, 3849.174349, -0.003128, 0.633783, 0.003128, 0.028257, 0.028766, 1.828628, -0.125103, 0.000000, -0.003128, 0.633783, 0.500000, -0.003128, 0.633783
3.79, 3831.553300, 400.000000, 15000.000000, 400.000000, -0.025654, -68.580706, -3922.660000, 3854.079294, -0.025654, -0.025654, -0.025654, 0.022526, 3854.079294, 3831.553300, 22.525994, 0.022526, 0.022526, 0.022526, -68.580706, -68.580706, -0.025654, 22.525994, 0.022526, 1000.000000, -3922.660000, -0.025654, 400.000000, -0.025654, 3854.079294, 3854.079294, 3854.079294, 3854.079294, 0.022526, -0.003128, -0.025654, 3854.079294, -0.003230, 1.139746, 0.022526, 0.255437, 0.261511, -68.580706, -10.261424, 0.000000, -0.025654, 1.139746, 1.000000, -0.025654, 1.139746, 0.100000, 0.000000, 10.000000, 4238.513667, 0.000000, 0.000000, 4238.513667, 0.100000, 0.100000, 0.100000, 0.100000, 0.100000, 1.000000, 4243.421174, 0.000000, 0.100000, -6.283185, 0.000000, 4243.421174, 40.000000, 400.000000, 150000.000000, 40.000000, -0.003230, 1.980825, 3849.174349, -392.266000, 4243.421174, -0.003230, -0.003230, -0.003230, -0.003230, 0.003230, 4243.421174, 4243.421174, 0.000000, 0.003230, 0.003230, 0.003230, 3849.174349, 3849.174349, -0.003230, 0.000000, 0.003230, 0.000000, -392.266000, -0.003230, 40.000000, -0.003230, 4243.421174, 4243.421174, 4243.421174, 4243.421174, 0.003230, 0.000000, -0.003230, 4243.421174, 0.000000, 3854.079294, -0.003230, 0.633751, 0.003230, 0.028289, 0.028766, 1.980825, -0.129193, 0.000000, -0.003230, 0.633751, 0.500000, -0.003230, 0.633751
3.8, 3835.042694, 400.000000, 15000.000000, 400.000000, -0.027307, -63.540571, -3922.660000, 3859.119429, -0.027307, -0.027307, -0.027307, 0.024077, 3859.119429, 3835.042694, 24.076735, 0.024077, 0.024077, 0.024077, -63.540571, -63.540571, -0.027307, 24.076735, 0.024077, 1000.000000, -3922.660000, -0.027307, 400.000000, -0.027307, 3859.119429, 3859.119429, 3859.119429, 3859.119429, 0.024077, -0.003230, -0.027307, 3859.119429, -0.003312, 1.139481, 0.024077, 0.255670, 0.261511, -63.540571, -10.922623, 0.000000, -0.027307, 1.139481, 1.000000, -0.027307, 1.139481, 0.100000, 0.000000, 10.000000, 4243.421174, 0.000000, 0.000000, 4243.421174, 0.100000, 0.100000, 0.100000, 0.100000, 0.100000, 1.000000, 4248.471315, 0.000000, 0.100000, -6.283185, 0.000000, 4248.471315, 40.000000, 400.000000, 150000.000000, 40.000000, -0.003312, 2.126021, 3854.079294, -392.266000, 4248.471315, -0.003312, -0.003312, -0.003312, -0.003312, 0.003312, 4248.471315, 4248.471315, 0.000000, 0.003312, 0.003312, 0.003312, 3854.079294, 3854.079294, -0.003312, 0.000000, 0.003312, 0.000000, -392.266000, -0.003312, 40.000000, -0.003312, 4248.471315, 4248.471315, 4248.471315, 4248.471315, 0.003312, 0.000000, -0.003312, 4248.471315, 0.000000, 3859.119429, -0.003312, 0.633717, 0.003312, 0.028323, 0.028766, 2.126021, -0.132495, 0.000000, -0.003312, 0.633717, 0.500000, -0.003312, 0.633717
3.81, 3838.758054, 400.000000, 15000.000000, 400.000000, -0.028832, -58.382537, -3922.660000, 3864.277463, -0.028832, -0.028832, -0.028832, 0.025519, 3864.277463, 3838.758054, 25.519409, 0.025519, 0.025519, 0.025519, -58.382537, -58.382537, -0.028832, 25.519409, 0.025519, 1000.000000, -3922.660000, -0.028832, 400.000000, -0.028832, 3864.277463, 3864.277463, 3864.277463, 3864.277463, 0.025519, -0.003312, -0.028832, 3864.277463, -0.003377, 1.139200, 0.025519, 0.255917, 0.261511, -58.382537, -11.532718, 0.000000, -0.028832, 1.139200, 1.000000, -0.028832, 1.139200, 0.100000, 0.000000, 10.000000, 4248.471315, 0.000000, 0.000000, 4248.471315, 0.100000, 0.100000, 0.100000, 0.100000, 0.100000, 1.000000, 4253.635094, 0.000000, 0.100000, -6.283185, 0.000000, 4253.635094, 40.000000, 400.000000, 150000.000000, 40.000000, -0.003377, 2.249665, 3859.119429, -392.266000, 4253.635094, -0.003377, -0.003377, -0.003377, -0.003377, 0.003377, 4253.635094, 4253.635094, 0.000000, 0.003377, 0.003377, 0.003377, 3859.119429, 3859.119429, -0.003377, 0.000000, 0.003377, 0.000000, -392.266000, -0.003377, 40.000000, -0.003377, 4253.635094, 4253.635094, 4253.635094, 4253.635094, 0.003377, 0.000000, -0.003377, 4253.635094, 0.000000, 3864.277463, -0.003377, 0.633683, 0.003377, 0.028358, 0.028766, 2.249665, -0.135086, 0.000000, -0.003377, 0.633683, 0.500000, -0.003377, 0.633683
3.82, 3842.682687, 400.000000, 15000.000000, 400.000000, -0.030227, -53.127837, -3922.660000, 3869.532163, -0.030227, -0.030227, -0.030227, 0.026849, 3869.532163, 3842.682687, 26.849476, 0.026849, 0.026849, 0.026849, -53.127837, -53.127837, -0.030227, 26.849476, 0.026849, 1000.000000, -3922.660000, -0.030227, 400.000000, -0.030227, 3869.532163, 3869.532163, 3869.532163, 3869.532163, 0.026849, -0.003377, -0.030227, 3869.532163, -0.003428, 1.138905, 0.026849, 0.256179, 0.261511, -53.127837, -12.090646, 0.000000, -0.030227, 1.138905, 1.000000, -0.030227, 1.138905, 0.100000, 0.000000, 10.000000, 4253.635094, 0.000000, 0.000000, 4253.635094, 0.100000, 0.100000, 0.100000, 0.100000, 0.100000, 1.000000, 4258.888308, 0.000000, 0.100000, -6.283185, 0.000000, 4258.888308, 40.000000, 400.000000, 150000.000000, 40.000000, -0.003428, 2.344845, 3864.277463, -392.266000, 4258.888308, -0.003428, -0.003428, -0.003428, -0.003428, 0.003428, 4258.888308, 4258.888308, 0.000000, 0.003428, 0.003428, 0.003428, 3864.277463, 3864.277463, -0.003428, 0.000000, 0.003428, 0.000000, -392.266000, -0.003428, 40.000000, -0.003428, 4258.888308, 4258.888308, 4258.888308, 4258.888308, 0.003428, 0.000000, -0.003428, 4258.888308, 0.000000, 3869.532163, -0.003428, 0.633648, 0.003428, 0.028393, 0.028766, 2.344845, -0.137135, 0.000000, -0.003428, 0.633648, 0.500000, -0.003428, 0.633648
3.83, 3846.798905, 400.000000, 15000.000000, 400.000000, -0.031489, -47.800518, -3922.660000, 3874.859482, -0.031489, -0.031489, -0.031489, 0.028061, 3874.859482, 3846.798905, 28.060577, 0.028061, 0.028061, 0.028061, -47.800518, -47.800518, -0.031489, 28.060577, 0.028061, 1000.000000, -3922.660000, -0.031489, 400.000000, -0.031489, 3874.859482, 3874.859482, 3874.859482, 3874.859482, 0.028061, -0.003428, -0.031489, 3874.859482, -0.003470, 1.138596, 0.028061, 0.256453, 0.261511, -47.800518, -12.595580, 0.000000, -0.031489, 1.138596, 1.000000, -0.031489, 1.138596, 0.100000, 0.000000, 10.000000, 4258.888308, 0.000000, 0.000000, 4258.888308, 0.100000, 0.100000, 0.100000, 0.100000, 0.100000, 1.000000, 4264.213364, 0.000000, 0.100000, -6.283185, 0.000000, 4264.213364, 40.000000, 400.000000, 150000.000000, 40.000000, -0.003470, 2.415202, 3869.532163, -392.266000, 4264.213364, -0.003470, -0.003470, -0.003470, -0.003470, 0.003470, 4264.213364, 4264.213364, 0.000000, 0.003470, 0.003470, 0.003470, 3869.532163, 3869.532163, -0.003470, 0.000000, 0.003470, 0.000000, -392.266000, -0.003470, 40.000000, -0.003470, 4264.213364, 4264.213364, 4264.213364, 4264.213364, 0.003470, 0.000000, -0.003470, 4264.213364, 0.000000, 3874.859482, -0.003470, 0.633612, 0.003470, 0.028428, 0.028766, 2.415202, -0.138813, 0.000000, -0.003470, 0.633612, 0.500000, -0.003470, 0.633612
3.84, 3851.088126, 400.000000, 15000.000000, 400.000000, -0.032617, -42.424848, -3922.660000, 3880.235152, -0.032617, -0.032617, -0.032617, 0.029147, 3880.235152, 3851.088126, 29.147026, 0.029147, 0.029147, 0.029147, -42.424848, -42.424848, -0.032617, 29.147026, 0.029147, 1000.000000, -3922.660000, -0.032617, 400.000000, -0.032617, 3880.235152, 3880.235152, 3880.235152, 3880.235152, 0.029147, -0.003470, -0.032617, 3880.235152, -0.003505, 1.138275, 0.029147, 0.256739, 0.261511, -42.424848, -13.046938, 0.000000, -0.032617, 1.138275, 1.000000, -0.032617, 1.138275, 0.100000, 0.000000, 10.000000, 4264.213364, 0.000000, 0.000000, 4264.213364, 0.100000, 0.100000, 0.100000, 0.100000, 0.100000, 1.000000, 4269.597463, 0.000000, 0.100000, -6.283185, 0.000000, 4269.597463, 40.000000, 400.000000, 150000.000000, 40.000000, -0.003505, 2.471981, 3874.859482, -392.266000, 4269.597463, -0.003505, -0.003505, -0.003505, -0.003505, 0.003505, 4269.597463, 4269.597463, 0.000000, 0.003505, 0.003505, 0.003505, 3874.859482, 3874.859482, -0.003505, 0.000000, 0.003505, 0.000000, -392.266000, -0.003505, 40.000000, -0.003505, 4269.597463, 4269.597463, 4269.597463, 4269.597463, 0.003505, 0.000000, -0.003505, 4269.597463, 0.000000, 3880.235152, -0.003505, 0.633576, 0.003505, 0.028464, 0.028766, 2.471981, -0.140197, 0.000000, -0.003505, 0.633576, 0.500000, -0.003505, 0.633576
3.85, 3855.531289, 400.000000, 15000.000000, 400.000000, -0.033611, -37.022752, -3922.660000, 3885.637248, -0.033611, -0.033611, -0.033611, 0.030106, 3885.637248, 3855.531289, 30.105959, 0.030106, 0.030106, 0.030106, -37.022752, -37.022752, -0.033611, 30.105959, 0.030106, 1000.000000, -3922.660000, -0.033611, 400.000000, -0.033611, 3885.637248, 3885.637248, 3885.637248, 3885.637248, 0.030106, -0.003505, -0.033611, 3885.637248, -0.003531, 1.137944, 0.030106, 0.257035, 0.261511, -37.022752, -13.444353, 0.000000, -0.033611, 1.137944, 1.000000, -0.033611, 1.137944, 0.100000, 0.000000, 10.000000, 4269.597463, 0.000000, 0.000000, 4269.597463, 0.100000, 0.100000, 0.100000, 0.100000, 0.100000, 1.000000, 4275.028472, 0.000000, 0.100000, -6.283185, 0.000000, 4275.028472, 40.000000, 400.000000, 150000.000000, 40.000000, -0.003531, 2.527320, 3880.235152, -392.266000, 4275.028472, -0.003531, -0.003531, -0.003531, -0.003531, 0.003531, 4275.028472, 4275.028472, 0.000000, 0.003531, 0.003531, 0.003531, 3880.235152, 3880.235152, -0.003531, 0.000000, 0.003531, 0.000000, -392.266000, -0.003531, 40.000000, -0.003531, 4275.028472, 4275.028472, 4275.028472, 4275.028472, 0.003531, 0.000000, -0.003531, 4275.028472, 0.000000, 3885.637248, -0.003531, 0.633540, 0.003531, 0.028500, 0.028766, 2.527320, -0.141244, 0.000000, -0.003531, 0.633540, 0.500000, -0.003531, 0.633540
3.86, 3860.109389, 400.000000, 15000.000000, 400.000000, -0.034469, -31.612585, -3922.660000, 3891.047415, -0.034469, -0.034469, -0.034469, 0.030938, 3891.047415, 3860.109389, 30.938027, 0.030938, 0.030938, 0.030938, -31.612585, -31.612585, -0.034469, 30.938027, 0.030938, 1000.000000, -3922.660000, -0.034469, 400.000000, -0.034469, 3891.047415, 3891.047415, 3891.047415, 3891.047415, 0.030938, -0.003531, -0.034469, 3891.047415, -0.003546, 1.137604, 0.030938, 0.257341, 0.261511, -31.612585, -13.787650, 0.000000, -0.034469, 1.137604, 1.000000, -0.034469, 1.137604, 0.100000, 0.000000, 10.000000, 4275.028472, 0.000000, 0.000000, 4275.028472, 0.100000, 0.100000, 0.100000, 0.100000, 0.100000, 1.000000, 4280.490926, 0.000000, 0.100000, -6.283185, 0.000000, 4280.490926, 40.000000, 400.000000, 150000.000000, 40.000000, -0.003546, 2.587678, 3885.637248, -392.266000, 4280.490926, -0.003546, -0.003546, -0.003546, -0.003546, 0.003546, 4280.490926, 4280.490926, 0.000000, 0.003546, 0.003546, 0.003546, 3885.637248, 3885.637248, -0.003546, 0.000000, 0.003546, 0.000000, -392.266000, -0.003546, 40.000000, -0.003546, 4280.490926, 4280.490926, 4280.490926, 4280.490926, 0.003546, 0.000000, -0.003546, 4280.490926, 0.000000, 3891.047415, -0.003546, 0.633504, 0.003546, 0.028537, 0.028766, 2.587678, -0.141826, 0.000000, -0.003546, 0.633504, 0.500000, -0.003546, 0.633504
3.87, 3864.803857, 400.000000, 15000.000000, 400.000000, -0.035192, -26.209761, -3922.660000, 3896.450239, -0.035192, -0.035192, -0.035192, 0.031646, 3896.450239, 3864.803857, 31.646381, 0.031646, 0.031646, 0.031646, -26.209761, -26.209761, -0.035192, 31.646381, 0.031646, 1000.000000, -3922.660000, -0.035192, 400.000000, -0.035192, 3896.450239, 3896.450239, 3896.450239, 3896.450239, 0.031646, -0.003546, -0.035192, 3896.450239, -0.003545, 1.137255, 0.031646, 0.257654, 0.261511, -26.209761, -14.076810, 0.000000, -0.035192, 1.137255, 1.000000, -0.035192, 1.137255, 0.100000, 0.000000, 10.000000, 4280.490926, 0.000000, 0.000000, 4280.490926, 0.100000, 0.100000, 0.100000, 0.100000, 0.100000, 1.000000, 4285.964308, 0.000000, 0.100000, -6.283185, 0.000000, 4285.964308, 40.000000, 400.000000, 150000.000000, 40.000000, -0.003545, 2.650893, 3891.047415, -392.266000, 4285.964308, -0.003545, -0.003545, -0.003545, -0.003545, 0.003545, 4285.964308, 4285.964308, 0.000000, 0.003545, 0.003545, 0.003545, 3891.047415, 3891.047415, -0.003545, 0.000000, 0.003545, 0.000000, -392.266000, -0.003545, 40.000000, -0.003545, 4285.964308, 4285.964308, 4285.964308, 4285.964308, 0.003545, 0.000000, -0.003545, 4285.964308, 0.000000, 3896.450239, -0.003545, 0.633467, 0.003545, 0.028573, 0.028766, 2.650893, -0.141810, 0.000000, -0.003545, 0.633467, 0.500000, -0.003545, 0.633467
3.88, 3869.596646, 400.000000, 15000.000000, 400.000000, -0.035780, -20.828697, -3922.660000, 3901.831303, -0.035780, -0.035780, -0.035780, 0.032235, 3901.831303, 3869.596646, 32.234657, 0.032235, 0.032235, 0.032235, -20.828697, -20.828697, -0.035780, 32.234657, 0.032235, 1000.000000, -3922.660000, -0.035780, 400.000000, -0.035780, 3901.831303, 3901.831303, 3901.831303, 3901.831303, 0.032235, -0.003545, -0.035780, 3901.831303, -0.003528, 1.136900, 0.032235, 0.257973, 0.261511, -20.828697, -14.311962, 0.000000, -0.035780, 1.136900, 1.000000, -0.035780, 1.136900, 0.100000, 0.000000, 10.000000, 4285.964308, 0.000000, 0.000000, 4285.964308, 0.100000, 0.100000, 0.100000, 0.100000, 0.100000, 1.000000, 4291.424354, 0.000000, 0.100000, -6.283185, 0.000000, 4291.424354, 40.000000, 400.000000, 150000.000000, 40.000000, -0.003528, 2.708115, 3896.450239, -392.266000, 4291.424354, -0.003528, -0.003528, -0.003528, -0.003528, 0.003528, 4291.424354, 4291.424354, 0.000000, 0.003528, 0.003528, 0.003528, 3896.450239, 3896.450239, -0.003528, 0.000000, 0.003528, 0.000000, -392.266000, -0.003528, 40.000000, -0.003528, 4291.424354, 4291.424354, 4291.424354, 4291.424354, 0.003528, 0.000000, -0.003528, 4291.424354, 0.000000, 3901.831303, -0.003528, 0.633431, 0.003528, 0.028609, 0.028766, 2.708115, -0.141136, 0.000000, -0.003528, 0.633431, 0.500000, -0.003528, 0.633431
3.89, 3874.470014, 400.000000, 15000.000000, 400.000000, -0.036233, -15.484890, -3922.660000, 3907.175110, -0.036233, -0.036233, -0.036233, 0.032705, 3907.175110, 3874.470014, 32.705095, 0.032705, 0.032705, 0.032705, -15.484890, -15.484890, -0.036233, 32.705095, 0.032705, 1000.000000, -3922.660000, -0.036233, 400.000000, -0.036233, 3907.175110, 3907.175110, 3907.175110, 3907.175110, 0.032705, -0.003528, -0.036233, 3907.175110, -0.003496, 1.136540, 0.032705, 0.258298, 0.261511, -15.484890, -14.493394, 0.000000, -0.036233, 1.136540, 1.000000, -0.036233, 1.136540, 0.100000, 0.000000, 10.000000, 4291.424354, 0.000000, 0.000000, 4291.424354, 0.100000, 0.100000, 0.100000, 0.100000, 0.100000, 1.000000, 4296.846441, 0.000000, 0.100000, -6.283185, 0.000000, 4296.846441, 40.000000, 400.000000, 150000.000000, 40.000000, -0.003496, 2.749138, 3901.831303, -392.266000, 4296.846441, -0.003496, -0.003496, -0.003496, -0.003496, 0.003496, 4296.846441, 4296.846441, 0.000000, 0.003496, 0.003496, 0.003496, 3901.831303, 3901.831303, -0.003496, 0.000000, 0.003496, 0.000000, -392.266000, -0.003496, 40.000000, -0.003496, 4296.846441, 4296.846441, 4296.846441, 4296.846441, 0.003496, 0.000000, -0.003496, 4296.846441, 0.000000, 3907.175110, -0.003496, 0.633394, 0.003496, 0.028646, 0.028766, 2.749138, -0.139845, 0.000000, -0.003496, 0.633394, 0.500000, -0.003496, 0.633394
3.9, 3879.406214, 400.000000, 15000.000000, 400.000000, -0.036554, -10.195988, -3922.660000, 3912.464012, -0.036554, -0.036554, -0.036554, 0.033058, 3912.464012, 3879.406214, 33.057798, 0.033058, 0.033058, 0.033058, -10.195988, -10.195988, -0.036554, 33.057798, 0.033058, 1000.000000, -3922.660000, -0.036554, 400.000000, -0.036554, 3912.464012, 3912.464012, 3912.464012, 3912.464012, 0.033058, -0.003496, -0.036554, 3912.464012, -0.003451, 1.136176, 0.033058, 0.258627, 0.261511, -10.195988, -14.621573, 0.000000, -0.036554, 1.136176, 1.000000, -0.036554, 1.136176, 0.100000, 0.000000, 10.000000, 4296.846441, 0.000000, 0.000000, 4296.846441, 0.100000, 0.100000, 0.100000, 0.100000, 0.100000, 1.000000, 4302.209108, 0.000000, 0.100000, -6.283185, 0.000000, 4302.209108, 40.000000, 400.000000, 150000.000000, 40.000000, -0.003451, 2.767998, 3907.175110, -392.266000, 4302.209108, -0.003451, -0.003451, -0.003451, -0.003451, 0.003451, 4302.209108, 4302.209108, 0.000000, 0.003451, 0.003451, 0.003451, 3907.175110, 3907.175110, -0.003451, 0.000000, 0.003451, 0.000000, -392.266000, -0.003451, 40.000000, -0.003451, 4302.209108, 4302.209108, 4302.209108, 4302.209108, 0.003451, 0.000000, -0.003451, 4302.209108, 0.000000, 3912.464012, -0.003451, 0.633359, 0.003451, 0.028681, 0.028766, 2.767998, -0.138060, 0.000000, -0.003451, 0.633359, 0.500000, -0.003451, 0.633359
3.91, 3884.387257, 400.000000, 15000.000000, 400.000000, -0.036743, -4.981341, -3922.660000, 3917.678659, -0.036743, -0.036743, -0.036743, 0.033291, 3917.678659, 3884.387257, 33.291402, 0.033291, 0.033291, 0.033291, -4.981341, -4.981341, -0.036743, 33.291402, 0.033291, 1000.000000, -3922.660000, -0.036743, 400.000000, -0.036743, 3917.678659, 3917.678659, 3917.678659, 3917.678659, 0.033291, -0.003451, -0.036743, 3917.678659, -0.003398, 1.135810, 0.033291, 0.258959, 0.261511, -4.981341, -14.697161, 0.000000, -0.036743, 1.135810, 1.000000, -0.036743, 1.135810, 0.100000, 0.000000, 10.000000, 4302.209108, 0.000000, 0.000000, 4302.209108, 0.100000, 0.100000, 0.100000, 0.100000, 0.100000, 1.000000, 4307.495847, 0.000000, 0.100000, -6.283185, 0.000000, 4307.495847, 40.000000, 400.000000, 150000.000000, 40.000000, -0.003398, 2.765835, 3912.464012, -392.266000, 4307.495847, -0.003398, -0.003398, -0.003398, -0.003398, 0.003398, 4307.495847, 4307.495847, 0.000000, 0.003398, 0.003398, 0.003398, 3912.464012, 3912.464012, -0.003398, 0.000000, 0.003398, 0.000000, -392.266000, -0.003398, 40.000000, -0.003398, 4307.495847, 4307.495847, 4307.495847, 4307.495847, 0.003398, 0.000000, -0.003398, 4307.495847, 0.000000, 3917.678659, -0.003398, 0.633323, 0.003398, 0.028717, 0.028766, 2.765835, -0.135914, 0.000000, -0.003398, 0.633323, 0.500000, -0.003398, 0.633323
3.92, 3889.394938, 400.000000, 15000.000000, 400.000000, -0.036803, 0.139616, -3922.660000, 3922.799616, -0.036803, -0.036803, -0.036803, 0.033405, 3922.799616, 3889.394938, 33.404679, 0.033405, 0.033405, 0.033405, 0.139616, 0.139616, -0.036803, 33.404679, 0.033405, 1000.000000, -3922.660000, -0.036803, 400.000000, -0.036803, 3922.799616, 3922.799616, 3922.799616, 3922.799616, 0.033405, -0.003398, -0.036803, 3922.799616, -0.003337, 1.135442, 0.033405, 0.259293, 0.261511, 0.139616, -14.721012, 0.000000, -0.036803, 1.135442, 1.000000, -0.036803, 1.135442, 0.100000, 0.000000, 10.000000, 4307.495847, 0.000000, 0.000000, 4307.495847, 0.100000, 0.100000, 0.100000, 0.100000, 0.100000, 1.000000, 4312.694385, 0.000000, 0.100000, -6.283185, 0.000000, 4312.694385, 40.000000, 400.000000, 150000.000000, 40.000000, -0.003337, 2.749727, 3917.678659, -392.266000, 4312.694385, -0.003337, -0.003337, -0.003337, -0.003337, 0.003337, 4312.694385, 4312.694385, 0.000000, 0.003337, 0.003337, 0.003337, 3917.678659, 3917.678659, -0.003337, 0.000000, 0.003337, 0.000000, -392.266000, -0.003337, 40.000000, -0.003337, 4312.694385, 4312.694385, 4312.694385, 4312.694385, 0.003337, 0.000000, -0.003337, 4312.694385, 0.000000, 3922.799616, -0.003337, 0.633289, 0.003337, 0.028751, 0.028766, 2.749727, -0.133492, 0.000000, -0.003337, 0.633289, 0.500000, -0.003337, 0.633289
3.93, 3894.411087, 400.000000, 15000.000000, 400.000000, -0.036735, 5.149210, -3922.660000, 3927.809210, -0.036735, -0.036735, -0.036735, 0.033398, 3927.809210, 3894.411087, 33.398123, 0.033398, 0.033398, 0.033398, 5.149210, 5.149210, -0.036735, 33.398123, 0.033398, 1000.000000, -3922.660000, -0.036735, 400.000000, -0.036735, 3927.809210, 3927.809210, 3927.809210, 3927.809210, 0.033398, -0.003337, -0.036735, 3927.809210, -0.003270, 1.135074, 0.033398, 0.259627, 0.261511, 5.149210, -14.694165, 0.000000, -0.036735, 1.135074, 1.000000, -0.036735, 1.135074, 0.100000, 0.000000, 10.000000, 4312.694385, 0.000000, 0.000000, 4312.694385, 0.100000, 0.100000, 0.100000, 0.100000, 0.100000, 1.000000, 4317.794103, 0.000000, 0.100000, -6.283185, 0.000000, 4317.794103, 40.000000, 400.000000, 150000.000000, 40.000000, -0.003270, 2.728487, 3922.799616, -392.266000, 4317.794103, -0.003270, -0.003270, -0.003270, -0.003270, 0.003270, 4317.794103, 4317.794103, 0.000000, 0.003270, 0.003270, 0.003270, 3922.799616, 3922.799616, -0.003270, 0.000000, 0.003270, 0.000000, -392.266000, -0.003270, 40.000000, -0.003270, 4317.794103, 4317.794103, 4317.794103, 4317.794103, 0.003270, 0.000000, -0.003270, 4317.794103, 0.000000, 3927.809210, -0.003270, 0.633255, 0.003270, 0.028785, 0.028766, 2.728487, -0.130794, 0.000000, -0.003270, 0.633255, 0.500000, -0.003270, 0.633255
3.94, 3899.417944, 400.000000, 15000.000000, 400.000000, -0.036545, 10.032614, -3922.660000, 3932.692614, -0.036545, -0.036545, -0.036545, 0.033275, 3932.692614, 3899.417944, 33.274671, 0.033275, 0.033275, 0.033275, 10.032614, 10.032614, -0.036545, 33.274671, 0.033275, 1000.000000, -3922.660000, -0.036545, 400.000000, -0.036545, 3932.692614, 3932.692614, 3932.692614, 3932.692614, 0.033275, -0.003270, -0.036545, 3932.692614, -0.003194, 1.134707, 0.033275, 0.259961, 0.261511, 10.032614, -14.617806, 0.000000, -0.036545, 1.134707, 1.000000, -0.036545, 1.134707, 0.100000, 0.000000, 10.000000, 4317.794103, 0.000000, 0.000000, 4317.794103, 0.100000, 0.100000, 0.100000, 0.100000, 0.100000, 1.000000, 4322.783137, 0.000000, 0.100000, -6.283185, 0.000000, 4322.783137, 40.000000, 400.000000, 150000.000000, 40.000000, -0.003194, 2.707927, 3927.809210, -392.266000, 4322.783137, -0.003194, -0.003194, -0.003194, -0.003194, 0.003194, 4322.783137, 4322.783137, 0.000000, 0.003194, 0.003194, 0.003194, 3927.809210, 3927.809210, -0.003194, 0.000000, 0.003194, 0.000000, -392.266000, -0.003194, 40.000000, -0.003194, 4322.783137, 4322.783137, 4322.783137, 4322.783137, 0.003194, 0.000000, -0.003194, 4322.783137, 0.000000, 3932.692614, -0.003194, 0.633222, 0.003194, 0.028819, 0.028766, 2.707927, -0.127755, 0.000000, -0.003194, 0.633222, 0.500000, -0.003194, 0.633222
3.95, 3904.398456, 400.000000, 15000.000000, 400.000000, -0.036233, 14.777699, -3922.660000, 3937.437699, -0.036233, -0.036233, -0.036233, 0.033039, 3937.437699, 3904.398456, 33.039244, 0.033039, 0.033039, 0.033039, 14.777699, 14.777699, -0.036233, 33.039244, 0.033039, 1000.000000, -3922.660000, -0.036233, 400.000000, -0.036233, 3937.437699, 3937.437699, 3937.437699, 3937.437699, 0.033039, -0.003194, -0.036233, 3937.437699, -0.003107, 1.134343, 0.033039, 0.260293, 0.261511, 14.777699, -14.493252, 0.000000, -0.036233, 1.134343, 1.000000, -0.036233, 1.134343, 0.100000, 0.000000, 10.000000, 4322.783137, 0.000000, 0.000000, 4322.783137, 0.100000, 0.100000, 0.100000, 0.100000, 0.100000, 1.000000, 4327.646768, 0.000000, 0.100000, -6.283185, 0.000000, 4327.646768, 40.000000, 400.000000, 150000.000000, 40.000000, -0.003107, 2.688153, 3932.692614, -392.266000, 4327.646768, -0.003107, -0.003107, -0.003107, -0.003107, 0.003107, 4327.646768, 4327.646768, 0.000000, 0.003107, 0.003107, 0.003107, 3932.692614, 3932.692614, -0.003107, 0.000000, 0.003107, 0.000000, -392.266000, -0.003107, 40.000000, -0.003107, 4327.646768, 4327.646768, 4327.646768, 4327.646768, 0.003107, 0.000000, -0.003107, 4327.646768, 0.000000, 3937.437699, -0.003107, 0.633189, 0.003107, 0.028851, 0.028766, 2.688153, -0.124295, 0.000000, -0.003107, 0.633189, 0.500000, -0.003107, 0.633189
3.96, 3909.336392, 400.000000, 15000.000000, 400.000000, -0.035805, 19.373842, -3922.660000, 3942.033842, -0.035805, -0.035805, -0.035805, 0.032697, 3942.033842, 3909.336392, 32.697450, 0.032697, 0.032697, 0.032697, 19.373842, 19.373842, -0.035805, 32.697450, 0.032697, 1000.000000, -3922.660000, -0.035805, 400.000000, -0.035805, 3942.033842, 3942.033842, 3942.033842, 3942.033842, 0.032697, -0.003107, -0.035805, 3942.033842, -0.003009, 1.133983, 0.032697, 0.260622, 0.261511, 19.373842, -14.321929, 0.000000, -0.035805, 1.133983, 1.000000, -0.035805, 1.133983, 0.100000, 0.000000, 10.000000, 4327.646768, 0.000000, 0.000000, 4327.646768, 0.100000, 0.100000, 0.100000, 0.100000, 0.100000, 1.000000, 4332.367860, 0.000000, 0.100000, -6.283185, 0.000000, 4332.367860, 40.000000, 400.000000, 150000.000000, 40.000000, -0.003009, 2.664160, 3937.437699, -392.266000, 4332.367860, -0.003009, -0.003009, -0.003009, -0.003009, 0.003009, 4332.367860, 4332.367860, 0.000000, 0.003009, 0.003009, 0.003009, 3937.437699, 3937.437699, -0.003009, 0.000000, 0.003009, 0.000000, -392.266000, -0.003009, 40.000000, -0.003009, 4332.367860, 4332.367860, 4332.367860, 4332.367860, 0.003009, 0.000000, -0.003009, 4332.367860, 0.000000, 3942.033842, -0.003009, 0.633158, 0.003009, 0.028882, 0.028766, 2.664160, -0.120369, 0.000000, -0.003009, 0.633158, 0.500000, -0.003009, 0.633158
3.97, 3914.216240, 400.000000, 15000.000000, 400.000000, -0.035263, 23.810448, -3922.660000, 3946.470448, -0.035263, -0.035263, -0.035263, 0.032254, 3946.470448, 3914.216240, 32.254207, 0.032254, 0.032254, 0.032254, 23.810448, 23.810448, -0.035263, 32.254207, 0.032254, 1000.000000, -3922.660000, -0.035263, 400.000000, -0.035263, 3946.470448, 3946.470448, 3946.470448, 3946.470448, 0.032254, -0.003009, -0.035263, 3946.470448, -0.002900, 1.133628, 0.032254, 0.260948, 0.261511, 23.810448, -14.105376, 0.000000, -0.035263, 1.133628, 1.000000, -0.035263, 1.133628, 0.100000, 0.000000, 10.000000, 4332.367860, 0.000000, 0.000000, 4332.367860, 0.100000, 0.100000, 0.100000, 0.100000, 0.100000, 1.000000, 4336.928941, 0.000000, 0.100000, -6.283185, 0.000000, 4336.928941, 40.000000, 400.000000, 150000.000000, 40.000000, -0.002900, 2.629099, 3942.033842, -392.266000, 4336.928941, -0.002900, -0.002900, -0.002900, -0.002900, 0.002900, 4336.928941, 4336.928941, 0.000000, 0.002900, 0.002900, 0.002900, 3942.033842, 3942.033842, -0.002900, 0.000000, 0.002900, 0.000000, -392.266000, -0.002900, 40.000000, -0.002900, 4336.928941, 4336.928941, 4336.928941, 4336.928941, 0.002900, 0.000000, -0.002900, 4336.928941, 0.000000, 3946.470448, -0.002900, 0.633127, 0.002900, 0.028913, 0.028766, 2.629099, -0.116005, 0.000000, -0.002900, 0.633127, 0.500000, -0.002900, 0.633127
3.98, 3919.022995, 400.000000, 15000.000000, 400.000000, -0.034613, 28.076006, -3922.660000, 3950.736006, -0.034613, -0.034613, -0.034613, 0.031713, 3950.736006, 3919.022995, 31.713011, 0.031713, 0.031713, 0.031713, 28.076006, 28.076006, -0.034613, 31.713011, 0.031713, 1000.000000, -3922.660000, -0.034613, 400.000000, -0.034613, 3950.736006, 3950.736006, 3950.736006, 3950.736006, 0.031713, -0.002900, -0.034613, 3950.736006, -0.002782, 1.133278, 0.031713, 0.261268, 0.261511, 28.076006, -13.845250, 0.000000, -0.034613, 1.133278, 1.000000, -0.034613, 1.133278, 0.100000, 0.000000, 10.000000, 4336.928941, 0.000000, 0.000000, 4336.928941, 0.100000, 0.100000, 0.100000, 0.100000, 0.100000, 1.000000, 4341.314700, 0.000000, 0.100000, -6.283185, 0.000000, 4341.314700, 40.000000, 400.000000, 150000.000000, 40.000000, -0.002782, 2.578252, 3946.470448, -392.266000, 4341.314700, -0.002782, -0.002782, -0.002782, -0.002782, 0.002782, 4341.314700, 4341.314700, 0.000000, 0.002782, 0.002782, 0.002782, 3946.470448, 3946.470448, -0.002782, 0.000000, 0.002782, 0.000000, -392.266000, -0.002782, 40.000000, -0.002782, 4341.314700, 4341.314700, 4341.314700, 4341.314700, 0.002782, 0.000000, -0.002782, 4341.314700, 0.000000, 3950.736006, -0.002782, 0.633098, 0.002782, 0.028942, 0.028766, 2.578252, -0.111286, 0.000000, -0.002782, 0.633098, 0.500000, -0.002782, 0.633098
3.99, 3923.741979, 400.000000, 15000.000000, 400.000000, -0.033858, 32.158155, -3922.660000, 3954.818155, -0.033858, -0.033858, -0.033858, 0.031076, 3954.818155, 3923.741979, 31.076176, 0.031076, 0.031076, 0.031076, 32.158155, 32.158155, -0.033858, 31.076176, 0.031076, 1000.000000, -3922.660000, -0.033858, 400.000000, -0.033858, 3954.818155, 3954.818155, 3954.818155, 3954.818155, 0.031076, -0.002782, -0.033858, 3954.818155, -0.002658, 1.132936, 0.031076, 0.261583, 0.261511, 32.158155, -13.543333, 0.000000, -0.033858, 1.132936, 1.000000, -0.033858, 1.132936, 0.100000, 0.000000, 10.000000, 4341.314700, 0.000000, 0.000000, 4341.314700, 0.100000, 0.100000, 0.100000, 0.100000, 0.100000, 1.000000, 4345.513537, 0.000000, 0.100000, -6.283185, 0.000000, 4345.513537, 40.000000, 400.000000, 150000.000000, 40.000000, -0.002658, 2.511531, 3950.736006, -392.266000, 4345.513537, -0.002658, -0.002658, -0.002658, -0.002658, 0.002658, 4345.513537, 4345.513537, 0.000000, 0.002658, 0.002658, 0.002658, 3950.736006, 3950.736006, -0.002658, 0.000000, 0.002658, 0.000000, -392.266000, -0.002658, 40.000000, -0.002658, 4345.513537, 4345.513537, 4345.513537, 4345.513537, 0.002658, 0.000000, -0.002658, 4345.513537, 0.000000, 3954.818155, -0.002658, 0.633070, 0.002658, 0.028970, 0.028766, 2.511531, -0.106320, 0.000000, -0.002658, 0.633070, 0.500000, -0.002658, 0.633070
4, 3928.358810, 400.000000, 15000.000000, 400.000000, -0.033004, 36.044637, -3922.660000, 3958.704637, -0.033004, -0.033004, -0.033004, 0.030346, 3958.704637, 3928.358810, 30.345828, 0.030346, 0.030346, 0.030346, 36.044637, 36.044637, -0.033004, 30.345828, 0.030346, 1000.000000, -3922.660000, -0.033004, 400.000000, -0.033004, 3958.704637, 3958.704637, 3958.704637, 3958.704637, 0.030346, -0.002658, -0.033004, 3958.704637, -0.002530, 1.132601, 0.030346, 0.261891, 0.261511, 36.044637, -13.201535, 0.000000, -0.033004, 1.132601, 1.000000, -0.033004, 1.132601, 0.100000, 0.000000, 10.000000, 4345.513537, 0.000000, 0.000000, 4345.513537, 0.100000, 0.100000, 0.100000, 0.100000, 0.100000, 1.000000, 4349.517450, 0.000000, 0.100000, -6.283185, 0.000000, 4349.517450, 40.000000, 400.000000, 150000.000000, 40.000000, -0.002530, 2.433295, 3954.818155, -392.266000, 4349.517450, -0.002530, -0.002530, -0.002530, -0.002530, 0.002530, 4349.517450, 4349.517450, 0.000000, 0.002530, 0.002530, 0.002530, 3954.818155, 3954.818155, -0.002530, 0.000000, 0.002530, 0.000000, -392.266000, -0.002530, 40.000000, -0.002530, 4349.517450, 4349.517450, 4349.517450, 4349.517450, 0.002530, 0.000000, -0.002530, 4349.517450, 0.000000, 3958.704637, -0.002530, 0.633043, 0.002530, 0.028997, 0.028766, 2.433295, -0.101187, 0.000000, -0.002530, 0.633043, 0.500000, -0.002530, 0.633043
4.01, 3932.859543, 400.000000, 15000.000000, 400.000000, -0.032055, 39.724571, -3922.660000, 3962.384571, -0.032055, -0.032055, -0.032055, 0.029525, 3962.384571, 3932.859543, 29.525028, 0.029525, 0.029525, 0.029525, 39.724571, 39.724571, -0.032055, 29.525028, 0.029525, 1000.000000, -3922.660000, -0.032055, 400.000000, -0.032055, 3962.384571, 3962.384571, 3962.384571, 3962.384571, 0.029525, -0.002530, -0.032055, 3962.384571, -0.002398, 1.132276, 0.029525, 0.262191, 0.261511, 39.724571, -12.821878, 0.000000, -0.032055, 1.132276, 1.000000, -0.032055, 1.132276, 0.100000, 0.000000, 10.000000, 4349.517450, 0.000000, 0.000000, 4349.517450, 0.100000, 0.100000, 0.100000, 0.100000, 0.100000, 1.000000, 4353.320463, 0.000000, 0.100000, -6.283185, 0.000000, 4353.320463, 40.000000, 400.000000, 150000.000000, 40.000000, -0.002398, 2.349826, 3958.704637, -392.266000, 4353.320463, -0.002398, -0.002398, -0.002398, -0.002398, 0.002398, 4353.320463, 4353.320463, 0.000000, 0.002398, 0.002398, 0.002398, 3958.704637, 3958.704637, -0.002398, 0.000000, 0.002398, 0.000000, -392.266000, -0.002398, 40.000000, -0.002398, 4353.320463, 4353.320463, 4353.320463, 4353.320463, 0.002398, 0.000000, -0.002398, 4353.320463, 0.000000, 3962.384571, -0.002398, 0.633018, 0.002398, 0.029022, 0.028766, 2.349826, -0.095910, 0.000000, -0.002398, 0.633018, 0.500000, -0.002398, 0.633018
4.02, 3937.230911, 400.000000, 15000.000000, 400.000000, -0.031016, 43.189340, -3922.660000, 3965.849340, -0.031016, -0.031016, -0.031016, 0.028618, 3965.849340, 3937.230911, 28.618428, 0.028618, 0.028618, 0.028618, 43.189340, 43.189340, -0.031016, 28.618428, 0.028618, 1000.000000, -3922.660000, -0.031016, 400.000000, -0.031016, 3965.849340, 3965.849340, 3965.849340, 3965.849340, 0.028618, -0.002398, -0.031016, 3965.849340, -0.002262, 1.131961, 0.028618, 0.262482, 0.261511, 43.189340, -12.406473, 0.000000, -0.031016, 1.131961, 1.000000, -0.031016, 1.131961, 0.100000, 0.000000, 10.000000, 4353.320463, 0.000000, 0.000000, 4353.320463, 0.100000, 0.100000, 0.100000, 0.100000, 0.100000, 1.000000, 4356.916591, 0.000000, 0.100000, -6.283185, 0.000000, 4356.916591, 40.000000, 400.000000, 150000.000000, 40.000000, -0.002262, 2.266020, 3962.384571, -392.266000, 4356.916591, -0.002262, -0.002262, -0.002262, -0.002262, 0.002262, 4356.916591, 4356.916591, 0.000000, 0.002262, 0.002262, 0.002262, 3962.384571, 3962.384571, -0.002262, 0.000000, 0.002262, 0.000000, -392.266000, -0.002262, 40.000000, -0.002262, 4356.916591, 4356.916591, 4356.916591, 4356.916591, 0.002262, 0.000000, -0.002262, 4356.916591, 0.000000, 3965.849340, -0.002262, 0.632994, 0.002262, 0.029046, 0.028766, 2.266020, -0.090465, 0.000000, -0.002262, 0.632994, 0.500000, -0.002262, 0.632994
4.03, 3941.460547, 400.000000, 15000.000000, 400.000000, -0.029894, 46.432667, -3922.660000, 3969.092667, -0.029894, -0.029894, -0.029894, 0.027632, 3969.092667, 3941.460547, 27.632120, 0.027632, 0.027632, 0.027632, 46.432667, 46.432667, -0.029894, 27.632120, 0.027632, 1000.000000, -3922.660000, -0.029894, 400.000000, -0.029894, 3969.092667, 3969.092667, 3969.092667, 3969.092667, 0.027632, -0.002262, -0.029894, 3969.092667, -0.002120, 1.131656, 0.027632, 0.262764, 0.261511, 46.432667, -11.957501, 0.000000, -0.029894, 1.131656, 1.000000, -0.029894, 1.131656, 0.100000, 0.000000, 10.000000, 4356.916591, 0.000000, 0.000000, 4356.916591, 0.100000, 0.100000, 0.100000, 0.100000, 0.100000, 1.000000, 4360.298455, 0.000000, 0.100000, -6.283185, 0.000000, 4360.298455, 40.000000, 400.000000, 150000.000000, 40.000000, -0.002120, 2.183115, 3965.849340, -392.266000, 4360.298455, -0.002120, -0.002120, -0.002120, -0.002120, 0.002120, 4360.298455, 4360.298455, 0.000000, 0.002120, 0.002120, 0.002120, 3965.849340, 3965.849340, -0.002120, 0.000000, 0.002120, 0.000000, -392.266000, -0.002120, 40.000000, -0.002120, 4360.298455, 4360.298455, 4360.298455, 4360.298455, 0.002120, 0.000000, -0.002120, 4360.298455, 0.000000, 3969.092667, -0.002120, 0.632971, 0.002120, 0.029069, 0.028766, 2.183115, -0.084806, 0.000000, -0.002120, 0.632971, 0.500000, -0.002120, 0.632971
4.04, 3945.537079, 400.000000, 15000.000000, 400.000000, -0.028693, 49.449913, -3922.660000, 3972.109913, -0.028693, -0.028693, -0.028693, 0.026573, 3972.109913, 3945.537079, 26.572834, 0.026573, 0.026573, 0.026573, 49.449913, 49.449913, -0.028693, 26.572834, 0.026573, 1000.000000, -3922.660000, -0.028693, 400.000000, -0.028693, 3972.109913, 3972.109913, 3972.109913, 3972.109913, 0.026573, -0.002120, -0.028693, 3972.109913, -0.001973, 1.131363, 0.026573, 0.263036, 0.261511, 49.449913, -11.477196, 0.000000, -0.028693, 1.131363, 1.000000, -0.028693, 1.131363, 0.100000, 0.000000, 10.000000, 4360.298455, 0.000000, 0.000000, 4360.298455, 0.100000, 0.100000, 0.100000, 0.100000, 0.100000, 1.000000, 4363.457245, 0.000000, 0.100000, -6.283185, 0.000000, 4363.457245, 40.000000, 400.000000, 150000.000000, 40.000000, -0.001973, 2.098578, 3969.092667, -392.266000, 4363.457245, -0.001973, -0.001973, -0.001973, -0.001973, 0.001973, 4363.457245, 4363.457245, 0.000000, 0.001973, 0.001973, 0.001973, 3969.092667, 3969.092667, -0.001973, 0.000000, 0.001973, 0.000000, -392.266000, -0.001973, 40.000000, -0.001973, 4363.457245, 4363.457245, 4363.457245, 4363.457245, 0.001973, 0.000000, -0.001973, 4363.457245, 0.000000, 3972.109913, -0.001973, 0.632950, 0.001973, 0.029090, 0.028766, 2.098578, -0.078905, 0.000000, -0.001973, 0.632950, 0.500000, -0.001973, 0.632950
4.05, 3949.450088, 400.000000, 15000.000000, 400.000000, -0.027420, 52.237045, -3922.660000, 3974.897045, -0.027420, -0.027420, -0.027420, 0.025447, 3974.897045, 3949.450088, 25.446957, 0.025447, 0.025447, 0.025447, 52.237045, 52.237045, -0.027420, 25.446957, 0.025447, 1000.000000, -3922.660000, -0.027420, 400.000000, -0.027420, 3974.897045, 3974.897045, 3974.897045, 3974.897045, 0.025447, -0.001973, -0.027420, 3974.897045, -0.001819, 1.131082, 0.025447, 0.263297, 0.261511, 52.237045, -10.967835, 0.000000, -0.027420, 1.131082, 1.000000, -0.027420, 1.131082, 0.100000, 0.000000, 10.000000, 4363.457245, 0.000000, 0.000000, 4363.457245, 0.100000, 0.100000, 0.100000, 0.100000, 0.100000, 1.000000, 4366.383928, 0.000000, 0.100000, -6.283185, 0.000000, 4366.383928, 40.000000, 400.000000, 150000.000000, 40.000000, -0.001819, 2.008015, 3972.109913, -392.266000, 4366.383928, -0.001819, -0.001819, -0.001819, -0.001819, 0.001819, 4366.383928, 4366.383928, 0.000000, 0.001819, 0.001819, 0.001819, 3972.109913, 3972.109913, -0.001819, 0.000000, 0.001819, 0.000000, -392.266000, -0.001819, 40.000000, -0.001819, 4366.383928, 4366.383928, 4366.383928, 4366.383928, 0.001819, 0.000000, -0.001819, 4366.383928, 0.000000, 3974.897045, -0.001819, 0.632931, 0.001819, 0.029109, 0.028766, 2.008015, -0.072779, 0.000000, -0.001819, 0.632931, 0.500000, -0.001819, 0.632931
4.06, 3953.189961, 400.000000, 15000.000000, 400.000000, -0.026079, 54.789852, -3922.660000, 3977.449852, -0.026079, -0.026079, -0.026079, 0.024260, 3977.449852, 3953.189961, 24.259891, 0.024260, 0.024260, 0.024260, 54.789852, 54.789852, -0.026079, 24.259891, 0.024260, 1000.000000, -3922.660000, -0.026079, 400.000000, -0.026079, 3977.449852, 3977.449852, 3977.449852, 3977.449852, 0.024260, -0.001819, -0.026079, 3977.449852, -0.001662, 1.130815, 0.024260, 0.263546, 0.261511, 54.789852, -10.431745, 0.000000, -0.026079, 1.130815, 1.000000, -0.026079, 1.130815, 0.100000, 0.000000, 10.000000, 4366.383928, 0.000000, 0.000000, 4366.383928, 0.100000, 0.100000, 0.100000, 0.100000, 0.100000, 1.000000, 4369.070953, 0.000000, 0.100000, -6.283185, 0.000000, 4369.070953, 40.000000, 400.000000, 150000.000000, 40.000000, -0.001662, 1.907908, 3974.897045, -392.266000, 4369.070953, -0.001662, -0.001662, -0.001662, -0.001662, 0.001662, 4369.070953, 4369.070953, 0.000000, 0.001662, 0.001662, 0.001662, 3974.897045, 3974.897045, -0.001662, 0.000000, 0.001662, 0.000000, -392.266000, -0.001662, 40.000000, -0.001662, 4369.070953, 4369.070953, 4369.070953, 4369.070953, 0.001662, 0.000000, -0.001662, 4369.070953, 0.000000, 3977.449852, -0.001662, 0.632913, 0.001662, 0.029127, 0.028766, 1.907908, -0.066487, 0.000000, -0.001662, 0.632913, 0.500000, -0.001662, 0.632913
4.07, 3956.747740, 400.000000, 15000.000000, 400.000000, -0.024678, 57.103807, -3922.660000, 3979.763807, -0.024678, -0.024678, -0.024678, 0.023016, 3979.763807, 3956.747740, 23.016067, 0.023016, 0.023016, 0.023016, 57.103807, 57.103807, -0.024678, 23.016067, 0.023016, 1000.000000, -3922.660000, -0.024678, 400.000000, -0.024678, 3979.763807, 3979.763807, 3979.763807, 3979.763807, 0.023016, -0.001662, -0.024678, 3979.763807, -0.001503, 1.130561, 0.023016, 0.263783, 0.261511, 57.103807, -9.871298, 0.000000, -0.024678, 1.130561, 1.000000, -0.024678, 1.130561, 0.100000, 0.000000, 10.000000, 4369.070953, 0.000000, 0.000000, 4369.070953, 0.100000, 0.100000, 0.100000, 0.100000, 0.100000, 1.000000, 4371.513495, 0.000000, 0.100000, -6.283185, 0.000000, 4371.513495, 40.000000, 400.000000, 150000.000000, 40.000000, -0.001503, 1.797643, 3977.449852, -392.266000, 4371.513495, -0.001503, -0.001503, -0.001503, -0.001503, 0.001503, 4371.513495, 4371.513495, 0.000000, 0.001503, 0.001503, 0.001503, 3977.449852, 3977.449852, -0.001503, 0.000000, 0.001503, 0.000000, -392.266000, -0.001503, 40.000000, -0.001503, 4371.513495, 4371.513495, 4371.513495, 4371.513495, 0.001503, 0.000000, -0.001503, 4371.513495, 0.000000, 3979.763807, -0.001503, 0.632897, 0.001503, 0.029143, 0.028766, 1.797643, -0.060111, 0.000000, -0.001503, 0.632897, 0.500000, -0.001503, 0.632897
4.08, 3960.115069, 400.000000, 15000.000000, 400.000000, -0.023222, 59.174587, -3922.660000, 3981.834587, -0.023222, -0.023222, -0.023222, 0.021720, 3981.834587, 3960.115069, 21.719519, 0.021720, 0.021720, 0.021720, 59.174587, 59.174587, -0.023222, 21.719519, 0.021720, 1000.000000, -3922.660000, -0.023222, 400.000000, -0.023222, 3981.834587, 3981.834587, 3981.834587, 3981.834587, 0.021720, -0.001503, -0.023222, 3981.834587, -0.001343, 1.130321, 0.021720, 0.264008, 0.261511, 59.174587, -9.288915, 0.000000, -0.023222, 1.130321, 1.000000, -0.023222, 1.130321, 0.100000, 0.000000, 10.000000, 4371.513495, 0.000000, 0.000000, 4371.513495, 0.100000, 0.100000, 0.100000, 0.100000, 0.100000, 1.000000, 4373.709628, 0.000000, 0.100000, -6.283185, 0.000000, 4373.709628, 40.000000, 400.000000, 150000.000000, 40.000000, -0.001343, 1.679821, 3979.763807, -392.266000, 4373.709628, -0.001343, -0.001343, -0.001343, -0.001343, 0.001343, 4373.709628, 4373.709628, 0.000000, 0.001343, 0.001343, 0.001343, 3979.763807, 3979.763807, -0.001343, 0.000000, 0.001343, 0.000000, -392.266000, -0.001343, 40.000000, -0.001343, 4373.709628, 4373.709628, 4373.709628, 4373.709628, 0.001343, 0.000000, -0.001343, 4373.709628, 0.000000, 3981.834587, -0.001343, 0.632882, 0.001343, 0.029158, 0.028766, 1.679821, -0.053719, 0.000000, -0.001343, 0.632882, 0.500000, -0.001343, 0.632882
4.09, 3963.284244, 400.000000, 15000.000000, 400.000000, -0.021718, 60.998912, -3922.660000, 3983.658912, -0.021718, -0.021718, -0.021718, 0.020375, 3983.658912, 3963.284244, 20.374668, 0.020375, 0.020375, 0.020375, 60.998912, 60.998912, -0.021718, 20.374668, 0.020375, 1000.000000, -3922.660000, -0.021718, 400.000000, -0.021718, 3983.658912, 3983.658912, 3983.658912, 3983.658912, 0.020375, -0.001343, -0.021718, 3983.658912, -0.001184, 1.130097, 0.020375, 0.264219, 0.261511, 60.998912, -8.687054, 0.000000, -0.021718, 1.130097, 1.000000, -0.021718, 1.130097, 0.100000, 0.000000, 10.000000, 4373.709628, 0.000000, 0.000000, 4373.709628, 0.100000, 0.100000, 0.100000, 0.100000, 0.100000, 1.000000, 4375.659409, 0.000000, 0.100000, -6.283185, 0.000000, 4375.659409, 40.000000, 400.000000, 150000.000000, 40.000000, -0.001184, 1.558821, 3981.834587, -392.266000, 4375.659409, -0.001184, -0.001184, -0.001184, -0.001184, 0.001184, 4375.659409, 4375.659409, 0.000000, 0.001184, 0.001184, 0.001184, 3981.834587, 3981.834587, -0.001184, 0.000000, 0.001184, 0.000000, -392.266000, -0.001184, 40.000000, -0.001184, 4375.659409, 4375.659409, 4375.659409, 4375.659409, 0.001184, 0.000000, -0.001184, 4375.659409, 0.000000, 3983.658912, -0.001184, 0.632869, 0.001184, 0.029171, 0.028766, 1.558821, -0.047345, 0.000000, -0.001184, 0.632869, 0.500000, -0.001184, 0.632869
4.1, 3966.248359, 400.000000, 15000.000000, 400.000000, -0.020170, 62.575223, -3922.660000, 3985.235223, -0.020170, -0.020170, -0.020170, 0.018987, 3985.235223, 3966.248359, 18.986864, 0.018987, 0.018987, 0.018987, 62.575223, 62.575223, -0.020170, 18.986864, 0.018987, 1000.000000, -3922.660000, -0.020170, 400.000000, -0.020170, 3985.235223, 3985.235223, 3985.235223, 3985.235223, 0.018987, -0.001184, -0.020170, 3985.235223, -0.001025, 1.129887, 0.018987, 0.264417, 0.261511, 62.575223, -8.068192, 0.000000, -0.020170, 1.129887, 1.000000, -0.020170, 1.129887, 0.100000, 0.000000, 10.000000, 4375.659409, 0.000000, 0.000000, 4375.659409, 0.100000, 0.100000, 0.100000, 0.100000, 0.100000, 1.000000, 4377.363473, 0.000000, 0.100000, -6.283185, 0.000000, 4377.363473, 40.000000, 400.000000, 150000.000000, 40.000000, -0.001025, 1.438561, 3983.658912, -392.266000, 4377.363473, -0.001025, -0.001025, -0.001025, -0.001025, 0.001025, 4377.363473, 4377.363473, 0.000000, 0.001025, 0.001025, 0.001025, 3983.658912, 3983.658912, -0.001025, 0.000000, 0.001025, 0.000000, -392.266000, -0.001025, 40.000000, -0.001025, 4377.363473, 4377.363473, 4377.363473, 4377.363473, 0.001025, 0.000000, -0.001025, 4377.363473, 0.000000, 3985.235223, -0.001025, 0.632858, 0.001025, 0.029182, 0.028766, 1.438561, -0.040985, 0.000000, -0.001025, 0.632858, 0.500000, -0.001025, 0.632858
4.11, 3969.001452, 400.000000, 15000.000000, 400.000000, -0.018587, 63.903849, -3922.660000, 3986.563849, -0.018587, -0.018587, -0.018587, 0.017562, 3986.563849, 3969.001452, 17.562397, 0.017562, 0.017562, 0.017562, 63.903849, 63.903849, -0.018587, 17.562397, 0.017562, 1000.000000, -3922.660000, -0.018587, 400.000000, -0.018587, 3986.563849, 3986.563849, 3986.563849, 3986.563849, 0.017562, -0.001025, -0.018587, 3986.563849, -0.000865, 1.129693, 0.017562, 0.264600, 0.261511, 63.903849, -7.434807, 0.000000, -0.018587, 1.129693, 1.000000, -0.018587, 1.129693, 0.100000, 0.000000, 10.000000, 4377.363473, 0.000000, 0.000000, 4377.363473, 0.100000, 0.100000, 0.100000, 0.100000, 0.100000, 1.000000, 4378.821916, 0.000000, 0.100000, -6.283185, 0.000000, 4378.821916, 40.000000, 400.000000, 150000.000000, 40.000000, -0.000865, 1.320692, 3985.235223, -392.266000, 4378.821916, -0.000865, -0.000865, -0.000865, -0.000865, 0.000865, 4378.821916, 4378.821916, 0.000000, 0.000865, 0.000865, 0.000865, 3985.235223, 3985.235223, -0.000865, 0.000000, 0.000865, 0.000000, -392.266000, -0.000865, 40.000000, -0.000865, 4378.821916, 4378.821916, 4378.821916, 4378.821916, 0.000865, 0.000000, -0.000865, 4378.821916, 0.000000, 3986.563849, -0.000865, 0.632848, 0.000865, 0.029192, 0.028766, 1.320692, -0.034615, 0.000000, -0.000865, 0.632848, 0.500000, -0.000865, 0.632848
4.12, 3971.538572, 400.000000, 15000.000000, 400.000000, -0.016973, 64.986603, -3922.660000, 3987.646603, -0.016973, -0.016973, -0.016973, 0.016108, 3987.646603, 3971.538572, 16.108031, 0.016108, 0.016108, 0.016108, 64.986603, 64.986603, -0.016973, 16.108031, 0.016108, 1000.000000, -3922.660000, -0.016973, 400.000000, -0.016973, 3987.646603, 3987.646603, 3987.646603, 3987.646603, 0.016108, -0.000865, -0.016973, 3987.646603, -0.000705, 1.129516, 0.016108, 0.264769, 0.261511, 64.986603, -6.789366, 0.000000, -0.016973, 1.129516, 1.000000, -0.016973, 1.129516, 0.100000, 0.000000, 10.000000, 4378.821916, 0.000000, 0.000000, 4378.821916, 0.100000, 0.100000, 0.100000, 0.100000, 0.100000, 1.000000, 4380.034017, 0.000000, 0.100000, -6.283185, 0.000000, 4380.034017, 40.000000, 400.000000, 150000.000000, 40.000000, -0.000705, 1.204169, 3986.563849, -392.266000, 4380.034017, -0.000705, -0.000705, -0.000705, -0.000705, 0.000705, 4380.034017, 4380.034017, 0.000000, 0.000705, 0.000705, 0.000705, 3986.563849, 3986.563849, -0.000705, 0.000000, 0.000705, 0.000000, -392.266000, -0.000705, 40.000000, -0.000705, 4380.034017, 4380.034017, 4380.034017, 4380.034017, 0.000705, 0.000000, -0.000705, 4380.034017, 0.000000, 3987.646603, -0.000705, 0.632840, 0.000705, 0.029200, 0.028766, 1.204169, -0.028219, 0.000000, -0.000705, 0.632840, 0.500000, -0.000705, 0.632840
4.13, 3973.855760, 400.000000, 15000.000000, 400.000000, -0.015336, 65.826077, -3922.660000, 3988.486077, -0.015336, -0.015336, -0.015336, 0.014630, 3988.486077, 3973.855760, 14.630317, 0.014630, 0.014630, 0.014630, 65.826077, 65.826077, -0.015336, 14.630317, 0.014630, 1000.000000, -3922.660000, -0.015336, 400.000000, -0.015336, 3988.486077, 3988.486077, 3988.486077, 3988.486077, 0.014630, -0.000705, -0.015336, 3988.486077, -0.000545, 1.129354, 0.014630, 0.264924, 0.261511, 65.826077, -6.134313, 0.000000, -0.015336, 1.129354, 1.000000, -0.015336, 1.129354, 0.100000, 0.000000, 10.000000, 4380.034017, 0.000000, 0.000000, 4380.034017, 0.100000, 0.100000, 0.100000, 0.100000, 0.100000, 1.000000, 4380.998891, 0.000000, 0.100000, -6.283185, 0.000000, 4380.998891, 40.000000, 400.000000, 150000.000000, 40.000000, -0.000545, 1.086288, 3987.646603, -392.266000, 4380.998891, -0.000545, -0.000545, -0.000545, -0.000545, 0.000545, 4380.998891, 4380.998891, 0.000000, 0.000545, 0.000545, 0.000545, 3987.646603, 3987.646603, -0.000545, 0.000000, 0.000545, 0.000000, -392.266000, -0.000545, 40.000000, -0.000545, 4380.998891, 4380.998891, 4380.998891, 4380.998891, 0.000545, 0.000000, -0.000545, 4380.998891, 0.000000, 3988.486077, -0.000545, 0.632833, 0.000545, 0.029207, 0.028766, 1.086288, -0.021804, 0.000000, -0.000545, 0.632833, 0.500000, -0.000545, 0.632833
4.14, 3975.949934, 400.000000, 15000.000000, 400.000000, -0.013680, 66.425014, -3922.660000, 3989.085014, -0.013680, -0.013680, -0.013680, 0.013135, 3989.085014, 3975.949934, 13.135080, 0.013135, 0.013135, 0.013135, 66.425014, 66.425014, -0.013680, 13.135080, 0.013135, 1000.000000, -3922.660000, -0.013680, 400.000000, -0.013680, 3989.085014, 3989.085014, 3989.085014, 3989.085014, 0.013135, -0.000545, -0.013680, 3989.085014, -0.000385, 1.129209, 0.013135, 0.265063, 0.261511, 66.425014, -5.472068, 0.000000, -0.013680, 1.129209, 1.000000, -0.013680, 1.129209, 0.100000, 0.000000, 10.000000, 4380.998891, 0.000000, 0.000000, 4380.998891, 0.100000, 0.100000, 0.100000, 0.100000, 0.100000, 1.000000, 4381.716597, 0.000000, 0.100000, -6.283185, 0.000000, 4381.716597, 40.000000, 400.000000, 150000.000000, 40.000000, -0.000385, 0.964520, 3988.486077, -392.266000, 4381.716597, -0.000385, -0.000385, -0.000385, -0.000385, 0.000385, 4381.716597, 4381.716597, 0.000000, 0.000385, 0.000385, 0.000385, 3988.486077, 3988.486077, -0.000385, 0.000000, 0.000385, 0.000000, -392.266000, -0.000385, 40.000000, -0.000385, 4381.716597, 4381.716597, 4381.716597, 4381.716597, 0.000385, 0.000000, -0.000385, 4381.716597, 0.000000, 3989.085014, -0.000385, 0.632829, 0.000385, 0.029211, 0.028766, 0.964520, -0.015410, 0.000000, -0.000385, 0.632829, 0.500000, -0.000385, 0.632829
4.15, 3977.818769, 400.000000, 15000.000000, 400.000000, -0.012013, 66.786083, -3922.660000, 3989.446083, -0.012013, -0.012013, -0.012013, 0.011627, 3989.446083, 3977.818769, 11.627314, 0.011627, 0.011627, 0.011627, 66.786083, 66.786083, -0.012013, 11.627314, 0.011627, 1000.000000, -3922.660000, -0.012013, 400.000000, -0.012013, 3989.446083, 3989.446083, 3989.446083, 3989.446083, 0.011627, -0.000385, -0.012013, 3989.446083, -0.000227, 1.129080, 0.011627, 0.265188, 0.261511, 66.786083, -4.805029, 0.000000, -0.012013, 1.129080, 1.000000, -0.012013, 1.129080, 0.100000, 0.000000, 10.000000, 4381.716597, 0.000000, 0.000000, 4381.716597, 0.100000, 0.100000, 0.100000, 0.100000, 0.100000, 1.000000, 4382.189092, 0.000000, 0.100000, -6.283185, 0.000000, 4382.189092, 40.000000, 400.000000, 150000.000000, 40.000000, -0.000227, 0.838077, 3989.085014, -392.266000, 4382.189092, -0.000227, -0.000227, -0.000227, -0.000227, 0.000227, 4382.189092, 4382.189092, 0.000000, 0.000227, 0.000227, 0.000227, 3989.085014, 3989.085014, -0.000227, 0.000000, 0.000227, 0.000000, -392.266000, -0.000227, 40.000000, -0.000227, 4382.189092, 4382.189092, 4382.189092, 4382.189092, 0.000227, 0.000000, -0.000227, 4382.189092, 0.000000, 3989.446083, -0.000227, 0.632826, 0.000227, 0.029215, 0.028766, 0.838077, -0.009097, 0.000000, -0.000227, 0.632826, 0.500000, -0.000227, 0.632826
4.16, 3979.460618, 400.000000, 15000.000000, 400.000000, -0.010339, 66.912118, -3922.660000, 3989.572118, -0.010339, -0.010339, -0.010339, 0.010111, 3989.572118, 3979.460618, 10.111500, 0.010111, 0.010111, 0.010111, 66.912118, 66.912118, -0.010339, 10.111500, 0.010111, 1000.000000, -3922.660000, -0.010339, 400.000000, -0.010339, 3989.572118, 3989.572118, 3989.572118, 3989.572118, 0.010111, -0.000227, -0.010339, 3989.572118, -0.000073, 1.128969, 0.010111, 0.265297, 0.261511, 66.912118, -4.135568, 0.000000, -0.010339, 1.128969, 1.000000, -0.010339, 1.128969, 0.100000, 0.000000, 10.000000, 4382.189092, 0.000000, 0.000000, 4382.189092, 0.100000, 0.100000, 0.100000, 0.100000, 0.100000, 1.000000, 4382.420500, 0.000000, 0.100000, -6.283185, 0.000000, 4382.420500, 40.000000, 400.000000, 150000.000000, 40.000000, -0.000073, 0.708417, 3989.446083, -392.266000, 4382.420500, -0.000073, -0.000073, -0.000073, -0.000073, 0.000073, 4382.420500, 4382.420500, 0.000000, 0.000073, 0.000073, 0.000073, 3989.446083, 3989.446083, -0.000073, 0.000000, 0.000073, 0.000000, -392.266000, -0.000073, 40.000000, -0.000073, 4382.420500, 4382.420500, 4382.420500, 4382.420500, 0.000073, 0.000000, -0.000073, 4382.420500, 0.000000, 3989.572118, -0.000073, 0.632824, 0.000073, 0.029216, 0.028766, 0.708417, -0.002917, 0.000000, -0.000073, 0.632824, 0.500000, -0.000073, 0.632824
4.17, 3980.874516, 400.000000, 15000.000000, 400.000000, -0.008665, 66.806652, -3922.660000, 3989.466652, -0.008665, -0.008665, -0.008665, 0.008592, 3989.466652, 3980.874516, 8.592136, 0.008592, 0.008592, 0.008592, 66.806652, 66.806652, -0.008665, 8.592136, 0.008592, 1000.000000, -3922.660000, -0.008665, 400.000000, -0.008665, 3989.466652, 3989.466652, 3989.466652, 3989.466652, 0.008592, -0.000073, -0.008665, 3989.466652, 0.000077, 1.128874, 0.008592, 0.265392, 0.261511, 66.806652, -3.466025, 0.000000, -0.008665, 1.128874, 1.000000, -0.008665, 1.128874, 0.100000, 0.000000, 10.000000, 4382.420500, 0.000000, 0.000000, 4382.420500, 0.100000, 0.100000, 0.100000, 0.100000, 0.100000, 1.000000, 4382.416613, 0.000000, 0.100000, -6.283185, 0.000000, 4382.416613, 40.000000, 400.000000, 150000.000000, 40.000000, 0.000077, 0.578495, 3989.572118, -392.266000, 4382.416613, 0.000077, 0.000077, 0.000077, 0.000077, -0.000077, 4382.416613, 4382.416613, -0.000000, -0.000077, -0.000077, -0.000077, 3989.572118, 3989.572118, 0.000077, -0.000000, -0.000077, 0.000000, -392.266000, 0.000077, 40.000000, 0.000077, 4382.416613, 4382.416613, 4382.416613, 4382.416613, -0.000077, 0.000000, 0.000077, 4382.416613, 0.000000, 3989.466652, 0.000077, 0.632824, -0.000077, 0.029216, 0.028766, 0.578495, 0.003097, 0.000000, 0.000077, 0.632824, 0.500000, 0.000077, 0.632824
4.18, 3982.060242, 400.000000, 15000.000000, 400.000000, -0.006997, 66.474402, -3922.660000, 3989.134402, -0.006997, -0.006997, -0.006997, 0.007074, 3989.134402, 3982.060242, 7.074160, 0.007074, 0.007074, 0.007074, 66.474402, 66.474402, -0.006997, 7.074160, 0.007074, 1000.000000, -3922.660000, -0.006997, 400.000000, -0.006997, 3989.134402, 3989.134402, 3989.134402, 3989.134402, 0.007074, 0.000077, -0.006997, 3989.134402, 0.000223, 1.128795, 0.007074, 0.265471, 0.261511, 66.474402, -2.798696, 0.000000, -0.006997, 1.128795, 1.000000, -0.006997, 1.128795, 0.100000, 0.000000, 10.000000, 4382.416613, 0.000000, 0.000000, 4382.416613, 0.100000, 0.100000, 0.100000, 0.100000, 0.100000, 1.000000, 4382.183940, 0.000000, 0.100000, -6.283185, 0.000000, 4382.183940, 40.000000, 400.000000, 150000.000000, 40.000000, 0.000223, 0.451288, 3989.466652, -392.266000, 4382.183940, 0.000223, 0.000223, 0.000223, 0.000223, -0.000223, 4382.183940, 4382.183940, -0.000000, -0.000223, -0.000223, -0.000223, 3989.466652, 3989.466652, 0.000223, -0.000000, -0.000223, 0.000000, -392.266000, 0.000223, 40.000000, 0.000223, 4382.183940, 4382.183940, 4382.183940, 4382.183940, -0.000223, 0.000000, 0.000223, 4382.183940, 0.000000, 3989.134402, 0.000223, 0.632826, -0.000223, 0.029215, 0.028766, 0.451288, 0.008940, 0.000000, 0.000223, 0.632826, 0.500000, 0.000223, 0.632826
4.19, 3983.018409, 400.000000, 15000.000000, 400.000000, -0.005340, 65.921452, -3922.660000, 3988.581452, -0.005340, -0.005340, -0.005340, 0.005563, 3988.581452, 3983.018409, 5.563043, 0.005563, 0.005563, 0.005563, 65.921452, 65.921452, -0.005340, 5.563043, 0.005563, 1000.000000, -3922.660000, -0.005340, 400.000000, -0.005340, 3988.581452, 3988.581452, 3988.581452, 3988.581452, 0.005563, 0.000223, -0.005340, 3988.581452, 0.000366, 1.128734, 0.005563, 0.265535, 0.261511, 65.921452, -2.135820, 0.000000, -0.005340, 1.128734, 1.000000, -0.005340, 1.128734, 0.100000, 0.000000, 10.000000, 4382.183940, 0.000000, 0.000000, 4382.183940, 0.100000, 0.100000, 0.100000, 0.100000, 0.100000, 1.000000, 4381.728831, 0.000000, 0.100000, -6.283185, 0.000000, 4381.728831, 40.000000, 400.000000, 150000.000000, 40.000000, 0.000366, 0.328429, 3989.134402, -392.266000, 4381.728831, 0.000366, 0.000366, 0.000366, 0.000366, -0.000366, 4381.728831, 4381.728831, -0.000000, -0.000366, -0.000366, -0.000366, 3989.134402, 3989.134402, 0.000366, -0.000000, -0.000366, 0.000000, -392.266000, 0.000366, 40.000000, 0.000366, 4381.728831, 4381.728831, 4381.728831, 4381.728831, -0.000366, 0.000000, 0.000366, 4381.728831, 0.000000, 3988.581452, 0.000366, 0.632829, -0.000366, 0.029212, 0.028766, 0.328429, 0.014625, 0.000000, 0.000366, 0.632829, 0.500000, 0.000366, 0.632829
4.2, 3983.750501, 400.000000, 15000.000000, 400.000000, -0.003699, 65.155034, -3922.660000, 3987.815034, -0.003699, -0.003699, -0.003699, 0.004065, 3987.815034, 3983.750501, 4.064533, 0.004065, 0.004065, 0.004065, 65.155034, 65.155034, -0.003699, 4.064533, 0.004065, 1000.000000, -3922.660000, -0.003699, 400.000000, -0.003699, 3987.815034, 3987.815034, 3987.815034, 3987.815034, 0.004065, 0.000366, -0.003699, 3987.815034, 0.000504, 1.128689, 0.004065, 0.265583, 0.261511, 65.155034, -1.479566, 0.000000, -0.003699, 1.128689, 1.000000, -0.003699, 1.128689, 0.100000, 0.000000, 10.000000, 4381.728831, 0.000000, 0.000000, 4381.728831, 0.100000, 0.100000, 0.100000, 0.100000, 0.100000, 1.000000, 4381.057129, 0.000000, 0.100000, -6.283185, 0.000000, 4381.057129, 40.000000, 400.000000, 150000.000000, 40.000000, 0.000504, 0.209677, 3988.581452, -392.266000, 4381.057129, 0.000504, 0.000504, 0.000504, 0.000504, -0.000504, 4381.057129, 4381.057129, -0.000000, -0.000504, -0.000504, -0.000504, 3988.581452, 3988.581452, 0.000504, -0.000000, -0.000504, 0.000000, -392.266000, 0.000504, 40.000000, 0.000504, 4381.057129, 4381.057129, 4381.057129, 4381.057129, -0.000504, 0.000000, 0.000504, 4381.057129, 0.000000, 3987.815034, 0.000504, 0.632833, -0.000504, 0.029207, 0.028766, 0.209677, 0.020165, 0.000000, 0.000504, 0.632833, 0.500000, 0.000504, 0.632833
4.21, 3984.258855, 400.000000, 15000.000000, 400.000000, -0.002080, 64.183050, -3922.660000, 3986.843050, -0.002080, -0.002080, -0.002080, 0.002584, 3986.843050, 3984.258855, 2.584194, 0.002584, 0.002584, 0.002584, 64.183050, 64.183050, -0.002080, 2.584194, 0.002584, 1000.000000, -3922.660000, -0.002080, 400.000000, -0.002080, 3986.843050, 3986.843050, 3986.843050, 3986.843050, 0.002584, 0.000504, -0.002080, 3986.843050, 0.000639, 1.128660, 0.002584, 0.265617, 0.261511, 64.183050, -0.832028, 0.000000, -0.002080, 1.128660, 1.000000, -0.002080, 1.128660, 0.100000, 0.000000, 10.000000, 4381.057129, 0.000000, 0.000000, 4381.057129, 0.100000, 0.100000, 0.100000, 0.100000, 0.100000, 1.000000, 4380.174452, 0.000000, 0.100000, -6.283185, 0.000000, 4380.174452, 40.000000, 400.000000, 150000.000000, 40.000000, 0.000639, 0.093418, 3987.815034, -392.266000, 4380.174452, 0.000639, 0.000639, 0.000639, 0.000639, -0.000639, 4380.174452, 4380.174452, -0.000000, -0.000639, -0.000639, -0.000639, 3987.815034, 3987.815034, 0.000639, -0.000000, -0.000639, 0.000000, -392.266000, 0.000639, 40.000000, 0.000639, 4380.174452, 4380.174452, 4380.174452, 4380.174452, -0.000639, 0.000000, 0.000639, 4380.174452, 0.000000, 3986.843050, 0.000639, 0.632839, -0.000639, 0.029201, 0.028766, 0.093418, 0.025558, 0.000000, 0.000639, 0.632839, 0.500000, 0.000639, 0.632839
4.22, 3984.546568, 400.000000, 15000.000000, 400.000000, -0.000488, 63.013586, -3922.660000, 3985.673586, -0.000488, -0.000488, -0.000488, 0.001127, 3985.673586, 3984.546568, 1.127017, 0.001127, 0.001127, 0.001127, 63.013586, 63.013586, -0.000488, 1.127017, 0.001127, 1000.000000, -3922.660000, -0.000488, 400.000000, -0.000488, 3985.673586, 3985.673586, 3985.673586, 3985.673586, 0.001127, 0.000639, -0.000488, 3985.673586, 0.000770, 1.128647, 0.001127, 0.265636, 0.261511, 63.013586, -0.195223, 0.000000, -0.000488, 1.128647, 1.000000, -0.000488, 1.128647, 0.100000, 0.000000, 10.000000, 4380.174452, 0.000000, 0.000000, 4380.174452, 0.100000, 0.100000, 0.100000, 0.100000, 0.100000, 1.000000, 4379.086904, 0.000000, 0.100000, -6.283185, 0.000000, 4379.086904, 40.000000, 400.000000, 150000.000000, 40.000000, 0.000770, -0.022145, 3986.843050, -392.266000, 4379.086904, 0.000770, 0.000770, 0.000770, 0.000770, -0.000770, 4379.086904, 4379.086904, -0.000000, -0.000770, -0.000770, -0.000770, 3986.843050, 3986.843050, 0.000770, -0.000000, -0.000770, 0.000000, -392.266000, 0.000770, 40.000000, 0.000770, 4379.086904, 4379.086904, 4379.086904, 4379.086904, -0.000770, 0.000000, 0.000770, 4379.086904, 0.000000, 3985.673586, 0.000770, 0.632846, -0.000770, 0.029194, 0.028766, -0.022145, 0.030782, 0.000000, 0.000770, 0.632846, 0.500000, 0.000770, 0.632846
4.23, 3984.617396, 400.000000, 15000.000000, 400.000000, 0.001072, 61.654667, -3922.660000, 3984.314667, 0.001072, 0.001072, 0.001072, -0.000303, 3984.314667, 3984.617396, -0.302729, -0.000303, -0.000303, -0.000303, 61.654667, 61.654667, 0.001072, -0.302729, -0.000303, 1000.000000, -3922.660000, 0.001072, 400.000000, 0.001072, 3984.314667, 3984.314667, 3984.314667, 3984.314667, -0.000303, 0.000770, 0.001072, 3984.314667, 0.000895, 1.128650, -0.000303, 0.265641, 0.261511, 61.654667, 0.428913, 0.000000, 0.001072, 1.128650, 1.000000, 0.001072, 1.128650, 0.100000, 0.000000, 10.000000, 4379.086904, 0.000000, 0.000000, 4379.086904, 0.100000, 0.100000, 0.100000, 0.100000, 0.100000, 1.000000, 4377.801758, 0.000000, 0.100000, -6.283185, 0.000000, 4377.801758, 40.000000, 400.000000, 150000.000000, 40.000000, 0.000895, -0.137827, 3985.673586, -392.266000, 4377.801758, 0.000895, 0.000895, 0.000895, 0.000895, -0.000895, 4377.801758, 4377.801758, -0.000000, -0.000895, -0.000895, -0.000895, 3985.673586, 3985.673586, 0.000895, -0.000000, -0.000895, 0.000000, -392.266000, 0.000895, 40.000000, 0.000895, 4377.801758, 4377.801758, 4377.801758, 4377.801758, -0.000895, 0.000000, 0.000895, 4377.801758, 0.000000, 3984.314667, 0.000895, 0.632855, -0.000895, 0.029185, 0.028766, -0.137827, 0.035799, 0.000000, 0.000895, 0.632855, 0.500000, 0.000895, 0.632855
4.24, 3984.475667, 400.000000, 15000.000000, 400.000000, 0.002596, 60.114335, -3922.660000, 3982.774335, 0.002596, 0.002596, 0.002596, -0.001701, 3982.774335, 3984.475667, -1.701333, -0.001701, -0.001701, -0.001701, 60.114335, 60.114335, 0.002596, -1.701333, -0.001701, 1000.000000, -3922.660000, 0.002596, 400.000000, 0.002596, 3982.774335, 3982.774335, 3982.774335, 3982.774335, -0.001701, 0.000895, 0.002596, 3982.774335, 0.001014, 1.128668, -0.001701, 0.265632, 0.261511, 60.114335, 1.038518, 0.000000, 0.002596, 1.128668, 1.000000, 0.002596, 1.128668, 0.100000, 0.000000, 10.000000, 4377.801758, 0.000000, 0.000000, 4377.801758, 0.100000, 0.100000, 0.100000, 0.100000, 0.100000, 1.000000, 4376.327741, 0.000000, 0.100000, -6.283185, 0.000000, 4376.327741, 40.000000, 400.000000, 150000.000000, 40.000000, 0.001014, -0.252926, 3984.314667, -392.266000, 4376.327741, 0.001014, 0.001014, 0.001014, 0.001014, -0.001014, 4376.327741, 4376.327741, -0.000000, -0.001014, -0.001014, -0.001014, 3984.314667, 3984.314667, 0.001014, -0.000000, -0.001014, 0.000000, -392.266000, 0.001014, 40.000000, 0.001014, 4376.327741, 4376.327741, 4376.327741, 4376.327741, -0.001014, 0.000000, 0.001014, 4376.327741, 0.000000, 3982.774335, 0.001014, 0.632865, -0.001014, 0.029176, 0.028766, -0.252926, 0.040570, 0.000000, 0.001014, 0.632865, 0.500000, 0.001014, 0.632865
4.25, 3984.126250, 400.000000, 15000.000000, 400.000000, 0.004080, 58.400957, -3922.660000, 3981.060957, 0.004080, 0.004080, 0.004080, -0.003065, 3981.060957, 3984.126250, -3.065293, -0.003065, -0.003065, -0.003065, 58.400957, 58.400957, 0.004080, -3.065293, -0.003065, 1000.000000, -3922.660000, 0.004080, 400.000000, 0.004080, 3981.060957, 3981.060957, 3981.060957, 3981.060957, -0.003065, 0.001014, 0.004080, 3981.060957, 0.001127, 1.128702, -0.003065, 0.265608, 0.261511, 58.400957, 1.631817, 0.000000, 0.004080, 1.128702, 1.000000, 0.004080, 1.128702, 0.100000, 0.000000, 10.000000, 4376.327741, 0.000000, 0.000000, 4376.327741, 0.100000, 0.100000, 0.100000, 0.100000, 0.100000, 1.000000, 4374.674782, 0.000000, 0.100000, -6.283185, 0.000000, 4374.674782, 40.000000, 400.000000, 150000.000000, 40.000000, 0.001127, -0.365553, 3982.774335, -392.266000, 4374.674782, 0.001127, 0.001127, 0.001127, 0.001127, -0.001127, 4374.674782, 4374.674782, -0.000000, -0.001127, -0.001127, -0.001127, 3982.774335, 3982.774335, 0.001127, -0.000000, -0.001127, 0.000000, -392.266000, 0.001127, 40.000000, 0.001127, 4374.674782, 4374.674782, 4374.674782, 4374.674782, -0.001127, 0.000000, 0.001127, 4374.674782, 0.000000, 3981.060957, 0.001127, 0.632876, -0.001127, 0.029164, 0.028766, -0.365553, 0.045072, 0.000000, 0.001127, 0.632876, 0.500000, 0.001127, 0.632876
4.26, 3983.574570, 400.000000, 15000.000000, 400.000000, 0.005518, 56.523573, -3922.660000, 3979.183573, 0.005518, 0.005518, 0.005518, -0.004391, 3979.183573, 3983.574570, -4.390997, -0.004391, -0.004391, -0.004391, 56.523573, 56.523573, 0.005518, -4.390997, -0.004391, 1000.000000, -3922.660000, 0.005518, 400.000000, 0.005518, 3979.183573, 3979.183573, 3979.183573, 3979.183573, -0.004391, 0.001127, 0.005518, 3979.183573, 0.001232, 1.128750, -0.004391, 0.265572, 0.261511, 56.523573, 2.207121, 0.000000, 0.005518, 1.128750, 1.000000, 0.005518, 1.128750, 0.100000, 0.000000, 10.000000, 4374.674782, 0.000000, 0.000000, 4374.674782, 0.100000, 0.100000, 0.100000, 0.100000, 0.100000, 1.000000, 4372.853382, 0.000000, 0.100000, -6.283185, 0.000000, 4372.853382, 40.000000, 400.000000, 150000.000000, 40.000000, 0.001232, -0.473575, 3981.060957, -392.266000, 4372.853382, 0.001232, 0.001232, 0.001232, 0.001232, -0.001232, 4372.853382, 4372.853382, -0.000000, -0.001232, -0.001232, -0.001232, 3981.060957, 3981.060957, 0.001232, -0.000000, -0.001232, 0.000000, -392.266000, 0.001232, 40.000000, 0.001232, 4372.853382, 4372.853382, 4372.853382, 4372.853382, -0.001232, 0.000000, 0.001232, 4372.853382, 0.000000, 3979.183573, 0.001232, 0.632888, -0.001232, 0.029152, 0.028766, -0.473575, 0.049300, 0.000000, 0.001232, 0.632888, 0.500000, 0.001232, 0.632888
4.27, 3982.826648, 400.000000, 15000.000000, 400.000000, 0.006907, 54.492049, -3922.660000, 3977.152049, 0.006907, 0.006907, 0.006907, -0.005675, 3977.152049, 3982.826648, -5.674599, -0.005675, -0.005675, -0.005675, 54.492049, 54.492049, 0.006907, -5.674599, -0.005675, 1000.000000, -3922.660000, 0.006907, 400.000000, 0.006907, 3977.152049, 3977.152049, 3977.152049, 3977.152049, -0.005675, 0.001232, 0.006907, 3977.152049, 0.001332, 1.128812, -0.005675, 0.265522, 0.261511, 54.492049, 2.762838, 0.000000, 0.006907, 1.128812, 1.000000, 0.006907, 1.128812, 0.100000, 0.000000, 10.000000, 4372.853382, 0.000000, 0.000000, 4372.853382, 0.100000, 0.100000, 0.100000, 0.100000, 0.100000, 1.000000, 4370.873961, 0.000000, 0.100000, -6.283185, 0.000000, 4370.873961, 40.000000, 400.000000, 150000.000000, 40.000000, 0.001332, -0.575612, 3979.183573, -392.266000, 4370.873961, 0.001332, 0.001332, 0.001332, 0.001332, -0.001332, 4370.873961, 4370.873961, -0.000000, -0.001332, -0.001332, -0.001332, 3979.183573, 3979.183573, 0.001332, -0.000000, -0.001332, 0.000000, -392.266000, 0.001332, 40.000000, 0.001332, 4370.873961, 4370.873961, 4370.873961, 4370.873961, -0.001332, 0.000000, 0.001332, 4370.873961, 0.000000, 3977.152049, 0.001332, 0.632901, -0.001332, 0.029139, 0.028766, -0.575612, 0.053262, 0.000000, 0.001332, 0.632901, 0.500000, 0.001332, 0.632901
4.28, 3981.889117, 400.000000, 15000.000000, 400.000000, 0.008244, 52.316975, -3922.660000, 3974.976975, 0.008244, 0.008244, 0.008244, -0.006912, 3974.976975, 3981.889117, -6.912143, -0.006912, -0.006912, -0.006912, 52.316975, 52.316975, 0.008244, -6.912143, -0.006912, 1000.000000, -3922.660000, 0.008244, 400.000000, 0.008244, 3974.976975, 3974.976975, 3974.976975, 3974.976975, -0.006912, 0.001332, 0.008244, 3974.976975, 0.001424, 1.128888, -0.006912, 0.265459, 0.261511, 52.316975, 3.297481, 0.000000, 0.008244, 1.128888, 1.000000, 0.008244, 1.128888, 0.100000, 0.000000, 10.000000, 4370.873961, 0.000000, 0.000000, 4370.873961, 0.100000, 0.100000, 0.100000, 0.100000, 0.100000, 1.000000, 4368.746495, 0.000000, 0.100000, -6.283185, 0.000000, 4368.746495, 40.000000, 400.000000, 150000.000000, 40.000000, 0.001424, -0.671554, 3977.152049, -392.266000, 4368.746495, 0.001424, 0.001424, 0.001424, 0.001424, -0.001424, 4368.746495, 4368.746495, -0.000000, -0.001424, -0.001424, -0.001424, 3977.152049, 3977.152049, 0.001424, -0.000000, -0.001424, 0.000000, -392.266000, 0.001424, 40.000000, 0.001424, 4368.746495, 4368.746495, 4368.746495, 4368.746495, -0.001424, 0.000000, 0.001424, 4368.746495, 0.000000, 3974.976975, 0.001424, 0.632915, -0.001424, 0.029125, 0.028766, -0.671554, 0.056973, 0.000000, 0.001424, 0.632915, 0.500000, 0.001424, 0.632915
4.29, 3980.769196, 400.000000, 15000.000000, 400.000000, 0.009524, 50.009344, -3922.660000, 3972.669344, 0.009524, 0.009524, 0.009524, -0.008100, 3972.669344, 3980.769196, -8.099852, -0.008100, -0.008100, -0.008100, 50.009344, 50.009344, 0.009524, -8.099852, -0.008100, 1000.000000, -3922.660000, 0.009524, 400.000000, 0.009524, 3972.669344, 3972.669344, 3972.669344, 3972.669344, -0.008100, 0.001424, 0.009524, 3972.669344, 0.001511, 1.128977, -0.008100, 0.265385, 0.261511, 50.009344, 3.809670, 0.000000, 0.009524, 1.128977, 1.000000, 0.009524, 1.128977, 0.100000, 0.000000, 10.000000, 4368.746495, 0.000000, 0.000000, 4368.746495, 0.100000, 0.100000, 0.100000, 0.100000, 0.100000, 1.000000, 4366.480611, 0.000000, 0.100000, -6.283185, 0.000000, 4366.480611, 40.000000, 400.000000, 150000.000000, 40.000000, 0.001511, -0.762364, 3974.976975, -392.266000, 4366.480611, 0.001511, 0.001511, 0.001511, 0.001511, -0.001511, 4366.480611, 4366.480611, -0.000000, -0.001511, -0.001511, -0.001511, 3974.976975, 3974.976975, 0.001511, -0.000000, -0.001511, 0.000000, -392.266000, 0.001511, 40.000000, 0.001511, 4366.480611, 4366.480611, 4366.480611, 4366.480611, -0.001511, 0.000000, 0.001511, 4366.480611, 0.000000, 3972.669344, 0.001511, 0.632930, -0.001511, 0.029110, 0.028766, -0.762364, 0.060436, 0.000000, 0.001511, 0.632930, 0.500000, 0.001511, 0.632930
4.3, 3979.474619, 400.000000, 15000.000000, 400.000000, 0.010745, 47.580193, -3922.660000, 3970.240193, 0.010745, 0.010745, 0.010745, -0.009234, 3970.240193, 3979.474619, -9.234426, -0.009234, -0.009234, -0.009234, 47.580193, 47.580193, 0.010745, -9.234426, -0.009234, 1000.000000, -3922.660000, 0.010745, 400.000000, 0.010745, 3970.240193, 3970.240193, 3970.240193, 3970.240193, -0.009234, 0.001511, 0.010745, 3970.240193, 0.001591, 1.129078, -0.009234, 0.265298, 0.261511, 47.580193, 4.298135, 0.000000, 0.010745, 1.129078, 1.000000, 0.010745, 1.129078, 0.100000, 0.000000, 10.000000, 4366.480611, 0.000000, 0.000000, 4366.480611, 0.100000, 0.100000, 0.100000, 0.100000, 0.100000, 1.000000, 4364.086000, 0.000000, 0.100000, -6.283185, 0.000000, 4364.086000, 40.000000, 400.000000, 150000.000000, 40.000000, 0.001591, -0.849344, 3972.669344, -392.266000, 4364.086000, 0.001591, 0.001591, 0.001591, 0.001591, -0.001591, 4364.086000, 4364.086000, -0.000000, -0.001591, -0.001591, -0.001591, 3972.669344, 3972.669344, 0.001591, -0.000000, -0.001591, 0.000000, -392.266000, 0.001591, 40.000000, 0.001591, 4364.086000, 4364.086000, 4364.086000, 4364.086000, -0.001591, 0.000000, 0.001591, 4364.086000, 0.000000, 3970.240193, 0.001591, 0.632946, -0.001591, 0.029094, 0.028766, -0.849344, 0.063644, 0.000000, 0.001591, 0.632946, 0.500000, 0.001591, 0.632946
4.31, 3978.013547, 400.000000, 15000.000000, 400.000000, 0.011904, 45.040371, -3922.660000, 3967.700371, 0.011904, 0.011904, 0.011904, -0.010313, 3967.700371, 3978.013547, -10.313176, -0.010313, -0.010313, -0.010313, 45.040371, 45.040371, 0.011904, -10.313176, -0.010313, 1000.000000, -3922.660000, 0.011904, 400.000000, 0.011904, 3967.700371, 3967.700371, 3967.700371, 3967.700371, -0.010313, 0.001591, 0.011904, 3967.700371, 0.001664, 1.129191, -0.010313, 0.265201, 0.261511, 45.040371, 4.761715, 0.000000, 0.011904, 1.129191, 1.000000, 0.011904, 1.129191, 0.100000, 0.000000, 10.000000, 4364.086000, 0.000000, 0.000000, 4364.086000, 0.100000, 0.100000, 0.100000, 0.100000, 0.100000, 1.000000, 4361.572906, 0.000000, 0.100000, -6.283185, 0.000000, 4361.572906, 40.000000, 400.000000, 150000.000000, 40.000000, 0.001664, -0.933287, 3970.240193, -392.266000, 4361.572906, 0.001664, 0.001664, 0.001664, 0.001664, -0.001664, 4361.572906, 4361.572906, -0.000000, -0.001664, -0.001664, -0.001664, 3970.240193, 3970.240193, 0.001664, -0.000000, -0.001664, 0.000000, -392.266000, 0.001664, 40.000000, 0.001664, 4361.572906, 4361.572906, 4361.572906, 4361.572906, -0.001664, 0.000000, 0.001664, 4361.572906, 0.000000, 3967.700371, 0.001664, 0.632963, -0.001664, 0.029077, 0.028766, -0.933287, 0.066577, 0.000000, 0.001664, 0.632963, 0.500000, 0.001664, 0.632963
4.32, 3976.394482, 400.000000, 15000.000000, 400.000000, 0.012998, 42.400528, -3922.660000, 3965.060528, 0.012998, 0.012998, 0.012998, -0.011334, 3965.060528, 3976.394482, -11.333955, -0.011334, -0.011334, -0.011334, 42.400528, 42.400528, 0.012998, -11.333955, -0.011334, 1000.000000, -3922.660000, 0.012998, 400.000000, 0.012998, 3965.060528, 3965.060528, 3965.060528, 3965.060528, -0.011334, 0.001664, 0.012998, 3965.060528, 0.001730, 1.129316, -0.011334, 0.265093, 0.261511, 42.400528, 5.199354, 0.000000, 0.012998, 1.129316, 1.000000, 0.012998, 1.129316, 0.100000, 0.000000, 10.000000, 4361.572906, 0.000000, 0.000000, 4361.572906, 0.100000, 0.100000, 0.100000, 0.100000, 0.100000, 1.000000, 4358.952374, 0.000000, 0.100000, -6.283185, 0.000000, 4358.952374, 40.000000, 400.000000, 150000.000000, 40.000000, 0.001730, -1.013997, 3967.700371, -392.266000, 4358.952374, 0.001730, 0.001730, 0.001730, 0.001730, -0.001730, 4358.952374, 4358.952374, -0.000000, -0.001730, -0.001730, -0.001730, 3967.700371, 3967.700371, 0.001730, -0.000000, -0.001730, 0.000000, -392.266000, 0.001730, 40.000000, 0.001730, 4358.952374, 4358.952374, 4358.952374, 4358.952374, -0.001730, 0.000000, 0.001730, 4358.952374, 0.000000, 3965.060528, 0.001730, 0.632980, -0.001730, 0.029060, 0.028766, -1.013997, 0.069213, 0.000000, 0.001730, 0.632980, 0.500000, 0.001730, 0.632980
4.33, 3974.626221, 400.000000, 15000.000000, 400.000000, 0.014025, 39.671289, -3922.660000, 3962.331289, 0.014025, 0.014025, 0.014025, -0.012295, 3962.331289, 3974.626221, -12.294933, -0.012295, -0.012295, -0.012295, 39.671289, 39.671289, 0.014025, -12.294933, -0.012295, 1000.000000, -3922.660000, 0.014025, 400.000000, 0.014025, 3962.331289, 3962.331289, 3962.331289, 3962.331289, -0.012295, 0.001730, 0.014025, 3962.331289, 0.001788, 1.129451, -0.012295, 0.264975, 0.261511, 39.671289, 5.610101, 0.000000, 0.014025, 1.129451, 1.000000, 0.014025, 1.129451, 0.100000, 0.000000, 10.000000, 4358.952374, 0.000000, 0.000000, 4358.952374, 0.100000, 0.100000, 0.100000, 0.100000, 0.100000, 1.000000, 4356.236148, 0.000000, 0.100000, -6.283185, 0.000000, 4356.236148, 40.000000, 400.000000, 150000.000000, 40.000000, 0.001788, -1.090380, 3965.060528, -392.266000, 4356.236148, 0.001788, 0.001788, 0.001788, 0.001788, -0.001788, 4356.236148, 4356.236148, -0.000000, -0.001788, -0.001788, -0.001788, 3965.060528, 3965.060528, 0.001788, -0.000000, -0.001788, 0.000000, -392.266000, 0.001788, 40.000000, 0.001788, 4356.236148, 4356.236148, 4356.236148, 4356.236148, -0.001788, 0.000000, 0.001788, 4356.236148, 0.000000, 3962.331289, 0.001788, 0.632999, -0.001788, 0.029042, 0.028766, -1.090380, 0.071537, 0.000000, 0.001788, 0.632999, 0.500000, 0.001788, 0.632999
4.34, 3972.717843, 400.000000, 15000.000000, 400.000000, 0.014983, 36.863482, -3922.660000, 3959.523482, 0.014983, 0.014983, 0.014983, -0.013194, 3959.523482, 3972.717843, -13.194361, -0.013194, -0.013194, -0.013194, 36.863482, 36.863482, 0.014983, -13.194361, -0.013194, 1000.000000, -3922.660000, 0.014983, 400.000000, 0.014983, 3959.523482, 3959.523482, 3959.523482, 3959.523482, -0.013194, 0.001788, 0.014983, 3959.523482, 0.001839, 1.129596, -0.013194, 0.264848, 0.261511, 36.863482, 5.993115, 0.000000, 0.014983, 1.129596, 1.000000, 0.014983, 1.129596, 0.100000, 0.000000, 10.000000, 4356.236148, 0.000000, 0.000000, 4356.236148, 0.100000, 0.100000, 0.100000, 0.100000, 0.100000, 1.000000, 4353.436267, 0.000000, 0.100000, -6.283185, 0.000000, 4353.436267, 40.000000, 400.000000, 150000.000000, 40.000000, 0.001839, -1.161022, 3962.331289, -392.266000, 4353.436267, 0.001839, 0.001839, 0.001839, 0.001839, -0.001839, 4353.436267, 4353.436267, -0.000000, -0.001839, -0.001839, -0.001839, 3962.331289, 3962.331289, 0.001839, -0.000000, -0.001839, 0.000000, -392.266000, 0.001839, 40.000000, 0.001839, 4353.436267, 4353.436267, 4353.436267, 4353.436267, -0.001839, 0.000000, 0.001839, 4353.436267, 0.000000, 3959.523482, 0.001839, 0.633017, -0.001839, 0.029023, 0.028766, -1.161022, 0.073549, 0.000000, 0.001839, 0.633017, 0.500000, 0.001839, 0.633017
4.35, 3970.678717, 400.000000, 15000.000000, 400.000000, 0.015869, 33.988275, -3922.660000, 3956.648275, 0.015869, 0.015869, 0.015869, -0.014030, 3956.648275, 3970.678717, -14.030442, -0.014030, -0.014030, -0.014030, 33.988275, 33.988275, 0.015869, -14.030442, -0.014030, 1000.000000, -3922.660000, 0.015869, 400.000000, 0.015869, 3956.648275, 3956.648275, 3956.648275, 3956.648275, -0.014030, 0.001839, 0.015869, 3956.648275, 0.001881, 1.129750, -0.014030, 0.264712, 0.261511, 33.988275, 6.347666, 0.000000, 0.015869, 1.129750, 1.000000, 0.015869, 1.129750, 0.100000, 0.000000, 10.000000, 4353.436267, 0.000000, 0.000000, 4353.436267, 0.100000, 0.100000, 0.100000, 0.100000, 0.100000, 1.000000, 4350.564589, 0.000000, 0.100000, -6.283185, 0.000000, 4350.564589, 40.000000, 400.000000, 150000.000000, 40.000000, 0.001881, -1.224893, 3959.523482, -392.266000, 4350.564589, 0.001881, 0.001881, 0.001881, 0.001881, -0.001881, 4350.564589, 4350.564589, -0.000000, -0.001881, -0.001881, -0.001881, 3959.523482, 3959.523482, 0.001881, -0.000000, -0.001881, 0.000000, -392.266000, 0.001881, 40.000000, 0.001881, 4350.564589, 4350.564589, 4350.564589, 4350.564589, -0.001881, 0.000000, 0.001881, 4350.564589, 0.000000, 3956.648275, 0.001881, 0.633036, -0.001881, 0.029004, 0.028766, -1.224893, 0.075259, 0.000000, 0.001881, 0.633036, 0.500000, 0.001881, 0.633036
4.36, 3968.518502, 400.000000, 15000.000000, 400.000000, 0.016683, 31.057127, -3922.660000, 3953.717127, 0.016683, 0.016683, 0.016683, -0.014801, 3953.717127, 3968.518502, -14.801375, -0.014801, -0.014801, -0.014801, 31.057127, 31.057127, 0.016683, -14.801375, -0.014801, 1000.000000, -3922.660000, 0.016683, 400.000000, 0.016683, 3953.717127, 3953.717127, 3953.717127, 3953.717127, -0.014801, 0.001881, 0.016683, 3953.717127, 0.001917, 1.129913, -0.014801, 0.264568, 0.261511, 31.057127, 6.673139, 0.000000, 0.016683, 1.129913, 1.000000, 0.016683, 1.129913, 0.100000, 0.000000, 10.000000, 4350.564589, 0.000000, 0.000000, 4350.564589, 0.100000, 0.100000, 0.100000, 0.100000, 0.100000, 1.000000, 4347.632475, 0.000000, 0.100000, -6.283185, 0.000000, 4347.632475, 40.000000, 400.000000, 150000.000000, 40.000000, 0.001917, -1.281800, 3956.648275, -392.266000, 4347.632475, 0.001917, 0.001917, 0.001917, 0.001917, -0.001917, 4347.632475, 4347.632475, -0.000000, -0.001917, -0.001917, -0.001917, 3956.648275, 3956.648275, 0.001917, -0.000000, -0.001917, 0.000000, -392.266000, 0.001917, 40.000000, 0.001917, 4347.632475, 4347.632475, 4347.632475, 4347.632475, -0.001917, 0.000000, 0.001917, 4347.632475, 0.000000, 3953.717127, 0.001917, 0.633056, -0.001917, 0.028984, 0.028766, -1.281800, 0.076682, 0.000000, 0.001917, 0.633056, 0.500000, 0.001917, 0.633056
4.37, 3966.247124, 400.000000, 15000.000000, 400.000000, 0.017423, 28.081591, -3922.660000, 3950.741591, 0.017423, 0.017423, 0.017423, -0.015506, 3950.741591, 3966.247124, -15.505532, -0.015506, -0.015506, -0.015506, 28.081591, 28.081591, 0.017423, -15.505532, -0.015506, 1000.000000, -3922.660000, 0.017423, 400.000000, 0.017423, 3950.741591, 3950.741591, 3950.741591, 3950.741591, -0.015506, 0.001917, 0.017423, 3950.741591, 0.001946, 1.130084, -0.015506, 0.264416, 0.261511, 28.081591, 6.969034, 0.000000, 0.017423, 1.130084, 1.000000, 0.017423, 1.130084, 0.100000, 0.000000, 10.000000, 4347.632475, 0.000000, 0.000000, 4347.632475, 0.100000, 0.100000, 0.100000, 0.100000, 0.100000, 1.000000, 4344.650768, 0.000000, 0.100000, -6.283185, 0.000000, 4344.650768, 40.000000, 400.000000, 150000.000000, 40.000000, 0.001946, -1.332359, 3953.717127, -392.266000, 4344.650768, 0.001946, 0.001946, 0.001946, 0.001946, -0.001946, 4344.650768, 4344.650768, -0.000000, -0.001946, -0.001946, -0.001946, 3953.717127, 3953.717127, 0.001946, -0.000000, -0.001946, 0.000000, -392.266000, 0.001946, 40.000000, 0.001946, 4344.650768, 4344.650768, 4344.650768, 4344.650768, -0.001946, 0.000000, 0.001946, 4344.650768, 0.000000, 3950.741591, 0.001946, 0.633076, -0.001946, 0.028964, 0.028766, -1.332359, 0.077830, 0.000000, 0.001946, 0.633076, 0.500000, 0.001946, 0.633076
4.38, 3963.874716, 400.000000, 15000.000000, 400.000000, 0.018087, 25.073052, -3922.660000, 3947.733052, 0.018087, 0.018087, 0.018087, -0.016142, 3947.733052, 3963.874716, -16.141664, -0.016142, -0.016142, -0.016142, 25.073052, 25.073052, 0.018087, -16.141664, -0.016142, 1000.000000, -3922.660000, 0.018087, 400.000000, 0.018087, 3947.733052, 3947.733052, 3947.733052, 3947.733052, -0.016142, 0.001946, 0.018087, 3947.733052, 0.001968, 1.130261, -0.016142, 0.264258, 0.261511, 25.073052, 7.234965, 0.000000, 0.018087, 1.130261, 1.000000, 0.018087, 1.130261, 0.100000, 0.000000, 10.000000, 4344.650768, 0.000000, 0.000000, 4344.650768, 0.100000, 0.100000, 0.100000, 0.100000, 0.100000, 1.000000, 4341.630038, 0.000000, 0.100000, -6.283185, 0.000000, 4341.630038, 40.000000, 400.000000, 150000.000000, 40.000000, 0.001968, -1.377553, 3950.741591, -392.266000, 4341.630038, 0.001968, 0.001968, 0.001968, 0.001968, -0.001968, 4341.630038, 4341.630038, -0.000000, -0.001968, -0.001968, -0.001968, 3950.741591, 3950.741591, 0.001968, -0.000000, -0.001968, 0.000000, -392.266000, 0.001968, 40.000000, 0.001968, 4341.630038, 4341.630038, 4341.630038, 4341.630038, -0.001968, 0.000000, 0.001968, 4341.630038, 0.000000, 3947.733052, 0.001968, 0.633096, -0.001968, 0.028944, 0.028766, -1.377553, 0.078705, 0.000000, 0.001968, 0.633096, 0.500000, 0.001968, 0.633096
4.39, 3961.411548, 400.000000, 15000.000000, 400.000000, 0.018677, 22.042533, -3922.660000, 3944.702533, 0.018677, 0.018677, 0.018677, -0.016709, 3944.702533, 3961.411548, -16.709015, -0.016709, -0.016709, -0.016709, 22.042533, 22.042533, 0.018677, -16.709015, -0.016709, 1000.000000, -3922.660000, 0.018677, 400.000000, 0.018677, 3944.702533, 3944.702533, 3944.702533, 3944.702533, -0.016709, 0.001968, 0.018677, 3944.702533, 0.001983, 1.130445, -0.016709, 0.264094, 0.261511, 22.042533, 7.470659, 0.000000, 0.018677, 1.130445, 1.000000, 0.018677, 1.130445, 0.100000, 0.000000, 10.000000, 4341.630038, 0.000000, 0.000000, 4341.630038, 0.100000, 0.100000, 0.100000, 0.100000, 0.100000, 1.000000, 4338.580906, 0.000000, 0.100000, -6.283185, 0.000000, 4338.580906, 40.000000, 400.000000, 150000.000000, 40.000000, 0.001983, -1.418146, 3947.733052, -392.266000, 4338.580906, 0.001983, 0.001983, 0.001983, 0.001983, -0.001983, 4338.580906, 4338.580906, -0.000000, -0.001983, -0.001983, -0.001983, 3947.733052, 3947.733052, 0.001983, -0.000000, -0.001983, 0.000000, -392.266000, 0.001983, 40.000000, 0.001983, 4338.580906, 4338.580906, 4338.580906, 4338.580906, -0.001983, 0.000000, 0.001983, 4338.580906, 0.000000, 3944.702533, 0.001983, 0.633116, -0.001983, 0.028924, 0.028766, -1.418146, 0.079303, 0.000000, 0.001983, 0.633116, 0.500000, 0.001983, 0.633116
4.4, 3958.867952, 400.000000, 15000.000000, 400.000000, 0.019190, 19.000649, -3922.660000, 3941.660649, 0.019190, 0.019190, 0.019190, -0.017207, 3941.660649, 3958.867952, -17.207303, -0.017207, -0.017207, -0.017207, 19.000649, 19.000649, 0.019190, -17.207303, -0.017207, 1000.000000, -3922.660000, 0.019190, 400.000000, 0.019190, 3941.660649, 3941.660649, 3941.660649, 3941.660649, -0.017207, 0.001983, 0.019190, 3941.660649, 0.001990, 1.130635, -0.017207, 0.263925, 0.261511, 19.000649, 7.675947, 0.000000, 0.019190, 1.130635, 1.000000, 0.019190, 1.130635, 0.100000, 0.000000, 10.000000, 4338.580906, 0.000000, 0.000000, 4338.580906, 0.100000, 0.100000, 0.100000, 0.100000, 0.100000, 1.000000, 4335.514259, 0.000000, 0.100000, -6.283185, 0.000000, 4335.514259, 40.000000, 400.000000, 150000.000000, 40.000000, 0.001990, -1.454274, 3944.702533, -392.266000, 4335.514259, 0.001990, 0.001990, 0.001990, 0.001990, -0.001990, 4335.514259, 4335.514259, -0.000000, -0.001990, -0.001990, -0.001990, 3944.702533, 3944.702533, 0.001990, -0.000000, -0.001990, 0.000000, -392.266000, 0.001990, 40.000000, 0.001990, 4335.514259, 4335.514259, 4335.514259, 4335.514259, -0.001990, 0.000000, 0.001990, 4335.514259, 0.000000, 3941.660649, 0.001990, 0.633137, -0.001990, 0.028903, 0.028766, -1.454274, 0.079614, 0.000000, 0.001990, 0.633137, 0.500000, 0.001990, 0.633137
4.41, 3956.254272, 400.000000, 15000.000000, 400.000000, 0.019627, 15.957695, -3922.660000, 3938.617695, 0.019627, 0.019627, 0.019627, -0.017637, 3938.617695, 3956.254272, -17.636577, -0.017637, -0.017637, -0.017637, 15.957695, 15.957695, 0.019627, -17.636577, -0.017637, 1000.000000, -3922.660000, 0.019627, 400.000000, 0.019627, 3938.617695, 3938.617695, 3938.617695, 3938.617695, -0.017637, 0.001990, 0.019627, 3938.617695, 0.001991, 1.130829, -0.017637, 0.263750, 0.261511, 15.957695, 7.850767, 0.000000, 0.019627, 1.130829, 1.000000, 0.019627, 1.130829, 0.100000, 0.000000, 10.000000, 4335.514259, 0.000000, 0.000000, 4335.514259, 0.100000, 0.100000, 0.100000, 0.100000, 0.100000, 1.000000, 4332.441230, 0.000000, 0.100000, -6.283185, 0.000000, 4332.441230, 40.000000, 400.000000, 150000.000000, 40.000000, 0.001991, -1.485420, 3941.660649, -392.266000, 4332.441230, 0.001991, 0.001991, 0.001991, 0.001991, -0.001991, 4332.441230, 4332.441230, -0.000000, -0.001991, -0.001991, -0.001991, 3941.660649, 3941.660649, 0.001991, -0.000000, -0.001991, 0.000000, -392.266000, 0.001991, 40.000000, 0.001991, 4332.441230, 4332.441230, 4332.441230, 4332.441230, -0.001991, 0.000000, 0.001991, 4332.441230, 0.000000, 3938.617695, 0.001991, 0.633157, -0.001991, 0.028883, 0.028766, -1.485420, 0.079634, 0.000000, 0.001991, 0.633157, 0.500000, 0.001991, 0.633157
4.42, 3953.580839, 400.000000, 15000.000000, 400.000000, 0.019988, 12.923797, -3922.660000, 3935.583797, 0.019988, 0.019988, 0.019988, -0.017997, 3935.583797, 3953.580839, -17.997043, -0.017997, -0.017997, -0.017997, 12.923797, 12.923797, 0.019988, -17.997043, -0.017997, 1000.000000, -3922.660000, 0.019988, 400.000000, 0.019988, 3935.583797, 3935.583797, 3935.583797, 3935.583797, -0.017997, 0.001991, 0.019988, 3935.583797, 0.001984, 1.131027, -0.017997, 0.263572, 0.261511, 12.923797, 7.995159, 0.000000, 0.019988, 1.131027, 1.000000, 0.019988, 1.131027, 0.100000, 0.000000, 10.000000, 4332.441230, 0.000000, 0.000000, 4332.441230, 0.100000, 0.100000, 0.100000, 0.100000, 0.100000, 1.000000, 4329.372948, 0.000000, 0.100000, -6.283185, 0.000000, 4329.372948, 40.000000, 400.000000, 150000.000000, 40.000000, 0.001984, -1.510747, 3938.617695, -392.266000, 4329.372948, 0.001984, 0.001984, 0.001984, 0.001984, -0.001984, 4329.372948, 4329.372948, -0.000000, -0.001984, -0.001984, -0.001984, 3938.617695, 3938.617695, 0.001984, -0.000000, -0.001984, 0.000000, -392.266000, 0.001984, 40.000000, 0.001984, 4329.372948, 4329.372948, 4329.372948, 4329.372948, -0.001984, 0.000000, 0.001984, 4329.372948, 0.000000, 3935.583797, 0.001984, 0.633178, -0.001984, 0.028862, 0.028766, -1.510747, 0.079369, 0.000000, 0.001984, 0.633178, 0.500000, 0.001984, 0.633178
4.43, 3950.857969, 400.000000, 15000.000000, 400.000000, 0.020273, 9.909023, -3922.660000, 3932.569023, 0.020273, 0.020273, 0.020273, -0.018289, 3932.569023, 3950.857969, -18.288946, -0.018289, -0.018289, -0.018289, 9.909023, 9.909023, 0.020273, -18.288946, -0.018289, 1000.000000, -3922.660000, 0.020273, 400.000000, 0.020273, 3932.569023, 3932.569023, 3932.569023, 3932.569023, -0.018289, 0.001984, 0.020273, 3932.569023, 0.001971, 1.131228, -0.018289, 0.263391, 0.261511, 9.909023, 8.109264, 0.000000, 0.020273, 1.131228, 1.000000, 0.020273, 1.131228, 0.100000, 0.000000, 10.000000, 4329.372948, 0.000000, 0.000000, 4329.372948, 0.100000, 0.100000, 0.100000, 0.100000, 0.100000, 1.000000, 4326.320211, 0.000000, 0.100000, -6.283185, 0.000000, 4326.320211, 40.000000, 400.000000, 150000.000000, 40.000000, 0.001971, -1.529586, 3935.583797, -392.266000, 4326.320211, 0.001971, 0.001971, 0.001971, 0.001971, -0.001971, 4326.320211, 4326.320211, -0.000000, -0.001971, -0.001971, -0.001971, 3935.583797, 3935.583797, 0.001971, -0.000000, -0.001971, 0.000000, -392.266000, 0.001971, 40.000000, 0.001971, 4326.320211, 4326.320211, 4326.320211, 4326.320211, -0.001971, 0.000000, 0.001971, 4326.320211, 0.000000, 3932.569023, 0.001971, 0.633198, -0.001971, 0.028842, 0.028766, -1.529586, 0.078830, 0.000000, 0.001971, 0.633198, 0.500000, 0.001971, 0.633198
4.44, 3948.095949, 400.000000, 15000.000000, 400.000000, 0.020483, 6.923377, -3922.660000, 3929.583377, 0.020483, 0.020483, 0.020483, -0.018513, 3929.583377, 3948.095949, -18.512571, -0.018513, -0.018513, -0.018513, 6.923377, 6.923377, 0.020483, -18.512571, -0.018513, 1000.000000, -3922.660000, 0.020483, 400.000000, 0.020483, 3929.583377, 3929.583377, 3929.583377, 3929.583377, -0.018513, 0.001971, 0.020483, 3929.583377, 0.001951, 1.131432, -0.018513, 0.263206, 0.261511, 6.923377, 8.193326, 0.000000, 0.020483, 1.131432, 1.000000, 0.020483, 1.131432, 0.100000, 0.000000, 10.000000, 4326.320211, 0.000000, 0.000000, 4326.320211, 0.100000, 0.100000, 0.100000, 0.100000, 0.100000, 1.000000, 4323.293228, 0.000000, 0.100000, -6.283185, 0.000000, 4323.293228, 40.000000, 400.000000, 150000.000000, 40.000000, 0.001951, -1.541795, 3932.569023, -392.266000, 4323.293228, 0.001951, 0.001951, 0.001951, 0.001951, -0.001951, 4323.293228, 4323.293228, -0.000000, -0.001951, -0.001951, -0.001951, 3932.569023, 3932.569023, 0.001951, -0.000000, -0.001951, 0.000000, -392.266000, 0.001951, 40.000000, 0.001951, 4323.293228, 4323.293228, 4323.293228, 4323.293228, -0.001951, 0.000000, 0.001951, 4323.293228, 0.000000, 3929.583377, 0.001951, 0.633218, -0.001951, 0.028822, 0.028766, -1.541795, 0.078035, 0.000000, 0.001951, 0.633218, 0.500000, 0.001951, 0.633218
4.45, 3945.305025, 400.000000, 15000.000000, 400.000000, 0.020619, 3.976685, -3922.660000, 3926.636685, 0.020619, 0.020619, 0.020619, -0.018668, 3926.636685, 3945.305025, -18.668340, -0.018668, -0.018668, -0.018668, 3.976685, 3.976685, 0.020619, -18.668340, -0.018668, 1000.000000, -3922.660000, 0.020619, 400.000000, 0.020619, 3926.636685, 3926.636685, 3926.636685, 3926.636685, -0.018668, 0.001951, 0.020619, 3926.636685, 0.001925, 1.131638, -0.018668, 0.263020, 0.261511, 3.976685, 8.247686, 0.000000, 0.020619, 1.131638, 1.000000, 0.020619, 1.131638, 0.100000, 0.000000, 10.000000, 4323.293228, 0.000000, 0.000000, 4323.293228, 0.100000, 0.100000, 0.100000, 0.100000, 0.100000, 1.000000, 4320.301559, 0.000000, 0.100000, -6.283185, 0.000000, 4320.301559, 40.000000, 400.000000, 150000.000000, 40.000000, 0.001925, -1.547819, 3929.583377, -392.266000, 4320.301559, 0.001925, 0.001925, 0.001925, 0.001925, -0.001925, 4320.301559, 4320.301559, -0.000000, -0.001925, -0.001925, -0.001925, 3929.583377, 3929.583377, 0.001925, -0.000000, -0.001925, 0.000000, -392.266000, 0.001925, 40.000000, 0.001925, 4320.301559, 4320.301559, 4320.301559, 4320.301559, -0.001925, 0.000000, 0.001925, 4320.301559, 0.000000, 3926.636685, 0.001925, 0.633238, -0.001925, 0.028802, 0.028766, -1.547819, 0.077001, 0.000000, 0.001925, 0.633238, 0.500000, 0.001925, 0.633238
4.46, 3942.495355, 400.000000, 15000.000000, 400.000000, 0.020682, 1.078410, -3922.660000, 3923.738410, 0.020682, 0.020682, 0.020682, -0.018757, 3923.738410, 3942.495355, -18.756945, -0.018757, -0.018757, -0.018757, 1.078410, 1.078410, 0.020682, -18.756945, -0.018757, 1000.000000, -3922.660000, 0.020682, 400.000000, 0.020682, 3923.738410, 3923.738410, 3923.738410, 3923.738410, -0.018757, 0.001925, 0.020682, 3923.738410, 0.001893, 1.131844, -0.018757, 0.262833, 0.261511, 1.078410, 8.272785, 0.000000, 0.020682, 1.131844, 1.000000, 0.020682, 1.131844, 0.100000, 0.000000, 10.000000, 4320.301559, 0.000000, 0.000000, 4320.301559, 0.100000, 0.100000, 0.100000, 0.100000, 0.100000, 1.000000, 4317.354242, 0.000000, 0.100000, -6.283185, 0.000000, 4317.354242, 40.000000, 400.000000, 150000.000000, 40.000000, 0.001893, -1.548443, 3926.636685, -392.266000, 4317.354242, 0.001893, 0.001893, 0.001893, 0.001893, -0.001893, 4317.354242, 4317.354242, -0.000000, -0.001893, -0.001893, -0.001893, 3926.636685, 3926.636685, 0.001893, -0.000000, -0.001893, 0.000000, -392.266000, 0.001893, 40.000000, 0.001893, 4317.354242, 4317.354242, 4317.354242, 4317.354242, -0.001893, 0.000000, 0.001893, 4317.354242, 0.000000, 3923.738410, 0.001893, 0.633258, -0.001893, 0.028782, 0.028766, -1.548443, 0.075737, 0.000000, 0.001893, 0.633258, 0.500000, 0.001893, 0.633258
4.47, 3939.676957, 400.000000, 15000.000000, 400.000000, 0.020673, -1.762488, -3922.660000, 3920.897512, 0.020673, 0.020673, 0.020673, -0.018779, 3920.897512, 3939.676957, -18.779445, -0.018779, -0.018779, -0.018779, -1.762488, -1.762488, 0.020673, -18.779445, -0.018779, 1000.000000, -3922.660000, 0.020673, 400.000000, 0.020673, 3920.897512, 3920.897512, 3920.897512, 3920.897512, -0.018779, 0.001893, 0.020673, 3920.897512, 0.001856, 1.132051, -0.018779, 0.262645, 0.261511, -1.762488, 8.269153, 0.000000, 0.020673, 1.132051, 1.000000, 0.020673, 1.132051, 0.100000, 0.000000, 10.000000, 4317.354242, 0.000000, 0.000000, 4317.354242, 0.100000, 0.100000, 0.100000, 0.100000, 0.100000, 1.000000, 4314.460019, 0.000000, 0.100000, -6.283185, 0.000000, 4314.460019, 40.000000, 400.000000, 150000.000000, 40.000000, 0.001856, -1.544391, 3923.738410, -392.266000, 4314.460019, 0.001856, 0.001856, 0.001856, 0.001856, -0.001856, 4314.460019, 4314.460019, -0.000000, -0.001856, -0.001856, -0.001856, 3923.738410, 3923.738410, 0.001856, -0.000000, -0.001856, 0.000000, -392.266000, 0.001856, 40.000000, 0.001856, 4314.460019, 4314.460019, 4314.460019, 4314.460019, -0.001856, 0.000000, 0.001856, 4314.460019, 0.000000, 3920.897512, 0.001856, 0.633277, -0.001856, 0.028763, 0.028766, -1.544391, 0.074250, 0.000000, 0.001856, 0.633277, 0.500000, 0.001856, 0.633277
4.48, 3936.859651, 400.000000, 15000.000000, 400.000000, 0.020594, -4.537612, -3922.660000, 3918.122388, 0.020594, 0.020594, 0.020594, -0.018737, 3918.122388, 3936.859651, -18.737264, -0.018737, -0.018737, -0.018737, -4.537612, -4.537612, 0.020594, -18.737264, -0.018737, 1000.000000, -3922.660000, 0.020594, 400.000000, 0.020594, 3918.122388, 3918.122388, 3918.122388, 3918.122388, -0.018737, 0.001856, 0.020594, 3918.122388, 0.001814, 1.132258, -0.018737, 0.262457, 0.261511, -4.537612, 8.237406, 0.000000, 0.020594, 1.132258, 1.000000, 0.020594, 1.132258, 0.100000, 0.000000, 10.000000, 4314.460019, 0.000000, 0.000000, 4314.460019, 0.100000, 0.100000, 0.100000, 0.100000, 0.100000, 1.000000, 4311.627507, 0.000000, 0.100000, -6.283185, 0.000000, 4311.627507, 40.000000, 400.000000, 150000.000000, 40.000000, 0.001814, -1.536006, 3920.897512, -392.266000, 4311.627507, 0.001814, 0.001814, 0.001814, 0.001814, -0.001814, 4311.627507, 4311.627507, -0.000000, -0.001814, -0.001814, -0.001814, 3920.897512, 3920.897512, 0.001814, -0.000000, -0.001814, 0.000000, -392.266000, 0.001814, 40.000000, 0.001814, 4311.627507, 4311.627507, 4311.627507, 4311.627507, -0.001814, 0.000000, 0.001814, 4311.627507, 0.000000, 3918.122388, 0.001814, 0.633296, -0.001814, 0.028744, 0.028766, -1.536006, 0.072540, 0.000000, 0.001814, 0.633296, 0.500000, 0.001814, 0.633296
4.49, 3934.053018, 400.000000, 15000.000000, 400.000000, 0.020446, -7.239084, -3922.660000, 3915.420916, 0.020446, 0.020446, 0.020446, -0.018632, 3915.420916, 3934.053018, -18.632101, -0.018632, -0.018632, -0.018632, -7.239084, -7.239084, 0.020446, -18.632101, -0.018632, 1000.000000, -3922.660000, 0.020446, 400.000000, 0.020446, 3915.420916, 3915.420916, 3915.420916, 3915.420916, -0.018632, 0.001814, 0.020446, 3915.420916, 0.001765, 1.132463, -0.018632, 0.262270, 0.261511, -7.239084, 8.178242, 0.000000, 0.020446, 1.132463, 1.000000, 0.020446, 1.132463, 0.100000, 0.000000, 10.000000, 4311.627507, 0.000000, 0.000000, 4311.627507, 0.100000, 0.100000, 0.100000, 0.100000, 0.100000, 1.000000, 4308.865223, 0.000000, 0.100000, -6.283185, 0.000000, 4308.865223, 40.000000, 400.000000, 150000.000000, 40.000000, 0.001765, -1.523165, 3918.122388, -392.266000, 4308.865223, 0.001765, 0.001765, 0.001765, 0.001765, -0.001765, 4308.865223, 4308.865223, -0.000000, -0.001765, -0.001765, -0.001765, 3918.122388, 3918.122388, 0.001765, -0.000000, -0.001765, 0.000000, -392.266000, 0.001765, 40.000000, 0.001765, 4308.865223, 4308.865223, 4308.865223, 4308.865223, -0.001765, 0.000000, 0.001765, 4308.865223, 0.000000, 3915.420916, 0.001765, 0.633314, -0.001765, 0.028726, 0.028766, -1.523165, 0.070611, 0.000000, 0.001765, 0.633314, 0.500000, 0.001765, 0.633314
4.5, 3931.266373, 400.000000, 15000.000000, 400.000000, 0.020231, -9.859436, -3922.660000, 3912.800564, 0.020231, 0.020231, 0.020231, -0.018466, 3912.800564, 3931.266373, -18.465809, -0.018466, -0.018466, -0.018466, -9.859436, -9.859436, 0.020231, -18.465809, -0.018466, 1000.000000, -3922.660000, 0.020231, 400.000000, 0.020231, 3912.800564, 3912.800564, 3912.800564, 3912.800564, -0.018466, 0.001765, 0.020231, 3912.800564, 0.001712, 1.132666, -0.018466, 0.262084, 0.261511, -9.859436, 8.092437, 0.000000, 0.020231, 1.132666, 1.000000, 0.020231, 1.132666, 0.100000, 0.000000, 10.000000, 4308.865223, 0.000000, 0.000000, 4308.865223, 0.100000, 0.100000, 0.100000, 0.100000, 0.100000, 1.000000, 4306.181453, 0.000000, 0.100000, -6.283185, 0.000000, 4306.181453, 40.000000, 400.000000, 150000.000000, 40.000000, 0.001712, -1.505463, 3915.420916, -392.266000, 4306.181453, 0.001712, 0.001712, 0.001712, 0.001712, -0.001712, 4306.181453, 4306.181453, -0.000000, -0.001712, -0.001712, -0.001712, 3915.420916, 3915.420916, 0.001712, -0.000000, -0.001712, 0.000000, -392.266000, 0.001712, 40.000000, 0.001712, 4306.181453, 4306.181453, 4306.181453, 4306.181453, -0.001712, 0.000000, 0.001712, 4306.181453, 0.000000, 3912.800564, 0.001712, 0.633332, -0.001712, 0.028708, 0.028766, -1.505463, 0.068472, 0.000000, 0.001712, 0.633332, 0.500000, 0.001712, 0.633332
4.51, 3928.508762, 400.000000, 15000.000000, 400.000000, 0.019952, -12.391527, -3922.660000, 3910.268473, 0.019952, 0.019952, 0.019952, -0.018240, 3910.268473, 3928.508762, -18.240289, -0.018240, -0.018240, -0.018240, -12.391527, -12.391527, 0.019952, -18.240289, -0.018240, 1000.000000, -3922.660000, 0.019952, 400.000000, 0.019952, 3910.268473, 3910.268473, 3910.268473, 3910.268473, -0.018240, 0.001712, 0.019952, 3910.268473, 0.001653, 1.132867, -0.018240, 0.261901, 0.261511, -12.391527, 7.980837, 0.000000, 0.019952, 1.132867, 1.000000, 0.019952, 1.132867, 0.100000, 0.000000, 10.000000, 4306.181453, 0.000000, 0.000000, 4306.181453, 0.100000, 0.100000, 0.100000, 0.100000, 0.100000, 1.000000, 4303.584029, 0.000000, 0.100000, -6.283185, 0.000000, 4303.584029, 40.000000, 400.000000, 150000.000000, 40.000000, 0.001653, -1.482535, 3912.800564, -392.266000, 4303.584029, 0.001653, 0.001653, 0.001653, 0.001653, -0.001653, 4303.584029, 4303.584029, -0.000000, -0.001653, -0.001653, -0.001653, 3912.800564, 3912.800564, 0.001653, -0.000000, -0.001653, 0.000000, -392.266000, 0.001653, 40.000000, 0.001653, 4303.584029, 4303.584029, 4303.584029, 4303.584029, -0.001653, 0.000000, 0.001653, 4303.584029, 0.000000, 3910.268473, 0.001653, 0.633350, -0.001653, 0.028691, 0.028766, -1.482535, 0.066138, 0.000000, 0.001653, 0.633350, 0.500000, 0.001653, 0.633350
4.52, 3925.788953, 400.000000, 15000.000000, 400.000000, 0.019611, -14.828517, -3922.660000, 3907.831483, 0.019611, 0.019611, 0.019611, -0.017957, 3907.831483, 3925.788953, -17.957471, -0.017957, -0.017957, -0.017957, -14.828517, -14.828517, 0.019611, -17.957471, -0.017957, 1000.000000, -3922.660000, 0.019611, 400.000000, 0.019611, 3907.831483, 3907.831483, 3907.831483, 3907.831483, -0.017957, 0.001653, 0.019611, 3907.831483, 0.001591, 1.133065, -0.017957, 0.261719, 0.261511, -14.828517, 7.844363, 0.000000, 0.019611, 1.133065, 1.000000, 0.019611, 1.133065, 0.100000, 0.000000, 10.000000, 4303.584029, 0.000000, 0.000000, 4303.584029, 0.100000, 0.100000, 0.100000, 0.100000, 0.100000, 1.000000, 4301.080137, 0.000000, 0.100000, -6.283185, 0.000000, 4301.080137, 40.000000, 400.000000, 150000.000000, 40.000000, 0.001591, -1.454335, 3910.268473, -392.266000, 4301.080137, 0.001591, 0.001591, 0.001591, 0.001591, -0.001591, 4301.080137, 4301.080137, -0.000000, -0.001591, -0.001591, -0.001591, 3910.268473, 3910.268473, 0.001591, -0.000000, -0.001591, 0.000000, -392.266000, 0.001591, 40.000000, 0.001591, 4301.080137, 4301.080137, 4301.080137, 4301.080137, -0.001591, 0.000000, 0.001591, 4301.080137, 0.000000, 3907.831483, 0.001591, 0.633366, -0.001591, 0.028674, 0.028766, -1.454335, 0.063626, 0.000000, 0.001591, 0.633366, 0.500000, 0.001591, 0.633366
4.53, 3923.115427, 400.000000, 15000.000000, 400.000000, 0.019210, -17.163928, -3922.660000, 3905.496072, 0.019210, 0.019210, 0.019210, -0.017619, 3905.496072, 3923.115427, -17.619355, -0.017619, -0.017619, -0.017619, -17.163928, -17.163928, 0.019210, -17.619355, -0.017619, 1000.000000, -3922.660000, 0.019210, 400.000000, 0.019210, 3905.496072, 3905.496072, 3905.496072, 3905.496072, -0.017619, 0.001591, 0.019210, 3905.496072, 0.001524, 1.133259, -0.017619, 0.261541, 0.261511, -17.163928, 7.684001, 0.000000, 0.019210, 1.133259, 1.000000, 0.019210, 1.133259, 0.100000, 0.000000, 10.000000, 4301.080137, 0.000000, 0.000000, 4301.080137, 0.100000, 0.100000, 0.100000, 0.100000, 0.100000, 1.000000, 4298.676254, 0.000000, 0.100000, -6.283185, 0.000000, 4298.676254, 40.000000, 400.000000, 150000.000000, 40.000000, 0.001524, -1.421229, 3907.831483, -392.266000, 4298.676254, 0.001524, 0.001524, 0.001524, 0.001524, -0.001524, 4298.676254, 4298.676254, -0.000000, -0.001524, -0.001524, -0.001524, 3907.831483, 3907.831483, 0.001524, -0.000000, -0.001524, 0.000000, -392.266000, 0.001524, 40.000000, 0.001524, 4298.676254, 4298.676254, 4298.676254, 4298.676254, -0.001524, 0.000000, 0.001524, 4298.676254, 0.000000, 3905.496072, 0.001524, 0.633382, -0.001524, 0.028658, 0.028766, -1.421229, 0.060956, 0.000000, 0.001524, 0.633382, 0.500000, 0.001524, 0.633382
4.54, 3920.496350, 400.000000, 15000.000000, 400.000000, 0.018752, -19.391754, -3922.660000, 3903.268246, 0.018752, 0.018752, 0.018752, -0.017228, 3903.268246, 3920.496350, -17.228104, -0.017228, -0.017228, -0.017228, -19.391754, -19.391754, 0.018752, -17.228104, -0.017228, 1000.000000, -3922.660000, 0.018752, 400.000000, 0.018752, 3903.268246, 3903.268246, 3903.268246, 3903.268246, -0.017228, 0.001524, 0.018752, 3903.268246, 0.001454, 1.133449, -0.017228, 0.261366, 0.261511, -19.391754, 7.500798, 0.000000, 0.018752, 1.133449, 1.000000, 0.018752, 1.133449, 0.100000, 0.000000, 10.000000, 4298.676254, 0.000000, 0.000000, 4298.676254, 0.100000, 0.100000, 0.100000, 0.100000, 0.100000, 1.000000, 4296.378208, 0.000000, 0.100000, -6.283185, 0.000000, 4296.378208, 40.000000, 400.000000, 150000.000000, 40.000000, 0.001454, -1.383864, 3905.496072, -392.266000, 4296.378208, 0.001454, 0.001454, 0.001454, 0.001454, -0.001454, 4296.378208, 4296.378208, -0.000000, -0.001454, -0.001454, -0.001454, 3905.496072, 3905.496072, 0.001454, -0.000000, -0.001454, 0.000000, -392.266000, 0.001454, 40.000000, 0.001454, 4296.378208, 4296.378208, 4296.378208, 4296.378208, -0.001454, 0.000000, 0.001454, 4296.378208, 0.000000, 3903.268246, 0.001454, 0.633398, -0.001454, 0.028643, 0.028766, -1.383864, 0.058142, 0.000000, 0.001454, 0.633398, 0.500000, 0.001454, 0.633398
4.55, 3917.939543, 400.000000, 15000.000000, 400.000000, 0.018240, -21.506565, -3922.660000, 3901.153435, 0.018240, 0.018240, 0.018240, -0.016786, 3901.153435, 3917.939543, -16.786108, -0.016786, -0.016786, -0.016786, -21.506565, -21.506565, 0.018240, -16.786108, -0.016786, 1000.000000, -3922.660000, 0.018240, 400.000000, 0.018240, 3901.153435, 3901.153435, 3901.153435, 3901.153435, -0.016786, 0.001454, 0.018240, 3901.153435, 0.001380, 1.133634, -0.016786, 0.261196, 0.261511, -21.506565, 7.295861, 0.000000, 0.018240, 1.133634, 1.000000, 0.018240, 1.133634, 0.100000, 0.000000, 10.000000, 4296.378208, 0.000000, 0.000000, 4296.378208, 0.100000, 0.100000, 0.100000, 0.100000, 0.100000, 1.000000, 4294.191340, 0.000000, 0.100000, -6.283185, 0.000000, 4294.191340, 40.000000, 400.000000, 150000.000000, 40.000000, 0.001380, -1.342906, 3903.268246, -392.266000, 4294.191340, 0.001380, 0.001380, 0.001380, 0.001380, -0.001380, 4294.191340, 4294.191340, -0.000000, -0.001380, -0.001380, -0.001380, 3903.268246, 3903.268246, 0.001380, -0.000000, -0.001380, 0.000000, -392.266000, 0.001380, 40.000000, 0.001380, 4294.191340, 4294.191340, 4294.191340, 4294.191340, -0.001380, 0.000000, 0.001380, 4294.191340, 0.000000, 3901.153435, 0.001380, 0.633412, -0.001380, 0.028628, 0.028766, -1.342906, 0.055195, 0.000000, 0.001380, 0.633412, 0.500000, 0.001380, 0.633412
4.56, 3915.452441, 400.000000, 15000.000000, 400.000000, 0.017676, -23.503551, -3922.660000, 3899.156449, 0.017676, 0.017676, 0.017676, -0.016296, 3899.156449, 3915.452441, -16.295992, -0.016296, -0.016296, -0.016296, -23.503551, -23.503551, 0.017676, -16.295992, -0.016296, 1000.000000, -3922.660000, 0.017676, 400.000000, 0.017676, 3899.156449, 3899.156449, 3899.156449, 3899.156449, -0.016296, 0.001380, 0.017676, 3899.156449, 0.001303, 1.133814, -0.016296, 0.261030, 0.261511, -23.503551, 7.070344, 0.000000, 0.017676, 1.133814, 1.000000, 0.017676, 1.133814, 0.100000, 0.000000, 10.000000, 4294.191340, 0.000000, 0.000000, 4294.191340, 0.100000, 0.100000, 0.100000, 0.100000, 0.100000, 1.000000, 4292.120637, 0.000000, 0.100000, -6.283185, 0.000000, 4292.120637, 40.000000, 400.000000, 150000.000000, 40.000000, 0.001303, -1.298798, 3901.153435, -392.266000, 4292.120637, 0.001303, 0.001303, 0.001303, 0.001303, -0.001303, 4292.120637, 4292.120637, -0.000000, -0.001303, -0.001303, -0.001303, 3901.153435, 3901.153435, 0.001303, -0.000000, -0.001303, 0.000000, -392.266000, 0.001303, 40.000000, 0.001303, 4292.120637, 4292.120637, 4292.120637, 4292.120637, -0.001303, 0.000000, 0.001303, 4292.120637, 0.000000, 3899.156449, 0.001303, 0.633426, -0.001303, 0.028614, 0.028766, -1.298798, 0.052122, 0.000000, 0.001303, 0.633426, 0.500000, 0.001303, 0.633426
4.57, 3913.042065, 400.000000, 15000.000000, 400.000000, 0.017064, -25.378502, -3922.660000, 3897.281498, 0.017064, 0.017064, 0.017064, -0.015761, 3897.281498, 3913.042065, -15.760567, -0.015761, -0.015761, -0.015761, -25.378502, -25.378502, 0.017064, -15.760567, -0.015761, 1000.000000, -3922.660000, 0.017064, 400.000000, 0.017064, 3897.281498, 3897.281498, 3897.281498, 3897.281498, -0.015761, 0.001303, 0.017064, 3897.281498, 0.001223, 1.133987, -0.015761, 0.260869, 0.261511, -25.378502, 6.825449, 0.000000, 0.017064, 1.133987, 1.000000, 0.017064, 1.133987, 0.100000, 0.000000, 10.000000, 4292.120637, 0.000000, 0.000000, 4292.120637, 0.100000, 0.100000, 0.100000, 0.100000, 0.100000, 1.000000, 4290.170789, 0.000000, 0.100000, -6.283185, 0.000000, 4290.170789, 40.000000, 400.000000, 150000.000000, 40.000000, 0.001223, -1.251659, 3899.156449, -392.266000, 4290.170789, 0.001223, 0.001223, 0.001223, 0.001223, -0.001223, 4290.170789, 4290.170789, -0.000000, -0.001223, -0.001223, -0.001223, 3899.156449, 3899.156449, 0.001223, -0.000000, -0.001223, 0.000000, -392.266000, 0.001223, 40.000000, 0.001223, 4290.170789, 4290.170789, 4290.170789, 4290.170789, -0.001223, 0.000000, 0.001223, 4290.170789, 0.000000, 3897.281498, 0.001223, 0.633439, -0.001223, 0.028601, 0.028766, -1.251659, 0.048932, 0.000000, 0.001223, 0.633439, 0.500000, 0.001223, 0.633439
4.58, 3910.715012, 400.000000, 15000.000000, 400.000000, 0.016406, -27.127725, -3922.660000, 3895.532275, 0.016406, 0.016406, 0.016406, -0.015183, 3895.532275, 3910.715012, -15.182736, -0.015183, -0.015183, -0.015183, -27.127725, -27.127725, 0.016406, -15.182736, -0.015183, 1000.000000, -3922.660000, 0.016406, 400.000000, 0.016406, 3895.532275, 3895.532275, 3895.532275, 3895.532275, -0.015183, 0.001223, 0.016406, 3895.532275, 0.001141, 1.134155, -0.015183, 0.260714, 0.261511, -27.127725, 6.562417, 0.000000, 0.016406, 1.134155, 1.000000, 0.016406, 1.134155, 0.100000, 0.000000, 10.000000, 4290.170789, 0.000000, 0.000000, 4290.170789, 0.100000, 0.100000, 0.100000, 0.100000, 0.100000, 1.000000, 4288.346123, 0.000000, 0.100000, -6.283185, 0.000000, 4288.346123, 40.000000, 400.000000, 150000.000000, 40.000000, 0.001141, -1.201375, 3897.281498, -392.266000, 4288.346123, 0.001141, 0.001141, 0.001141, 0.001141, -0.001141, 4288.346123, 4288.346123, -0.000000, -0.001141, -0.001141, -0.001141, 3897.281498, 3897.281498, 0.001141, -0.000000, -0.001141, 0.000000, -392.266000, 0.001141, 40.000000, 0.001141, 4288.346123, 4288.346123, 4288.346123, 4288.346123, -0.001141, 0.000000, 0.001141, 4288.346123, 0.000000, 3895.532275, 0.001141, 0.633451, -0.001141, 0.028589, 0.028766, -1.201375, 0.045635, 0.000000, 0.001141, 0.633451, 0.500000, 0.001141, 0.633451
4.59, 3908.477441, 400.000000, 15000.000000, 400.000000, 0.015706, -28.747975, -3922.660000, 3893.912025, 0.015706, 0.015706, 0.015706, -0.014565, 3893.912025, 3908.477441, -14.565416, -0.014565, -0.014565, -0.014565, -28.747975, -28.747975, 0.015706, -14.565416, -0.014565, 1000.000000, -3922.660000, 0.015706, 400.000000, 0.015706, 3893.912025, 3893.912025, 3893.912025, 3893.912025, -0.014565, 0.001141, 0.015706, 3893.912025, 0.001056, 1.134315, -0.014565, 0.260565, 0.261511, -28.747975, 6.282521, 0.000000, 0.015706, 1.134315, 1.000000, 0.015706, 1.134315, 0.100000, 0.000000, 10.000000, 4288.346123, 0.000000, 0.000000, 4288.346123, 0.100000, 0.100000, 0.100000, 0.100000, 0.100000, 1.000000, 4286.650474, 0.000000, 0.100000, -6.283185, 0.000000, 4286.650474, 40.000000, 400.000000, 150000.000000, 40.000000, 0.001056, -1.147801, 3895.532275, -392.266000, 4286.650474, 0.001056, 0.001056, 0.001056, 0.001056, -0.001056, 4286.650474, 4286.650474, -0.000000, -0.001056, -0.001056, -0.001056, 3895.532275, 3895.532275, 0.001056, -0.000000, -0.001056, 0.000000, -392.266000, 0.001056, 40.000000, 0.001056, 4286.650474, 4286.650474, 4286.650474, 4286.650474, -0.001056, 0.000000, 0.001056, 4286.650474, 0.000000, 3893.912025, 0.001056, 0.633462, -0.001056, 0.028578, 0.028766, -1.147801, 0.042247, 0.000000, 0.001056, 0.633462, 0.500000, 0.001056, 0.633462
4.6, 3906.335089, 400.000000, 15000.000000, 400.000000, 0.014968, -30.236414, -3922.660000, 3892.423586, 0.014968, 0.014968, 0.014968, -0.013912, 3892.423586, 3906.335089, -13.911503, -0.013912, -0.013912, -0.013912, -30.236414, -30.236414, 0.014968, -13.911503, -0.013912, 1000.000000, -3922.660000, 0.014968, 400.000000, 0.014968, 3892.423586, 3892.423586, 3892.423586, 3892.423586, -0.013912, 0.001056, 0.014968, 3892.423586, 0.000970, 1.134469, -0.013912, 0.260422, 0.261511, -30.236414, 5.987069, 0.000000, 0.014968, 1.134469, 1.000000, 0.014968, 1.134469, 0.100000, 0.000000, 10.000000, 4286.650474, 0.000000, 0.000000, 4286.650474, 0.100000, 0.100000, 0.100000, 0.100000, 0.100000, 1.000000, 4285.087051, 0.000000, 0.100000, -6.283185, 0.000000, 4285.087051, 40.000000, 400.000000, 150000.000000, 40.000000, 0.000970, -1.090974, 3893.912025, -392.266000, 4285.087051, 0.000970, 0.000970, 0.000970, 0.000970, -0.000970, 4285.087051, 4285.087051, -0.000000, -0.000970, -0.000970, -0.000970, 3893.912025, 3893.912025, 0.000970, -0.000000, -0.000970, 0.000000, -392.266000, 0.000970, 40.000000, 0.000970, 4285.087051, 4285.087051, 4285.087051, 4285.087051, -0.000970, 0.000000, 0.000970, 4285.087051, 0.000000, 3892.423586, 0.000970, 0.633473, -0.000970, 0.028567, 0.028766, -1.090974, 0.038784, 0.000000, 0.000970, 0.633473, 0.500000, 0.000970, 0.633473
4.61, 3904.293259, 400.000000, 15000.000000, 400.000000, 0.014193, -31.590632, -3922.660000, 3891.069368, 0.014193, 0.014193, 0.014193, -0.013224, 3891.069368, 3904.293259, -13.223890, -0.013224, -0.013224, -0.013224, -31.590632, -31.590632, 0.014193, -13.223890, -0.013224, 1000.000000, -3922.660000, 0.014193, 400.000000, 0.014193, 3891.069368, 3891.069368, 3891.069368, 3891.069368, -0.013224, 0.000970, 0.014193, 3891.069368, 0.000882, 1.134615, -0.013224, 0.260286, 0.261511, -31.590632, 5.677393, 0.000000, 0.014193, 1.134615, 1.000000, 0.014193, 1.134615, 0.100000, 0.000000, 10.000000, 4285.087051, 0.000000, 0.000000, 4285.087051, 0.100000, 0.100000, 0.100000, 0.100000, 0.100000, 1.000000, 4283.658380, 0.000000, 0.100000, -6.283185, 0.000000, 4283.658380, 40.000000, 400.000000, 150000.000000, 40.000000, 0.000882, -1.031205, 3892.423586, -392.266000, 4283.658380, 0.000882, 0.000882, 0.000882, 0.000882, -0.000882, 4283.658380, 4283.658380, -0.000000, -0.000882, -0.000882, -0.000882, 3892.423586, 3892.423586, 0.000882, -0.000000, -0.000882, 0.000000, -392.266000, 0.000882, 40.000000, 0.000882, 4283.658380, 4283.658380, 4283.658380, 4283.658380, -0.000882, 0.000000, 0.000882, 4283.658380, 0.000000, 3891.069368, 0.000882, 0.633482, -0.000882, 0.028558, 0.028766, -1.031205, 0.035264, 0.000000, 0.000882, 0.633482, 0.500000, 0.000882, 0.633482
4.62, 3902.356818, 400.000000, 15000.000000, 400.000000, 0.013387, -32.808701, -3922.660000, 3889.851299, 0.013387, 0.013387, 0.013387, -0.012506, 3889.851299, 3902.356818, -12.505518, -0.012506, -0.012506, -0.012506, -32.808701, -32.808701, 0.013387, -12.505518, -0.012506, 1000.000000, -3922.660000, 0.013387, 400.000000, 0.013387, 3889.851299, 3889.851299, 3889.851299, 3889.851299, -0.012506, 0.000882, 0.013387, 3889.851299, 0.000793, 1.134753, -0.012506, 0.260157, 0.261511, -32.808701, 5.354848, 0.000000, 0.013387, 1.134753, 1.000000, 0.013387, 1.134753, 0.100000, 0.000000, 10.000000, 4283.658380, 0.000000, 0.000000, 4283.658380, 0.100000, 0.100000, 0.100000, 0.100000, 0.100000, 1.000000, 4282.366342, 0.000000, 0.100000, -6.283185, 0.000000, 4282.366342, 40.000000, 400.000000, 150000.000000, 40.000000, 0.000793, -0.969026, 3891.069368, -392.266000, 4282.366342, 0.000793, 0.000793, 0.000793, 0.000793, -0.000793, 4282.366342, 4282.366342, -0.000000, -0.000793, -0.000793, -0.000793, 3891.069368, 3891.069368, 0.000793, -0.000000, -0.000793, 0.000000, -392.266000, 0.000793, 40.000000, 0.000793, 4282.366342, 4282.366342, 4282.366342, 4282.366342, -0.000793, 0.000000, 0.000793, 4282.366342, 0.000000, 3889.851299, 0.000793, 0.633491, -0.000793, 0.028549, 0.028766, -0.969026, 0.031703, 0.000000, 0.000793, 0.633491, 0.500000, 0.000793, 0.633491
4.63, 3900.530181, 400.000000, 15000.000000, 400.000000, 0.012552, -33.889244, -3922.660000, 3888.770756, 0.012552, 0.012552, 0.012552, -0.011759, 3888.770756, 3900.530181, -11.759424, -0.011759, -0.011759, -0.011759, -33.889244, -33.889244, 0.012552, -11.759424, -0.011759, 1000.000000, -3922.660000, 0.012552, 400.000000, 0.012552, 3888.770756, 3888.770756, 3888.770756, 3888.770756, -0.011759, 0.000793, 0.012552, 3888.770756, 0.000703, 1.134882, -0.011759, 0.260035, 0.261511, -33.889244, 5.020804, 0.000000, 0.012552, 1.134882, 1.000000, 0.012552, 1.134882, 0.100000, 0.000000, 10.000000, 4282.366342, 0.000000, 0.000000, 4282.366342, 0.100000, 0.100000, 0.100000, 0.100000, 0.100000, 1.000000, 4281.212281, 0.000000, 0.100000, -6.283185, 0.000000, 4281.212281, 40.000000, 400.000000, 150000.000000, 40.000000, 0.000703, -0.905019, 3889.851299, -392.266000, 4281.212281, 0.000703, 0.000703, 0.000703, 0.000703, -0.000703, 4281.212281, 4281.212281, -0.000000, -0.000703, -0.000703, -0.000703, 3889.851299, 3889.851299, 0.000703, -0.000000, -0.000703, 0.000000, -392.266000, 0.000703, 40.000000, 0.000703, 4281.212281, 4281.212281, 4281.212281, 4281.212281, -0.000703, 0.000000, 0.000703, 4281.212281, 0.000000, 3888.770756, 0.000703, 0.633499, -0.000703, 0.028541, 0.028766, -0.905019, 0.028114, 0.000000, 0.000703, 0.633499, 0.500000, 0.000703, 0.633499
4.64, 3898.817292, 400.000000, 15000.000000, 400.000000, 0.011692, -34.831463, -3922.660000, 3887.828537, 0.011692, 0.011692, 0.011692, -0.010989, 3887.828537, 3898.817292, -10.988755, -0.010989, -0.010989, -0.010989, -34.831463, -34.831463, 0.011692, -10.988755, -0.010989, 1000.000000, -3922.660000, 0.011692, 400.000000, 0.011692, 3887.828537, 3887.828537, 3887.828537, 3887.828537, -0.010989, 0.000703, 0.011692, 3887.828537, 0.000613, 1.135004, -0.010989, 0.259921, 0.261511, -34.831463, 4.676642, 0.000000, 0.011692, 1.135004, 1.000000, 0.011692, 1.135004, 0.100000, 0.000000, 10.000000, 4281.212281, 0.000000, 0.000000, 4281.212281, 0.100000, 0.100000, 0.100000, 0.100000, 0.100000, 1.000000, 4280.197117, 0.000000, 0.100000, -6.283185, 0.000000, 4280.197117, 40.000000, 400.000000, 150000.000000, 40.000000, 0.000613, -0.839639, 3888.770756, -392.266000, 4280.197117, 0.000613, 0.000613, 0.000613, 0.000613, -0.000613, 4280.197117, 4280.197117, -0.000000, -0.000613, -0.000613, -0.000613, 3888.770756, 3888.770756, 0.000613, -0.000000, -0.000613, 0.000000, -392.266000, 0.000613, 40.000000, 0.000613, 4280.197117, 4280.197117, 4280.197117, 4280.197117, -0.000613, 0.000000, 0.000613, 4280.197117, 0.000000, 3887.828537, 0.000613, 0.633505, -0.000613, 0.028535, 0.028766, -0.839639, 0.024506, 0.000000, 0.000613, 0.633505, 0.500000, 0.000613, 0.633505
4.65, 3897.221614, 400.000000, 15000.000000, 400.000000, 0.010809, -35.635120, -3922.660000, 3887.024880, 0.010809, 0.010809, 0.010809, -0.010197, 3887.024880, 3897.221614, -10.196734, -0.010197, -0.010197, -0.010197, -35.635120, -35.635120, 0.010809, -10.196734, -0.010197, 1000.000000, -3922.660000, 0.010809, 400.000000, 0.010809, 3887.024880, 3887.024880, 3887.024880, 3887.024880, -0.010197, 0.000613, 0.010809, 3887.024880, 0.000522, 1.135116, -0.010197, 0.259815, 0.261511, -35.635120, 4.323749, 0.000000, 0.010809, 1.135116, 1.000000, 0.010809, 1.135116, 0.100000, 0.000000, 10.000000, 4280.197117, 0.000000, 0.000000, 4280.197117, 0.100000, 0.100000, 0.100000, 0.100000, 0.100000, 1.000000, 4279.321415, 0.000000, 0.100000, -6.283185, 0.000000, 4279.321415, 40.000000, 400.000000, 150000.000000, 40.000000, 0.000522, -0.773122, 3887.828537, -392.266000, 4279.321415, 0.000522, 0.000522, 0.000522, 0.000522, -0.000522, 4279.321415, 4279.321415, -0.000000, -0.000522, -0.000522, -0.000522, 3887.828537, 3887.828537, 0.000522, -0.000000, -0.000522, 0.000000, -392.266000, 0.000522, 40.000000, 0.000522, 4279.321415, 4279.321415, 4279.321415, 4279.321415, -0.000522, 0.000000, 0.000522, 4279.321415, 0.000000, 3887.024880, 0.000522, 0.633511, -0.000522, 0.028529, 0.028766, -0.773122, 0.020887, 0.000000, 0.000522, 0.633511, 0.500000, 0.000522, 0.633511
4.66, 3895.746123, 400.000000, 15000.000000, 400.000000, 0.009909, -36.300479, -3922.660000, 3886.359521, 0.009909, 0.009909, 0.009909, -0.009387, 3886.359521, 3895.746123, -9.386602, -0.009387, -0.009387, -0.009387, -36.300479, -36.300479, 0.009909, -9.386602, -0.009387, 1000.000000, -3922.660000, 0.009909, 400.000000, 0.009909, 3886.359521, 3886.359521, 3886.359521, 3886.359521, -0.009387, 0.000522, 0.009909, 3886.359521, 0.000432, 1.135220, -0.009387, 0.259716, 0.261511, -36.300479, 3.963510, 0.000000, 0.009909, 1.135220, 1.000000, 0.009909, 1.135220, 0.100000, 0.000000, 10.000000, 4279.321415, 0.000000, 0.000000, 4279.321415, 0.100000, 0.100000, 0.100000, 0.100000, 0.100000, 1.000000, 4278.585366, 0.000000, 0.100000, -6.283185, 0.000000, 4278.585366, 40.000000, 400.000000, 150000.000000, 40.000000, 0.000432, -0.705515, 3887.024880, -392.266000, 4278.585366, 0.000432, 0.000432, 0.000432, 0.000432, -0.000432, 4278.585366, 4278.585366, -0.000000, -0.000432, -0.000432, -0.000432, 3887.024880, 3887.024880, 0.000432, -0.000000, -0.000432, 0.000000, -392.266000, 0.000432, 40.000000, 0.000432, 4278.585366, 4278.585366, 4278.585366, 4278.585366, -0.000432, 0.000000, 0.000432, 4278.585366, 0.000000, 3886.359521, 0.000432, 0.633516, -0.000432, 0.028524, 0.028766, -0.705515, 0.017268, 0.000000, 0.000432, 0.633516, 0.500000, 0.000432, 0.633516
4.67, 3894.393313, 400.000000, 15000.000000, 400.000000, 0.008993, -36.828240, -3922.660000, 3885.831760, 0.008993, 0.008993, 0.008993, -0.008562, 3885.831760, 3894.393313, -8.561554, -0.008562, -0.008562, -0.008562, -36.828240, -36.828240, 0.008993, -8.561554, -0.008562, 1000.000000, -3922.660000, 0.008993, 400.000000, 0.008993, 3885.831760, 3885.831760, 3885.831760, 3885.831760, -0.008562, 0.000432, 0.008993, 3885.831760, 0.000342, 1.135314, -0.008562, 0.259626, 0.261511, -36.828240, 3.597307, 0.000000, 0.008993, 1.135314, 1.000000, 0.008993, 1.135314, 0.100000, 0.000000, 10.000000, 4278.585366, 0.000000, 0.000000, 4278.585366, 0.100000, 0.100000, 0.100000, 0.100000, 0.100000, 1.000000, 4277.988718, 0.000000, 0.100000, -6.283185, 0.000000, 4277.988718, 40.000000, 400.000000, 150000.000000, 40.000000, 0.000342, -0.636803, 3886.359521, -392.266000, 4277.988718, 0.000342, 0.000342, 0.000342, 0.000342, -0.000342, 4277.988718, 4277.988718, -0.000000, -0.000342, -0.000342, -0.000342, 3886.359521, 3886.359521, 0.000342, -0.000000, -0.000342, 0.000000, -392.266000, 0.000342, 40.000000, 0.000342, 4277.988718, 4277.988718, 4277.988718, 4277.988718, -0.000342, 0.000000, 0.000342, 4277.988718, 0.000000, 3885.831760, 0.000342, 0.633520, -0.000342, 0.028520, 0.028766, -0.636803, 0.013663, 0.000000, 0.000342, 0.633520, 0.500000, 0.000342, 0.633520
4.68, 3893.165212, 400.000000, 15000.000000, 400.000000, 0.008066, -37.219493, -3922.660000, 3885.440507, 0.008066, 0.008066, 0.008066, -0.007725, 3885.440507, 3893.165212, -7.724704, -0.007725, -0.007725, -0.007725, -37.219493, -37.219493, 0.008066, -7.724704, -0.007725, 1000.000000, -3922.660000, 0.008066, 400.000000, 0.008066, 3885.440507, 3885.440507, 3885.440507, 3885.440507, -0.007725, 0.000342, 0.008066, 3885.440507, 0.000252, 1.135399, -0.007725, 0.259544, 0.261511, -37.219493, 3.226511, 0.000000, 0.008066, 1.135399, 1.000000, 0.008066, 1.135399, 0.100000, 0.000000, 10.000000, 4277.988718, 0.000000, 0.000000, 4277.988718, 0.100000, 0.100000, 0.100000, 0.100000, 0.100000, 1.000000, 4277.530697, 0.000000, 0.100000, -6.283185, 0.000000, 4277.530697, 40.000000, 400.000000, 150000.000000, 40.000000, 0.000252, -0.567063, 3885.831760, -392.266000, 4277.530697, 0.000252, 0.000252, 0.000252, 0.000252, -0.000252, 4277.530697, 4277.530697, -0.000000, -0.000252, -0.000252, -0.000252, 3885.831760, 3885.831760, 0.000252, -0.000000, -0.000252, 0.000000, -392.266000, 0.000252, 40.000000, 0.000252, 4277.530697, 4277.530697, 4277.530697, 4277.530697, -0.000252, 0.000000, 0.000252, 4277.530697, 0.000000, 3885.440507, 0.000252, 0.633523, -0.000252, 0.028517, 0.028766, -0.567063, 0.010085, 0.000000, 0.000252, 0.633523, 0.500000, 0.000252, 0.633523
4.69, 3892.063387, 400.000000, 15000.000000, 400.000000, 0.007131, -37.475704, -3922.660000, 3885.184296, 0.007131, 0.007131, 0.007131, -0.006879, 3885.184296, 3892.063387, -6.879091, -0.006879, -0.006879, -0.006879, -37.475704, -37.475704, 0.007131, -6.879091, -0.006879, 1000.000000, -3922.660000, 0.007131, 400.000000, 0.007131, 3885.184296, 3885.184296, 3885.184296, 3885.184296, -0.006879, 0.000252, 0.007131, 3885.184296, 0.000164, 1.135475, -0.006879, 0.259471, 0.261511, -37.475704, 2.852483, 0.000000, 0.007131, 1.135475, 1.000000, 0.007131, 1.135475, 0.100000, 0.000000, 10.000000, 4277.530697, 0.000000, 0.000000, 4277.530697, 0.100000, 0.100000, 0.100000, 0.100000, 0.100000, 1.000000, 4277.209961, 0.000000, 0.100000, -6.283185, 0.000000, 4277.209961, 40.000000, 400.000000, 150000.000000, 40.000000, 0.000164, -0.496547, 3885.440507, -392.266000, 4277.209961, 0.000164, 0.000164, 0.000164, 0.000164, -0.000164, 4277.209961, 4277.209961, -0.000000, -0.000164, -0.000164, -0.000164, 3885.440507, 3885.440507, 0.000164, -0.000000, -0.000164, 0.000000, -392.266000, 0.000164, 40.000000, 0.000164, 4277.209961, 4277.209961, 4277.209961, 4277.209961, -0.000164, 0.000000, 0.000164, 4277.209961, 0.000000, 3885.184296, 0.000164, 0.633525, -0.000164, 0.028515, 0.028766, -0.496547, 0.006549, 0.000000, 0.000164, 0.633525, 0.500000, 0.000164, 0.633525
4.7, 3891.088954, 400.000000, 15000.000000, 400.000000, 0.006191, -37.598748, -3922.660000, 3885.061252, 0.006191, 0.006191, 0.006191, -0.006028, 3885.061252, 3891.088954, -6.027703, -0.006028, -0.006028, -0.006028, -37.598748, -37.598748, 0.006191, -6.027703, -0.006028, 1000.000000, -3922.660000, 0.006191, 400.000000, 0.006191, 3885.061252, 3885.061252, 3885.061252, 3885.061252, -0.006028, 0.000164, 0.006191, 3885.061252, 0.000077, 1.135542, -0.006028, 0.259406, 0.261511, -37.598748, 2.476566, 0.000000, 0.006191, 1.135542, 1.000000, 0.006191, 1.135542, 0.100000, 0.000000, 10.000000, 4277.209961, 0.000000, 0.000000, 4277.209961, 0.100000, 0.100000, 0.100000, 0.100000, 0.100000, 1.000000, 4277.024629, 0.000000, 0.100000, -6.283185, 0.000000, 4277.024629, 40.000000, 400.000000, 150000.000000, 40.000000, 0.000077, -0.425667, 3885.184296, -392.266000, 4277.024629, 0.000077, 0.000077, 0.000077, 0.000077, -0.000077, 4277.024629, 4277.024629, -0.000000, -0.000077, -0.000077, -0.000077, 3885.184296, 3885.184296, 0.000077, -0.000000, -0.000077, 0.000000, -392.266000, 0.000077, 40.000000, 0.000077, 4277.024629, 4277.024629, 4277.024629, 4277.024629, -0.000077, 0.000000, 0.000077, 4277.024629, 0.000000, 3885.061252, 0.000077, 0.633527, -0.000077, 0.028513, 0.028766, -0.425667, 0.003068, 0.000000, 0.000077, 0.633527, 0.500000, 0.000077, 0.633527
4.71, 3890.242581, 400.000000, 15000.000000, 400.000000, 0.005250, -37.590933, -3922.660000, 3885.069067, 0.005250, 0.005250, 0.005250, -0.005174, 3885.069067, 3890.242581, -5.173514, -0.005174, -0.005174, -0.005174, -37.590933, -37.590933, 0.005250, -5.173514, -0.005174, 1000.000000, -3922.660000, 0.005250, 400.000000, 0.005250, 3885.069067, 3885.069067, 3885.069067, 3885.069067, -0.005174, 0.000077, 0.005250, 3885.069067, -0.000009, 1.135599, -0.005174, 0.259350, 0.261511, -37.590933, 2.100083, 0.000000, 0.005250, 1.135599, 1.000000, 0.005250, 1.135599, 0.100000, 0.000000, 10.000000, 4277.024629, 0.000000, 0.000000, 4277.024629, 0.100000, 0.100000, 0.100000, 0.100000, 0.100000, 1.000000, 4276.972359, 0.000000, 0.100000, -6.283185, 0.000000, 4276.972359, 40.000000, 400.000000, 150000.000000, 40.000000, -0.000009, -0.354893, 3885.061252, -392.266000, 4276.972359, -0.000009, -0.000009, -0.000009, -0.000009, 0.000009, 4276.972359, 4276.972359, 0.000000, 0.000009, 0.000009, 0.000009, 3885.061252, 3885.061252, -0.000009, 0.000000, 0.000009, 0.000000, -392.266000, -0.000009, 40.000000, -0.000009, 4276.972359, 4276.972359, 4276.972359, 4276.972359, 0.000009, 0.000000, -0.000009, 4276.972359, 0.000000, 3885.069067, -0.000009, 0.633527, 0.000009, 0.028513, 0.028766, -0.354893, -0.000347, 0.000000, -0.000009, 0.633527, 0.500000, -0.000009, 0.633527
4.72, 3889.524482, 400.000000, 15000.000000, 400.000000, 0.004311, -37.455017, -3922.660000, 3885.204983, 0.004311, 0.004311, 0.004311, -0.004319, 3885.204983, 3889.524482, -4.319499, -0.004319, -0.004319, -0.004319, -37.455017, -37.455017, 0.004311, -4.319499, -0.004319, 1000.000000, -3922.660000, 0.004311, 400.000000, 0.004311, 3885.204983, 3885.204983, 3885.204983, 3885.204983, -0.004319, -0.000009, 0.004311, 3885.204983, -0.000092, 1.135647, -0.004319, 0.259302, 0.261511, -37.455017, 1.724328, 0.000000, 0.004311, 1.135647, 1.000000, 0.004311, 1.135647, 0.100000, 0.000000, 10.000000, 4276.972359, 0.000000, 0.000000, 4276.972359, 0.100000, 0.100000, 0.100000, 0.100000, 0.100000, 1.000000, 4277.050441, 0.000000, 0.100000, -6.283185, 0.000000, 4277.050441, 40.000000, 400.000000, 150000.000000, 40.000000, -0.000092, -0.284626, 3885.069067, -392.266000, 4277.050441, -0.000092, -0.000092, -0.000092, -0.000092, 0.000092, 4277.050441, 4277.050441, 0.000000, 0.000092, 0.000092, 0.000092, 3885.069067, 3885.069067, -0.000092, 0.000000, 0.000092, 0.000000, -392.266000, -0.000092, 40.000000, -0.000092, 4277.050441, 4277.050441, 4277.050441, 4277.050441, 0.000092, 0.000000, -0.000092, 4277.050441, 0.000000, 3885.204983, -0.000092, 0.633526, 0.000092, 0.028514, 0.028766, -0.284626, -0.003688, 0.000000, -0.000092, 0.633526, 0.500000, -0.000092, 0.633526
4.73, 3888.934424, 400.000000, 15000.000000, 400.000000, 0.003376, -37.194190, -3922.660000, 3885.465810, 0.003376, 0.003376, 0.003376, -0.003469, 3885.465810, 3888.934424, -3.468614, -0.003469, -0.003469, -0.003469, -37.194190, -37.194190, 0.003376, -3.468614, -0.003469, 1000.000000, -3922.660000, 0.003376, 400.000000, 0.003376, 3885.465810, 3885.465810, 3885.465810, 3885.465810, -0.003469, -0.000092, 0.003376, 3885.465810, -0.000174, 1.135686, -0.003469, 0.259262, 0.261511, -37.194190, 1.350570, 0.000000, 0.003376, 1.135686, 1.000000, 0.003376, 1.135686, 0.100000, 0.000000, 10.000000, 4277.050441, 0.000000, 0.000000, 4277.050441, 0.100000, 0.100000, 0.100000, 0.100000, 0.100000, 1.000000, 4277.255864, 0.000000, 0.100000, -6.283185, 0.000000, 4277.255864, 40.000000, 400.000000, 150000.000000, 40.000000, -0.000174, -0.215119, 3885.204983, -392.266000, 4277.255864, -0.000174, -0.000174, -0.000174, -0.000174, 0.000174, 4277.255864, 4277.255864, 0.000000, 0.000174, 0.000174, 0.000174, 3885.204983, 3885.204983, -0.000174, 0.000000, 0.000174, 0.000000, -392.266000, -0.000174, 40.000000, -0.000174, 4277.255864, 4277.255864, 4277.255864, 4277.255864, 0.000174, 0.000000, -0.000174, 4277.255864, 0.000000, 3885.465810, -0.000174, 0.633525, 0.000174, 0.028515, 0.028766, -0.215119, -0.006946, 0.000000, -0.000174, 0.633525, 0.500000, -0.000174, 0.633525
4.74, 3888.471732, 400.000000, 15000.000000, 400.000000, 0.002450, -36.812028, -3922.660000, 3885.847972, 0.002450, 0.002450, 0.002450, -0.002624, 3885.847972, 3888.471732, -2.623760, -0.002624, -0.002624, -0.002624, -36.812028, -36.812028, 0.002450, -2.623760, -0.002624, 1000.000000, -3922.660000, 0.002450, 400.000000, 0.002450, 3885.847972, 3885.847972, 3885.847972, 3885.847972, -0.002624, -0.000174, 0.002450, 3885.847972, -0.000253, 1.135715, -0.002624, 0.259231, 0.261511, -36.812028, 0.980040, 0.000000, 0.002450, 1.135715, 1.000000, 0.002450, 1.135715, 0.100000, 0.000000, 10.000000, 4277.255864, 0.000000, 0.000000, 4277.255864, 0.100000, 0.100000, 0.100000, 0.100000, 0.100000, 1.000000, 4277.585333, 0.000000, 0.100000, -6.283185, 0.000000, 4277.585333, 40.000000, 400.000000, 150000.000000, 40.000000, -0.000253, -0.146477, 3885.465810, -392.266000, 4277.585333, -0.000253, -0.000253, -0.000253, -0.000253, 0.000253, 4277.585333, 4277.585333, 0.000000, 0.000253, 0.000253, 0.000253, 3885.465810, 3885.465810, -0.000253, 0.000000, 0.000253, 0.000000, -392.266000, -0.000253, 40.000000, -0.000253, 4277.585333, 4277.585333, 4277.585333, 4277.585333, 0.000253, 0.000000, -0.000253, 4277.585333, 0.000000, 3885.847972, -0.000253, 0.633523, 0.000253, 0.028517, 0.028766, -0.146477, -0.010116, 0.000000, -0.000253, 0.633523, 0.500000, -0.000253, 0.633523
4.75, 3888.135303, 400.000000, 15000.000000, 400.000000, 0.001535, -36.312432, -3922.660000, 3886.347568, 0.001535, 0.001535, 0.001535, -0.001788, 3886.347568, 3888.135303, -1.787735, -0.001788, -0.001788, -0.001788, -36.312432, -36.312432, 0.001535, -1.787735, -0.001788, 1000.000000, -3922.660000, 0.001535, 400.000000, 0.001535, 3886.347568, 3886.347568, 3886.347568, 3886.347568, -0.001788, -0.000253, 0.001535, 3886.347568, -0.000330, 1.135735, -0.001788, 0.259209, 0.261511, -36.312432, 0.613933, 0.000000, 0.001535, 1.135735, 1.000000, 0.001535, 1.135735, 0.100000, 0.000000, 10.000000, 4277.585333, 0.000000, 0.000000, 4277.585333, 0.100000, 0.100000, 0.100000, 0.100000, 0.100000, 1.000000, 4278.035237, 0.000000, 0.100000, -6.283185, 0.000000, 4278.035237, 40.000000, 400.000000, 150000.000000, 40.000000, -0.000330, -0.078735, 3885.847972, -392.266000, 4278.035237, -0.000330, -0.000330, -0.000330, -0.000330, 0.000330, 4278.035237, 4278.035237, 0.000000, 0.000330, 0.000330, 0.000330, 3885.847972, 3885.847972, -0.000330, 0.000000, 0.000330, 0.000000, -392.266000, -0.000330, 40.000000, -0.000330, 4278.035237, 4278.035237, 4278.035237, 4278.035237, 0.000330, 0.000000, -0.000330, 4278.035237, 0.000000, 3886.347568, -0.000330, 0.633520, 0.000330, 0.028520, 0.028766, -0.078735, -0.013188, 0.000000, -0.000330, 0.633520, 0.500000, -0.000330, 0.633520
4.76, 3887.923628, 400.000000, 15000.000000, 400.000000, 0.000634, -35.699580, -3922.660000, 3886.960420, 0.000634, 0.000634, 0.000634, -0.000963, 3886.960420, 3887.923628, -0.963207, -0.000963, -0.000963, -0.000963, -35.699580, -35.699580, 0.000634, -0.963207, -0.000963, 1000.000000, -3922.660000, 0.000634, 400.000000, 0.000634, 3886.960420, 3886.960420, 3886.960420, 3886.960420, -0.000963, -0.000330, 0.000634, 3886.960420, -0.000404, 1.135745, -0.000963, 0.259195, 0.261511, -35.699580, 0.253404, 0.000000, 0.000634, 1.135745, 1.000000, 0.000634, 1.135745, 0.100000, 0.000000, 10.000000, 4278.035237, 0.000000, 0.000000, 4278.035237, 0.100000, 0.100000, 0.100000, 0.100000, 0.100000, 1.000000, 4278.601608, 0.000000, 0.100000, -6.283185, 0.000000, 4278.601608, 40.000000, 400.000000, 150000.000000, 40.000000, -0.000404, -0.011960, 3886.347568, -392.266000, 4278.601608, -0.000404, -0.000404, -0.000404, -0.000404, 0.000404, 4278.601608, 4278.601608, 0.000000, 0.000404, 0.000404, 0.000404, 3886.347568, 3886.347568, -0.000404, 0.000000, 0.000404, 0.000000, -392.266000, -0.000404, 40.000000, -0.000404, 4278.601608, 4278.601608, 4278.601608, 4278.601608, 0.000404, 0.000000, -0.000404, 4278.601608, 0.000000, 3886.960420, -0.000404, 0.633516, 0.000404, 0.028524, 0.028766, -0.011960, -0.016152, 0.000000, -0.000404, 0.633516, 0.500000, -0.000404, 0.633516
4.77, 3887.834808, 400.000000, 15000.000000, 400.000000, -0.000251, -34.977903, -3922.660000, 3887.682097, -0.000251, -0.000251, -0.000251, -0.000153, 3887.682097, 3887.834808, -0.152711, -0.000153, -0.000153, -0.000153, -34.977903, -34.977903, -0.000251, -0.152711, -0.000153, 1000.000000, -3922.660000, -0.000251, 400.000000, -0.000251, 3887.682097, 3887.682097, 3887.682097, 3887.682097, -0.000153, -0.000404, -0.000251, 3887.682097, -0.000475, 1.135747, -0.000153, 0.259189, 0.261511, -34.977903, -0.100435, 0.000000, -0.000251, 1.135747, 1.000000, -0.000251, 1.135747, 0.100000, 0.000000, 10.000000, 4278.601608, 0.000000, 0.000000, 4278.601608, 0.100000, 0.100000, 0.100000, 0.100000, 0.100000, 1.000000, 4279.280093, 0.000000, 0.100000, -6.283185, 0.000000, 4279.280093, 40.000000, 400.000000, 150000.000000, 40.000000, -0.000475, 0.053673, 3886.960420, -392.266000, 4279.280093, -0.000475, -0.000475, -0.000475, -0.000475, 0.000475, 4279.280093, 4279.280093, 0.000000, 0.000475, 0.000475, 0.000475, 3886.960420, 3886.960420, -0.000475, 0.000000, 0.000475, 0.000000, -392.266000, -0.000475, 40.000000, -0.000475, 4279.280093, 4279.280093, 4279.280093, 4279.280093, 0.000475, 0.000000, -0.000475, 4279.280093, 0.000000, 3887.682097, -0.000475, 0.633512, 0.000475, 0.028529, 0.028766, 0.053673, -0.018998, 0.000000, -0.000475, 0.633512, 0.500000, -0.000475, 0.633512
4.78, 3887.866574, 400.000000, 15000.000000, 400.000000, -0.001116, -34.152087, -3922.660000, 3888.507913, -0.001116, -0.001116, -0.001116, 0.000641, 3888.507913, 3887.866574, 0.641339, 0.000641, 0.000641, 0.000641, -34.152087, -34.152087, -0.001116, 0.641339, 0.000641, 1000.000000, -3922.660000, -0.001116, 400.000000, -0.001116, 3888.507913, 3888.507913, 3888.507913, 3888.507913, 0.000641, -0.000475, -0.001116, 3888.507913, -0.000543, 1.135740, 0.000641, 0.259191, 0.261511, -34.152087, -0.446517, 0.000000, -0.001116, 1.135740, 1.000000, -0.001116, 1.135740, 0.100000, 0.000000, 10.000000, 4279.280093, 0.000000, 0.000000, 4279.280093, 0.100000, 0.100000, 0.100000, 0.100000, 0.100000, 1.000000, 4280.065977, 0.000000, 0.100000, -6.283185, 0.000000, 4280.065977, 40.000000, 400.000000, 150000.000000, 40.000000, -0.000543, 0.117880, 3887.682097, -392.266000, 4280.065977, -0.000543, -0.000543, -0.000543, -0.000543, 0.000543, 4280.065977, 4280.065977, 0.000000, 0.000543, 0.000543, 0.000543, 3887.682097, 3887.682097, -0.000543, 0.000000, 0.000543, 0.000000, -392.266000, -0.000543, 40.000000, -0.000543, 4280.065977, 4280.065977, 4280.065977, 4280.065977, 0.000543, 0.000000, -0.000543, 4280.065977, 0.000000, 3888.507913, -0.000543, 0.633506, 0.000543, 0.028534, 0.028766, 0.117880, -0.021718, 0.000000, -0.000543, 0.633506, 0.500000, -0.000543, 0.633506
4.79, 3888.016300, 400.000000, 15000.000000, 400.000000, -0.001960, -33.227081, -3922.660000, 3889.432919, -0.001960, -0.001960, -0.001960, 0.001417, 3889.432919, 3888.016300, 1.416619, 0.001417, 0.001417, 0.001417, -33.227081, -33.227081, -0.001960, 1.416619, 0.001417, 1000.000000, -3922.660000, -0.001960, 400.000000, -0.001960, 3889.432919, 3889.432919, 3889.432919, 3889.432919, 0.001417, -0.000543, -0.001960, 3889.432919, -0.000608, 1.135725, 0.001417, 0.259201, 0.261511, -33.227081, -0.783826, 0.000000, -0.001960, 1.135725, 1.000000, -0.001960, 1.135725, 0.100000, 0.000000, 10.000000, 4280.065977, 0.000000, 0.000000, 4280.065977, 0.100000, 0.100000, 0.100000, 0.100000, 0.100000, 1.000000, 4280.954237, 0.000000, 0.100000, -6.283185, 0.000000, 4280.954237, 40.000000, 400.000000, 150000.000000, 40.000000, -0.000608, 0.180324, 3888.507913, -392.266000, 4280.954237, -0.000608, -0.000608, -0.000608, -0.000608, 0.000608, 4280.954237, 4280.954237, 0.000000, 0.000608, 0.000608, 0.000608, 3888.507913, 3888.507913, -0.000608, 0.000000, 0.000608, 0.000000, -392.266000, -0.000608, 40.000000, -0.000608, 4280.954237, 4280.954237, 4280.954237, 4280.954237, 0.000608, 0.000000, -0.000608, 4280.954237, 0.000000, 3889.432919, -0.000608, 0.633500, 0.000608, 0.028540, 0.028766, 0.180324, -0.024304, 0.000000, -0.000608, 0.633500, 0.500000, -0.000608, 0.633500
4.8, 3888.281012, 400.000000, 15000.000000, 400.000000, -0.002778, -32.208102, -3922.660000, 3890.451898, -0.002778, -0.002778, -0.002778, 0.002171, 3890.451898, 3888.281012, 2.170886, 0.002171, 0.002171, 0.002171, -32.208102, -32.208102, -0.002778, 2.170886, 0.002171, 1000.000000, -3922.660000, -0.002778, 400.000000, -0.002778, 3890.451898, 3890.451898, 3890.451898, 3890.451898, 0.002171, -0.000608, -0.002778, 3890.451898, -0.000669, 1.135701, 0.002171, 0.259219, 0.261511, -32.208102, -1.111393, 0.000000, -0.002778, 1.135701, 1.000000, -0.002778, 1.135701, 0.100000, 0.000000, 10.000000, 4280.954237, 0.000000, 0.000000, 4280.954237, 0.100000, 0.100000, 0.100000, 0.100000, 0.100000, 1.000000, 4281.939622, 0.000000, 0.100000, -6.283185, 0.000000, 4281.939622, 40.000000, 400.000000, 150000.000000, 40.000000, -0.000669, 0.240703, 3889.432919, -392.266000, 4281.939622, -0.000669, -0.000669, -0.000669, -0.000669, 0.000669, 4281.939622, 4281.939622, 0.000000, 0.000669, 0.000669, 0.000669, 3889.432919, 3889.432919, -0.000669, 0.000000, 0.000669, 0.000000, -392.266000, -0.000669, 40.000000, -0.000669, 4281.939622, 4281.939622, 4281.939622, 4281.939622, 0.000669, 0.000000, -0.000669, 4281.939622, 0.000000, 3890.451898, -0.000669, 0.633494, 0.000669, 0.028546, 0.028766, 0.240703, -0.026751, 0.000000, -0.000669, 0.633494, 0.500000, -0.000669, 0.633494
4.81, 3888.657404, 400.000000, 15000.000000, 400.000000, -0.003571, -31.100615, -3922.660000, 3891.559385, -0.003571, -0.003571, -0.003571, 0.002902, 3891.559385, 3888.657404, 2.901981, 0.002902, 0.002902, 0.002902, -31.100615, -31.100615, -0.003571, 2.901981, 0.002902, 1000.000000, -3922.660000, -0.003571, 400.000000, -0.003571, 3891.559385, 3891.559385, 3891.559385, 3891.559385, 0.002902, -0.000669, -0.003571, 3891.559385, -0.000726, 1.135670, 0.002902, 0.259244, 0.261511, -31.100615, -1.428307, 0.000000, -0.003571, 1.135670, 1.000000, -0.003571, 1.135670, 0.100000, 0.000000, 10.000000, 4281.939622, 0.000000, 0.000000, 4281.939622, 0.100000, 0.100000, 0.100000, 0.100000, 0.100000, 1.000000, 4283.016713, 0.000000, 0.100000, -6.283185, 0.000000, 4283.016713, 40.000000, 400.000000, 150000.000000, 40.000000, -0.000726, 0.298815, 3890.451898, -392.266000, 4283.016713, -0.000726, -0.000726, -0.000726, -0.000726, 0.000726, 4283.016713, 4283.016713, 0.000000, 0.000726, 0.000726, 0.000726, 3890.451898, 3890.451898, -0.000726, 0.000000, 0.000726, 0.000000, -392.266000, -0.000726, 40.000000, -0.000726, 4283.016713, 4283.016713, 4283.016713, 4283.016713, 0.000726, 0.000000, -0.000726, 4283.016713, 0.000000, 3891.559385, -0.000726, 0.633487, 0.000726, 0.028553, 0.028766, 0.298815, -0.029057, 0.000000, -0.000726, 0.633487, 0.500000, -0.000726, 0.633487
4.82, 3889.141852, 400.000000, 15000.000000, 400.000000, -0.004334, -29.910296, -3922.660000, 3892.749704, -0.004334, -0.004334, -0.004334, 0.003608, 3892.749704, 3889.141852, 3.607853, 0.003608, 0.003608, 0.003608, -29.910296, -29.910296, -0.004334, 3.607853, 0.003608, 1000.000000, -3922.660000, -0.004334, 400.000000, -0.004334, 3892.749704, 3892.749704, 3892.749704, 3892.749704, 0.003608, -0.000726, -0.004334, 3892.749704, -0.000780, 1.135630, 0.003608, 0.259276, 0.261511, -29.910296, -1.733709, 0.000000, -0.004334, 1.135630, 1.000000, -0.004334, 1.135630, 0.100000, 0.000000, 10.000000, 4283.016713, 0.000000, 0.000000, 4283.016713, 0.100000, 0.100000, 0.100000, 0.100000, 0.100000, 1.000000, 4284.179954, 0.000000, 0.100000, -6.283185, 0.000000, 4284.179954, 40.000000, 400.000000, 150000.000000, 40.000000, -0.000780, 0.354569, 3891.559385, -392.266000, 4284.179954, -0.000780, -0.000780, -0.000780, -0.000780, 0.000780, 4284.179954, 4284.179954, 0.000000, 0.000780, 0.000780, 0.000780, 3891.559385, 3891.559385, -0.000780, 0.000000, 0.000780, 0.000000, -392.266000, -0.000780, 40.000000, -0.000780, 4284.179954, 4284.179954, 4284.179954, 4284.179954, 0.000780, 0.000000, -0.000780, 4284.179954, 0.000000, 3892.749704, -0.000780, 0.633479, 0.000780, 0.028561, 0.028766, 0.354569, -0.031216, 0.000000, -0.000780, 0.633479, 0.500000, -0.000780, 0.633479
4.83, 3889.730431, 400.000000, 15000.000000, 400.000000, -0.005067, -28.642980, -3922.660000, 3894.017020, -0.005067, -0.005067, -0.005067, 0.004287, 3894.017020, 3889.730431, 4.286589, 0.004287, 0.004287, 0.004287, -28.642980, -28.642980, -0.005067, 4.286589, 0.004287, 1000.000000, -3922.660000, -0.005067, 400.000000, -0.005067, 3894.017020, 3894.017020, 3894.017020, 3894.017020, 0.004287, -0.000780, -0.005067, 3894.017020, -0.000831, 1.135583, 0.004287, 0.259315, 0.261511, -28.642980, -2.026800, 0.000000, -0.005067, 1.135583, 1.000000, -0.005067, 1.135583, 0.100000, 0.000000, 10.000000, 4284.179954, 0.000000, 0.000000, 4284.179954, 0.100000, 0.100000, 0.100000, 0.100000, 0.100000, 1.000000, 4285.423650, 0.000000, 0.100000, -6.283185, 0.000000, 4285.423650, 40.000000, 400.000000, 150000.000000, 40.000000, -0.000831, 0.407945, 3892.749704, -392.266000, 4285.423650, -0.000831, -0.000831, -0.000831, -0.000831, 0.000831, 4285.423650, 4285.423650, 0.000000, 0.000831, 0.000831, 0.000831, 3892.749704, 3892.749704, -0.000831, 0.000000, 0.000831, 0.000000, -392.266000, -0.000831, 40.000000, -0.000831, 4285.423650, 4285.423650, 4285.423650, 4285.423650, 0.000831, 0.000000, -0.000831, 4285.423650, 0.000000, 3894.017020, -0.000831, 0.633471, 0.000831, 0.028569, 0.028766, 0.407945, -0.033226, 0.000000, -0.000831, 0.633471, 0.500000, -0.000831, 0.633471
4.84, 3890.418947, 400.000000, 15000.000000, 400.000000, -0.005767, -27.304619, -3922.660000, 3895.355381, -0.005767, -0.005767, -0.005767, 0.004936, 3895.355381, 3890.418947, 4.936434, 0.004936, 0.004936, 0.004936, -27.304619, -27.304619, -0.005767, 4.936434, 0.004936, 1000.000000, -3922.660000, -0.005767, 400.000000, -0.005767, 3895.355381, 3895.355381, 3895.355381, 3895.355381, 0.004936, -0.000831, -0.005767, 3895.355381, -0.000877, 1.135529, 0.004936, 0.259361, 0.261511, -27.304619, -2.306839, 0.000000, -0.005767, 1.135529, 1.000000, -0.005767, 1.135529, 0.100000, 0.000000, 10.000000, 4285.423650, 0.000000, 0.000000, 4285.423650, 0.100000, 0.100000, 0.100000, 0.100000, 0.100000, 1.000000, 4286.741940, 0.000000, 0.100000, -6.283185, 0.000000, 4286.741940, 40.000000, 400.000000, 150000.000000, 40.000000, -0.000877, 0.458920, 3894.017020, -392.266000, 4286.741940, -0.000877, -0.000877, -0.000877, -0.000877, 0.000877, 4286.741940, 4286.741940, 0.000000, 0.000877, 0.000877, 0.000877, 3894.017020, 3894.017020, -0.000877, 0.000000, 0.000877, 0.000000, -392.266000, -0.000877, 40.000000, -0.000877, 4286.741940, 4286.741940, 4286.741940, 4286.741940, 0.000877, 0.000000, -0.000877, 4286.741940, 0.000000, 3895.355381, -0.000877, 0.633462, 0.000877, 0.028578, 0.028766, 0.458920, -0.035083, 0.000000, -0.000877, 0.633462, 0.500000, -0.000877, 0.633462
4.85, 3891.202952, 400.000000, 15000.000000, 400.000000, -0.006433, -25.901250, -3922.660000, 3896.758750, -0.006433, -0.006433, -0.006433, 0.005556, 3896.758750, 3891.202952, 5.555798, 0.005556, 0.005556, 0.005556, -25.901250, -25.901250, -0.006433, 5.555798, 0.005556, 1000.000000, -3922.660000, -0.006433, 400.000000, -0.006433, 3896.758750, 3896.758750, 3896.758750, 3896.758750, 0.005556, -0.000877, -0.006433, 3896.758750, -0.000920, 1.135468, 0.005556, 0.259414, 0.261511, -25.901250, -2.573145, 0.000000, -0.006433, 1.135468, 1.000000, -0.006433, 1.135468, 0.100000, 0.000000, 10.000000, 4286.741940, 0.000000, 0.000000, 4286.741940, 0.100000, 0.100000, 0.100000, 0.100000, 0.100000, 1.000000, 4288.128793, 0.000000, 0.100000, -6.283185, 0.000000, 4288.128793, 40.000000, 400.000000, 150000.000000, 40.000000, -0.000920, 0.507412, 3895.355381, -392.266000, 4288.128793, -0.000920, -0.000920, -0.000920, -0.000920, 0.000920, 4288.128793, 4288.128793, 0.000000, 0.000920, 0.000920, 0.000920, 3895.355381, 3895.355381, -0.000920, 0.000000, 0.000920, 0.000000, -392.266000, -0.000920, 40.000000, -0.000920, 4288.128793, 4288.128793, 4288.128793, 4288.128793, 0.000920, 0.000000, -0.000920, 4288.128793, 0.000000, 3896.758750, -0.000920, 0.633453, 0.000920, 0.028588, 0.028766, 0.507412, -0.036780, 0.000000, -0.000920, 0.633453, 0.500000, -0.000920, 0.633453
4.86, 3892.077773, 400.000000, 15000.000000, 400.000000, -0.007063, -24.438983, -3922.660000, 3898.221017, -0.007063, -0.007063, -0.007063, 0.006143, 3898.221017, 3892.077773, 6.143244, 0.006143, 0.006143, 0.006143, -24.438983, -24.438983, -0.007063, 6.143244, 0.006143, 1000.000000, -3922.660000, -0.007063, 400.000000, -0.007063, 3898.221017, 3898.221017, 3898.221017, 3898.221017, 0.006143, -0.000920, -0.007063, 3898.221017, -0.000958, 1.135400, 0.006143, 0.259472, 0.261511, -24.438983, -2.825098, 0.000000, -0.007063, 1.135400, 1.000000, -0.007063, 1.135400, 0.100000, 0.000000, 10.000000, 4288.128793, 0.000000, 0.000000, 4288.128793, 0.100000, 0.100000, 0.100000, 0.100000, 0.100000, 1.000000, 4289.578017, 0.000000, 0.100000, -6.283185, 0.000000, 4289.578017, 40.000000, 400.000000, 150000.000000, 40.000000, -0.000958, 0.553267, 3896.758750, -392.266000, 4289.578017, -0.000958, -0.000958, -0.000958, -0.000958, 0.000958, 4289.578017, 4289.578017, 0.000000, 0.000958, 0.000958, 0.000958, 3896.758750, 3896.758750, -0.000958, 0.000000, 0.000958, 0.000000, -392.266000, -0.000958, 40.000000, -0.000958, 4289.578017, 4289.578017, 4289.578017, 4289.578017, 0.000958, 0.000000, -0.000958, 4289.578017, 0.000000, 3898.221017, -0.000958, 0.633443, 0.000958, 0.028597, 0.028766, 0.553267, -0.038315, 0.000000, -0.000958, 0.633443, 0.500000, -0.000958, 0.633443
4.87, 3893.038528, 400.000000, 15000.000000, 400.000000, -0.007655, -22.924003, -3922.660000, 3899.735997, -0.007655, -0.007655, -0.007655, 0.006697, 3899.735997, 3893.038528, 6.697469, 0.006697, 0.006697, 0.006697, -22.924003, -22.924003, -0.007655, 6.697469, 0.006697, 1000.000000, -3922.660000, -0.007655, 400.000000, -0.007655, 3899.735997, 3899.735997, 3899.735997, 3899.735997, 0.006697, -0.000958, -0.007655, 3899.735997, -0.000992, 1.135327, 0.006697, 0.259536, 0.261511, -22.924003, -3.062140, 0.000000, -0.007655, 1.135327, 1.000000, -0.007655, 1.135327, 0.100000, 0.000000, 10.000000, 4289.578017, 0.000000, 0.000000, 4289.578017, 0.100000, 0.100000, 0.100000, 0.100000, 0.100000, 1.000000, 4291.083304, 0.000000, 0.100000, -6.283185, 0.000000, 4291.083304, 40.000000, 400.000000, 150000.000000, 40.000000, -0.000992, 0.596287, 3898.221017, -392.266000, 4291.083304, -0.000992, -0.000992, -0.000992, -0.000992, 0.000992, 4291.083304, 4291.083304, 0.000000, 0.000992, 0.000992, 0.000992, 3898.221017, 3898.221017, -0.000992, 0.000000, 0.000992, 0.000000, -392.266000, -0.000992, 40.000000, -0.000992, 4291.083304, 4291.083304, 4291.083304, 4291.083304, 0.000992, 0.000000, -0.000992, 4291.083304, 0.000000, 3899.735997, -0.000992, 0.633433, 0.000992, 0.028607, 0.028766, 0.596287, -0.039686, 0.000000, -0.000992, 0.633433, 0.500000, -0.000992, 0.633433
4.88, 3894.080148, 400.000000, 15000.000000, 400.000000, -0.008209, -21.362563, -3922.660000, 3901.297437, -0.008209, -0.008209, -0.008209, 0.007217, 3901.297437, 3894.080148, 7.217289, 0.007217, 0.007217, 0.007217, -21.362563, -21.362563, -0.008209, 7.217289, 0.007217, 1000.000000, -3922.660000, -0.008209, 400.000000, -0.008209, 3901.297437, 3901.297437, 3901.297437, 3901.297437, 0.007217, -0.000992, -0.008209, 3901.297437, -0.001022, 1.135247, 0.007217, 0.259605, 0.261511, -21.362563, -3.283774, 0.000000, -0.008209, 1.135247, 1.000000, -0.008209, 1.135247, 0.100000, 0.000000, 10.000000, 4291.083304, 0.000000, 0.000000, 4291.083304, 0.100000, 0.100000, 0.100000, 0.100000, 0.100000, 1.000000, 4292.638288, 0.000000, 0.100000, -6.283185, 0.000000, 4292.638288, 40.000000, 400.000000, 150000.000000, 40.000000, -0.001022, 0.636291, 3899.735997, -392.266000, 4292.638288, -0.001022, -0.001022, -0.001022, -0.001022, 0.001022, 4292.638288, 4292.638288, 0.000000, 0.001022, 0.001022, 0.001022, 3899.735997, 3899.735997, -0.001022, 0.000000, 0.001022, 0.000000, -392.266000, -0.001022, 40.000000, -0.001022, 4292.638288, 4292.638288, 4292.638288, 4292.638288, 0.001022, 0.000000, -0.001022, 4292.638288, 0.000000, 3901.297437, -0.001022, 0.633423, 0.001022, 0.028618, 0.028766, 0.636291, -0.040891, 0.000000, -0.001022, 0.633423, 0.500000, -0.001022, 0.633423
4.89, 3895.197392, 400.000000, 15000.000000, 400.000000, -0.008724, -19.760970, -3922.660000, 3902.899030, -0.008724, -0.008724, -0.008724, 0.007702, 3902.899030, 3895.197392, 7.701638, 0.007702, 0.007702, 0.007702, -19.760970, -19.760970, -0.008724, 7.701638, 0.007702, 1000.000000, -3922.660000, -0.008724, 400.000000, -0.008724, 3902.899030, 3902.899030, 3902.899030, 3902.899030, 0.007702, -0.001022, -0.008724, 3902.899030, -0.001048, 1.135163, 0.007702, 0.259680, 0.261511, -19.760970, -3.489567, 0.000000, -0.008724, 1.135163, 1.000000, -0.008724, 1.135163, 0.100000, 0.000000, 10.000000, 4292.638288, 0.000000, 0.000000, 4292.638288, 0.100000, 0.100000, 0.100000, 0.100000, 0.100000, 1.000000, 4294.236601, 0.000000, 0.100000, -6.283185, 0.000000, 4294.236601, 40.000000, 400.000000, 150000.000000, 40.000000, -0.001048, 0.673164, 3901.297437, -392.266000, 4294.236601, -0.001048, -0.001048, -0.001048, -0.001048, 0.001048, 4294.236601, 4294.236601, 0.000000, 0.001048, 0.001048, 0.001048, 3901.297437, 3901.297437, -0.001048, 0.000000, 0.001048, 0.000000, -392.266000, -0.001048, 40.000000, -0.001048, 4294.236601, 4294.236601, 4294.236601, 4294.236601, 0.001048, 0.000000, -0.001048, 4294.236601, 0.000000, 3902.899030, -0.001048, 0.633412, 0.001048, 0.028628, 0.028766, 0.673164, -0.041932, 0.000000, -0.001048, 0.633412, 0.500000, -0.001048, 0.633412
4.9, 3896.384866, 400.000000, 15000.000000, 400.000000, -0.009198, -18.125554, -3922.660000, 3904.534446, -0.009198, -0.009198, -0.009198, 0.008150, 3904.534446, 3896.384866, 8.149580, 0.008150, 0.008150, 0.008150, -18.125554, -18.125554, -0.009198, 8.149580, 0.008150, 1000.000000, -3922.660000, -0.009198, 400.000000, -0.009198, 3904.534446, 3904.534446, 3904.534446, 3904.534446, 0.008150, -0.001048, -0.009198, 3904.534446, -0.001070, 1.135073, 0.008150, 0.259759, 0.261511, -18.125554, -3.679150, 0.000000, -0.009198, 1.135073, 1.000000, -0.009198, 1.135073, 0.100000, 0.000000, 10.000000, 4294.236601, 0.000000, 0.000000, 4294.236601, 0.100000, 0.100000, 0.100000, 0.100000, 0.100000, 1.000000, 4295.871903, 0.000000, 0.100000, -6.283185, 0.000000, 4295.871903, 40.000000, 400.000000, 150000.000000, 40.000000, -0.001070, 0.706873, 3902.899030, -392.266000, 4295.871903, -0.001070, -0.001070, -0.001070, -0.001070, 0.001070, 4295.871903, 4295.871903, 0.000000, 0.001070, 0.001070, 0.001070, 3902.899030, 3902.899030, -0.001070, 0.000000, 0.001070, 0.000000, -392.266000, -0.001070, 40.000000, -0.001070, 4295.871903, 4295.871903, 4295.871903, 4295.871903, 0.001070, 0.000000, -0.001070, 4295.871903, 0.000000, 3904.534446, -0.001070, 0.633401, 0.001070, 0.028639, 0.028766, 0.706873, -0.042809, 0.000000, -0.001070, 0.633401, 0.500000, -0.001070, 0.633401
4.91, 3897.637045, 400.000000, 15000.000000, 400.000000, -0.009631, -16.462631, -3922.660000, 3906.197369, -0.009631, -0.009631, -0.009631, 0.008560, 3906.197369, 3897.637045, 8.560324, 0.008560, 0.008560, 0.008560, -16.462631, -16.462631, -0.009631, 8.560324, 0.008560, 1000.000000, -3922.660000, -0.009631, 400.000000, -0.009631, 3906.197369, 3906.197369, 3906.197369, 3906.197369, 0.008560, -0.001070, -0.009631, 3906.197369, -0.001088, 1.134979, 0.008560, 0.259842, 0.261511, -16.462631, -3.852215, 0.000000, -0.009631, 1.134979, 1.000000, -0.009631, 1.134979, 0.100000, 0.000000, 10.000000, 4295.871903, 0.000000, 0.000000, 4295.871903, 0.100000, 0.100000, 0.100000, 0.100000, 0.100000, 1.000000, 4297.537891, 0.000000, 0.100000, -6.283185, 0.000000, 4297.537891, 40.000000, 400.000000, 150000.000000, 40.000000, -0.001088, 0.737445, 3904.534446, -392.266000, 4297.537891, -0.001088, -0.001088, -0.001088, -0.001088, 0.001088, 4297.537891, 4297.537891, 0.000000, 0.001088, 0.001088, 0.001088, 3904.534446, 3904.534446, -0.001088, 0.000000, 0.001088, 0.000000, -392.266000, -0.001088, 40.000000, -0.001088, 4297.537891, 4297.537891, 4297.537891, 4297.537891, 0.001088, 0.000000, -0.001088, 4297.537891, 0.000000, 3906.197369, -0.001088, 0.633390, 0.001088, 0.028650, 0.028766, 0.737445, -0.043523, 0.000000, -0.001088, 0.633390, 0.500000, -0.001088, 0.633390
4.92, 3898.948300, 400.000000, 15000.000000, 400.000000, -0.010021, -14.778462, -3922.660000, 3907.881538, -0.010021, -0.010021, -0.010021, 0.008933, 3907.881538, 3898.948300, 8.933238, 0.008933, 0.008933, 0.008933, -14.778462, -14.778462, -0.010021, 8.933238, 0.008933, 1000.000000, -3922.660000, -0.010021, 400.000000, -0.010021, 3907.881538, 3907.881538, 3907.881538, 3907.881538, 0.008933, -0.001088, -0.010021, 3907.881538, -0.001102, 1.134880, 0.008933, 0.259930, 0.261511, -14.778462, -4.008520, 0.000000, -0.010021, 1.134880, 1.000000, -0.010021, 1.134880, 0.100000, 0.000000, 10.000000, 4297.537891, 0.000000, 0.000000, 4297.537891, 0.100000, 0.100000, 0.100000, 0.100000, 0.100000, 1.000000, 4299.228291, 0.000000, 0.100000, -6.283185, 0.000000, 4299.228291, 40.000000, 400.000000, 150000.000000, 40.000000, -0.001102, 0.764922, 3906.197369, -392.266000, 4299.228291, -0.001102, -0.001102, -0.001102, -0.001102, 0.001102, 4299.228291, 4299.228291, 0.000000, 0.001102, 0.001102, 0.001102, 3906.197369, 3906.197369, -0.001102, 0.000000, 0.001102, 0.000000, -392.266000, -0.001102, 40.000000, -0.001102, 4299.228291, 4299.228291, 4299.228291, 4299.228291, 0.001102, 0.000000, -0.001102, 4299.228291, 0.000000, 3907.881538, -0.001102, 0.633379, 0.001102, 0.028662, 0.028766, 0.764922, -0.044074, 0.000000, -0.001102, 0.633379, 0.500000, -0.001102, 0.633379
4.93, 3900.312916, 400.000000, 15000.000000, 400.000000, -0.010370, -13.079231, -3922.660000, 3909.580769, -0.010370, -0.010370, -0.010370, 0.009268, 3909.580769, 3900.312916, 9.267853, 0.009268, 0.009268, 0.009268, -13.079231, -13.079231, -0.010370, 9.267853, 0.009268, 1000.000000, -3922.660000, -0.010370, 400.000000, -0.010370, 3909.580769, 3909.580769, 3909.580769, 3909.580769, 0.009268, -0.001102, -0.010370, 3909.580769, -0.001112, 1.134778, 0.009268, 0.260021, 0.261511, -13.079231, -4.147883, 0.000000, -0.010370, 1.134778, 1.000000, -0.010370, 1.134778, 0.100000, 0.000000, 10.000000, 4299.228291, 0.000000, 0.000000, 4299.228291, 0.100000, 0.100000, 0.100000, 0.100000, 0.100000, 1.000000, 4300.936854, 0.000000, 0.100000, -6.283185, 0.000000, 4300.936854, 40.000000, 400.000000, 150000.000000, 40.000000, -0.001112, 0.789316, 3907.881538, -392.266000, 4300.936854, -0.001112, -0.001112, -0.001112, -0.001112, 0.001112, 4300.936854, 4300.936854, 0.000000, 0.001112, 0.001112, 0.001112, 3907.881538, 3907.881538, -0.001112, 0.000000, 0.001112, 0.000000, -392.266000, -0.001112, 40.000000, -0.001112, 4300.936854, 4300.936854, 4300.936854, 4300.936854, 0.001112, 0.000000, -0.001112, 4300.936854, 0.000000, 3909.580769, -0.001112, 0.633367, 0.001112, 0.028673, 0.028766, 0.789316, -0.044464, 0.000000, -0.001112, 0.633367, 0.500000, -0.001112, 0.633367
4.94, 3901.725124, 400.000000, 15000.000000, 400.000000, -0.010675, -11.371022, -3922.660000, 3911.288978, -0.010675, -0.010675, -0.010675, 0.009564, 3911.288978, 3901.725124, 9.563854, 0.009564, 0.009564, 0.009564, -11.371022, -11.371022, -0.010675, 9.563854, 0.009564, 1000.000000, -3922.660000, -0.010675, 400.000000, -0.010675, 3911.288978, 3911.288978, 3911.288978, 3911.288978, 0.009564, -0.001112, -0.010675, 3911.288978, -0.001117, 1.134673, 0.009564, 0.260115, 0.261511, -11.371022, -4.270184, 0.000000, -0.010675, 1.134673, 1.000000, -0.010675, 1.134673, 0.100000, 0.000000, 10.000000, 4300.936854, 0.000000, 0.000000, 4300.936854, 0.100000, 0.100000, 0.100000, 0.100000, 0.100000, 1.000000, 4302.657362, 0.000000, 0.100000, -6.283185, 0.000000, 4302.657362, 40.000000, 400.000000, 150000.000000, 40.000000, -0.001117, 0.810593, 3909.580769, -392.266000, 4302.657362, -0.001117, -0.001117, -0.001117, -0.001117, 0.001117, 4302.657362, 4302.657362, 0.000000, 0.001117, 0.001117, 0.001117, 3909.580769, 3909.580769, -0.001117, 0.000000, 0.001117, 0.000000, -392.266000, -0.001117, 40.000000, -0.001117, 4302.657362, 4302.657362, 4302.657362, 4302.657362, 0.001117, 0.000000, -0.001117, 4302.657362, 0.000000, 3911.288978, -0.001117, 0.633356, 0.001117, 0.028684, 0.028766, 0.810593, -0.044694, 0.000000, -0.001117, 0.633356, 0.500000, -0.001117, 0.633356
4.95, 3903.179113, 400.000000, 15000.000000, 400.000000, -0.010938, -9.659824, -3922.660000, 3913.000176, -0.010938, -0.010938, -0.010938, 0.009821, 3913.000176, 3903.179113, 9.821063, 0.009821, 0.009821, 0.009821, -9.659824, -9.659824, -0.010938, 9.821063, 0.009821, 1000.000000, -3922.660000, -0.010938, 400.000000, -0.010938, 3913.000176, 3913.000176, 3913.000176, 3913.000176, 0.009821, -0.001117, -0.010938, 3913.000176, -0.001119, 1.134565, 0.009821, 0.260212, 0.261511, -9.659824, -4.375363, 0.000000, -0.010938, 1.134565, 1.000000, -0.010938, 1.134565, 0.100000, 0.000000, 10.000000, 4302.657362, 0.000000, 0.000000, 4302.657362, 0.100000, 0.100000, 0.100000, 0.100000, 0.100000, 1.000000, 4304.383662, 0.000000, 0.100000, -6.283185, 0.000000, 4304.383662, 40.000000, 400.000000, 150000.000000, 40.000000, -0.001119, 0.828684, 3911.288978, -392.266000, 4304.383662, -0.001119, -0.001119, -0.001119, -0.001119, 0.001119, 4304.383662, 4304.383662, 0.000000, 0.001119, 0.001119, 0.001119, 3911.288978, 3911.288978, -0.001119, 0.000000, 0.001119, 0.000000, -392.266000, -0.001119, 40.000000, -0.001119, 4304.383662, 4304.383662, 4304.383662, 4304.383662, 0.001119, 0.000000, -0.001119, 4304.383662, 0.000000, 3913.000176, -0.001119, 0.633344, 0.001119, 0.028696, 0.028766, 0.828684, -0.044765, 0.000000, -0.001119, 0.633344, 0.500000, -0.001119, 0.633344
4.96, 3904.669055, 400.000000, 15000.000000, 400.000000, -0.011159, -7.951518, -3922.660000, 3914.708482, -0.011159, -0.011159, -0.011159, 0.010039, 3914.708482, 3904.669055, 10.039427, 0.010039, 0.010039, 0.010039, -7.951518, -7.951518, -0.011159, 10.039427, 0.010039, 1000.000000, -3922.660000, -0.011159, 400.000000, -0.011159, 3914.708482, 3914.708482, 3914.708482, 3914.708482, 0.010039, -0.001119, -0.011159, 3914.708482, -0.001117, 1.134455, 0.010039, 0.260311, 0.261511, -7.951518, -4.463420, 0.000000, -0.011159, 1.134455, 1.000000, -0.011159, 1.134455, 0.100000, 0.000000, 10.000000, 4304.383662, 0.000000, 0.000000, 4304.383662, 0.100000, 0.100000, 0.100000, 0.100000, 0.100000, 1.000000, 4306.109704, 0.000000, 0.100000, -6.283185, 0.000000, 4306.109704, 40.000000, 400.000000, 150000.000000, 40.000000, -0.001117, 0.843528, 3913.000176, -392.266000, 4306.109704, -0.001117, -0.001117, -0.001117, -0.001117, 0.001117, 4306.109704, 4306.109704, 0.000000, 0.001117, 0.001117, 0.001117, 3913.000176, 3913.000176, -0.001117, 0.000000, 0.001117, 0.000000, -392.266000, -0.001117, 40.000000, -0.001117, 4306.109704, 4306.109704, 4306.109704, 4306.109704, 0.001117, 0.000000, -0.001117, 4306.109704, 0.000000, 3914.708482, -0.001117, 0.633333, 0.001117, 0.028707, 0.028766, 0.843528, -0.044681, 0.000000, -0.001117, 0.633333, 0.500000, -0.001117, 0.633333
4.97, 3906.189121, 400.000000, 15000.000000, 400.000000, -0.011336, -6.251869, -3922.660000, 3916.408131, -0.011336, -0.011336, -0.011336, 0.010219, 3916.408131, 3906.189121, 10.219010, 0.010219, 0.010219, 0.010219, -6.251869, -6.251869, -0.011336, 10.219010, 0.010219, 1000.000000, -3922.660000, -0.011336, 400.000000, -0.011336, 3916.408131, 3916.408131, 3916.408131, 3916.408131, 0.010219, -0.001117, -0.011336, 3916.408131, -0.001111, 1.134342, 0.010219, 0.260413, 0.261511, -6.251869, -4.534414, 0.000000, -0.011336, 1.134342, 1.000000, -0.011336, 1.134342, 0.100000, 0.000000, 10.000000, 4306.109704, 0.000000, 0.000000, 4306.109704, 0.100000, 0.100000, 0.100000, 0.100000, 0.100000, 1.000000, 4307.829586, 0.000000, 0.100000, -6.283185, 0.000000, 4307.829586, 40.000000, 400.000000, 150000.000000, 40.000000, -0.001111, 0.855104, 3914.708482, -392.266000, 4307.829586, -0.001111, -0.001111, -0.001111, -0.001111, 0.001111, 4307.829586, 4307.829586, 0.000000, 0.001111, 0.001111, 0.001111, 3914.708482, 3914.708482, -0.001111, 0.000000, 0.001111, 0.000000, -392.266000, -0.001111, 40.000000, -0.001111, 4307.829586, 4307.829586, 4307.829586, 4307.829586, 0.001111, 0.000000, -0.001111, 4307.829586, 0.000000, 3916.408131, -0.001111, 0.633321, 0.001111, 0.028719, 0.028766, 0.855104, -0.044446, 0.000000, -0.001111, 0.633321, 0.500000, -0.001111, 0.633321
4.98, 3907.733497, 400.000000, 15000.000000, 400.000000, -0.011471, -4.566511, -3922.660000, 3918.093489, -0.011471, -0.011471, -0.011471, 0.010360, 3918.093489, 3907.733497, 10.359993, 0.010360, 0.010360, 0.010360, -4.566511, -4.566511, -0.011471, 10.359993, 0.010360, 1000.000000, -3922.660000, -0.011471, 400.000000, -0.011471, 3918.093489, 3918.093489, 3918.093489, 3918.093489, 0.010360, -0.001111, -0.011471, 3918.093489, -0.001102, 1.134228, 0.010360, 0.260516, 0.261511, -4.566511, -4.588459, 0.000000, -0.011471, 1.134228, 1.000000, -0.011471, 1.134228, 0.100000, 0.000000, 10.000000, 4307.829586, 0.000000, 0.000000, 4307.829586, 0.100000, 0.100000, 0.100000, 0.100000, 0.100000, 1.000000, 4309.537578, 0.000000, 0.100000, -6.283185, 0.000000, 4309.537578, 40.000000, 400.000000, 150000.000000, 40.000000, -0.001102, 0.863447, 3916.408131, -392.266000, 4309.537578, -0.001102, -0.001102, -0.001102, -0.001102, 0.001102, 4309.537578, 4309.537578, 0.000000, 0.001102, 0.001102, 0.001102, 3916.408131, 3916.408131, -0.001102, 0.000000, 0.001102, 0.000000, -392.266000, -0.001102, 40.000000, -0.001102, 4309.537578, 4309.537578, 4309.537578, 4309.537578, 0.001102, 0.000000, -0.001102, 4309.537578, 0.000000, 3918.093489, -0.001102, 0.633310, 0.001102, 0.028730, 0.028766, 0.863447, -0.044065, 0.000000, -0.001102, 0.633310, 0.500000, -0.001102, 0.633310
4.99, 3909.296406, 400.000000, 15000.000000, 400.000000, -0.011564, -2.900909, -3922.660000, 3919.759091, -0.011564, -0.011564, -0.011564, 0.010463, 3919.759091, 3909.296406, 10.462685, 0.010463, 0.010463, 0.010463, -2.900909, -2.900909, -0.011564, 10.462685, 0.010463, 1000.000000, -3922.660000, -0.011564, 400.000000, -0.011564, 3919.759091, 3919.759091, 3919.759091, 3919.759091, 0.010463, -0.001102, -0.011564, 3919.759091, -0.001089, 1.134113, 0.010463, 0.260620, 0.261511, -2.900909, -4.625728, 0.000000, -0.011564, 1.134113, 1.000000, -0.011564, 1.134113, 0.100000, 0.000000, 10.000000, 4309.537578, 0.000000, 0.000000, 4309.537578, 0.100000, 0.100000, 0.100000, 0.100000, 0.100000, 1.000000, 4311.228135, 0.000000, 0.100000, -6.283185, 0.000000, 4311.228135, 40.000000, 400.000000, 150000.000000, 40.000000, -0.001089, 0.868645, 3918.093489, -392.266000, 4311.228135, -0.001089, -0.001089, -0.001089, -0.001089, 0.001089, 4311.228135, 4311.228135, 0.000000, 0.001089, 0.001089, 0.001089, 3918.093489, 3918.093489, -0.001089, 0.000000, 0.001089, 0.000000, -392.266000, -0.001089, 40.000000, -0.001089, 4311.228135, 4311.228135, 4311.228135, 4311.228135, 0.001089, 0.000000, -0.001089, 4311.228135, 0.000000, 3919.759091, -0.001089, 0.633299, 0.001089, 0.028742, 0.028766, 0.868645, -0.043543, 0.000000, -0.001089, 0.633299, 0.500000, -0.001089, 0.633299
5, 3910.872127, 400.000000, 15000.000000, 400.000000, -0.011616, -1.260345, -3922.660000, 3921.399655, -0.011616, -0.011616, -0.011616, 0.010528, 3921.399655, 3910.872127, 10.527529, 0.010528, 0.010528, 0.010528, -1.260345, -1.260345, -0.011616, 10.527529, 0.010528, 1000.000000, -3922.660000, -0.011616, 400.000000, -0.011616, 3921.399655, 3921.399655, 3921.399655, 3921.399655, 0.010528, -0.001089, -0.011616, 3921.399655, -0.001072, 1.133997, 0.010528, 0.260725, 0.261511, -1.260345, -4.646443, 0.000000, -0.011616, 1.133997, 1.000000, -0.011616, 1.133997, 0.100000, 0.000000, 10.000000, 4311.228135, 0.000000, 0.000000, 4311.228135, 0.100000, 0.100000, 0.100000, 0.100000, 0.100000, 1.000000, 4312.895893, 0.000000, 0.100000, -6.283185, 0.000000, 4312.895893, 40.000000, 400.000000, 150000.000000, 40.000000, -0.001072, 0.870802, 3919.759091, -392.266000, 4312.895893, -0.001072, -0.001072, -0.001072, -0.001072, 0.001072, 4312.895893, 4312.895893, 0.000000, 0.001072, 0.001072, 0.001072, 3919.759091, 3919.759091, -0.001072, 0.000000, 0.001072, 0.000000, -392.266000, -0.001072, 40.000000, -0.001072, 4312.895893, 4312.895893, 4312.895893, 4312.895893, 0.001072, 0.000000, -0.001072, 4312.895893, 0.000000, 3921.399655, -0.001072, 0.633287, 0.001072, 0.028753, 0.028766, 0.870802, -0.042884, 0.000000, -0.001072, 0.633287, 0.500000, -0.001072, 0.633287
